gene_symbol,focused_pathways,GSE142025_advanced_vs_control_effect_size_log_expression,GSE142025_advanced_vs_control_p_value,GSE142025_advanced_vs_control_fdr_bh,GSE142025_early_vs_control_effect_size_log_expression,GSE142025_early_vs_control_p_value,GSE142025_early_vs_control_fdr_bh,GSE142025_advanced_vs_early_effect_size_log_expression,GSE142025_advanced_vs_early_p_value,GSE142025_advanced_vs_early_fdr_bh,GSE142025_ordinal_trend_stage_slope_log_expression,GSE142025_ordinal_trend_p_value,GSE142025_ordinal_trend_fdr_bh,GSE96804_DKD_vs_control_effect_size_log_expression,GSE96804_DKD_vs_control_p_value,GSE96804_DKD_vs_control_fdr_bh,GSE166239_T2DN_vs_control_effect_size_log_expression,GSE166239_T2DN_vs_control_p_value,GSE166239_T2DN_vs_control_fdr_bh,GSE166239_T2DN_vs_HTN_effect_size_log_expression,GSE166239_T2DN_vs_HTN_p_value,GSE166239_T2DN_vs_HTN_fdr_bh,GSE166239_n_albuminuria,GSE166239_n_eGFR,GSE166239_n_proteinuria,GSE166239_spearman_rho_albuminuria,GSE166239_spearman_rho_eGFR,GSE166239_spearman_rho_proteinuria,GSE166239_p_value_albuminuria,GSE166239_p_value_eGFR,GSE166239_p_value_proteinuria,GSE166239_fdr_bh_within_trait_albuminuria,GSE166239_fdr_bh_within_trait_eGFR,GSE166239_fdr_bh_within_trait_proteinuria,validation_direction_consistent,prioritization_status,interpretation_note
C1S,COMPLEMENT_ACTIVATION,2.110712698412698,1.5134875451508906e-12,2.1671880406939795e-09,0.1515555555555554,0.2603940923451528,0.4383181513290322,1.9591571428571424,8.20912336709813e-12,4.8338223208897046e-08,1.124879487179488,1.1372682231684032e-10,5.494738603643983e-08,0.3980642195121913,5.282111765401272e-05,0.0003090431609457,1.1082300000000007,0.0002614334509549,0.0163768170138933,0.170886666666667,0.4829314987107189,0.7494445511953816,0.0,6.0,6.0,,-0.08571428571428573,0.3714285714285715,,0.8717434402332361,0.46847813411078715,,0.9443887269193391,0.7427092370049064,True,prioritized_primary_trend_and_directional_glomerular_consistency,Association-based prioritization only; no causal interpretation. GSE166239 clinical correlations are exploratory within n=6 T2DN samples.
VEGFA,HYPOXIA,-1.1819047619047591,1.921826487497433e-10,2.7518953778890333e-08,-0.4251333333333331,0.0001205713648329,0.0077207839232979,-0.756771428571426,1.6585821939605948e-06,3.097633196232136e-05,-0.6037076923076906,4.248316556508112e-09,3.221321480817302e-07,-0.4988434146341465,0.0006696944147818,0.0026326563884013,-0.2049366666666676,0.5279826020246999,0.6445936243468782,0.1767616666666658,0.5860156472355105,0.8052855416926188,0.0,6.0,6.0,,-0.2,0.3714285714285715,,0.704,0.46847813411078715,,0.9443887269193391,0.7427092370049064,True,prioritized_primary_trend_and_directional_glomerular_consistency,Association-based prioritization only; no causal interpretation. GSE166239 clinical correlations are exploratory within n=6 T2DN samples.
CFD,COMPLEMENT_ACTIVATION,2.377517142857143,2.545491118527277e-10,3.1020690701882414e-08,1.3966283333333331,0.0258245748787631,0.1045534311168564,0.98088880952381,0.0848580819125897,0.1514768773638095,1.1727685897435915,1.7018919579256031e-09,2.0308062161830305e-07,0.0645722439024396,0.2818136048022694,0.3961367768517638,1.771122583333333,0.0915290133247836,0.2169408052256292,-0.1964866666666669,0.7013760167216077,0.8618975534682988,0.0,6.0,6.0,,-0.4285714285714286,-0.4285714285714286,,0.3965014577259474,0.3965014577259474,,0.9443887269193391,0.6965566149239617,True,prioritized_primary_trend_and_directional_glomerular_consistency,Association-based prioritization only; no causal interpretation. GSE166239 clinical correlations are exploratory within n=6 T2DN samples.
ITGAM,COMPLEMENT_ACTIVATION;LEUKOCYTE_ADHESION,1.3939604761904754,4.729311285304118e-10,4.369019129859176e-08,-0.1180383333333345,0.2794858549377405,0.4577140841148666,1.51199880952381,3.370899923598556e-10,1.44805433467985e-07,0.7596739743589753,7.16798154122771e-08,1.8466440660864785e-06,0.1378974878048779,0.1752125342493231,0.2722118491782018,1.5909050000000011,5.808842667824573e-05,0.0091268283438482,0.1887566666666682,0.4045538362826424,0.7077978338738316,0.0,6.0,6.0,,0.08571428571428573,0.5428571428571429,,0.8717434402332361,0.26570262390670557,,0.9443887269193391,0.5079608986451724,True,prioritized_primary_trend_and_directional_glomerular_consistency,Association-based prioritization only; no causal interpretation. GSE166239 clinical correlations are exploratory within n=6 T2DN samples.
LAMC1,ECM_REMODELING,0.6314222222222199,1.5030319855007863e-09,8.695824446754212e-08,0.0320722222222205,0.5137768666018709,0.6713081836270919,0.5993499999999994,1.5645182899691755e-08,1.0972701133281772e-06,0.3375294871794889,8.23921754655074e-08,2.0224925014625917e-06,0.6324238414634156,6.279012076398844e-07,7.542484023158017e-06,0.3544166666666672,0.0429873561449636,0.1517717772026164,0.1731216666666668,0.2983784173346965,0.6568445770115875,0.0,6.0,6.0,,0.2571428571428572,-0.2571428571428572,,0.6227871720116618,0.6227871720116618,,0.9443887269193391,0.8896959600166597,True,prioritized_primary_trend_and_directional_glomerular_consistency,Association-based prioritization only; no causal interpretation. GSE166239 clinical correlations are exploratory within n=6 T2DN samples.
TIMP1,ECM_REMODELING,2.2196136507936526,1.540550192110967e-09,8.853268879947408e-08,0.1825755555555552,0.4016276605612829,0.5729487830157347,2.0370380952380973,1.1618180851764824e-08,9.257101886944462e-07,1.1811323076923097,4.772469151268007e-09,3.417185903323238e-07,0.2827409390243875,0.0212043419751385,0.0482467569797464,1.9212799999999997,0.0006871558442582,0.0260021930072072,0.479916666666667,0.2093589054452507,0.6298437969046328,0.0,6.0,6.0,,0.2571428571428572,0.7714285714285715,,0.6227871720116618,0.07239650145772594,,0.9443887269193391,0.27681015263248154,True,prioritized_primary_trend_and_directional_glomerular_consistency,Association-based prioritization only; no causal interpretation. GSE166239 clinical correlations are exploratory within n=6 T2DN samples.
C1QA,COMPLEMENT_ACTIVATION,1.9279320634920616,1.5612075766329801e-09,8.882857546120695e-08,0.2402177777777794,0.3443416759803741,0.5206809513627938,1.6877142857142822,2.186652537357993e-05,0.0002137272499967,1.019638974358976,5.867981100217599e-09,3.8780584325015e-07,0.4267460609756099,0.0002356733402109,0.0010907909314983,1.1463616666666656,1.738306047037932e-06,0.0025497380361,0.3036949999999985,0.2145155594034958,0.6298758466961197,0.0,6.0,6.0,,-0.028571428571428574,0.2,,0.9571545189504373,0.704,,0.9571545189504373,0.9244444444444444,True,prioritized_primary_trend_and_directional_glomerular_consistency,Association-based prioritization only; no causal interpretation. GSE166239 clinical correlations are exploratory within n=6 T2DN samples.
CCR2,MACROPHAGE_RECRUITMENT,2.7199339682539687,3.7308424719721114e-09,1.516502878677304e-07,0.3149844444444447,0.2409713727796394,0.4170219658044661,2.404949523809524,2.3860967660153553e-09,3.765915918690762e-07,1.4403502564102575,7.019805815336671e-10,1.230890072999362e-07,0.463953390243903,0.0010245681064495,0.0037749969049979,1.7082466666666662,0.0007287010039364,0.0265324257226743,-0.3529816666666665,0.3262942733128212,0.6701422649653781,0.0,6.0,6.0,,-0.08571428571428573,0.08571428571428573,,0.8717434402332361,0.8717434402332361,,0.9443887269193391,0.9289069445108253,True,prioritized_primary_trend_and_directional_glomerular_consistency,Association-based prioritization only; no causal interpretation. GSE166239 clinical correlations are exploratory within n=6 T2DN samples.
PECAM1,ENDOTHELIAL_ACTIVATION;LEUKOCYTE_ADHESION,0.6949984126984159,4.330059883502526e-09,1.649743214594765e-07,-0.023411111111109,0.7978241452491097,0.8785371410519748,0.7184095238095249,4.164758835812275e-06,6.238264774215902e-05,0.3760307692307708,1.8405289999445013e-08,7.770469239814831e-07,0.5666079268292705,0.0001911063347284,0.0009129111267629,1.2094449999999997,0.0099592097602,0.0804247916668665,0.7147350000000001,0.0877958196859139,0.6286540708540912,0.0,6.0,6.0,,0.3714285714285715,0.6,,0.46847813411078715,0.20799999999999982,,0.9443887269193391,0.45066666666666627,True,prioritized_primary_trend_and_directional_glomerular_consistency,Association-based prioritization only; no causal interpretation. GSE166239 clinical correlations are exploratory within n=6 T2DN samples.
ITGAL,LEUKOCYTE_ADHESION,1.8897322222222213,4.80268248453612e-09,1.755840279399663e-07,-0.1862027777777761,0.2909340966956114,0.4688287145757001,2.0759349999999976,2.0438597051329508e-08,1.3055628741003531e-06,1.0318714102564124,4.806266956683661e-07,6.6403677607731e-06,0.1163962195121968,0.2911604072478661,0.4062774368623987,2.0146700000000006,8.099328049024415e-05,0.0104531952632721,0.1317016666666663,0.6764823326208358,0.8486116565160272,0.0,6.0,6.0,,0.08571428571428573,0.5428571428571429,,0.8717434402332361,0.26570262390670557,,0.9443887269193391,0.5079608986451724,True,prioritized_primary_trend_and_directional_glomerular_consistency,Association-based prioritization only; no causal interpretation. GSE166239 clinical correlations are exploratory within n=6 T2DN samples.
FLT1,ENDOTHELIAL_ACTIVATION,-1.0446809523809524,5.6330409340425764e-09,1.920486951778841e-07,-0.6214499999999976,0.0065344553516642,0.0497275942795235,-0.4232309523809547,0.0403207454623168,0.0842245768634804,-0.5147166666666647,1.2972421420413037e-07,2.731680358663691e-06,-0.6896863414634176,0.0001439416689039,0.0007204728056957,-0.7092083333333337,0.0131759734825585,0.0912084829754213,-0.1922500000000013,0.4440422455825322,0.7260073136404822,0.0,6.0,6.0,,-0.7714285714285715,-0.8857142857142858,,0.07239650145772594,0.01884548104956266,,0.9443887269193391,0.27681015263248154,True,prioritized_primary_trend_and_directional_glomerular_consistency,Association-based prioritization only; no causal interpretation. GSE166239 clinical correlations are exploratory within n=6 T2DN samples.
MMP7,ECM_REMODELING,2.5926546031746014,7.522657406532567e-09,2.371776554430259e-07,-0.655726111111111,0.0587840724424895,0.1690621625289226,3.2483807142857124,4.962522110950988e-08,2.449542472501229e-06,1.4464852564102586,2.8873770358528776e-07,4.74553519247486e-06,2.2947783414634166,2.884265895475969e-05,0.0001844478662419,1.9121300000000008,0.0013859745155957,0.034645484356113,0.7474949999999998,0.0939948192299427,0.6286540708540912,0.0,6.0,6.0,,0.2571428571428572,-0.2571428571428572,,0.6227871720116618,0.6227871720116618,,0.9443887269193391,0.8896959600166597,True,prioritized_primary_trend_and_directional_glomerular_consistency,Association-based prioritization only; no causal interpretation. GSE166239 clinical correlations are exploratory within n=6 T2DN samples.
CCR5,MACROPHAGE_RECRUITMENT,1.985889365079368,9.882546673417996e-09,2.8161160777668564e-07,-0.1530827777777759,0.5727533534843761,0.7195344951409072,2.138972142857144,3.065856817010989e-06,4.918825180830983e-05,1.0811006410256423,9.20236422669235e-08,2.1780196213120474e-06,0.1752981463414631,0.0239506187077314,0.0533627900463137,1.5588258333333336,0.0002009450741452,0.0144197807486962,-0.5415449999999993,0.158884616290664,0.6286540708540912,0.0,6.0,6.0,,-0.028571428571428574,-0.3714285714285715,,0.9571545189504373,0.46847813411078715,,0.9571545189504373,0.7427092370049064,True,prioritized_primary_trend_and_directional_glomerular_consistency,Association-based prioritization only; no causal interpretation. GSE166239 clinical correlations are exploratory within n=6 T2DN samples.
CSF1R,MACROPHAGE_RECRUITMENT,1.4601444444444436,1.0433590689744125e-08,2.910395922433009e-07,-0.0261888888888872,0.8538277838048121,0.9142720015652824,1.4863333333333308,2.322088326177311e-09,3.765915918690762e-07,0.7882461538461558,9.477235363560618e-08,2.2066034587000285e-06,0.5005394390243909,0.0004815197434283,0.0019915699427584,1.4712533333333324,4.173963619111053e-05,0.0079616774188192,0.4083699999999988,0.0772893377964308,0.6286540708540912,0.0,6.0,6.0,,0.5428571428571429,0.8857142857142858,,0.26570262390670557,0.01884548104956266,,0.9443887269193391,0.27681015263248154,True,prioritized_primary_trend_and_directional_glomerular_consistency,Association-based prioritization only; no causal interpretation. GSE166239 clinical correlations are exploratory within n=6 T2DN samples.
LUM,FIBROSIS,1.6849095238095266,1.8811859154457882e-08,4.470873801535958e-07,0.0126666666666697,0.9565218328095064,0.9751586582301784,1.672242857142857,1.7206962874183734e-05,0.0001770462533335,0.9062846153846172,2.137340959067681e-09,2.3383294392462946e-07,3.033962268292683,1.913044390395605e-09,6.536427653528428e-08,1.047418333333335,0.0043335722502187,0.0574929564980015,0.2641000000000009,0.3789824627756119,0.6953218801654745,0.0,6.0,6.0,,0.08571428571428573,0.08571428571428573,,0.8717434402332361,0.8717434402332361,,0.9443887269193391,0.9289069445108253,True,prioritized_primary_trend_and_directional_glomerular_consistency,Association-based prioritization only; no causal interpretation. GSE166239 clinical correlations are exploratory within n=6 T2DN samples.
F11,COAGULATION_CASCADE,-1.4153158730158708,3.2286580391479274e-08,6.473515879425769e-07,0.0378388888888885,0.8338601069945986,0.9031707730683494,-1.4531547619047591,2.397764770743192e-06,4.1159632423257e-05,-0.7650038461538441,9.750015135292491e-07,1.124392685031751e-05,-0.6660634024390255,2.391773656588824e-05,0.0001580471175529,-1.4617600000000015,0.0088972302954863,0.0769195358380711,-0.5128100000000009,0.3648655974641969,0.6890991457554986,0.0,6.0,6.0,,-0.2571428571428572,-0.7714285714285715,,0.6227871720116618,0.07239650145772594,,0.9443887269193391,0.27681015263248154,True,prioritized_primary_trend_and_directional_glomerular_consistency,Association-based prioritization only; no causal interpretation. GSE166239 clinical correlations are exploratory within n=6 T2DN samples.
COL1A1,FIBROSIS,2.480869841269844,3.5674025373080695e-08,6.973683481065364e-07,0.282155555555553,0.2845102160592814,0.4625545503403002,2.1987142857142903,5.143304157003804e-08,2.4895040937970804e-06,1.3141487179487197,9.28256591963109e-08,2.1850911875755237e-06,0.8202243292682931,6.761791235983112e-09,1.75596964370496e-07,1.586295000000001,0.0010297396114225,0.030564447809267,0.6163666666666661,0.0885638038841753,0.6286540708540912,0.0,6.0,6.0,,0.2571428571428572,0.7714285714285715,,0.6227871720116618,0.07239650145772594,,0.9443887269193391,0.27681015263248154,True,prioritized_primary_trend_and_directional_glomerular_consistency,Association-based prioritization only; no causal interpretation. GSE166239 clinical correlations are exploratory within n=6 T2DN samples.
COL1A2,FIBROSIS,1.8352396825396813,4.1132084543075956e-08,7.632832388305643e-07,0.3529444444444447,0.086329313581096,0.2172519911048583,1.4822952380952366,1.1309022130994846e-08,9.2136639782425e-07,0.9610564102564124,1.256571197694906e-09,1.741263136289643e-07,1.5684545487804895,5.814996717482099e-09,1.5639644560371894e-07,0.9511350000000008,0.0025192280324126,0.0457952973399666,0.404068333333333,0.1170626865678296,0.6286540708540912,0.0,6.0,6.0,,0.2571428571428572,0.7714285714285715,,0.6227871720116618,0.07239650145772594,,0.9443887269193391,0.27681015263248154,True,prioritized_primary_trend_and_directional_glomerular_consistency,Association-based prioritization only; no causal interpretation. GSE166239 clinical correlations are exploratory within n=6 T2DN samples.
F3,COAGULATION_CASCADE,-1.5384711111111145,5.8553643431072767e-08,9.902827313741372e-07,-0.5399311111111107,0.0079687289246751,0.0553462688410237,-0.9985400000000038,3.109593094264436e-05,0.0002769939768727,-0.7868743589743568,1.117302256892889e-07,2.451929077929822e-06,-0.7411217073170722,5.59966978920305e-05,0.0003249331220163,-0.6740450000000004,0.1578253598894768,0.2938300844430343,-0.3283849999999999,0.5776131148914372,0.8012648091920012,0.0,6.0,6.0,,0.48571428571428577,0.4285714285714286,,0.3287230320699709,0.3965014577259474,,0.9443887269193391,0.6965566149239617,True,prioritized_primary_trend_and_directional_glomerular_consistency,Association-based prioritization only; no causal interpretation. GSE166239 clinical correlations are exploratory within n=6 T2DN samples.
ADAMTS2,ECM_REMODELING,1.522271428571429,1.1305373144695945e-07,1.6033577572432407e-06,0.4312066666666663,0.0825230450394294,0.2114514588297817,1.0910647619047626,0.0003769146086377,0.0019697456570018,0.7865148717948727,8.47006216357753e-08,2.049874340235953e-06,0.2172568292682921,3.4500909066274715e-06,3.1403463266401115e-05,0.8759766666666664,0.0007361011767895,0.0266219570972457,0.0987866666666672,0.3916000078669972,0.7014967352080216,0.0,6.0,6.0,,0.028571428571428574,-0.08571428571428573,,0.9571545189504373,0.8717434402332361,,0.9571545189504373,0.9289069445108253,True,prioritized_primary_trend_and_directional_glomerular_consistency,Association-based prioritization only; no causal interpretation. GSE166239 clinical correlations are exploratory within n=6 T2DN samples.
CFH,COMPLEMENT_ACTIVATION,0.981965079365084,1.1309256833956865e-07,1.6033577572432407e-06,-0.1973777777777776,0.1193815389400628,0.266749981968716,1.1793428571428617,4.128564546378973e-08,2.189540882729318e-06,0.5439333333333363,2.93506652302907e-06,2.5407177866603782e-05,1.143047463414634,0.0001518837120997,0.0007532246621322,0.0632633333333343,0.7418581674608202,0.8177498447910885,-0.3850466666666667,0.1020294766033929,0.6286540708540912,0.0,6.0,6.0,,-0.6571428571428573,-0.2,,0.15617492711370237,0.704,,0.9443887269193391,0.9244444444444444,True,prioritized_primary_trend_and_directional_glomerular_consistency,Association-based prioritization only; no causal interpretation. GSE166239 clinical correlations are exploratory within n=6 T2DN samples.
MMP14,ECM_REMODELING,0.7373190476190512,1.2993920450888157e-07,1.774411778522175e-06,-0.3199499999999986,0.0069928262448412,0.0516363271874118,1.0572690476190498,2.0047420274234817e-08,1.2895379347854956e-06,0.42162948717949,9.537854195625317e-06,6.305846427219307e-05,0.7382563048780506,0.0001450959529784,0.0007257685449843,1.0472883333333334,0.0040245699108526,0.0554343731761564,0.5000866666666672,0.0898093863685405,0.6286540708540912,0.0,6.0,6.0,,0.5428571428571429,0.6571428571428573,,0.26570262390670557,0.15617492711370237,,0.9443887269193391,0.43197320265492145,True,prioritized_primary_trend_and_directional_glomerular_consistency,Association-based prioritization only; no causal interpretation. GSE166239 clinical correlations are exploratory within n=6 T2DN samples.
LOX,FIBROSIS,-0.6738923809523829,1.6504994429591045e-07,2.116538733925011e-06,-0.4989400000000028,0.0093560903208036,0.0598323644565588,-0.17495238095238,0.2687922695340705,0.3744655073296525,-0.3244851282051268,4.343212639698482e-06,3.447086502907114e-05,-1.7840439024390236,1.4932671227865244e-11,1.401502450220265e-09,-0.4799700000000007,0.1136457244521809,0.2425619000057369,-0.4150883333333333,0.2434203498903338,0.6335788110480253,0.0,6.0,6.0,,0.08571428571428573,-0.028571428571428574,,0.8717434402332361,0.9571545189504373,,0.9443887269193391,0.9571545189504373,True,prioritized_primary_trend_and_directional_glomerular_consistency,Association-based prioritization only; no causal interpretation. GSE166239 clinical correlations are exploratory within n=6 T2DN samples.
VWF,COAGULATION_CASCADE;ENDOTHELIAL_ACTIVATION,1.7406793650793642,1.7373674821729246e-07,2.196594066861426e-06,-0.2119444444444447,0.4363580333711805,0.6050141279284269,1.9526238095238089,6.650446250834525e-06,8.749970744876696e-05,0.9535923076923088,1.8182490400640453e-06,1.767136496347313e-05,0.4721988170731706,2.644312465424165e-07,3.686225625045746e-06,0.9839949999999992,0.0461267883293097,0.1562969351383432,0.1633799999999983,0.6089177793248868,0.8164276505093441,0.0,6.0,6.0,,-0.08571428571428573,-0.2571428571428572,,0.8717434402332361,0.6227871720116618,,0.9443887269193391,0.8896959600166597,True,prioritized_primary_trend_and_directional_glomerular_consistency,Association-based prioritization only; no causal interpretation. GSE166239 clinical correlations are exploratory within n=6 T2DN samples.
VSIG4,COMPLEMENT_ACTIVATION,1.5531914285714308,2.394215303790425e-07,2.8255358217740976e-06,-0.0634483333333317,0.7808540723715331,0.8681601763545813,1.6166397619047626,5.94831550526524e-06,8.060718085723393e-05,0.8412144871794891,2.228156243671138e-08,8.821753164746812e-07,1.2643568292682916,1.984410043330763e-06,1.966931234447789e-05,1.3969283333333342,0.0001213523611494,0.0121815859751101,-0.0397399999999992,0.8464211601652634,0.934774517834403,0.0,6.0,6.0,,-0.14285714285714288,-0.6,,0.7871720116618075,0.20799999999999982,,0.9443887269193391,0.45066666666666627,True,prioritized_primary_trend_and_directional_glomerular_consistency,Association-based prioritization only; no causal interpretation. GSE166239 clinical correlations are exploratory within n=6 T2DN samples.
ITGB2,COMPLEMENT_ACTIVATION;LEUKOCYTE_ADHESION,1.3546474603174588,3.229166604279233e-07,3.514044950052568e-06,-0.4063844444444466,0.020590961364086,0.0920193729828583,1.7610319047619054,5.9086328517022556e-09,6.415088791674243e-07,0.7606858974358981,1.042390942415404e-05,6.802659917783474e-05,0.1090421585365852,0.2169904189998269,0.3224986061736701,1.5833483333333325,1.6700054707690731e-06,0.0025497380361,0.3228766666666667,0.0462702260094268,0.6286540708540912,0.0,6.0,6.0,,0.48571428571428577,0.6,,0.3287230320699709,0.20799999999999982,,0.9443887269193391,0.45066666666666627,True,prioritized_primary_trend_and_directional_glomerular_consistency,Association-based prioritization only; no causal interpretation. GSE166239 clinical correlations are exploratory within n=6 T2DN samples.
C1QC,COMPLEMENT_ACTIVATION,1.806967301587301,4.711374838616462e-07,4.671411070510484e-06,0.0535244444444433,0.8355815004986449,0.9044849327434074,1.7534428571428575,2.0360789541254303e-06,3.636792585107824e-05,0.9688651282051302,4.5764422974095997e-08,1.3893464310316102e-06,1.566253219512192,0.0001812403490138,0.0008740885830156,1.5181583333333335,1.948956246787004e-05,0.006932613456127,0.506355000000001,0.069167416427217,0.6286540708540912,0.0,6.0,6.0,,0.2571428571428572,0.7714285714285715,,0.6227871720116618,0.07239650145772594,,0.9443887269193391,0.27681015263248154,True,prioritized_primary_trend_and_directional_glomerular_consistency,Association-based prioritization only; no causal interpretation. GSE166239 clinical correlations are exploratory within n=6 T2DN samples.
KDR,ENDOTHELIAL_ACTIVATION,-0.7350253968253995,8.395597879283226e-07,7.409427753452679e-06,-0.3945611111111109,0.0457879871702936,0.1456833757201583,-0.3404642857142885,0.077630078798415,0.1414396823235252,-0.3654320512820489,5.363620338753164e-06,4.058260162078186e-05,-1.1793350000000018,1.3620576373483186e-06,1.431616249961971e-05,-0.6414116666666665,0.0070477517562411,0.0705304606049331,-0.3136616666666656,0.1313138358909756,0.6286540708540912,0.0,6.0,6.0,,-0.942857142857143,-0.8285714285714287,,0.004804664723032055,0.04156268221574334,,0.6124781341107864,0.27681015263248154,True,prioritized_primary_trend_and_directional_glomerular_consistency,Association-based prioritization only; no causal interpretation. GSE166239 clinical correlations are exploratory within n=6 T2DN samples.
C3AR1,COMPLEMENT_ACTIVATION,1.078205714285712,9.827800834646677e-07,8.365024324713542e-06,-0.4334516666666674,0.0092537952837726,0.0594875311744281,1.5116573809523794,1.0003982963777154e-10,1.0286195876675509e-07,0.6139147435897451,1.3587119014185815e-06,1.428809461571327e-05,0.5925024999999984,0.0333993906726546,0.070524721585584,1.4751833333333333,0.0034172849789332,0.0516703497599166,0.1578049999999997,0.6736757552207314,0.8472542082075762,0.0,6.0,6.0,,0.2571428571428572,-0.028571428571428574,,0.6227871720116618,0.9571545189504373,,0.9443887269193391,0.9571545189504373,True,prioritized_primary_trend_and_directional_glomerular_consistency,Association-based prioritization only; no causal interpretation. GSE166239 clinical correlations are exploratory within n=6 T2DN samples.
FN1,ECM_REMODELING,1.4050063492063476,1.198882027019282e-06,9.695974174592483e-06,-0.0550388888888875,0.7671748117252555,0.8589538535137203,1.4600452380952351,8.05632482341815e-08,3.3846413066208822e-06,0.7607756410256421,1.893095008671932e-06,1.8243999738648235e-05,3.9115869390243914,1.844776360245064e-12,2.6748074674604546e-10,1.073878333333333,0.0010329898521745,0.0305980908057025,0.5099149999999995,0.0424104883948737,0.6286540708540912,0.0,6.0,6.0,,0.2571428571428572,0.7714285714285715,,0.6227871720116618,0.07239650145772594,,0.9443887269193391,0.27681015263248154,True,prioritized_primary_trend_and_directional_glomerular_consistency,Association-based prioritization only; no causal interpretation. GSE166239 clinical correlations are exploratory within n=6 T2DN samples.
MMP2,ECM_REMODELING,1.2568952380952378,1.7383598139910425e-06,1.2986031328339924e-05,0.5114666666666654,0.0084949439307286,0.0571082243981655,0.7454285714285724,1.0162046774996316e-05,0.0001197629970745,0.6374461538461553,9.681855807838654e-09,5.231551205851936e-07,1.429013499999999,9.245807340109714e-10,3.5748874568537035e-08,0.7068950000000003,0.0025944372548942,0.0464796749482333,0.2636116666666668,0.1481865577572769,0.6286540708540912,0.0,6.0,6.0,,0.2571428571428572,0.028571428571428574,,0.6227871720116618,0.9571545189504373,,0.9443887269193391,0.9571545189504373,True,prioritized_primary_trend_and_directional_glomerular_consistency,Association-based prioritization only; no causal interpretation. GSE166239 clinical correlations are exploratory within n=6 T2DN samples.
COL4A1,ECM_REMODELING,1.0296904761904742,2.153954051142524e-06,1.5453608543124e-05,-0.2740000000000009,0.0335309556230942,0.1209883151436601,1.303690476190475,2.2318268510674564e-08,1.3794777259673418e-06,0.5755256410256434,3.331103145738543e-05,0.0001704029334719,0.7121019390243912,7.884170747306514e-05,0.0004331602092138,0.8622516666666673,0.0031436887866485,0.0506306999553373,0.4945999999999984,0.0479287128962635,0.6286540708540912,0.0,6.0,6.0,,0.2571428571428572,0.7714285714285715,,0.6227871720116618,0.07239650145772594,,0.9443887269193391,0.27681015263248154,True,prioritized_primary_trend_and_directional_glomerular_consistency,Association-based prioritization only; no causal interpretation. GSE166239 clinical correlations are exploratory within n=6 T2DN samples.
PLG,COAGULATION_CASCADE,-1.548252380952384,2.379096592950726e-06,1.6733531214356253e-05,-0.0840499999999995,0.6023508854953898,0.7430782100897227,-1.4642023809523843,2.283628333860224e-05,0.0002210680882294,-0.8272089743589722,3.852368337622453e-05,0.0001924839928623,-1.249418731707317,2.8041086939239775e-05,0.0001799833556976,-1.965865,0.10469354567436,0.23240690880416,-0.6330366666666674,0.5864600335644234,0.8053418856054473,0.0,6.0,6.0,,-0.8857142857142858,-0.48571428571428577,,0.01884548104956266,0.3287230320699709,,0.6124781341107864,0.6193332488274814,True,prioritized_primary_trend_and_directional_glomerular_consistency,Association-based prioritization only; no causal interpretation. GSE166239 clinical correlations are exploratory within n=6 T2DN samples.
COL4A2,ECM_REMODELING,0.931736507936506,2.750993045981214e-06,1.8961216810708062e-05,-0.021677777777775,0.8398913737058871,0.9066745564692676,0.9534142857142812,2.2055949271571225e-06,3.855415832486352e-05,0.5033717948717971,3.369180845014014e-05,0.0001721458057088,0.5152114268292705,7.023607633676508e-06,5.667748165042061e-05,0.9769116666666644,0.0025948874218764,0.0464796749482333,0.649143333333333,0.0218762661083243,0.6286540708540912,0.0,6.0,6.0,,0.2571428571428572,0.7714285714285715,,0.6227871720116618,0.07239650145772594,,0.9443887269193391,0.27681015263248154,True,prioritized_primary_trend_and_directional_glomerular_consistency,Association-based prioritization only; no causal interpretation. GSE166239 clinical correlations are exploratory within n=6 T2DN samples.
C7,COMPLEMENT_ACTIVATION,1.2194698412698486,3.0216402407941915e-06,2.0554570173225095e-05,0.3428888888888881,0.091741746093766,0.2257480199239841,0.8765809523809605,0.0001004047885423,0.0006914851629351,0.6302615384615416,2.0431157880064507e-07,3.7150114905095055e-06,1.9749616829268284,1.5593480672216962e-05,0.0001106711450658,1.060828333333335,0.0126456521255475,0.0896511719916437,0.6738750000000007,0.097680280807107,0.6286540708540912,0.0,6.0,6.0,,0.14285714285714288,0.6,,0.7871720116618075,0.20799999999999982,,0.9443887269193391,0.45066666666666627,True,prioritized_primary_trend_and_directional_glomerular_consistency,Association-based prioritization only; no causal interpretation. GSE166239 clinical correlations are exploratory within n=6 T2DN samples.
C1QB,COMPLEMENT_ACTIVATION,1.7405238095238076,3.4097900033585526e-06,2.277124820354062e-05,0.0950933333333345,0.7342940446556067,0.8371338992063985,1.645430476190473,7.65528873694647e-06,9.643755598750088e-05,0.9298902564102584,1.6736021396028648e-07,3.249435657039099e-06,0.4324259634146346,0.0199721674778675,0.0458956066424755,1.5528499999999994,9.953520596021863e-07,0.0025497380361,0.5539883333333329,0.0333345964643731,0.6286540708540912,0.0,6.0,6.0,,0.028571428571428574,-0.028571428571428574,,0.9571545189504373,0.9571545189504373,,0.9571545189504373,0.9571545189504373,True,prioritized_primary_trend_and_directional_glomerular_consistency,Association-based prioritization only; no causal interpretation. GSE166239 clinical correlations are exploratory within n=6 T2DN samples.
FGF2,FIBROSIS,0.701214603174602,6.844983063947849e-06,4.004676335982836e-05,0.0984855555555537,0.626974378567074,0.7610413073550462,0.6027290476190483,0.0155235802432176,0.0391059491744918,0.3700012820512824,1.391756664462858e-05,8.477251494638978e-05,0.2980810243902425,2.247785818212686e-05,0.0001498457631068,-0.0029483333333337,0.9936244726073478,0.995489402192798,-0.3216266666666674,0.3906745024943949,0.7014533190180599,0.0,6.0,6.0,,-0.028571428571428574,-0.7142857142857143,,0.9571545189504373,0.1107871720116617,,0.9571545189504373,0.3512763990613664,True,prioritized_primary_trend_and_directional_glomerular_consistency,Association-based prioritization only; no causal interpretation. GSE166239 clinical correlations are exploratory within n=6 T2DN samples.
EMCN,ENDOTHELIAL_ACTIVATION,-0.812092063492063,9.806895505015328e-06,5.388931418697742e-05,-0.4938111111111105,0.0171734784623451,0.0830309173940566,-0.3182809523809524,0.0894459668734097,0.1578139489460724,-0.3992948717948695,1.194215813464135e-05,7.547653523170208e-05,-0.534860243902445,1.6320824632033156e-05,0.0001148244890674,-0.6073833333333329,0.0069401552408244,0.0700262403908383,-0.2173333333333333,0.3823186139790043,0.6963854323196016,0.0,6.0,6.0,,-0.2571428571428572,-0.7714285714285715,,0.6227871720116618,0.07239650145772594,,0.9443887269193391,0.27681015263248154,True,prioritized_primary_trend_and_directional_glomerular_consistency,Association-based prioritization only; no causal interpretation. GSE166239 clinical correlations are exploratory within n=6 T2DN samples.
F13A1,COAGULATION_CASCADE,1.0962555555555529,1.1487831561045747e-05,6.130292227125747e-05,-0.0705611111111128,0.8217824161590626,0.8952442310823034,1.1668166666666655,0.0051016518197706,0.0158812542099426,0.5957192307692324,6.354284839503745e-06,4.62651171174546e-05,0.1284263292682919,0.6293760739690826,0.7252461876359814,0.422951666666667,0.1182873945841403,0.2482357680740216,0.2265233333333354,0.2223499410137264,0.632514348350108,0.0,6.0,6.0,,-0.4285714285714286,-0.08571428571428573,,0.3965014577259474,0.8717434402332361,,0.9443887269193391,0.9289069445108253,True,prioritized_primary_trend_and_directional_glomerular_consistency,Association-based prioritization only; no causal interpretation. GSE166239 clinical correlations are exploratory within n=6 T2DN samples.
C3,COMPLEMENT_ACTIVATION,2.5177228571428607,2.27654143261226e-05,0.0001079707740452,-0.2721700000000009,0.483637665559254,0.6463171572021046,2.7898928571428616,7.383182981318042e-11,1.0286195876675509e-07,1.3766330769230788,1.697335860533368e-07,3.2733245893989743e-06,1.964272902439025,6.079416597962715e-06,5.038853940246195e-05,1.4651283333333325,0.0117392066911279,0.0871547163432229,0.0872799999999989,0.8550387741636241,0.9382803260661527,0.0,6.0,6.0,,-0.14285714285714288,-0.028571428571428574,,0.7871720116618075,0.9571545189504373,,0.9443887269193391,0.9571545189504373,True,prioritized_primary_trend_and_directional_glomerular_consistency,Association-based prioritization only; no causal interpretation. GSE166239 clinical correlations are exploratory within n=6 T2DN samples.
CX3CR1,MACROPHAGE_RECRUITMENT,1.0105758730158758,2.715058921031629e-05,0.0001248070022474,-0.2323922222222219,0.2132980614005963,0.3863694485606626,1.2429680952380977,2.922105996585128e-07,8.568352788280248e-06,0.5620325641025656,3.383180161462161e-06,2.835765108019723e-05,0.3199789756097582,0.0506898757310723,0.0997524185802266,0.7875683333333332,0.0024330522216104,0.0451533124590727,0.1895983333333326,0.5539921748716974,0.7889612697310725,0.0,6.0,6.0,,0.2571428571428572,-0.08571428571428573,,0.6227871720116618,0.8717434402332361,,0.9443887269193391,0.9289069445108253,True,prioritized_primary_trend_and_directional_glomerular_consistency,Association-based prioritization only; no causal interpretation. GSE166239 clinical correlations are exploratory within n=6 T2DN samples.
C5,COMPLEMENT_ACTIVATION,-0.4554511111111097,7.057864938064661e-05,0.000277644902085,-0.3795027777777768,0.0409066945234062,0.1365649372441596,-0.0759483333333328,0.6402180067489083,0.7262256410065019,-0.2160503846153824,0.0010033053759682,0.002877135559957,-0.126474402439026,0.1221699589478084,0.2046935038104058,-1.1256900000000003,0.0265028832690712,0.1217235380158478,-0.7299666666666678,0.1228959221394781,0.6286540708540912,0.0,6.0,6.0,,-0.3142857142857143,-0.5428571428571429,,0.5440932944606414,0.26570262390670557,,0.9443887269193391,0.5079608986451724,True,prioritized_primary_trend_and_directional_glomerular_consistency,Association-based prioritization only; no causal interpretation. GSE166239 clinical correlations are exploratory within n=6 T2DN samples.
CR1,COMPLEMENT_ACTIVATION,-0.5342890476190458,7.256268118203836e-05,0.000284343113056,-0.4285250000000005,0.0293940701590213,0.1122895303562614,-0.1057640476190453,0.5464400557302558,0.6451033650026097,-0.2547306410256403,0.0010958949395365,0.0030986938861373,-1.544674634146341,1.674827436976417e-07,2.517137660928211e-06,-0.7518316666666669,0.0931570823875771,0.2188690965575626,-0.3715450000000002,0.4858820598830833,0.7513291801037623,0.0,6.0,6.0,,0.08571428571428573,0.4285714285714286,,0.8717434402332361,0.3965014577259474,,0.9443887269193391,0.6965566149239617,True,prioritized_primary_trend_and_directional_glomerular_consistency,Association-based prioritization only; no causal interpretation. GSE166239 clinical correlations are exploratory within n=6 T2DN samples.
BNIP3,HYPOXIA,-0.473546031746034,9.09398566401624e-05,0.0003444169179298,0.0694111111111102,0.2029009374914213,0.3750253944473149,-0.5429571428571442,1.8471824469905585e-05,0.0001879226523779,-0.2603256410256391,0.0007725863599219,0.002301551910981,-0.7761152560975599,3.7883313647139825e-09,1.1110511576183297e-07,-0.570151666666666,0.0140766289827088,0.0933366150929173,-0.0456283333333322,0.8020485098554151,0.9127390340072448,0.0,6.0,6.0,,-0.48571428571428577,-0.8285714285714287,,0.3287230320699709,0.04156268221574334,,0.9443887269193391,0.27681015263248154,True,prioritized_primary_trend_and_directional_glomerular_consistency,Association-based prioritization only; no causal interpretation. GSE166239 clinical correlations are exploratory within n=6 T2DN samples.
ADAMTS5,ECM_REMODELING,0.6690539682539693,0.0001267276716964,0.0004589743623951,0.250594444444447,0.0881224274348713,0.2200563392840277,0.4184595238095223,0.0014922000441166,0.0059339211659468,0.3409833333333352,1.1942896439395274e-06,1.312954507473634e-05,1.0467926097561016,7.44547574927532e-06,5.940360351776313e-05,0.1796316666666673,0.380677167533748,0.5173644656544121,0.0148216666666654,0.9440431579045304,0.978849712897926,0.0,6.0,6.0,,0.2571428571428572,0.7142857142857143,,0.6227871720116618,0.1107871720116617,,0.9443887269193391,0.3512763990613664,True,prioritized_primary_trend_and_directional_glomerular_consistency,Association-based prioritization only; no causal interpretation. GSE166239 clinical correlations are exploratory within n=6 T2DN samples.
SPARC,FIBROSIS,0.4893507936507912,0.0001458957842058,0.0005149809490569,-0.3247444444444429,0.006901537219409,0.0513150644920409,0.8140952380952342,2.664896389153567e-07,8.052540036994077e-06,0.2884769230769255,0.0003991531326425,0.0013202402845422,0.0334743902439083,0.6307531680978988,0.7265375942797463,0.830096666666666,0.0417432573431382,0.1495412106307466,0.713305000000001,0.0748966430978322,0.6286540708540912,0.0,6.0,6.0,,0.2571428571428572,0.7714285714285715,,0.6227871720116618,0.07239650145772594,,0.9443887269193391,0.27681015263248154,True,prioritized_primary_trend_and_directional_glomerular_consistency,Association-based prioritization only; no causal interpretation. GSE166239 clinical correlations are exploratory within n=6 T2DN samples.
CSF1,MACROPHAGE_RECRUITMENT,0.605265238095237,0.0002037072916194,0.0006853821160543,-0.0482999999999993,0.7759613837418785,0.864398344041277,0.6535652380952364,0.0034312217713664,0.011558259889706,0.3296274358974376,0.000792940247388,0.0023548379313635,0.2488911707317092,0.0004981459183963,0.0020508850615591,1.2165983333333328,0.0005513667989722,0.0236498726384112,0.5206949999999999,0.0543952069303293,0.6286540708540912,0.0,6.0,6.0,,0.6,0.942857142857143,,0.20799999999999982,0.004804664723032055,,0.9443887269193391,0.20820213799805573,True,prioritized_primary_trend_and_directional_glomerular_consistency,Association-based prioritization only; no causal interpretation. GSE166239 clinical correlations are exploratory within n=6 T2DN samples.
SERPINC1,COAGULATION_CASCADE,-1.353373968253968,0.0003588423070661,0.0011040263853746,-0.1679644444444443,0.7369488878604167,0.8386727252423642,-1.1854095238095237,0.0363907069811799,0.0774943014075617,-0.7158194871794865,0.000306525723143,0.0010574245133038,-0.2580822195121968,0.0194323178769504,0.0448411162828588,-1.9089974666666665,0.079827988564163,0.2028324089813633,-1.0722124666666668,0.2702943307175031,0.6452901472445677,0.0,6.0,6.0,,-0.6,-0.3714285714285715,,0.20799999999999982,0.46847813411078715,,0.9443887269193391,0.7427092370049064,True,prioritized_primary_trend_and_directional_glomerular_consistency,Association-based prioritization only; no causal interpretation. GSE166239 clinical correlations are exploratory within n=6 T2DN samples.
TGFB1,TGF_BETA_SIGNALING,0.6565365079365044,0.0004354233350226,0.0013005178455926,-0.2082777777777806,0.2042653516475554,0.3764766209760748,0.8648142857142851,2.974481667986421e-05,0.0002671746915891,0.369541025641027,0.000402764425492,0.001329881076716,0.2640784999999992,0.0420599748464011,0.0855150176225391,1.044271666666667,2.081469009796796e-05,0.006932613456127,0.347434999999999,0.0435841327208947,0.6286540708540912,0.0,6.0,6.0,,0.5428571428571429,0.6571428571428573,,0.26570262390670557,0.15617492711370237,,0.9443887269193391,0.43197320265492145,True,prioritized_primary_trend_and_directional_glomerular_consistency,Association-based prioritization only; no causal interpretation. GSE166239 clinical correlations are exploratory within n=6 T2DN samples.
LOXL2,FIBROSIS,0.7121525396825383,0.0004731992062402,0.0013961164081089,-0.165595555555555,0.29548560169965,0.4725024072064236,0.8777480952380934,1.4684308142193154e-06,2.8350614248011797e-05,0.3962048717948735,0.00017650006632,0.0006649184281593,0.1957321707317074,1.1277768408244122e-06,1.2305443493780694e-05,0.7160799999999989,0.0023111559723536,0.0442486881859237,0.1724333333333323,0.3522523778795282,0.6839231863329189,0.0,6.0,6.0,,0.6,0.08571428571428573,,0.20799999999999982,0.8717434402332361,,0.9443887269193391,0.9289069445108253,True,prioritized_primary_trend_and_directional_glomerular_consistency,Association-based prioritization only; no causal interpretation. GSE166239 clinical correlations are exploratory within n=6 T2DN samples.
VCAM1,ENDOTHELIAL_ACTIVATION;LEUKOCYTE_ADHESION,0.6075920634920653,0.0005199765558114,0.0015135959950038,-0.613305555555554,0.0004254528044109,0.013767524554036,1.2208976190476193,1.1129628984831543e-10,1.0286195876675509e-07,0.3743423076923097,0.0007156447192124,0.0021550864371237,0.8612474390243925,0.0054203534113246,0.0154470169851017,0.8331483333333338,0.0002704409082517,0.0164410759258717,0.3222399999999989,0.1140697583114117,0.6286540708540912,0.0,6.0,6.0,,-0.3142857142857143,0.3142857142857143,,0.5440932944606414,0.5440932944606414,,0.9443887269193391,0.8420491461890878,True,prioritized_primary_trend_and_directional_glomerular_consistency,Association-based prioritization only; no causal interpretation. GSE166239 clinical correlations are exploratory within n=6 T2DN samples.
EDN1,ENDOTHELIAL_ACTIVATION,0.6143500000000017,0.0009450779182705,0.0025334280607867,-0.4077383333333317,0.0249222094940658,0.102621213931592,1.0220883333333337,3.5721565442071552e-06,5.5389570561871466e-05,0.3621683333333352,0.0004792559892342,0.0015369644761127,0.5722381219512194,2.695216055191235e-06,2.556104484376124e-05,0.7959983333333334,0.000765504089445,0.0272030561516765,0.6691966666666667,0.0031847933903853,0.6286540708540912,0.0,6.0,6.0,,0.3142857142857143,-0.2571428571428572,,0.5440932944606414,0.6227871720116618,,0.9443887269193391,0.8896959600166597,True,prioritized_primary_trend_and_directional_glomerular_consistency,Association-based prioritization only; no causal interpretation. GSE166239 clinical correlations are exploratory within n=6 T2DN samples.
PDK1,HYPOXIA,0.5725866666666661,0.0009867408137561,0.0026283006359901,-0.3026750000000007,0.0101430234794457,0.0626257895965923,0.8752616666666668,5.909638716214008e-06,8.014626839834672e-05,0.331598589743591,0.003824033241805,0.0090171768693489,0.1410835853658554,0.005212834095605,0.0149441184294666,0.0361599999999997,0.7887895539098482,0.8524824674218209,-0.2992349999999995,0.3613326750862651,0.6886043267464683,0.0,6.0,6.0,,0.5428571428571429,-0.028571428571428574,,0.26570262390670557,0.9571545189504373,,0.9443887269193391,0.9571545189504373,True,prioritized_primary_trend_and_directional_glomerular_consistency,Association-based prioritization only; no causal interpretation. GSE166239 clinical correlations are exploratory within n=6 T2DN samples.
F5,COAGULATION_CASCADE,-0.6648861904761887,0.0012084241858358,0.0031318782481473,-0.4508299999999998,0.0232206097808338,0.0985300448825,-0.2140561904761888,0.1316415034363878,0.213981265116588,-0.3233364102564087,9.15212283908866e-05,0.0003878197946832,-0.4011867195121912,0.0478676977588438,0.0950921707015008,-0.6657099999999989,0.1174137834214729,0.2474076150666751,-0.2304399999999988,0.6669541310793325,0.8436120320107524,0.0,6.0,6.0,,-0.4285714285714286,0.08571428571428573,,0.3965014577259474,0.8717434402332361,,0.9443887269193391,0.9289069445108253,True,prioritized_primary_trend_and_directional_glomerular_consistency,Association-based prioritization only; no causal interpretation. GSE166239 clinical correlations are exploratory within n=6 T2DN samples.
LDHA,HYPOXIA,0.3947095238095208,0.0014078721254108,0.0035680629396657,-0.1595999999999993,0.1982510115869478,0.3694402416238727,0.5543095238095201,0.0003322792330321,0.0017786772776295,0.2248128205128231,0.0014574684471237,0.0039376855859949,0.2195915487804889,0.0006730159751242,0.0026433318877121,0.0540399999999987,0.7200732306443529,0.7999891283501745,0.0859749999999985,0.6506496511362707,0.8362637926285543,0.0,6.0,6.0,,-0.14285714285714288,-0.2571428571428572,,0.7871720116618075,0.6227871720116618,,0.9443887269193391,0.8896959600166597,True,prioritized_primary_trend_and_directional_glomerular_consistency,Association-based prioritization only; no causal interpretation. GSE166239 clinical correlations are exploratory within n=6 T2DN samples.
F8,COAGULATION_CASCADE,-0.3513460317460328,0.0016778220110896,0.0041565766459851,-0.2182888888888907,0.085230240945661,0.2156421325833234,-0.1330571428571421,0.2342435450454713,0.3358650562847408,-0.1723948717948701,0.001041684303412,0.0029644354729262,-0.0885099268292712,0.6359505287183201,0.7301809649279026,-0.3884699999999998,0.1673100320913529,0.3043627628845339,-0.295045,0.2759647766955307,0.6467368934769229,0.0,6.0,6.0,,-0.6571428571428573,-1.0,,0.15617492711370237,0.0,,0.9443887269193391,0.0,True,prioritized_primary_trend_and_directional_glomerular_consistency,Association-based prioritization only; no causal interpretation. GSE166239 clinical correlations are exploratory within n=6 T2DN samples.
PLAT,COAGULATION_CASCADE,-0.5150619047619056,0.0018220864856708,0.0044644106777816,-0.3663166666666679,0.0175191951520565,0.0838852856679793,-0.1487452380952376,0.2480287725771208,0.3515635038362791,-0.2491628205128191,0.0020074837902222,0.0051817025638258,-0.5186780487804885,0.0023284056664313,0.0075876974166563,0.3867083333333339,0.1115893836927888,0.2402479209531223,0.2510900000000005,0.2162961718151769,0.6301924800052027,0.0,6.0,6.0,,0.4285714285714286,-0.14285714285714288,,0.3965014577259474,0.7871720116618075,,0.9443887269193391,0.9289069445108253,True,prioritized_primary_trend_and_directional_glomerular_consistency,Association-based prioritization only; no causal interpretation. GSE166239 clinical correlations are exploratory within n=6 T2DN samples.
CXCL1,MACROPHAGE_RECRUITMENT,1.3262525396825389,0.0036892521068709,0.0082570290739599,-1.5153005555555552,0.0009618627561889,0.0196992702498141,2.841553095238094,8.383389734510494e-10,2.2508091532514666e-07,0.8306975641025653,0.0027448168281504,0.0067735440985365,0.0449644512195126,0.7980671498115581,0.8571860421476629,2.9310205000000003,0.0079227085751428,0.0738956990529239,0.8187099999999998,0.286602499411637,0.6500610589981505,0.0,6.0,6.0,,-0.4285714285714286,0.14285714285714288,,0.3965014577259474,0.7871720116618075,,0.9443887269193391,0.9289069445108253,True,prioritized_primary_trend_and_directional_glomerular_consistency,Association-based prioritization only; no causal interpretation. GSE166239 clinical correlations are exploratory within n=6 T2DN samples.
CTGF,FIBROSIS;TGF_BETA_SIGNALING,-0.671090476190475,0.005751950027137,0.0121137096845563,-0.6609833333333341,0.0102232756265692,0.0630078763491617,-0.0101071428571408,0.9577663541393068,0.9709893954319256,-0.3105115384615367,0.0059392567573161,0.0131699895290959,-0.4111379268292712,0.0155667595272192,0.0373466836811806,,,,,,,,,,,,,,,,,,,True,prioritized_primary_trend_and_directional_glomerular_consistency,Association-based prioritization only; no causal interpretation. GSE166239 clinical correlations are exploratory within n=6 T2DN samples.
C6,COMPLEMENT_ACTIVATION,1.011917301587303,0.0066790834501494,0.0137907583422155,0.1024061111111125,0.7663780941825676,0.8583974181825865,0.9095111904761906,0.0029264065862073,0.010201753777805,0.5370011538461551,0.0003373085082122,0.0011481719684253,0.0355994878048777,0.4409726630930647,0.559274707290259,0.6978150000000003,0.0252029064310787,0.1192046131374584,0.0088433333333339,0.978679368855926,0.9912977560656162,0.0,6.0,6.0,,-0.48571428571428577,-0.5428571428571429,,0.3287230320699709,0.26570262390670557,,0.9443887269193391,0.5079608986451724,True,prioritized_primary_trend_and_directional_glomerular_consistency,Association-based prioritization only; no causal interpretation. GSE166239 clinical correlations are exploratory within n=6 T2DN samples.
ACTA2,FIBROSIS,0.5296793650793656,0.0077384558250367,0.0156386839973202,-0.0410111111111124,0.8219058688582126,0.8952589930903374,0.5706904761904781,0.0008494813499489,0.0037817993041203,0.2883666666666682,0.0007463180765355,0.0022321990442314,0.8158646219512189,2.518080321625721e-05,0.0001647754935823,0.7055116666666663,0.040535312953448,0.1474799770304784,0.5586783333333347,0.0951862913758597,0.6286540708540912,0.0,6.0,6.0,,0.028571428571428574,0.7142857142857143,,0.9571545189504373,0.1107871720116617,,0.9571545189504373,0.3512763990613664,True,prioritized_primary_trend_and_directional_glomerular_consistency,Association-based prioritization only; no causal interpretation. GSE166239 clinical correlations are exploratory within n=6 T2DN samples.
COL3A1,FIBROSIS,2.3042539682539704,1.28949050433283e-10,2.128602004999367e-08,0.2984444444444474,0.1243738153483514,0.2736032862796982,2.005809523809523,4.4272232783485675e-10,1.7691390137642666e-07,1.2177948717948737,2.878063048651353e-10,8.073649325866961e-08,,,,1.271188333333333,0.0016579714967151,0.038101713807659,0.535878333333331,0.0986006686056299,0.6286540708540912,0.0,6.0,6.0,,0.2571428571428572,0.7714285714285715,,0.6227871720116618,0.07239650145772594,,0.9443887269193391,0.27681015263248154,False,primary_association_requires_directional_validation,Association-based prioritization only; no causal interpretation. GSE166239 clinical correlations are exploratory within n=6 T2DN samples.
C1R,COMPLEMENT_ACTIVATION,1.8381126984126968,3.50582909483865e-10,3.717314549499016e-08,0.2563222222222219,0.0937255522055265,0.2286972683254135,1.5817904761904753,8.110657042850674e-11,1.0286195876675509e-07,0.9700358974358994,2.6280149235944743e-10,7.785720764159285e-08,-0.0885343536585363,0.4434464729004245,0.5617965593443879,1.429398333333333,1.189889276521858e-05,0.0057174875410691,0.3726000000000002,0.1015485342508244,0.6286540708540912,0.0,6.0,6.0,,0.7714285714285715,0.6571428571428573,,0.07239650145772594,0.15617492711370237,,0.9443887269193391,0.43197320265492145,False,primary_association_requires_directional_validation,Association-based prioritization only; no causal interpretation. GSE166239 clinical correlations are exploratory within n=6 T2DN samples.
ACKR1,ENDOTHELIAL_ACTIVATION,3.1900001587301583,2.231067760450372e-09,1.087534655696118e-07,-0.1077088888888884,0.8263496175285124,0.8978857643855084,3.2977090476190467,0.0001063559690569,0.0007231953368839,1.7259776923076928,3.7215203039770462e-09,3.0482688999054765e-07,,,,3.827136016666667,0.0011728008387874,0.0326016079320635,0.9341408333333336,0.1851929472557482,0.6286540708540912,0.0,6.0,6.0,,0.7714285714285715,0.6571428571428573,,0.07239650145772594,0.15617492711370237,,0.9443887269193391,0.43197320265492145,False,primary_association_requires_directional_validation,Association-based prioritization only; no causal interpretation. GSE166239 clinical correlations are exploratory within n=6 T2DN samples.
DCN,FIBROSIS,0.9945523809523866,1.2658705452148936e-08,3.390701769861761e-07,0.2239166666666676,0.0281596722779026,0.1096956809683068,0.770635714285719,1.4525484364488112e-07,5.042250461313116e-06,0.5183038461538482,3.4714270110374755e-08,1.1695986339344495e-06,-0.5339970731707346,2.065161060329487e-07,2.9924329291218875e-06,0.6951783333333328,0.0141718384571196,0.093583337093497,0.3463316666666651,0.2783926185062964,0.6476600266267404,0.0,6.0,6.0,,-0.08571428571428573,0.3714285714285715,,0.8717434402332361,0.46847813411078715,,0.9443887269193391,0.7427092370049064,False,primary_association_requires_directional_validation,Association-based prioritization only; no causal interpretation. GSE166239 clinical correlations are exploratory within n=6 T2DN samples.
SELL,LEUKOCYTE_ADHESION,1.9189315873015875,1.445060203722268e-07,1.923351625140181e-06,-0.7483505555555556,0.0018011000192974,0.026610749468262,2.667282142857143,6.541540848567925e-10,2.089428787445044e-07,1.0908362820512834,1.2194335780866654e-05,7.672474248357074e-05,-1.088595402439026,3.767160622151075e-05,0.0002314843958501,0.7088531666666666,0.5405190323380633,0.6554700178227102,-1.133975,0.3276848496585293,0.6711319689778953,0.0,6.0,6.0,,0.08571428571428573,-0.3142857142857143,,0.8717434402332361,0.5440932944606414,,0.9443887269193391,0.8420491461890878,False,primary_association_requires_directional_validation,Association-based prioritization only; no causal interpretation. GSE166239 clinical correlations are exploratory within n=6 T2DN samples.
CFP,COMPLEMENT_ACTIVATION,1.6016323809523785,1.4499204834753724e-07,1.9253464967200404e-06,0.1379666666666663,0.4927756073510124,0.6529428794812189,1.463665714285712,5.60263750105145e-06,7.683170006429933e-05,0.8518046153846162,1.9283771060046347e-06,1.851134291199868e-05,-0.1159280000000002,0.0655085677504725,0.1229964550467286,1.5279173333333336,0.0068182986187061,0.0695921664536997,0.4848733333333332,0.2623227526939746,0.6407616980373609,0.0,6.0,6.0,,-0.2,0.4285714285714286,,0.704,0.3965014577259474,,0.9443887269193391,0.6965566149239617,False,primary_association_requires_directional_validation,Association-based prioritization only; no causal interpretation. GSE166239 clinical correlations are exploratory within n=6 T2DN samples.
F7,COAGULATION_CASCADE,-1.264169365079364,1.5391919856629644e-07,2.015658477055587e-06,0.0562511111111101,0.7350365652355391,0.8375419960505482,-1.320420476190474,2.0846307742060746e-06,3.697154234860728e-05,-0.6850335897435882,2.9731891319394754e-06,2.560817486421855e-05,0.0176730853658537,0.5510818131224354,0.6583700169553883,-1.1386613333333333,0.2046459366704759,0.3445899019722043,-0.4104948166666666,0.6818836249720834,0.85132387277349,0.0,6.0,6.0,,-0.3142857142857143,-0.08571428571428573,,0.5440932944606414,0.8717434402332361,,0.9443887269193391,0.9289069445108253,False,primary_association_requires_directional_validation,Association-based prioritization only; no causal interpretation. GSE166239 clinical correlations are exploratory within n=6 T2DN samples.
CCL5,MACROPHAGE_RECRUITMENT,1.6818199999999992,1.612172943299747e-07,2.081289833562701e-06,-0.4005900000000002,0.2534117132906852,0.4303165796495546,2.0824099999999994,0.000139334259941,0.0008990539198523,0.9364100000000012,5.2949775896735335e-06,4.020486077037575e-05,-0.2338669756097591,0.271252089767447,0.3843785877991407,1.9489699999999992,7.089792957597373e-05,0.009854130500199,0.5995533333333327,0.0681108925053887,0.6286540708540912,0.0,6.0,6.0,,-0.48571428571428577,0.08571428571428573,,0.3287230320699709,0.8717434402332361,,0.9443887269193391,0.9289069445108253,False,primary_association_requires_directional_validation,Association-based prioritization only; no causal interpretation. GSE166239 clinical correlations are exploratory within n=6 T2DN samples.
TIMP2,ECM_REMODELING,0.7123841269841265,1.0636069026066026e-06,8.876132786541648e-06,-0.0528944444444441,0.6025018389262754,0.7430782100897227,0.7652785714285706,2.184003071622625e-06,3.8293596713970994e-05,0.387660256410259,9.666537704718116e-06,6.366428416258006e-05,,,,1.2473616666666674,0.0041952716464676,0.0567599001496146,0.8707216666666673,0.0303786833115257,0.6286540708540912,0.0,6.0,6.0,,0.14285714285714288,0.6,,0.7871720116618075,0.20799999999999982,,0.9443887269193391,0.45066666666666627,False,primary_association_requires_directional_validation,Association-based prioritization only; no causal interpretation. GSE166239 clinical correlations are exploratory within n=6 T2DN samples.
SERPING1,COMPLEMENT_ACTIVATION,0.8131063492063504,1.2603600127530035e-05,6.612727591468927e-05,-0.3649222222222228,0.0464393018622848,0.146873385644154,1.1780285714285732,1.7964456498179643e-05,0.0001831948106873,0.4658974358974386,0.0003011228772512,0.0010417141936398,-0.3391376829268324,0.0026631418491614,0.0085153527687563,0.6881333333333339,0.0060302393264757,0.0668480217872711,0.3334250000000001,0.2313035756319936,0.6328542005185633,0.0,6.0,6.0,,-0.2,0.2,,0.704,0.704,,0.9443887269193391,0.9244444444444444,False,primary_association_requires_directional_validation,Association-based prioritization only; no causal interpretation. GSE166239 clinical correlations are exploratory within n=6 T2DN samples.
JAM3,LEUKOCYTE_ADHESION,0.366449365079367,1.4682417340235491e-05,7.51080610768879e-05,0.0248988888888916,0.770951514608123,0.8614981490838188,0.3415504761904753,0.0019624423769176,0.0074111312884783,0.1954035897435914,1.7667776215625838e-05,0.0001024242235874,-0.0682447195121955,0.4385907962612427,0.5572054156724922,-0.2494216666666666,0.2954343116099969,0.4391714288690359,-0.4063550000000004,0.0957143452440882,0.6286540708540912,0.0,6.0,6.0,,-0.14285714285714288,-0.6571428571428573,,0.7871720116618075,0.15617492711370237,,0.9443887269193391,0.43197320265492145,False,primary_association_requires_directional_validation,Association-based prioritization only; no causal interpretation. GSE166239 clinical correlations are exploratory within n=6 T2DN samples.
MMP9,ECM_REMODELING,2.3506906349206336,2.318335785498781e-05,0.0001095899967048,-1.0522172222222226,0.0179673517907015,0.0851468464766917,3.402907857142856,2.7175438260863143e-08,1.591870465948179e-06,1.3466962820512831,6.981428317721469e-05,0.0003117512546346,-0.0060509756097553,0.9312158348272376,0.9516206274490504,1.5381895833333332,0.015778127119939,0.0980958397929977,-0.5455219999999998,0.436592125860572,0.723731557260845,0.0,6.0,6.0,,-0.6,-0.14285714285714288,,0.20799999999999982,0.7871720116618075,,0.9443887269193391,0.9289069445108253,False,primary_association_requires_directional_validation,Association-based prioritization only; no causal interpretation. GSE166239 clinical correlations are exploratory within n=6 T2DN samples.
ENO1,HYPOXIA,0.3301619047619031,5.399763915239293e-05,0.0002210198745963,0.2542166666666663,0.0039531445695791,0.0392325737988799,0.0759452380952367,0.3124018129381034,0.4217930399487015,0.1582243589743615,0.0002195334147208,0.0007944908730304,-0.0304932560975572,0.7643312974104736,0.8320514652118315,0.618339999999999,0.0440295180242114,0.15311051736288,0.6189016666666669,0.0559124235644478,0.6286540708540912,0.0,6.0,6.0,,0.14285714285714288,0.6,,0.7871720116618075,0.20799999999999982,,0.9443887269193391,0.45066666666666627,False,primary_association_requires_directional_validation,Association-based prioritization only; no causal interpretation. GSE166239 clinical correlations are exploratory within n=6 T2DN samples.
SMAD2,TGF_BETA_SIGNALING,0.1691650793650811,0.0001636974900619,0.0005695108264292,0.0190055555555552,0.6576794635824648,0.7841629146625407,0.1501595238095259,0.0053260009981111,0.0164332331029886,0.0896269230769253,0.0005143377901745,0.001631806914433,-0.026168853658536,0.6568774042319592,0.7478311861446891,0.0201050000000009,0.8376709515027789,0.8880589472578805,0.0988716666666658,0.4215323924914548,0.7160948094328334,0.0,6.0,6.0,,-0.3142857142857143,-0.2,,0.5440932944606414,0.704,,0.9443887269193391,0.9244444444444444,False,primary_association_requires_directional_validation,Association-based prioritization only; no causal interpretation. GSE166239 clinical correlations are exploratory within n=6 T2DN samples.
ARNT,HYPOXIA,0.1605841269841263,0.0002589160780102,0.0008392671134596,0.0122055555555569,0.6498946318741634,0.7787948573466594,0.1483785714285694,0.0001811499569693,0.001102294747354,0.0855294871794892,0.0007170864971776,0.0021582934456127,-0.268229390243901,0.0001934424354836,0.0009215405324776,0.2176166666666672,0.096275215617655,0.2227365943907176,0.1006249999999999,0.4766170961424725,0.745552671240044,0.0,6.0,6.0,,0.4285714285714286,0.7714285714285715,,0.3965014577259474,0.07239650145772594,,0.9443887269193391,0.27681015263248154,False,primary_association_requires_directional_validation,Association-based prioritization only; no causal interpretation. GSE166239 clinical correlations are exploratory within n=6 T2DN samples.
PDGFRB,FIBROSIS,0.6180746031746072,0.0005494659695598,0.0015838741410748,-0.0498111111111079,0.7523456930691712,0.8490447946937849,0.6678857142857151,0.0004489075785114,0.0022653682589021,0.3366410256410275,0.0004195023622616,0.0013753690308609,,,,0.6936983333333329,0.0037437886975586,0.0537037033019267,0.2987283333333321,0.1539754999085777,0.6286540708540912,0.0,6.0,6.0,,0.2571428571428572,0.7714285714285715,,0.6227871720116618,0.07239650145772594,,0.9443887269193391,0.27681015263248154,False,primary_association_requires_directional_validation,Association-based prioritization only; no causal interpretation. GSE166239 clinical correlations are exploratory within n=6 T2DN samples.
CFI,COMPLEMENT_ACTIVATION,-0.4321015873015863,0.0009169193194812,0.0024675684677598,-0.7767277777777775,0.0027789174811524,0.033385524826423,0.3446261904761911,0.0909212694825574,0.1597572624303098,-0.1729217948717925,0.0359835591914707,0.0620788652195824,0.0927560975609758,0.7159963698800222,0.79511803445903,0.3599566666666662,0.0669419811705318,0.185582566867129,0.2788949999999994,0.1961074560405131,0.6286540708540912,0.0,6.0,6.0,,0.028571428571428574,0.7142857142857143,,0.9571545189504373,0.1107871720116617,,0.9571545189504373,0.3512763990613664,False,primary_association_requires_directional_validation,Association-based prioritization only; no causal interpretation. GSE166239 clinical correlations are exploratory within n=6 T2DN samples.
PROS1,COAGULATION_CASCADE,-0.3407650793650791,0.0018165971890723,0.0044535011413653,-0.5013888888888864,0.0049827718200197,0.0435220285316071,0.1606238095238072,0.2718548675414498,0.3779048773533478,-0.1449205128205113,0.0315896101826879,0.0555582673253969,0.4684397926829291,8.473857638880407e-06,6.623019555419348e-05,-0.2907833333333327,0.1789026768484503,0.3165330268254887,-0.1056216666666669,0.6778786113629569,0.8494049347478799,0.0,6.0,6.0,,-0.8857142857142858,-0.7714285714285715,,0.01884548104956266,0.07239650145772594,,0.6124781341107864,0.27681015263248154,False,primary_association_requires_directional_validation,Association-based prioritization only; no causal interpretation. GSE166239 clinical correlations are exploratory within n=6 T2DN samples.
CCL18,MACROPHAGE_RECRUITMENT,2.250272539682539,0.0020527967550558,0.0049478477545411,-0.5290572222222223,0.4900576430207737,0.651249843776176,2.779329761904761,0.0017285742471413,0.0066881538591826,1.2523819230769244,0.0002690423012596,0.0009461632956495,,,,,,,,,,,,,,,,,,,,,,False,primary_association_requires_directional_validation,Association-based prioritization only; no causal interpretation. GSE166239 clinical correlations are exploratory within n=6 T2DN samples.
F10,COAGULATION_CASCADE,-0.3631498412698404,0.0023306300234995,0.0055237538887989,0.0187527777777773,0.9030759603013876,0.9439475774596232,-0.3819026190476178,0.0273846369221039,0.0616549025461887,-0.1969847435897421,0.0012442179212214,0.0034521873955027,0.1540844634146334,0.0002438597581522,0.0011195177328286,-0.2582633333333333,0.5026763729129915,0.6229584165344043,-0.6947800000000006,0.192791775714936,0.6286540708540912,0.0,6.0,6.0,,-0.2,0.028571428571428574,,0.704,0.9571545189504373,,0.9443887269193391,0.9571545189504373,False,primary_association_requires_directional_validation,Association-based prioritization only; no causal interpretation. GSE166239 clinical correlations are exploratory within n=6 T2DN samples.
SELP,ENDOTHELIAL_ACTIVATION;LEUKOCYTE_ADHESION,0.373211904761904,0.0025796157331664,0.0060324918997372,-0.4075516666666665,0.0003176993612684,0.0122507674860516,0.7807635714285706,4.062254624710906e-07,1.1202121414298283e-05,0.2323103846153866,0.0080990044720119,0.0172021253204674,-0.2999483536585368,0.1382605705602798,0.2255546949515303,0.3050266666666665,0.3320012087865528,0.4743479287863399,-0.1267283333333333,0.5409094865353679,0.7802568548390023,0.0,6.0,6.0,,0.4285714285714286,-0.14285714285714288,,0.3965014577259474,0.7871720116618075,,0.9443887269193391,0.9289069445108253,False,primary_association_requires_directional_validation,Association-based prioritization only; no causal interpretation. GSE166239 clinical correlations are exploratory within n=6 T2DN samples.
MMP3,ECM_REMODELING,-0.7220930158730132,0.0058477962557815,0.0122884533524635,-0.3724194444444437,0.3323254017105801,0.5094119527874614,-0.3496735714285695,0.3845802977988438,0.4949624190755399,-0.3601716666666651,0.0250533837475868,0.0452816128047528,0.382388792682927,0.000542729295264,0.0022059288283159,,,,,,,,,,,,,,,,,,,False,primary_association_requires_directional_validation,Association-based prioritization only; no causal interpretation. GSE166239 clinical correlations are exploratory within n=6 T2DN samples.
PGK1,HYPOXIA,-0.1454507936507934,0.0073389280355638,0.014943704887411,-0.0164888888888885,0.7038286985640222,0.8158048000184595,-0.1289619047619048,0.0467687359913204,0.0945888877752894,-0.0770512820512792,0.0290224157685823,0.0516404856737651,,,,-0.1481916666666656,0.3410629824312433,0.4826299961863556,0.0717616666666671,0.6110905921909617,0.8175210097288618,0.0,6.0,6.0,,-0.08571428571428573,-0.4285714285714286,,0.8717434402332361,0.3965014577259474,,0.9443887269193391,0.6965566149239617,False,primary_association_requires_directional_validation,Association-based prioritization only; no causal interpretation. GSE166239 clinical correlations are exploratory within n=6 T2DN samples.
TGFBR2,TGF_BETA_SIGNALING,0.2543428571428539,0.0138411474449149,0.0260524084287406,-0.1933166666666679,0.1032691862016486,0.243178624983271,0.4476595238095218,0.0010129249601472,0.0043578091112193,0.1518243589743609,0.0077052166635534,0.0164839066147707,-0.9572942682926832,3.743315915599336e-08,7.299143335770809e-07,0.3963583333333327,0.0250906278138076,0.1191475115139912,0.2791483333333326,0.1437601602619936,0.6286540708540912,0.0,6.0,6.0,,-0.2,0.2,,0.704,0.704,,0.9443887269193391,0.9244444444444444,False,primary_association_requires_directional_validation,Association-based prioritization only; no causal interpretation. GSE166239 clinical correlations are exploratory within n=6 T2DN samples.
TEK,ENDOTHELIAL_ACTIVATION,-0.2606174603174622,0.0154904324275783,0.028697800582542,-0.0374555555555549,0.6765203253017982,0.7980125454562229,-0.2231619047619073,0.0079792418260581,0.022897012741676,-0.1374512820512801,0.0086732612396599,0.0182368379595496,0.3479689024390229,0.0376100076020062,0.0778388472824392,-0.3438483333333337,0.0784324023765202,0.2008909957237779,-0.1293083333333342,0.5119972424996717,0.7660614988440901,0.0,6.0,6.0,,-0.08571428571428573,-0.7714285714285715,,0.8717434402332361,0.07239650145772594,,0.9443887269193391,0.27681015263248154,False,primary_association_requires_directional_validation,Association-based prioritization only; no causal interpretation. GSE166239 clinical correlations are exploratory within n=6 T2DN samples.
ANGPTL4,HYPOXIA,-0.5660819047619032,0.0170228013367359,0.0311239759420336,-0.1237216666666647,0.7813772538808607,0.8686687298985335,-0.4423602380952385,0.3529735656286502,0.4635897560343266,-0.2952962820512805,0.0589470732870127,0.0949819542658232,-0.4279552317073154,2.093152807076972e-05,0.0001416243593875,0.1324902499999993,0.8782826556939297,0.9183720911498664,0.6309991666666661,0.4599337124358187,0.7363320205183033,0.0,6.0,6.0,,-0.48571428571428577,-0.08571428571428573,,0.3287230320699709,0.8717434402332361,,0.9443887269193391,0.9289069445108253,True,primary_association_requires_directional_validation,Association-based prioritization only; no causal interpretation. GSE166239 clinical correlations are exploratory within n=6 T2DN samples.
LAMB1,ECM_REMODELING,0.2248412698412689,0.0175390958067276,0.0318948336593291,-0.1415277777777781,0.1118809089525843,0.2560534974070668,0.3663690476190471,0.0019303101734563,0.0073171232540261,0.1319551282051307,0.0316161136839034,0.0555991895845371,0.4894605365853657,0.0045288133676222,0.0132742295661847,0.48156,0.066585421079118,0.1851557022101032,0.4136266666666657,0.1427942675781597,0.6286540708540912,0.0,6.0,6.0,,0.3142857142857143,0.8285714285714287,,0.5440932944606414,0.04156268221574334,,0.9443887269193391,0.27681015263248154,True,primary_association_requires_directional_validation,Association-based prioritization only; no causal interpretation. GSE166239 clinical correlations are exploratory within n=6 T2DN samples.
RAMP2,ENDOTHELIAL_ACTIVATION,0.2781401587301602,0.0185827080195379,0.033523010173199,0.2337444444444436,0.2098964315672781,0.3825497446882009,0.0443957142857165,0.7992761212277368,0.8528292095787507,0.1317874358974372,0.0442165435527615,0.0741320332958039,-0.576100000000002,7.342149288890839e-06,5.876577309462912e-05,0.2877550000000002,0.2075348319164198,0.3478970190597064,0.0906166666666674,0.6972435432511056,0.8595135099517935,0.0,6.0,6.0,,0.4285714285714286,0.2,,0.3965014577259474,0.704,,0.9443887269193391,0.9244444444444444,False,primary_association_requires_directional_validation,Association-based prioritization only; no causal interpretation. GSE166239 clinical correlations are exploratory within n=6 T2DN samples.
ADAMTS4,ECM_REMODELING,-1.5953874603174576,0.0193946759637102,0.0347760322534104,-3.3427322222222218,0.0001518864357772,0.0083981016809312,1.7473447619047642,1.6035510598296386e-05,0.0001668916890433,-0.6019215384615371,0.0569420997061443,0.0921748562647836,-0.0090633536585356,0.7554490445625178,0.8249650914382074,2.06594675,0.0260782717616282,0.1215735983572889,-0.4974103333333333,0.5253794473552461,0.7731981211490979,0.0,6.0,6.0,,0.8857142857142858,0.7714285714285715,,0.01884548104956266,0.07239650145772594,,0.6124781341107864,0.27681015263248154,True,primary_association_requires_directional_validation,Association-based prioritization only; no causal interpretation. GSE166239 clinical correlations are exploratory within n=6 T2DN samples.
CXCL3,MACROPHAGE_RECRUITMENT,-1.0383774603174611,0.0207508358054064,0.0368615333034527,-1.6498372222222222,0.0020705058416684,0.0285515629394664,0.611459761904761,0.1192544390959387,0.1977752173521393,-0.4322157692307685,0.0518247092804379,0.0849141155947827,-0.0348762804878055,0.3819230214567184,0.500447041034035,,,,,,,,,,,,,,,,,,,True,primary_association_requires_directional_validation,Association-based prioritization only; no causal interpretation. GSE166239 clinical correlations are exploratory within n=6 T2DN samples.
CFB,COMPLEMENT_ACTIVATION,-2.4519027142857155,0.0292274426302629,0.0497114474484444,-0.7406066666666673,0.5808097580636158,0.7264032369755521,-1.7112960476190482,0.2137813464082232,0.313109170740233,-1.263285564102563,0.0390414663861255,0.0666318550767576,0.4940271829268301,0.0030538821127815,0.0095686050019401,1.668681666666666,0.0075536509845401,0.0726070514670911,0.1961883333333323,0.6709896003508523,0.8462008962721663,0.0,6.0,6.0,,0.08571428571428573,0.5428571428571429,,0.8717434402332361,0.26570262390670557,,0.9443887269193391,0.5079608986451724,False,primary_association_requires_directional_validation,Association-based prioritization only; no causal interpretation. GSE166239 clinical correlations are exploratory within n=6 T2DN samples.
SPP1,ECM_REMODELING;MACROPHAGE_RECRUITMENT,0.5852888888888881,0.0293209597431502,0.0498488227235134,-0.4920611111111128,0.0584622876960793,0.1685957200508544,1.077350000000001,0.0005601198509248,0.0027088486908081,0.3530064102564139,0.0311795501423176,0.054938290616842,0.1989892682926761,0.5458354377371158,0.6536158673683979,0.8224549999999988,0.0627922307803677,0.1798061996692186,0.6470700000000003,0.163809182971816,0.6286540708540912,0.0,6.0,6.0,,0.14285714285714288,0.6,,0.7871720116618075,0.20799999999999982,,0.9443887269193391,0.45066666666666627,True,primary_association_requires_directional_validation,Association-based prioritization only; no causal interpretation. GSE166239 clinical correlations are exploratory within n=6 T2DN samples.
CXCL10,MACROPHAGE_RECRUITMENT,0.55992142857143,0.0293440821839758,0.0498782633462515,-0.4343983333333314,0.476526411719897,0.6405502098555106,0.9943197619047616,0.1255751972375813,0.2059892823834017,0.3349114102564114,0.0291801526036374,0.0518889125725242,0.6525447560975639,0.1291647527836159,0.2138841104095691,0.0104268333333333,0.9933320159351964,0.9953288708126482,-0.8136609999999999,0.5722625862235895,0.7974602992251023,0.0,6.0,6.0,,-0.5797710356524485,-0.9276336570439174,,0.2277839567150159,0.007665844187473182,,0.9443887269193391,0.2491399360928784,True,primary_association_requires_directional_validation,Association-based prioritization only; no causal interpretation. GSE166239 clinical correlations are exploratory within n=6 T2DN samples.
CCL2,MACROPHAGE_RECRUITMENT,0.7872736507936509,0.055406506053673,0.086889658986973,-1.0428177777777758,0.0271269387822285,0.1073272367246221,1.8300914285714267,0.000160478113609,0.0010009057808146,0.5041333333333358,0.0146709017676494,0.0286011010975176,1.4915324146341504,0.0001286229343906,0.0006548102977677,1.4849083333333328,0.0001011208268264,0.0120686471035884,0.3220483333333312,0.414409283944632,0.7124403448090635,0.0,6.0,6.0,,0.48571428571428577,0.6,,0.3287230320699709,0.20799999999999982,,0.9443887269193391,0.45066666666666627,True,primary_association_requires_directional_validation,Association-based prioritization only; no causal interpretation. GSE166239 clinical correlations are exploratory within n=6 T2DN samples.
CXCL2,MACROPHAGE_RECRUITMENT,-1.1681768253968263,0.0442280473406836,0.0713386405195687,-2.8968527777777773,0.0002086024699158,0.0099735966877738,1.728675952380951,0.0005403749777455,0.0026333701765745,-0.4061834615384605,0.1193755054631642,0.1737740859347299,-0.2956444999999998,0.060500690521812,0.1151809712072103,1.0314664999999998,0.418820825771329,0.5516725930858905,-0.5383055000000002,0.6210224333742584,0.821632205322918,0.0,6.0,6.0,,-0.48571428571428577,-0.2,,0.3287230320699709,0.704,,0.9443887269193391,0.9244444444444444,True,focused_gene_not_prioritized,Association-based prioritization only; no causal interpretation. GSE166239 clinical correlations are exploratory within n=6 T2DN samples.
FGG,COAGULATION_CASCADE,1.6069989523809525,0.0610693275819347,0.0946814270360357,-0.5542683333333338,0.5933714312133753,0.735953609249273,2.161267285714286,0.0652857889793988,0.1232913653825129,0.9079431538461546,0.0753837173062894,0.117521177143347,0.0671496951219499,0.3773887039040187,0.4958268525560524,,,,,,,,,,,,,,,,,,,True,focused_gene_not_prioritized,Association-based prioritization only; no causal interpretation. GSE166239 clinical correlations are exploratory within n=6 T2DN samples.
TGFB2,TGF_BETA_SIGNALING,0.2833420634920625,0.0638552321409403,0.0983793108471063,-0.5805955555555551,0.0011930917502919,0.021872603509462,0.8639376190476176,8.445491926359225e-06,0.0001032140026818,0.1972300000000023,0.0456074958769494,0.0761365589870419,1.072108146341466,1.1881588622955014e-07,1.8899413014248909e-06,1.1465616666666665,0.0045859350183219,0.0597204420629229,0.7136616666666664,0.0396282509345055,0.6286540708540912,0.0,6.0,6.0,,0.6,0.942857142857143,,0.20799999999999982,0.004804664723032055,,0.9443887269193391,0.20820213799805573,True,focused_gene_not_prioritized,Association-based prioritization only; no causal interpretation. GSE166239 clinical correlations are exploratory within n=6 T2DN samples.
SMAD4,TGF_BETA_SIGNALING,0.050995238095238,0.063884861965826,0.0984161361985644,0.0041166666666665,0.9094150624506792,0.9485285820167724,0.0468785714285715,0.2352320878400484,0.336888895262173,0.0271423076923096,0.0999621318803645,0.1494908017493737,-0.043305219512197,0.382947946803588,0.5013890853869558,-0.1071300000000015,0.459804648374035,0.5870249111830064,-0.0652850000000002,0.6827203705693538,0.8517880563562042,0.0,6.0,6.0,,0.08571428571428573,-0.08571428571428573,,0.8717434402332361,0.8717434402332361,,0.9443887269193391,0.9289069445108253,False,focused_gene_not_prioritized,Association-based prioritization only; no causal interpretation. GSE166239 clinical correlations are exploratory within n=6 T2DN samples.
TFPI,COAGULATION_CASCADE,-0.4691174603174612,0.0719282039809309,0.1090473203638906,-0.7420222222222232,0.0186588436503111,0.0869817988180403,0.272904761904762,0.1679497693337093,0.2590324824038351,-0.1955230769230759,0.0397866111579671,0.06774210657227,-0.1347704878048805,0.1685396696559789,0.2643321861009975,0.1916899999999994,0.0638148908616466,0.1814049650747497,0.2501833333333323,0.0068950777781585,0.6286540708540912,0.0,6.0,6.0,,0.3142857142857143,0.08571428571428573,,0.5440932944606414,0.8717434402332361,,0.9443887269193391,0.9289069445108253,True,focused_gene_not_prioritized,Association-based prioritization only; no causal interpretation. GSE166239 clinical correlations are exploratory within n=6 T2DN samples.
PROC,COAGULATION_CASCADE,-0.3360730158730138,0.0840586404455334,0.1248275532603579,0.4039388888888897,0.0594002965635888,0.16993033472361,-0.7400119047619036,0.0020588683432778,0.0076923902393197,-0.2120346153846128,0.0674140380580769,0.106651115718799,-0.3682662073170748,0.000921995371719,0.0034476133762463,-0.3490416666666665,0.4584593484984111,0.5860479202816177,0.1349316666666666,0.8320927041115443,0.9261492290700218,0.0,6.0,6.0,,-0.3714285714285715,0.08571428571428573,,0.46847813411078715,0.8717434402332361,,0.9443887269193391,0.9289069445108253,True,focused_gene_not_prioritized,Association-based prioritization only; no causal interpretation. GSE166239 clinical correlations are exploratory within n=6 T2DN samples.
SMAD7,TGF_BETA_SIGNALING,-0.1676111111111087,0.1315371863949945,0.1837563799857878,-0.1081777777777759,0.3595180850230686,0.5348570783507695,-0.0594333333333327,0.4865271064694105,0.591021228028553,-0.081930769230768,0.0721085149766009,0.1129480959747433,0.0153412926829261,0.7806050374004033,0.8434517193514661,0.3232850000000002,0.2108861989517587,0.3513482254023423,0.391351666666667,0.147581094531357,0.6286540708540912,0.0,6.0,6.0,,0.7714285714285715,0.8857142857142858,,0.07239650145772594,0.01884548104956266,,0.9443887269193391,0.27681015263248154,False,focused_gene_not_prioritized,Association-based prioritization only; no causal interpretation. GSE166239 clinical correlations are exploratory within n=6 T2DN samples.
TGFB3,TGF_BETA_SIGNALING,0.2715834920634936,0.1383405514439071,0.1919962600323606,-0.4269755555555576,0.0279030810608197,0.10924097559081,0.6985590476190513,3.2303714024552644e-06,5.121555542852936e-05,0.1790815384615401,0.034721824034546,0.0601982748850372,0.6330378048780494,1.108698996699771e-08,2.636978192045439e-07,0.3725000000000005,0.0699861045021675,0.1893950439943092,-0.0864399999999996,0.6175309034484064,0.8206683101357649,0.0,6.0,6.0,,-0.3142857142857143,-0.5428571428571429,,0.5440932944606414,0.26570262390670557,,0.9443887269193391,0.5079608986451724,True,focused_gene_not_prioritized,Association-based prioritization only; no causal interpretation. GSE166239 clinical correlations are exploratory within n=6 T2DN samples.
THBD,COAGULATION_CASCADE,-0.3471914285714277,0.1445715412655472,0.199355813623778,-0.8449216666666679,0.0050129353000245,0.0436359003345096,0.4977302380952402,0.0213745651784438,0.0503812281839781,-0.1219552564102545,0.257485720023119,0.3345211800360845,0.6595641219512185,3.8737829699290596e-08,7.482587275561519e-07,0.8891766666666663,0.0059404862688418,0.066669044267165,0.1574749999999998,0.5394274954156781,0.779572077670776,0.0,6.0,6.0,,0.14285714285714288,0.8285714285714287,,0.7871720116618075,0.04156268221574334,,0.9443887269193391,0.27681015263248154,False,focused_gene_not_prioritized,Association-based prioritization only; no causal interpretation. GSE166239 clinical correlations are exploratory within n=6 T2DN samples.
ROBO4,ENDOTHELIAL_ACTIVATION,-0.2013047619047601,0.1559579152600731,0.2128027362752193,-0.1638499999999982,0.2878424731325953,0.4658563827670138,-0.0374547619047618,0.8271562711640915,0.8737874220713503,-0.0957910256410234,0.2701512063528073,0.3484729508865917,-0.354950158536587,0.0068712984350293,0.0188733332485645,0.5811100000000007,0.0214525653859568,0.1118272025438175,0.4726349999999994,0.0464753952429027,0.6286540708540912,0.0,6.0,6.0,,0.3714285714285715,0.6,,0.46847813411078715,0.20799999999999982,,0.9443887269193391,0.45066666666666627,True,focused_gene_not_prioritized,Association-based prioritization only; no causal interpretation. GSE166239 clinical correlations are exploratory within n=6 T2DN samples.
CCL8,MACROPHAGE_RECRUITMENT,-0.5699487301587309,0.1586743521060537,0.2160771013164185,-1.598579444444444,0.0011514761670809,0.0215305971197498,1.028630714285713,0.0004460472878131,0.0022522569927987,-0.1839278205128196,0.3381435395165602,0.4197905093210789,0.4383733048780476,1.6479859737734325e-05,0.0001156914796423,1.7019368333333336,0.1597276724326396,0.2960460962961669,-0.9072576666666666,0.4012825958224563,0.7070921952280933,0.0,6.0,6.0,,0.08571428571428573,-0.2571428571428572,,0.8717434402332361,0.6227871720116618,,0.9443887269193391,0.8896959600166597,False,focused_gene_not_prioritized,Association-based prioritization only; no causal interpretation. GSE166239 clinical correlations are exploratory within n=6 T2DN samples.
PLAU,COAGULATION_CASCADE,0.3605836507936484,0.168542983106838,0.2276250946101389,0.6061955555555532,0.1092229697691954,0.2522387093716879,-0.2456119047619047,0.4389156755236874,0.5470289441157264,0.1475300000000021,0.2322160567594653,0.3063233919313598,0.4661525243902442,0.0001344178763897,0.0006801785114228,0.5731166666666674,0.2142829754369775,0.3544816216458584,0.6519899999999996,0.1361625786326671,0.6286540708540912,0.0,6.0,6.0,,0.5428571428571429,0.08571428571428573,,0.26570262390670557,0.8717434402332361,,0.9443887269193391,0.9289069445108253,True,focused_gene_not_prioritized,Association-based prioritization only; no causal interpretation. GSE166239 clinical correlations are exploratory within n=6 T2DN samples.
PLVAP,ENDOTHELIAL_ACTIVATION,-0.2500206349206362,0.1763069166503269,0.236622803155711,-0.5163944444444439,0.0120751861259709,0.0685230922069217,0.2663738095238077,0.151941741702353,0.239304761473101,-0.0949038461538434,0.3586944817423092,0.4413812145358134,1.056200902439027,0.0001271210861034,0.0006487707235048,0.6901866666666656,0.0330330374570946,0.1339543144961521,0.4858716666666671,0.0962367130414694,0.6286540708540912,0.0,6.0,6.0,,0.14285714285714288,-0.2,,0.7871720116618075,0.704,,0.9443887269193391,0.9244444444444444,False,focused_gene_not_prioritized,Association-based prioritization only; no causal interpretation. GSE166239 clinical correlations are exploratory within n=6 T2DN samples.
ICAM1,ENDOTHELIAL_ACTIVATION;LEUKOCYTE_ADHESION,0.3727888888888877,0.1868624127477978,0.2483261282479049,-0.7984494444444437,0.0126836501442066,0.0705092282320399,1.1712383333333314,3.95240947265339e-06,5.994196996346268e-05,0.2621516666666684,0.0474322808541019,0.0787695836393189,-0.0662422682926839,0.5264966805569706,0.636999691266255,1.4204050000000006,0.0001387759356219,0.0129576499849113,0.4061200000000005,0.0955237384972314,0.6286540708540912,0.0,6.0,6.0,,0.5428571428571429,0.8857142857142858,,0.26570262390670557,0.01884548104956266,,0.9443887269193391,0.27681015263248154,False,focused_gene_not_prioritized,Association-based prioritization only; no causal interpretation. GSE166239 clinical correlations are exploratory within n=6 T2DN samples.
SKI,TGF_BETA_SIGNALING,0.1597777777777764,0.2172693447767979,0.281972108295953,-0.081722222222222,0.5764421501572778,0.7226238758409941,0.2414999999999985,0.1778841393882684,0.2707336729059891,0.092320512820515,0.2778373106283312,0.3569137640943941,0.052699926829268,0.21944677556465,0.3253583256749356,0.3350466666666669,0.0245618844823154,0.1182848880799584,0.1822150000000002,0.1441955439616891,0.6286540708540912,0.0,6.0,6.0,,-0.028571428571428574,0.6,,0.9571545189504373,0.20799999999999982,,0.9571545189504373,0.45066666666666627,True,focused_gene_not_prioritized,Association-based prioritization only; no causal interpretation. GSE166239 clinical correlations are exploratory within n=6 T2DN samples.
ID1,TGF_BETA_SIGNALING,0.215634920634919,0.2263520277466046,0.2915986122274097,0.1567077777777754,0.5378877539119531,0.690204262226054,0.0589271428571436,0.7875945899033848,0.8445485714291793,0.1040566666666685,0.1908844930103992,0.2596349436711541,-0.7497760975609751,0.0004544707529444,0.0018927773818543,0.6135833333333331,0.0252363918555714,0.119213086363492,0.1286283333333333,0.613883066003819,0.8189073199598749,0.0,6.0,6.0,,0.028571428571428574,-0.08571428571428573,,0.9571545189504373,0.8717434402332361,,0.9571545189504373,0.9289069445108253,False,focused_gene_not_prioritized,Association-based prioritization only; no causal interpretation. GSE166239 clinical correlations are exploratory within n=6 T2DN samples.
SERPINE1,COAGULATION_CASCADE;TGF_BETA_SIGNALING,-0.5866057142857137,0.2408147163561849,0.3071267921879556,-1.7694333333333327,0.0035676840602129,0.0371628375158923,1.182827619047619,0.0019194276162842,0.0072790829244344,-0.1797543589743571,0.4202854478521686,0.5028733967302982,0.6102463780487817,0.00333906093104,0.0103177895080866,2.1548650000000005,3.71346449415108e-05,0.0079616774188192,0.771981666666667,0.0279838985266002,0.6286540708540912,0.0,6.0,6.0,,0.2571428571428572,0.14285714285714288,,0.6227871720116618,0.7871720116618075,,0.9443887269193391,0.9289069445108253,False,focused_gene_not_prioritized,Association-based prioritization only; no causal interpretation. GSE166239 clinical correlations are exploratory within n=6 T2DN samples.
THBS1,ECM_REMODELING,0.2225111111111104,0.2716713896992624,0.3411627193745836,-0.4086222222222258,0.0564289877055863,0.1648732011129213,0.6311333333333362,0.0016596126379869,0.0064650020309522,0.1512461538461565,0.1529405762648728,0.2151787375713838,-0.4345421951219528,0.0007461384023429,0.0028893861535003,0.6490516666666668,0.0433538183792849,0.152136066303101,0.5877800000000004,0.067638226919255,0.6286540708540912,0.0,6.0,6.0,,0.2571428571428572,0.7714285714285715,,0.6227871720116618,0.07239650145772594,,0.9443887269193391,0.27681015263248154,False,focused_gene_not_prioritized,Association-based prioritization only; no causal interpretation. GSE166239 clinical correlations are exploratory within n=6 T2DN samples.
HIF1A,HYPOXIA,0.1942825396825398,0.2810160141259503,0.3513569213946157,-0.4411388888888883,0.0083718550556212,0.0567866583376701,0.6354214285714281,0.0013849114122456,0.0055848234678754,0.1385474358974374,0.227511058584347,0.3011572698293533,0.5953013414634167,1.39492542435811e-05,0.0001013315402448,0.2347050000000008,0.2591649502442275,0.4021285268119695,0.0670583333333345,0.7940971836391334,0.9098074685470046,0.0,6.0,6.0,,-0.2,-0.6,,0.704,0.20799999999999982,,0.9443887269193391,0.45066666666666627,True,focused_gene_not_prioritized,Association-based prioritization only; no causal interpretation. GSE166239 clinical correlations are exploratory within n=6 T2DN samples.
SLC2A1,HYPOXIA,-0.2053406349206383,0.3117026870609952,0.3841145332510243,-0.2769444444444442,0.2205288100675487,0.3948229930081329,0.0716038095238058,0.6615438490586145,0.7448111622575136,-0.0892646153846128,0.2996531651939201,0.380107805811836,-0.12197875609756,0.345511707311764,0.4636958174726944,0.0123216666666676,0.972996954968512,0.982512817608791,-0.0855266666666665,0.8139285540653057,0.918073379029314,0.0,6.0,6.0,,0.028571428571428574,-0.5428571428571429,,0.9571545189504373,0.26570262390670557,,0.9571545189504373,0.5079608986451724,True,focused_gene_not_prioritized,Association-based prioritization only; no causal interpretation. GSE166239 clinical correlations are exploratory within n=6 T2DN samples.
ENG,ENDOTHELIAL_ACTIVATION,0.1506587301587245,0.3292844703678814,0.402453592313202,-0.2013222222222239,0.2561743995017991,0.4337220126750826,0.3519809523809485,0.0807951547552426,0.1459374691642314,0.0966102564102577,0.3138769080768274,0.3952498845556484,-0.1143625609756107,0.2440096268625059,0.3538890580920121,0.7213783333333321,0.01493080708604,0.0960929725862464,0.4902133333333323,0.0845185800456946,0.6286540708540912,0.0,6.0,6.0,,0.2571428571428572,0.7714285714285715,,0.6227871720116618,0.07239650145772594,,0.9443887269193391,0.27681015263248154,False,focused_gene_not_prioritized,Association-based prioritization only; no causal interpretation. GSE166239 clinical correlations are exploratory within n=6 T2DN samples.
C8G,COMPLEMENT_ACTIVATION,0.1844695238095255,0.3344816567664629,0.4080220295483552,0.1020466666666664,0.5115677745994905,0.6693777848723002,0.0824228571428591,0.5195867847400482,0.6214282537891173,0.091480000000001,0.3266526270797041,0.408208879353495,0.0808764268292683,0.0017106052315352,0.0058606755122835,,,,,,,,,,,,,,,,,,,True,focused_gene_not_prioritized,Association-based prioritization only; no causal interpretation. GSE166239 clinical correlations are exploratory within n=6 T2DN samples.
CD34,LEUKOCYTE_ADHESION,-0.0872571428571404,0.3883555975141949,0.4625358011718047,-0.0449499999999982,0.7753836874564667,0.8639228311220637,-0.0423071428571422,0.7920785355914051,0.8472010878971125,-0.0435269230769208,0.4726191840045718,0.5534835952391174,0.2005325609756081,0.0751185742397805,0.1375683775183868,0.2555883333333328,0.1114215165230202,0.2401010765265737,0.2285249999999994,0.1144887461397595,0.6286540708540912,0.0,6.0,6.0,,0.3142857142857143,0.8285714285714287,,0.5440932944606414,0.04156268221574334,,0.9443887269193391,0.27681015263248154,False,focused_gene_not_prioritized,Association-based prioritization only; no causal interpretation. GSE166239 clinical correlations are exploratory within n=6 T2DN samples.
FGA,COAGULATION_CASCADE,0.5353295238095237,0.4062356902655113,0.4804093507110998,-2.4292776666666667,0.0578787146033274,0.1676833507045989,2.9646071904761904,0.0276491826991427,0.0621527873259249,0.4751218717948731,0.2820231341810252,0.3615341326941627,0.2239511707317074,0.3842983376610128,0.5028312662436772,,,,,,,,,,,,,,,,,,,True,focused_gene_not_prioritized,Association-based prioritization only; no causal interpretation. GSE166239 clinical correlations are exploratory within n=6 T2DN samples.
FGB,COAGULATION_CASCADE,0.9007577777777804,0.4706376690205414,0.5437713197135532,-2.0899438888888904,0.2178778544301563,0.3918152980296574,2.990701666666671,0.0599258314512709,0.1151519965146829,0.645788333333335,0.2856060691709936,0.3652031434198866,0.308505109756096,0.5691767277857751,0.6740473823679369,0.257003166666667,0.8563104858943382,0.9023815756800072,-0.8630633333333333,0.5374660250030245,0.7785312537743764,0.0,6.0,6.0,,-0.2571428571428572,-0.7142857142857143,,0.6227871720116618,0.1107871720116617,,0.9443887269193391,0.3512763990613664,True,focused_gene_not_prioritized,Association-based prioritization only; no causal interpretation. GSE166239 clinical correlations are exploratory within n=6 T2DN samples.
CXCL8,MACROPHAGE_RECRUITMENT,-0.3442109523809531,0.4953105015134361,0.5675460354431431,-2.020148333333334,0.0008489755886094,0.0186347481737297,1.675937380952381,0.0009146398866207,0.004008226771692,-0.0299483333333322,0.9174966154575824,0.93518473979165,,,,1.0407735,0.1192716604321019,0.2491433311482706,0.3324259999999999,0.4750406839239417,0.7441977984307552,0.0,6.0,6.0,,0.14285714285714288,0.6,,0.7871720116618075,0.20799999999999982,,0.9443887269193391,0.45066666666666627,False,focused_gene_not_prioritized,Association-based prioritization only; no causal interpretation. GSE166239 clinical correlations are exploratory within n=6 T2DN samples.
ESAM,ENDOTHELIAL_ACTIVATION;LEUKOCYTE_ADHESION,0.0685492063492034,0.537809643053027,0.6065758514328955,0.1538944444444414,0.2761583466246086,0.4541357372463269,-0.0853452380952379,0.5363331467743713,0.6359262138792244,0.0250730769230793,0.6879090201570603,0.7476023460476103,0.1364065121951228,0.0863261243568606,0.153906408672486,0.6316766666666656,0.0280240319965835,0.1247628586050492,0.3722466666666655,0.1531547639769086,0.6286540708540912,0.0,6.0,6.0,,0.7714285714285715,0.3714285714285715,,0.07239650145772594,0.46847813411078715,,0.9443887269193391,0.7427092370049064,True,focused_gene_not_prioritized,Association-based prioritization only; no causal interpretation. GSE166239 clinical correlations are exploratory within n=6 T2DN samples.
C5AR1,COMPLEMENT_ACTIVATION,-0.1034257142857164,0.5400782491478247,0.6085752872389711,-0.992445,0.000659985838008,0.0167264552426152,0.8890192857142836,0.0011813147391791,0.004924437448645,0.0206511538461556,0.8499066561766679,0.8826464378133664,-0.8165532195121941,0.0028146073265045,0.008920219016142,0.8391699999999997,0.0073906724821643,0.0720259391219878,0.2609816666666673,0.3674720616861823,0.6900245065827183,0.0,6.0,6.0,,0.3142857142857143,0.5428571428571429,,0.5440932944606414,0.26570262390670557,,0.9443887269193391,0.5079608986451724,True,focused_gene_not_prioritized,Association-based prioritization only; no causal interpretation. GSE166239 clinical correlations are exploratory within n=6 T2DN samples.
CXCL9,MACROPHAGE_RECRUITMENT,0.2196579365079367,0.5588437151117759,0.6265013905213112,-0.558952777777777,0.4918770928470932,0.6521882582274209,0.7786107142857137,0.3370665256857697,0.4474170807924744,0.1612737179487184,0.479753430515409,0.5600654389935642,-0.762685853658537,0.153592333038356,0.2452078614479514,-0.2409135999999999,0.7873463372013068,0.8517667502595492,-1.1297993333333334,0.2293496739712723,0.6328542005185633,0.0,6.0,6.0,,-0.7142857142857143,-0.6,,0.1107871720116617,0.20799999999999982,,0.9443887269193391,0.45066666666666627,False,focused_gene_not_prioritized,Association-based prioritization only; no causal interpretation. GSE166239 clinical correlations are exploratory within n=6 T2DN samples.
TGFBR1,TGF_BETA_SIGNALING,0.0582746031746044,0.5842610065558229,0.6492922568651343,-0.1315111111111093,0.3062893029491742,0.4828412011537303,0.1897857142857137,0.0674294067816722,0.1263453687798862,0.0414948717948738,0.3504279783811999,0.4328831022662945,0.3103218902439018,1.4309234293009598e-05,0.0001035051392624,-0.1377600000000001,0.5394247287269786,0.6543905590265219,-0.104358333333332,0.6394716775592661,0.8304289985185509,0.0,6.0,6.0,,-0.14285714285714288,-0.8285714285714287,,0.7871720116618075,0.04156268221574334,,0.9443887269193391,0.27681015263248154,True,focused_gene_not_prioritized,Association-based prioritization only; no causal interpretation. GSE166239 clinical correlations are exploratory within n=6 T2DN samples.
CCL20,MACROPHAGE_RECRUITMENT,-0.4022404126984122,0.6055217830215479,0.6688107888628387,-1.9248242222222225,0.0255977341086601,0.1040070619978972,1.5225838095238102,7.763351873513699e-05,0.0005640493667762,-0.0685275897435891,0.8258800461379896,0.8630479129592578,0.0356121463414629,0.8693752184647191,0.9080911692787677,,,,,,,,,,,,,,,,,,,False,focused_gene_not_prioritized,Association-based prioritization only; no causal interpretation. GSE166239 clinical correlations are exploratory within n=6 T2DN samples.
SELE,ENDOTHELIAL_ACTIVATION;LEUKOCYTE_ADHESION,-0.3037438095238105,0.6305070193304123,0.6910208556470336,-1.7319950000000013,0.0188298528581863,0.0875178148937562,1.4282511904761908,0.00032214590413,0.0017369246144394,-0.0303239743589729,0.903269056475418,0.9242465430487172,0.2582101585365848,0.0955349472261875,0.1674082870443637,0.7372873000000004,0.4933253790247426,0.6155920540230192,-1.7522599999999997,0.135254173763689,0.6286540708540912,0.0,6.0,6.0,,0.3142857142857143,-0.2571428571428572,,0.5440932944606414,0.6227871720116618,,0.9443887269193391,0.8896959600166597,False,focused_gene_not_prioritized,Association-based prioritization only; no causal interpretation. GSE166239 clinical correlations are exploratory within n=6 T2DN samples.
PDGFB,FIBROSIS,-0.0800793650793671,0.6614699271633809,0.7185508761188756,-0.124605555555556,0.5825156737607872,0.7277470395653133,0.0445261904761888,0.7985132151275435,0.8523327478902086,-0.0335346153846141,0.657917968805716,0.7219954309610817,0.4489762682926814,8.387608745969146e-09,2.1033184282159217e-07,0.6284033333333321,0.0648967365983489,0.1829148402798758,0.2907499999999992,0.3382978346078356,0.6752764246022276,0.0,6.0,6.0,,0.2571428571428572,0.7714285714285715,,0.6227871720116618,0.07239650145772594,,0.9443887269193391,0.27681015263248154,False,focused_gene_not_prioritized,Association-based prioritization only; no causal interpretation. GSE166239 clinical correlations are exploratory within n=6 T2DN samples.
LGALS3,MACROPHAGE_RECRUITMENT,0.0455079365079349,0.6734955612125357,0.728620174294214,-0.1980611111111105,0.1648973680581141,0.3282854217752954,0.2435690476190455,0.0684595072618969,0.1279047203741627,0.039739743589746,0.4702020748721012,0.5512371053099075,0.2451344390243868,0.0154070769265393,0.0370303552227599,-0.2740133333333325,0.3667720959855233,0.5045112743520778,-0.3168916666666668,0.2920127079937409,0.6531287259324483,0.0,6.0,6.0,,-0.2571428571428572,-0.7142857142857143,,0.6227871720116618,0.1107871720116617,,0.9443887269193391,0.3512763990613664,True,focused_gene_not_prioritized,Association-based prioritization only; no causal interpretation. GSE166239 clinical correlations are exploratory within n=6 T2DN samples.
ANGPT2,ENDOTHELIAL_ACTIVATION,0.0546585714285701,0.6792424435544808,0.7337287299677276,-0.240301666666669,0.0684016956240705,0.1862539570222825,0.2949602380952392,0.0068735732880969,0.0201998648553736,0.0479162820512837,0.469172003485361,0.5502172082916297,1.0424731585365867,2.5009837264133697e-11,2.126682364952782e-09,0.3495999999999997,0.4988946286490809,0.620144611575882,0.0368766666666671,0.9489966129193256,0.9805969994284528,0.0,6.0,6.0,,0.5428571428571429,-0.028571428571428574,,0.26570262390670557,0.9571545189504373,,0.9443887269193391,0.9571545189504373,True,focused_gene_not_prioritized,Association-based prioritization only; no causal interpretation. GSE166239 clinical correlations are exploratory within n=6 T2DN samples.
SKIL,TGF_BETA_SIGNALING,-0.0499222222222233,0.678955884768244,0.7337287299677276,-0.2848055555555557,0.0520104057334472,0.1567335674706812,0.2348833333333324,0.0265778330357692,0.0601494998969935,-0.0049730769230752,0.9203567677033332,0.9375438901734868,0.6708363414634153,2.781378505349535e-11,2.31027157524408e-09,0.0344566666666663,0.637755919371952,0.7341532065399033,0.0280933333333335,0.7710809833079201,0.8983618613456907,0.0,6.0,6.0,,-0.08571428571428573,0.3714285714285715,,0.8717434402332361,0.46847813411078715,,0.9443887269193391,0.7427092370049064,False,focused_gene_not_prioritized,Association-based prioritization only; no causal interpretation. GSE166239 clinical correlations are exploratory within n=6 T2DN samples.
EPAS1,HYPOXIA,0.0396349206349206,0.7446035776727498,0.7896878950222724,-0.002988888888888,0.9803005136792484,0.9890072615549342,0.0426238095238087,0.7018693702574604,0.7781290011700073,0.0215717948717971,0.7281711244088267,0.7819614043320335,-0.3536609756097579,0.0017392925164558,0.0059409630670063,0.4910583333333349,0.1013951771987782,0.228694623509485,0.5480816666666684,0.0844002084027758,0.6286540708540912,0.0,6.0,6.0,,0.3142857142857143,0.8285714285714287,,0.5440932944606414,0.04156268221574334,,0.9443887269193391,0.27681015263248154,False,focused_gene_not_prioritized,Association-based prioritization only; no causal interpretation. GSE166239 clinical correlations are exploratory within n=6 T2DN samples.
F12,COAGULATION_CASCADE,-0.0444265079365067,0.8496891714642725,0.8794776840714773,0.6012277777777779,0.0575254725163424,0.167064670378246,-0.6456542857142846,0.0344098678132707,0.074195602790241,-0.0701702564102544,0.5888282661789901,0.6608213766412113,-0.0035377439024397,0.8801923986080833,0.9158464826871002,,,,,,,,,,,,,,,,,,,True,focused_gene_not_prioritized,Association-based prioritization only; no causal interpretation. GSE166239 clinical correlations are exploratory within n=6 T2DN samples.
SMAD3,TGF_BETA_SIGNALING,0.01093492063492,0.8962964038647595,0.9178224736357666,-0.2129055555555545,0.0601731647516222,0.171440140926401,0.2238404761904746,0.0292548954088829,0.0650727336971954,0.0222653846153871,0.5935933573765141,0.6648230126320325,0.0066155731707313,0.8953781030633272,0.9263817268863506,0.0054216666666668,0.9676124297951112,0.978374207658669,0.1174183333333331,0.3804376657932673,0.6955321660474727,0.0,6.0,6.0,,-0.2,0.3714285714285715,,0.704,0.46847813411078715,,0.9443887269193391,0.7427092370049064,True,focused_gene_not_prioritized,Association-based prioritization only; no causal interpretation. GSE166239 clinical correlations are exploratory within n=6 T2DN samples.
PDGFA,FIBROSIS,-0.0050841269841264,0.9599981356983542,0.9690781321645412,-0.0831222222222241,0.5970346126968731,0.7390034397039599,0.0780380952380976,0.5715838526312575,0.6678583802368352,0.0036564102564115,0.9369254362421952,0.950870578876005,-0.0481155975609723,0.2222941448667215,0.3286106308568312,0.6332016666666664,0.0284409502950587,0.1254470494038426,0.2317383333333333,0.3363454818758604,0.6744227448016124,0.0,6.0,6.0,,0.5428571428571429,0.6571428571428573,,0.26570262390670557,0.15617492711370237,,0.9443887269193391,0.43197320265492145,True,focused_gene_not_prioritized,Association-based prioritization only; no causal interpretation. GSE166239 clinical correlations are exploratory within n=6 T2DN samples.
C2,COMPLEMENT_ACTIVATION,,,,,,,,,,,,,0.2087254756097545,0.1935983034031475,0.2942678600010613,1.1756549999999986,0.0309255547101529,0.1299502596904826,0.214411666666666,0.6265633189152767,0.8251615137500296,0.0,6.0,6.0,,0.08571428571428573,0.7142857142857143,,0.8717434402332361,0.1107871720116617,,0.9443887269193391,0.3512763990613664,False,focused_gene_not_prioritized,Association-based prioritization only; no causal interpretation. GSE166239 clinical correlations are exploratory within n=6 T2DN samples.
C4A,COMPLEMENT_ACTIVATION,,,,,,,,,,,,,,,,0.0790666666666668,0.8534292963096308,0.9005270806741889,-0.0188833333333331,0.9657616080113088,0.986165317976497,0.0,6.0,6.0,,-0.4285714285714286,0.14285714285714288,,0.3965014577259474,0.7871720116618075,,0.9443887269193391,0.9289069445108253,False,focused_gene_not_prioritized,Association-based prioritization only; no causal interpretation. GSE166239 clinical correlations are exploratory within n=6 T2DN samples.
C4B,COMPLEMENT_ACTIVATION,,,,,,,,,,,,,0.1311216097560978,0.3008126216094323,0.4173260561649627,-0.2160116666666667,0.5988358815516687,0.7026684526202914,-0.3046500000000005,0.4541072898987551,0.733989987875173,0.0,6.0,6.0,,-0.4285714285714286,0.14285714285714288,,0.3965014577259474,0.7871720116618075,,0.9443887269193391,0.9289069445108253,False,focused_gene_not_prioritized,Association-based prioritization only; no causal interpretation. GSE166239 clinical correlations are exploratory within n=6 T2DN samples.
C8A,COMPLEMENT_ACTIVATION,,,,,,,,,,,,,0.0051640243902428,0.8374418917680684,0.885227504902418,,,,,,,,,,,,,,,,,,,False,focused_gene_not_prioritized,Association-based prioritization only; no causal interpretation. GSE166239 clinical correlations are exploratory within n=6 T2DN samples.
C8B,COMPLEMENT_ACTIVATION,,,,,,,,,,,,,-0.0212591951219511,0.3990136397057705,0.5178680936349043,,,,,,,,,,,,,,,,,,,False,focused_gene_not_prioritized,Association-based prioritization only; no causal interpretation. GSE166239 clinical correlations are exploratory within n=6 T2DN samples.
C9,COMPLEMENT_ACTIVATION,,,,,,,,,,,,,-0.014968,0.7634703599856868,0.8313564448544314,-1.5199963333333333,0.0404011391802697,0.1474154465926185,-1.0278604999999996,0.1754636389845186,0.6286540708540912,0.0,6.0,6.0,,-0.3142857142857143,-0.08571428571428573,,0.5440932944606414,0.8717434402332361,,0.9443887269193391,0.9289069445108253,False,focused_gene_not_prioritized,Association-based prioritization only; no causal interpretation. GSE166239 clinical correlations are exploratory within n=6 T2DN samples.
CA9,HYPOXIA,,,,,,,,,,,,,-0.0788127682926824,0.1797161376543968,0.277701825222353,,,,,,,,,,,,,,,,,,,False,focused_gene_not_prioritized,Association-based prioritization only; no causal interpretation. GSE166239 clinical correlations are exploratory within n=6 T2DN samples.
CCL7,MACROPHAGE_RECRUITMENT,,,,,,,,,,,,,0.1032604146341462,0.1107330325007673,0.1888464496821878,,,,,,,,,,,,,,,,,,,False,focused_gene_not_prioritized,Association-based prioritization only; no causal interpretation. GSE166239 clinical correlations are exploratory within n=6 T2DN samples.
CXCL11,MACROPHAGE_RECRUITMENT,,,,,,,,,,,,,0.2915740853658546,0.0857326144428045,0.153055961460888,,,,,,,,,,,,,,,,,,,False,focused_gene_not_prioritized,Association-based prioritization only; no causal interpretation. GSE166239 clinical correlations are exploratory within n=6 T2DN samples.
F2,COAGULATION_CASCADE,,,,,,,,,,,,,0.0278507560975609,0.2216585403304547,0.3278493776835964,,,,,,,,,,,,,,,,,,,False,focused_gene_not_prioritized,Association-based prioritization only; no causal interpretation. GSE166239 clinical correlations are exploratory within n=6 T2DN samples.
