cohort,gene_symbol,hedges_g,variance
GSE96804,A2M,0.577654091252433,0.07721807652227525
GSE96804,ACAN,0.6195404516826784,0.07764304365897443
GSE96804,ACTA1,-0.9448688897854627,0.08195615253705268
GSE96804,ACTA2,0.9544202029446601,0.08210988732437907
GSE96804,ACTC1,-0.2623874403098719,0.07497369448576416
GSE96804,ACTG1,-0.9106275895285322,0.08141772362117246
GSE96804,ACTG2,-0.21509856762865148,0.07478234046003138
GSE96804,ACTN1,1.1396360238267955,0.08539677158721655
GSE96804,ADAM10,1.5234117688753377,0.0940578999833533
GSE96804,ADAM12,1.0254867278159945,0.08330230346961491
GSE96804,ADAM15,1.9010698077676393,0.1050179253770635
GSE96804,ADAM17,1.1868904344634539,0.0863284549483784
GSE96804,ADAM19,1.1828275136305784,0.08624686192787542
GSE96804,ADAM8,0.2278721883477784,0.07483029249754415
GSE96804,ADAM9,0.8916409127120717,0.0811277313365239
GSE96804,ADAMTS1,1.4969314351035128,0.09338010594821074
GSE96804,ADAMTS13,0.3361585092592452,0.07534789257487459
GSE96804,ADAMTS14,0.6828233919040232,0.07834149631372135
GSE96804,ADAMTS16,1.1859688828546677,0.08630992348802842
GSE96804,ADAMTS18,0.4704521417844302,0.07626588134065561
GSE96804,ADAMTS2,1.0800473068659209,0.08427585564030621
GSE96804,ADAMTS3,0.8867387942044596,0.0810538514375846
GSE96804,ADAMTS4,-0.07936451880109648,0.07444362294349435
GSE96804,ADAMTS5,1.3416720181149095,0.0896451913955961
GSE96804,ADAMTS8,0.5963298652712673,0.0774038821076462
GSE96804,ADAMTS9,-0.3583063465331038,0.07547823913943819
GSE96804,ADRM1,-1.2336774054235118,0.08728820950118892
GSE96804,AJUBA,-0.8015639733537844,0.07983519986327552
GSE96804,ANGPT1,0.1147928237228473,0.07450191671920398
GSE96804,ANGPT2,1.736627191128078,0.09994849814790849
GSE96804,ANGPT4,0.2370396476535558,0.07486641165294514
GSE96804,ANO5,-0.796033586801885,0.07976032416783456
GSE96804,ANO6,0.07537598520101398,0.07443839253926125
GSE96804,APOB,-0.7421193921896363,0.07905754214196373
GSE96804,APP,-0.18452833495469262,0.07467880921092335
GSE96804,ARHGEF18,-1.4605947920573914,0.09246937226333032
GSE96804,ARNT,-0.941007313313103,0.08189443681522499
GSE96804,ASPN,1.6644273685273718,0.09786751903043014
GSE96804,ATP1B1,-0.3271635463965134,0.07529732853032668
GSE96804,ATP1B2,-0.7779442019381025,0.07951903357471962
GSE96804,ATP1B3,0.836744989241824,0.08032365218228055
GSE96804,ATP1B4,0.050258976790648405,0.07441165038335464
GSE96804,BAMBI,0.035710061271839795,0.07440105075393087
GSE96804,BCAN,0.3974952572828756,0.07572924796652698
GSE96804,BGN,-0.07821628660078522,0.07444208955913069
GSE96804,BMP1,-0.10936367714112229,0.07449160334208163
GSE96804,BMP10,-0.3143374657621511,0.07522760019380996
GSE96804,BMP2,0.4895765052183964,0.07642147402499715
GSE96804,BMP4,-0.22830557274637384,0.07483196792402419
GSE96804,BMP7,-1.3674474254181295,0.09023695967602098
GSE96804,BSG,-1.8704450229261953,0.10403909630743373
GSE96804,C1QA,1.0253081964931623,0.08329920066342258
GSE96804,C1QB,0.6484237936580717,0.07795340844635365
GSE96804,C1QC,0.9801920824443937,0.08253241778791934
GSE96804,C1R,-0.18232515236048788,0.07467195967517865
GSE96804,C1S,0.8797224887202961,0.0809488172682037
GSE96804,C2,0.3696875121240395,0.07554845455176497
GSE96804,C3,0.9975780400052967,0.08282381971515775
GSE96804,C3AR1,0.5463361252327034,0.07691976222222109
GSE96804,C4B,0.29691872143608705,0.07513736870870377
GSE96804,C4BPA,-0.045598231376874465,0.07440786423044495
GSE96804,C4BPB,0.9533230304026141,0.08209214898969346
GSE96804,C5,-0.3981407014433066,0.07573359998842011
GSE96804,C5AR1,-1.117687165852261,0.08497689306100563
GSE96804,C5AR2,-0.4705301482001559,0.07626650339705987
GSE96804,C6,0.16661729486036192,0.07462550935113889
GSE96804,C7,1.044864467825739,0.08364229268315737
GSE96804,C8A,0.05424817550719483,0.07441518343248868
GSE96804,C8B,-0.22936959572709154,0.07483609484687978
GSE96804,C8G,0.8479365636470934,0.08048343386828344
GSE96804,C9,-0.08868792701601953,0.07445690109225596
GSE96804,CA9,-0.4635867879855037,0.07621153805493662
GSE96804,CAPN1,-0.6631689238439709,0.07811730340712013
GSE96804,CAPN10,0.7428664719055276,0.07906694386075569
GSE96804,CAPN11,0.1408110935489118,0.07455827580130717
GSE96804,CAPN12,-0.4227916282863519,0.0759050978087867
GSE96804,CAPN13,-0.26685959266305526,0.07499375273461098
GSE96804,CAPN14,0.38498557151188284,0.07564629382000115
GSE96804,CAPN2,-0.3588311591865066,0.07548142865500794
GSE96804,CAPN3,-0.5963093787242808,0.07740367504781646
GSE96804,CAPN5,-0.7279532182171773,0.07888105651186907
GSE96804,CAPN6,1.0673269288749665,0.08404436909821586
GSE96804,CAPN7,0.2987479197062386,0.07514660254251364
GSE96804,CAPN8,0.49642138039131267,0.07647866921523239
GSE96804,CAPN9,-0.1886831685454113,0.07469195015745882
GSE96804,CAPNS1,-0.8701185143463285,0.08080639838555989
GSE96804,CAPNS2,0.10138330069720868,0.0744773504588819
GSE96804,CASK,0.5491722955461215,0.07694609314138307
GSE96804,CASP3,1.9935822116642095,0.10807134589111667
GSE96804,CAST,-0.35490256964601097,0.07545766622397582
GSE96804,CAV1,1.1315250828418315,0.08524065926769507
GSE96804,CBL,-0.8194001510241525,0.0800802151524255
GSE96804,CCL1,0.3365208365204429,0.0753499580839002
GSE96804,CCL11,1.018918909356358,0.08318851291806571
GSE96804,CCL13,0.7458170769170565,0.07910416858227887
GSE96804,CCL16,0.23174528434439737,0.07484537845172602
GSE96804,CCL17,0.6277382847306642,0.0777296960559695
GSE96804,CCL19,0.9820522892638065,0.08256335151979735
GSE96804,CCL2,1.0488932486316778,0.08371377819926203
GSE96804,CCL20,0.04188910549440261,0.07440511421734683
GSE96804,CCL21,1.3135005867994787,0.08901129298313881
GSE96804,CCL22,0.47864710075628425,0.07633179514873052
GSE96804,CCL25,0.14472329632202155,0.07456774248293319
GSE96804,CCL27,-0.05386041702495743,0.07441482817805006
GSE96804,CCL28,0.19882940448707345,0.07472527044556346
GSE96804,CCL5,-0.3619792806416247,0.07550065915340366
GSE96804,CCL7,0.3654225072723124,0.07552188465516091
GSE96804,CCNC,1.0921463428779041,0.08449857978601173
GSE96804,CCNK,0.5060921367123501,0.076560830773982
GSE96804,CCNT1,-1.1339529357701603,0.08528727153414889
GSE96804,CCNT2,2.026027006177317,0.10917656110379345
GSE96804,CCR1,-0.10445387037279961,0.07448270670782764
GSE96804,CCR10,0.7686915432059024,0.07939775821257691
GSE96804,CCR2,0.7159868043060337,0.07873462613922179
GSE96804,CCR3,-0.36882172112262873,0.07554303595304798
GSE96804,CCR4,0.21615682936183042,0.0747862080963353
GSE96804,CCR5,0.6239201117776219,0.07768919564718987
GSE96804,CCR6,0.20648708198788535,0.07475157369081081
GSE96804,CCR7,0.4594202276621985,0.07617894683112704
GSE96804,CCR8,0.40382465009956575,0.07577222990267662
GSE96804,CCR9,0.04884107645761622,0.07441045958675714
GSE96804,CD151,-0.6740291716859275,0.07824037376924933
GSE96804,CD177,-1.1946027946623414,0.08648410692799051
GSE96804,CD19,0.7737392396676273,0.07946373891092579
GSE96804,CD2,0.5311836278754243,0.07678139683907374
GSE96804,CD244,0.24807099265003027,0.07491176269391675
GSE96804,CD44,0.9185749238885939,0.08154092094309102
GSE96804,CD46,0.07712158355352848,0.07444064846726786
GSE96804,CD47,0.03745005365258023,0.07440212955090157
GSE96804,CD48,0.5900150256414356,0.07734039416076668
GSE96804,CD55,0.014997796736828493,0.07439215012198952
GSE96804,CD58,1.9174289138652671,0.10554730864588426
GSE96804,CD74,-0.19789555238492762,0.07472213076391136
GSE96804,CD81,-0.8225069107327128,0.08012344405670233
GSE96804,CD84,0.8805252689298196,0.08096079262467573
GSE96804,CD99,0.30797485066242347,0.07519404482312159
GSE96804,CD99L2,-0.406265321622269,0.07578898552576822
GSE96804,CDH1,0.290263540588068,0.07510425172442818
GSE96804,CDK8,-0.184320103930132,0.07467815831525948
GSE96804,CDKN2B,0.8642551665398478,0.08072021841846291
GSE96804,CEACAM1,-0.8900037119908205,0.08110301176140038
GSE96804,CEACAM3,-0.40381363868322123,0.07577215453622363
GSE96804,CEACAM5,-0.7036760402810345,0.07858651483180848
GSE96804,CEACAM6,-0.5752553640898512,0.07719463995255892
GSE96804,CEACAM8,-0.5132849624118422,0.0766229680773384
GSE96804,CFB,0.6969831605847676,0.07850707039514014
GSE96804,CFD,0.2696707528501626,0.0750065347070388
GSE96804,CFH,0.9559892348910394,0.08213528981114711
GSE96804,CFHR1,1.1349819653710849,0.08530705798479166
GSE96804,CFHR2,0.12435782723348204,0.07452130211594947
GSE96804,CFHR3,0.4938511641907095,0.07645709960051121
GSE96804,CFHR4,0.7817979931518221,0.07956997358122052
GSE96804,CFHR5,-0.24672350458142708,0.0749061124423792
GSE96804,CFI,0.09083953415486315,0.0744601745885871
GSE96804,CFP,-0.6265736780150777,0.07771731656329785
GSE96804,CGN,-0.20594829865465145,0.07474969052717416
GSE96804,CITED2,-1.3208003920989522,0.08917425810386907
GSE96804,CLU,0.8191343728987045,0.08007652458772846
GSE96804,CMA1,0.5361891083055077,0.07682667407079034
GSE96804,COL10A1,1.695968967969711,0.09876575865088179
GSE96804,COL11A1,1.2865859766665473,0.08841823945629507
GSE96804,COL11A2,1.1965398470806412,0.08652335920457262
GSE96804,COL12A1,1.0515432336334825,0.08376094875159462
GSE96804,COL13A1,1.6908645476648405,0.09861925168675958
GSE96804,COL14A1,1.0975950477451306,0.08459969211290204
GSE96804,COL15A1,1.5162233706296566,0.09387272957738442
GSE96804,COL16A1,1.7390926149578598,0.10002111782956585
GSE96804,COL18A1,0.11870087968747836,0.07450964982479988
GSE96804,COL19A1,-0.4326040080409797,0.07597622888356716
GSE96804,COL1A1,1.3667679825269148,0.09022121608939404
GSE96804,COL1A2,1.3752902424992512,0.09041925450509707
GSE96804,COL20A1,1.733404173508925,0.09985371872225393
GSE96804,COL21A1,1.0184215474552334,0.08317992566787218
GSE96804,COL22A1,1.4626610128995396,0.09252055948427214
GSE96804,COL23A1,1.085741770237482,0.08438037264513751
GSE96804,COL24A1,0.7888568602027832,0.07966393157946439
GSE96804,COL25A1,0.6199107602994804,0.07764693331544817
GSE96804,COL27A1,1.4277195763296882,0.09166467770443075
GSE96804,COL28A1,0.40871902424572515,0.07580593238362866
GSE96804,COL2A1,1.447956572555079,0.09215785607197674
GSE96804,COL4A1,0.8946457827644972,0.08117321912801784
GSE96804,COL4A2,1.055697406383429,0.08383513385027545
GSE96804,COL4A3,-0.454759307169697,0.07614283735546837
GSE96804,COL4A4,-0.48514167466581104,0.07638484088970637
GSE96804,COL4A5,-0.2076903913971666,0.07475579728107214
GSE96804,COL4A6,0.5494405785033569,0.07694859093045685
GSE96804,COL5A1,1.6528784468136173,0.09754284695278645
GSE96804,COL5A2,1.2702065981640398,0.08806333544497684
GSE96804,COL5A3,1.299230945032805,0.08869533753405627
GSE96804,COL6A1,0.7621849465844038,0.0793133446888786
GSE96804,COL6A2,1.6234729011105624,0.09672638170447585
GSE96804,COL6A3,1.2723502368867663,0.08810952462536961
GSE96804,COL6A5,0.8381624800500279,0.08034377223263914
GSE96804,COL6A6,1.6005121814187975,0.09609905104540475
GSE96804,COL7A1,1.159825572129596,0.08579020456147075
GSE96804,COL8A1,1.270694204012856,0.08807383508982772
GSE96804,COL8A2,-0.020821190521437136,0.0743939178174791
GSE96804,COL9A1,0.7393226089080657,0.07902242966551215
GSE96804,COL9A2,1.2426831174179283,0.0874772043288419
GSE96804,COL9A3,1.2297746474341293,0.08720673274541985
GSE96804,COLEC10,0.8791344501436438,0.08094005221963704
GSE96804,COLEC11,-1.3670351697359977,0.09022740623544859
GSE96804,COMP,1.1721515227914414,0.08603379638025507
GSE96804,CPB2,0.3449706537887601,0.07539875874968856
GSE96804,CPN1,0.16874553838399003,0.07463155794247718
GSE96804,CPN2,-0.5230684079519692,0.07670889271089162
GSE96804,CR1,-1.2073862156925717,0.08674432418925622
GSE96804,CR2,-1.1606903463239262,0.08580721068252001
GSE96804,CREBBP,-0.539186559579475,0.076853990902703
GSE96804,CRP,-0.5789629239566035,0.07723090548986597
GSE96804,CTRB1,-0.34346930185310387,0.07538999950680732
GSE96804,CTRB2,-0.7266954109652559,0.07886555085428616
GSE96804,CTSB,-0.4844547124167896,0.07637919617686982
GSE96804,CTSD,-1.4575888017859793,0.09239503301338721
GSE96804,CTSG,0.5279468319692072,0.07675234438876379
GSE96804,CTSK,1.471906581181247,0.09275048952722434
GSE96804,CTSS,-0.06941480338766028,0.074431077927264
GSE96804,CUL2,0.11468654966895021,0.07450171004375232
GSE96804,CX3CL1,-1.852350693124661,0.1034682361932815
GSE96804,CX3CR1,0.5736592372928643,0.07717909916117996
GSE96804,CXADR,-0.4163272713105861,0.07585912862139596
GSE96804,CXCL1,0.05598220704487877,0.07441680328807983
GSE96804,CXCL10,0.38625454232791234,0.07565458772844703
GSE96804,CXCL11,0.4113777718112059,0.07582441060701828
GSE96804,CXCL12,-0.23111602767750772,0.07484291015879013
GSE96804,CXCL13,0.06537910293711449,0.0744264678609209
GSE96804,CXCL16,0.7503982156976117,0.0791622564627963
GSE96804,CXCL2,-0.6687111872704191,0.07817985959718998
GSE96804,CXCL3,-0.2431767460212782,0.07489138737536696
GSE96804,CXCL5,-0.0016400002732455564,0.07439026669566695
GSE96804,CXCL6,0.6715740510922359,0.0782123770049851
GSE96804,CXCL9,-0.40185074219053396,0.07575875253802447
GSE96804,CXCR1,-2.709624213650292,0.13661111999735395
GSE96804,CXCR2,-3.121158425408673,0.15694642963548605
GSE96804,CXCR3,0.854506289333994,0.08057821846609454
GSE96804,CXCR4,-1.1023723071371974,0.084688758339244
GSE96804,CXCR5,0.011085820631104923,0.07439128538904127
GSE96804,CXCR6,1.3180676062314556,0.08911314402614004
GSE96804,DAG1,-0.4067149630568862,0.07579208340391669
GSE96804,DCN,-1.2148906488284517,0.08689837346693746
GSE96804,DDR1,-0.22529316216872783,0.07482038804582872
GSE96804,DDR2,1.1519662941084454,0.08563622985804872
GSE96804,DMD,0.8235403378192632,0.0801378599025701
GSE96804,DMP1,0.26982560740428146,0.075007242702533
GSE96804,DOK2,-0.10743996443363484,0.07448806886818055
GSE96804,DRP2,0.6958981008932283,0.07849426226537802
GSE96804,DSPP,0.017435511304272577,0.0743928201486631
GSE96804,DTNA,-0.7926832172323748,0.07971521579126842
GSE96804,DTNB,0.5324056474989761,0.07679241147437804
GSE96804,E2F4,-0.3731465111377815,0.07557022965476358
GSE96804,E2F5,0.5461501508008005,0.0769180404043012
GSE96804,EFEMP1,-0.7455606070505858,0.0791009271124868
GSE96804,EFEMP2,-0.8215993445571749,0.0801107988429202
GSE96804,EGLN1,-0.806354618090041,0.0799004792423978
GSE96804,EGLN2,0.2314165903027184,0.0748440882945351
GSE96804,EGLN3,-0.23301343923965104,0.07485037324876352
GSE96804,ELANE,-0.4617068395616998,0.07619679649310049
GSE96804,ELN,2.1421265871398565,0.11327758555779029
GSE96804,EMILIN1,0.989222183058439,0.08268312972832803
GSE96804,EMILIN2,0.2972048235094111,0.07513880921699208
GSE96804,EMILIN3,0.1633489435181331,0.07461636998166352
GSE96804,EPAS1,-0.7768021960118769,0.07950398671370067
GSE96804,EPCAM,-0.02914245482137623,0.07439744121322729
GSE96804,EPO,0.5706874770978351,0.07715027946613641
GSE96804,ESAM,0.47152476661272397,0.07627444394929651
GSE96804,F10,0.9375184748489136,0.08183889551839693
GSE96804,F11,-1.1614458863761998,0.08582207904633898
GSE96804,F12,-0.03743215803398444,0.07440211819443124
GSE96804,F13A1,0.12291333667755185,0.07451827515950012
GSE96804,F13B,-0.8606047415332461,0.08066685848845177
GSE96804,F2,0.32234852732119895,0.07527082503011823
GSE96804,F2R,-0.8125853137171822,0.07998596332675133
GSE96804,F3,-0.8794612863256561,0.08094492317485917
GSE96804,F5,-0.4677486394204179,0.07624438618785981
GSE96804,F7,0.16450918095985914,0.07461959365345668
GSE96804,F8,-0.11284402759568987,0.07449815724620187
GSE96804,F9,0.04358058587306849,0.07440633938943088
GSE96804,FBLN1,0.9539587083054581,0.08210242370881037
GSE96804,FBLN2,0.7496940947740894,0.07915330522226226
GSE96804,FBLN5,1.142041792256449,0.0854432901334587
GSE96804,FBN1,1.5913658067137542,0.0958516433158095
GSE96804,FBN2,0.8282671508527778,0.08020402757347105
GSE96804,FBN3,0.652395132840493,0.07799718804950652
GSE96804,FCAMR,-0.5928927277351315,0.07736924209397465
GSE96804,FCER1G,0.3621688306108497,0.07550182239282911
GSE96804,FCN1,-0.7011922960765276,0.07855694420817692
GSE96804,FCN2,0.14443518806960393,0.07456703647491955
GSE96804,FCN3,-0.4891820404822508,0.0764182021120185
GSE96804,FGA,0.1981193383000042,0.07472288180251048
GSE96804,FGB,0.1520329235439677,0.0745861253417723
GSE96804,FGF2,1.100929966903174,0.08466182688570532
GSE96804,FGG,0.22266950060274276,0.07481042785581762
GSE96804,FKBP1A,0.31185275910556237,0.07521441460889454
GSE96804,FMOD,1.0162786756987756,0.08314297565396493
GSE96804,FN1,1.831417111844842,0.10281472388174498
GSE96804,FURIN,-0.0809480429097879,0.07444577428931126
GSE96804,FYN,-0.022215741948403603,0.07439442643795019
GSE96804,GAS6,-2.153682218188195,0.11369827014769346
GSE96804,GDF5,0.7514286745396614,0.07917537146956133
GSE96804,GLG1,-0.4363068177193533,0.07600349508200165
GSE96804,GP1BA,0.35899756212874967,0.07548244093306941
GSE96804,GP5,-0.2747147661694456,0.07502980494270625
GSE96804,GP6,0.10109632407387371,0.07447685802736487
GSE96804,GP9,0.13745829618518096,0.07455036918371133
GSE96804,GPC1,0.6805920590430983,0.07831571467220617
GSE96804,GPC2,-0.439789538100026,0.0760293526975427
GSE96804,GPC3,0.012391841127469097,0.07439154523910452
GSE96804,GPC4,-0.09563535815233148,0.07446775340861635
GSE96804,GPC5,-0.6607850995669111,0.07809055701946997
GSE96804,GPC6,-0.253888703313586,0.07493651062845812
GSE96804,GRB14,-0.1248355772519598,0.07452231103250538
GSE96804,GRB2,-1.9869648311695411,0.10784811882027465
GSE96804,GRB7,-0.8446423149463113,0.08043618153123447
GSE96804,GYPA,-1.4526812970466223,0.09227399772268527
GSE96804,GYPB,-0.6012279798752352,0.0774535920701073
GSE96804,GYPC,0.3046414155508794,0.07517673875048007
GSE96804,GZMM,1.6298068527209149,0.09690100981071066
GSE96804,HAPLN1,-0.3449716050271915,0.0753987643115495
GSE96804,HDAC1,-0.37240962835568403,0.07556557382864257
GSE96804,HIF1A,1.0045536688723704,0.0829421767299385
GSE96804,HIF1AN,-0.05668239211890491,0.07441747181410276
GSE96804,HIF3A,0.433813593194554,0.07598511028922182
GSE96804,HIGD1A,0.12460639862273895,0.07452182656835198
GSE96804,HRAS,-1.1323489606131163,0.08525646567024923
GSE96804,HSPG2,1.3905478472882626,0.09077688217021887
GSE96804,HTRA1,-1.4346931956490723,0.09183384191635213
GSE96804,IBSP,0.30783614892281647,0.07519332097518165
GSE96804,ICAM1,-0.18728160471516753,0.07468748457586859
GSE96804,ICAM2,-0.34485822948114975,0.07539810151634473
GSE96804,ICAM3,-1.3855637739472673,0.0906596250183288
GSE96804,ICAM4,-0.588214280664694,0.07732241373276007
GSE96804,ICAM5,-0.5135467592647402,0.07662524622406035
GSE96804,IGHA1,0.8046602000514388,0.07987734591554768
GSE96804,IGHG4,1.2382131401601757,0.08738322509282312
GSE96804,IGHM,0.27958963185617147,0.07505270459940062
GSE96804,IGHV1-46,0.5025323820617364,0.07653040318227498
GSE96804,IGHV1-69,0.6864014692643203,0.07838301489403408
GSE96804,IGHV2-5,0.7582948285703176,0.0792632188773245
GSE96804,IGHV2-70,0.45832955205686643,0.07617046405742756
GSE96804,IGHV3-11,0.8651937388316857,0.08073397445933353
GSE96804,IGHV3-13,0.6842190470519545,0.07835766512573296
GSE96804,IGHV3-23,0.5507375519280118,0.07696068331857173
GSE96804,IGHV3-30,0.7325738982553356,0.07893824827875275
GSE96804,IGHV3-33,0.7888908511316306,0.0796643860634491
GSE96804,IGHV3-48,0.905245356311733,0.08133489775942171
GSE96804,IGHV3-53,0.6022356253465124,0.07746386888918906
GSE96804,IGHV3-7,0.4593639839389288,0.0761785089002377
GSE96804,IGHV3-9,0.430454934265644,0.07596051043153766
GSE96804,IGHV4-34,0.6689801299372472,0.07818290842998865
GSE96804,IGHV4-39,0.29580506282566027,0.07513177470916184
GSE96804,IGHV4-59,0.5254822034306502,0.07673034175093335
GSE96804,IGHV7-81,1.0675189191413705,0.084047842569598
GSE96804,IGKV1-17,0.7546215992379512,0.07921612320783261
GSE96804,IGKV1-5,0.7434007548010698,0.07907367341293733
GSE96804,IGKV1D-12,0.6069431776956493,0.07751210848677201
GSE96804,IGKV1D-16,0.9393062800947172,0.08186733108739983
GSE96804,IGKV1D-33,0.9468231905157636,0.08198748249649368
GSE96804,IGKV1D-39,0.820389299137349,0.08009396086971929
GSE96804,IGKV2-28,0.553840015552675,0.07698972494334909
GSE96804,IGKV2-29,0.7195040590970431,0.07877741416563497
GSE96804,IGKV2D-28,0.5415870054341341,0.07687597682155015
GSE96804,IGKV2D-30,0.7631391480488081,0.07932567915061411
GSE96804,IGKV2D-40,0.1619020867579511,0.07461238191681681
GSE96804,IGKV3-11,0.7546667019404725,0.07921670009750437
GSE96804,IGKV3D-20,0.5696668074539438,0.07714041569493706
GSE96804,IGKV4-1,0.6361158381102977,0.07781942491510653
GSE96804,IGKV5-2,0.11954162342000423,0.07451134728998046
GSE96804,IGLC7,1.0659347680268798,0.08401920093369765
GSE96804,IGLL1,0.6778951395860862,0.07828466610815461
GSE96804,IGLV10-54,-0.028736945611882878,0.07439724230958394
GSE96804,IGLV11-55,-0.18563126417696302,0.07468226904006561
GSE96804,IGLV2-18,0.36331098594043376,0.07550884451688826
GSE96804,IGLV2-33,0.5250544074168139,0.07672653314606463
GSE96804,IGLV3-1,0.339882837981831,0.075369229864766
GSE96804,IGLV3-12,0.8831036930852894,0.08099932977312442
GSE96804,IGLV3-16,0.38997258634739196,0.07567904575076508
GSE96804,IGLV3-22,0.6336489802959004,0.0777928797518461
GSE96804,IGLV3-25,0.38477962173135966,0.07564495032023333
GSE96804,IGLV3-27,0.29150141302434435,0.0751103546973135
GSE96804,IGLV4-3,0.23606398165774858,0.07486249986376199
GSE96804,IGLV4-60,-0.4285437548604288,0.07594659771455661
GSE96804,IGLV4-69,0.3902874578059727,0.07568112779837673
GSE96804,IGLV5-37,-0.6848937311599865,0.0783654932497462
GSE96804,IGLV6-57,0.7529230074628785,0.07919442233605721
GSE96804,IGLV7-43,0.17043029870414014,0.07463640056952701
GSE96804,IGLV7-46,0.40268728728225606,0.07576445620191989
GSE96804,INPP5D,1.3299208220330583,0.08937913706241432
GSE96804,ITGA1,0.8102294862692593,0.07995356441447417
GSE96804,ITGA11,1.2310525477787084,0.0872333826769513
GSE96804,ITGA2,0.6690103212102518,0.07818325076587838
GSE96804,ITGA2B,0.7628318214446035,0.0793217048160703
GSE96804,ITGA3,-1.089580159752101,0.08445113309333237
GSE96804,ITGA4,0.833821406437673,0.08028226201967376
GSE96804,ITGA5,1.6634880508336032,0.09784102776062699
GSE96804,ITGA6,0.6456978109426911,0.07792351223342363
GSE96804,ITGA7,0.6658635949578788,0.07814765345405114
GSE96804,ITGA8,-0.8363471729096168,0.08031801164509926
GSE96804,ITGA9,1.01571934745402,0.08313334384135784
GSE96804,ITGAD,0.852952518202258,0.08055573541352015
GSE96804,ITGAE,0.4012967825794612,0.0757549821033596
GSE96804,ITGAL,0.2888908108397791,0.07509751424640228
GSE96804,ITGAM,0.32560043340016764,0.07528868154845916
GSE96804,ITGAV,-0.22131251840153324,0.07480532212956809
GSE96804,ITGAX,0.37232259513699956,0.07556502453675724
GSE96804,ITGB1,0.7144550895977904,0.07871605809779654
GSE96804,ITGB2,0.33093971326281185,0.07531838876527353
GSE96804,ITGB3,0.27249024677912476,0.07501948911082672
GSE96804,ITGB4,0.8631636837302665,0.08070424004575091
GSE96804,ITGB5,-1.153155170429175,0.08565945447097749
GSE96804,ITGB6,0.914575250311492,0.08147878533025536
GSE96804,ITGB7,-0.26414925956147833,0.07498155603232781
GSE96804,ITGB8,-0.1511752510756989,0.07458392150021699
GSE96804,JAM2,1.1252655431181193,0.08512094341539593
GSE96804,JAM3,-0.21238424463882322,0.07477250718524243
GSE96804,JUNB,-2.1997283063095123,0.11539706272938238
GSE96804,KDR,-1.1538668698906678,0.08567336893151772
GSE96804,KLK2,-0.023130735870582994,0.07439477806296373
GSE96804,KLK7,-0.9961339732235583,0.08279942095845727
GSE96804,KLKB1,0.4741484804957804,0.07629547086478188
GSE96804,KNG1,-1.0958519143406353,0.08456728981908339
GSE96804,KRAS,0.5832303512368551,0.07727293578891245
GSE96804,L1CAM,1.0454297474514358,0.08365230624867948
GSE96804,LAMA1,0.5621049067959062,0.07706788734518508
GSE96804,LAMA2,1.037282445818594,0.08350850553297634
GSE96804,LAMA3,0.4115943326824507,0.07582592097613658
GSE96804,LAMA4,1.4164626926562793,0.0913933503404651
GSE96804,LAMB1,0.6642659497544106,0.07812964434314351
GSE96804,LAMB2,-1.0271054331295204,0.08333046060383037
GSE96804,LAMC1,1.1397370665361624,0.08539872340105306
GSE96804,LAMC2,1.006504250062931,0.08297542021934362
GSE96804,LAMC3,1.238476824422963,0.08738875953492026
GSE96804,LCK,0.4110932258443591,0.07582242729510955
GSE96804,LIMD1,1.0934327479777033,0.08452240639693115
GSE96804,LOX,-1.7332606738809782,0.09984950291618769
GSE96804,LOXL1,0.2559720041534411,0.07494551226608588
GSE96804,LOXL2,1.1159303956056912,0.0849436392230888
GSE96804,LOXL3,-0.5028771456385726,0.07653334071265595
GSE96804,LOXL4,1.4995168278094553,0.09344575845230116
GSE96804,LRP4,0.062383727797416695,0.07442322466086192
GSE96804,LTBP1,1.658801866407982,0.09770908824141025
GSE96804,LTBP2,0.7989062293608792,0.07979915206609679
GSE96804,LTBP3,-0.04701343904054583,0.07440897494862901
GSE96804,LTBP4,0.03879823546378787,0.07440300070816024
GSE96804,LUM,1.527571360157234,0.09416544949881717
GSE96804,LYN,-0.007270263195060311,0.0743906918408028
GSE96804,MADCAM1,-0.6956899610698362,0.0784918076476369
GSE96804,MAG,-0.17004111737607178,0.07463527764479921
GSE96804,MAPK1,-0.6671415404076398,0.07816208996123121
GSE96804,MAPK3,-1.0374994531071549,0.0835123211498767
GSE96804,MASP1,-0.9324257894875858,0.08175819180838434
GSE96804,MASP2,1.1575218297245946,0.08574496243031168
GSE96804,MATN1,0.20114277738148645,0.07473311184220799
GSE96804,MATN3,-0.835679448296625,0.08030855017621319
GSE96804,MATN4,0.16080954500986036,0.0746093939852041
GSE96804,MBL2,0.32256495837500415,0.07527200790558705
GSE96804,MEN1,0.45639943516406334,0.07615550190598204
GSE96804,MERTK,0.850815691954076,0.0805248823912127
GSE96804,MFAP2,1.3307019699368747,0.08939675011255664
GSE96804,MFAP3,-0.6331913239942708,0.07778796638363918
GSE96804,MFAP4,1.215408163156719,0.08690903206403215
GSE96804,MFAP5,-0.7240959746090372,0.0788335911943459
GSE96804,MIF,-1.3164267400278404,0.08907650968091638
GSE96804,MMP1,0.4235768769943914,0.07591073009501802
GSE96804,MMP10,0.9217403173586545,0.08159028807739184
GSE96804,MMP11,1.1453472883554348,0.08550736602907587
GSE96804,MMP12,0.9687938171760987,0.08234415458208848
GSE96804,MMP13,1.1620859030197748,0.08583468158038211
GSE96804,MMP14,0.8189597183687475,0.08007410000676629
GSE96804,MMP15,-1.607700490104703,0.09629448852856531
GSE96804,MMP16,0.02024912154160712,0.07439371870687297
GSE96804,MMP17,0.6678251529051964,0.0781698238588191
GSE96804,MMP19,0.7818503338086233,0.07957066716071576
GSE96804,MMP2,1.4791632822050795,0.0929319728467077
GSE96804,MMP20,-0.08036474124038143,0.07444497688239354
GSE96804,MMP24,-0.04109324585768373,0.07440455453680445
GSE96804,MMP25,-0.9982297687703907,0.08283484281141688
GSE96804,MMP3,0.7505857096903972,0.07916464142440036
GSE96804,MMP7,0.9712629314381881,0.08238474968198056
GSE96804,MMP8,-0.69870263104631,0.07852740802643085
GSE96804,MMP9,-0.02444604543542157,0.07439530838665454
GSE96804,MTMR4,-0.8835553953431486,0.08100609251803213
GSE96804,MUSK,0.0564919011651863,0.07441728911343272
GSE96804,MYC,0.2695981017655759,0.07500620268613056
GSE96804,NCAM1,1.5133225199117393,0.09379825279457475
GSE96804,NCAN,0.4499151931931699,0.07610569882672756
GSE96804,NCOR1,0.774301151022724,0.07947111061832983
GSE96804,NCOR2,-0.2836333827635326,0.07507200573140414
GSE96804,NCSTN,-1.4503530436490315,0.0922167180653374
GSE96804,NEDD4L,-1.3522321156466064,0.0898862752124907
GSE96804,NEDD8,0.03334090968186865,0.07439966437920524
GSE96804,NID1,0.5060530040871121,0.07656049511384233
GSE96804,NID2,1.3039637340846941,0.08879974746013478
GSE96804,NRAS,0.5249218574933706,0.0767253537030686
GSE96804,NRXN1,-1.0038702842298153,0.08293054515294453
GSE96804,NTN4,-0.5922905311529972,0.07736319367611275
GSE96804,OLR1,0.317899391451739,0.07524668477604399
GSE96804,OPTC,0.0405259986060052,0.07440416217839677
GSE96804,P4HA1,-0.9361894950479167,0.08181779280615151
GSE96804,P4HA3,0.5860670522178895,0.07730104551002687
GSE96804,P4HB,0.2643276651237979,0.07498235504269155
GSE96804,PARD3,0.25098463281954675,0.07492408530846921
GSE96804,PARD6A,-1.0364872744438245,0.08349453093704909
GSE96804,PARP1,-0.0918075806402782,0.07446167298602395
GSE96804,PCOLCE,1.2552501501875986,0.08774323491554062
GSE96804,PCOLCE2,-1.4519628404245197,0.09225631246153766
GSE96804,PDGFA,-0.3075542435802545,0.07519185079010192
GSE96804,PDGFB,1.533587909946536,0.09432153100018635
GSE96804,PECAM1,0.926247914262879,0.0816608811793571
GSE96804,PF4,-0.307374782514814,0.07519091557130368
GSE96804,PF4V1,-0.14221248060021294,0.07456163703496839
GSE96804,PICK1,-0.3352599305093192,0.0753427796736688
GSE96804,PIK3CA,-0.49173714152710424,0.07643944234614451
GSE96804,PIK3CB,-0.6887240417183905,0.07841008123837898
GSE96804,PIK3R1,0.2910409172774536,0.07510808132218226
GSE96804,PIK3R2,-0.35464918746972063,0.0754561425988198
GSE96804,PLCG1,1.777544658045652,0.10116706603249524
GSE96804,PLEC,0.4644530385870971,0.0762183508944118
GSE96804,PLG,-1.084024982733648,0.08434880460744483
GSE96804,PLOD1,-1.273553087148097,0.08813547666332418
GSE96804,PLOD2,0.5237379911303501,0.07671483274441576
GSE96804,PLOD3,-0.8477012432751156,0.08048005235879645
GSE96804,PMEPA1,-0.9473528026366058,0.08199598400975625
GSE96804,PPBP,-1.2219235913690043,0.08704361053925365
GSE96804,PPIB,-0.6527237642493231,0.07800082282121704
GSE96804,PPM1A,-0.13594199862162745,0.07454685599556819
GSE96804,PPP1CA,-0.9949513155468939,0.08277946526098559
GSE96804,PPP1CB,0.051660761250878394,0.0744128611418714
GSE96804,PPP1CC,0.503405589195432,0.07653784718407632
GSE96804,PPP1R15A,-1.1360421351514596,0.08532746197734993
GSE96804,PRKCA,-0.7838223275320217,0.07959683238665695
GSE96804,PRKCZ,-1.438469008278752,0.09192577854462933
GSE96804,PROC,-1.0492090317706446,0.08371939299014321
GSE96804,PROCR,0.8291189942660222,0.08021599226390258
GSE96804,PROS1,1.0743712083644736,0.08417222265974868
GSE96804,PROZ,-0.6700720997032068,0.07819529999397007
GSE96804,PRSS1,-0.488841716753089,0.07641538139428738
GSE96804,PRTN3,0.22032337176932115,0.07480162007318311
GSE96804,PSEN1,0.535462875594716,0.07682007857311836
GSE96804,PSG1,-0.06703398296530917,0.07442832487593219
GSE96804,PSG11,0.011335887710524793,0.0743913329054067
GSE96804,PSG3,0.5994736779030918,0.0774357412795463
GSE96804,PSG4,0.22753924807845324,0.07482900754155858
GSE96804,PSG5,-0.5484314630756557,0.07693920212016193
GSE96804,PSG6,-0.3861917881653273,0.07565417692995031
GSE96804,PSG7,-0.006365591868240017,0.07439058729870879
GSE96804,PSG8,0.2168964292572212,0.07478892238569777
GSE96804,PSG9,-0.2867481888321601,0.0750870619007316
GSE96804,PSMA1,0.3320058888006886,0.0753243787346283
GSE96804,PSMA2,-0.5449007188034092,0.07690648791390065
GSE96804,PSMA3,0.03197522348753137,0.0743989084356346
GSE96804,PSMA4,0.829446822732255,0.08022060010363083
GSE96804,PSMA5,-1.081858618042335,0.08430904110101928
GSE96804,PSMA6,0.6258212724145417,0.07770933089402
GSE96804,PSMA7,-0.6643187249812076,0.07813023854956323
GSE96804,PSMB1,-1.1529532114927719,0.08565550752863814
GSE96804,PSMB3,-1.327461625668622,0.08932375549246259
GSE96804,PSMB4,-0.08928514937498788,0.0744578018507349
GSE96804,PSMB5,-1.5163191309671067,0.0938751905713953
GSE96804,PSMB6,-1.1820319666771504,0.08623091822656319
GSE96804,PSMB7,-1.053675192132536,0.08379898466951984
GSE96804,PSMC1,-0.5885940572399941,0.07732620122632239
GSE96804,PSMC2,-0.9359523471838639,0.08181403031090499
GSE96804,PSMC3,-0.9907655056664346,0.08270902599751076
GSE96804,PSMC4,-1.2804106380102547,0.08828389985099688
GSE96804,PSMC5,-0.7860678699837838,0.0796267074297343
GSE96804,PSMC6,-0.7165763217845689,0.0787417830968653
GSE96804,PSMD1,-0.4368202969137229,0.07600729451087794
GSE96804,PSMD11,-0.019022473310872288,0.0743933104659209
GSE96804,PSMD12,0.2313470762827475,0.07484381567959644
GSE96804,PSMD13,-1.009421293839315,0.08302525533003424
GSE96804,PSMD14,0.5954466467171777,0.07739496177605538
GSE96804,PSMD2,0.16508099182334274,0.07462119079956935
GSE96804,PSMD3,-1.3788480648102184,0.0905022946298194
GSE96804,PSMD6,-0.24552045638059972,0.07490109385584019
GSE96804,PSMD7,0.834239480079232,0.08028817195432772
GSE96804,PSMD8,-1.4439583907708098,0.0920598696166545
GSE96804,PTPN11,-0.4398855896686863,0.07603006874988112
GSE96804,PTPN6,-0.6504624868963448,0.07797584938429815
GSE96804,PTPRS,0.023382567411737464,0.07439487733005568
GSE96804,PXDN,1.2925171476770694,0.08854787591124637
GSE96804,RBL1,0.25141073330742836,0.07492589946872867
GSE96804,RHOA,-0.8178573766264327,0.08005880905923793
GSE96804,RNF111,-0.5411632760268562,0.07687208874413495
GSE96804,SCUBE1,0.18991968190472977,0.07469591750900507
GSE96804,SDC1,-1.648769164354514,0.09742786896452615
GSE96804,SDC2,-0.3558161183928334,0.07546316856437243
GSE96804,SDC3,0.6428200517443202,0.07789208813061335
GSE96804,SDC4,-1.6057400196644778,0.09624109992576171
GSE96804,SELE,0.43379284906624094,0.07598495776600687
GSE96804,SELL,-1.4385884172999683,0.09192868995658841
GSE96804,SELP,-0.4335670146202781,0.07598329776825885
GSE96804,SELPLG,-0.3922110908488145,0.07569388407010696
GSE96804,SERPINA10,-0.324447505957122,0.07528233020855594
GSE96804,SERPINA5,-1.105664458701167,0.08475036165866737
GSE96804,SERPINC1,-0.8157408056969698,0.08002950714039785
GSE96804,SERPIND1,-0.08274723334482373,0.07444827021283074
GSE96804,SERPINE1,0.7231525252398254,0.0788220199597334
GSE96804,SERPINE2,0.675743243714113,0.07825998060943284
GSE96804,SERPING1,-0.7941571495812976,0.07973503693829573
GSE96804,SERPINH1,0.6023929242428185,0.07746547470903066
GSE96804,SGCA,1.4772414840639705,0.09288382358243497
GSE96804,SGCB,-0.6302101393790496,0.07775604745986411
GSE96804,SGCD,0.6948626705360718,0.07848205857112141
GSE96804,SGCE,0.6842251533814283,0.07835773594074275
GSE96804,SGCG,0.16450680312822444,0.07461958702341756
GSE96804,SGCZ,-0.491987879429899,0.07644153266096385
GSE96804,SH3PXD2A,1.2991301536809208,0.0886931181075493
GSE96804,SHC1,0.7366244328474933,0.07898868080979403
GSE96804,SIRPA,-1.405934154168634,0.09114152225716676
GSE96804,SIRPG,0.47965970623792625,0.07634001876505134
GSE96804,SKI,0.33239979372610345,0.0753265966386183
GSE96804,SKIL,2.4026959453047216,0.12331353039043691
GSE96804,SLC16A1,0.25131501034565823,0.07492549165180375
GSE96804,SLC16A3,0.47688339856050943,0.07631751318907141
GSE96804,SLC16A8,-0.22209059939253947,0.07480824588835883
GSE96804,SLC3A2,-1.7682040396769565,0.10088639242726874
GSE96804,SLC7A10,-0.8456165683739744,0.08045013695929136
GSE96804,SLC7A11,0.8165619076834013,0.08004086550480814
GSE96804,SLC7A5,-0.6643735590894839,0.07813085598733079
GSE96804,SLC7A6,1.7252012329885893,0.0996132887694335
GSE96804,SLC7A7,-1.73172280912702,0.09980434464524222
GSE96804,SLC7A8,-1.5451475974981916,0.09462313456391727
GSE96804,SLC7A9,-1.0029042548735303,0.08291411631297657
GSE96804,SMAD2,-0.1255150828220087,0.07452375268223407
GSE96804,SMAD3,0.032437321626736286,0.07439916068069594
GSE96804,SMAD4,-0.19817279668413987,0.07472306133757134
GSE96804,SMAD7,0.0815379212662073,0.07444658655162897
GSE96804,SMPD1,-1.2820984246340934,0.08832055212658499
GSE96804,SMURF1,1.6805676557493507,0.09832505445795486
GSE96804,SMURF2,1.209902074195512,0.08679586279347802
GSE96804,SNTA1,-1.9040544246489388,0.10511416976705937
GSE96804,SNTB1,-0.17483682009917487,0.074649294018222
GSE96804,SNTB2,0.7410633816216086,0.07904426878023947
GSE96804,SNTG2,1.0412901802362005,0.08357910186393341
GSE96804,SNW1,-0.5464814463366418,0.07692110806506773
GSE96804,SOS1,0.6806155657309227,0.0783159858373138
GSE96804,SP1,-0.8590283078863699,0.08064388486642309
GSE96804,SPARC,0.11878722473762585,0.0745098236038023
GSE96804,SPN,0.28755387543738886,0.07509098315056666
GSE96804,SPOCK3,0.2654888520208945,0.07498756873758625
GSE96804,SPP1,0.15124482636691186,0.07458409981347934
GSE96804,SRC,0.20924476857120872,0.07476128943781545
GSE96804,SSPN,1.4110761088419286,0.09126427597823969
GSE96804,STAT1,-0.03607630514526627,0.07440127356170118
GSE96804,STRAP,-0.2906742853116058,0.07510627390363743
GSE96804,STUB1,-1.453669547923193,0.0922983384326019
GSE96804,TEK,0.5018529451401801,0.07652461999181082
GSE96804,TFDP1,0.34151862298871316,0.07537867585030433
GSE96804,TFDP2,-1.1726377804839334,0.08604345885344145
GSE96804,TFPI,-0.3739389682593243,0.07557524688534452
GSE96804,TGFB1,0.48537063475428766,0.07638672401330157
GSE96804,TGFB2,1.275536512863958,0.08817832352658432
GSE96804,TGFB3,1.3699781540135387,0.09029566883866227
GSE96804,TGFBR1,1.0004053485517281,0.08287169188049753
GSE96804,TGFBR2,-1.3292288299550166,0.08936354290568972
GSE96804,TGFBR3,-1.4229130506351917,0.091548562119964
GSE96804,TGIF1,-0.17183872552802834,0.07464048583117713
GSE96804,TGIF2,0.05819648200582974,0.07441894585598016
GSE96804,THBD,1.3368938058890398,0.08953672736196852
GSE96804,THBS1,-0.832139369260097,0.08025851449457963
GSE96804,TIMP1,0.5519862869690996,0.07697235289398083
GSE96804,TLL1,0.11436734968490082,0.07450109043357418
GSE96804,TMPRSS6,0.2582966064155826,0.07495564336757297
GSE96804,TNC,1.1704238448438418,0.08599949794124445
GSE96804,TNFRSF10A,1.40806837773022,0.09119241810891202
GSE96804,TNFRSF10B,1.140113033280408,0.08540598736562421
GSE96804,TNFRSF10D,1.3691614122618636,0.09027670977385344
GSE96804,TNN,-0.0016116328600445688,0.07439026591396848
GSE96804,TNR,-0.14868541021327641,0.07457759433642454
GSE96804,TNXB,1.6088759377584227,0.09632653019988008
GSE96804,TREM1,-1.884012141073074,0.10447076718812333
GSE96804,TRIM33,0.5893524379552018,0.07733377183569105
GSE96804,TSPAN7,-0.7609739347521143,0.07929771279542305
GSE96804,TTR,-0.6285766904252438,0.07773862234096404
GSE96804,UBA52,-0.6485494009141942,0.07795478903316919
GSE96804,UBB,-1.3429286818485309,0.08967378156795963
GSE96804,UBC,-1.8825034527229292,0.10442261042374198
GSE96804,UBE2D1,-0.5227070546511353,0.07670569021584635
GSE96804,UBE2D2,0.04169892508857496,0.07440497949865549
GSE96804,UBE2D3,0.16168423727689482,0.07461178451755607
GSE96804,UBE2M,-1.3261969843042951,0.08929531543784416
GSE96804,UCHL5,-0.7125389317577625,0.07869288567591778
GSE96804,USP15,0.6359148403631951,0.07781725817527078
GSE96804,USP9X,-0.07494007895454582,0.07443783725357218
GSE96804,UTRN,0.8916910346836885,0.08112848882900908
GSE96804,VCAM1,0.6635662621121081,0.07812177088729864
GSE96804,VCAN,1.0288617918073406,0.08336106243329505
GSE96804,VEGFA,-0.7329131894122457,0.07894246206527318
GSE96804,VHL,0.6072681258395417,0.07751545217922436
GSE96804,VPREB1,0.73070594808556,0.07891508443267306
GSE96804,VPREB3,0.27226425960131806,0.07501844582664456
GSE96804,VWF,1.1742855110139727,0.08607623086326399
GSE96804,WTIP,-0.7445963821761196,0.07908875044777602
GSE96804,WWTR1,-1.3793041795126093,0.09051295593312506
GSE96804,XCL1,0.11515774324386657,0.07450262785014258
GSE96804,XCL2,0.07672368186413021,0.07444012969361519
GSE96804,XCR1,0.5554783748988019,0.0770051271649832
GSE96804,XPO1,0.9987893010736666,0.08284431227480532
GSE96804,YBX1,0.39530520924458246,0.07571453380460769
GSE96804,YES1,-0.15571538450680292,0.07459572933440599
GSE96804,ZFYVE9,-0.8905196003585771,0.08111079609415767
GSE30528,A2M,0.16704891993309604,0.18873182157545837
GSE30528,ACAN,0.5484305571963908,0.19555358993585661
GSE30528,ACKR2,0.344626265237382,0.19100336960147468
GSE30528,ACKR3,-0.30176047508874,0.1903106726423326
GSE30528,ACKR4,1.833548981979086,0.2720817347671016
GSE30528,ACTA1,-0.022447544398542435,0.18804678534042615
GSE30528,ACTA2,-0.03624218734226436,0.18806702543777182
GSE30528,ACTB,1.2360586549216903,0.22623021299435847
GSE30528,ACTC1,0.8863494989223779,0.2076745738901868
GSE30528,ACTG2,1.3427966839275816,0.23311176139336076
GSE30528,ACTN1,2.786007204281294,0.3820800915918698
GSE30528,ADAM10,0.739494243695451,0.2017054814456557
GSE30528,ADAM12,0.9569261508140273,0.2109268794869818
GSE30528,ADAM15,0.9356605274604919,0.20992070360037918
GSE30528,ADAM17,-0.2801686082104607,0.1899965492598527
GSE30528,ADAM19,0.8167235923958163,0.2047101236935862
GSE30528,ADAM8,2.003607009756364,0.288395214272809
GSE30528,ADAM9,-0.45393123134109215,0.19318552710385903
GSE30528,ADAMTS1,-0.14048366556888953,0.18852757954147983
GSE30528,ADAMTS13,0.7250750226870387,0.20117753274730327
GSE30528,ADAMTS2,1.1007752196549458,0.2183268401393479
GSE30528,ADAMTS3,0.42995759541186374,0.19265577638049683
GSE30528,ADAMTS5,-0.07374077548842423,0.18817013058342888
GSE30528,ADAMTS8,-0.23989367819746266,0.18947291245516573
GSE30528,ADAMTS9,-0.42565950371728467,0.19256383836180915
GSE30528,ADRM1,-0.18384380296041572,0.18887915163136174
GSE30528,AGRN,1.0257474557963169,0.21433813411100347
GSE30528,ANGPT1,0.41986805815020894,0.19244141769055872
GSE30528,ANGPT2,0.7324920220054266,0.201447802091728
GSE30528,ANGPT4,1.0482023719951086,0.21550239335059232
GSE30528,APOB,0.10318601225218486,0.18830037186230072
GSE30528,APP,0.9447000390249253,0.21034564212753043
GSE30528,ARHGEF18,-1.074754221475998,0.2169116039487
GSE30528,ARNT,0.6695691498975901,0.19924225919655256
GSE30528,ASPN,0.33400994214049023,0.19082325407040537
GSE30528,ATP1B1,0.6224563581892514,0.19772048598044367
GSE30528,ATP1B2,-0.4227734870145994,0.19250262356725012
GSE30528,ATP1B3,-0.34240647790801815,0.19096524293702238
GSE30528,ATP1B4,-0.5095030782455477,0.19452402270273025
GSE30528,BAMBI,-1.407124240881264,0.2375341537660799
GSE30528,BCAN,0.46342907707847275,0.19340335077123316
GSE30528,BGN,-1.4427263866427538,0.24007067370206944
GSE30528,BMP1,-0.03958550790403071,0.18807336334508853
GSE30528,BMP10,0.5276658374295683,0.19499496893394422
GSE30528,BMP2,-1.9502564999191525,0.2831216984211106
GSE30528,BMP4,0.09238044901354447,0.18824754171818664
GSE30528,BMP7,0.027238414751310232,0.18805273631514213
GSE30528,BSG,-0.26279064860648405,0.18976066115906345
GSE30528,C1QA,3.2526319624482727,0.4525245551126906
GSE30528,C1QB,2.753213858861744,0.37753885184989744
GSE30528,C1R,-0.5232417110511719,0.194878735238782
GSE30528,C1S,0.485894069005754,0.19393651419156224
GSE30528,C2,1.699688379223627,0.26025770269588405
GSE30528,C3,1.7690556878083523,0.2662731386983651
GSE30528,C3AR1,1.739113003739101,0.263647039028549
GSE30528,C4A,0.9279328477511997,0.2095606722825793
GSE30528,C4BPA,0.607325471073371,0.19725529372955034
GSE30528,C4BPB,0.7468944576637115,0.20198047130640728
GSE30528,C5,-0.20560998636458633,0.18909107469650915
GSE30528,C5AR1,-0.3524687597215759,0.19114004369867968
GSE30528,C5AR2,0.04930285168937814,0.18809495731380566
GSE30528,C6,0.487970247624606,0.1939870620983585
GSE30528,C7,2.0544041252880985,0.29354859578420694
GSE30528,C8A,0.95145344213092,0.21066577934775743
GSE30528,C8B,-0.007681025251898256,0.18803566298791105
GSE30528,C8G,1.116061279069155,0.219174007500125
GSE30528,C9,0.0016557081415917924,0.1880342565684243
GSE30528,CA9,-0.17190863574283569,0.1887730025102621
GSE30528,CAPN1,2.223675100328486,0.3116524618297106
GSE30528,CAPN10,-0.3024597989782837,0.19032123628413763
GSE30528,CAPN11,0.29757745972140387,0.19024799664754413
GSE30528,CAPN15,1.2132934771025126,0.22483621457367567
GSE30528,CAPN2,-0.5275511220861994,0.19499194269454823
GSE30528,CAPN3,1.1693904801599975,0.22222104041140878
GSE30528,CAPN5,0.463369851248972,0.1934019785103504
GSE30528,CAPN6,-0.05703645302573942,0.18811551695853196
GSE30528,CAPN7,0.4789036102241572,0.19376790473133132
GSE30528,CAPN9,-0.40335098383731305,0.19210148843825126
GSE30528,CAPNS1,-0.48095431268446276,0.19381711430643264
GSE30528,CASK,1.193653349549337,0.22365439600644682
GSE30528,CASP3,0.8538341288550603,0.20626000602413003
GSE30528,CAST,-1.399575773890554,0.2370044967057216
GSE30528,CAV1,-0.23911493992490207,0.18946358689657028
GSE30528,CBL,0.020547814067688276,0.18804474335076204
GSE30528,CCL1,0.9563554244841878,0.2108995804826963
GSE30528,CCL11,0.6593285973981639,0.1989020430178638
GSE30528,CCL13,0.7919347389307786,0.20371320380232205
GSE30528,CCL16,0.18723220497649135,0.188910585498697
GSE30528,CCL17,0.4047679282085362,0.1921301149268438
GSE30528,CCL19,1.5069139571202435,0.2448039298882828
GSE30528,CCL2,0.8337421372468541,0.20541233681971183
GSE30528,CCL20,0.06053097681544786,0.18812578801304383
GSE30528,CCL21,1.2370552165018476,0.22629182825104885
GSE30528,CCL22,0.8343376283401015,0.20543716998579267
GSE30528,CCL25,0.23568962739054736,0.1894229280456754
GSE30528,CCL27,0.8161577049371851,0.20468702301739636
GSE30528,CCL3,0.8868402714901146,0.20769632971260454
GSE30528,CCL4,0.41500383063616847,0.19233989252025538
GSE30528,CCL5,1.557254936650136,0.2486602614772185
GSE30528,CCL7,-0.1034206212512299,0.18830158365668778
GSE30528,CCNC,-0.12944884281058391,0.188453113106813
GSE30528,CCNK,-0.06538367915698218,0.18814106367169062
GSE30528,CCNT1,-0.30645803079684564,0.19038210115018503
GSE30528,CCNT2,-0.21831022793135468,0.18922567192467404
GSE30528,CCR1,1.2442573299766135,0.22673859561420132
GSE30528,CCR10,0.8844427274532662,0.20759016148781234
GSE30528,CCR2,1.442158011706048,0.24002968130238655
GSE30528,CCR3,0.3531063493823161,0.1911512903835407
GSE30528,CCR4,0.808389365821919,0.20437152220353713
GSE30528,CCR5,1.7052733688788817,0.2607331195993763
GSE30528,CCR6,1.1744946262045017,0.22252012870876933
GSE30528,CCR7,1.631430180651678,0.2545732988927172
GSE30528,CCR8,0.5023449762980527,0.1943429499144853
GSE30528,CCR9,0.6436397333051682,0.19839099069141675
GSE30528,CCRL2,-0.16681707088921074,0.18872988641268942
GSE30528,CD151,-1.0014162391689547,0.21310505013597036
GSE30528,CD177,-0.12905028236117974,0.18845053741862552
GSE30528,CD19,0.5199023524534827,0.19479164943635466
GSE30528,CD2,1.8103775487726226,0.2699708597616873
GSE30528,CD244,0.5596251110508027,0.19586369465715361
GSE30528,CD44,1.3099721135707254,0.23093486149251186
GSE30528,CD46,-0.6988500991261435,0.20024397456040355
GSE30528,CD47,-0.003990359139936648,0.18803458610833967
GSE30528,CD48,1.9028751887327249,0.2785575376315531
GSE30528,CD55,-0.993858972739747,0.21272807947657066
GSE30528,CD58,0.8913696808841468,0.20789768573417566
GSE30528,CD59,0.38050597352487536,0.19165380793139086
GSE30528,CD74,0.7294078084285268,0.2013350818091007
GSE30528,CD81,-0.9200885253041531,0.2091982603940973
GSE30528,CD84,0.5523493102633424,0.1956614320478978
GSE30528,CD99,0.1613787085588502,0.18868526522359108
GSE30528,CDH1,-0.10491668713189516,0.18830937581515633
GSE30528,CDK8,0.521605015784834,0.19483598284648546
GSE30528,CDK9,0.6142421777931697,0.19746652435869044
GSE30528,CDKN2B,0.5676012068807667,0.1960884662855006
GSE30528,CEACAM1,-0.8636879991631203,0.20668311203164788
GSE30528,CEACAM3,0.16503982200498366,0.18871514160537395
GSE30528,CEACAM5,0.13088926715539898,0.18846248804059998
GSE30528,CEACAM6,0.3827420094904285,0.19169647417990732
GSE30528,CEACAM8,0.171939680979223,0.18877326938156896
GSE30528,CFB,1.9254051262022793,0.2807138105343384
GSE30528,CFD,1.0171379830137932,0.21389842994642222
GSE30528,CFH,-0.653942240565657,0.19872519938408884
GSE30528,CFHR2,-1.2945113278211369,0.2299281774806191
GSE30528,CFHR4,1.140096211647329,0.22052967232950282
GSE30528,CFHR5,-0.4578978718725539,0.1932759495608234
GSE30528,CFI,0.8139902726539727,0.20459869213357026
GSE30528,CFP,0.19120212490183594,0.18894814434836246
GSE30528,CITED2,-1.7079988608807142,0.26096569075343345
GSE30528,CLU,1.2320439958021885,0.2259824982239936
GSE30528,CMA1,0.827411204281467,0.20514942055845073
GSE30528,COL10A1,0.8283795613791968,0.2051895054769578
GSE30528,COL11A1,0.17424878725546822,0.18879325403068806
GSE30528,COL11A2,0.4134028771990453,0.19230673650609925
GSE30528,COL13A1,-0.008160123012019767,0.1880358527243773
GSE30528,COL14A1,1.9018762488075314,0.2784625196786432
GSE30528,COL15A1,1.2396688467174448,0.22645365927223202
GSE30528,COL16A1,1.7254306117431066,0.2624619579326928
GSE30528,COL17A1,-0.008323338569788594,0.1880359199833117
GSE30528,COL18A1,0.20094994056669446,0.189043709999532
GSE30528,COL19A1,0.22694736420879666,0.18932181568722103
GSE30528,COL1A1,2.1097048478718863,0.2993055516625415
GSE30528,COL1A2,2.224604424410563,0.31175580916186435
GSE30528,COL21A1,0.3056445841790095,0.19036965333013703
GSE30528,COL2A1,0.9001387308453723,0.20829043140338596
GSE30528,COL3A1,0.7364691703540283,0.2015938590062368
GSE30528,COL4A1,0.2378117773011566,0.1894480490697664
GSE30528,COL4A2,-0.3692051848510574,0.19144199974721063
GSE30528,COL4A3,-1.1703623529102412,0.22227788896192793
GSE30528,COL4A4,-1.0633381497080832,0.21630138854980327
GSE30528,COL4A5,-2.1317731219973988,0.3016456041259514
GSE30528,COL4A6,0.6101568763030781,0.19734147337668628
GSE30528,COL5A1,0.5718222824178228,0.19620870610092625
GSE30528,COL5A2,0.9670218613571269,0.2114124700427531
GSE30528,COL5A3,0.4173065285276114,0.19238780650298218
GSE30528,COL6A1,0.07210843574107959,0.18816417869681368
GSE30528,COL6A2,0.5926639072318265,0.1968154507075704
GSE30528,COL6A3,2.020542503254302,0.2900989882206171
GSE30528,COL7A1,0.779233256615271,0.20321429973956906
GSE30528,COL8A1,0.2393033331160098,0.18946584016519882
GSE30528,COL8A2,1.1624116887089537,0.22181421138536805
GSE30528,COL9A1,-0.5281611876338416,0.19500804403725777
GSE30528,COL9A2,0.9961982923901913,0.21284446397821635
GSE30528,COL9A3,-0.45302988093538454,0.19316508985969624
GSE30528,COLEC10,-0.27607818047111604,0.18993966707749407
GSE30528,COLEC11,0.47669798286100984,0.19371521220578192
GSE30528,COLGALT1,0.9589593349081321,0.2110242631843742
GSE30528,COLGALT2,-2.435128400007282,0.3362804461472387
GSE30528,COMP,1.2256656776459716,0.225590596868172
GSE30528,CPB2,0.3676627316172731,0.19141358513969492
GSE30528,CPN1,0.916608437519877,0.2090384637275038
GSE30528,CPN2,0.34692229450113043,0.19104306499473625
GSE30528,CR1,-0.23992384672108663,0.1894732743398241
GSE30528,CR2,0.45946896279994925,0.19331198122859955
GSE30528,CREBBP,0.9781676941415183,0.2119544889807414
GSE30528,CRP,0.7614858651365081,0.20253070610425544
GSE30528,CRTAP,0.05115079535990965,0.18809959813083682
GSE30528,CTRB1,0.3157209618355573,0.19052618117774728
GSE30528,CTRB2,1.0950916081907618,0.21801482879243375
GSE30528,CTSB,0.5524680118177367,0.1956647106362341
GSE30528,CTSD,0.7119960746856645,0.2007076482933829
GSE30528,CTSG,1.8953870201211598,0.27784648693528224
GSE30528,CTSK,1.0951453357418153,0.21801777069411438
GSE30528,CTSL,-0.10747976994307375,0.18832298555786342
GSE30528,CTSS,1.2382762444751472,0.2263673894749749
GSE30528,CTSV,-1.7379336787838906,0.26354452483047075
GSE30528,CUL2,-1.1254176826612816,0.21969831204535525
GSE30528,CX3CL1,-0.6921218564501029,0.20001000463858645
GSE30528,CX3CR1,0.6760629177023298,0.1994607147514927
GSE30528,CXADR,-3.3000274632759545,0.4602887194935763
GSE30528,CXCL1,0.6487773748910929,0.19855699008845248
GSE30528,CXCL10,-0.0339962223923191,0.18806308161261173
GSE30528,CXCL11,0.08118122971425437,0.18819894783563598
GSE30528,CXCL12,0.1745665363821563,0.1887960249247996
GSE30528,CXCL13,0.6407917183170408,0.19829953869078068
GSE30528,CXCL2,-0.35066082853866043,0.19110826345097354
GSE30528,CXCL3,1.0043277383862395,0.2132510431864885
GSE30528,CXCL5,0.5857888443502702,0.19661290228831865
GSE30528,CXCL6,1.6087211428475652,0.2527337809203074
GSE30528,CXCL8,0.06407255353975448,0.18813682033711565
GSE30528,CXCL9,0.38932890046412255,0.1918236128526031
GSE30528,CXCR1,0.1613454663904196,0.1886849970223066
GSE30528,CXCR2,-0.6037474938878965,0.1971469639435859
GSE30528,CXCR3,1.3559693284945424,0.23400050852963655
GSE30528,CXCR4,1.0690186168705273,0.21660420811458242
GSE30528,CXCR5,0.9486949113175955,0.21053473890318555
GSE30528,CXCR6,1.5273314053892186,0.24635271858139318
GSE30528,DAG1,-0.846972091914362,0.2059682311462328
GSE30528,DCN,-2.177091637474276,0.3065273879831986
GSE30528,DDR1,0.327714583037229,0.19071910923256966
GSE30528,DDR2,0.7308666883107255,0.20138834093624522
GSE30528,DMD,0.22565131038436717,0.18930715088114258
GSE30528,DMP1,0.7097820999251887,0.20062895376854328
GSE30528,DOK2,1.7161638031969697,0.2616646430192752
GSE30528,DRP2,0.8046308137677899,0.20421995669580342
GSE30528,DSPP,0.5686737631433254,0.1961189342563778
GSE30528,DST,-2.2397060498829484,0.31344126778124504
GSE30528,DTNA,0.5978799721431328,0.19697069956143487
GSE30528,DTNB,0.4766429241921769,0.19371389996374977
GSE30528,E2F4,1.1961036437565817,0.22380078619938232
GSE30528,E2F5,0.5989632836621095,0.19700311341357044
GSE30528,EFEMP1,-3.400613473462162,0.47713848793149777
GSE30528,EFEMP2,-1.2537554398633026,0.2273317556088586
GSE30528,EGLN1,0.010260837434722704,0.18803682015380957
GSE30528,EGLN2,0.5115206758183598,0.19457552307892984
GSE30528,EGLN3,1.0913013341183926,0.21780765308040262
GSE30528,ELANE,-0.017642986071813006,0.1880419699081263
GSE30528,ELN,0.5776961775341917,0.19637750987262845
GSE30528,EMILIN1,0.3898330442480822,0.1918334330938812
GSE30528,EMILIN2,-0.4403668074535214,0.1928822611618582
GSE30528,EP300,-0.3627093549986143,0.1913231399392758
GSE30528,EPAS1,-0.9121718345282035,0.20883562442685175
GSE30528,EPCAM,0.4178769425205023,0.1923997165114451
GSE30528,EPO,0.9700222734056096,0.2115577683067627
GSE30528,F10,0.42785358836525933,0.19261065536111374
GSE30528,F11,-0.43166808257034833,0.19269262137193705
GSE30528,F11R,1.0353947487980744,0.21483524518015373
GSE30528,F12,1.6676326288344492,0.25755915265302043
GSE30528,F13A1,0.6404840374309367,0.19828968308928388
GSE30528,F13B,0.8569539818143118,0.20639344120787312
GSE30528,F2,0.22076362852673867,0.18925260252619533
GSE30528,F2R,-2.9863191610424273,0.4109867413244167
GSE30528,F3,-2.2518698241820734,0.31480713066073307
GSE30528,F5,-2.6417532458859436,0.362505693337911
GSE30528,F7,0.7711035958481034,0.2028992069224349
GSE30528,F8,-0.6935694011253806,0.2000601508886235
GSE30528,F9,-0.294297617404656,0.19019946522443945
GSE30528,FBLN1,2.1978329272929513,0.3087959274415156
GSE30528,FBLN2,0.5435568458131289,0.19542053914994598
GSE30528,FBLN5,1.2592785601099088,0.22767875033300017
GSE30528,FBN1,0.1842880086893866,0.1888832397878555
GSE30528,FBN2,0.8012979010951315,0.20408614619167462
GSE30528,FCER1G,1.6032732969834869,0.25229631965469557
GSE30528,FCN1,0.7419222171061608,0.20179540244008107
GSE30528,FCN2,0.22797201890442767,0.18933346906927204
GSE30528,FCN3,-0.7563315109912453,0.20233512189714553
GSE30528,FGA,-0.02609833184306873,0.18805121610731282
GSE30528,FGB,0.4917857226510445,0.19408051795927328
GSE30528,FGF2,0.6340254039484302,0.1980838933554873
GSE30528,FGG,0.9776702335105776,0.2119301651715037
GSE30528,FKBP1A,0.6277890090588538,0.19788716403156548
GSE30528,FMOD,2.5539788469163107,0.35110438679658723
GSE30528,FN1,0.5534212271861604,0.19569106440169393
GSE30528,FURIN,0.27757000611693644,0.18996031574158193
GSE30528,FYN,-2.2123061812494758,0.310391654024054
GSE30528,GAS6,-0.9446772942952659,0.21034456779311364
GSE30528,GDF5,0.5777989673427192,0.19638047920074586
GSE30528,GLG1,2.0604787053852123,0.294173500417836
GSE30528,GP1BA,-0.13112138492735093,0.1884640084738197
GSE30528,GP1BB,-0.4808093184571533,0.19381362805206884
GSE30528,GP5,0.07552165066111957,0.18817677602715255
GSE30528,GP6,0.20276896441607678,0.18906206935744724
GSE30528,GP9,0.7437401982237387,0.2018629250955352
GSE30528,GPC1,1.128681707680255,0.21988224796548844
GSE30528,GPC3,0.2963944303199566,0.19023042949230531
GSE30528,GPC4,0.7063605743440617,0.20050781955887986
GSE30528,GPC5,-0.7586831877658466,0.2024241925191517
GSE30528,GRB14,0.5313650879400464,0.19509290945122637
GSE30528,GRB2,0.14086467683230255,0.18853025946366475
GSE30528,GRB7,1.289800990965892,0.22962385294160298
GSE30528,GYPA,0.15404419513545595,0.1886274283855613
GSE30528,GYPB,0.7349242602623159,0.20153702974224083
GSE30528,GYPC,1.5135763190319333,0.24530701987254444
GSE30528,GZMM,0.5973608526764601,0.19695518774194673
GSE30528,HAPLN1,1.8726885475451425,0.27570824793685644
GSE30528,HDAC1,-2.418702704265279,0.3342872573246924
GSE30528,HIF1A,0.9605862760198396,0.21110233787612961
GSE30528,HIF1AN,0.7308684762567693,0.20138840627383534
GSE30528,HIF3A,0.4370255726506789,0.19280897181295437
GSE30528,HIGD1A,-0.6614319623745706,0.19897149405545492
GSE30528,HRAS,-0.21750347745713292,0.18921688210183668
GSE30528,HSPG2,0.042335462502961135,0.18807899531882152
GSE30528,HTRA1,-2.4494324550142372,0.33802717182611486
GSE30528,IBSP,0.5730469228058446,0.19624375742761924
GSE30528,ICAM1,0.10088613687643679,0.1882886383495343
GSE30528,ICAM2,-0.19747270796887303,0.18900907479400203
GSE30528,ICAM3,2.1255821906438817,0.3009866792637491
GSE30528,ICAM4,-0.6068305070181823,0.19724026964038663
GSE30528,ICAM5,0.46649558794135704,0.19347464137340684
GSE30528,IGHA1,1.1716034815393364,0.22235055598306538
GSE30528,IGHG1,1.1537636160565083,0.2213134500775828
GSE30528,IGHM,1.5018263940858283,0.2444212509835091
GSE30528,IGKC,1.1412235186669653,0.22059396602315326
GSE30528,IGKV1-17,1.06483285628879,0.2163809133299916
GSE30528,IGLC1,1.0906122094484614,0.2177700628191394
GSE30528,IGLL1,0.6787059575816929,0.1995502324556101
GSE30528,IGLV1-44,1.0677653791081787,0.21653726065473886
GSE30528,IGLV4-60,1.01160301713692,0.21361770464120103
GSE30528,IGLV6-57,0.4893196677974846,0.19402003146652405
GSE30528,INPP5D,1.3428357010241492,0.23311438103281348
GSE30528,ITGA1,-0.6543332151592989,0.19873798694570566
GSE30528,ITGA10,-0.20309384387998852,0.18906536576973676
GSE30528,ITGA2,1.1193752529929302,0.2193592119595127
GSE30528,ITGA2B,0.8228313409112176,0.20496047342383183
GSE30528,ITGA3,-2.6328453172492656,0.3613310496482227
GSE30528,ITGA4,1.2188401657655106,0.22517347177627045
GSE30528,ITGA5,-0.0781303640159257,0.18818679687871956
GSE30528,ITGA6,0.5033755003769823,0.19436886039368245
GSE30528,ITGA7,0.6480096127520427,0.19853209948966435
GSE30528,ITGA8,-1.472361431775678,0.24223039267870114
GSE30528,ITGA9,-0.9403338935515666,0.21013988381823426
GSE30528,ITGAE,-0.02618296830201825,0.18805132672991565
GSE30528,ITGAL,1.4333012952293496,0.2393930031068413
GSE30528,ITGAM,1.2755080587469088,0.2287072082323957
GSE30528,ITGAV,-1.7367591895416619,0.2634425000956233
GSE30528,ITGAX,1.4995744177843877,0.24425227389602266
GSE30528,ITGB1,0.22505127725905805,0.18930038996908638
GSE30528,ITGB2,1.807116155942816,0.26967590806092656
GSE30528,ITGB3,-1.4137409047372802,0.2380007716773726
GSE30528,ITGB4,0.5379400747041382,0.19526867613350538
GSE30528,ITGB5,-1.2732465221216671,0.22856310568656107
GSE30528,ITGB6,1.6210033069764909,0.253725481064906
GSE30528,ITGB7,2.703934832464,0.370815777489491
GSE30528,ITGB8,-0.8389897965284709,0.20563178500116017
GSE30528,JAM2,-0.4973382140473171,0.19421782051298242
GSE30528,JAM3,-2.4362638613829795,0.33641872809120565
GSE30528,JUNB,-0.30309459678316764,0.1903308463991668
GSE30528,KDR,-1.348410806513232,0.23348948061222966
GSE30528,KLK2,0.4892554690233642,0.19401846088341984
GSE30528,KLK7,-2.520972466892378,0.3469167425049241
GSE30528,KLKB1,-0.2120642609352778,0.18915846930333868
GSE30528,KNG1,0.12476841313350684,0.18842336695708437
GSE30528,KRAS,0.6993360778895222,0.20026096178013553
GSE30528,L1CAM,0.7805425523743905,0.20326535493586623
GSE30528,LAMA1,-0.11381655111345493,0.18835804321687208
GSE30528,LAMA2,0.9461746711042814,0.21041535074017043
GSE30528,LAMA3,0.02057044072256686,0.18804476660997604
GSE30528,LAMA4,0.2939787680872694,0.19019477593634074
GSE30528,LAMA5,-0.6751439199987355,0.1994296708519695
GSE30528,LAMB1,0.7395386909896146,0.20170712492095386
GSE30528,LAMB2,-1.5115966625845565,0.24515729979260728
GSE30528,LAMB3,0.9492024145698869,0.21055881862982062
GSE30528,LAMC1,0.9822006510640064,0.212152141007952
GSE30528,LAMC2,1.3911190330818666,0.23641449213925372
GSE30528,LAMC3,1.6290047506887393,0.2543755999783501
GSE30528,LCK,2.460403049033498,0.3393737671265214
GSE30528,LIMD1,0.17093648051986957,0.18876467004350103
GSE30528,LOX,-0.3264604060234775,0.19069859795171337
GSE30528,LOXL1,-0.9237456747916304,0.20936683982659415
GSE30528,LOXL2,0.19944776718890167,0.18902867333010398
GSE30528,LRP4,-1.8865148332957893,0.27700764344031403
GSE30528,LTBP1,1.1860355275255083,0.2232011948480058
GSE30528,LTBP2,0.49381757506593466,0.19413058297028804
GSE30528,LTBP3,-0.5157865775864998,0.1946850828746479
GSE30528,LTBP4,0.39707862277849876,0.19197597385087978
GSE30528,LUM,1.969567122538835,0.2850140542888357
GSE30528,LYN,0.7213410944692373,0.20104251239843995
GSE30528,MADCAM1,0.5893748319781229,0.19671825534841905
GSE30528,MAG,-0.04642827524246056,0.18808807765273777
GSE30528,MAPK1,1.3474061475430592,0.23342177119510873
GSE30528,MAPK3,0.9483856602252666,0.2105200720472109
GSE30528,MASP1,1.0487879662014752,0.2155330929854137
GSE30528,MASP2,0.2502258870371551,0.18959951289777632
GSE30528,MATN1,1.4007319896702426,0.23708544070632695
GSE30528,MATN3,-1.2048566245146233,0.22432617517510733
GSE30528,MATN4,0.6097664281059748,0.197329565455316
GSE30528,MBL2,0.8328452617172591,0.20537496878331027
GSE30528,MEN1,0.26364726330818256,0.18977193502043538
GSE30528,MERTK,-0.0355546077264685,0.1880657912874526
GSE30528,MFAP2,1.5411142016319757,0.24741001259598208
GSE30528,MFAP3,-1.358559371439166,0.23417627717731757
GSE30528,MFAP4,2.447437199071364,0.3377829091191451
GSE30528,MFAP5,0.9729037094945691,0.21169772873289536
GSE30528,MIF,0.2853927178930746,0.19007041311984793
GSE30528,MMP1,1.1664444670778578,0.22204900540360173
GSE30528,MMP10,-0.0074571966353766264,0.1880355782787295
GSE30528,MMP11,3.1230618277280167,0.43187206752948454
GSE30528,MMP12,0.5120416671944529,0.1945888547577699
GSE30528,MMP13,0.3194403463836233,0.19058524140663027
GSE30528,MMP14,0.7939373111783624,0.20379259938621624
GSE30528,MMP15,0.4104049637392919,0.19224499389073427
GSE30528,MMP16,0.4818605816475546,0.19383892853783102
GSE30528,MMP17,1.2364903213506138,0.22625689590403164
GSE30528,MMP19,0.8576283751010537,0.20642234877864987
GSE30528,MMP2,1.8363575768979765,0.2723394167899532
GSE30528,MMP20,0.19075528137172257,0.18894387746846816
GSE30528,MMP24,0.07280610705103827,0.1881667062647862
GSE30528,MMP25,0.6563820514313888,0.19880512297022
GSE30528,MMP3,1.176332225775748,0.22262812566915116
GSE30528,MMP7,1.649317232784598,0.25604037139319413
GSE30528,MMP8,0.32641058484690705,0.19069778478169053
GSE30528,MMP9,0.5731452787442459,0.1962465757978585
GSE30528,MTMR4,0.160956240420608,0.18868186081744645
GSE30528,MUSK,0.17420430787138047,0.1887928665562117
GSE30528,MYC,0.5479135803286043,0.19553942032190078
GSE30528,NCAM1,-1.1208655164998738,0.21944267568615125
GSE30528,NCAN,0.6564529026118717,0.1988074483678768
GSE30528,NCOR1,0.3452425601084066,0.1910139986669432
GSE30528,NCOR2,-0.5963349451483608,0.1969245722043155
GSE30528,NCSTN,-1.3036354507360621,0.23052082274458344
GSE30528,NEDD4L,0.11840911856001535,0.18838470601814203
GSE30528,NEDD8,0.20932468150287054,0.18912960859134498
GSE30528,NID1,1.1348999505022626,0.22023413547543896
GSE30528,NID2,-1.0865152096999433,0.21754707055692082
GSE30528,NRAS,0.006359762576819976,0.18803519919868886
GSE30528,NRXN1,0.05488090979762726,0.18810948589069343
GSE30528,OLR1,1.5623828536632862,0.24906019256971387
GSE30528,P4HA1,-0.3615790923700592,0.19130267403516693
GSE30528,P4HB,0.6363067276938585,0.19815634432689969
GSE30528,PARD3,-1.3567088776702763,0.23405066250292156
GSE30528,PARD6A,1.2730588573003558,0.22855115938796022
GSE30528,PARP1,0.7263226318839835,0.20122280217385996
GSE30528,PCOLCE,2.8597979426744753,0.3924952948573171
GSE30528,PCOLCE2,-2.034569788658726,0.2915210436572584
GSE30528,PDGFA,-0.7330120065204738,0.20146685307676732
GSE30528,PDGFB,1.2050621419979903,0.22433855718610765
GSE30528,PECAM1,-0.2853082537949854,0.19006920802627664
GSE30528,PF4,-0.41616513311259157,0.19236402348465356
GSE30528,PF4V1,0.5367579165577003,0.1952369145588721
GSE30528,PICK1,0.7103267129848558,0.20064828901368478
GSE30528,PIK3CA,-1.213703951503081,0.22486112008154285
GSE30528,PIK3CB,-0.5378303710360778,0.19526572573440815
GSE30528,PIK3R1,0.3870401552569449,0.19177919007872105
GSE30528,PIK3R2,0.4945091369721113,0.1941476701979106
GSE30528,PLCG1,0.52182043909351,0.19484160230058162
GSE30528,PLEC,0.40351458020312486,0.19210478844510062
GSE30528,PLG,-0.18190030279202307,0.18886138103808378
GSE30528,PLOD1,0.630580700138767,0.19797498851887546
GSE30528,PLOD2,0.38313735971981755,0.19170404394451485
GSE30528,PLOD3,-0.5119892482321454,0.19458751279182096
GSE30528,PMEPA1,-2.781991568130217,0.3815211151628787
GSE30528,PPBP,-0.34758946576486266,0.1910546489519556
GSE30528,PPIA,0.502367641079142,0.19434351920427356
GSE30528,PPIB,0.7823444464388587,0.20333575885603114
GSE30528,PPIL2,1.816821057373688,0.2705551568970992
GSE30528,PPM1A,-0.1529639218901411,0.18861913706918837
GSE30528,PPP1CA,0.9445184795722895,0.21033706699052676
GSE30528,PPP1CB,0.7724874001971866,0.20295260762077325
GSE30528,PPP1CC,-0.45929621017208333,0.193308013251149
GSE30528,PPP1R15A,-1.142120257864824,0.22064515511981833
GSE30528,PRKCA,0.42991934688466943,0.19265495415483155
GSE30528,PRKCZ,0.13306066860629354,0.18847681657243687
GSE30528,PROC,-0.2824291306077404,0.19002834337958413
GSE30528,PROCR,1.6175720781068517,0.253447673730961
GSE30528,PROS1,0.2030205321349655,0.18906462144589714
GSE30528,PROZ,0.3216587547615491,0.1906207968970568
GSE30528,PRSS1,0.6359308890714487,0.1981443904260681
GSE30528,PRSS2,0.49938526678487033,0.19426882915123295
GSE30528,PRTN3,0.12116944934015852,0.18840123892052296
GSE30528,PSEN1,0.8260299440776399,0.20509232474701075
GSE30528,PSG1,0.5196442037092492,0.1947849404954035
GSE30528,PSG11,0.5372384862417473,0.19524981781167114
GSE30528,PSG2,0.21563344057240788,0.1891966325515154
GSE30528,PSG3,0.38025010955489513,0.19164894167960078
GSE30528,PSG4,-0.06223004300195744,0.18813100249048867
GSE30528,PSG5,-0.11921088339190304,0.18838946890216499
GSE30528,PSG6,-1.4461816195737203,0.24032021995400976
GSE30528,PSG7,0.25559740238842116,0.18966743883688075
GSE30528,PSG9,0.41251492210236657,0.19228840205811606
GSE30528,PSMA1,-0.008008223440472952,0.18803579132525486
GSE30528,PSMA2,-0.42349002750376297,0.19251778311906648
GSE30528,PSMA3,-0.4117126991789036,0.1922718717008175
GSE30528,PSMA4,-0.14475802116528633,0.18855806015148027
GSE30528,PSMA5,-0.7068574508241435,0.2005253744288282
GSE30528,PSMA7,0.08346492634005398,0.1882083478824118
GSE30528,PSMB1,0.07909967076810404,0.1881906069820786
GSE30528,PSMB2,0.5654646376747694,0.19602794444570448
GSE30528,PSMB3,0.2700952134534832,0.1898579736424501
GSE30528,PSMB4,0.36360345087585333,0.19133937477140875
GSE30528,PSMB5,0.30588923467700296,0.1903733936314701
GSE30528,PSMB6,0.6617444996335587,0.19898183260406976
GSE30528,PSMB7,-0.03757766656602853,0.18806949005980172
GSE30528,PSMC1,-0.24814713583752449,0.1895736130597972
GSE30528,PSMC2,-0.1271498098476489,0.18843836488779536
GSE30528,PSMC3,-0.18042733527204707,0.18884803861702232
GSE30528,PSMC4,0.2853062612401481,0.19006917960175881
GSE30528,PSMC5,-0.315244212731964,0.19051866087571293
GSE30528,PSMC6,-1.4294828918867388,0.23911972148910987
GSE30528,PSMD1,-1.8718986642572764,0.2756343032653924
GSE30528,PSMD11,0.25126116465629594,0.189612492355799
GSE30528,PSMD12,-1.4539813475085368,0.24088573200675656
GSE30528,PSMD13,0.4153192698051363,0.19234644043097482
GSE30528,PSMD14,-0.3745042872111489,0.1915405245626763
GSE30528,PSMD2,-0.19745171151882412,0.18900886749373086
GSE30528,PSMD3,-0.0013307335856559905,0.18803423230548494
GSE30528,PSMD6,-0.908051411589251,0.20864812218641882
GSE30528,PSMD7,-0.9809330020454787,0.21208992689673692
GSE30528,PSMD8,0.300426073979094,0.19029058368235033
GSE30528,PTPN11,0.008486920168954512,0.1880359887295369
GSE30528,PTPN6,1.2291876852236798,0.22580674717182675
GSE30528,PTPRS,0.3337551404063841,0.19081900037788016
GSE30528,PXDN,-0.01740140614526163,0.18804175825758385
GSE30528,RBL1,0.5285639977659997,0.19501868552754742
GSE30528,RBX1,-0.0847385259595174,0.18821370347873284
GSE30528,RHOA,0.032348597056466116,0.18806034882747608
GSE30528,RNF111,-1.4816093862157405,0.24291334736725262
GSE30528,RPS27A,-0.17005344901470693,0.18875714242223296
GSE30528,SCUBE3,-0.2915862690095926,0.1901597518410614
GSE30528,SDC1,0.9185099316346895,0.2091257003969771
GSE30528,SDC2,-2.044133666332483,0.29249624918003503
GSE30528,SDC3,-0.6971767971484772,0.20018557519624325
GSE30528,SDC4,-0.2682550031251601,0.18983320670173
GSE30528,SELE,0.6443553017551872,0.1984140319066885
GSE30528,SELL,0.9325438815595125,0.20977514031004008
GSE30528,SELP,-0.057891755729984194,0.18811797441872555
GSE30528,SELPLG,1.2505727525297212,0.2271324932684321
GSE30528,SERPINA10,1.1965119948635348,0.22382521188049592
GSE30528,SERPINA5,0.4074626090735248,0.19218483247901313
GSE30528,SERPINC1,0.04862214404807736,0.18809329085648382
GSE30528,SERPIND1,-0.7561557054274788,0.20232847430545123
GSE30528,SERPINE1,-0.25345281897397953,0.18964014632033446
GSE30528,SERPINE2,2.803839500232698,0.38457208661081665
GSE30528,SERPING1,-0.39848812222660523,0.19200400762308018
GSE30528,SERPINH1,2.180396815919769,0.3068874449060147
GSE30528,SGCA,0.4300324106075432,0.1926573848885114
GSE30528,SGCB,-0.9422532899344576,0.21023021959399577
GSE30528,SGCD,0.19565001600555554,0.18899116125326237
GSE30528,SGCE,-3.390217377262194,0.47537353466145177
GSE30528,SGCG,0.6738293954710312,0.1993853393892094
GSE30528,SH3PXD2A,0.19464960332449002,0.18898139973604758
GSE30528,SHC1,1.1285786825076798,0.21987643409945729
GSE30528,SIRPA,-1.1709685341912124,0.22231337073583596
GSE30528,SIRPG,0.5349738676640552,0.19518911401127398
GSE30528,SKI,-0.8293525991649995,0.20522983137773154
GSE30528,SKIL,-0.5406521708438703,0.19534180728014278
GSE30528,SLC16A1,1.1353078350379744,0.22025728504165334
GSE30528,SLC16A8,1.0957694206189341,0.2180519536132769
GSE30528,SLC3A2,0.13563694674581567,0.1884941225672512
GSE30528,SLC7A10,-0.10007932058648257,0.18828458479441434
GSE30528,SLC7A11,0.9423290606764821,0.21023378949907356
GSE30528,SLC7A5,-0.18946875127643734,0.18893164822694433
GSE30528,SLC7A6,0.6944333887249149,0.20009013131858724
GSE30528,SLC7A7,0.1322215776065481,0.18847125167380716
GSE30528,SLC7A8,0.48083938897236617,0.19381435098387098
GSE30528,SLC7A9,-0.3865199994181437,0.19176913078294308
GSE30528,SMAD2,-1.0488118033153109,0.2155343430035259
GSE30528,SMAD3,1.0252705818661785,0.21431368218519334
GSE30528,SMAD4,-0.2708792796619607,0.1898685776379426
GSE30528,SMAD7,-0.6065339777325836,0.19723127468779078
GSE30528,SMPD1,0.8895963179249725,0.20781872825582975
GSE30528,SMURF1,1.2104959771072155,0.22466670079900686
GSE30528,SMURF2,-0.6415968501052169,0.19832535098581144
GSE30528,SNTA1,-0.5708172647573501,0.1961799967778146
GSE30528,SNTB1,0.6716522889031062,0.19931210796390758
GSE30528,SNTB2,0.6299870312347433,0.19795627952228717
GSE30528,SNTG2,0.14728537144744194,0.1885765125502483
GSE30528,SNW1,0.3696467773087638,0.1914501565335569
GSE30528,SOS1,-0.35367077186093704,0.1911612634059058
GSE30528,SP1,-0.3255124310353939,0.19068314660315233
GSE30528,SPARC,-0.7569626005304092,0.20235899749923203
GSE30528,SPN,0.009602224716788224,0.18803649310217582
GSE30528,SPOCK3,-0.06639599357549178,0.18814439873325994
GSE30528,SPP1,1.6812111487642827,0.258695961202421
GSE30528,SRC,1.3519966721809558,0.2337315630738975
GSE30528,SSPN,0.8686331471644928,0.20689727664301033
GSE30528,STAT1,0.40969364187650015,0.1922304100390388
GSE30528,STRAP,-1.2084097395847908,0.22454054050227257
GSE30528,STUB1,0.5443337711676111,0.19544166939502686
GSE30528,TEK,-1.0489733742484968,0.21554281653124496
GSE30528,TFDP1,0.595292799876278,0.1968935259738015
GSE30528,TFDP2,0.04850633275196713,0.18809300964211415
GSE30528,TFPI,-0.6848585784909562,0.19975996984750435
GSE30528,TGFB1,0.48880155073099874,0.19400736193411375
GSE30528,TGFB2,0.447592762731469,0.19304267006542775
GSE30528,TGFB3,0.23797599387294993,0.1894500023756835
GSE30528,TGFBR1,1.0585102518394198,0.21604528686541682
GSE30528,TGFBR2,-1.346349333047674,0.23335060119913595
GSE30528,TGFBR3,-3.669461949785813,0.5246579630573356
GSE30528,TGIF1,0.5748640172903949,0.19629590399356933
GSE30528,TGIF2,-0.19158894791759357,0.1889518461582923
GSE30528,THBD,-0.42861499576917966,0.19262695839914337
GSE30528,THBS1,0.5935071020133793,0.19684045503769604
GSE30528,TIMP1,-0.6909428210807919,0.1999692375842651
GSE30528,TIMP2,-1.8390423456372744,0.2725861067603642
GSE30528,TLL1,0.33740201140988346,0.19088019096677392
GSE30528,TLL2,0.06480868123180528,0.18813919216326316
GSE30528,TMPRSS6,1.5321262175200225,0.24671945669449333
GSE30528,TNC,1.4282354440235703,0.23903060012331817
GSE30528,TNFRSF10B,-0.16940970514386502,0.18875167923911132
GSE30528,TNFRSF10D,-0.0003729390175617855,0.18803419151127582
GSE30528,TNN,0.7367942441271537,0.2016058319886606
GSE30528,TNR,0.2821977368355219,0.19002507710106528
GSE30528,TNXB,0.9968796702273176,0.21287841495700116
GSE30528,TPSAB1,1.3027117471820617,0.23046063544034154
GSE30528,TREM1,-0.13496976316892495,0.18848960895843492
GSE30528,TRIM33,0.2217142808749245,0.18926311859278516
GSE30528,TSPAN7,-1.0070128502832671,0.2133860600500788
GSE30528,TTR,0.7479435499015611,0.20201967688017175
GSE30528,UBA52,0.8104079507213025,0.20445321419899556
GSE30528,UBB,-1.4675785914655162,0.24187886108738574
GSE30528,UBC,-0.9100833638905133,0.20874048126494485
GSE30528,UBE2D1,0.33968678598407,0.1909188658484927
GSE30528,UBE2D2,-0.44108248329314287,0.19289803196088917
GSE30528,UBE2D3,0.6127273708773413,0.1974200588097445
GSE30528,UBE2M,0.2739494274371112,0.18991039525401607
GSE30528,UCHL5,0.3036439961849487,0.19033917994466715
GSE30528,USP9X,-2.768295784663819,0.37962072681887477
GSE30528,UTRN,-0.10761272263309839,0.18832370048600075
GSE30528,VCAM1,1.1080840486910404,0.21873044450827622
GSE30528,VCAN,1.1091581832029518,0.21878998491833984
GSE30528,VEGFA,-1.9419375363079576,0.28231222290723357
GSE30528,VHL,0.5675306298162334,0.1960864634286783
GSE30528,VPREB1,0.8707492351985462,0.20698929379915937
GSE30528,VPREB3,0.41279333515859423,0.1922941464729719
GSE30528,VWF,1.6216684118204179,0.25377939898159196
GSE30528,WWTR1,0.30350385439815425,0.19033705277505145
GSE30528,XCL1,1.056355056397763,0.21593133816361607
GSE30528,XCR1,-0.13419387912191172,0.1884843879640327
GSE30528,XPO1,-0.9347211355450121,0.20987677806505195
GSE30528,YBX1,1.3938045702738922,0.23660146753709776
GSE30528,YES1,0.10002533229468848,0.1882843147117046
GSE30528,ZFYVE9,0.48397754747976396,0.1938900446958012
GSE104948_H7,A2M,1.6113926393272504,0.25486022532743846
GSE104948_H7,ACAN,-0.38644354972580014,0.20165919008932182
GSE104948_H7,ACKR2,-1.3959221463807807,0.240773538385662
GSE104948_H7,ACKR3,0.12814274187414762,0.1987696671582424
GSE104948_H7,ACTA1,-0.1307762262320159,0.19878449018112204
GSE104948_H7,ACTA2,3.694190313785982,0.49508752611857165
GSE104948_H7,ACTB,0.47283056112135363,0.20327288840248828
GSE104948_H7,ACTC1,2.53826505750664,0.3384733397639851
GSE104948_H7,ACTG1,0.4820743851759166,0.20346477912667096
GSE104948_H7,ACTG2,0.046892658599951356,0.19846050105249344
GSE104948_H7,ACTN1,3.389660057272311,0.4481908571924229
GSE104948_H7,ADAM10,1.4058184439880816,0.24137629618350429
GSE104948_H7,ADAM12,3.7345822317105317,0.5016106211389596
GSE104948_H7,ADAM15,0.676372852390204,0.20835792092249103
GSE104948_H7,ADAM17,0.33480388216663054,0.2008495166629994
GSE104948_H7,ADAM19,0.6445033529123037,0.2074427978021593
GSE104948_H7,ADAM8,0.8818317892095447,0.21531763981401378
GSE104948_H7,ADAM9,0.7304286273636365,0.21001108927514028
GSE104948_H7,ADAMTS1,3.427093159743603,0.45373807940316346
GSE104948_H7,ADAMTS13,0.21731139080200887,0.19943931233818327
GSE104948_H7,ADAMTS2,1.6672980894201097,0.2588449357819147
GSE104948_H7,ADAMTS3,1.002383833602778,0.2202555973228767
GSE104948_H7,ADAMTS5,0.970536665083853,0.2188896857664394
GSE104948_H7,ADAMTS8,0.20972046853700613,0.19936884351972844
GSE104948_H7,ADRM1,0.8854886923579086,0.21545813807125752
GSE104948_H7,AGRN,-0.35515961127611506,0.20115483644491147
GSE104948_H7,ANGPT1,0.4076781464445884,0.20202577387114395
GSE104948_H7,ANGPT2,1.4700433052263937,0.2453915531788058
GSE104948_H7,ANGPT4,-1.1818743868936215,0.22877850420389784
GSE104948_H7,APOB,-1.611119693069521,0.254841104182186
GSE104948_H7,APP,0.06815853101367012,0.1985136893985667
GSE104948_H7,ARHGEF18,-0.7473335102775679,0.21055416309930258
GSE104948_H7,ARNT,-0.9120111987138988,0.21649453377312367
GSE104948_H7,ASPN,2.3821148523214575,0.3217707673181436
GSE104948_H7,ATP1B1,-0.11662705465319735,0.19870839123611317
GSE104948_H7,ATP1B2,0.009344343231317382,0.19841459660292501
GSE104948_H7,ATP1B3,1.8271154126689204,0.2709855403955749
GSE104948_H7,ATP1B4,-0.32063232748069387,0.2006475916610829
GSE104948_H7,BAMBI,0.7577990629454336,0.21089659884315443
GSE104948_H7,BCAN,-0.9764141549324763,0.21913845062905712
GSE104948_H7,BGN,2.4426289305974898,0.328117830860347
GSE104948_H7,BMP1,1.2228174060754733,0.23091883773011468
GSE104948_H7,BMP10,-0.5907358188645166,0.20599897684073168
GSE104948_H7,BMP2,1.4623883444294745,0.24490356080233275
GSE104948_H7,BMP4,0.9104670342528702,0.2164333553792466
GSE104948_H7,BMP7,-1.9678155593340931,0.2825930913595973
GSE104948_H7,BSG,1.2686653646811064,0.23340208553316458
GSE104948_H7,C1QA,2.9850880724312607,0.39212467232946757
GSE104948_H7,C1QB,2.9638150319784837,0.3893735580601249
GSE104948_H7,C1R,2.386126931903156,0.3221866491769064
GSE104948_H7,C1S,1.4107878860664214,0.24168057796643236
GSE104948_H7,C2,1.842753976146011,0.2722331813823056
GSE104948_H7,C3,2.350584250125266,0.31852674878089315
GSE104948_H7,C3AR1,2.7820247512784846,0.3666662139937009
GSE104948_H7,C4BPA,0.00534781927785883,0.19841332013380772
GSE104948_H7,C4BPB,-0.20628266490169028,0.1993377535831102
GSE104948_H7,C5,0.21476133875455716,0.1994153599914734
GSE104948_H7,C5AR1,0.9177735634380838,0.21672374871152097
GSE104948_H7,C5AR2,-0.5828975175809707,0.2057989922388301
GSE104948_H7,C6,-1.1408550978113894,0.2267072713301383
GSE104948_H7,C7,0.7293983326731412,0.2099783924932714
GSE104948_H7,C8A,-0.21140369801173048,0.1993842532721122
GSE104948_H7,C8B,-0.5912656832973546,0.2060125920702003
GSE104948_H7,C8G,0.2761167626368897,0.2000700998607218
GSE104948_H7,C9,0.14131190471619343,0.19884680829127488
GSE104948_H7,CA9,-1.1570731261410323,0.2275174423091719
GSE104948_H7,CAPN1,1.216325786599605,0.23057462056807118
GSE104948_H7,CAPN10,-0.443500734091467,0.2026886310461695
GSE104948_H7,CAPN11,-0.8168416235386495,0.21291770358542136
GSE104948_H7,CAPN15,0.23233192541212122,0.19958613588151805
GSE104948_H7,CAPN2,-0.08538867095610408,0.19857120330677774
GSE104948_H7,CAPN3,-0.9346261120524508,0.21740239339813927
GSE104948_H7,CAPN5,0.3368349266221098,0.2008791716255793
GSE104948_H7,CAPN6,2.5019955231133855,0.33449925488399024
GSE104948_H7,CAPN7,-0.4090000853708904,0.20204924340907657
GSE104948_H7,CAPN9,-1.6213363226546138,0.25555903474224595
GSE104948_H7,CAPNS1,1.1594241385053266,0.2276358360854988
GSE104948_H7,CASK,0.7500295842335694,0.21064192400455886
GSE104948_H7,CASP3,3.012618332036387,0.3957142030762137
GSE104948_H7,CAST,0.023634409503478948,0.19842484157166748
GSE104948_H7,CAV1,2.733000796858947,0.3607886409264297
GSE104948_H7,CBL,-0.6317171807329751,0.2070880592047249
GSE104948_H7,CCL1,-1.8117804495925516,0.2697724461849982
GSE104948_H7,CCL11,1.033760371287726,0.22164444852671877
GSE104948_H7,CCL13,1.4522048910110599,0.24425832983609935
GSE104948_H7,CCL16,-0.7370778832173495,0.210223215932876
GSE104948_H7,CCL17,-0.510318000662453,0.20407409975617935
GSE104948_H7,CCL19,1.2913499291178172,0.23466453840036344
GSE104948_H7,CCL2,2.7683733815423874,0.3650190284047078
GSE104948_H7,CCL20,1.6316034367762104,0.2562850848235667
GSE104948_H7,CCL21,1.1671931699560565,0.22802878310817815
GSE104948_H7,CCL22,-0.7960537914007768,0.2121888209953843
GSE104948_H7,CCL25,-0.8989129361598562,0.21597888247347088
GSE104948_H7,CCL27,-0.3223843699657625,0.2006720828039641
GSE104948_H7,CCL4,2.133562628481163,0.29737116557903426
GSE104948_H7,CCL5,3.299413155285577,0.43506763687512295
GSE104948_H7,CCL7,-0.83364566587205,0.2135206352872039
GSE104948_H7,CCNC,0.8905563388387446,0.215653798252826
GSE104948_H7,CCNK,0.7684156331565198,0.2112488415709448
GSE104948_H7,CCNT1,-0.23063107490589604,0.1995690178194864
GSE104948_H7,CCNT2,0.0690886035833854,0.19851646439411366
GSE104948_H7,CCR1,3.496660898680806,0.4642091645075519
GSE104948_H7,CCR10,1.2718855709828067,0.23357993549257364
GSE104948_H7,CCR2,2.152884901491467,0.29917168534900107
GSE104948_H7,CCR3,-0.21466479341291048,0.19941445870685073
GSE104948_H7,CCR4,-1.7203262397616537,0.2627501412651434
GSE104948_H7,CCR5,2.2618532305994483,0.3096296557338541
GSE104948_H7,CCR6,1.052331614021451,0.22248665114898084
GSE104948_H7,CCR7,0.30083321556148607,0.20038010327324327
GSE104948_H7,CCR8,-1.3767015848003916,0.23961503001252252
GSE104948_H7,CCR9,0.18482842752227455,0.19915534075227137
GSE104948_H7,CCRL2,1.5661605225109407,0.25173571541860584
GSE104948_H7,CD151,1.0842777199311469,0.22397048480267853
GSE104948_H7,CD177,-1.5068001871469103,0.2477702376297846
GSE104948_H7,CD19,0.3614814267840789,0.20125332497595608
GSE104948_H7,CD2,2.1560952068250305,0.2994724058234347
GSE104948_H7,CD244,2.954814654869165,0.38821551677421107
GSE104948_H7,CD44,3.844691689641461,0.5197530068561356
GSE104948_H7,CD46,-0.8716994365390253,0.21493139205753437
GSE104948_H7,CD47,-0.15638569002072014,0.19894436110929095
GSE104948_H7,CD48,4.274465208830612,0.595609498880162
GSE104948_H7,CD55,1.487049193920938,0.24648477026358778
GSE104948_H7,CD58,1.2079257737742544,0.2301319304767882
GSE104948_H7,CD59,0.549537440122902,0.2049777288061078
GSE104948_H7,CD74,0.9946765641183084,0.21992099117805064
GSE104948_H7,CD81,0.15830369516962328,0.19895748232366267
GSE104948_H7,CD84,1.1186785224087232,0.2256179513800585
GSE104948_H7,CD99,1.3826075938533293,0.23996930186010912
GSE104948_H7,CDH1,0.3879668939244074,0.20168483560359737
GSE104948_H7,CDK8,1.9068803037921038,0.27746036130379115
GSE104948_H7,CDK9,-0.11414191246633888,0.19869592398186087
GSE104948_H7,CDKN2B,3.5139441818544164,0.4668432139167963
GSE104948_H7,CEACAM1,-0.2725808529358326,0.20002792279068157
GSE104948_H7,CEACAM3,-0.7951825297329906,0.21215868222992793
GSE104948_H7,CEACAM5,0.09367580928529778,0.19860346270063875
GSE104948_H7,CEACAM6,-1.4031271936225123,0.24121195757537203
GSE104948_H7,CEACAM8,0.5429758180552777,0.2048218883908027
GSE104948_H7,CFB,1.9417901463218694,0.28038115433340943
GSE104948_H7,CFD,3.5784070934644663,0.47678220551175954
GSE104948_H7,CFH,1.6752462118290128,0.2594224782006866
GSE104948_H7,CFHR2,0.8694748899531536,0.21484718937485164
GSE104948_H7,CFHR5,-0.5710617073729372,0.20550207827417002
GSE104948_H7,CFI,1.0656622589976348,0.2231004386355667
GSE104948_H7,CFP,2.48011236217174,0.33212916208654814
GSE104948_H7,CITED2,-0.9775790735823583,0.2191879341758754
GSE104948_H7,CLU,2.49593015720648,0.3338402494921063
GSE104948_H7,CMA1,0.5449253565657943,0.20486799502635836
GSE104948_H7,COL10A1,1.5224859207735244,0.24880320665082029
GSE104948_H7,COL11A1,2.014657689419582,0.28664847244612124
GSE104948_H7,COL11A2,-1.0803431293915133,0.2237853348740777
GSE104948_H7,COL13A1,1.5267280807689472,0.24908440781722954
GSE104948_H7,COL14A1,1.3374706594236374,0.23730025851746145
GSE104948_H7,COL15A1,3.50186708448815,0.46500124357403616
GSE104948_H7,COL16A1,2.5235100302374187,0.3368497173846301
GSE104948_H7,COL17A1,-0.9873973647605477,0.21960734093304785
GSE104948_H7,COL18A1,0.9251778322741857,0.21702039452860192
GSE104948_H7,COL19A1,-0.35018170934590637,0.20107850775096842
GSE104948_H7,COL1A1,2.7460947365388853,0.36234827019631943
GSE104948_H7,COL1A2,2.8076820491117105,0.36978396991061435
GSE104948_H7,COL21A1,2.4199747038076382,0.32572308030549985
GSE104948_H7,COL2A1,-0.7528664641356412,0.21073460956096152
GSE104948_H7,COL3A1,1.9379680731991475,0.2800587908635509
GSE104948_H7,COL4A1,1.9145446359999378,0.2780970715265274
GSE104948_H7,COL4A2,1.993272372194264,0.2847851929725451
GSE104948_H7,COL4A3,-0.5357412002979861,0.20465223392784465
GSE104948_H7,COL4A4,0.39056411975439653,0.20172879257877507
GSE104948_H7,COL4A5,-1.1181732580063328,0.22559338178053528
GSE104948_H7,COL4A6,-0.3139407776327591,0.20055528127923453
GSE104948_H7,COL5A1,2.4803835593603547,0.3321584071419406
GSE104948_H7,COL5A2,3.3904274122613716,0.44830396010429274
GSE104948_H7,COL5A3,0.30320938919972457,0.20041130566702167
GSE104948_H7,COL6A1,1.3744308562586756,0.23947922403521918
GSE104948_H7,COL6A2,2.2403209126204415,0.30752221561975246
GSE104948_H7,COL6A3,2.1831165184177372,0.30202134478201104
GSE104948_H7,COL7A1,1.948496291543933,0.2809483027205345
GSE104948_H7,COL8A2,2.0607009860828662,0.29072766697884833
GSE104948_H7,COL9A1,-0.5430249995558619,0.20482304950275587
GSE104948_H7,COL9A2,0.5803436573867994,0.2057344106011568
GSE104948_H7,COL9A3,-0.010600230918413719,0.1984151411278185
GSE104948_H7,COLEC10,-0.5508125729239669,0.20500823081467928
GSE104948_H7,COLEC11,-0.3520519301541092,0.20110705844585566
GSE104948_H7,COLGALT1,3.386049316344026,0.4476590021673472
GSE104948_H7,COLGALT2,1.5050337406709828,0.24765458016396125
GSE104948_H7,COMP,2.6812551369965396,0.35469811384031436
GSE104948_H7,CPB2,-1.3062076863537164,0.23550353580160122
GSE104948_H7,CPN1,-1.6747691640934501,0.25938773652135655
GSE104948_H7,CPN2,-0.8286119281494184,0.2133387359664266
GSE104948_H7,CR1,-2.24545222695586,0.3080226050114165
GSE104948_H7,CR2,-0.857127202768462,0.21438372105890902
GSE104948_H7,CREBBP,-0.05807489887239504,0.19848601784485143
GSE104948_H7,CRP,-1.5684263860602714,0.25189011859726546
GSE104948_H7,CRTAP,1.618534118615513,0.25536167000231785
GSE104948_H7,CTRB2,-0.7544075599536103,0.21078510638041928
GSE104948_H7,CTSB,0.40086006719014133,0.20190593305330023
GSE104948_H7,CTSD,0.3914393779843397,0.2017436720352368
GSE104948_H7,CTSG,0.4138164519087128,0.2021353952794444
GSE104948_H7,CTSK,2.987417298684668,0.3924270922492288
GSE104948_H7,CTSL,0.4238959469633063,0.20231895436600097
GSE104948_H7,CTSS,3.628757300029362,0.48467094933696764
GSE104948_H7,CTSV,-2.7175261613734865,0.35895505575507486
GSE104948_H7,CUL2,0.3465709000698608,0.20102381555998608
GSE104948_H7,CX3CL1,-0.08226098184676219,0.19855980426344608
GSE104948_H7,CX3CR1,4.383141900000788,0.6160634139679705
GSE104948_H7,CXADR,-1.455585979730867,0.2444720580733303
GSE104948_H7,CXCL1,3.1001334336005457,0.4073437268067834
GSE104948_H7,CXCL10,0.3373992239188159,0.20088744268011186
GSE104948_H7,CXCL11,0.007117558509914639,0.19841379970920148
GSE104948_H7,CXCL12,0.6139352886354212,0.20660653620904315
GSE104948_H7,CXCL13,-0.8662731876688867,0.21472637744909
GSE104948_H7,CXCL2,0.8202443724941318,0.21303880342592213
GSE104948_H7,CXCL3,1.804381532848832,0.26919080093630493
GSE104948_H7,CXCL5,0.979844605952999,0.21928433866955033
GSE104948_H7,CXCL6,2.8333252586608673,0.37292861192064775
GSE104948_H7,CXCL8,0.8229148564908143,0.21313419539168313
GSE104948_H7,CXCL9,0.22692039243985243,0.1995321085106344
GSE104948_H7,CXCR1,-0.690162212299592,0.20876756535370422
GSE104948_H7,CXCR2,-0.1294434064531537,0.1987769504882244
GSE104948_H7,CXCR3,0.8467981232945627,0.21400111279563738
GSE104948_H7,CXCR4,0.6740174714936159,0.2082887756274516
GSE104948_H7,CXCR5,-1.0319445761603219,0.22156290728806158
GSE104948_H7,CXCR6,0.872250584623987,0.21495228716002204
GSE104948_H7,DAG1,-0.10690000981832631,0.1986611247626801
GSE104948_H7,DCN,-0.9201478971013892,0.216818614772266
GSE104948_H7,DDR1,1.1016406322612453,0.22479556977463222
GSE104948_H7,DDR2,1.0869247568519307,0.22409542508786423
GSE104948_H7,DMD,-1.1881782826860798,0.2291032990963254
GSE104948_H7,DMP1,-0.663562825330469,0.20798477717705827
GSE104948_H7,DOK2,2.759688786959433,0.36397535495334243
GSE104948_H7,DRP2,-0.63042565299031,0.2070526224115736
GSE104948_H7,DSPP,-0.6365314994362784,0.2072207929730157
GSE104948_H7,DST,-0.6288550955416397,0.20700962735158285
GSE104948_H7,DTNA,-1.0443985277018366,0.22212505242717154
GSE104948_H7,DTNB,-0.4491657175570067,0.20279856453940495
GSE104948_H7,E2F4,-0.6077856469282638,0.20644320694774204
GSE104948_H7,E2F5,0.26235472874431753,0.1999090028408398
GSE104948_H7,EFEMP1,-0.3851977541983306,0.2016382921048601
GSE104948_H7,EFEMP2,1.317757240903142,0.23616235375949537
GSE104948_H7,EGLN1,-0.7805705335412951,0.2116581409742841
GSE104948_H7,EGLN3,1.1037929804359201,0.22489876240529866
GSE104948_H7,ELANE,-0.5105650437441859,0.20407958241038324
GSE104948_H7,ELN,1.9101825899157592,0.2777343837782914
GSE104948_H7,EMILIN1,1.9637304031147687,0.2822439396326395
GSE104948_H7,EP300,-0.5783627425578014,0.20568451280354583
GSE104948_H7,EPAS1,-0.5821258481031107,0.2057794484785629
GSE104948_H7,EPCAM,0.1803314314933787,0.19911964243844735
GSE104948_H7,EPO,-1.306671404887352,0.23552987581161766
GSE104948_H7,F10,0.5810618452423768,0.20575254336914353
GSE104948_H7,F11,-0.5835873206467985,0.2058164845174747
GSE104948_H7,F11R,1.9335982044505131,0.27969100311387773
GSE104948_H7,F12,0.25009851723710036,0.1997724651153983
GSE104948_H7,F13A1,1.4954037283007773,0.247026444295652
GSE104948_H7,F13B,-0.7841562232786133,0.2117801110758849
GSE104948_H7,F2,-0.9135677082226338,0.2165563061845931
GSE104948_H7,F2R,-0.753499711708335,0.21075534657671022
GSE104948_H7,F3,-0.8635190101539268,0.21462280886698573
GSE104948_H7,F5,-0.4262863964821502,0.20236313519151877
GSE104948_H7,F7,-1.175627921466351,0.22845837253729173
GSE104948_H7,F8,-0.3557772965736362,0.20116438286394286
GSE104948_H7,F9,-1.0500041698253268,0.22238028007901522
GSE104948_H7,FBLN1,1.0811023901754087,0.22382101097885018
GSE104948_H7,FBLN2,1.6488164428522276,0.2575126041131304
GSE104948_H7,FBLN5,0.9284802190773495,0.21715347052613151
GSE104948_H7,FBN1,2.9181969416052276,0.38354038080387454
GSE104948_H7,FBN2,2.764178072226808,0.3645144465644269
GSE104948_H7,FCER1G,4.016631623422931,0.5491372548970709
GSE104948_H7,FCN1,3.4783259711370453,0.46142903670588253
GSE104948_H7,FCN2,0.34318088772812116,0.20097298366708669
GSE104948_H7,FCN3,-0.3704007640462202,0.20139523593456848
GSE104948_H7,FGA,-0.471066965560758,0.20323670028319016
GSE104948_H7,FGB,0.4144274635217208,0.20214639672837334
GSE104948_H7,FGF2,1.4860829828046391,0.24642232084273175
GSE104948_H7,FGG,0.9090584071388337,0.21637763727334608
GSE104948_H7,FKBP1A,0.6325081542391813,0.20710979765572135
GSE104948_H7,FMOD,2.5083768878159427,0.3351943203981157
GSE104948_H7,FN1,5.994315551952164,0.9795391970295587
GSE104948_H7,FURIN,-0.47782730255705613,0.20337615343593649
GSE104948_H7,FYN,-1.5491932841794223,0.25058660779849457
GSE104948_H7,GAS6,-0.1482029650031942,0.19889017925695357
GSE104948_H7,GDF5,-0.9367117760727783,0.21748724083516402
GSE104948_H7,GLG1,-0.5182244495558067,0.20425088493699012
GSE104948_H7,GP1BA,-0.743553722159105,0.21043165792871274
GSE104948_H7,GP5,-0.842294944565741,0.21383575870924199
GSE104948_H7,GP6,-0.3089776915514916,0.20048807262740467
GSE104948_H7,GP9,-0.6451457312331342,0.20746080742418396
GSE104948_H7,GPC1,1.760615359354922,0.2657989254474041
GSE104948_H7,GPC3,1.307125750285924,0.23555569247923186
GSE104948_H7,GPC4,0.3347518933424978,0.2008487599365329
GSE104948_H7,GPC5,0.17536340178277005,0.19908122716671633
GSE104948_H7,GRB14,0.7707055548538579,0.21132546041884173
GSE104948_H7,GRB2,1.8672989629418764,0.27421281617365073
GSE104948_H7,GRB7,0.6056805569528502,0.20638767530554003
GSE104948_H7,GYPA,-1.4907556357338307,0.24672470635774574
GSE104948_H7,GYPB,-0.6326490272252602,0.20711367214419987
GSE104948_H7,GYPC,1.8745144243815959,0.2747997490043216
GSE104948_H7,GZMM,-0.045371876886532,0.19845745074339854
GSE104948_H7,HAPLN1,-0.7293353493208812,0.2099763951902856
GSE104948_H7,HDAC1,0.6990759362583671,0.20903676720955738
GSE104948_H7,HIF1A,0.5790931374971103,0.20570289106261683
GSE104948_H7,HIF1AN,0.6749677541775926,0.2083166433948624
GSE104948_H7,HIF3A,-1.7501468084704144,0.2649999560474631
GSE104948_H7,HIGD1A,0.05438243237754061,0.19847699078120487
GSE104948_H7,HRAS,0.49248351939999035,0.20368530747532015
GSE104948_H7,HSPG2,2.873068483413441,0.37785883994277686
GSE104948_H7,HTRA1,-0.8469170553752159,0.21400549186238157
GSE104948_H7,IBSP,-0.42774819972693956,0.20239027498595138
GSE104948_H7,ICAM1,1.3393313042920618,0.2374085319487131
GSE104948_H7,ICAM2,1.3299324676744597,0.23686314120780008
GSE104948_H7,ICAM3,0.8013953796511738,0.21237431916326904
GSE104948_H7,ICAM4,0.5379742247634041,0.20470435638030243
GSE104948_H7,ICAM5,-0.5061285264905417,0.2039815263546003
GSE104948_H7,IGHM,0.8403191716373466,0.21376348776533485
GSE104948_H7,IGHV1-2,0.6166354169290852,0.20667876879120506
GSE104948_H7,IGHV1-46,-0.15908914949405972,0.19896290183632326
GSE104948_H7,IGHV3-23,1.0417337078791225,0.22200420098077633
GSE104948_H7,IGHV3-7,1.2093326411728575,0.23020586008674448
GSE104948_H7,IGHV4-34,-0.6843137004120035,0.2085928123381673
GSE104948_H7,IGKC,0.9419355237586481,0.21770057951962185
GSE104948_H7,IGKV4-1,0.6939498169601375,0.20888153207485075
GSE104948_H7,IGLL1,-0.08738270174126313,0.1985786926858202
GSE104948_H7,IGLV1-40,0.9350617703295586,0.21742010089817337
GSE104948_H7,IGLV2-14,0.1472706216547539,0.19888419049971096
GSE104948_H7,IGLV3-19,0.37057424906939207,0.2013980304577711
GSE104948_H7,IGLV3-25,0.5232646716594253,0.20436500094762983
GSE104948_H7,IGLV4-60,-0.568816224591753,0.2054464353118031
GSE104948_H7,IGLV5-45,0.700462173462608,0.20907894311817582
GSE104948_H7,IGLV6-57,0.9252562496509086,0.2170235490109172
GSE104948_H7,INPP5D,3.158731187955013,0.415316670537909
GSE104948_H7,ITGA10,1.032067411522098,0.22156841888934892
GSE104948_H7,ITGA2,0.5621156898001894,0.2052816994718189
GSE104948_H7,ITGA2B,0.2833687130421313,0.20015830335902784
GSE104948_H7,ITGA3,0.22991933826114197,0.19956189193675147
GSE104948_H7,ITGA4,2.33357122608901,0.31679432161336285
GSE104948_H7,ITGA5,2.009579397549694,0.28620420613131126
GSE104948_H7,ITGA6,-0.8642944102552919,0.21465193379527542
GSE104948_H7,ITGA7,2.0798855210006333,0.2924545197272218
GSE104948_H7,ITGA8,-0.09869654989548786,0.19862445947707388
GSE104948_H7,ITGA9,-0.0700553861176666,0.19851938878496134
GSE104948_H7,ITGAE,1.7598431578701208,0.2657398275497045
GSE104948_H7,ITGAL,2.592206175596838,0.34448949964753284
GSE104948_H7,ITGAM,1.856077623775422,0.27330452766225966
GSE104948_H7,ITGAV,-0.06658660518505222,0.19850908484726515
GSE104948_H7,ITGAX,1.692422613679579,0.2606799658756118
GSE104948_H7,ITGB2,3.680644601835884,0.4929158437392991
GSE104948_H7,ITGB3,0.9445350799382125,0.21780718791778286
GSE104948_H7,ITGB4,0.5526969704670421,0.20505343626407768
GSE104948_H7,ITGB5,-0.329864276800839,0.2007781427846406
GSE104948_H7,ITGB6,1.6430703051175068,0.25710139466397963
GSE104948_H7,ITGB7,1.0887714279697434,0.22418276846407392
GSE104948_H7,ITGB8,0.043382569684650533,0.1984536124855776
GSE104948_H7,JAM2,0.5619954299847497,0.20527876065886674
GSE104948_H7,JAM3,-0.6816504027111847,0.20851372605435753
GSE104948_H7,JCHAIN,1.2495147858158924,0.23235372449905786
GSE104948_H7,JUNB,-0.7055960204087739,0.2092358667608875
GSE104948_H7,KDR,-0.13766630061867707,0.19882469863717736
GSE104948_H7,KLK2,-1.4743476921219145,0.2456670705271596
GSE104948_H7,KLK7,-1.000549954710562,0.22017574649685726
GSE104948_H7,KLKB1,-0.021619010867994806,0.1984228588829356
GSE104948_H7,KNG1,-0.3014774904295204,0.20038853922216973
GSE104948_H7,KRAS,-0.468592615921794,0.2031861557974034
GSE104948_H7,L1CAM,1.1387958662651834,0.2266052206957999
GSE104948_H7,LAMA2,1.8251737594308628,0.2708313778065025
GSE104948_H7,LAMA3,-1.1545021360796117,0.2273882458520981
GSE104948_H7,LAMA4,2.0140192221221196,0.2865925555230764
GSE104948_H7,LAMA5,0.11085840088047373,0.19867986330499787
GSE104948_H7,LAMB1,1.0904394085764306,0.22426178762523136
GSE104948_H7,LAMB2,0.5606619476650734,0.2052462162292113
GSE104948_H7,LAMB3,1.4265835854580742,0.24265488811483785
GSE104948_H7,LAMC1,3.8912231810339186,0.5275783037304317
GSE104948_H7,LAMC2,1.9967141313289243,0.2850837271572336
GSE104948_H7,LAMC3,2.0130472931192083,0.2865074680721456
GSE104948_H7,LCK,2.623249313111403,0.348009154037469
GSE104948_H7,LIMD1,-0.2266984396548895,0.19952991977230627
GSE104948_H7,LOX,-1.782365929316278,0.2674741833254697
GSE104948_H7,LOXL1,1.0750251130512682,0.223536154797283
GSE104948_H7,LOXL2,2.504031167460506,0.3347207872738641
GSE104948_H7,LRP4,0.45882238450004936,0.202989176250053
GSE104948_H7,LTBP1,1.8928899457019743,0.27630470594616846
GSE104948_H7,LTBP2,0.9810326606929193,0.21933498278979033
GSE104948_H7,LTBP3,0.9640965841885952,0.21861883370930965
GSE104948_H7,LTBP4,0.39814767178116184,0.20185881946801926
GSE104948_H7,LUM,1.2889772975726943,0.234531447840042
GSE104948_H7,LYN,2.1875483872497896,0.3024424363813757
GSE104948_H7,MADCAM1,-0.8325193454503289,0.21347983885941674
GSE104948_H7,MAG,0.18436065820886074,0.1991515865060724
GSE104948_H7,MAPK1,1.8980961840840913,0.2767337663264938
GSE104948_H7,MAPK3,0.4386352982922025,0.20259532721504384
GSE104948_H7,MASP1,-0.9348145665422277,0.2174100521913839
GSE104948_H7,MASP2,-1.6754124991522168,0.2594345906369479
GSE104948_H7,MATN1,-1.0571672239205419,0.2227084057894781
GSE104948_H7,MATN3,-0.18708346778040344,0.19917357284567103
GSE104948_H7,MATN4,0.8501954109105415,0.21412644268951023
GSE104948_H7,MBL2,0.6997282499753888,0.20905660327821188
GSE104948_H7,MEN1,1.117120229494036,0.22554221161149857
GSE104948_H7,MERTK,0.9440268813374956,0.21778632347112878
GSE104948_H7,MFAP2,1.6060587487341274,0.25448714850803383
GSE104948_H7,MFAP3,0.9887211376125828,0.21966420902056621
GSE104948_H7,MFAP4,1.1775018138610351,0.22855423149195989
GSE104948_H7,MFAP5,0.275454854864401,0.20006216313157596
GSE104948_H7,MIF,0.6632755705768224,0.20797649151104644
GSE104948_H7,MMP1,1.1817586657831338,0.22877255806820998
GSE104948_H7,MMP10,0.5788328344792844,0.20569633863598802
GSE104948_H7,MMP11,1.6336313800934168,0.25642903506543585
GSE104948_H7,MMP12,-0.4009647846332052,0.2019077583804365
GSE104948_H7,MMP13,0.02125868293348049,0.19842252301269983
GSE104948_H7,MMP14,-0.6615766651623186,0.20792756110590047
GSE104948_H7,MMP15,0.594531848041893,0.20609678794174424
GSE104948_H7,MMP16,-1.135559529588564,0.22644520809181581
GSE104948_H7,MMP17,-0.49898666954879073,0.20382547442112
GSE104948_H7,MMP19,0.4006313714155009,0.20190194832057373
GSE104948_H7,MMP2,2.8716116854445066,0.3776769086731645
GSE104948_H7,MMP20,-0.1897877050149763,0.19919572825997778
GSE104948_H7,MMP24,-0.47806751057373864,0.20338114503587604
GSE104948_H7,MMP25,-0.2552023859946667,0.19982853010438037
GSE104948_H7,MMP3,0.9274135711581425,0.21711043606418318
GSE104948_H7,MMP7,1.2290812062430618,0.23125271170704403
GSE104948_H7,MMP8,0.22829580098851085,0.1995457195594155
GSE104948_H7,MMP9,-0.25087072016402284,0.19978087489608135
GSE104948_H7,MTMR4,0.1965160824386659,0.19925223255741667
GSE104948_H7,MUSK,-1.1160474922759311,0.22549013330433743
GSE104948_H7,MYC,1.2163941076202613,0.23057823373994388
GSE104948_H7,NCAM1,0.4020841948823403,0.2019273005817023
GSE104948_H7,NCAN,-0.8780134101570218,0.2151715581608628
GSE104948_H7,NCOR1,-0.17586990801224459,0.19908509459844265
GSE104948_H7,NCOR2,0.1346187925500863,0.198806659701995
GSE104948_H7,NCSTN,0.3271952702422083,0.20074001895332605
GSE104948_H7,NEDD4L,-2.093082738602441,0.29365172777433957
GSE104948_H7,NEDD8,0.9702812931341156,0.21887891119108996
GSE104948_H7,NID1,0.7346012543787793,0.21014398108519572
GSE104948_H7,NID2,1.437578026323195,0.24333945019024825
GSE104948_H7,NRAS,3.8103557216211086,0.514039018527714
GSE104948_H7,NRXN1,-0.7866565818619905,0.21186549358197646
GSE104948_H7,OLR1,0.7629689813970542,0.21106751725126488
GSE104948_H7,P3H1,1.9559593463558318,0.28158176286045344
GSE104948_H7,P3H2,-0.6831578979225061,0.20855845305387008
GSE104948_H7,P3H3,1.847152377234404,0.2725860006892791
GSE104948_H7,P4HA1,-0.5162529330744327,0.20420654821504525
GSE104948_H7,P4HA2,-0.1428444062658669,0.19885627503012118
GSE104948_H7,P4HB,1.2302966378931108,0.2313176944390265
GSE104948_H7,PARD3,0.6713052672771239,0.20820945410561167
GSE104948_H7,PARD6A,-0.15322667929394057,0.19892309874416467
GSE104948_H7,PARP1,0.9097465833056626,0.21640484723522724
GSE104948_H7,PCOLCE,2.31212964044755,0.31462886089609227
GSE104948_H7,PCOLCE2,-1.0720402243109461,0.22339683412010414
GSE104948_H7,PDGFA,0.15874856465414292,0.19896054856008427
GSE104948_H7,PDGFB,1.8500504967037643,0.2728189340725646
GSE104948_H7,PECAM1,1.3766036974822595,0.23960917101969467
GSE104948_H7,PF4,0.38947685222143874,0.2017103553347923
GSE104948_H7,PF4V1,0.6697393643663957,0.208163803112305
GSE104948_H7,PICK1,-0.011196615075198651,0.198415423721158
GSE104948_H7,PIK3CA,0.08630348183898776,0.19857461778177518
GSE104948_H7,PIK3CB,-0.014806258321356004,0.19841746417977402
GSE104948_H7,PIK3R1,-0.8264426938649893,0.21326068811362928
GSE104948_H7,PIK3R2,-0.5812544274177548,0.20575740948645366
GSE104948_H7,PLCG1,0.8002602237420149,0.21233479462364666
GSE104948_H7,PLEC,-0.514092384200246,0.2041581544886265
GSE104948_H7,PLG,-1.6560370896520205,0.25803136889754913
GSE104948_H7,PLOD1,1.1211069069519595,0.2257361918217286
GSE104948_H7,PLOD2,0.7495281335115943,0.21062557717194566
GSE104948_H7,PLOD3,1.25665276442356,0.23274261515907613
GSE104948_H7,PMEPA1,-0.14461009561885554,0.19886730884215262
GSE104948_H7,PPBP,0.432873797180743,0.20248617067977828
GSE104948_H7,PPIB,1.9036995173152884,0.2771968691132737
GSE104948_H7,PPIL2,0.05419277656486078,0.1984765431307812
GSE104948_H7,PPM1A,-2.0971095960908146,0.29401853880435447
GSE104948_H7,PPP1CA,3.0104575059527994,0.39543127222025376
GSE104948_H7,PPP1CB,-0.9181586915769324,0.21673911978048677
GSE104948_H7,PPP1CC,-0.11045463177376234,0.19867792071009574
GSE104948_H7,PPP1R15A,-0.00832827427476306,0.1984142062420983
GSE104948_H7,PRKCA,-1.9936762991006305,0.28482020244738504
GSE104948_H7,PRKCZ,-0.14365715592819345,0.19886133707464138
GSE104948_H7,PROC,-0.23075267322089363,0.1995702374604938
GSE104948_H7,PROCR,2.1046770081708397,0.29470977034145834
GSE104948_H7,PROS1,1.7364581936348507,0.2639624170701247
GSE104948_H7,PROZ,-0.5390401791612363,0.20472931395074576
GSE104948_H7,PRSS1,-0.5806643779766586,0.20574250536598143
GSE104948_H7,PRTN3,-0.14604816344183352,0.19887639550062736
GSE104948_H7,PSEN1,0.5559966660064126,0.20513296564335592
GSE104948_H7,PSG1,-0.9276314282931515,0.21711922160307215
GSE104948_H7,PSG11,-1.4828626125928845,0.2462144707567374
GSE104948_H7,PSG2,-1.1834838984990226,0.22886126663022982
GSE104948_H7,PSG3,-1.0735151656438837,0.22346562908372916
GSE104948_H7,PSG4,-1.259853119067061,0.2329176958392854
GSE104948_H7,PSG5,-0.7363331867993592,0.21019936280361362
GSE104948_H7,PSG9,-0.8658064350997321,0.21470880239226595
GSE104948_H7,PSMA1,0.7119693037081187,0.20943226992188588
GSE104948_H7,PSMA2,-0.18649836891824786,0.19916882105637596
GSE104948_H7,PSMA3,1.1797796705766108,0.2286709608280431
GSE104948_H7,PSMA4,0.9136818470089982,0.21656084009865
GSE104948_H7,PSMA5,-0.8540226489384602,0.21426823504095632
GSE104948_H7,PSMA6,0.9414416685229091,0.21768035961337664
GSE104948_H7,PSMA7,1.5933485348433296,0.2536031234885111
GSE104948_H7,PSMB1,0.5128489241833968,0.20413039447869988
GSE104948_H7,PSMB2,-0.17325671160352749,0.1990652611978216
GSE104948_H7,PSMB3,0.9227043241160607,0.21692103036362181
GSE104948_H7,PSMB4,1.0401522228777693,0.22193262551612372
GSE104948_H7,PSMB5,1.0451689764597687,0.2221600503551758
GSE104948_H7,PSMB6,0.5713356185138404,0.2055088807818852
GSE104948_H7,PSMB7,0.8339774087383683,0.2135326618536976
GSE104948_H7,PSMC2,-2.1261225550904936,0.29668220100540554
GSE104948_H7,PSMC3,1.290824469941203,0.23463504215615466
GSE104948_H7,PSMC4,1.716878769466493,0.2624925399136719
GSE104948_H7,PSMC5,0.8117848749532807,0.21273866978667477
GSE104948_H7,PSMD1,0.15255653870440897,0.19891864401055645
GSE104948_H7,PSMD11,-0.2266952884351968,0.19952988871267052
GSE104948_H7,PSMD12,0.8296556150643799,0.21337636014330394
GSE104948_H7,PSMD13,1.228533947886298,0.23122347365420043
GSE104948_H7,PSMD14,1.0496599017980408,0.22236456600927823
GSE104948_H7,PSMD2,1.2512696699979877,0.2324491285661087
GSE104948_H7,PSMD3,0.27427007257478875,0.20004800434118059
GSE104948_H7,PSMD6,0.32414631554029,0.20069684697527113
GSE104948_H7,PSMD7,1.2368220033528299,0.23166766945569206
GSE104948_H7,PSMD8,1.2709832926684779,0.23353005776579416
GSE104948_H7,PTPN11,-0.6413747966891081,0.20735534253939394
GSE104948_H7,PTPN6,2.9347753725933527,0.38564979596879523
GSE104948_H7,PTPRS,0.4743811176938459,0.20330481677844758
GSE104948_H7,PXDN,2.8545270925544184,0.37555019671981105
GSE104948_H7,RBL1,-1.1011170772826995,0.2247704988014722
GSE104948_H7,RBX1,1.2566075732831083,0.232740146091665
GSE104948_H7,RHOA,1.2266097614161815,0.2311207746475128
GSE104948_H7,RNF111,0.6937779530128291,0.20887634728414778
GSE104948_H7,SDC1,-1.0097946806700357,0.22057977008899188
GSE104948_H7,SDC2,0.5024285875313337,0.2039004046207143
GSE104948_H7,SDC3,0.23107790476181023,0.19957350271854857
GSE104948_H7,SDC4,0.32069552646345106,0.20064847277560427
GSE104948_H7,SELE,1.7791050599042224,0.2672217161121942
GSE104948_H7,SELL,0.9388580428568659,0.21757475112219893
GSE104948_H7,SELP,0.2531556866892366,0.19980591149320054
GSE104948_H7,SELPLG,1.3639616153543417,0.23885598728574242
GSE104948_H7,SERPINA10,-0.9241022434128693,0.21697715398401793
GSE104948_H7,SERPINA5,-0.17616578006450306,0.1990873588923883
GSE104948_H7,SERPINC1,-0.5909832649033944,0.20600533361695655
GSE104948_H7,SERPIND1,-1.2514881357346332,0.23246101480149292
GSE104948_H7,SERPINE1,0.864672454897535,0.21466614307049253
GSE104948_H7,SERPINE2,1.5845564235790526,0.25299572144542964
GSE104948_H7,SERPING1,0.8851540437500188,0.21544525669893774
GSE104948_H7,SERPINH1,3.072196551802395,0.40359512564979677
GSE104948_H7,SGCA,-0.7554445917728535,0.2108191447439778
GSE104948_H7,SGCB,-1.4106129502394433,0.24166984831233376
GSE104948_H7,SGCD,-0.003812612056689642,0.1984130144129309
GSE104948_H7,SGCE,0.5564370790714795,0.20514361630325492
GSE104948_H7,SGCG,-0.47533056302582966,0.20332441893762127
GSE104948_H7,SH3PXD2A,1.4479945451673382,0.24399287673518463
GSE104948_H7,SHC1,2.194383006156439,0.3030934979280934
GSE104948_H7,SIRPA,-1.4574944612850305,0.24459291807957972
GSE104948_H7,SIRPG,0.6845199526426736,0.20859894983804467
GSE104948_H7,SKI,1.1037346219840134,0.22489596179892
GSE104948_H7,SKIL,0.45338590952088137,0.20288136760730877
GSE104948_H7,SLC16A1,0.17397483012204862,0.1990706819239157
GSE104948_H7,SLC16A3,1.7122981928949152,0.2621510701820722
GSE104948_H7,SLC16A8,-1.0225147721874885,0.22114175187664692
GSE104948_H7,SLC3A2,-0.48588700837256504,0.20354500678020365
GSE104948_H7,SLC7A10,-1.8594266602556482,0.2735750354750783
GSE104948_H7,SLC7A11,1.4677397587953493,0.2452444375333208
GSE104948_H7,SLC7A5,0.13558192843491476,0.1988123170935273
GSE104948_H7,SLC7A6,2.761327320476066,0.3641720151693839
GSE104948_H7,SLC7A7,-0.9419849748471785,0.2177026047787384
GSE104948_H7,SLC7A8,-1.649866216106428,0.2575878838702928
GSE104948_H7,SLC7A9,-1.3294326972495076,0.23683424833696146
GSE104948_H7,SMAD2,-0.2263278903946467,0.19952627045553517
GSE104948_H7,SMAD3,0.8451284078999252,0.21393969897442583
GSE104948_H7,SMAD4,-1.4757725832119448,0.24575845313791703
GSE104948_H7,SMAD7,0.3744891700072901,0.20146144055297555
GSE104948_H7,SMPD1,0.234196483348372,0.19960504608254068
GSE104948_H7,SMURF1,0.052060873584803706,0.19847161872918564
GSE104948_H7,SMURF2,0.5330437786110633,0.2045895608021758
GSE104948_H7,SNTA1,-1.6602962226010933,0.25833842769059967
GSE104948_H7,SNTB1,0.20354908934487792,0.1993133991034186
GSE104948_H7,SNTB2,0.5216586125869465,0.2043285181537014
GSE104948_H7,SNTG2,1.7888682575262567,0.26797899499498157
GSE104948_H7,SNW1,1.2934382800285964,0.2347818850266839
GSE104948_H7,SOS1,0.5041235844528924,0.2039374938127339
GSE104948_H7,SP1,-0.3298040068340132,0.20077727847625862
GSE104948_H7,SPARC,0.22206766812099718,0.1994847429610614
GSE104948_H7,SPN,0.7586749828702065,0.21092547514385293
GSE104948_H7,SPOCK3,1.258252248229215,0.23283006189473915
GSE104948_H7,SPP1,0.009183273967395085,0.1984145317283671
GSE104948_H7,SRC,-0.7227724223690545,0.20976921959829037
GSE104948_H7,SSPN,1.8894866340842653,0.2760248666818959
GSE104948_H7,STAT1,-0.6017244939914428,0.20628383681855184
GSE104948_H7,STRAP,0.18785631949942722,0.19917987225565212
GSE104948_H7,STUB1,0.2917717563881017,0.2002633670610853
GSE104948_H7,TEK,-1.3614649657850633,0.23870806478357065
GSE104948_H7,TFDP1,-0.7244740616618893,0.20982275636967396
GSE104948_H7,TFDP2,-0.19619835587247095,0.19924952003980842
GSE104948_H7,TFPI,1.61767660055757,0.2553013415429483
GSE104948_H7,TGFB1,1.5953957543117818,0.2537450378230475
GSE104948_H7,TGFB2,1.863378061995791,0.27389482454155034
GSE104948_H7,TGFB3,1.1217305750485154,0.2257666002170174
GSE104948_H7,TGFBR1,-0.13279624749873184,0.19879606457247545
GSE104948_H7,TGFBR2,-0.24722519244340566,0.1997414004948436
GSE104948_H7,TGFBR3,-1.0617760798953708,0.22292070806135017
GSE104948_H7,TGIF1,0.18939364090971095,0.19919247996089484
GSE104948_H7,TGIF2,-0.5655784002476543,0.20536658812632222
GSE104948_H7,THBD,3.1908937022200647,0.41975623360547387
GSE104948_H7,THBS1,-0.07086926644838926,0.19852188217197955
GSE104948_H7,TIMP1,2.5205640830237646,0.3365266831220339
GSE104948_H7,TIMP2,0.15655644081466308,0.1989455227422757
GSE104948_H7,TLL1,-0.2205459921613112,0.1994701013400553
GSE104948_H7,TLL2,1.1204884449042267,0.22570605395973953
GSE104948_H7,TMPRSS6,-1.161957387967089,0.22776367605294406
GSE104948_H7,TNC,2.24174040049087,0.3076605250038498
GSE104948_H7,TNFRSF10B,3.2356958669886926,0.42601547544851814
GSE104948_H7,TNFRSF10D,2.520600170180217,0.33653063793253624
GSE104948_H7,TNN,-1.958138255060987,0.28176716419385683
GSE104948_H7,TNR,-1.2429050885771808,0.23199559100424297
GSE104948_H7,TNXB,-0.09498314676019545,0.19860882445983902
GSE104948_H7,TPSAB1,0.5737714459269289,0.20556951737272186
GSE104948_H7,TRAPPC4,0.5242168633274076,0.2043866836256729
GSE104948_H7,TREM1,0.005751091765102764,0.1984134174356656
GSE104948_H7,TRIM33,-0.5974817786547343,0.20617323049583808
GSE104948_H7,TSPAN7,-0.8435475204657975,0.213881664049307
GSE104948_H7,TTR,0.3220320541660584,0.2006671471933595
GSE104948_H7,UBA52,1.0825198527471942,0.22388768170817247
GSE104948_H7,UBB,0.1983979691277273,0.1992683887203942
GSE104948_H7,UBE2D1,0.33445522870776506,0.20084444406508892
GSE104948_H7,UBE2D2,0.9518215666649608,0.21810757438592754
GSE104948_H7,UBE2D3,0.013232412518077713,0.19841650486359078
GSE104948_H7,UBE2M,-0.22011177378522592,0.19946594173789142
GSE104948_H7,UCHL5,-0.06288178996246153,0.19849865753245674
GSE104948_H7,USP15,-0.1271119676557497,0.19876394737620529
GSE104948_H7,USP9X,-1.1445670793371312,0.22689169404535778
GSE104948_H7,UTRN,-0.8056259758925144,0.21252211608732374
GSE104948_H7,VCAM1,1.66423069253741,0.25862278097755814
GSE104948_H7,VCAN,1.967548814092037,0.2825702709308502
GSE104948_H7,VEGFA,-0.9034425175213707,0.21615635890107562
GSE104948_H7,VPREB1,-0.06016230226171458,0.1984913832521208
GSE104948_H7,VPREB3,-0.5742696538118346,0.2055819513537672
GSE104948_H7,VTN,-0.7024831656205163,0.20914058097748583
GSE104948_H7,VWF,0.7951155971676157,0.21215636825746392
GSE104948_H7,WWTR1,-1.3546892494624352,0.23830798020854832
GSE104948_H7,XCL1,-0.5147538156297986,0.2041729482106427
GSE104948_H7,XCR1,-0.4454437732708201,0.20272618004630158
GSE104948_H7,XPO1,0.45480205579427824,0.20290932688997454
GSE104948_H7,YES1,-2.08196684111424,0.2926428272713768
GSE104948_H7,ZFYVE9,-1.2304572026891234,0.23132628379638412
