cohort,reactome_id,reactome_name,removed_sample,removed_group,full_mean_hedges_g,leave_one_sample_out_mean_hedges_g,absolute_change,direction_changed,reason
GSE96804,R-HSA-166658,Complement cascade,GSM2544275,DKD,0.34284062879180577,0.34290001302641476,5.938423460899456e-05,False,
GSE96804,R-HSA-9769740,Coagulation pathway,GSM2544275,DKD,-0.11686691362783587,-0.12537060486813742,0.00850369124030155,False,
GSE96804,R-HSA-202733,Cell surface interactions at the vascular wall,GSM2544275,DKD,0.16963767697562854,0.1700398747524012,0.000402197776772667,False,
GSE96804,R-HSA-380108,Chemokine receptors bind chemokines,GSM2544275,DKD,0.08312769172167696,0.088352590078748,0.005224898357071045,False,
GSE96804,R-HSA-1474244,Extracellular matrix organization,GSM2544275,DKD,0.36271336957247097,0.3579094930442105,0.004803876528260476,False,
GSE96804,R-HSA-1234174,Cellular response to hypoxia,GSM2544275,DKD,-0.42658951957627494,-0.42088600051095015,0.005703519065324791,False,
GSE96804,R-HSA-170834,Signaling by TGF-beta Receptor Complex,GSM2544275,DKD,-0.08696655112405231,-0.08725335344919026,0.000286802325137947,False,
GSE96804,R-HSA-166658,Complement cascade,GSM2544276,DKD,0.34284062879180577,0.34307163031602844,0.00023100152422267373,False,
GSE96804,R-HSA-9769740,Coagulation pathway,GSM2544276,DKD,-0.11686691362783587,-0.11058779586012454,0.006279117767711326,False,
GSE96804,R-HSA-202733,Cell surface interactions at the vascular wall,GSM2544276,DKD,0.16963767697562854,0.16851408772565005,0.0011235892499784905,False,
GSE96804,R-HSA-380108,Chemokine receptors bind chemokines,GSM2544276,DKD,0.08312769172167696,0.08354515924550589,0.0004174675238289294,False,
GSE96804,R-HSA-1474244,Extracellular matrix organization,GSM2544276,DKD,0.36271336957247097,0.3585303398404868,0.004183029731984145,False,
GSE96804,R-HSA-1234174,Cellular response to hypoxia,GSM2544276,DKD,-0.42658951957627494,-0.43487045307838407,0.008280933502109122,False,
GSE96804,R-HSA-170834,Signaling by TGF-beta Receptor Complex,GSM2544276,DKD,-0.08696655112405231,-0.10161241616050656,0.01464586503645425,False,
GSE96804,R-HSA-166658,Complement cascade,GSM2544277,DKD,0.34284062879180577,0.35742017279246263,0.014579544000656863,False,
GSE96804,R-HSA-9769740,Coagulation pathway,GSM2544277,DKD,-0.11686691362783587,-0.1153517556492476,0.001515157978588269,False,
GSE96804,R-HSA-202733,Cell surface interactions at the vascular wall,GSM2544277,DKD,0.16963767697562854,0.17619384208166058,0.006556165106032047,False,
GSE96804,R-HSA-380108,Chemokine receptors bind chemokines,GSM2544277,DKD,0.08312769172167696,0.09366467779688943,0.010536986075212473,False,
GSE96804,R-HSA-1474244,Extracellular matrix organization,GSM2544277,DKD,0.36271336957247097,0.37110274110166797,0.008389371529196998,False,
GSE96804,R-HSA-1234174,Cellular response to hypoxia,GSM2544277,DKD,-0.42658951957627494,-0.430575215996949,0.003985696420674034,False,
GSE96804,R-HSA-170834,Signaling by TGF-beta Receptor Complex,GSM2544277,DKD,-0.08696655112405231,-0.08964977946780303,0.002683228343750718,False,
GSE96804,R-HSA-166658,Complement cascade,GSM2544278,DKD,0.34284062879180577,0.3510329276202737,0.008192298828467948,False,
GSE96804,R-HSA-9769740,Coagulation pathway,GSM2544278,DKD,-0.11686691362783587,-0.12178382386692464,0.004916910239088773,False,
GSE96804,R-HSA-202733,Cell surface interactions at the vascular wall,GSM2544278,DKD,0.16963767697562854,0.17680641490751473,0.007168737931886188,False,
GSE96804,R-HSA-380108,Chemokine receptors bind chemokines,GSM2544278,DKD,0.08312769172167696,0.09628069277857931,0.013153001056902355,False,
GSE96804,R-HSA-1474244,Extracellular matrix organization,GSM2544278,DKD,0.36271336957247097,0.37592343304100173,0.013210063468530764,False,
GSE96804,R-HSA-1234174,Cellular response to hypoxia,GSM2544278,DKD,-0.42658951957627494,-0.4400374551796816,0.01344793560340668,False,
GSE96804,R-HSA-170834,Signaling by TGF-beta Receptor Complex,GSM2544278,DKD,-0.08696655112405231,-0.08855878561839747,0.00159223449434516,False,
GSE96804,R-HSA-166658,Complement cascade,GSM2544279,DKD,0.34284062879180577,0.36170828628747875,0.018867657495672985,False,
GSE96804,R-HSA-9769740,Coagulation pathway,GSM2544279,DKD,-0.11686691362783587,-0.10761553834615031,0.009251375281685556,False,
GSE96804,R-HSA-202733,Cell surface interactions at the vascular wall,GSM2544279,DKD,0.16963767697562854,0.18332297361933142,0.013685296643702882,False,
GSE96804,R-HSA-380108,Chemokine receptors bind chemokines,GSM2544279,DKD,0.08312769172167696,0.09788786927771649,0.014760177556039533,False,
GSE96804,R-HSA-1474244,Extracellular matrix organization,GSM2544279,DKD,0.36271336957247097,0.378573210859711,0.01585984128724005,False,
GSE96804,R-HSA-1234174,Cellular response to hypoxia,GSM2544279,DKD,-0.42658951957627494,-0.4513272555730519,0.024737735996776977,False,
GSE96804,R-HSA-170834,Signaling by TGF-beta Receptor Complex,GSM2544279,DKD,-0.08696655112405231,-0.08936536129990734,0.002398810175855026,False,
GSE96804,R-HSA-166658,Complement cascade,GSM2544280,DKD,0.34284062879180577,0.35556191964291145,0.012721290851105682,False,
GSE96804,R-HSA-9769740,Coagulation pathway,GSM2544280,DKD,-0.11686691362783587,-0.11236059886719219,0.004506314760643684,False,
GSE96804,R-HSA-202733,Cell surface interactions at the vascular wall,GSM2544280,DKD,0.16963767697562854,0.17926541292170467,0.009627735946076132,False,
GSE96804,R-HSA-380108,Chemokine receptors bind chemokines,GSM2544280,DKD,0.08312769172167696,0.10047354239610874,0.017345850674431784,False,
GSE96804,R-HSA-1474244,Extracellular matrix organization,GSM2544280,DKD,0.36271336957247097,0.3728818004340038,0.010168430861532851,False,
GSE96804,R-HSA-1234174,Cellular response to hypoxia,GSM2544280,DKD,-0.42658951957627494,-0.4382760893884862,0.011686569812211278,False,
GSE96804,R-HSA-170834,Signaling by TGF-beta Receptor Complex,GSM2544280,DKD,-0.08696655112405231,-0.08970228666604786,0.0027357355419955487,False,
GSE96804,R-HSA-166658,Complement cascade,GSM2544281,DKD,0.34284062879180577,0.3478175760817871,0.004976947289981326,False,
GSE96804,R-HSA-9769740,Coagulation pathway,GSM2544281,DKD,-0.11686691362783587,-0.1158696782319506,0.000997235395885268,False,
GSE96804,R-HSA-202733,Cell surface interactions at the vascular wall,GSM2544281,DKD,0.16963767697562854,0.17366454907485485,0.0040268720992263085,False,
GSE96804,R-HSA-380108,Chemokine receptors bind chemokines,GSM2544281,DKD,0.08312769172167696,0.09695537837068784,0.013827686649010879,False,
GSE96804,R-HSA-1474244,Extracellular matrix organization,GSM2544281,DKD,0.36271336957247097,0.3693797321799755,0.006666362607504528,False,
GSE96804,R-HSA-1234174,Cellular response to hypoxia,GSM2544281,DKD,-0.42658951957627494,-0.4318653903400179,0.005275870763742974,False,
GSE96804,R-HSA-170834,Signaling by TGF-beta Receptor Complex,GSM2544281,DKD,-0.08696655112405231,-0.08587603018033434,0.0010905209437179764,False,
GSE96804,R-HSA-166658,Complement cascade,GSM2544282,DKD,0.34284062879180577,0.35161146272396077,0.008770833932154998,False,
GSE96804,R-HSA-9769740,Coagulation pathway,GSM2544282,DKD,-0.11686691362783587,-0.11536761566878116,0.0014992979590547073,False,
GSE96804,R-HSA-202733,Cell surface interactions at the vascular wall,GSM2544282,DKD,0.16963767697562854,0.17465010293160113,0.005012425955972594,False,
GSE96804,R-HSA-380108,Chemokine receptors bind chemokines,GSM2544282,DKD,0.08312769172167696,0.08774517745605745,0.0046174857343804915,False,
GSE96804,R-HSA-1474244,Extracellular matrix organization,GSM2544282,DKD,0.36271336957247097,0.3621749527838594,0.000538416788611551,False,
GSE96804,R-HSA-1234174,Cellular response to hypoxia,GSM2544282,DKD,-0.42658951957627494,-0.43175538656848594,0.005165866992210999,False,
GSE96804,R-HSA-170834,Signaling by TGF-beta Receptor Complex,GSM2544282,DKD,-0.08696655112405231,-0.09207837945596085,0.005111828331908541,False,
GSE96804,R-HSA-166658,Complement cascade,GSM2544283,DKD,0.34284062879180577,0.35268375188362,0.009843123091814232,False,
GSE96804,R-HSA-9769740,Coagulation pathway,GSM2544283,DKD,-0.11686691362783587,-0.1128056391311687,0.004061274496667169,False,
GSE96804,R-HSA-202733,Cell surface interactions at the vascular wall,GSM2544283,DKD,0.16963767697562854,0.17873459413332726,0.009096917157698725,False,
GSE96804,R-HSA-380108,Chemokine receptors bind chemokines,GSM2544283,DKD,0.08312769172167696,0.09754053238864913,0.014412840666972168,False,
GSE96804,R-HSA-1474244,Extracellular matrix organization,GSM2544283,DKD,0.36271336957247097,0.37162188188266493,0.008908512310193961,False,
GSE96804,R-HSA-1234174,Cellular response to hypoxia,GSM2544283,DKD,-0.42658951957627494,-0.41764966466594766,0.008939854910327283,False,
GSE96804,R-HSA-170834,Signaling by TGF-beta Receptor Complex,GSM2544283,DKD,-0.08696655112405231,-0.07471502926884047,0.012251521855211847,False,
GSE96804,R-HSA-166658,Complement cascade,GSM2544284,DKD,0.34284062879180577,0.3592413557047035,0.016400726912897734,False,
GSE96804,R-HSA-9769740,Coagulation pathway,GSM2544284,DKD,-0.11686691362783587,-0.11669630908527528,0.00017060454256058455,False,
GSE96804,R-HSA-202733,Cell surface interactions at the vascular wall,GSM2544284,DKD,0.16963767697562854,0.18088445009223753,0.011246773116608988,False,
GSE96804,R-HSA-380108,Chemokine receptors bind chemokines,GSM2544284,DKD,0.08312769172167696,0.09757027591764997,0.01444258419597301,False,
GSE96804,R-HSA-1474244,Extracellular matrix organization,GSM2544284,DKD,0.36271336957247097,0.38018167023617794,0.01746830066370697,False,
GSE96804,R-HSA-1234174,Cellular response to hypoxia,GSM2544284,DKD,-0.42658951957627494,-0.43167061074696317,0.005081091170688223,False,
GSE96804,R-HSA-170834,Signaling by TGF-beta Receptor Complex,GSM2544284,DKD,-0.08696655112405231,-0.08522155993098925,0.0017449911930630668,False,
GSE96804,R-HSA-166658,Complement cascade,GSM2544285,DKD,0.34284062879180577,0.360242861713099,0.017402232921293226,False,
GSE96804,R-HSA-9769740,Coagulation pathway,GSM2544285,DKD,-0.11686691362783587,-0.11403360384215433,0.00283330978568154,False,
GSE96804,R-HSA-202733,Cell surface interactions at the vascular wall,GSM2544285,DKD,0.16963767697562854,0.1786111035120072,0.00897342653637867,False,
GSE96804,R-HSA-380108,Chemokine receptors bind chemokines,GSM2544285,DKD,0.08312769172167696,0.09552168645686246,0.012393994735185501,False,
GSE96804,R-HSA-1474244,Extracellular matrix organization,GSM2544285,DKD,0.36271336957247097,0.37243919934721753,0.009725829774746564,False,
GSE96804,R-HSA-1234174,Cellular response to hypoxia,GSM2544285,DKD,-0.42658951957627494,-0.419821350621083,0.006768168955191944,False,
GSE96804,R-HSA-170834,Signaling by TGF-beta Receptor Complex,GSM2544285,DKD,-0.08696655112405231,-0.08228144832770393,0.0046851027963483866,False,
GSE96804,R-HSA-166658,Complement cascade,GSM2544286,DKD,0.34284062879180577,0.3558103788126327,0.012969750020826953,False,
GSE96804,R-HSA-9769740,Coagulation pathway,GSM2544286,DKD,-0.11686691362783587,-0.11426135318710363,0.0026055604407322353,False,
GSE96804,R-HSA-202733,Cell surface interactions at the vascular wall,GSM2544286,DKD,0.16963767697562854,0.176530950008956,0.006893273033327457,False,
GSE96804,R-HSA-380108,Chemokine receptors bind chemokines,GSM2544286,DKD,0.08312769172167696,0.08886939615256377,0.005741704430886813,False,
GSE96804,R-HSA-1474244,Extracellular matrix organization,GSM2544286,DKD,0.36271336957247097,0.3653219603684766,0.0026085907960056165,False,
GSE96804,R-HSA-1234174,Cellular response to hypoxia,GSM2544286,DKD,-0.42658951957627494,-0.42984095819720614,0.0032514386209311907,False,
GSE96804,R-HSA-170834,Signaling by TGF-beta Receptor Complex,GSM2544286,DKD,-0.08696655112405231,-0.08634143918525351,0.0006251119387988002,False,
GSE96804,R-HSA-166658,Complement cascade,GSM2544287,DKD,0.34284062879180577,0.35068075626877904,0.007840127476973269,False,
GSE96804,R-HSA-9769740,Coagulation pathway,GSM2544287,DKD,-0.11686691362783587,-0.11345375516670748,0.003413158461128385,False,
GSE96804,R-HSA-202733,Cell surface interactions at the vascular wall,GSM2544287,DKD,0.16963767697562854,0.17253066035964304,0.0028929833840145025,False,
GSE96804,R-HSA-380108,Chemokine receptors bind chemokines,GSM2544287,DKD,0.08312769172167696,0.08713993501363443,0.004012243291957471,False,
GSE96804,R-HSA-1474244,Extracellular matrix organization,GSM2544287,DKD,0.36271336957247097,0.3687996366718505,0.006086267099379539,False,
GSE96804,R-HSA-1234174,Cellular response to hypoxia,GSM2544287,DKD,-0.42658951957627494,-0.4223359444156137,0.0042535751606612715,False,
GSE96804,R-HSA-170834,Signaling by TGF-beta Receptor Complex,GSM2544287,DKD,-0.08696655112405231,-0.0876117320289731,0.0006451809049207863,False,
GSE96804,R-HSA-166658,Complement cascade,GSM2544288,DKD,0.34284062879180577,0.33964375052673773,0.003196878265068037,False,
GSE96804,R-HSA-9769740,Coagulation pathway,GSM2544288,DKD,-0.11686691362783587,-0.113448142685613,0.0034187709422228707,False,
GSE96804,R-HSA-202733,Cell surface interactions at the vascular wall,GSM2544288,DKD,0.16963767697562854,0.16715053481828268,0.0024871421573458563,False,
GSE96804,R-HSA-380108,Chemokine receptors bind chemokines,GSM2544288,DKD,0.08312769172167696,0.09187934077303919,0.008751649051362234,False,
GSE96804,R-HSA-1474244,Extracellular matrix organization,GSM2544288,DKD,0.36271336957247097,0.3683730056746952,0.0056596361022242525,False,
GSE96804,R-HSA-1234174,Cellular response to hypoxia,GSM2544288,DKD,-0.42658951957627494,-0.42344813735736203,0.0031413822189129137,False,
GSE96804,R-HSA-170834,Signaling by TGF-beta Receptor Complex,GSM2544288,DKD,-0.08696655112405231,-0.08432134588745205,0.002645205236600265,False,
GSE96804,R-HSA-166658,Complement cascade,GSM2544289,DKD,0.34284062879180577,0.3412384900801479,0.0016021387116578745,False,
GSE96804,R-HSA-9769740,Coagulation pathway,GSM2544289,DKD,-0.11686691362783587,-0.1189479791142264,0.002081065486390532,False,
GSE96804,R-HSA-202733,Cell surface interactions at the vascular wall,GSM2544289,DKD,0.16963767697562854,0.16984574431406882,0.00020806733844028202,False,
GSE96804,R-HSA-380108,Chemokine receptors bind chemokines,GSM2544289,DKD,0.08312769172167696,0.07785997950895829,0.00526771221271867,False,
GSE96804,R-HSA-1474244,Extracellular matrix organization,GSM2544289,DKD,0.36271336957247097,0.3625613322376666,0.00015203733480434467,False,
GSE96804,R-HSA-1234174,Cellular response to hypoxia,GSM2544289,DKD,-0.42658951957627494,-0.4246467328658005,0.0019427867104744312,False,
GSE96804,R-HSA-170834,Signaling by TGF-beta Receptor Complex,GSM2544289,DKD,-0.08696655112405231,-0.08996127525150133,0.002994724127449014,False,
GSE96804,R-HSA-166658,Complement cascade,GSM2544290,DKD,0.34284062879180577,0.35019411244851867,0.0073534836567129,False,
GSE96804,R-HSA-9769740,Coagulation pathway,GSM2544290,DKD,-0.11686691362783587,-0.11378454091492592,0.003082372712909953,False,
GSE96804,R-HSA-202733,Cell surface interactions at the vascular wall,GSM2544290,DKD,0.16963767697562854,0.17159832703172567,0.001960650056097135,False,
GSE96804,R-HSA-380108,Chemokine receptors bind chemokines,GSM2544290,DKD,0.08312769172167696,0.08681820573893788,0.0036905140172609208,False,
GSE96804,R-HSA-1474244,Extracellular matrix organization,GSM2544290,DKD,0.36271336957247097,0.3620122841855028,0.0007010853869681699,False,
GSE96804,R-HSA-1234174,Cellular response to hypoxia,GSM2544290,DKD,-0.42658951957627494,-0.4212854447768719,0.005304074799403036,False,
GSE96804,R-HSA-170834,Signaling by TGF-beta Receptor Complex,GSM2544290,DKD,-0.08696655112405231,-0.09010902456250254,0.0031424734384502273,False,
GSE96804,R-HSA-166658,Complement cascade,GSM2544291,DKD,0.34284062879180577,0.33826765955390203,0.0045729692379037346,False,
GSE96804,R-HSA-9769740,Coagulation pathway,GSM2544291,DKD,-0.11686691362783587,-0.1086450230615473,0.008221890566288567,False,
GSE96804,R-HSA-202733,Cell surface interactions at the vascular wall,GSM2544291,DKD,0.16963767697562854,0.16841328621918375,0.0012243907564447876,False,
GSE96804,R-HSA-380108,Chemokine receptors bind chemokines,GSM2544291,DKD,0.08312769172167696,0.090779105169224,0.007651413447547037,False,
GSE96804,R-HSA-1474244,Extracellular matrix organization,GSM2544291,DKD,0.36271336957247097,0.36630009105582967,0.0035867214833587013,False,
GSE96804,R-HSA-1234174,Cellular response to hypoxia,GSM2544291,DKD,-0.42658951957627494,-0.433737744236958,0.007148224660683045,False,
GSE96804,R-HSA-170834,Signaling by TGF-beta Receptor Complex,GSM2544291,DKD,-0.08696655112405231,-0.09018000857551697,0.0032134574514646602,False,
GSE96804,R-HSA-166658,Complement cascade,GSM2544292,DKD,0.34284062879180577,0.356816607586987,0.013975978795181254,False,
GSE96804,R-HSA-9769740,Coagulation pathway,GSM2544292,DKD,-0.11686691362783587,-0.11554166168610265,0.0013252519417332187,False,
GSE96804,R-HSA-202733,Cell surface interactions at the vascular wall,GSM2544292,DKD,0.16963767697562854,0.17534187702159482,0.005704200045966279,False,
GSE96804,R-HSA-380108,Chemokine receptors bind chemokines,GSM2544292,DKD,0.08312769172167696,0.09828821320909432,0.015160521487417367,False,
GSE96804,R-HSA-1474244,Extracellular matrix organization,GSM2544292,DKD,0.36271336957247097,0.3729607099337753,0.010247340361304313,False,
GSE96804,R-HSA-1234174,Cellular response to hypoxia,GSM2544292,DKD,-0.42658951957627494,-0.41671666074215274,0.0098728588341222,False,
GSE96804,R-HSA-170834,Signaling by TGF-beta Receptor Complex,GSM2544292,DKD,-0.08696655112405231,-0.07616813796416146,0.010798413159890857,False,
GSE96804,R-HSA-166658,Complement cascade,GSM2544293,DKD,0.34284062879180577,0.32828116885156294,0.014559459940242825,False,
GSE96804,R-HSA-9769740,Coagulation pathway,GSM2544293,DKD,-0.11686691362783587,-0.12150232026742211,0.00463540663958624,False,
GSE96804,R-HSA-202733,Cell surface interactions at the vascular wall,GSM2544293,DKD,0.16963767697562854,0.1596966465977021,0.00994103037792643,False,
GSE96804,R-HSA-380108,Chemokine receptors bind chemokines,GSM2544293,DKD,0.08312769172167696,0.06379578134860783,0.019331910373069125,False,
GSE96804,R-HSA-1474244,Extracellular matrix organization,GSM2544293,DKD,0.36271336957247097,0.354407177014526,0.008306192557944958,False,
GSE96804,R-HSA-1234174,Cellular response to hypoxia,GSM2544293,DKD,-0.42658951957627494,-0.4363833084758065,0.00979378889953153,False,
GSE96804,R-HSA-170834,Signaling by TGF-beta Receptor Complex,GSM2544293,DKD,-0.08696655112405231,-0.08666992834105486,0.0002966227829974549,False,
GSE96804,R-HSA-166658,Complement cascade,GSM2544294,DKD,0.34284062879180577,0.35167533986050903,0.00883471106870326,False,
GSE96804,R-HSA-9769740,Coagulation pathway,GSM2544294,DKD,-0.11686691362783587,-0.11463539532699787,0.002231518300837995,False,
GSE96804,R-HSA-202733,Cell surface interactions at the vascular wall,GSM2544294,DKD,0.16963767697562854,0.17959790467031528,0.00996022769468674,False,
GSE96804,R-HSA-380108,Chemokine receptors bind chemokines,GSM2544294,DKD,0.08312769172167696,0.09407949673530164,0.01095180501362468,False,
GSE96804,R-HSA-1474244,Extracellular matrix organization,GSM2544294,DKD,0.36271336957247097,0.37021864341276023,0.007505273840289262,False,
GSE96804,R-HSA-1234174,Cellular response to hypoxia,GSM2544294,DKD,-0.42658951957627494,-0.4183971576778173,0.008192361898457623,False,
GSE96804,R-HSA-170834,Signaling by TGF-beta Receptor Complex,GSM2544294,DKD,-0.08696655112405231,-0.07848371068480514,0.008482840439247172,False,
GSE96804,R-HSA-166658,Complement cascade,GSM2544295,DKD,0.34284062879180577,0.3476362500169603,0.004795621225154534,False,
GSE96804,R-HSA-9769740,Coagulation pathway,GSM2544295,DKD,-0.11686691362783587,-0.12193140383157439,0.005064490203738517,False,
GSE96804,R-HSA-202733,Cell surface interactions at the vascular wall,GSM2544295,DKD,0.16963767697562854,0.17354940843996183,0.003911731464333296,False,
GSE96804,R-HSA-380108,Chemokine receptors bind chemokines,GSM2544295,DKD,0.08312769172167696,0.08841477993514565,0.005287088213468696,False,
GSE96804,R-HSA-1474244,Extracellular matrix organization,GSM2544295,DKD,0.36271336957247097,0.3659918582095369,0.003278488637065924,False,
GSE96804,R-HSA-1234174,Cellular response to hypoxia,GSM2544295,DKD,-0.42658951957627494,-0.42579553666354114,0.0007939829127338038,False,
GSE96804,R-HSA-170834,Signaling by TGF-beta Receptor Complex,GSM2544295,DKD,-0.08696655112405231,-0.0793747581060587,0.00759179301799362,False,
GSE96804,R-HSA-166658,Complement cascade,GSM2544296,DKD,0.34284062879180577,0.3397347307237378,0.0031058980680679915,False,
GSE96804,R-HSA-9769740,Coagulation pathway,GSM2544296,DKD,-0.11686691362783587,-0.12285968993191511,0.005992776304079239,False,
GSE96804,R-HSA-202733,Cell surface interactions at the vascular wall,GSM2544296,DKD,0.16963767697562854,0.16534175619363686,0.0042959207819916745,False,
GSE96804,R-HSA-380108,Chemokine receptors bind chemokines,GSM2544296,DKD,0.08312769172167696,0.07485499289150532,0.008272698830171635,False,
GSE96804,R-HSA-1474244,Extracellular matrix organization,GSM2544296,DKD,0.36271336957247097,0.35592727397330204,0.006786095599168929,False,
GSE96804,R-HSA-1234174,Cellular response to hypoxia,GSM2544296,DKD,-0.42658951957627494,-0.4169711404915907,0.00961837908468427,False,
GSE96804,R-HSA-170834,Signaling by TGF-beta Receptor Complex,GSM2544296,DKD,-0.08696655112405231,-0.08385501858867242,0.0031115325353798934,False,
GSE96804,R-HSA-166658,Complement cascade,GSM2544297,DKD,0.34284062879180577,0.33658248947781233,0.006258139313993438,False,
GSE96804,R-HSA-9769740,Coagulation pathway,GSM2544297,DKD,-0.11686691362783587,-0.11707222184318745,0.00020530821535158505,False,
GSE96804,R-HSA-202733,Cell surface interactions at the vascular wall,GSM2544297,DKD,0.16963767697562854,0.1648432516768447,0.00479442529878385,False,
GSE96804,R-HSA-380108,Chemokine receptors bind chemokines,GSM2544297,DKD,0.08312769172167696,0.0853774450839604,0.0022497533622834465,False,
GSE96804,R-HSA-1474244,Extracellular matrix organization,GSM2544297,DKD,0.36271336957247097,0.36929638890031175,0.006583019327840778,False,
GSE96804,R-HSA-1234174,Cellular response to hypoxia,GSM2544297,DKD,-0.42658951957627494,-0.42498236312512433,0.0016071564511506153,False,
GSE96804,R-HSA-170834,Signaling by TGF-beta Receptor Complex,GSM2544297,DKD,-0.08696655112405231,-0.08703374428181393,6.719315776161638e-05,False,
GSE96804,R-HSA-166658,Complement cascade,GSM2544298,DKD,0.34284062879180577,0.3371366795288341,0.005703949262971686,False,
GSE96804,R-HSA-9769740,Coagulation pathway,GSM2544298,DKD,-0.11686691362783587,-0.12114320543905659,0.004276291811220717,False,
GSE96804,R-HSA-202733,Cell surface interactions at the vascular wall,GSM2544298,DKD,0.16963767697562854,0.16145607128299574,0.008181605692632793,False,
GSE96804,R-HSA-380108,Chemokine receptors bind chemokines,GSM2544298,DKD,0.08312769172167696,0.07013011487604733,0.012997576845629633,False,
GSE96804,R-HSA-1474244,Extracellular matrix organization,GSM2544298,DKD,0.36271336957247097,0.35290079078313885,0.009812578789332116,False,
GSE96804,R-HSA-1234174,Cellular response to hypoxia,GSM2544298,DKD,-0.42658951957627494,-0.4317275179441941,0.005137998367919172,False,
GSE96804,R-HSA-170834,Signaling by TGF-beta Receptor Complex,GSM2544298,DKD,-0.08696655112405231,-0.09511973414894054,0.008153183024888225,False,
GSE96804,R-HSA-166658,Complement cascade,GSM2544299,DKD,0.34284062879180577,0.32489399656876977,0.017946632223035996,False,
GSE96804,R-HSA-9769740,Coagulation pathway,GSM2544299,DKD,-0.11686691362783587,-0.11579398866299183,0.0010729249648440409,False,
GSE96804,R-HSA-202733,Cell surface interactions at the vascular wall,GSM2544299,DKD,0.16963767697562854,0.1612708395342134,0.008366837441415143,False,
GSE96804,R-HSA-380108,Chemokine receptors bind chemokines,GSM2544299,DKD,0.08312769172167696,0.07424817125375767,0.008879520467919289,False,
GSE96804,R-HSA-1474244,Extracellular matrix organization,GSM2544299,DKD,0.36271336957247097,0.35567016572499954,0.007043203847471424,False,
GSE96804,R-HSA-1234174,Cellular response to hypoxia,GSM2544299,DKD,-0.42658951957627494,-0.40872286035049127,0.017866659225783676,False,
GSE96804,R-HSA-170834,Signaling by TGF-beta Receptor Complex,GSM2544299,DKD,-0.08696655112405231,-0.0792189501590279,0.007747600965024415,False,
GSE96804,R-HSA-166658,Complement cascade,GSM2544300,DKD,0.34284062879180577,0.34468856936681536,0.0018479405750095879,False,
GSE96804,R-HSA-9769740,Coagulation pathway,GSM2544300,DKD,-0.11686691362783587,-0.11590173546011004,0.0009651781677258303,False,
GSE96804,R-HSA-202733,Cell surface interactions at the vascular wall,GSM2544300,DKD,0.16963767697562854,0.16975412915306806,0.00011645217743952441,False,
GSE96804,R-HSA-380108,Chemokine receptors bind chemokines,GSM2544300,DKD,0.08312769172167696,0.07638455472445572,0.006743136997221233,False,
GSE96804,R-HSA-1474244,Extracellular matrix organization,GSM2544300,DKD,0.36271336957247097,0.3607351509098664,0.0019782186626045584,False,
GSE96804,R-HSA-1234174,Cellular response to hypoxia,GSM2544300,DKD,-0.42658951957627494,-0.432639672019387,0.006050152443112078,False,
GSE96804,R-HSA-170834,Signaling by TGF-beta Receptor Complex,GSM2544300,DKD,-0.08696655112405231,-0.09868999136150083,0.01172344023744852,False,
GSE96804,R-HSA-166658,Complement cascade,GSM2544301,DKD,0.34284062879180577,0.33245852918826907,0.010382099603536699,False,
GSE96804,R-HSA-9769740,Coagulation pathway,GSM2544301,DKD,-0.11686691362783587,-0.1262468622917554,0.009379948663919543,False,
GSE96804,R-HSA-202733,Cell surface interactions at the vascular wall,GSM2544301,DKD,0.16963767697562854,0.16060576754101236,0.009031909434616181,False,
GSE96804,R-HSA-380108,Chemokine receptors bind chemokines,GSM2544301,DKD,0.08312769172167696,0.07095098073305581,0.01217671098862115,False,
GSE96804,R-HSA-1474244,Extracellular matrix organization,GSM2544301,DKD,0.36271336957247097,0.35338724834977336,0.009326121222697603,False,
GSE96804,R-HSA-1234174,Cellular response to hypoxia,GSM2544301,DKD,-0.42658951957627494,-0.42711301409555946,0.0005234945192845175,False,
GSE96804,R-HSA-170834,Signaling by TGF-beta Receptor Complex,GSM2544301,DKD,-0.08696655112405231,-0.08580259388031478,0.0011639572437375373,False,
GSE96804,R-HSA-166658,Complement cascade,GSM2544302,DKD,0.34284062879180577,0.3345008002266207,0.008339828565185059,False,
GSE96804,R-HSA-9769740,Coagulation pathway,GSM2544302,DKD,-0.11686691362783587,-0.11918527408784305,0.0023183604600071767,False,
GSE96804,R-HSA-202733,Cell surface interactions at the vascular wall,GSM2544302,DKD,0.16963767697562854,0.1623076976584915,0.007329979317137025,False,
GSE96804,R-HSA-380108,Chemokine receptors bind chemokines,GSM2544302,DKD,0.08312769172167696,0.08314229456710441,1.4602845427452715e-05,False,
GSE96804,R-HSA-1474244,Extracellular matrix organization,GSM2544302,DKD,0.36271336957247097,0.3609697893103593,0.001743580262111688,False,
GSE96804,R-HSA-1234174,Cellular response to hypoxia,GSM2544302,DKD,-0.42658951957627494,-0.43001864247933214,0.0034291229030571913,False,
GSE96804,R-HSA-170834,Signaling by TGF-beta Receptor Complex,GSM2544302,DKD,-0.08696655112405231,-0.09640124710261579,0.009434695978563473,False,
GSE96804,R-HSA-166658,Complement cascade,GSM2544303,DKD,0.34284062879180577,0.3450036748495785,0.002163046057772733,False,
GSE96804,R-HSA-9769740,Coagulation pathway,GSM2544303,DKD,-0.11686691362783587,-0.12100490975899783,0.004137996131161961,False,
GSE96804,R-HSA-202733,Cell surface interactions at the vascular wall,GSM2544303,DKD,0.16963767697562854,0.17375753769804542,0.004119860722416879,False,
GSE96804,R-HSA-380108,Chemokine receptors bind chemokines,GSM2544303,DKD,0.08312769172167696,0.08878742871371069,0.0056597369920337315,False,
GSE96804,R-HSA-1474244,Extracellular matrix organization,GSM2544303,DKD,0.36271336957247097,0.36022209015095785,0.002491279421513115,False,
GSE96804,R-HSA-1234174,Cellular response to hypoxia,GSM2544303,DKD,-0.42658951957627494,-0.41165197844856477,0.014937541127710174,False,
GSE96804,R-HSA-170834,Signaling by TGF-beta Receptor Complex,GSM2544303,DKD,-0.08696655112405231,-0.08139283443174161,0.005573716692310701,False,
GSE96804,R-HSA-166658,Complement cascade,GSM2544304,DKD,0.34284062879180577,0.3310344960090247,0.011806132782781087,False,
GSE96804,R-HSA-9769740,Coagulation pathway,GSM2544304,DKD,-0.11686691362783587,-0.11294350868506854,0.003923404942767328,False,
GSE96804,R-HSA-202733,Cell surface interactions at the vascular wall,GSM2544304,DKD,0.16963767697562854,0.16325955737354966,0.006378119602078874,False,
GSE96804,R-HSA-380108,Chemokine receptors bind chemokines,GSM2544304,DKD,0.08312769172167696,0.06931427799165266,0.013813413730024302,False,
GSE96804,R-HSA-1474244,Extracellular matrix organization,GSM2544304,DKD,0.36271336957247097,0.3597973543167306,0.0029160152557403674,False,
GSE96804,R-HSA-1234174,Cellular response to hypoxia,GSM2544304,DKD,-0.42658951957627494,-0.4234000604153535,0.0031894591609214484,False,
GSE96804,R-HSA-170834,Signaling by TGF-beta Receptor Complex,GSM2544304,DKD,-0.08696655112405231,-0.08619343999616347,0.0007731111278888453,False,
GSE96804,R-HSA-166658,Complement cascade,GSM2544305,DKD,0.34284062879180577,0.3374364988633521,0.0054041299284536826,False,
GSE96804,R-HSA-9769740,Coagulation pathway,GSM2544305,DKD,-0.11686691362783587,-0.11871786354442891,0.001850949916593042,False,
GSE96804,R-HSA-202733,Cell surface interactions at the vascular wall,GSM2544305,DKD,0.16963767697562854,0.1689694026982279,0.0006682742774006267,False,
GSE96804,R-HSA-380108,Chemokine receptors bind chemokines,GSM2544305,DKD,0.08312769172167696,0.08167756297511913,0.0014501287465578244,False,
GSE96804,R-HSA-1474244,Extracellular matrix organization,GSM2544305,DKD,0.36271336957247097,0.3594712445934654,0.003242124979005556,False,
GSE96804,R-HSA-1234174,Cellular response to hypoxia,GSM2544305,DKD,-0.42658951957627494,-0.40693634270961615,0.019653176866658795,False,
GSE96804,R-HSA-170834,Signaling by TGF-beta Receptor Complex,GSM2544305,DKD,-0.08696655112405231,-0.07972365318480583,0.007242897939246484,False,
GSE96804,R-HSA-166658,Complement cascade,GSM2544306,DKD,0.34284062879180577,0.32701477475527607,0.015825854036529696,False,
GSE96804,R-HSA-9769740,Coagulation pathway,GSM2544306,DKD,-0.11686691362783587,-0.11477796329491644,0.002088950332919434,False,
GSE96804,R-HSA-202733,Cell surface interactions at the vascular wall,GSM2544306,DKD,0.16963767697562854,0.1592188158258347,0.010418861149793845,False,
GSE96804,R-HSA-380108,Chemokine receptors bind chemokines,GSM2544306,DKD,0.08312769172167696,0.07131569851761033,0.011811993204066631,False,
GSE96804,R-HSA-1474244,Extracellular matrix organization,GSM2544306,DKD,0.36271336957247097,0.35424503210138275,0.008468337471088216,False,
GSE96804,R-HSA-1234174,Cellular response to hypoxia,GSM2544306,DKD,-0.42658951957627494,-0.432101724437553,0.005512204861278069,False,
GSE96804,R-HSA-170834,Signaling by TGF-beta Receptor Complex,GSM2544306,DKD,-0.08696655112405231,-0.08904155406447999,0.0020750029404276726,False,
GSE96804,R-HSA-166658,Complement cascade,GSM2544307,DKD,0.34284062879180577,0.3489769260567585,0.006136297264952739,False,
GSE96804,R-HSA-9769740,Coagulation pathway,GSM2544307,DKD,-0.11686691362783587,-0.11594624819330182,0.0009206654345340487,False,
GSE96804,R-HSA-202733,Cell surface interactions at the vascular wall,GSM2544307,DKD,0.16963767697562854,0.17573228203957553,0.0060946050639469895,False,
GSE96804,R-HSA-380108,Chemokine receptors bind chemokines,GSM2544307,DKD,0.08312769172167696,0.08386956477126338,0.0007418730495864223,False,
GSE96804,R-HSA-1474244,Extracellular matrix organization,GSM2544307,DKD,0.36271336957247097,0.358532578188533,0.004180791383937954,False,
GSE96804,R-HSA-1234174,Cellular response to hypoxia,GSM2544307,DKD,-0.42658951957627494,-0.42917596288836224,0.0025864433120872943,False,
GSE96804,R-HSA-170834,Signaling by TGF-beta Receptor Complex,GSM2544307,DKD,-0.08696655112405231,-0.08798896291514674,0.001022411791094427,False,
GSE96804,R-HSA-166658,Complement cascade,GSM2544308,DKD,0.34284062879180577,0.32957169750061865,0.013268931291187114,False,
GSE96804,R-HSA-9769740,Coagulation pathway,GSM2544308,DKD,-0.11686691362783587,-0.12216835359614539,0.005301439968309521,False,
GSE96804,R-HSA-202733,Cell surface interactions at the vascular wall,GSM2544308,DKD,0.16963767697562854,0.15800877635323277,0.011628900622395771,False,
GSE96804,R-HSA-380108,Chemokine receptors bind chemokines,GSM2544308,DKD,0.08312769172167696,0.060188055262267594,0.022939636459409364,False,
GSE96804,R-HSA-1474244,Extracellular matrix organization,GSM2544308,DKD,0.36271336957247097,0.35554888205131097,0.007164487521160001,False,
GSE96804,R-HSA-1234174,Cellular response to hypoxia,GSM2544308,DKD,-0.42658951957627494,-0.42661303932181693,2.351974554198888e-05,False,
GSE96804,R-HSA-170834,Signaling by TGF-beta Receptor Complex,GSM2544308,DKD,-0.08696655112405231,-0.08373953627166177,0.0032270148523905473,False,
GSE96804,R-HSA-166658,Complement cascade,GSM2544309,DKD,0.34284062879180577,0.318990683411244,0.023849945380561788,False,
GSE96804,R-HSA-9769740,Coagulation pathway,GSM2544309,DKD,-0.11686691362783587,-0.119845572531088,0.002978658903252135,False,
GSE96804,R-HSA-202733,Cell surface interactions at the vascular wall,GSM2544309,DKD,0.16963767697562854,0.16314691900266026,0.006490757972968275,False,
GSE96804,R-HSA-380108,Chemokine receptors bind chemokines,GSM2544309,DKD,0.08312769172167696,0.07281188421021176,0.0103158075114652,False,
GSE96804,R-HSA-1474244,Extracellular matrix organization,GSM2544309,DKD,0.36271336957247097,0.3617923497947424,0.0009210197777285711,False,
GSE96804,R-HSA-1234174,Cellular response to hypoxia,GSM2544309,DKD,-0.42658951957627494,-0.41447182718047415,0.012117692395800794,False,
GSE96804,R-HSA-170834,Signaling by TGF-beta Receptor Complex,GSM2544309,DKD,-0.08696655112405231,-0.07405063987204029,0.012915911252012025,False,
GSE96804,R-HSA-166658,Complement cascade,GSM2544310,DKD,0.34284062879180577,0.342923822657257,8.319386545124763e-05,False,
GSE96804,R-HSA-9769740,Coagulation pathway,GSM2544310,DKD,-0.11686691362783587,-0.11485515084189239,0.0020117627859434772,False,
GSE96804,R-HSA-202733,Cell surface interactions at the vascular wall,GSM2544310,DKD,0.16963767697562854,0.17129046845800883,0.0016527914823802892,False,
GSE96804,R-HSA-380108,Chemokine receptors bind chemokines,GSM2544310,DKD,0.08312769172167696,0.08588340262084147,0.002755710899164515,False,
GSE96804,R-HSA-1474244,Extracellular matrix organization,GSM2544310,DKD,0.36271336957247097,0.3553503797999105,0.0073629897725604465,False,
GSE96804,R-HSA-1234174,Cellular response to hypoxia,GSM2544310,DKD,-0.42658951957627494,-0.4232729219238761,0.003316597652398834,False,
GSE96804,R-HSA-170834,Signaling by TGF-beta Receptor Complex,GSM2544310,DKD,-0.08696655112405231,-0.08843137634407404,0.001464825220021726,False,
GSE96804,R-HSA-166658,Complement cascade,GSM2544311,DKD,0.34284062879180577,0.3377455682385758,0.0050950605532299464,False,
GSE96804,R-HSA-9769740,Coagulation pathway,GSM2544311,DKD,-0.11686691362783587,-0.11796686972514361,0.0010999560973077444,False,
GSE96804,R-HSA-202733,Cell surface interactions at the vascular wall,GSM2544311,DKD,0.16963767697562854,0.1671412780971387,0.002496398878489847,False,
GSE96804,R-HSA-380108,Chemokine receptors bind chemokines,GSM2544311,DKD,0.08312769172167696,0.07793420013734488,0.005193491584332077,False,
GSE96804,R-HSA-1474244,Extracellular matrix organization,GSM2544311,DKD,0.36271336957247097,0.35587113764592915,0.00684223192654182,False,
GSE96804,R-HSA-1234174,Cellular response to hypoxia,GSM2544311,DKD,-0.42658951957627494,-0.4349345615699515,0.008345041993676583,False,
GSE96804,R-HSA-170834,Signaling by TGF-beta Receptor Complex,GSM2544311,DKD,-0.08696655112405231,-0.09796352136476953,0.010996970240717219,False,
GSE96804,R-HSA-166658,Complement cascade,GSM2544312,DKD,0.34284062879180577,0.35060823108768374,0.007767602295877973,False,
GSE96804,R-HSA-9769740,Coagulation pathway,GSM2544312,DKD,-0.11686691362783587,-0.11202924383668307,0.004837669791152799,False,
GSE96804,R-HSA-202733,Cell surface interactions at the vascular wall,GSM2544312,DKD,0.16963767697562854,0.17477069958172392,0.005133022606095383,False,
GSE96804,R-HSA-380108,Chemokine receptors bind chemokines,GSM2544312,DKD,0.08312769172167696,0.08607189541866928,0.0029442036969923174,False,
GSE96804,R-HSA-1474244,Extracellular matrix organization,GSM2544312,DKD,0.36271336957247097,0.3614403181676899,0.001273051404781067,False,
GSE96804,R-HSA-1234174,Cellular response to hypoxia,GSM2544312,DKD,-0.42658951957627494,-0.44212520880933887,0.01553568923306392,False,
GSE96804,R-HSA-170834,Signaling by TGF-beta Receptor Complex,GSM2544312,DKD,-0.08696655112405231,-0.09392280193381326,0.00695625080976095,False,
GSE96804,R-HSA-166658,Complement cascade,GSM2544313,DKD,0.34284062879180577,0.34507912963023674,0.002238500838430968,False,
GSE96804,R-HSA-9769740,Coagulation pathway,GSM2544313,DKD,-0.11686691362783587,-0.11785252198736491,0.0009856083595290444,False,
GSE96804,R-HSA-202733,Cell surface interactions at the vascular wall,GSM2544313,DKD,0.16963767697562854,0.1716902461120629,0.002052569136434368,False,
GSE96804,R-HSA-380108,Chemokine receptors bind chemokines,GSM2544313,DKD,0.08312769172167696,0.086001446174645,0.002873754452968044,False,
GSE96804,R-HSA-1474244,Extracellular matrix organization,GSM2544313,DKD,0.36271336957247097,0.3680056604548567,0.005292290882385753,False,
GSE96804,R-HSA-1234174,Cellular response to hypoxia,GSM2544313,DKD,-0.42658951957627494,-0.4218143604386503,0.004775159137624663,False,
GSE96804,R-HSA-170834,Signaling by TGF-beta Receptor Complex,GSM2544313,DKD,-0.08696655112405231,-0.08136839368218221,0.0055981574418701024,False,
GSE96804,R-HSA-166658,Complement cascade,GSM2544314,DKD,0.34284062879180577,0.33728418558520995,0.005556443206595818,False,
GSE96804,R-HSA-9769740,Coagulation pathway,GSM2544314,DKD,-0.11686691362783587,-0.11852845762305256,0.0016615439952166883,False,
GSE96804,R-HSA-202733,Cell surface interactions at the vascular wall,GSM2544314,DKD,0.16963767697562854,0.1668080195573733,0.002829657418255249,False,
GSE96804,R-HSA-380108,Chemokine receptors bind chemokines,GSM2544314,DKD,0.08312769172167696,0.07241101344112992,0.010716678280547037,False,
GSE96804,R-HSA-1474244,Extracellular matrix organization,GSM2544314,DKD,0.36271336957247097,0.3557892790029229,0.006924090569548069,False,
GSE96804,R-HSA-1234174,Cellular response to hypoxia,GSM2544314,DKD,-0.42658951957627494,-0.4321699243921359,0.005580404815860973,False,
GSE96804,R-HSA-170834,Signaling by TGF-beta Receptor Complex,GSM2544314,DKD,-0.08696655112405231,-0.08609778568124972,0.0008687654428025937,False,
GSE96804,R-HSA-166658,Complement cascade,GSM2544315,DKD,0.34284062879180577,0.35379068693726673,0.010950058145460961,False,
GSE96804,R-HSA-9769740,Coagulation pathway,GSM2544315,DKD,-0.11686691362783587,-0.11376300136194782,0.003103912265888048,False,
GSE96804,R-HSA-202733,Cell surface interactions at the vascular wall,GSM2544315,DKD,0.16963767697562854,0.17675556712757692,0.007117890151948386,False,
GSE96804,R-HSA-380108,Chemokine receptors bind chemokines,GSM2544315,DKD,0.08312769172167696,0.0971701319212828,0.014042440199605849,False,
GSE96804,R-HSA-1474244,Extracellular matrix organization,GSM2544315,DKD,0.36271336957247097,0.3717430772235186,0.009029707651047658,False,
GSE96804,R-HSA-1234174,Cellular response to hypoxia,GSM2544315,DKD,-0.42658951957627494,-0.43431956061069116,0.007730041034416213,False,
GSE96804,R-HSA-170834,Signaling by TGF-beta Receptor Complex,GSM2544315,DKD,-0.08696655112405231,-0.08587990197001724,0.0010866491540350715,False,
GSE96804,R-HSA-166658,Complement cascade,GSM2544316,CONTROL,0.34284062879180577,0.3316589790611173,0.01118164973068847,False,
GSE96804,R-HSA-9769740,Coagulation pathway,GSM2544316,CONTROL,-0.11686691362783587,-0.11422448569557128,0.0026424279322645877,False,
GSE96804,R-HSA-202733,Cell surface interactions at the vascular wall,GSM2544316,CONTROL,0.16963767697562854,0.1634817944683679,0.006155882507260624,False,
GSE96804,R-HSA-380108,Chemokine receptors bind chemokines,GSM2544316,CONTROL,0.08312769172167696,0.07413281170999053,0.008994880011686426,False,
GSE96804,R-HSA-1474244,Extracellular matrix organization,GSM2544316,CONTROL,0.36271336957247097,0.3687657673215498,0.006052397749078842,False,
GSE96804,R-HSA-1234174,Cellular response to hypoxia,GSM2544316,CONTROL,-0.42658951957627494,-0.4543393704359488,0.027749850859673852,False,
GSE96804,R-HSA-170834,Signaling by TGF-beta Receptor Complex,GSM2544316,CONTROL,-0.08696655112405231,-0.0898668193411413,0.002900268217088983,False,
GSE96804,R-HSA-166658,Complement cascade,GSM2544317,CONTROL,0.34284062879180577,0.33944476662639084,0.0033958621654149312,False,
GSE96804,R-HSA-9769740,Coagulation pathway,GSM2544317,CONTROL,-0.11686691362783587,-0.11832354410620304,0.0014566304783671657,False,
GSE96804,R-HSA-202733,Cell surface interactions at the vascular wall,GSM2544317,CONTROL,0.16963767697562854,0.1718877716884258,0.0022500947127972737,False,
GSE96804,R-HSA-380108,Chemokine receptors bind chemokines,GSM2544317,CONTROL,0.08312769172167696,0.0850002164403549,0.001872524718677937,False,
GSE96804,R-HSA-1474244,Extracellular matrix organization,GSM2544317,CONTROL,0.36271336957247097,0.3633880371704099,0.0006746675979389383,False,
GSE96804,R-HSA-1234174,Cellular response to hypoxia,GSM2544317,CONTROL,-0.42658951957627494,-0.43634742851926994,0.009757908942994997,False,
GSE96804,R-HSA-170834,Signaling by TGF-beta Receptor Complex,GSM2544317,CONTROL,-0.08696655112405231,-0.07860956938827093,0.00835698173578138,False,
GSE96804,R-HSA-166658,Complement cascade,GSM2544318,CONTROL,0.34284062879180577,0.33606898596765783,0.006771642824147939,False,
GSE96804,R-HSA-9769740,Coagulation pathway,GSM2544318,CONTROL,-0.11686691362783587,-0.12349568788470608,0.00662877425687021,False,
GSE96804,R-HSA-202733,Cell surface interactions at the vascular wall,GSM2544318,CONTROL,0.16963767697562854,0.17020773943745168,0.0005700624618231453,False,
GSE96804,R-HSA-380108,Chemokine receptors bind chemokines,GSM2544318,CONTROL,0.08312769172167696,0.08882843326268784,0.005700741541010884,False,
GSE96804,R-HSA-1474244,Extracellular matrix organization,GSM2544318,CONTROL,0.36271336957247097,0.35456843836280294,0.008144931209668027,False,
GSE96804,R-HSA-1234174,Cellular response to hypoxia,GSM2544318,CONTROL,-0.42658951957627494,-0.4108065731899641,0.015782946386310837,False,
GSE96804,R-HSA-170834,Signaling by TGF-beta Receptor Complex,GSM2544318,CONTROL,-0.08696655112405231,-0.08111250961271235,0.005854041511339961,False,
GSE96804,R-HSA-166658,Complement cascade,GSM2544319,CONTROL,0.34284062879180577,0.32741630504170127,0.015424323750104496,False,
GSE96804,R-HSA-9769740,Coagulation pathway,GSM2544319,CONTROL,-0.11686691362783587,-0.11078013262762965,0.006086781000206223,False,
GSE96804,R-HSA-202733,Cell surface interactions at the vascular wall,GSM2544319,CONTROL,0.16963767697562854,0.15806480808173315,0.011572868893895388,False,
GSE96804,R-HSA-380108,Chemokine receptors bind chemokines,GSM2544319,CONTROL,0.08312769172167696,0.09107713960085957,0.007949447879182614,False,
GSE96804,R-HSA-1474244,Extracellular matrix organization,GSM2544319,CONTROL,0.36271336957247097,0.35755773531009893,0.005155634262372033,False,
GSE96804,R-HSA-1234174,Cellular response to hypoxia,GSM2544319,CONTROL,-0.42658951957627494,-0.4544060810826625,0.02781656150638756,False,
GSE96804,R-HSA-170834,Signaling by TGF-beta Receptor Complex,GSM2544319,CONTROL,-0.08696655112405231,-0.09686057391556449,0.009894022791512178,False,
GSE96804,R-HSA-166658,Complement cascade,GSM2544320,CONTROL,0.34284062879180577,0.3836476654388064,0.04080703664700064,False,
GSE96804,R-HSA-9769740,Coagulation pathway,GSM2544320,CONTROL,-0.11686691362783587,-0.12285196509048275,0.005985051462646884,False,
GSE96804,R-HSA-202733,Cell surface interactions at the vascular wall,GSM2544320,CONTROL,0.16963767697562854,0.18425063798488628,0.014612961009257741,False,
GSE96804,R-HSA-380108,Chemokine receptors bind chemokines,GSM2544320,CONTROL,0.08312769172167696,0.10343623854926785,0.020308546827590895,False,
GSE96804,R-HSA-1474244,Extracellular matrix organization,GSM2544320,CONTROL,0.36271336957247097,0.3552874204078857,0.007425949164585277,False,
GSE96804,R-HSA-1234174,Cellular response to hypoxia,GSM2544320,CONTROL,-0.42658951957627494,-0.4499486592193212,0.023359139643046256,False,
GSE96804,R-HSA-170834,Signaling by TGF-beta Receptor Complex,GSM2544320,CONTROL,-0.08696655112405231,-0.10541537250721819,0.018448821383165878,False,
GSE96804,R-HSA-166658,Complement cascade,GSM2544321,CONTROL,0.34284062879180577,0.330591897710206,0.012248731081599795,False,
GSE96804,R-HSA-9769740,Coagulation pathway,GSM2544321,CONTROL,-0.11686691362783587,-0.10876030481116697,0.0081066088166689,False,
GSE96804,R-HSA-202733,Cell surface interactions at the vascular wall,GSM2544321,CONTROL,0.16963767697562854,0.16469162420906203,0.004946052766566511,False,
GSE96804,R-HSA-380108,Chemokine receptors bind chemokines,GSM2544321,CONTROL,0.08312769172167696,0.08033771978576018,0.002789971935916777,False,
GSE96804,R-HSA-1474244,Extracellular matrix organization,GSM2544321,CONTROL,0.36271336957247097,0.35565615200215556,0.0070572175703154105,False,
GSE96804,R-HSA-1234174,Cellular response to hypoxia,GSM2544321,CONTROL,-0.42658951957627494,-0.43050784538270503,0.00391832580643009,False,
GSE96804,R-HSA-170834,Signaling by TGF-beta Receptor Complex,GSM2544321,CONTROL,-0.08696655112405231,-0.09424745848869052,0.007280907364638212,False,
GSE96804,R-HSA-166658,Complement cascade,GSM2544322,CONTROL,0.34284062879180577,0.34069947943868845,0.002141149353117322,False,
GSE96804,R-HSA-9769740,Coagulation pathway,GSM2544322,CONTROL,-0.11686691362783587,-0.12291616013896929,0.0060492465111334215,False,
GSE96804,R-HSA-202733,Cell surface interactions at the vascular wall,GSM2544322,CONTROL,0.16963767697562854,0.16372892633855585,0.0059087506370726905,False,
GSE96804,R-HSA-380108,Chemokine receptors bind chemokines,GSM2544322,CONTROL,0.08312769172167696,0.08186472250944696,0.0012629692122300001,False,
GSE96804,R-HSA-1474244,Extracellular matrix organization,GSM2544322,CONTROL,0.36271336957247097,0.3569614412646005,0.005751928307870469,False,
GSE96804,R-HSA-1234174,Cellular response to hypoxia,GSM2544322,CONTROL,-0.42658951957627494,-0.41251653942862143,0.014072980147653513,False,
GSE96804,R-HSA-170834,Signaling by TGF-beta Receptor Complex,GSM2544322,CONTROL,-0.08696655112405231,-0.08846583055201768,0.0014992794279653637,False,
GSE96804,R-HSA-166658,Complement cascade,GSM2544323,CONTROL,0.34284062879180577,0.3405428242901018,0.0022978045017039705,False,
GSE96804,R-HSA-9769740,Coagulation pathway,GSM2544323,CONTROL,-0.11686691362783587,-0.1243311116939118,0.007464198066075928,False,
GSE96804,R-HSA-202733,Cell surface interactions at the vascular wall,GSM2544323,CONTROL,0.16963767697562854,0.16611215988492567,0.0035255170907028677,False,
GSE96804,R-HSA-380108,Chemokine receptors bind chemokines,GSM2544323,CONTROL,0.08312769172167696,0.057020025482865735,0.026107666238811222,False,
GSE96804,R-HSA-1474244,Extracellular matrix organization,GSM2544323,CONTROL,0.36271336957247097,0.35385169713414055,0.008861672438330415,False,
GSE96804,R-HSA-1234174,Cellular response to hypoxia,GSM2544323,CONTROL,-0.42658951957627494,-0.41304002275002333,0.013549496826251617,False,
GSE96804,R-HSA-170834,Signaling by TGF-beta Receptor Complex,GSM2544323,CONTROL,-0.08696655112405231,-0.07445924381118302,0.012507307312869295,False,
GSE96804,R-HSA-166658,Complement cascade,GSM2544324,CONTROL,0.34284062879180577,0.33263470248625476,0.010205926305551005,False,
GSE96804,R-HSA-9769740,Coagulation pathway,GSM2544324,CONTROL,-0.11686691362783587,-0.10989508998183137,0.006971823646004502,False,
GSE96804,R-HSA-202733,Cell surface interactions at the vascular wall,GSM2544324,CONTROL,0.16963767697562854,0.1679431702555051,0.0016945067201234454,False,
GSE96804,R-HSA-380108,Chemokine receptors bind chemokines,GSM2544324,CONTROL,0.08312769172167696,0.0621210084900687,0.02100668323160826,False,
GSE96804,R-HSA-1474244,Extracellular matrix organization,GSM2544324,CONTROL,0.36271336957247097,0.3586208297025962,0.0040925398698747895,False,
GSE96804,R-HSA-1234174,Cellular response to hypoxia,GSM2544324,CONTROL,-0.42658951957627494,-0.417901159852873,0.008688359723401928,False,
GSE96804,R-HSA-170834,Signaling by TGF-beta Receptor Complex,GSM2544324,CONTROL,-0.08696655112405231,-0.08744628329277791,0.00047973216872559954,False,
GSE96804,R-HSA-166658,Complement cascade,GSM2544325,CONTROL,0.34284062879180577,0.33537817245280954,0.007462456338996226,False,
GSE96804,R-HSA-9769740,Coagulation pathway,GSM2544325,CONTROL,-0.11686691362783587,-0.11355315708867451,0.0033137565391613555,False,
GSE96804,R-HSA-202733,Cell surface interactions at the vascular wall,GSM2544325,CONTROL,0.16963767697562854,0.16761489799736348,0.002022778978265055,False,
GSE96804,R-HSA-380108,Chemokine receptors bind chemokines,GSM2544325,CONTROL,0.08312769172167696,0.06978653017238438,0.013341161549292574,False,
GSE96804,R-HSA-1474244,Extracellular matrix organization,GSM2544325,CONTROL,0.36271336957247097,0.3765963699130147,0.013883000340543739,False,
GSE96804,R-HSA-1234174,Cellular response to hypoxia,GSM2544325,CONTROL,-0.42658951957627494,-0.4198982770563448,0.006691242519930141,False,
GSE96804,R-HSA-170834,Signaling by TGF-beta Receptor Complex,GSM2544325,CONTROL,-0.08696655112405231,-0.0728512047477713,0.014115346376281007,False,
GSE96804,R-HSA-166658,Complement cascade,GSM2544326,CONTROL,0.34284062879180577,0.3753821249246578,0.03254149613285201,False,
GSE96804,R-HSA-9769740,Coagulation pathway,GSM2544326,CONTROL,-0.11686691362783587,-0.11785502083821238,0.0009881072103765098,False,
GSE96804,R-HSA-202733,Cell surface interactions at the vascular wall,GSM2544326,CONTROL,0.16963767697562854,0.19710103853825525,0.027463361562626715,False,
GSE96804,R-HSA-380108,Chemokine receptors bind chemokines,GSM2544326,CONTROL,0.08312769172167696,0.10676158321064601,0.02363389148896905,False,
GSE96804,R-HSA-1474244,Extracellular matrix organization,GSM2544326,CONTROL,0.36271336957247097,0.37297783995284345,0.010264470380372481,False,
GSE96804,R-HSA-1234174,Cellular response to hypoxia,GSM2544326,CONTROL,-0.42658951957627494,-0.42262288702115625,0.003966632555118699,False,
GSE96804,R-HSA-170834,Signaling by TGF-beta Receptor Complex,GSM2544326,CONTROL,-0.08696655112405231,-0.07602348647250853,0.01094306465154378,False,
GSE96804,R-HSA-166658,Complement cascade,GSM2544327,CONTROL,0.34284062879180577,0.33010703190617807,0.012733596885627696,False,
GSE96804,R-HSA-9769740,Coagulation pathway,GSM2544327,CONTROL,-0.11686691362783587,-0.1053204798304708,0.011546433797365072,False,
GSE96804,R-HSA-202733,Cell surface interactions at the vascular wall,GSM2544327,CONTROL,0.16963767697562854,0.15820575732855297,0.011431919647075572,False,
GSE96804,R-HSA-380108,Chemokine receptors bind chemokines,GSM2544327,CONTROL,0.08312769172167696,0.07279161855842717,0.01033607316324979,False,
GSE96804,R-HSA-1474244,Extracellular matrix organization,GSM2544327,CONTROL,0.36271336957247097,0.36275075827106157,3.7388698590601344e-05,False,
GSE96804,R-HSA-1234174,Cellular response to hypoxia,GSM2544327,CONTROL,-0.42658951957627494,-0.4515242234058681,0.024934703829593174,False,
GSE96804,R-HSA-170834,Signaling by TGF-beta Receptor Complex,GSM2544327,CONTROL,-0.08696655112405231,-0.11181879691911709,0.024852245795064773,False,
GSE96804,R-HSA-166658,Complement cascade,GSM2544328,CONTROL,0.34284062879180577,0.351341910734909,0.008501281943103234,False,
GSE96804,R-HSA-9769740,Coagulation pathway,GSM2544328,CONTROL,-0.11686691362783587,-0.1160727243740757,0.0007941892537601664,False,
GSE96804,R-HSA-202733,Cell surface interactions at the vascular wall,GSM2544328,CONTROL,0.16963767697562854,0.17091996649974744,0.001282289524118907,False,
GSE96804,R-HSA-380108,Chemokine receptors bind chemokines,GSM2544328,CONTROL,0.08312769172167696,0.07716853042133427,0.005959161300342686,False,
GSE96804,R-HSA-1474244,Extracellular matrix organization,GSM2544328,CONTROL,0.36271336957247097,0.36864258410555045,0.005929214533079485,False,
GSE96804,R-HSA-1234174,Cellular response to hypoxia,GSM2544328,CONTROL,-0.42658951957627494,-0.413697056163944,0.012892463412330968,False,
GSE96804,R-HSA-170834,Signaling by TGF-beta Receptor Complex,GSM2544328,CONTROL,-0.08696655112405231,-0.08920074136220066,0.0022341902381483453,False,
GSE96804,R-HSA-166658,Complement cascade,GSM2544329,CONTROL,0.34284062879180577,0.3339404599233543,0.008900168868451463,False,
GSE96804,R-HSA-9769740,Coagulation pathway,GSM2544329,CONTROL,-0.11686691362783587,-0.11723493358559574,0.0003680199577598686,False,
GSE96804,R-HSA-202733,Cell surface interactions at the vascular wall,GSM2544329,CONTROL,0.16963767697562854,0.17070168779232753,0.0010640108166989903,False,
GSE96804,R-HSA-380108,Chemokine receptors bind chemokines,GSM2544329,CONTROL,0.08312769172167696,0.09075074939573674,0.007623057674059783,False,
GSE96804,R-HSA-1474244,Extracellular matrix organization,GSM2544329,CONTROL,0.36271336957247097,0.3624996267455853,0.0002137428268856878,False,
GSE96804,R-HSA-1234174,Cellular response to hypoxia,GSM2544329,CONTROL,-0.42658951957627494,-0.431518799815305,0.004929280239030054,False,
GSE96804,R-HSA-170834,Signaling by TGF-beta Receptor Complex,GSM2544329,CONTROL,-0.08696655112405231,-0.08668297790545891,0.00028357321859340257,False,
GSE96804,R-HSA-166658,Complement cascade,GSM2544330,CONTROL,0.34284062879180577,0.33955035727705446,0.0032902715147513084,False,
GSE96804,R-HSA-9769740,Coagulation pathway,GSM2544330,CONTROL,-0.11686691362783587,-0.12348731871207089,0.006620405084235018,False,
GSE96804,R-HSA-202733,Cell surface interactions at the vascular wall,GSM2544330,CONTROL,0.16963767697562854,0.16529132318654058,0.004346353789087959,False,
GSE96804,R-HSA-380108,Chemokine receptors bind chemokines,GSM2544330,CONTROL,0.08312769172167696,0.08201362237872445,0.001114069342952509,False,
GSE96804,R-HSA-1474244,Extracellular matrix organization,GSM2544330,CONTROL,0.36271336957247097,0.36696792891884733,0.004254559346376363,False,
GSE96804,R-HSA-1234174,Cellular response to hypoxia,GSM2544330,CONTROL,-0.42658951957627494,-0.4205242933888625,0.0060652261874124536,False,
GSE96804,R-HSA-170834,Signaling by TGF-beta Receptor Complex,GSM2544330,CONTROL,-0.08696655112405231,-0.07170365566724866,0.015262895456803649,False,
GSE96804,R-HSA-166658,Complement cascade,GSM2544331,CONTROL,0.34284062879180577,0.335418367050491,0.007422261741314773,False,
GSE96804,R-HSA-9769740,Coagulation pathway,GSM2544331,CONTROL,-0.11686691362783587,-0.11761802530355052,0.0007511116757146497,False,
GSE96804,R-HSA-202733,Cell surface interactions at the vascular wall,GSM2544331,CONTROL,0.16963767697562854,0.1625932438477626,0.007044433127865929,False,
GSE96804,R-HSA-380108,Chemokine receptors bind chemokines,GSM2544331,CONTROL,0.08312769172167696,0.08017796919660344,0.0029497225250735143,False,
GSE96804,R-HSA-1474244,Extracellular matrix organization,GSM2544331,CONTROL,0.36271336957247097,0.3571412448728438,0.005572124699627146,False,
GSE96804,R-HSA-1234174,Cellular response to hypoxia,GSM2544331,CONTROL,-0.42658951957627494,-0.4026398770855022,0.02394964249077275,False,
GSE96804,R-HSA-170834,Signaling by TGF-beta Receptor Complex,GSM2544331,CONTROL,-0.08696655112405231,-0.08240185799956518,0.0045646931244871375,False,
GSE96804,R-HSA-166658,Complement cascade,GSM2544332,CONTROL,0.34284062879180577,0.3258897282133257,0.016950900578480088,False,
GSE96804,R-HSA-9769740,Coagulation pathway,GSM2544332,CONTROL,-0.11686691362783587,-0.1256586038572977,0.008791690229461843,False,
GSE96804,R-HSA-202733,Cell surface interactions at the vascular wall,GSM2544332,CONTROL,0.16963767697562854,0.15765217259209957,0.011985504383528967,False,
GSE96804,R-HSA-380108,Chemokine receptors bind chemokines,GSM2544332,CONTROL,0.08312769172167696,0.060698331006503924,0.022429360715173034,False,
GSE96804,R-HSA-1474244,Extracellular matrix organization,GSM2544332,CONTROL,0.36271336957247097,0.35206595024344717,0.0106474193290238,False,
GSE96804,R-HSA-1234174,Cellular response to hypoxia,GSM2544332,CONTROL,-0.42658951957627494,-0.419814362659812,0.0067751569164629655,False,
GSE96804,R-HSA-170834,Signaling by TGF-beta Receptor Complex,GSM2544332,CONTROL,-0.08696655112405231,-0.09012301294939679,0.0031564618253444726,False,
GSE96804,R-HSA-166658,Complement cascade,GSM2544333,CONTROL,0.34284062879180577,0.3373706769884197,0.005469951803386053,False,
GSE96804,R-HSA-9769740,Coagulation pathway,GSM2544333,CONTROL,-0.11686691362783587,-0.11347878868662788,0.003388124941207993,False,
GSE96804,R-HSA-202733,Cell surface interactions at the vascular wall,GSM2544333,CONTROL,0.16963767697562854,0.1647492053908971,0.004888471584731435,False,
GSE96804,R-HSA-380108,Chemokine receptors bind chemokines,GSM2544333,CONTROL,0.08312769172167696,0.07530471945284094,0.00782297226883602,False,
GSE96804,R-HSA-1474244,Extracellular matrix organization,GSM2544333,CONTROL,0.36271336957247097,0.361149764543757,0.0015636050287139436,False,
GSE96804,R-HSA-1234174,Cellular response to hypoxia,GSM2544333,CONTROL,-0.42658951957627494,-0.41292212585642624,0.013667393719848708,False,
GSE96804,R-HSA-170834,Signaling by TGF-beta Receptor Complex,GSM2544333,CONTROL,-0.08696655112405231,-0.08174047191467303,0.005226079209379286,False,
GSE96804,R-HSA-166658,Complement cascade,GSM2544334,CONTROL,0.34284062879180577,0.3522021731603354,0.00936154436852965,False,
GSE96804,R-HSA-9769740,Coagulation pathway,GSM2544334,CONTROL,-0.11686691362783587,-0.12149708889971375,0.004630175271877882,False,
GSE96804,R-HSA-202733,Cell surface interactions at the vascular wall,GSM2544334,CONTROL,0.16963767697562854,0.168058422460398,0.001579254515230527,False,
GSE96804,R-HSA-380108,Chemokine receptors bind chemokines,GSM2544334,CONTROL,0.08312769172167696,0.07260320005918798,0.010524491662488977,False,
GSE96804,R-HSA-1474244,Extracellular matrix organization,GSM2544334,CONTROL,0.36271336957247097,0.3498723286884853,0.012841040883985688,False,
GSE96804,R-HSA-1234174,Cellular response to hypoxia,GSM2544334,CONTROL,-0.42658951957627494,-0.41849508547574754,0.008094434100527403,False,
GSE96804,R-HSA-170834,Signaling by TGF-beta Receptor Complex,GSM2544334,CONTROL,-0.08696655112405231,-0.09180460155463492,0.004838050430582608,False,
GSE96804,R-HSA-166658,Complement cascade,GSM2544335,CONTROL,0.34284062879180577,0.3363994340166353,0.006441194775170467,False,
GSE96804,R-HSA-9769740,Coagulation pathway,GSM2544335,CONTROL,-0.11686691362783587,-0.12402634972023009,0.007159436092394222,False,
GSE96804,R-HSA-202733,Cell surface interactions at the vascular wall,GSM2544335,CONTROL,0.16963767697562854,0.16171723930385604,0.007920437671772501,False,
GSE96804,R-HSA-380108,Chemokine receptors bind chemokines,GSM2544335,CONTROL,0.08312769172167696,0.07998264362910332,0.0031450480925736407,False,
GSE96804,R-HSA-1474244,Extracellular matrix organization,GSM2544335,CONTROL,0.36271336957247097,0.35375936755286297,0.008954002019607998,False,
GSE96804,R-HSA-1234174,Cellular response to hypoxia,GSM2544335,CONTROL,-0.42658951957627494,-0.42051434040949276,0.006075179166782185,False,
GSE96804,R-HSA-170834,Signaling by TGF-beta Receptor Complex,GSM2544335,CONTROL,-0.08696655112405231,-0.09826261952876646,0.011296068404714144,False,
GSE30528,R-HSA-166658,Complement cascade,GSM756992,DKD,0.551476799468845,0.5756602636919814,0.02418346422313644,False,
GSE30528,R-HSA-9769740,Coagulation pathway,GSM756992,DKD,0.08696330367246335,0.11709508149178838,0.030131777819325023,False,
GSE30528,R-HSA-202733,Cell surface interactions at the vascular wall,GSM756992,DKD,0.35700758245665826,0.3948768170259701,0.03786923456931185,False,
GSE30528,R-HSA-380108,Chemokine receptors bind chemokines,GSM756992,DKD,0.6187305243958318,0.6494854237533075,0.030754899357475773,False,
GSE30528,R-HSA-1474244,Extracellular matrix organization,GSM756992,DKD,0.2985728143032311,0.3294506059073027,0.03087779160407156,False,
GSE30528,R-HSA-1234174,Cellular response to hypoxia,GSM756992,DKD,-0.13427994295148007,-0.13258861979069553,0.001691323160784547,False,
GSE30528,R-HSA-170834,Signaling by TGF-beta Receptor Complex,GSM756992,DKD,-0.07938033713936953,-0.049130117159928294,0.03025021997944123,False,
GSE30528,R-HSA-166658,Complement cascade,GSM756993,DKD,0.551476799468845,0.6143855532406906,0.06290875377184557,False,
GSE30528,R-HSA-9769740,Coagulation pathway,GSM756993,DKD,0.08696330367246335,0.04358501416189603,0.043378289510567325,False,
GSE30528,R-HSA-202733,Cell surface interactions at the vascular wall,GSM756993,DKD,0.35700758245665826,0.3443416104897576,0.012665971966900669,False,
GSE30528,R-HSA-380108,Chemokine receptors bind chemokines,GSM756993,DKD,0.6187305243958318,0.589364620208053,0.029365904187778735,False,
GSE30528,R-HSA-1474244,Extracellular matrix organization,GSM756993,DKD,0.2985728143032311,0.27480549602610754,0.023767318277123584,False,
GSE30528,R-HSA-1234174,Cellular response to hypoxia,GSM756993,DKD,-0.13427994295148007,-0.07801055486281924,0.05626938808866083,False,
GSE30528,R-HSA-170834,Signaling by TGF-beta Receptor Complex,GSM756993,DKD,-0.07938033713936953,-0.07320025115115306,0.006180085988216469,False,
GSE30528,R-HSA-166658,Complement cascade,GSM756994,DKD,0.551476799468845,0.48281049373022794,0.06866630573861704,False,
GSE30528,R-HSA-9769740,Coagulation pathway,GSM756994,DKD,0.08696330367246335,0.03541177518053606,0.0515515284919273,False,
GSE30528,R-HSA-202733,Cell surface interactions at the vascular wall,GSM756994,DKD,0.35700758245665826,0.31514118232146804,0.04186640013519022,False,
GSE30528,R-HSA-380108,Chemokine receptors bind chemokines,GSM756994,DKD,0.6187305243958318,0.5090693640887283,0.10966116030710349,False,
GSE30528,R-HSA-1474244,Extracellular matrix organization,GSM756994,DKD,0.2985728143032311,0.24776098828365142,0.0508118260195797,False,
GSE30528,R-HSA-1234174,Cellular response to hypoxia,GSM756994,DKD,-0.13427994295148007,-0.07174947413526299,0.06253046881621709,False,
GSE30528,R-HSA-170834,Signaling by TGF-beta Receptor Complex,GSM756994,DKD,-0.07938033713936953,-0.09712576159306804,0.01774542445369852,False,
GSE30528,R-HSA-166658,Complement cascade,GSM756995,DKD,0.551476799468845,0.49341434308133053,0.05806245638751445,False,
GSE30528,R-HSA-9769740,Coagulation pathway,GSM756995,DKD,0.08696330367246335,0.14002665201505948,0.05306334834259613,False,
GSE30528,R-HSA-202733,Cell surface interactions at the vascular wall,GSM756995,DKD,0.35700758245665826,0.3416751325519492,0.015332449904709056,False,
GSE30528,R-HSA-380108,Chemokine receptors bind chemokines,GSM756995,DKD,0.6187305243958318,0.5970159099731422,0.021714614422689515,False,
GSE30528,R-HSA-1474244,Extracellular matrix organization,GSM756995,DKD,0.2985728143032311,0.2725671479765242,0.026005666326706922,False,
GSE30528,R-HSA-1234174,Cellular response to hypoxia,GSM756995,DKD,-0.13427994295148007,-0.09084489278238765,0.04343505016909242,False,
GSE30528,R-HSA-170834,Signaling by TGF-beta Receptor Complex,GSM756995,DKD,-0.07938033713936953,-0.08366720188845898,0.0042868647490894585,False,
GSE30528,R-HSA-166658,Complement cascade,GSM756996,DKD,0.551476799468845,0.5287862392939813,0.022690560174863705,False,
GSE30528,R-HSA-9769740,Coagulation pathway,GSM756996,DKD,0.08696330367246335,0.0884902187183574,0.0015269150458940423,False,
GSE30528,R-HSA-202733,Cell surface interactions at the vascular wall,GSM756996,DKD,0.35700758245665826,0.36914407358620455,0.01213649112954629,False,
GSE30528,R-HSA-380108,Chemokine receptors bind chemokines,GSM756996,DKD,0.6187305243958318,0.663175108315708,0.04444458391987627,False,
GSE30528,R-HSA-1474244,Extracellular matrix organization,GSM756996,DKD,0.2985728143032311,0.31157594191919125,0.01300312761596012,False,
GSE30528,R-HSA-1234174,Cellular response to hypoxia,GSM756996,DKD,-0.13427994295148007,-0.18403777162857024,0.049757828677090166,False,
GSE30528,R-HSA-170834,Signaling by TGF-beta Receptor Complex,GSM756996,DKD,-0.07938033713936953,-0.050550964962127146,0.02882937217724238,False,
GSE30528,R-HSA-166658,Complement cascade,GSM756997,DKD,0.551476799468845,0.6099090263972132,0.05843222692836825,False,
GSE30528,R-HSA-9769740,Coagulation pathway,GSM756997,DKD,0.08696330367246335,0.09906513711326027,0.01210183344079692,False,
GSE30528,R-HSA-202733,Cell surface interactions at the vascular wall,GSM756997,DKD,0.35700758245665826,0.4082583963618198,0.05125081390516156,False,
GSE30528,R-HSA-380108,Chemokine receptors bind chemokines,GSM756997,DKD,0.6187305243958318,0.7464677073474301,0.1277371829515983,False,
GSE30528,R-HSA-1474244,Extracellular matrix organization,GSM756997,DKD,0.2985728143032311,0.34449123654766245,0.04591842224443132,False,
GSE30528,R-HSA-1234174,Cellular response to hypoxia,GSM756997,DKD,-0.13427994295148007,-0.16030081814106126,0.026020875189581183,False,
GSE30528,R-HSA-170834,Signaling by TGF-beta Receptor Complex,GSM756997,DKD,-0.07938033713936953,-0.06191826778213923,0.017462069357230298,False,
GSE30528,R-HSA-166658,Complement cascade,GSM756998,DKD,0.551476799468845,0.5602825018780814,0.008805702409236393,False,
GSE30528,R-HSA-9769740,Coagulation pathway,GSM756998,DKD,0.08696330367246335,0.13544897011569848,0.048485666443235126,False,
GSE30528,R-HSA-202733,Cell surface interactions at the vascular wall,GSM756998,DKD,0.35700758245665826,0.3770704471235403,0.020062864666882063,False,
GSE30528,R-HSA-380108,Chemokine receptors bind chemokines,GSM756998,DKD,0.6187305243958318,0.6777465385651732,0.059016014169341435,False,
GSE30528,R-HSA-1474244,Extracellular matrix organization,GSM756998,DKD,0.2985728143032311,0.34071203212323925,0.042139217820008124,False,
GSE30528,R-HSA-1234174,Cellular response to hypoxia,GSM756998,DKD,-0.13427994295148007,-0.20667368766626165,0.07239374471478158,False,
GSE30528,R-HSA-170834,Signaling by TGF-beta Receptor Complex,GSM756998,DKD,-0.07938033713936953,-0.11896081659208418,0.03958047945271466,False,
GSE30528,R-HSA-166658,Complement cascade,GSM756999,DKD,0.551476799468845,0.5886863624774924,0.03720956300864742,False,
GSE30528,R-HSA-9769740,Coagulation pathway,GSM756999,DKD,0.08696330367246335,0.12173666512979292,0.034773361457329566,False,
GSE30528,R-HSA-202733,Cell surface interactions at the vascular wall,GSM756999,DKD,0.35700758245665826,0.38382217878166813,0.026814596325009876,False,
GSE30528,R-HSA-380108,Chemokine receptors bind chemokines,GSM756999,DKD,0.6187305243958318,0.6666786839159776,0.04794815952014586,False,
GSE30528,R-HSA-1474244,Extracellular matrix organization,GSM756999,DKD,0.2985728143032311,0.3508469521287398,0.05227413782550866,False,
GSE30528,R-HSA-1234174,Cellular response to hypoxia,GSM756999,DKD,-0.13427994295148007,-0.17476798522506895,0.040488042273588876,False,
GSE30528,R-HSA-170834,Signaling by TGF-beta Receptor Complex,GSM756999,DKD,-0.07938033713936953,-0.10539667961972748,0.02601634248035796,False,
GSE30528,R-HSA-166658,Complement cascade,GSM757000,DKD,0.551476799468845,0.5662902574563509,0.014813457987505885,False,
GSE30528,R-HSA-9769740,Coagulation pathway,GSM757000,DKD,0.08696330367246335,0.08236416761785927,0.004599136054604089,False,
GSE30528,R-HSA-202733,Cell surface interactions at the vascular wall,GSM757000,DKD,0.35700758245665826,0.37219106962565995,0.015183487169001697,False,
GSE30528,R-HSA-380108,Chemokine receptors bind chemokines,GSM757000,DKD,0.6187305243958318,0.6331693321828245,0.014438807786992691,False,
GSE30528,R-HSA-1474244,Extracellular matrix organization,GSM757000,DKD,0.2985728143032311,0.307672769184639,0.009099954881407857,False,
GSE30528,R-HSA-1234174,Cellular response to hypoxia,GSM757000,DKD,-0.13427994295148007,-0.1146668030737622,0.019613139877717872,False,
GSE30528,R-HSA-170834,Signaling by TGF-beta Receptor Complex,GSM757000,DKD,-0.07938033713936953,-0.062121404789376056,0.01725893234999347,False,
GSE30528,R-HSA-166658,Complement cascade,GSM757001,CONTROL,0.551476799468845,0.5218152561009348,0.02966154336791016,False,
GSE30528,R-HSA-9769740,Coagulation pathway,GSM757001,CONTROL,0.08696330367246335,0.061095639247091785,0.02586766442537157,False,
GSE30528,R-HSA-202733,Cell surface interactions at the vascular wall,GSM757001,CONTROL,0.35700758245665826,0.33772058084238527,0.01928700161427299,False,
GSE30528,R-HSA-380108,Chemokine receptors bind chemokines,GSM757001,CONTROL,0.6187305243958318,0.5881186188243599,0.030611905571471865,False,
GSE30528,R-HSA-1474244,Extracellular matrix organization,GSM757001,CONTROL,0.2985728143032311,0.2791348745925426,0.019437939710688523,False,
GSE30528,R-HSA-1234174,Cellular response to hypoxia,GSM757001,CONTROL,-0.13427994295148007,-0.14332995029542714,0.009050007343947064,False,
GSE30528,R-HSA-170834,Signaling by TGF-beta Receptor Complex,GSM757001,CONTROL,-0.07938033713936953,-0.07743165135729323,0.0019486857820762982,False,
GSE30528,R-HSA-166658,Complement cascade,GSM757002,CONTROL,0.551476799468845,0.597689448605226,0.04621264913638101,False,
GSE30528,R-HSA-9769740,Coagulation pathway,GSM757002,CONTROL,0.08696330367246335,0.09610428064346024,0.009140976970996889,False,
GSE30528,R-HSA-202733,Cell surface interactions at the vascular wall,GSM757002,CONTROL,0.35700758245665826,0.36352596120548697,0.006518378748828713,False,
GSE30528,R-HSA-380108,Chemokine receptors bind chemokines,GSM757002,CONTROL,0.6187305243958318,0.5997897411137376,0.018940783282094142,False,
GSE30528,R-HSA-1474244,Extracellular matrix organization,GSM757002,CONTROL,0.2985728143032311,0.2912098554801411,0.007362958823090016,False,
GSE30528,R-HSA-1234174,Cellular response to hypoxia,GSM757002,CONTROL,-0.13427994295148007,-0.13793116220245985,0.003651219250979776,False,
GSE30528,R-HSA-170834,Signaling by TGF-beta Receptor Complex,GSM757002,CONTROL,-0.07938033713936953,-0.0902086907533117,0.010828353613942174,False,
GSE30528,R-HSA-166658,Complement cascade,GSM757003,CONTROL,0.551476799468845,0.5230550864419938,0.028421713026851148,False,
GSE30528,R-HSA-9769740,Coagulation pathway,GSM757003,CONTROL,0.08696330367246335,0.07810892302965208,0.008854380642811271,False,
GSE30528,R-HSA-202733,Cell surface interactions at the vascular wall,GSM757003,CONTROL,0.35700758245665826,0.34493980008232206,0.0120677823743362,False,
GSE30528,R-HSA-380108,Chemokine receptors bind chemokines,GSM757003,CONTROL,0.6187305243958318,0.6050420955008661,0.013688428894965687,False,
GSE30528,R-HSA-1474244,Extracellular matrix organization,GSM757003,CONTROL,0.2985728143032311,0.30071490946698864,0.002142095163757518,False,
GSE30528,R-HSA-1234174,Cellular response to hypoxia,GSM757003,CONTROL,-0.13427994295148007,-0.14894067135487046,0.014660728403390388,False,
GSE30528,R-HSA-170834,Signaling by TGF-beta Receptor Complex,GSM757003,CONTROL,-0.07938033713936953,-0.07782435829646481,0.0015559788429047178,False,
GSE30528,R-HSA-166658,Complement cascade,GSM757004,CONTROL,0.551476799468845,0.536205627644176,0.015271171824668972,False,
GSE30528,R-HSA-9769740,Coagulation pathway,GSM757004,CONTROL,0.08696330367246335,0.07464490125777529,0.012318402414688068,False,
GSE30528,R-HSA-202733,Cell surface interactions at the vascular wall,GSM757004,CONTROL,0.35700758245665826,0.3507384243049354,0.006269158151722853,False,
GSE30528,R-HSA-380108,Chemokine receptors bind chemokines,GSM757004,CONTROL,0.6187305243958318,0.60272148959862,0.01600903479721172,False,
GSE30528,R-HSA-1474244,Extracellular matrix organization,GSM757004,CONTROL,0.2985728143032311,0.2996621759636523,0.001089361660421173,False,
GSE30528,R-HSA-1234174,Cellular response to hypoxia,GSM757004,CONTROL,-0.13427994295148007,-0.14582119791556827,0.011541254964088199,False,
GSE30528,R-HSA-170834,Signaling by TGF-beta Receptor Complex,GSM757004,CONTROL,-0.07938033713936953,-0.07874446295265983,0.0006358741867096979,False,
GSE30528,R-HSA-166658,Complement cascade,GSM757005,CONTROL,0.551476799468845,0.5387720814042835,0.012704718064561527,False,
GSE30528,R-HSA-9769740,Coagulation pathway,GSM757005,CONTROL,0.08696330367246335,0.07961911621809113,0.007344187454372222,False,
GSE30528,R-HSA-202733,Cell surface interactions at the vascular wall,GSM757005,CONTROL,0.35700758245665826,0.34352504869911366,0.013482533757544601,False,
GSE30528,R-HSA-380108,Chemokine receptors bind chemokines,GSM757005,CONTROL,0.6187305243958318,0.6117023269936973,0.007028197402134451,False,
GSE30528,R-HSA-1474244,Extracellular matrix organization,GSM757005,CONTROL,0.2985728143032311,0.2933348489766208,0.0052379653266103054,False,
GSE30528,R-HSA-1234174,Cellular response to hypoxia,GSM757005,CONTROL,-0.13427994295148007,-0.14656899623773986,0.012289053286259788,False,
GSE30528,R-HSA-170834,Signaling by TGF-beta Receptor Complex,GSM757005,CONTROL,-0.07938033713936953,-0.0690558850864735,0.010324452052896019,False,
GSE30528,R-HSA-166658,Complement cascade,GSM757006,CONTROL,0.551476799468845,0.5344344339582924,0.017042365510552604,False,
GSE30528,R-HSA-9769740,Coagulation pathway,GSM757006,CONTROL,0.08696330367246335,0.10173014753370332,0.01476684386123997,False,
GSE30528,R-HSA-202733,Cell surface interactions at the vascular wall,GSM757006,CONTROL,0.35700758245665826,0.36249646363666954,0.005488881180011285,False,
GSE30528,R-HSA-380108,Chemokine receptors bind chemokines,GSM757006,CONTROL,0.6187305243958318,0.6284799098406814,0.009749385444849601,False,
GSE30528,R-HSA-1474244,Extracellular matrix organization,GSM757006,CONTROL,0.2985728143032311,0.315541426273275,0.0169686119700439,False,
GSE30528,R-HSA-1234174,Cellular response to hypoxia,GSM757006,CONTROL,-0.13427994295148007,-0.14240398725081724,0.008124044299337163,False,
GSE30528,R-HSA-170834,Signaling by TGF-beta Receptor Complex,GSM757006,CONTROL,-0.07938033713936953,-0.06643064851781279,0.012949688621556738,False,
GSE30528,R-HSA-166658,Complement cascade,GSM757007,CONTROL,0.551476799468845,0.5293528756249345,0.022123923843910487,False,
GSE30528,R-HSA-9769740,Coagulation pathway,GSM757007,CONTROL,0.08696330367246335,0.09263983117494738,0.005676527502484027,False,
GSE30528,R-HSA-202733,Cell surface interactions at the vascular wall,GSM757007,CONTROL,0.35700758245665826,0.3526045266875677,0.004403055769090558,False,
GSE30528,R-HSA-380108,Chemokine receptors bind chemokines,GSM757007,CONTROL,0.6187305243958318,0.6076277567596138,0.01110276763621798,False,
GSE30528,R-HSA-1474244,Extracellular matrix organization,GSM757007,CONTROL,0.2985728143032311,0.2938211312988079,0.004751683004423246,False,
GSE30528,R-HSA-1234174,Cellular response to hypoxia,GSM757007,CONTROL,-0.13427994295148007,-0.15977165477485375,0.025491711823373675,False,
GSE30528,R-HSA-170834,Signaling by TGF-beta Receptor Complex,GSM757007,CONTROL,-0.07938033713936953,-0.07833994421373823,0.001040392925631295,False,
GSE30528,R-HSA-166658,Complement cascade,GSM757008,CONTROL,0.551476799468845,0.5401152488735851,0.011361550595259895,False,
GSE30528,R-HSA-9769740,Coagulation pathway,GSM757008,CONTROL,0.08696330367246335,0.09314968000317315,0.0061863763307098,False,
GSE30528,R-HSA-202733,Cell surface interactions at the vascular wall,GSM757008,CONTROL,0.35700758245665826,0.3359085600637377,0.021099022392920552,False,
GSE30528,R-HSA-380108,Chemokine receptors bind chemokines,GSM757008,CONTROL,0.6187305243958318,0.6144293578498901,0.004301166545941704,False,
GSE30528,R-HSA-1474244,Extracellular matrix organization,GSM757008,CONTROL,0.2985728143032311,0.26980958431062296,0.028763229992608164,False,
GSE30528,R-HSA-1234174,Cellular response to hypoxia,GSM757008,CONTROL,-0.13427994295148007,-0.1464513689462898,0.01217142599480972,False,
GSE30528,R-HSA-170834,Signaling by TGF-beta Receptor Complex,GSM757008,CONTROL,-0.07938033713936953,-0.10498711690918974,0.025606779769820218,False,
GSE30528,R-HSA-166658,Complement cascade,GSM757009,CONTROL,0.551476799468845,0.5783937348574636,0.026916935388618612,False,
GSE30528,R-HSA-9769740,Coagulation pathway,GSM757009,CONTROL,0.08696330367246335,0.08169931894224094,0.00526398473022241,False,
GSE30528,R-HSA-202733,Cell surface interactions at the vascular wall,GSM757009,CONTROL,0.35700758245665826,0.3617490520614106,0.0047414696047523575,False,
GSE30528,R-HSA-380108,Chemokine receptors bind chemokines,GSM757009,CONTROL,0.6187305243958318,0.6251019805294613,0.0063714561336295494,False,
GSE30528,R-HSA-1474244,Extracellular matrix organization,GSM757009,CONTROL,0.2985728143032311,0.2959329412146099,0.0026398730886212363,False,
GSE30528,R-HSA-1234174,Cellular response to hypoxia,GSM757009,CONTROL,-0.13427994295148007,-0.10926463011480768,0.025015312836672396,False,
GSE30528,R-HSA-170834,Signaling by TGF-beta Receptor Complex,GSM757009,CONTROL,-0.07938033713936953,-0.07440745015352944,0.004972886985840086,False,
GSE30528,R-HSA-166658,Complement cascade,GSM757010,CONTROL,0.551476799468845,0.5945103311093837,0.04303353164053869,False,
GSE30528,R-HSA-9769740,Coagulation pathway,GSM757010,CONTROL,0.08696330367246335,0.0520352439915158,0.03492805968094755,False,
GSE30528,R-HSA-202733,Cell surface interactions at the vascular wall,GSM757010,CONTROL,0.35700758245665826,0.3657727716667618,0.008765189210103552,False,
GSE30528,R-HSA-380108,Chemokine receptors bind chemokines,GSM757010,CONTROL,0.6187305243958318,0.6285387168167962,0.009808192420964423,False,
GSE30528,R-HSA-1474244,Extracellular matrix organization,GSM757010,CONTROL,0.2985728143032311,0.2970048032438303,0.0015680110594008534,False,
GSE30528,R-HSA-1234174,Cellular response to hypoxia,GSM757010,CONTROL,-0.13427994295148007,-0.10424355615449872,0.030036386796981354,False,
GSE30528,R-HSA-170834,Signaling by TGF-beta Receptor Complex,GSM757010,CONTROL,-0.07938033713936953,-0.07055089196799699,0.008829445171372532,False,
GSE30528,R-HSA-166658,Complement cascade,GSM757011,CONTROL,0.551476799468845,0.5426284094362223,0.008848390032622722,False,
GSE30528,R-HSA-9769740,Coagulation pathway,GSM757011,CONTROL,0.08696330367246335,0.0797213335050701,0.007241970167393252,False,
GSE30528,R-HSA-202733,Cell surface interactions at the vascular wall,GSM757011,CONTROL,0.35700758245665826,0.34475612789230425,0.012251454564354003,False,
GSE30528,R-HSA-380108,Chemokine receptors bind chemokines,GSM757011,CONTROL,0.6187305243958318,0.5837689555763388,0.03496156881949297,False,
GSE30528,R-HSA-1474244,Extracellular matrix organization,GSM757011,CONTROL,0.2985728143032311,0.2701544250403331,0.028418389262898025,False,
GSE30528,R-HSA-1234174,Cellular response to hypoxia,GSM757011,CONTROL,-0.13427994295148007,-0.10928676952426046,0.024993173427219614,False,
GSE30528,R-HSA-170834,Signaling by TGF-beta Receptor Complex,GSM757011,CONTROL,-0.07938033713936953,-0.10119667376398268,0.02181633662461316,False,
GSE30528,R-HSA-166658,Complement cascade,GSM757012,CONTROL,0.551476799468845,0.5428176733154365,0.00865912615340847,False,
GSE30528,R-HSA-9769740,Coagulation pathway,GSM757012,CONTROL,0.08696330367246335,0.08078159067156486,0.006181713000898495,False,
GSE30528,R-HSA-202733,Cell surface interactions at the vascular wall,GSM757012,CONTROL,0.35700758245665826,0.34828584166977,0.008721740786888255,False,
GSE30528,R-HSA-380108,Chemokine receptors bind chemokines,GSM757012,CONTROL,0.6187305243958318,0.6144738348516078,0.004256689544223979,False,
GSE30528,R-HSA-1474244,Extracellular matrix organization,GSM757012,CONTROL,0.2985728143032311,0.29026565926814235,0.008307155035088776,False,
GSE30528,R-HSA-1234174,Cellular response to hypoxia,GSM757012,CONTROL,-0.13427994295148007,-0.12001711956409267,0.014262823387387408,False,
GSE30528,R-HSA-170834,Signaling by TGF-beta Receptor Complex,GSM757012,CONTROL,-0.07938033713936953,-0.08259531314808453,0.003214976008715009,False,
GSE30528,R-HSA-166658,Complement cascade,GSM757013,CONTROL,0.551476799468845,0.5398807256087418,0.011596073860103195,False,
GSE30528,R-HSA-9769740,Coagulation pathway,GSM757013,CONTROL,0.08696330367246335,0.08986115918174349,0.0028978555092801367,False,
GSE30528,R-HSA-202733,Cell surface interactions at the vascular wall,GSM757013,CONTROL,0.35700758245665826,0.33838292635895606,0.018624656097702197,False,
GSE30528,R-HSA-380108,Chemokine receptors bind chemokines,GSM757013,CONTROL,0.6187305243958318,0.5905372612181965,0.028193263177635264,False,
GSE30528,R-HSA-1474244,Extracellular matrix organization,GSM757013,CONTROL,0.2985728143032311,0.2856256078470314,0.012947206456199734,False,
GSE30528,R-HSA-1234174,Cellular response to hypoxia,GSM757013,CONTROL,-0.13427994295148007,-0.12090399689325995,0.013375946058220123,False,
GSE30528,R-HSA-170834,Signaling by TGF-beta Receptor Complex,GSM757013,CONTROL,-0.07938033713936953,-0.08403394670446832,0.00465360956509879,False,
GSE30529,R-HSA-166658,Complement cascade,GSM757014,DKD,0.27796112169904874,0.3676376239990115,0.08967650229996277,False,
GSE30529,R-HSA-9769740,Coagulation pathway,GSM757014,DKD,-0.129462439114755,-0.09870810985558232,0.03075432925917268,False,
GSE30529,R-HSA-202733,Cell surface interactions at the vascular wall,GSM757014,DKD,0.13460826356666517,0.1861338502519659,0.051525586685300745,False,
GSE30529,R-HSA-380108,Chemokine receptors bind chemokines,GSM757014,DKD,0.34282910112455145,0.4960584116687036,0.15322931054415218,False,
GSE30529,R-HSA-1474244,Extracellular matrix organization,GSM757014,DKD,0.23307519086956713,0.3190069162748397,0.08593172540527255,False,
GSE30529,R-HSA-1234174,Cellular response to hypoxia,GSM757014,DKD,0.18233052273141473,0.14970915123708842,0.03262137149432631,False,
GSE30529,R-HSA-170834,Signaling by TGF-beta Receptor Complex,GSM757014,DKD,0.19013457062335962,0.21779642677777222,0.027661856154412606,False,
GSE30529,R-HSA-166658,Complement cascade,GSM757015,DKD,0.27796112169904874,0.2504951250792335,0.027465996619815247,False,
GSE30529,R-HSA-9769740,Coagulation pathway,GSM757015,DKD,-0.129462439114755,-0.15434559015002128,0.024883151035266282,False,
GSE30529,R-HSA-202733,Cell surface interactions at the vascular wall,GSM757015,DKD,0.13460826356666517,0.11787542505234713,0.016732838514318032,False,
GSE30529,R-HSA-380108,Chemokine receptors bind chemokines,GSM757015,DKD,0.34282910112455145,0.30226330240754573,0.04056579871700572,False,
GSE30529,R-HSA-1474244,Extracellular matrix organization,GSM757015,DKD,0.23307519086956713,0.22492962444940018,0.00814556642016695,False,
GSE30529,R-HSA-1234174,Cellular response to hypoxia,GSM757015,DKD,0.18233052273141473,0.15960207681121832,0.022728445920196405,False,
GSE30529,R-HSA-170834,Signaling by TGF-beta Receptor Complex,GSM757015,DKD,0.19013457062335962,0.20413598771242944,0.014001417089069823,False,
GSE30529,R-HSA-166658,Complement cascade,GSM757016,DKD,0.27796112169904874,0.2612145485762067,0.016746573122842057,False,
GSE30529,R-HSA-9769740,Coagulation pathway,GSM757016,DKD,-0.129462439114755,-0.11852803893861986,0.010934400176135131,False,
GSE30529,R-HSA-202733,Cell surface interactions at the vascular wall,GSM757016,DKD,0.13460826356666517,0.13490049446993882,0.00029223090327365475,False,
GSE30529,R-HSA-380108,Chemokine receptors bind chemokines,GSM757016,DKD,0.34282910112455145,0.33458260038357246,0.00824650074097899,False,
GSE30529,R-HSA-1474244,Extracellular matrix organization,GSM757016,DKD,0.23307519086956713,0.2537875016653346,0.020712310795767463,False,
GSE30529,R-HSA-1234174,Cellular response to hypoxia,GSM757016,DKD,0.18233052273141473,0.17530891419611114,0.007021608535303592,False,
GSE30529,R-HSA-170834,Signaling by TGF-beta Receptor Complex,GSM757016,DKD,0.19013457062335962,0.19662120691144847,0.006486636288088848,False,
GSE30529,R-HSA-166658,Complement cascade,GSM757017,DKD,0.27796112169904874,0.22394531796249267,0.05401580373655607,False,
GSE30529,R-HSA-9769740,Coagulation pathway,GSM757017,DKD,-0.129462439114755,-0.13663572759840042,0.007173288483645429,False,
GSE30529,R-HSA-202733,Cell surface interactions at the vascular wall,GSM757017,DKD,0.13460826356666517,0.08069796317858802,0.05391030038807715,False,
GSE30529,R-HSA-380108,Chemokine receptors bind chemokines,GSM757017,DKD,0.34282910112455145,0.2922495391920535,0.05057956193249796,False,
GSE30529,R-HSA-1474244,Extracellular matrix organization,GSM757017,DKD,0.23307519086956713,0.18027292291279193,0.0528022679567752,False,
GSE30529,R-HSA-1234174,Cellular response to hypoxia,GSM757017,DKD,0.18233052273141473,0.18510879332054117,0.0027782705891264414,False,
GSE30529,R-HSA-170834,Signaling by TGF-beta Receptor Complex,GSM757017,DKD,0.19013457062335962,0.17283226532473603,0.017302305298623588,False,
GSE30529,R-HSA-166658,Complement cascade,GSM757018,DKD,0.27796112169904874,0.2620396154518807,0.015921506247168038,False,
GSE30529,R-HSA-9769740,Coagulation pathway,GSM757018,DKD,-0.129462439114755,-0.0876596827391549,0.04180275637560009,False,
GSE30529,R-HSA-202733,Cell surface interactions at the vascular wall,GSM757018,DKD,0.13460826356666517,0.11479700407187984,0.01981125949478532,False,
GSE30529,R-HSA-380108,Chemokine receptors bind chemokines,GSM757018,DKD,0.34282910112455145,0.288062469127841,0.054766631996710446,False,
GSE30529,R-HSA-1474244,Extracellular matrix organization,GSM757018,DKD,0.23307519086956713,0.19553390146487545,0.037541289404691675,False,
GSE30529,R-HSA-1234174,Cellular response to hypoxia,GSM757018,DKD,0.18233052273141473,0.23079333318398249,0.048462810452567756,False,
GSE30529,R-HSA-170834,Signaling by TGF-beta Receptor Complex,GSM757018,DKD,0.19013457062335962,0.18223476386807452,0.007899806755285094,False,
GSE30529,R-HSA-166658,Complement cascade,GSM757019,DKD,0.27796112169904874,0.31270060697529395,0.03473948527624521,False,
GSE30529,R-HSA-9769740,Coagulation pathway,GSM757019,DKD,-0.129462439114755,-0.14710165399955513,0.017639214884800136,False,
GSE30529,R-HSA-202733,Cell surface interactions at the vascular wall,GSM757019,DKD,0.13460826356666517,0.15597617433707242,0.021367910770407256,False,
GSE30529,R-HSA-380108,Chemokine receptors bind chemokines,GSM757019,DKD,0.34282910112455145,0.414792958642588,0.07196385751803658,False,
GSE30529,R-HSA-1474244,Extracellular matrix organization,GSM757019,DKD,0.23307519086956713,0.2403773890794801,0.007302198209912986,False,
GSE30529,R-HSA-1234174,Cellular response to hypoxia,GSM757019,DKD,0.18233052273141473,0.14961851361538958,0.03271200911602515,False,
GSE30529,R-HSA-170834,Signaling by TGF-beta Receptor Complex,GSM757019,DKD,0.19013457062335962,0.17318803211244393,0.016946538510915682,False,
GSE30529,R-HSA-166658,Complement cascade,GSM757020,DKD,0.27796112169904874,0.31675354016458135,0.03879241846553261,False,
GSE30529,R-HSA-9769740,Coagulation pathway,GSM757020,DKD,-0.129462439114755,-0.12248223399186128,0.006980205122893712,False,
GSE30529,R-HSA-202733,Cell surface interactions at the vascular wall,GSM757020,DKD,0.13460826356666517,0.17527967663378236,0.04067141306711719,False,
GSE30529,R-HSA-380108,Chemokine receptors bind chemokines,GSM757020,DKD,0.34282910112455145,0.4161260163461482,0.07329691522159676,False,
GSE30529,R-HSA-1474244,Extracellular matrix organization,GSM757020,DKD,0.23307519086956713,0.2596339032612282,0.026558712391661077,False,
GSE30529,R-HSA-1234174,Cellular response to hypoxia,GSM757020,DKD,0.18233052273141473,0.14541635218932886,0.03691417054208587,False,
GSE30529,R-HSA-170834,Signaling by TGF-beta Receptor Complex,GSM757020,DKD,0.19013457062335962,0.1852572227499372,0.004877347873422422,False,
GSE30529,R-HSA-166658,Complement cascade,GSM757021,DKD,0.27796112169904874,0.2708245841396473,0.007136537559401468,False,
GSE30529,R-HSA-9769740,Coagulation pathway,GSM757021,DKD,-0.129462439114755,-0.12469892644259303,0.0047635126721619625,False,
GSE30529,R-HSA-202733,Cell surface interactions at the vascular wall,GSM757021,DKD,0.13460826356666517,0.13756010694515222,0.002951843378487057,False,
GSE30529,R-HSA-380108,Chemokine receptors bind chemokines,GSM757021,DKD,0.34282910112455145,0.32912306378631706,0.01370603733823439,False,
GSE30529,R-HSA-1474244,Extracellular matrix organization,GSM757021,DKD,0.23307519086956713,0.2210092583119587,0.012065932557608433,False,
GSE30529,R-HSA-1234174,Cellular response to hypoxia,GSM757021,DKD,0.18233052273141473,0.25182817166520605,0.06949764893379132,False,
GSE30529,R-HSA-170834,Signaling by TGF-beta Receptor Complex,GSM757021,DKD,0.19013457062335962,0.22534898043777987,0.035214409814420256,False,
GSE30529,R-HSA-166658,Complement cascade,GSM757022,DKD,0.27796112169904874,0.36332757545237226,0.08536645375332352,False,
GSE30529,R-HSA-9769740,Coagulation pathway,GSM757022,DKD,-0.129462439114755,-0.13034977746977444,0.0008873383550194458,False,
GSE30529,R-HSA-202733,Cell surface interactions at the vascular wall,GSM757022,DKD,0.13460826356666517,0.18536758931255054,0.050759325745885375,False,
GSE30529,R-HSA-380108,Chemokine receptors bind chemokines,GSM757022,DKD,0.34282910112455145,0.39277639521345026,0.04994729408889881,False,
GSE30529,R-HSA-1474244,Extracellular matrix organization,GSM757022,DKD,0.23307519086956713,0.28319364474013564,0.05011845387056851,False,
GSE30529,R-HSA-1234174,Cellular response to hypoxia,GSM757022,DKD,0.18233052273141473,0.2231995006693895,0.04086897793797478,False,
GSE30529,R-HSA-170834,Signaling by TGF-beta Receptor Complex,GSM757022,DKD,0.19013457062335962,0.21451732618565514,0.02438275556229552,False,
GSE30529,R-HSA-166658,Complement cascade,GSM757023,DKD,0.27796112169904874,0.28723360882722937,0.009272487128180629,False,
GSE30529,R-HSA-9769740,Coagulation pathway,GSM757023,DKD,-0.129462439114755,-0.10162045097467891,0.027841988140076088,False,
GSE30529,R-HSA-202733,Cell surface interactions at the vascular wall,GSM757023,DKD,0.13460826356666517,0.1523919436792984,0.017783680112633232,False,
GSE30529,R-HSA-380108,Chemokine receptors bind chemokines,GSM757023,DKD,0.34282910112455145,0.3474782575142364,0.004649156389684939,False,
GSE30529,R-HSA-1474244,Extracellular matrix organization,GSM757023,DKD,0.23307519086956713,0.25368234931829164,0.020607158448724516,False,
GSE30529,R-HSA-1234174,Cellular response to hypoxia,GSM757023,DKD,0.18233052273141473,0.1827715708705809,0.000441048139166178,False,
GSE30529,R-HSA-170834,Signaling by TGF-beta Receptor Complex,GSM757023,DKD,0.19013457062335962,0.19617384377013072,0.006039273146771107,False,
GSE30529,R-HSA-166658,Complement cascade,GSM757024,CONTROL,0.27796112169904874,0.2745606132311402,0.003400508467908514,False,
GSE30529,R-HSA-9769740,Coagulation pathway,GSM757024,CONTROL,-0.129462439114755,-0.1372569638219541,0.007794524707199102,False,
GSE30529,R-HSA-202733,Cell surface interactions at the vascular wall,GSM757024,CONTROL,0.13460826356666517,0.1245358678706898,0.010072395695975359,False,
GSE30529,R-HSA-380108,Chemokine receptors bind chemokines,GSM757024,CONTROL,0.34282910112455145,0.3218098205362126,0.02101928058833885,False,
GSE30529,R-HSA-1474244,Extracellular matrix organization,GSM757024,CONTROL,0.23307519086956713,0.2268010478890785,0.006274142980488617,False,
GSE30529,R-HSA-1234174,Cellular response to hypoxia,GSM757024,CONTROL,0.18233052273141473,0.21923463804575377,0.03690411531433904,False,
GSE30529,R-HSA-170834,Signaling by TGF-beta Receptor Complex,GSM757024,CONTROL,0.19013457062335962,0.1873984784547835,0.002736092168576121,False,
GSE30529,R-HSA-166658,Complement cascade,GSM757025,CONTROL,0.27796112169904874,0.2930295400834868,0.015068418384438065,False,
GSE30529,R-HSA-9769740,Coagulation pathway,GSM757025,CONTROL,-0.129462439114755,-0.11232397229842016,0.017138466816334838,False,
GSE30529,R-HSA-202733,Cell surface interactions at the vascular wall,GSM757025,CONTROL,0.13460826356666517,0.15303410974613543,0.018425846179470268,False,
GSE30529,R-HSA-380108,Chemokine receptors bind chemokines,GSM757025,CONTROL,0.34282910112455145,0.3800599786108429,0.03723087748629145,False,
GSE30529,R-HSA-1474244,Extracellular matrix organization,GSM757025,CONTROL,0.23307519086956713,0.24594653766278604,0.012871346793218913,False,
GSE30529,R-HSA-1234174,Cellular response to hypoxia,GSM757025,CONTROL,0.18233052273141473,0.1619663413360195,0.020364181395395226,False,
GSE30529,R-HSA-170834,Signaling by TGF-beta Receptor Complex,GSM757025,CONTROL,0.19013457062335962,0.19205642257741692,0.0019218519540573076,False,
GSE30529,R-HSA-166658,Complement cascade,GSM757026,CONTROL,0.27796112169904874,0.27910611697546694,0.0011449952764182036,False,
GSE30529,R-HSA-9769740,Coagulation pathway,GSM757026,CONTROL,-0.129462439114755,-0.15237292983332063,0.02291049071856563,False,
GSE30529,R-HSA-202733,Cell surface interactions at the vascular wall,GSM757026,CONTROL,0.13460826356666517,0.10329590335405606,0.03131236021260911,False,
GSE30529,R-HSA-380108,Chemokine receptors bind chemokines,GSM757026,CONTROL,0.34282910112455145,0.3137656499729117,0.029063451151639774,False,
GSE30529,R-HSA-1474244,Extracellular matrix organization,GSM757026,CONTROL,0.23307519086956713,0.20794409649223758,0.02513109437732955,False,
GSE30529,R-HSA-1234174,Cellular response to hypoxia,GSM757026,CONTROL,0.18233052273141473,0.2018868781320505,0.019556355400635772,False,
GSE30529,R-HSA-170834,Signaling by TGF-beta Receptor Complex,GSM757026,CONTROL,0.19013457062335962,0.18185839925885736,0.00827617136450226,False,
GSE30529,R-HSA-166658,Complement cascade,GSM757027,CONTROL,0.27796112169904874,0.26442048419006864,0.013540637508980102,False,
GSE30529,R-HSA-9769740,Coagulation pathway,GSM757027,CONTROL,-0.129462439114755,-0.1420285856515371,0.012566146536782091,False,
GSE30529,R-HSA-202733,Cell surface interactions at the vascular wall,GSM757027,CONTROL,0.13460826356666517,0.14043355246656222,0.0058252888998970576,False,
GSE30529,R-HSA-380108,Chemokine receptors bind chemokines,GSM757027,CONTROL,0.34282910112455145,0.3541247944931684,0.011295693368616966,False,
GSE30529,R-HSA-1474244,Extracellular matrix organization,GSM757027,CONTROL,0.23307519086956713,0.2395645873179076,0.006489396448340484,False,
GSE30529,R-HSA-1234174,Cellular response to hypoxia,GSM757027,CONTROL,0.18233052273141473,0.06520418595522007,0.11712633677619466,False,
GSE30529,R-HSA-170834,Signaling by TGF-beta Receptor Complex,GSM757027,CONTROL,0.19013457062335962,0.146468438332319,0.043666132291040605,False,
GSE30529,R-HSA-166658,Complement cascade,GSM757028,CONTROL,0.27796112169904874,0.2668575895798973,0.011103532119151438,False,
GSE30529,R-HSA-9769740,Coagulation pathway,GSM757028,CONTROL,-0.129462439114755,-0.11856554795278677,0.010896891161968222,False,
GSE30529,R-HSA-202733,Cell surface interactions at the vascular wall,GSM757028,CONTROL,0.13460826356666517,0.12895815264788668,0.005650110918778484,False,
GSE30529,R-HSA-380108,Chemokine receptors bind chemokines,GSM757028,CONTROL,0.34282910112455145,0.3208822055865528,0.021946895537998667,False,
GSE30529,R-HSA-1474244,Extracellular matrix organization,GSM757028,CONTROL,0.23307519086956713,0.22059805227065002,0.012477138598917109,False,
GSE30529,R-HSA-1234174,Cellular response to hypoxia,GSM757028,CONTROL,0.18233052273141473,0.1874792782902618,0.005148755558847085,False,
GSE30529,R-HSA-170834,Signaling by TGF-beta Receptor Complex,GSM757028,CONTROL,0.19013457062335962,0.17861656809727527,0.011518002526084342,False,
GSE30529,R-HSA-166658,Complement cascade,GSM757029,CONTROL,0.27796112169904874,0.2611593292855181,0.016801792413530636,False,
GSE30529,R-HSA-9769740,Coagulation pathway,GSM757029,CONTROL,-0.129462439114755,-0.14965411359170075,0.020191674476945753,False,
GSE30529,R-HSA-202733,Cell surface interactions at the vascular wall,GSM757029,CONTROL,0.13460826356666517,0.11880908735535971,0.015799176211305457,False,
GSE30529,R-HSA-380108,Chemokine receptors bind chemokines,GSM757029,CONTROL,0.34282910112455145,0.32708984289305015,0.015739258231501296,False,
GSE30529,R-HSA-1474244,Extracellular matrix organization,GSM757029,CONTROL,0.23307519086956713,0.21799575910894242,0.015079431760624706,False,
GSE30529,R-HSA-1234174,Cellular response to hypoxia,GSM757029,CONTROL,0.18233052273141473,0.19161093205361526,0.009280409322200533,False,
GSE30529,R-HSA-170834,Signaling by TGF-beta Receptor Complex,GSM757029,CONTROL,0.19013457062335962,0.19879114882081697,0.008656578197457354,False,
GSE30529,R-HSA-166658,Complement cascade,GSM757030,CONTROL,0.27796112169904874,0.2584528523377005,0.01950826936134825,False,
GSE30529,R-HSA-9769740,Coagulation pathway,GSM757030,CONTROL,-0.129462439114755,-0.1484627322065116,0.019000293091756604,False,
GSE30529,R-HSA-202733,Cell surface interactions at the vascular wall,GSM757030,CONTROL,0.13460826356666517,0.12790697768295717,0.006701285883707997,False,
GSE30529,R-HSA-380108,Chemokine receptors bind chemokines,GSM757030,CONTROL,0.34282910112455145,0.31601273233701804,0.026816368787533407,False,
GSE30529,R-HSA-1474244,Extracellular matrix organization,GSM757030,CONTROL,0.23307519086956713,0.21337913933593958,0.01969605153362755,False,
GSE30529,R-HSA-1234174,Cellular response to hypoxia,GSM757030,CONTROL,0.18233052273141473,0.193142257000508,0.010811734269093265,False,
GSE30529,R-HSA-170834,Signaling by TGF-beta Receptor Complex,GSM757030,CONTROL,0.19013457062335962,0.1912831339204719,0.0011485632971122706,False,
GSE30529,R-HSA-166658,Complement cascade,GSM757031,CONTROL,0.27796112169904874,0.25055758282703644,0.0274035388720123,False,
GSE30529,R-HSA-9769740,Coagulation pathway,GSM757031,CONTROL,-0.129462439114755,-0.12948741540393932,2.4976289184325262e-05,False,
GSE30529,R-HSA-202733,Cell surface interactions at the vascular wall,GSM757031,CONTROL,0.13460826356666517,0.11911955937756477,0.015488704189100394,False,
GSE30529,R-HSA-380108,Chemokine receptors bind chemokines,GSM757031,CONTROL,0.34282910112455145,0.31151221782117455,0.0313168833033769,False,
GSE30529,R-HSA-1474244,Extracellular matrix organization,GSM757031,CONTROL,0.23307519086956713,0.20856484778956516,0.024510343080001967,False,
GSE30529,R-HSA-1234174,Cellular response to hypoxia,GSM757031,CONTROL,0.18233052273141473,0.172080841548861,0.010249681182553733,False,
GSE30529,R-HSA-170834,Signaling by TGF-beta Receptor Complex,GSM757031,CONTROL,0.19013457062335962,0.18628446991378478,0.0038501007095748385,False,
GSE30529,R-HSA-166658,Complement cascade,GSM757032,CONTROL,0.27796112169904874,0.23896131390784678,0.03899980779120196,False,
GSE30529,R-HSA-9769740,Coagulation pathway,GSM757032,CONTROL,-0.129462439114755,-0.13350735966517469,0.0040449205504196895,False,
GSE30529,R-HSA-202733,Cell surface interactions at the vascular wall,GSM757032,CONTROL,0.13460826356666517,0.12006215700720067,0.014546106559464492,False,
GSE30529,R-HSA-380108,Chemokine receptors bind chemokines,GSM757032,CONTROL,0.34282910112455145,0.31530109356083286,0.027528007563718593,False,
GSE30529,R-HSA-1474244,Extracellular matrix organization,GSM757032,CONTROL,0.23307519086956713,0.20794772609536022,0.02512746477420691,False,
GSE30529,R-HSA-1234174,Cellular response to hypoxia,GSM757032,CONTROL,0.18233052273141473,0.1859004333885326,0.0035699106571178696,False,
GSE30529,R-HSA-170834,Signaling by TGF-beta Receptor Complex,GSM757032,CONTROL,0.19013457062335962,0.17537498525479767,0.01475958536856195,False,
GSE30529,R-HSA-166658,Complement cascade,GSM757033,CONTROL,0.27796112169904874,0.22965280986910508,0.04830831182994366,False,
GSE30529,R-HSA-9769740,Coagulation pathway,GSM757033,CONTROL,-0.129462439114755,-0.18015515882636032,0.05069271971160533,False,
GSE30529,R-HSA-202733,Cell surface interactions at the vascular wall,GSM757033,CONTROL,0.13460826356666517,0.10668848253654235,0.02791978103012281,False,
GSE30529,R-HSA-380108,Chemokine receptors bind chemokines,GSM757033,CONTROL,0.34282910112455145,0.3340907071111772,0.008738394013374229,False,
GSE30529,R-HSA-1474244,Extracellular matrix organization,GSM757033,CONTROL,0.23307519086956713,0.2419127843494921,0.008837593479924966,False,
GSE30529,R-HSA-1234174,Cellular response to hypoxia,GSM757033,CONTROL,0.18233052273141473,0.175480381338724,0.006850141392690717,False,
GSE30529,R-HSA-170834,Signaling by TGF-beta Receptor Complex,GSM757033,CONTROL,0.19013457062335962,0.21786367482341723,0.027729104200057614,False,
GSE30529,R-HSA-166658,Complement cascade,GSM757034,CONTROL,0.27796112169904874,0.2931067609777613,0.015145639278712542,False,
GSE30529,R-HSA-9769740,Coagulation pathway,GSM757034,CONTROL,-0.129462439114755,-0.09411843407582259,0.03534400503893241,False,
GSE30529,R-HSA-202733,Cell surface interactions at the vascular wall,GSM757034,CONTROL,0.13460826356666517,0.1554117835336205,0.02080351996695534,False,
GSE30529,R-HSA-380108,Chemokine receptors bind chemokines,GSM757034,CONTROL,0.34282910112455145,0.35879938822256807,0.015970287098016622,False,
GSE30529,R-HSA-1474244,Extracellular matrix organization,GSM757034,CONTROL,0.23307519086956713,0.2592502905954974,0.026175099725930295,False,
GSE30529,R-HSA-1234174,Cellular response to hypoxia,GSM757034,CONTROL,0.18233052273141473,0.1760746946623046,0.006255828069110125,False,
GSE30529,R-HSA-170834,Signaling by TGF-beta Receptor Complex,GSM757034,CONTROL,0.19013457062335962,0.17196162059798664,0.018172950025372975,False,
GSE30529,R-HSA-166658,Complement cascade,GSM757035,CONTROL,0.27796112169904874,0.2740971593808949,0.003863962318153835,False,
GSE30529,R-HSA-9769740,Coagulation pathway,GSM757035,CONTROL,-0.129462439114755,-0.12478502118288289,0.00467741793187211,False,
GSE30529,R-HSA-202733,Cell surface interactions at the vascular wall,GSM757035,CONTROL,0.13460826356666517,0.11691222428742577,0.017696039279239392,False,
GSE30529,R-HSA-380108,Chemokine receptors bind chemokines,GSM757035,CONTROL,0.34282910112455145,0.29345370204368293,0.04937539908086852,False,
GSE30529,R-HSA-1474244,Extracellular matrix organization,GSM757035,CONTROL,0.23307519086956713,0.21220653186300392,0.020868659006563206,False,
GSE30529,R-HSA-1234174,Cellular response to hypoxia,GSM757035,CONTROL,0.18233052273141473,0.21572635427552125,0.033395831544106525,False,
GSE30529,R-HSA-170834,Signaling by TGF-beta Receptor Complex,GSM757035,CONTROL,0.19013457062335962,0.18861724958783951,0.0015173210355201028,False,
GSE104948_H7,R-HSA-166658,Complement cascade,GSM2810770,DKD,0.4737453859143527,0.5495416163139434,0.07579623039959066,False,
GSE104948_H7,R-HSA-9769740,Coagulation pathway,GSM2810770,DKD,0.19018205216755257,0.21434493804263996,0.024162885875087387,False,
GSE104948_H7,R-HSA-202733,Cell surface interactions at the vascular wall,GSM2810770,DKD,0.6369907000162986,0.6649268135683697,0.02793611355207104,False,
GSE104948_H7,R-HSA-380108,Chemokine receptors bind chemokines,GSM2810770,DKD,0.6266617161669467,0.6392137172192994,0.012552001052352768,False,
GSE104948_H7,R-HSA-1474244,Extracellular matrix organization,GSM2810770,DKD,0.7186258864135041,0.7662848852286467,0.04765899881514257,False,
GSE104948_H7,R-HSA-1234174,Cellular response to hypoxia,GSM2810770,DKD,0.32128965306726615,0.43985106223707504,0.1185614091698089,False,
GSE104948_H7,R-HSA-170834,Signaling by TGF-beta Receptor Complex,GSM2810770,DKD,0.3057295841078163,0.33783594658681365,0.03210636247899734,False,
GSE104948_H7,R-HSA-166658,Complement cascade,GSM2810771,DKD,0.4737453859143527,0.43297759444301953,0.04076779147133319,False,
GSE104948_H7,R-HSA-9769740,Coagulation pathway,GSM2810771,DKD,0.19018205216755257,0.14924849600058993,0.04093355616696265,False,
GSE104948_H7,R-HSA-202733,Cell surface interactions at the vascular wall,GSM2810771,DKD,0.6369907000162986,0.6122660805325525,0.024724619483746157,False,
GSE104948_H7,R-HSA-380108,Chemokine receptors bind chemokines,GSM2810771,DKD,0.6266617161669467,0.5747223423868768,0.05193937378006985,False,
GSE104948_H7,R-HSA-1474244,Extracellular matrix organization,GSM2810771,DKD,0.7186258864135041,0.6703088246384428,0.04831706177506134,False,
GSE104948_H7,R-HSA-1234174,Cellular response to hypoxia,GSM2810771,DKD,0.32128965306726615,0.24950414705805352,0.07178550600921263,False,
GSE104948_H7,R-HSA-170834,Signaling by TGF-beta Receptor Complex,GSM2810771,DKD,0.3057295841078163,0.26297882311601634,0.042750760991799974,False,
GSE104948_H7,R-HSA-166658,Complement cascade,GSM2810772,DKD,0.4737453859143527,0.59846709258566,0.12472170667130728,False,
GSE104948_H7,R-HSA-9769740,Coagulation pathway,GSM2810772,DKD,0.19018205216755257,0.22823868907985168,0.0380566369122991,False,
GSE104948_H7,R-HSA-202733,Cell surface interactions at the vascular wall,GSM2810772,DKD,0.6369907000162986,0.699477033510588,0.06248633349428934,False,
GSE104948_H7,R-HSA-380108,Chemokine receptors bind chemokines,GSM2810772,DKD,0.6266617161669467,0.7698545860685174,0.14319286990157076,False,
GSE104948_H7,R-HSA-1474244,Extracellular matrix organization,GSM2810772,DKD,0.7186258864135041,0.7410764881063715,0.02245060169286739,False,
GSE104948_H7,R-HSA-1234174,Cellular response to hypoxia,GSM2810772,DKD,0.32128965306726615,0.14840528677181333,0.1728843662954528,False,
GSE104948_H7,R-HSA-170834,Signaling by TGF-beta Receptor Complex,GSM2810772,DKD,0.3057295841078163,0.20652638324284067,0.09920320086497564,False,
GSE104948_H7,R-HSA-166658,Complement cascade,GSM2810773,DKD,0.4737453859143527,0.5078755640311919,0.034130178116839216,False,
GSE104948_H7,R-HSA-9769740,Coagulation pathway,GSM2810773,DKD,0.19018205216755257,0.16358967878712136,0.026592373380431217,False,
GSE104948_H7,R-HSA-202733,Cell surface interactions at the vascular wall,GSM2810773,DKD,0.6369907000162986,0.6066007081649301,0.030389991851368592,False,
GSE104948_H7,R-HSA-380108,Chemokine receptors bind chemokines,GSM2810773,DKD,0.6266617161669467,0.676649583420408,0.04998786725346138,False,
GSE104948_H7,R-HSA-1474244,Extracellular matrix organization,GSM2810773,DKD,0.7186258864135041,0.8142688038686127,0.09564291745510856,False,
GSE104948_H7,R-HSA-1234174,Cellular response to hypoxia,GSM2810773,DKD,0.32128965306726615,0.28322931944338564,0.038060333623880505,False,
GSE104948_H7,R-HSA-170834,Signaling by TGF-beta Receptor Complex,GSM2810773,DKD,0.3057295841078163,0.3678833848473264,0.0621538007395101,False,
GSE104948_H7,R-HSA-166658,Complement cascade,GSM2810774,DKD,0.4737453859143527,0.33964989861751255,0.13409548729684018,False,
GSE104948_H7,R-HSA-9769740,Coagulation pathway,GSM2810774,DKD,0.19018205216755257,0.23442536546199724,0.04424331329444467,False,
GSE104948_H7,R-HSA-202733,Cell surface interactions at the vascular wall,GSM2810774,DKD,0.6369907000162986,0.5964862120938034,0.04050448792249528,False,
GSE104948_H7,R-HSA-380108,Chemokine receptors bind chemokines,GSM2810774,DKD,0.6266617161669467,0.5951983612619471,0.03146335490499952,False,
GSE104948_H7,R-HSA-1474244,Extracellular matrix organization,GSM2810774,DKD,0.7186258864135041,0.737728981025774,0.01910309461226989,False,
GSE104948_H7,R-HSA-1234174,Cellular response to hypoxia,GSM2810774,DKD,0.32128965306726615,0.45320495631958047,0.13191530325231432,False,
GSE104948_H7,R-HSA-170834,Signaling by TGF-beta Receptor Complex,GSM2810774,DKD,0.3057295841078163,0.34645367352292705,0.04072408941511074,False,
GSE104948_H7,R-HSA-166658,Complement cascade,GSM2810775,DKD,0.4737453859143527,0.5475585699058592,0.07381318399150644,False,
GSE104948_H7,R-HSA-9769740,Coagulation pathway,GSM2810775,DKD,0.19018205216755257,0.16763787608606714,0.02254417608148543,False,
GSE104948_H7,R-HSA-202733,Cell surface interactions at the vascular wall,GSM2810775,DKD,0.6369907000162986,0.7363448084381689,0.0993541084218702,False,
GSE104948_H7,R-HSA-380108,Chemokine receptors bind chemokines,GSM2810775,DKD,0.6266617161669467,0.7226515673585129,0.09598985119156622,False,
GSE104948_H7,R-HSA-1474244,Extracellular matrix organization,GSM2810775,DKD,0.7186258864135041,0.7400228383980106,0.02139695198450653,False,
GSE104948_H7,R-HSA-1234174,Cellular response to hypoxia,GSM2810775,DKD,0.32128965306726615,0.189983759353699,0.13130589371356716,False,
GSE104948_H7,R-HSA-170834,Signaling by TGF-beta Receptor Complex,GSM2810775,DKD,0.3057295841078163,0.2949804222338902,0.010749161873926105,False,
GSE104948_H7,R-HSA-166658,Complement cascade,GSM2810776,DKD,0.4737453859143527,0.4166280121510888,0.05711737376326392,False,
GSE104948_H7,R-HSA-9769740,Coagulation pathway,GSM2810776,DKD,0.19018205216755257,0.17347462370683792,0.016707428460714657,False,
GSE104948_H7,R-HSA-202733,Cell surface interactions at the vascular wall,GSM2810776,DKD,0.6369907000162986,0.631877449994527,0.005113250021771654,False,
GSE104948_H7,R-HSA-380108,Chemokine receptors bind chemokines,GSM2810776,DKD,0.6266617161669467,0.5854218709834462,0.041239845183500434,False,
GSE104948_H7,R-HSA-1474244,Extracellular matrix organization,GSM2810776,DKD,0.7186258864135041,0.6904864953629513,0.028139391050552853,False,
GSE104948_H7,R-HSA-1234174,Cellular response to hypoxia,GSM2810776,DKD,0.32128965306726615,0.5236534403059333,0.20236378723866716,False,
GSE104948_H7,R-HSA-170834,Signaling by TGF-beta Receptor Complex,GSM2810776,DKD,0.3057295841078163,0.3949941720995673,0.08926458799175097,False,
GSE104948_H7,R-HSA-166658,Complement cascade,GSM2810793,CONTROL,0.4737453859143527,0.4691920252325961,0.004553360681756602,False,
GSE104948_H7,R-HSA-9769740,Coagulation pathway,GSM2810793,CONTROL,0.19018205216755257,0.1898187681831161,0.0003632839844364688,False,
GSE104948_H7,R-HSA-202733,Cell surface interactions at the vascular wall,GSM2810793,CONTROL,0.6369907000162986,0.6400384036698623,0.0030477036535636604,False,
GSE104948_H7,R-HSA-380108,Chemokine receptors bind chemokines,GSM2810793,CONTROL,0.6266617161669467,0.6233941454341306,0.0032675707328160275,False,
GSE104948_H7,R-HSA-1474244,Extracellular matrix organization,GSM2810793,CONTROL,0.7186258864135041,0.7146433319586714,0.003982554454832754,False,
GSE104948_H7,R-HSA-1234174,Cellular response to hypoxia,GSM2810793,CONTROL,0.32128965306726615,0.3885864177567441,0.06729676468947793,False,
GSE104948_H7,R-HSA-170834,Signaling by TGF-beta Receptor Complex,GSM2810793,CONTROL,0.3057295841078163,0.3339183789546259,0.028188794846809584,False,
GSE104948_H7,R-HSA-166658,Complement cascade,GSM2810794,CONTROL,0.4737453859143527,0.47693098884870716,0.0031856029343544368,False,
GSE104948_H7,R-HSA-9769740,Coagulation pathway,GSM2810794,CONTROL,0.19018205216755257,0.22015780870182367,0.029975756534271092,False,
GSE104948_H7,R-HSA-202733,Cell surface interactions at the vascular wall,GSM2810794,CONTROL,0.6369907000162986,0.6360631806443596,0.0009275193719390229,False,
GSE104948_H7,R-HSA-380108,Chemokine receptors bind chemokines,GSM2810794,CONTROL,0.6266617161669467,0.6229637061845165,0.003698009982430195,False,
GSE104948_H7,R-HSA-1474244,Extracellular matrix organization,GSM2810794,CONTROL,0.7186258864135041,0.7364915641900892,0.017865677776585098,False,
GSE104948_H7,R-HSA-1234174,Cellular response to hypoxia,GSM2810794,CONTROL,0.32128965306726615,0.36346933007766047,0.04217967701039432,False,
GSE104948_H7,R-HSA-170834,Signaling by TGF-beta Receptor Complex,GSM2810794,CONTROL,0.3057295841078163,0.3533216303312569,0.0475920462234406,False,
GSE104948_H7,R-HSA-166658,Complement cascade,GSM2810795,CONTROL,0.4737453859143527,0.46582300643377417,0.007922379480578556,False,
GSE104948_H7,R-HSA-9769740,Coagulation pathway,GSM2810795,CONTROL,0.19018205216755257,0.1889504141650602,0.0012316380024923745,False,
GSE104948_H7,R-HSA-202733,Cell surface interactions at the vascular wall,GSM2810795,CONTROL,0.6369907000162986,0.6245868526250603,0.012403847391238343,False,
GSE104948_H7,R-HSA-380108,Chemokine receptors bind chemokines,GSM2810795,CONTROL,0.6266617161669467,0.6054784152892723,0.021183300877674394,False,
GSE104948_H7,R-HSA-1474244,Extracellular matrix organization,GSM2810795,CONTROL,0.7186258864135041,0.699733942232399,0.01889194418110507,False,
GSE104948_H7,R-HSA-1234174,Cellular response to hypoxia,GSM2810795,CONTROL,0.32128965306726615,0.29829666221915585,0.022992990848110295,False,
GSE104948_H7,R-HSA-170834,Signaling by TGF-beta Receptor Complex,GSM2810795,CONTROL,0.3057295841078163,0.2796508301703829,0.02607875393743342,False,
GSE104948_H7,R-HSA-166658,Complement cascade,GSM2810796,CONTROL,0.4737453859143527,0.47262608963109,0.0011192962832627384,False,
GSE104948_H7,R-HSA-9769740,Coagulation pathway,GSM2810796,CONTROL,0.19018205216755257,0.19216025438565967,0.0019782022181071,False,
GSE104948_H7,R-HSA-202733,Cell surface interactions at the vascular wall,GSM2810796,CONTROL,0.6369907000162986,0.6311487268447097,0.0058419731715889656,False,
GSE104948_H7,R-HSA-380108,Chemokine receptors bind chemokines,GSM2810796,CONTROL,0.6266617161669467,0.601452622285062,0.025209093881884637,False,
GSE104948_H7,R-HSA-1474244,Extracellular matrix organization,GSM2810796,CONTROL,0.7186258864135041,0.7167995283741834,0.0018263580393207413,False,
GSE104948_H7,R-HSA-1234174,Cellular response to hypoxia,GSM2810796,CONTROL,0.32128965306726615,0.3015357418673977,0.019753911199868468,False,
GSE104948_H7,R-HSA-170834,Signaling by TGF-beta Receptor Complex,GSM2810796,CONTROL,0.3057295841078163,0.2975404665056675,0.008189117602148799,False,
GSE104948_H7,R-HSA-166658,Complement cascade,GSM2810797,CONTROL,0.4737453859143527,0.4482621910813009,0.025483194833051837,False,
GSE104948_H7,R-HSA-9769740,Coagulation pathway,GSM2810797,CONTROL,0.19018205216755257,0.17351998120100695,0.016662070966545622,False,
GSE104948_H7,R-HSA-202733,Cell surface interactions at the vascular wall,GSM2810797,CONTROL,0.6369907000162986,0.6138421313136164,0.023148568702682226,False,
GSE104948_H7,R-HSA-380108,Chemokine receptors bind chemokines,GSM2810797,CONTROL,0.6266617161669467,0.5823469789778645,0.04431473718908219,False,
GSE104948_H7,R-HSA-1474244,Extracellular matrix organization,GSM2810797,CONTROL,0.7186258864135041,0.6930208210213842,0.02560506539211993,False,
GSE104948_H7,R-HSA-1234174,Cellular response to hypoxia,GSM2810797,CONTROL,0.32128965306726615,0.30381044549017017,0.01747920757709598,False,
GSE104948_H7,R-HSA-170834,Signaling by TGF-beta Receptor Complex,GSM2810797,CONTROL,0.3057295841078163,0.29538822728454556,0.010341356823270753,False,
GSE104948_H7,R-HSA-166658,Complement cascade,GSM2810798,CONTROL,0.4737453859143527,0.4726104238678391,0.0011349620465136434,False,
GSE104948_H7,R-HSA-9769740,Coagulation pathway,GSM2810798,CONTROL,0.19018205216755257,0.19460357574109097,0.004421523573538394,False,
GSE104948_H7,R-HSA-202733,Cell surface interactions at the vascular wall,GSM2810798,CONTROL,0.6369907000162986,0.6449104329017433,0.007919732885444675,False,
GSE104948_H7,R-HSA-380108,Chemokine receptors bind chemokines,GSM2810798,CONTROL,0.6266617161669467,0.6259295030858666,0.0007322130810800687,False,
GSE104948_H7,R-HSA-1474244,Extracellular matrix organization,GSM2810798,CONTROL,0.7186258864135041,0.7206405832801315,0.0020146968666273635,False,
GSE104948_H7,R-HSA-1234174,Cellular response to hypoxia,GSM2810798,CONTROL,0.32128965306726615,0.3441959611108886,0.02290630804362248,False,
GSE104948_H7,R-HSA-170834,Signaling by TGF-beta Receptor Complex,GSM2810798,CONTROL,0.3057295841078163,0.32026566224821734,0.014536078140401032,False,
GSE104948_H7,R-HSA-166658,Complement cascade,GSM2810799,CONTROL,0.4737453859143527,0.4510993134160528,0.02264607249829992,False,
GSE104948_H7,R-HSA-9769740,Coagulation pathway,GSM2810799,CONTROL,0.19018205216755257,0.17910759222305353,0.011074459944499043,False,
GSE104948_H7,R-HSA-202733,Cell surface interactions at the vascular wall,GSM2810799,CONTROL,0.6369907000162986,0.618898094504332,0.018092605511966675,False,
GSE104948_H7,R-HSA-380108,Chemokine receptors bind chemokines,GSM2810799,CONTROL,0.6266617161669467,0.618002067209655,0.008659648957291655,False,
GSE104948_H7,R-HSA-1474244,Extracellular matrix organization,GSM2810799,CONTROL,0.7186258864135041,0.7022256041200435,0.016400282293460577,False,
GSE104948_H7,R-HSA-1234174,Cellular response to hypoxia,GSM2810799,CONTROL,0.32128965306726615,0.29796472780067257,0.023324925266593577,False,
GSE104948_H7,R-HSA-170834,Signaling by TGF-beta Receptor Complex,GSM2810799,CONTROL,0.3057295841078163,0.2914153746734673,0.014314209434349023,False,
GSE104948_H7,R-HSA-166658,Complement cascade,GSM2810800,CONTROL,0.4737453859143527,0.46799533466068793,0.00575005125366479,False,
GSE104948_H7,R-HSA-9769740,Coagulation pathway,GSM2810800,CONTROL,0.19018205216755257,0.20823674923559513,0.018054697068042552,False,
GSE104948_H7,R-HSA-202733,Cell surface interactions at the vascular wall,GSM2810800,CONTROL,0.6369907000162986,0.6542761634192584,0.017285463402959778,False,
GSE104948_H7,R-HSA-380108,Chemokine receptors bind chemokines,GSM2810800,CONTROL,0.6266617161669467,0.6137498000093831,0.012911916157563597,False,
GSE104948_H7,R-HSA-1474244,Extracellular matrix organization,GSM2810800,CONTROL,0.7186258864135041,0.7296205288482297,0.010994642434725588,False,
GSE104948_H7,R-HSA-1234174,Cellular response to hypoxia,GSM2810800,CONTROL,0.32128965306726615,0.3715258268410227,0.050236173773756554,False,
GSE104948_H7,R-HSA-170834,Signaling by TGF-beta Receptor Complex,GSM2810800,CONTROL,0.3057295841078163,0.33482153488825667,0.029091950780440357,False,
GSE104948_H7,R-HSA-166658,Complement cascade,GSM2810801,CONTROL,0.4737453859143527,0.5045795618070675,0.03083417589271481,False,
GSE104948_H7,R-HSA-9769740,Coagulation pathway,GSM2810801,CONTROL,0.19018205216755257,0.22671478761339164,0.03653273544583907,False,
GSE104948_H7,R-HSA-202733,Cell surface interactions at the vascular wall,GSM2810801,CONTROL,0.6369907000162986,0.6690815983324916,0.03209089831619294,False,
GSE104948_H7,R-HSA-380108,Chemokine receptors bind chemokines,GSM2810801,CONTROL,0.6266617161669467,0.6436992601476971,0.017037543980750414,False,
GSE104948_H7,R-HSA-1474244,Extracellular matrix organization,GSM2810801,CONTROL,0.7186258864135041,0.7350117990856824,0.01638591267217826,False,
GSE104948_H7,R-HSA-1234174,Cellular response to hypoxia,GSM2810801,CONTROL,0.32128965306726615,0.3566983976815377,0.03540874461427157,False,
GSE104948_H7,R-HSA-170834,Signaling by TGF-beta Receptor Complex,GSM2810801,CONTROL,0.3057295841078163,0.32864453024295526,0.022914946135138947,False,
GSE104948_H7,R-HSA-166658,Complement cascade,GSM2810802,CONTROL,0.4737453859143527,0.4546544271743259,0.01909095874002681,False,
GSE104948_H7,R-HSA-9769740,Coagulation pathway,GSM2810802,CONTROL,0.19018205216755257,0.17883708333121148,0.01134496883634109,False,
GSE104948_H7,R-HSA-202733,Cell surface interactions at the vascular wall,GSM2810802,CONTROL,0.6369907000162986,0.6363092628983333,0.0006814371179653111,False,
GSE104948_H7,R-HSA-380108,Chemokine receptors bind chemokines,GSM2810802,CONTROL,0.6266617161669467,0.6279112274322537,0.001249511265307035,False,
GSE104948_H7,R-HSA-1474244,Extracellular matrix organization,GSM2810802,CONTROL,0.7186258864135041,0.7153720371089418,0.003253849304562295,False,
GSE104948_H7,R-HSA-1234174,Cellular response to hypoxia,GSM2810802,CONTROL,0.32128965306726615,0.3739383400276795,0.05264868696041336,False,
GSE104948_H7,R-HSA-170834,Signaling by TGF-beta Receptor Complex,GSM2810802,CONTROL,0.3057295841078163,0.3375695760305262,0.031839991922709865,False,
GSE104948_H7,R-HSA-166658,Complement cascade,GSM2810803,CONTROL,0.4737453859143527,0.46159129153558587,0.012154094378766855,False,
GSE104948_H7,R-HSA-9769740,Coagulation pathway,GSM2810803,CONTROL,0.19018205216755257,0.1752573677693842,0.01492468439816838,False,
GSE104948_H7,R-HSA-202733,Cell surface interactions at the vascular wall,GSM2810803,CONTROL,0.6369907000162986,0.6242372094607909,0.012753490555507785,False,
GSE104948_H7,R-HSA-380108,Chemokine receptors bind chemokines,GSM2810803,CONTROL,0.6266617161669467,0.6184987872432904,0.00816292892365622,False,
GSE104948_H7,R-HSA-1474244,Extracellular matrix organization,GSM2810803,CONTROL,0.7186258864135041,0.7015543007070576,0.017071585706446513,False,
GSE104948_H7,R-HSA-1234174,Cellular response to hypoxia,GSM2810803,CONTROL,0.32128965306726615,0.2928363802824572,0.02845327278480897,False,
GSE104948_H7,R-HSA-170834,Signaling by TGF-beta Receptor Complex,GSM2810803,CONTROL,0.3057295841078163,0.2804806551197783,0.02524892898803799,False,
GSE104948_H7,R-HSA-166658,Complement cascade,GSM2810804,CONTROL,0.4737453859143527,0.46249165523989283,0.011253730674459894,False,
GSE104948_H7,R-HSA-9769740,Coagulation pathway,GSM2810804,CONTROL,0.19018205216755257,0.19016522158781485,1.6830579737725504e-05,False,
GSE104948_H7,R-HSA-202733,Cell surface interactions at the vascular wall,GSM2810804,CONTROL,0.6369907000162986,0.6210370096266306,0.015953690389668096,False,
GSE104948_H7,R-HSA-380108,Chemokine receptors bind chemokines,GSM2810804,CONTROL,0.6266617161669467,0.6376651318705925,0.011003415703645825,False,
GSE104948_H7,R-HSA-1474244,Extracellular matrix organization,GSM2810804,CONTROL,0.7186258864135041,0.7097598754702205,0.008866010943283653,False,
GSE104948_H7,R-HSA-1234174,Cellular response to hypoxia,GSM2810804,CONTROL,0.32128965306726615,0.30889621415762747,0.012393438909638677,False,
GSE104948_H7,R-HSA-170834,Signaling by TGF-beta Receptor Complex,GSM2810804,CONTROL,0.3057295841078163,0.295358985199101,0.010370598908715334,False,
GSE104948_H7,R-HSA-166658,Complement cascade,GSM2810805,CONTROL,0.4737453859143527,0.4649122813700943,0.008833104544258397,False,
GSE104948_H7,R-HSA-9769740,Coagulation pathway,GSM2810805,CONTROL,0.19018205216755257,0.18629712567770354,0.003884926489849033,False,
GSE104948_H7,R-HSA-202733,Cell surface interactions at the vascular wall,GSM2810805,CONTROL,0.6369907000162986,0.6300940954375859,0.006896604578712773,False,
GSE104948_H7,R-HSA-380108,Chemokine receptors bind chemokines,GSM2810805,CONTROL,0.6266617161669467,0.6177489905333394,0.008912725633607232,False,
GSE104948_H7,R-HSA-1474244,Extracellular matrix organization,GSM2810805,CONTROL,0.7186258864135041,0.711702873452696,0.006923012960808106,False,
GSE104948_H7,R-HSA-1234174,Cellular response to hypoxia,GSM2810805,CONTROL,0.32128965306726615,0.3188012526418213,0.0024884004254448477,False,
GSE104948_H7,R-HSA-170834,Signaling by TGF-beta Receptor Complex,GSM2810805,CONTROL,0.3057295841078163,0.31015134373173686,0.0044217596239205514,False,
GSE104948_H7,R-HSA-166658,Complement cascade,GSM2810806,CONTROL,0.4737453859143527,0.5298438041669024,0.05609841825254963,False,
GSE104948_H7,R-HSA-9769740,Coagulation pathway,GSM2810806,CONTROL,0.19018205216755257,0.20405398259199445,0.013871930424441875,False,
GSE104948_H7,R-HSA-202733,Cell surface interactions at the vascular wall,GSM2810806,CONTROL,0.6369907000162986,0.6473525819370199,0.010361881920721294,False,
GSE104948_H7,R-HSA-380108,Chemokine receptors bind chemokines,GSM2810806,CONTROL,0.6266617161669467,0.6773770612280202,0.05071534506107356,False,
GSE104948_H7,R-HSA-1474244,Extracellular matrix organization,GSM2810806,CONTROL,0.7186258864135041,0.7445125991343273,0.025886712720823213,False,
GSE104948_H7,R-HSA-1234174,Cellular response to hypoxia,GSM2810806,CONTROL,0.32128965306726615,0.2941818642710843,0.027107788796181864,False,
GSE104948_H7,R-HSA-170834,Signaling by TGF-beta Receptor Complex,GSM2810806,CONTROL,0.3057295841078163,0.2760427581297265,0.029686825978089804,False,
GSE104948_H7,R-HSA-166658,Complement cascade,GSM2810807,CONTROL,0.4737453859143527,0.4543976482210987,0.01934773769325404,False,
GSE104948_H7,R-HSA-9769740,Coagulation pathway,GSM2810807,CONTROL,0.19018205216755257,0.18680977295944567,0.0033722792081068986,False,
GSE104948_H7,R-HSA-202733,Cell surface interactions at the vascular wall,GSM2810807,CONTROL,0.6369907000162986,0.6258328012666708,0.011157898749627804,False,
GSE104948_H7,R-HSA-380108,Chemokine receptors bind chemokines,GSM2810807,CONTROL,0.6266617161669467,0.6258689647402607,0.0007927514266860003,False,
GSE104948_H7,R-HSA-1474244,Extracellular matrix organization,GSM2810807,CONTROL,0.7186258864135041,0.7152173876877642,0.0034084987257398947,False,
GSE104948_H7,R-HSA-1234174,Cellular response to hypoxia,GSM2810807,CONTROL,0.32128965306726615,0.3202141805634744,0.0010754725037917523,False,
GSE104948_H7,R-HSA-170834,Signaling by TGF-beta Receptor Complex,GSM2810807,CONTROL,0.3057295841078163,0.31500235006921284,0.009272765961396534,False,
GSE104948_H7,R-HSA-166658,Complement cascade,GSM2810808,CONTROL,0.4737453859143527,0.44791373852740934,0.02583164738694338,False,
GSE104948_H7,R-HSA-9769740,Coagulation pathway,GSM2810808,CONTROL,0.19018205216755257,0.17061848624953024,0.01956356591802233,False,
GSE104948_H7,R-HSA-202733,Cell surface interactions at the vascular wall,GSM2810808,CONTROL,0.6369907000162986,0.6160042163823378,0.02098648363396083,False,
GSE104948_H7,R-HSA-380108,Chemokine receptors bind chemokines,GSM2810808,CONTROL,0.6266617161669467,0.6033764325465556,0.023285283620391062,False,
GSE104948_H7,R-HSA-1474244,Extracellular matrix organization,GSM2810808,CONTROL,0.7186258864135041,0.6851800313699192,0.03344585504358488,False,
GSE104948_H7,R-HSA-1234174,Cellular response to hypoxia,GSM2810808,CONTROL,0.32128965306726615,0.25862575343417626,0.06266389963308988,False,
GSE104948_H7,R-HSA-170834,Signaling by TGF-beta Receptor Complex,GSM2810808,CONTROL,0.3057295841078163,0.2512762418427183,0.054453342265098015,False,
GSE104948_H7,R-HSA-166658,Complement cascade,GSM2810809,CONTROL,0.4737453859143527,0.44495346777709216,0.028791918137260564,False,
GSE104948_H7,R-HSA-9769740,Coagulation pathway,GSM2810809,CONTROL,0.19018205216755257,0.1755826790751947,0.01459937309235787,False,
GSE104948_H7,R-HSA-202733,Cell surface interactions at the vascular wall,GSM2810809,CONTROL,0.6369907000162986,0.6144899386546597,0.02250076136163892,False,
GSE104948_H7,R-HSA-380108,Chemokine receptors bind chemokines,GSM2810809,CONTROL,0.6266617161669467,0.5888302782884878,0.037831437878458885,False,
GSE104948_H7,R-HSA-1474244,Extracellular matrix organization,GSM2810809,CONTROL,0.7186258864135041,0.6972721961279884,0.021353690285515703,False,
GSE104948_H7,R-HSA-1234174,Cellular response to hypoxia,GSM2810809,CONTROL,0.32128965306726615,0.2784568846867505,0.04283276838051564,False,
GSE104948_H7,R-HSA-170834,Signaling by TGF-beta Receptor Complex,GSM2810809,CONTROL,0.3057295841078163,0.26809449705161287,0.03763508705620344,False,
GSE104948_H7,R-HSA-166658,Complement cascade,GSM2810810,CONTROL,0.4737453859143527,0.46067567734955667,0.013069708564796056,False,
GSE104948_H7,R-HSA-9769740,Coagulation pathway,GSM2810810,CONTROL,0.19018205216755257,0.17179140827316147,0.0183906438943911,False,
GSE104948_H7,R-HSA-202733,Cell surface interactions at the vascular wall,GSM2810810,CONTROL,0.6369907000162986,0.6176855184541289,0.01930518156216976,False,
GSE104948_H7,R-HSA-380108,Chemokine receptors bind chemokines,GSM2810810,CONTROL,0.6266617161669467,0.6111481058196079,0.01551361034733878,False,
GSE104948_H7,R-HSA-1474244,Extracellular matrix organization,GSM2810810,CONTROL,0.7186258864135041,0.693732553004333,0.024893333409171103,False,
GSE104948_H7,R-HSA-1234174,Cellular response to hypoxia,GSM2810810,CONTROL,0.32128965306726615,0.27911699265058004,0.0421726604166861,False,
GSE104948_H7,R-HSA-170834,Signaling by TGF-beta Receptor Complex,GSM2810810,CONTROL,0.3057295841078163,0.2781583599608761,0.027571224146940188,False,
GSE104954_H7,R-HSA-166658,Complement cascade,GSM2811029,DKD,0.5544237977894969,0.6076118121814417,0.05318801439194476,False,
GSE104954_H7,R-HSA-9769740,Coagulation pathway,GSM2811029,DKD,0.04538637695608004,0.08149492543385149,0.03610854847777145,False,
GSE104954_H7,R-HSA-202733,Cell surface interactions at the vascular wall,GSM2811029,DKD,0.3333221356155196,0.37769253073439574,0.04437039511887614,False,
GSE104954_H7,R-HSA-380108,Chemokine receptors bind chemokines,GSM2811029,DKD,0.5861245319264355,0.6849638611172106,0.0988393291907751,False,
GSE104954_H7,R-HSA-1474244,Extracellular matrix organization,GSM2811029,DKD,0.339431942435551,0.3859473853876523,0.04651544295210125,False,
GSE104954_H7,R-HSA-1234174,Cellular response to hypoxia,GSM2811029,DKD,-0.21953010331568393,-0.386755911840753,0.16722580852506905,False,
GSE104954_H7,R-HSA-170834,Signaling by TGF-beta Receptor Complex,GSM2811029,DKD,0.15213798978074758,0.12894771215045037,0.023190277630297212,False,
GSE104954_H7,R-HSA-166658,Complement cascade,GSM2811030,DKD,0.5544237977894969,0.6352856592221662,0.08086186143266927,False,
GSE104954_H7,R-HSA-9769740,Coagulation pathway,GSM2811030,DKD,0.04538637695608004,0.07929531221042177,0.03390893525434173,False,
GSE104954_H7,R-HSA-202733,Cell surface interactions at the vascular wall,GSM2811030,DKD,0.3333221356155196,0.4021366675720375,0.06881453195651788,False,
GSE104954_H7,R-HSA-380108,Chemokine receptors bind chemokines,GSM2811030,DKD,0.5861245319264355,0.707786651592462,0.12166211966602647,False,
GSE104954_H7,R-HSA-1474244,Extracellular matrix organization,GSM2811030,DKD,0.339431942435551,0.4107900213512099,0.07135807891565887,False,
GSE104954_H7,R-HSA-1234174,Cellular response to hypoxia,GSM2811030,DKD,-0.21953010331568393,-0.23187647051896695,0.012346367203283026,False,
GSE104954_H7,R-HSA-170834,Signaling by TGF-beta Receptor Complex,GSM2811030,DKD,0.15213798978074758,0.11166693151063951,0.040471058270108065,False,
GSE104954_H7,R-HSA-166658,Complement cascade,GSM2811031,DKD,0.5544237977894969,0.4450696496880279,0.10935414810146898,False,
GSE104954_H7,R-HSA-9769740,Coagulation pathway,GSM2811031,DKD,0.04538637695608004,0.04377350316042837,0.0016128737956516703,False,
GSE104954_H7,R-HSA-202733,Cell surface interactions at the vascular wall,GSM2811031,DKD,0.3333221356155196,0.2772449122158277,0.0560772233996919,False,
GSE104954_H7,R-HSA-380108,Chemokine receptors bind chemokines,GSM2811031,DKD,0.5861245319264355,0.49353121670640704,0.0925933152200285,False,
GSE104954_H7,R-HSA-1474244,Extracellular matrix organization,GSM2811031,DKD,0.339431942435551,0.2601083762868818,0.0793235661486692,False,
GSE104954_H7,R-HSA-1234174,Cellular response to hypoxia,GSM2811031,DKD,-0.21953010331568393,-0.16937644027416104,0.05015366304152288,False,
GSE104954_H7,R-HSA-170834,Signaling by TGF-beta Receptor Complex,GSM2811031,DKD,0.15213798978074758,0.14509484159985747,0.0070431481808901075,False,
GSE104954_H7,R-HSA-166658,Complement cascade,GSM2811032,DKD,0.5544237977894969,0.5965431816038667,0.04211938381436975,False,
GSE104954_H7,R-HSA-9769740,Coagulation pathway,GSM2811032,DKD,0.04538637695608004,0.0690830758734155,0.02369669891733546,False,
GSE104954_H7,R-HSA-202733,Cell surface interactions at the vascular wall,GSM2811032,DKD,0.3333221356155196,0.3670693764511764,0.03374724083565678,False,
GSE104954_H7,R-HSA-380108,Chemokine receptors bind chemokines,GSM2811032,DKD,0.5861245319264355,0.6594996496453721,0.07337511771893657,False,
GSE104954_H7,R-HSA-1474244,Extracellular matrix organization,GSM2811032,DKD,0.339431942435551,0.4203394612036283,0.08090751876807728,False,
GSE104954_H7,R-HSA-1234174,Cellular response to hypoxia,GSM2811032,DKD,-0.21953010331568393,-0.2992416458784679,0.07971154256278398,False,
GSE104954_H7,R-HSA-170834,Signaling by TGF-beta Receptor Complex,GSM2811032,DKD,0.15213798978074758,0.18891894389448802,0.03678095411374044,False,
GSE104954_H7,R-HSA-166658,Complement cascade,GSM2811033,DKD,0.5544237977894969,0.6539999641640925,0.09957616637459554,False,
GSE104954_H7,R-HSA-9769740,Coagulation pathway,GSM2811033,DKD,0.04538637695608004,0.05670100331522786,0.011314626359147817,False,
GSE104954_H7,R-HSA-202733,Cell surface interactions at the vascular wall,GSM2811033,DKD,0.3333221356155196,0.4115626505254886,0.07824051490996903,False,
GSE104954_H7,R-HSA-380108,Chemokine receptors bind chemokines,GSM2811033,DKD,0.5861245319264355,0.6815454134646269,0.0954208815381914,False,
GSE104954_H7,R-HSA-1474244,Extracellular matrix organization,GSM2811033,DKD,0.339431942435551,0.392706090649118,0.05327414821356696,False,
GSE104954_H7,R-HSA-1234174,Cellular response to hypoxia,GSM2811033,DKD,-0.21953010331568393,-0.11211844450910015,0.10741165880658378,False,
GSE104954_H7,R-HSA-170834,Signaling by TGF-beta Receptor Complex,GSM2811033,DKD,0.15213798978074758,0.22420679771242402,0.07206880793167644,False,
GSE104954_H7,R-HSA-166658,Complement cascade,GSM2811034,DKD,0.5544237977894969,0.5723326835200742,0.01790888573057725,False,
GSE104954_H7,R-HSA-9769740,Coagulation pathway,GSM2811034,DKD,0.04538637695608004,-0.0032407327535769366,0.048627109709656974,True,
GSE104954_H7,R-HSA-202733,Cell surface interactions at the vascular wall,GSM2811034,DKD,0.3333221356155196,0.3387563621531439,0.00543422653762432,False,
GSE104954_H7,R-HSA-380108,Chemokine receptors bind chemokines,GSM2811034,DKD,0.5861245319264355,0.571354199138544,0.014770332787891527,False,
GSE104954_H7,R-HSA-1474244,Extracellular matrix organization,GSM2811034,DKD,0.339431942435551,0.32215051434106323,0.017281428094487794,False,
GSE104954_H7,R-HSA-1234174,Cellular response to hypoxia,GSM2811034,DKD,-0.21953010331568393,-0.19088400461888821,0.028646098696795713,False,
GSE104954_H7,R-HSA-170834,Signaling by TGF-beta Receptor Complex,GSM2811034,DKD,0.15213798978074758,0.13427970678520032,0.01785828299554726,False,
GSE104954_H7,R-HSA-166658,Complement cascade,GSM2811035,DKD,0.5544237977894969,0.46111840701058093,0.09330539077891598,False,
GSE104954_H7,R-HSA-9769740,Coagulation pathway,GSM2811035,DKD,0.04538637695608004,0.025161738217266853,0.020224638738813187,False,
GSE104954_H7,R-HSA-202733,Cell surface interactions at the vascular wall,GSM2811035,DKD,0.3333221356155196,0.2490799704817411,0.0842421651337785,False,
GSE104954_H7,R-HSA-380108,Chemokine receptors bind chemokines,GSM2811035,DKD,0.5861245319264355,0.48557415022107775,0.1005503817053578,False,
GSE104954_H7,R-HSA-1474244,Extracellular matrix organization,GSM2811035,DKD,0.339431942435551,0.2674481638844798,0.07198377855107124,False,
GSE104954_H7,R-HSA-1234174,Cellular response to hypoxia,GSM2811035,DKD,-0.21953010331568393,-0.20730955239107116,0.012220550924612772,False,
GSE104954_H7,R-HSA-170834,Signaling by TGF-beta Receptor Complex,GSM2811035,DKD,0.15213798978074758,0.12627666762430434,0.02586132215644324,False,
GSE104954_H7,R-HSA-166658,Complement cascade,GSM2811043,CONTROL,0.5544237977894969,0.604643384688502,0.050219586899005075,False,
GSE104954_H7,R-HSA-9769740,Coagulation pathway,GSM2811043,CONTROL,0.04538637695608004,0.0668337754631917,0.021447398507111665,False,
GSE104954_H7,R-HSA-202733,Cell surface interactions at the vascular wall,GSM2811043,CONTROL,0.3333221356155196,0.36335794735791505,0.030035811742395446,False,
GSE104954_H7,R-HSA-380108,Chemokine receptors bind chemokines,GSM2811043,CONTROL,0.5861245319264355,0.6554407954988866,0.06931626357245102,False,
GSE104954_H7,R-HSA-1474244,Extracellular matrix organization,GSM2811043,CONTROL,0.339431942435551,0.3764517846169281,0.03701984218137705,False,
GSE104954_H7,R-HSA-1234174,Cellular response to hypoxia,GSM2811043,CONTROL,-0.21953010331568393,-0.25035750226042447,0.03082739894474054,False,
GSE104954_H7,R-HSA-170834,Signaling by TGF-beta Receptor Complex,GSM2811043,CONTROL,0.15213798978074758,0.13938649575454964,0.012751494026197935,False,
GSE104954_H7,R-HSA-166658,Complement cascade,GSM2811044,CONTROL,0.5544237977894969,0.5571832160223238,0.0027594182328268824,False,
GSE104954_H7,R-HSA-9769740,Coagulation pathway,GSM2811044,CONTROL,0.04538637695608004,0.039708347321058844,0.0056780296350211965,False,
GSE104954_H7,R-HSA-202733,Cell surface interactions at the vascular wall,GSM2811044,CONTROL,0.3333221356155196,0.33263081822717844,0.0006913173883411616,False,
GSE104954_H7,R-HSA-380108,Chemokine receptors bind chemokines,GSM2811044,CONTROL,0.5861245319264355,0.6008776935111297,0.014753161584694197,False,
GSE104954_H7,R-HSA-1474244,Extracellular matrix organization,GSM2811044,CONTROL,0.339431942435551,0.35835541572686874,0.018923473291317716,False,
GSE104954_H7,R-HSA-1234174,Cellular response to hypoxia,GSM2811044,CONTROL,-0.21953010331568393,-0.1929693060021069,0.026560797313577023,False,
GSE104954_H7,R-HSA-170834,Signaling by TGF-beta Receptor Complex,GSM2811044,CONTROL,0.15213798978074758,0.18893637378645156,0.03679838400570398,False,
GSE104954_H7,R-HSA-166658,Complement cascade,GSM2811045,CONTROL,0.5544237977894969,0.545178162202483,0.009245635587013856,False,
GSE104954_H7,R-HSA-9769740,Coagulation pathway,GSM2811045,CONTROL,0.04538637695608004,0.03211050577548733,0.013275871180592709,False,
GSE104954_H7,R-HSA-202733,Cell surface interactions at the vascular wall,GSM2811045,CONTROL,0.3333221356155196,0.32099211909221925,0.012330016523300347,False,
GSE104954_H7,R-HSA-380108,Chemokine receptors bind chemokines,GSM2811045,CONTROL,0.5861245319264355,0.5565209913516506,0.02960354057478498,False,
GSE104954_H7,R-HSA-1474244,Extracellular matrix organization,GSM2811045,CONTROL,0.339431942435551,0.3280640170462383,0.01136792538931275,False,
GSE104954_H7,R-HSA-1234174,Cellular response to hypoxia,GSM2811045,CONTROL,-0.21953010331568393,-0.2213116276168588,0.0017815243011748694,False,
GSE104954_H7,R-HSA-170834,Signaling by TGF-beta Receptor Complex,GSM2811045,CONTROL,0.15213798978074758,0.14741085009981764,0.004727139680929943,False,
GSE104954_H7,R-HSA-166658,Complement cascade,GSM2811046,CONTROL,0.5544237977894969,0.5450603662713452,0.009363431518151666,False,
GSE104954_H7,R-HSA-9769740,Coagulation pathway,GSM2811046,CONTROL,0.04538637695608004,0.03993594642927196,0.005450430526808082,False,
GSE104954_H7,R-HSA-202733,Cell surface interactions at the vascular wall,GSM2811046,CONTROL,0.3333221356155196,0.32818772603535784,0.005134409580161758,False,
GSE104954_H7,R-HSA-380108,Chemokine receptors bind chemokines,GSM2811046,CONTROL,0.5861245319264355,0.5558897246678712,0.03023480725856431,False,
GSE104954_H7,R-HSA-1474244,Extracellular matrix organization,GSM2811046,CONTROL,0.339431942435551,0.32608059828136554,0.013351344154185485,False,
GSE104954_H7,R-HSA-1234174,Cellular response to hypoxia,GSM2811046,CONTROL,-0.21953010331568393,-0.21123941091020063,0.008290692405483302,False,
GSE104954_H7,R-HSA-170834,Signaling by TGF-beta Receptor Complex,GSM2811046,CONTROL,0.15213798978074758,0.15183297361007475,0.00030501617067282827,False,
GSE104954_H7,R-HSA-166658,Complement cascade,GSM2811047,CONTROL,0.5544237977894969,0.5356506622423433,0.018773135547153652,False,
GSE104954_H7,R-HSA-9769740,Coagulation pathway,GSM2811047,CONTROL,0.04538637695608004,0.02787414223421945,0.01751223472186059,False,
GSE104954_H7,R-HSA-202733,Cell surface interactions at the vascular wall,GSM2811047,CONTROL,0.3333221356155196,0.3211067877989182,0.012215347816601385,False,
GSE104954_H7,R-HSA-380108,Chemokine receptors bind chemokines,GSM2811047,CONTROL,0.5861245319264355,0.5836261355208571,0.0024983964055784735,False,
GSE104954_H7,R-HSA-1474244,Extracellular matrix organization,GSM2811047,CONTROL,0.339431942435551,0.3140584917723035,0.025373450663247532,False,
GSE104954_H7,R-HSA-1234174,Cellular response to hypoxia,GSM2811047,CONTROL,-0.21953010331568393,-0.1817278892478461,0.03780221406783782,False,
GSE104954_H7,R-HSA-170834,Signaling by TGF-beta Receptor Complex,GSM2811047,CONTROL,0.15213798978074758,0.1565926879763339,0.004454698195586332,False,
GSE104954_H7,R-HSA-166658,Complement cascade,GSM2811048,CONTROL,0.5544237977894969,0.5376234329902191,0.016800364799277823,False,
GSE104954_H7,R-HSA-9769740,Coagulation pathway,GSM2811048,CONTROL,0.04538637695608004,0.041600575766235236,0.003785801189844805,False,
GSE104954_H7,R-HSA-202733,Cell surface interactions at the vascular wall,GSM2811048,CONTROL,0.3333221356155196,0.318855521814322,0.014466613801197625,False,
GSE104954_H7,R-HSA-380108,Chemokine receptors bind chemokines,GSM2811048,CONTROL,0.5861245319264355,0.5653567700668798,0.020767761859555756,False,
GSE104954_H7,R-HSA-1474244,Extracellular matrix organization,GSM2811048,CONTROL,0.339431942435551,0.3212173845318722,0.01821455790367882,False,
GSE104954_H7,R-HSA-1234174,Cellular response to hypoxia,GSM2811048,CONTROL,-0.21953010331568393,-0.21856673052626716,0.0009633727894167721,False,
GSE104954_H7,R-HSA-170834,Signaling by TGF-beta Receptor Complex,GSM2811048,CONTROL,0.15213798978074758,0.14065965015888604,0.011478339621861539,False,
GSE104954_H7,R-HSA-166658,Complement cascade,GSM2811049,CONTROL,0.5544237977894969,0.5333361778151637,0.02108761997433317,False,
GSE104954_H7,R-HSA-9769740,Coagulation pathway,GSM2811049,CONTROL,0.04538637695608004,0.048688791712769124,0.003302414756689083,False,
GSE104954_H7,R-HSA-202733,Cell surface interactions at the vascular wall,GSM2811049,CONTROL,0.3333221356155196,0.31846437968752367,0.01485775592799593,False,
GSE104954_H7,R-HSA-380108,Chemokine receptors bind chemokines,GSM2811049,CONTROL,0.5861245319264355,0.5690867788642895,0.017037753062146055,False,
GSE104954_H7,R-HSA-1474244,Extracellular matrix organization,GSM2811049,CONTROL,0.339431942435551,0.33048910481357674,0.008942837621974287,False,
GSE104954_H7,R-HSA-1234174,Cellular response to hypoxia,GSM2811049,CONTROL,-0.21953010331568393,-0.21517077712676022,0.004359326188923707,False,
GSE104954_H7,R-HSA-170834,Signaling by TGF-beta Receptor Complex,GSM2811049,CONTROL,0.15213798978074758,0.16188570902872182,0.00974771924797424,False,
GSE104954_H7,R-HSA-166658,Complement cascade,GSM2811050,CONTROL,0.5544237977894969,0.5357203803149797,0.018703417474517203,False,
GSE104954_H7,R-HSA-9769740,Coagulation pathway,GSM2811050,CONTROL,0.04538637695608004,0.040518224525438205,0.004868152430641835,False,
GSE104954_H7,R-HSA-202733,Cell surface interactions at the vascular wall,GSM2811050,CONTROL,0.3333221356155196,0.328727627206407,0.004594508409112574,False,
GSE104954_H7,R-HSA-380108,Chemokine receptors bind chemokines,GSM2811050,CONTROL,0.5861245319264355,0.5660722211086097,0.02005231081782588,False,
GSE104954_H7,R-HSA-1474244,Extracellular matrix organization,GSM2811050,CONTROL,0.339431942435551,0.3435240994227304,0.004092156987179352,False,
GSE104954_H7,R-HSA-1234174,Cellular response to hypoxia,GSM2811050,CONTROL,-0.21953010331568393,-0.2511494483364281,0.03161934502074418,False,
GSE104954_H7,R-HSA-170834,Signaling by TGF-beta Receptor Complex,GSM2811050,CONTROL,0.15213798978074758,0.1622843028075123,0.01014631302676472,False,
GSE104954_H7,R-HSA-166658,Complement cascade,GSM2811051,CONTROL,0.5544237977894969,0.5496236019782998,0.004800195811197061,False,
GSE104954_H7,R-HSA-9769740,Coagulation pathway,GSM2811051,CONTROL,0.04538637695608004,0.04076869936410593,0.004617677591974109,False,
GSE104954_H7,R-HSA-202733,Cell surface interactions at the vascular wall,GSM2811051,CONTROL,0.3333221356155196,0.3276290391548958,0.0056930964606238255,False,
GSE104954_H7,R-HSA-380108,Chemokine receptors bind chemokines,GSM2811051,CONTROL,0.5861245319264355,0.5771860936194478,0.008938438306987706,False,
GSE104954_H7,R-HSA-1474244,Extracellular matrix organization,GSM2811051,CONTROL,0.339431942435551,0.32950489843988606,0.009927043995664964,False,
GSE104954_H7,R-HSA-1234174,Cellular response to hypoxia,GSM2811051,CONTROL,-0.21953010331568393,-0.18833392196598941,0.031196181349694513,False,
GSE104954_H7,R-HSA-170834,Signaling by TGF-beta Receptor Complex,GSM2811051,CONTROL,0.15213798978074758,0.1297295175590627,0.022408472221684878,False,
GSE104954_H7,R-HSA-166658,Complement cascade,GSM2811052,CONTROL,0.5544237977894969,0.5304386357369029,0.023985162052594045,False,
GSE104954_H7,R-HSA-9769740,Coagulation pathway,GSM2811052,CONTROL,0.04538637695608004,0.035994294984889215,0.009392081971190826,False,
GSE104954_H7,R-HSA-202733,Cell surface interactions at the vascular wall,GSM2811052,CONTROL,0.3333221356155196,0.319453834528385,0.013868301087134605,False,
GSE104954_H7,R-HSA-380108,Chemokine receptors bind chemokines,GSM2811052,CONTROL,0.5861245319264355,0.5637095797412597,0.022414952185175863,False,
GSE104954_H7,R-HSA-1474244,Extracellular matrix organization,GSM2811052,CONTROL,0.339431942435551,0.3238158935466407,0.015616048888910328,False,
GSE104954_H7,R-HSA-1234174,Cellular response to hypoxia,GSM2811052,CONTROL,-0.21953010331568393,-0.23476655587412346,0.015236452558439528,False,
GSE104954_H7,R-HSA-170834,Signaling by TGF-beta Receptor Complex,GSM2811052,CONTROL,0.15213798978074758,0.15101046576786056,0.0011275240128870156,False,
GSE104954_H7,R-HSA-166658,Complement cascade,GSM2811053,CONTROL,0.5544237977894969,0.5937220872577755,0.039298289468278624,False,
GSE104954_H7,R-HSA-9769740,Coagulation pathway,GSM2811053,CONTROL,0.04538637695608004,0.09225587068375837,0.04686949372767833,False,
GSE104954_H7,R-HSA-202733,Cell surface interactions at the vascular wall,GSM2811053,CONTROL,0.3333221356155196,0.3577460553009999,0.0244239196854803,False,
GSE104954_H7,R-HSA-380108,Chemokine receptors bind chemokines,GSM2811053,CONTROL,0.5861245319264355,0.5959775387992826,0.00985300687284707,False,
GSE104954_H7,R-HSA-1474244,Extracellular matrix organization,GSM2811053,CONTROL,0.339431942435551,0.3861782333778193,0.04674629094226829,False,
GSE104954_H7,R-HSA-1234174,Cellular response to hypoxia,GSM2811053,CONTROL,-0.21953010331568393,-0.2260511411118944,0.006521037796210466,False,
GSE104954_H7,R-HSA-170834,Signaling by TGF-beta Receptor Complex,GSM2811053,CONTROL,0.15213798978074758,0.1608419690549314,0.008703979274183815,False,
GSE104954_H7,R-HSA-166658,Complement cascade,GSM2811054,CONTROL,0.5544237977894969,0.5354733442112583,0.018950453578238657,False,
GSE104954_H7,R-HSA-9769740,Coagulation pathway,GSM2811054,CONTROL,0.04538637695608004,0.03339326927639243,0.011993107679687608,False,
GSE104954_H7,R-HSA-202733,Cell surface interactions at the vascular wall,GSM2811054,CONTROL,0.3333221356155196,0.32260127928727106,0.01072085632824854,False,
GSE104954_H7,R-HSA-380108,Chemokine receptors bind chemokines,GSM2811054,CONTROL,0.5861245319264355,0.5872341956129693,0.0011096636865337572,False,
GSE104954_H7,R-HSA-1474244,Extracellular matrix organization,GSM2811054,CONTROL,0.339431942435551,0.3210843378373109,0.01834760459824014,False,
GSE104954_H7,R-HSA-1234174,Cellular response to hypoxia,GSM2811054,CONTROL,-0.21953010331568393,-0.21614153371430678,0.0033885696013771505,False,
GSE104954_H7,R-HSA-170834,Signaling by TGF-beta Receptor Complex,GSM2811054,CONTROL,0.15213798978074758,0.15356757718355685,0.001429587402809268,False,
GSE104954_H7,R-HSA-166658,Complement cascade,GSM2811055,CONTROL,0.5544237977894969,0.531208950504243,0.023214847285253914,False,
GSE104954_H7,R-HSA-9769740,Coagulation pathway,GSM2811055,CONTROL,0.04538637695608004,0.029599262762724943,0.015787114193355097,False,
GSE104954_H7,R-HSA-202733,Cell surface interactions at the vascular wall,GSM2811055,CONTROL,0.3333221356155196,0.31229321488015926,0.021028920735360335,False,
GSE104954_H7,R-HSA-380108,Chemokine receptors bind chemokines,GSM2811055,CONTROL,0.5861245319264355,0.5629612276511983,0.023163304275237273,False,
GSE104954_H7,R-HSA-1474244,Extracellular matrix organization,GSM2811055,CONTROL,0.339431942435551,0.31912872194925007,0.020303220486300955,False,
GSE104954_H7,R-HSA-1234174,Cellular response to hypoxia,GSM2811055,CONTROL,-0.21953010331568393,-0.247012765367705,0.027482662052021073,False,
GSE104954_H7,R-HSA-170834,Signaling by TGF-beta Receptor Complex,GSM2811055,CONTROL,0.15213798978074758,0.14882246731732854,0.0033155224634190406,False,
GSE104954_H7,R-HSA-166658,Complement cascade,GSM2811056,CONTROL,0.5544237977894969,0.5738259961162311,0.019402198326734177,False,
GSE104954_H7,R-HSA-9769740,Coagulation pathway,GSM2811056,CONTROL,0.04538637695608004,0.04469969557556086,0.0006866813805191802,False,
GSE104954_H7,R-HSA-202733,Cell surface interactions at the vascular wall,GSM2811056,CONTROL,0.3333221356155196,0.3410132305945014,0.007691094978981794,False,
GSE104954_H7,R-HSA-380108,Chemokine receptors bind chemokines,GSM2811056,CONTROL,0.5861245319264355,0.6106359903890655,0.02451145846262992,False,
GSE104954_H7,R-HSA-1474244,Extracellular matrix organization,GSM2811056,CONTROL,0.339431942435551,0.3465801250084327,0.0071481825728816895,False,
GSE104954_H7,R-HSA-1234174,Cellular response to hypoxia,GSM2811056,CONTROL,-0.21953010331568393,-0.2176350736706832,0.0018950296450007398,False,
GSE104954_H7,R-HSA-170834,Signaling by TGF-beta Receptor Complex,GSM2811056,CONTROL,0.15213798978074758,0.11793771797695007,0.034200271803797505,False,
GSE104954_H7,R-HSA-166658,Complement cascade,GSM2811057,CONTROL,0.5544237977894969,0.5750281168774561,0.020604319087959233,False,
GSE104954_H7,R-HSA-9769740,Coagulation pathway,GSM2811057,CONTROL,0.04538637695608004,0.04072698033204063,0.004659396624039414,False,
GSE104954_H7,R-HSA-202733,Cell surface interactions at the vascular wall,GSM2811057,CONTROL,0.3333221356155196,0.33745872238297925,0.004136586767459649,False,
GSE104954_H7,R-HSA-380108,Chemokine receptors bind chemokines,GSM2811057,CONTROL,0.5861245319264355,0.5833022272032403,0.0028223047231952236,False,
GSE104954_H7,R-HSA-1474244,Extracellular matrix organization,GSM2811057,CONTROL,0.339431942435551,0.34235854406377364,0.0029266016282226137,False,
GSE104954_H7,R-HSA-1234174,Cellular response to hypoxia,GSM2811057,CONTROL,-0.21953010331568393,-0.22950440471863576,0.00997430140295183,False,
GSE104954_H7,R-HSA-170834,Signaling by TGF-beta Receptor Complex,GSM2811057,CONTROL,0.15213798978074758,0.15887025285883877,0.0067322630780911885,False,
GSE104954_H7,R-HSA-166658,Complement cascade,GSM2811058,CONTROL,0.5544237977894969,0.5265625900845009,0.027861207704996005,False,
GSE104954_H7,R-HSA-9769740,Coagulation pathway,GSM2811058,CONTROL,0.04538637695608004,0.0384172562219016,0.0069691207341784425,False,
GSE104954_H7,R-HSA-202733,Cell surface interactions at the vascular wall,GSM2811058,CONTROL,0.3333221356155196,0.32190591867244067,0.011416216943078927,False,
GSE104954_H7,R-HSA-380108,Chemokine receptors bind chemokines,GSM2811058,CONTROL,0.5861245319264355,0.5562290616083506,0.029895470318084927,False,
GSE104954_H7,R-HSA-1474244,Extracellular matrix organization,GSM2811058,CONTROL,0.339431942435551,0.31701650271363613,0.022415439721914898,False,
GSE104954_H7,R-HSA-1234174,Cellular response to hypoxia,GSM2811058,CONTROL,-0.21953010331568393,-0.1982119654180131,0.02131813789767084,False,
GSE104954_H7,R-HSA-170834,Signaling by TGF-beta Receptor Complex,GSM2811058,CONTROL,0.15213798978074758,0.15148582878987074,0.0006521609908768378,False,
GSE104954_H7,R-HSA-166658,Complement cascade,GSM2811059,CONTROL,0.5544237977894969,0.5398332418097984,0.014590555979698494,False,
GSE104954_H7,R-HSA-9769740,Coagulation pathway,GSM2811059,CONTROL,0.04538637695608004,0.043477155035630564,0.0019092219204494762,False,
GSE104954_H7,R-HSA-202733,Cell surface interactions at the vascular wall,GSM2811059,CONTROL,0.3333221356155196,0.32503261359619395,0.008289522019325646,False,
GSE104954_H7,R-HSA-380108,Chemokine receptors bind chemokines,GSM2811059,CONTROL,0.5861245319264355,0.5640470792724999,0.02207745265393568,False,
GSE104954_H7,R-HSA-1474244,Extracellular matrix organization,GSM2811059,CONTROL,0.339431942435551,0.33118055275464764,0.008251389680903387,False,
GSE104954_H7,R-HSA-1234174,Cellular response to hypoxia,GSM2811059,CONTROL,-0.21953010331568393,-0.19845525848064516,0.02107484483503877,False,
GSE104954_H7,R-HSA-170834,Signaling by TGF-beta Receptor Complex,GSM2811059,CONTROL,0.15213798978074758,0.15787474091576154,0.005736751135013957,False,
GSE104954_H7,R-HSA-166658,Complement cascade,GSM2811060,CONTROL,0.5544237977894969,0.5369702649796679,0.017453532809828975,False,
GSE104954_H7,R-HSA-9769740,Coagulation pathway,GSM2811060,CONTROL,0.04538637695608004,0.05098534918584136,0.005598972229761322,False,
GSE104954_H7,R-HSA-202733,Cell surface interactions at the vascular wall,GSM2811060,CONTROL,0.3333221356155196,0.3206920253004901,0.012630110315029475,False,
GSE104954_H7,R-HSA-380108,Chemokine receptors bind chemokines,GSM2811060,CONTROL,0.5861245319264355,0.5664873994780337,0.019637132448401817,False,
GSE104954_H7,R-HSA-1474244,Extracellular matrix organization,GSM2811060,CONTROL,0.339431942435551,0.3256016668328683,0.01383027560268274,False,
GSE104954_H7,R-HSA-1234174,Cellular response to hypoxia,GSM2811060,CONTROL,-0.21953010331568393,-0.2050242908695113,0.014505812446172633,False,
GSE104954_H7,R-HSA-170834,Signaling by TGF-beta Receptor Complex,GSM2811060,CONTROL,0.15213798978074758,0.15655045910364382,0.00441246932289624,False,
GSE142025_advanced,R-HSA-166658,Complement cascade,GSM4217781,DKD,0.742123266491209,0.737230963184022,0.004892303307186929,False,
GSE142025_advanced,R-HSA-9769740,Coagulation pathway,GSM4217781,DKD,-0.332322050217227,-0.329576059857282,0.002745990359944994,False,
GSE142025_advanced,R-HSA-202733,Cell surface interactions at the vascular wall,GSM4217781,DKD,0.43958538967353017,0.43365245093338917,0.005932938740141003,False,
GSE142025_advanced,R-HSA-380108,Chemokine receptors bind chemokines,GSM4217781,DKD,0.8816516886858924,0.8799705846052409,0.0016811040806514743,False,
GSE142025_advanced,R-HSA-1474244,Extracellular matrix organization,GSM4217781,DKD,0.7903392891539788,0.7724290615577991,0.017910227596179662,False,
GSE142025_advanced,R-HSA-1234174,Cellular response to hypoxia,GSM4217781,DKD,0.31837539700143747,0.319640941060621,0.0012655440591835543,False,
GSE142025_advanced,R-HSA-170834,Signaling by TGF-beta Receptor Complex,GSM4217781,DKD,0.30499308261085667,0.2926821712983312,0.012310911312525485,False,
GSE142025_advanced,R-HSA-166658,Complement cascade,GSM4217782,DKD,0.742123266491209,0.7237535755576479,0.01836969093356111,False,
GSE142025_advanced,R-HSA-9769740,Coagulation pathway,GSM4217782,DKD,-0.332322050217227,-0.35113483830154507,0.018812788084318077,False,
GSE142025_advanced,R-HSA-202733,Cell surface interactions at the vascular wall,GSM4217782,DKD,0.43958538967353017,0.4251431787016272,0.014442210971902958,False,
GSE142025_advanced,R-HSA-380108,Chemokine receptors bind chemokines,GSM4217782,DKD,0.8816516886858924,0.8736182209476122,0.008033467738280176,False,
GSE142025_advanced,R-HSA-1474244,Extracellular matrix organization,GSM4217782,DKD,0.7903392891539788,0.7677184538868294,0.02262083526714942,False,
GSE142025_advanced,R-HSA-1234174,Cellular response to hypoxia,GSM4217782,DKD,0.31837539700143747,0.32112327399449775,0.002747876993060283,False,
GSE142025_advanced,R-HSA-170834,Signaling by TGF-beta Receptor Complex,GSM4217782,DKD,0.30499308261085667,0.310610930942213,0.005617848331356312,False,
GSE142025_advanced,R-HSA-166658,Complement cascade,GSM4217783,DKD,0.742123266491209,0.7437191606660207,0.0015958941748117628,False,
GSE142025_advanced,R-HSA-9769740,Coagulation pathway,GSM4217783,DKD,-0.332322050217227,-0.3550920168919318,0.022769966674704822,False,
GSE142025_advanced,R-HSA-202733,Cell surface interactions at the vascular wall,GSM4217783,DKD,0.43958538967353017,0.46123731959047165,0.02165192991694148,False,
GSE142025_advanced,R-HSA-380108,Chemokine receptors bind chemokines,GSM4217783,DKD,0.8816516886858924,0.9394572906136361,0.057805601927743755,False,
GSE142025_advanced,R-HSA-1474244,Extracellular matrix organization,GSM4217783,DKD,0.7903392891539788,0.800053022066833,0.009713732912854267,False,
GSE142025_advanced,R-HSA-1234174,Cellular response to hypoxia,GSM4217783,DKD,0.31837539700143747,0.3177881157894484,0.000587281211989088,False,
GSE142025_advanced,R-HSA-170834,Signaling by TGF-beta Receptor Complex,GSM4217783,DKD,0.30499308261085667,0.33441246357278304,0.029419380961926367,False,
GSE142025_advanced,R-HSA-166658,Complement cascade,GSM4217784,DKD,0.742123266491209,0.7312938436757987,0.010829422815410217,False,
GSE142025_advanced,R-HSA-9769740,Coagulation pathway,GSM4217784,DKD,-0.332322050217227,-0.34358201783927206,0.011259967622045064,False,
GSE142025_advanced,R-HSA-202733,Cell surface interactions at the vascular wall,GSM4217784,DKD,0.43958538967353017,0.42518753861565495,0.014397851057875222,False,
GSE142025_advanced,R-HSA-380108,Chemokine receptors bind chemokines,GSM4217784,DKD,0.8816516886858924,0.8797156317493954,0.0019360569364970104,False,
GSE142025_advanced,R-HSA-1474244,Extracellular matrix organization,GSM4217784,DKD,0.7903392891539788,0.7770047891738684,0.013334499980110381,False,
GSE142025_advanced,R-HSA-1234174,Cellular response to hypoxia,GSM4217784,DKD,0.31837539700143747,0.3430798922929406,0.024704495291503148,False,
GSE142025_advanced,R-HSA-170834,Signaling by TGF-beta Receptor Complex,GSM4217784,DKD,0.30499308261085667,0.31180771292907455,0.006814630318217885,False,
GSE142025_advanced,R-HSA-166658,Complement cascade,GSM4217785,DKD,0.742123266491209,0.7320297245798617,0.010093541911347259,False,
GSE142025_advanced,R-HSA-9769740,Coagulation pathway,GSM4217785,DKD,-0.332322050217227,-0.3219000374413607,0.010422012775866296,False,
GSE142025_advanced,R-HSA-202733,Cell surface interactions at the vascular wall,GSM4217785,DKD,0.43958538967353017,0.43266864856142034,0.0069167411121098255,False,
GSE142025_advanced,R-HSA-380108,Chemokine receptors bind chemokines,GSM4217785,DKD,0.8816516886858924,0.8611932080331752,0.02045848065271716,False,
GSE142025_advanced,R-HSA-1474244,Extracellular matrix organization,GSM4217785,DKD,0.7903392891539788,0.7730579121033645,0.017281377050614277,False,
GSE142025_advanced,R-HSA-1234174,Cellular response to hypoxia,GSM4217785,DKD,0.31837539700143747,0.33835543705814003,0.019980040056702564,False,
GSE142025_advanced,R-HSA-170834,Signaling by TGF-beta Receptor Complex,GSM4217785,DKD,0.30499308261085667,0.2967461208199217,0.008246961790934981,False,
GSE142025_advanced,R-HSA-166658,Complement cascade,GSM4217786,DKD,0.742123266491209,0.7322413625488688,0.00988190394234012,False,
GSE142025_advanced,R-HSA-9769740,Coagulation pathway,GSM4217786,DKD,-0.332322050217227,-0.3205458119115876,0.011776238305639397,False,
GSE142025_advanced,R-HSA-202733,Cell surface interactions at the vascular wall,GSM4217786,DKD,0.43958538967353017,0.4445175328360547,0.004932143162524549,False,
GSE142025_advanced,R-HSA-380108,Chemokine receptors bind chemokines,GSM4217786,DKD,0.8816516886858924,0.8618698986775182,0.01978179000837421,False,
GSE142025_advanced,R-HSA-1474244,Extracellular matrix organization,GSM4217786,DKD,0.7903392891539788,0.8007138905738583,0.010374601419879559,False,
GSE142025_advanced,R-HSA-1234174,Cellular response to hypoxia,GSM4217786,DKD,0.31837539700143747,0.29340699681679944,0.02496840018463803,False,
GSE142025_advanced,R-HSA-170834,Signaling by TGF-beta Receptor Complex,GSM4217786,DKD,0.30499308261085667,0.309176674175582,0.004183591564725309,False,
GSE142025_advanced,R-HSA-166658,Complement cascade,GSM4217787,DKD,0.742123266491209,0.7376900192348614,0.004433247256347528,False,
GSE142025_advanced,R-HSA-9769740,Coagulation pathway,GSM4217787,DKD,-0.332322050217227,-0.3373479835854367,0.005025933368209723,False,
GSE142025_advanced,R-HSA-202733,Cell surface interactions at the vascular wall,GSM4217787,DKD,0.43958538967353017,0.4314203109772807,0.008165078696249495,False,
GSE142025_advanced,R-HSA-380108,Chemokine receptors bind chemokines,GSM4217787,DKD,0.8816516886858924,0.8398502170924881,0.041801471593404305,False,
GSE142025_advanced,R-HSA-1474244,Extracellular matrix organization,GSM4217787,DKD,0.7903392891539788,0.7789628553158949,0.011376433838083844,False,
GSE142025_advanced,R-HSA-1234174,Cellular response to hypoxia,GSM4217787,DKD,0.31837539700143747,0.36629010515084026,0.047914708149402796,False,
GSE142025_advanced,R-HSA-170834,Signaling by TGF-beta Receptor Complex,GSM4217787,DKD,0.30499308261085667,0.2975710461112686,0.007422036499588058,False,
GSE142025_advanced,R-HSA-166658,Complement cascade,GSM4217788,DKD,0.742123266491209,0.7379912667756603,0.004131999715548673,False,
GSE142025_advanced,R-HSA-9769740,Coagulation pathway,GSM4217788,DKD,-0.332322050217227,-0.3198796672026145,0.01244238301461248,False,
GSE142025_advanced,R-HSA-202733,Cell surface interactions at the vascular wall,GSM4217788,DKD,0.43958538967353017,0.44036063840499073,0.0007752487314605649,False,
GSE142025_advanced,R-HSA-380108,Chemokine receptors bind chemokines,GSM4217788,DKD,0.8816516886858924,0.8574896484809339,0.02416204020495849,False,
GSE142025_advanced,R-HSA-1474244,Extracellular matrix organization,GSM4217788,DKD,0.7903392891539788,0.7799367738623769,0.010402515291601855,False,
GSE142025_advanced,R-HSA-1234174,Cellular response to hypoxia,GSM4217788,DKD,0.31837539700143747,0.306943482524684,0.011431914476753458,False,
GSE142025_advanced,R-HSA-170834,Signaling by TGF-beta Receptor Complex,GSM4217788,DKD,0.30499308261085667,0.295090758334714,0.009902324276142682,False,
GSE142025_advanced,R-HSA-166658,Complement cascade,GSM4217789,DKD,0.742123266491209,0.72768084562948,0.014442420861728977,False,
GSE142025_advanced,R-HSA-9769740,Coagulation pathway,GSM4217789,DKD,-0.332322050217227,-0.335616535936239,0.0032944857190120302,False,
GSE142025_advanced,R-HSA-202733,Cell surface interactions at the vascular wall,GSM4217789,DKD,0.43958538967353017,0.4235501209044887,0.01603526876904149,False,
GSE142025_advanced,R-HSA-380108,Chemokine receptors bind chemokines,GSM4217789,DKD,0.8816516886858924,0.865019829556693,0.0166318591291994,False,
GSE142025_advanced,R-HSA-1474244,Extracellular matrix organization,GSM4217789,DKD,0.7903392891539788,0.7706911583948747,0.0196481307591041,False,
GSE142025_advanced,R-HSA-1234174,Cellular response to hypoxia,GSM4217789,DKD,0.31837539700143747,0.29097648511944846,0.027398911881989008,False,
GSE142025_advanced,R-HSA-170834,Signaling by TGF-beta Receptor Complex,GSM4217789,DKD,0.30499308261085667,0.2927649298153412,0.012228152795515479,False,
GSE142025_advanced,R-HSA-166658,Complement cascade,GSM4217790,DKD,0.742123266491209,0.7245640921137009,0.01755917437750809,False,
GSE142025_advanced,R-HSA-9769740,Coagulation pathway,GSM4217790,DKD,-0.332322050217227,-0.3606876841887779,0.028365633971550896,False,
GSE142025_advanced,R-HSA-202733,Cell surface interactions at the vascular wall,GSM4217790,DKD,0.43958538967353017,0.42286171786458066,0.016723671808949514,False,
GSE142025_advanced,R-HSA-380108,Chemokine receptors bind chemokines,GSM4217790,DKD,0.8816516886858924,0.9115612961261609,0.029909607440268493,False,
GSE142025_advanced,R-HSA-1474244,Extracellular matrix organization,GSM4217790,DKD,0.7903392891539788,0.7794405556424159,0.010898733511562897,False,
GSE142025_advanced,R-HSA-1234174,Cellular response to hypoxia,GSM4217790,DKD,0.31837539700143747,0.3162606800195305,0.002114716981906961,False,
GSE142025_advanced,R-HSA-170834,Signaling by TGF-beta Receptor Complex,GSM4217790,DKD,0.30499308261085667,0.2960690102926128,0.00892407231824388,False,
GSE142025_advanced,R-HSA-166658,Complement cascade,GSM4217791,DKD,0.742123266491209,0.7346005432694318,0.007522723221777161,False,
GSE142025_advanced,R-HSA-9769740,Coagulation pathway,GSM4217791,DKD,-0.332322050217227,-0.3464567774505577,0.014134727233330702,False,
GSE142025_advanced,R-HSA-202733,Cell surface interactions at the vascular wall,GSM4217791,DKD,0.43958538967353017,0.4172647038034806,0.022320685870049595,False,
GSE142025_advanced,R-HSA-380108,Chemokine receptors bind chemokines,GSM4217791,DKD,0.8816516886858924,0.8679360498576927,0.013715638828199705,False,
GSE142025_advanced,R-HSA-1474244,Extracellular matrix organization,GSM4217791,DKD,0.7903392891539788,0.7741731770251471,0.016166112128831678,False,
GSE142025_advanced,R-HSA-1234174,Cellular response to hypoxia,GSM4217791,DKD,0.31837539700143747,0.3313536032034038,0.012978206201966325,False,
GSE142025_advanced,R-HSA-170834,Signaling by TGF-beta Receptor Complex,GSM4217791,DKD,0.30499308261085667,0.28431605310820884,0.020677029502647826,False,
GSE142025_advanced,R-HSA-166658,Complement cascade,GSM4217792,DKD,0.742123266491209,0.7834236590282602,0.0413003925370512,False,
GSE142025_advanced,R-HSA-9769740,Coagulation pathway,GSM4217792,DKD,-0.332322050217227,-0.34478845414579135,0.012466403928564351,False,
GSE142025_advanced,R-HSA-202733,Cell surface interactions at the vascular wall,GSM4217792,DKD,0.43958538967353017,0.4553462938124598,0.01576090413892961,False,
GSE142025_advanced,R-HSA-380108,Chemokine receptors bind chemokines,GSM4217792,DKD,0.8816516886858924,0.9298702363515896,0.04821854766569722,False,
GSE142025_advanced,R-HSA-1474244,Extracellular matrix organization,GSM4217792,DKD,0.7903392891539788,0.8050837541837452,0.014744465029766451,False,
GSE142025_advanced,R-HSA-1234174,Cellular response to hypoxia,GSM4217792,DKD,0.31837539700143747,0.3343159189315678,0.015940521930130347,False,
GSE142025_advanced,R-HSA-170834,Signaling by TGF-beta Receptor Complex,GSM4217792,DKD,0.30499308261085667,0.3284600142202438,0.02346693160938712,False,
GSE142025_advanced,R-HSA-166658,Complement cascade,GSM4217793,DKD,0.742123266491209,0.7241079561366588,0.018015310354550174,False,
GSE142025_advanced,R-HSA-9769740,Coagulation pathway,GSM4217793,DKD,-0.332322050217227,-0.3309612605717758,0.0013607896454512214,False,
GSE142025_advanced,R-HSA-202733,Cell surface interactions at the vascular wall,GSM4217793,DKD,0.43958538967353017,0.43660464063024057,0.002980749043289599,False,
GSE142025_advanced,R-HSA-380108,Chemokine receptors bind chemokines,GSM4217793,DKD,0.8816516886858924,0.85371361281809,0.027938075867802392,False,
GSE142025_advanced,R-HSA-1474244,Extracellular matrix organization,GSM4217793,DKD,0.7903392891539788,0.7861832919512779,0.0041559972027008785,False,
GSE142025_advanced,R-HSA-1234174,Cellular response to hypoxia,GSM4217793,DKD,0.31837539700143747,0.3033078599940729,0.015067537007364573,False,
GSE142025_advanced,R-HSA-170834,Signaling by TGF-beta Receptor Complex,GSM4217793,DKD,0.30499308261085667,0.29185765403477243,0.01313542857608424,False,
GSE142025_advanced,R-HSA-166658,Complement cascade,GSM4217794,DKD,0.742123266491209,0.705891776532821,0.036231489958387986,False,
GSE142025_advanced,R-HSA-9769740,Coagulation pathway,GSM4217794,DKD,-0.332322050217227,-0.34393205696908047,0.011610006751853474,False,
GSE142025_advanced,R-HSA-202733,Cell surface interactions at the vascular wall,GSM4217794,DKD,0.43958538967353017,0.4171011090427267,0.022484280630803488,False,
GSE142025_advanced,R-HSA-380108,Chemokine receptors bind chemokines,GSM4217794,DKD,0.8816516886858924,0.8640953283276206,0.017556360358271794,False,
GSE142025_advanced,R-HSA-1474244,Extracellular matrix organization,GSM4217794,DKD,0.7903392891539788,0.76647774800774,0.02386154114623873,False,
GSE142025_advanced,R-HSA-1234174,Cellular response to hypoxia,GSM4217794,DKD,0.31837539700143747,0.34949090388179727,0.0311155068803598,False,
GSE142025_advanced,R-HSA-170834,Signaling by TGF-beta Receptor Complex,GSM4217794,DKD,0.30499308261085667,0.3159476641218164,0.010954581510959738,False,
GSE142025_advanced,R-HSA-166658,Complement cascade,GSM4217795,DKD,0.742123266491209,0.7408966211383087,0.0012266453529002908,False,
GSE142025_advanced,R-HSA-9769740,Coagulation pathway,GSM4217795,DKD,-0.332322050217227,-0.33236863889654633,4.658867931933708e-05,False,
GSE142025_advanced,R-HSA-202733,Cell surface interactions at the vascular wall,GSM4217795,DKD,0.43958538967353017,0.42783981172861174,0.011745577944918428,False,
GSE142025_advanced,R-HSA-380108,Chemokine receptors bind chemokines,GSM4217795,DKD,0.8816516886858924,0.8574139696941067,0.02423771899178573,False,
GSE142025_advanced,R-HSA-1474244,Extracellular matrix organization,GSM4217795,DKD,0.7903392891539788,0.7771470510840965,0.013192238069882234,False,
GSE142025_advanced,R-HSA-1234174,Cellular response to hypoxia,GSM4217795,DKD,0.31837539700143747,0.33023446335339296,0.011859066351955494,False,
GSE142025_advanced,R-HSA-170834,Signaling by TGF-beta Receptor Complex,GSM4217795,DKD,0.30499308261085667,0.2948353298409115,0.010157752769945183,False,
GSE142025_advanced,R-HSA-166658,Complement cascade,GSM4217796,DKD,0.742123266491209,0.7421908191248825,6.755263367352882e-05,False,
GSE142025_advanced,R-HSA-9769740,Coagulation pathway,GSM4217796,DKD,-0.332322050217227,-0.3190998731345644,0.0132221770826626,False,
GSE142025_advanced,R-HSA-202733,Cell surface interactions at the vascular wall,GSM4217796,DKD,0.43958538967353017,0.4189163868417235,0.02066900283180667,False,
GSE142025_advanced,R-HSA-380108,Chemokine receptors bind chemokines,GSM4217796,DKD,0.8816516886858924,0.8547921337131027,0.02685955497278969,False,
GSE142025_advanced,R-HSA-1474244,Extracellular matrix organization,GSM4217796,DKD,0.7903392891539788,0.7687603624083852,0.021578926745593585,False,
GSE142025_advanced,R-HSA-1234174,Cellular response to hypoxia,GSM4217796,DKD,0.31837539700143747,0.32987260646142663,0.011497209459989166,False,
GSE142025_advanced,R-HSA-170834,Signaling by TGF-beta Receptor Complex,GSM4217796,DKD,0.30499308261085667,0.2884131728310155,0.016579909779841195,False,
GSE142025_advanced,R-HSA-166658,Complement cascade,GSM4217797,DKD,0.742123266491209,0.9436732306041833,0.20154996411297432,False,
GSE142025_advanced,R-HSA-9769740,Coagulation pathway,GSM4217797,DKD,-0.332322050217227,-0.32143178113890536,0.010890269078321635,False,
GSE142025_advanced,R-HSA-202733,Cell surface interactions at the vascular wall,GSM4217797,DKD,0.43958538967353017,0.5894866880847653,0.14990129841123517,False,
GSE142025_advanced,R-HSA-380108,Chemokine receptors bind chemokines,GSM4217797,DKD,0.8816516886858924,1.0065917868847978,0.12494009819890539,False,
GSE142025_advanced,R-HSA-1474244,Extracellular matrix organization,GSM4217797,DKD,0.7903392891539788,0.9698844365028743,0.17954514734889548,False,
GSE142025_advanced,R-HSA-1234174,Cellular response to hypoxia,GSM4217797,DKD,0.31837539700143747,0.2974393215740363,0.02093607542740117,False,
GSE142025_advanced,R-HSA-170834,Signaling by TGF-beta Receptor Complex,GSM4217797,DKD,0.30499308261085667,0.36501993822391315,0.060026855613056485,False,
GSE142025_advanced,R-HSA-166658,Complement cascade,GSM4217798,DKD,0.742123266491209,0.734437476599601,0.0076857898916079526,False,
GSE142025_advanced,R-HSA-9769740,Coagulation pathway,GSM4217798,DKD,-0.332322050217227,-0.2958388991966355,0.03648315102059152,False,
GSE142025_advanced,R-HSA-202733,Cell surface interactions at the vascular wall,GSM4217798,DKD,0.43958538967353017,0.447023238234317,0.0074378485607868305,False,
GSE142025_advanced,R-HSA-380108,Chemokine receptors bind chemokines,GSM4217798,DKD,0.8816516886858924,0.8680885000641574,0.013563188621735,False,
GSE142025_advanced,R-HSA-1474244,Extracellular matrix organization,GSM4217798,DKD,0.7903392891539788,0.798528440550645,0.008189151396666206,False,
GSE142025_advanced,R-HSA-1234174,Cellular response to hypoxia,GSM4217798,DKD,0.31837539700143747,0.295023880865114,0.02335151613632347,False,
GSE142025_advanced,R-HSA-170834,Signaling by TGF-beta Receptor Complex,GSM4217798,DKD,0.30499308261085667,0.2941137359977563,0.01087934661310036,False,
GSE142025_advanced,R-HSA-166658,Complement cascade,GSM4217799,DKD,0.742123266491209,0.7297244336609399,0.012398832830269102,False,
GSE142025_advanced,R-HSA-9769740,Coagulation pathway,GSM4217799,DKD,-0.332322050217227,-0.347410036132015,0.015087985914787994,False,
GSE142025_advanced,R-HSA-202733,Cell surface interactions at the vascular wall,GSM4217799,DKD,0.43958538967353017,0.42233956046260207,0.0172458292109281,False,
GSE142025_advanced,R-HSA-380108,Chemokine receptors bind chemokines,GSM4217799,DKD,0.8816516886858924,0.9068075615375796,0.02515587285168719,False,
GSE142025_advanced,R-HSA-1474244,Extracellular matrix organization,GSM4217799,DKD,0.7903392891539788,0.7844949556292363,0.005844333524742451,False,
GSE142025_advanced,R-HSA-1234174,Cellular response to hypoxia,GSM4217799,DKD,0.31837539700143747,0.2990075310002982,0.019367866001139267,False,
GSE142025_advanced,R-HSA-170834,Signaling by TGF-beta Receptor Complex,GSM4217799,DKD,0.30499308261085667,0.2872060335651145,0.017787049045742187,False,
GSE142025_advanced,R-HSA-166658,Complement cascade,GSM4217800,DKD,0.742123266491209,0.7363579087587186,0.005765357732490317,False,
GSE142025_advanced,R-HSA-9769740,Coagulation pathway,GSM4217800,DKD,-0.332322050217227,-0.33559828700339156,0.003276236786164566,False,
GSE142025_advanced,R-HSA-202733,Cell surface interactions at the vascular wall,GSM4217800,DKD,0.43958538967353017,0.44684883579886303,0.007263446125332862,False,
GSE142025_advanced,R-HSA-380108,Chemokine receptors bind chemokines,GSM4217800,DKD,0.8816516886858924,0.909727689026671,0.028076000340778617,False,
GSE142025_advanced,R-HSA-1474244,Extracellular matrix organization,GSM4217800,DKD,0.7903392891539788,0.7946509791208985,0.004311689966919774,False,
GSE142025_advanced,R-HSA-1234174,Cellular response to hypoxia,GSM4217800,DKD,0.31837539700143747,0.33263571655655777,0.014260319555120304,False,
GSE142025_advanced,R-HSA-170834,Signaling by TGF-beta Receptor Complex,GSM4217800,DKD,0.30499308261085667,0.3271873965775159,0.022194313966659218,False,
GSE142025_advanced,R-HSA-166658,Complement cascade,GSM4217801,DKD,0.742123266491209,0.7573172284900812,0.01519396199887224,False,
GSE142025_advanced,R-HSA-9769740,Coagulation pathway,GSM4217801,DKD,-0.332322050217227,-0.3021360630954801,0.030185987121746916,False,
GSE142025_advanced,R-HSA-202733,Cell surface interactions at the vascular wall,GSM4217801,DKD,0.43958538967353017,0.47640637849643275,0.03682098882290258,False,
GSE142025_advanced,R-HSA-380108,Chemokine receptors bind chemokines,GSM4217801,DKD,0.8816516886858924,0.9045301805952531,0.022878491909360754,False,
GSE142025_advanced,R-HSA-1474244,Extracellular matrix organization,GSM4217801,DKD,0.7903392891539788,0.8477819339845682,0.05744264483058947,False,
GSE142025_advanced,R-HSA-1234174,Cellular response to hypoxia,GSM4217801,DKD,0.31837539700143747,0.3110065903181687,0.00736880668326878,False,
GSE142025_advanced,R-HSA-170834,Signaling by TGF-beta Receptor Complex,GSM4217801,DKD,0.30499308261085667,0.33345199297345846,0.028458910362601786,False,
GSE142025_advanced,R-HSA-166658,Complement cascade,GSM4217808,CONTROL,0.742123266491209,0.751548816974441,0.009425550483232015,False,
GSE142025_advanced,R-HSA-9769740,Coagulation pathway,GSM4217808,CONTROL,-0.332322050217227,-0.33890563004229435,0.006583579825067354,False,
GSE142025_advanced,R-HSA-202733,Cell surface interactions at the vascular wall,GSM4217808,CONTROL,0.43958538967353017,0.4353273456359998,0.004258044037530384,False,
GSE142025_advanced,R-HSA-380108,Chemokine receptors bind chemokines,GSM4217808,CONTROL,0.8816516886858924,0.8537739526935526,0.02787773599233978,False,
GSE142025_advanced,R-HSA-1474244,Extracellular matrix organization,GSM4217808,CONTROL,0.7903392891539788,0.8013124126607063,0.010973123506727522,False,
GSE142025_advanced,R-HSA-1234174,Cellular response to hypoxia,GSM4217808,CONTROL,0.31837539700143747,0.3132946885225698,0.005080708478867657,False,
GSE142025_advanced,R-HSA-170834,Signaling by TGF-beta Receptor Complex,GSM4217808,CONTROL,0.30499308261085667,0.2929118821993795,0.012081200411477144,False,
GSE142025_advanced,R-HSA-166658,Complement cascade,GSM4217809,CONTROL,0.742123266491209,0.6916785234345925,0.0504447430566165,False,
GSE142025_advanced,R-HSA-9769740,Coagulation pathway,GSM4217809,CONTROL,-0.332322050217227,-0.3602807550742729,0.02795870485704588,False,
GSE142025_advanced,R-HSA-202733,Cell surface interactions at the vascular wall,GSM4217809,CONTROL,0.43958538967353017,0.4039829051905674,0.03560248448296277,False,
GSE142025_advanced,R-HSA-380108,Chemokine receptors bind chemokines,GSM4217809,CONTROL,0.8816516886858924,0.8203508701948986,0.06130081849099378,False,
GSE142025_advanced,R-HSA-1474244,Extracellular matrix organization,GSM4217809,CONTROL,0.7903392891539788,0.7448383615540861,0.04550092759989266,False,
GSE142025_advanced,R-HSA-1234174,Cellular response to hypoxia,GSM4217809,CONTROL,0.31837539700143747,0.3300410678307785,0.011665670829341057,False,
GSE142025_advanced,R-HSA-170834,Signaling by TGF-beta Receptor Complex,GSM4217809,CONTROL,0.30499308261085667,0.3038504739917324,0.0011426086191242968,False,
GSE142025_advanced,R-HSA-166658,Complement cascade,GSM4217810,CONTROL,0.742123266491209,0.7012356026779529,0.04088766381325604,False,
GSE142025_advanced,R-HSA-9769740,Coagulation pathway,GSM4217810,CONTROL,-0.332322050217227,-0.3124631889250291,0.019858861292197882,False,
GSE142025_advanced,R-HSA-202733,Cell surface interactions at the vascular wall,GSM4217810,CONTROL,0.43958538967353017,0.44278435295468016,0.0031989632811499913,False,
GSE142025_advanced,R-HSA-380108,Chemokine receptors bind chemokines,GSM4217810,CONTROL,0.8816516886858924,0.8778149961518049,0.0038366925340874714,False,
GSE142025_advanced,R-HSA-1474244,Extracellular matrix organization,GSM4217810,CONTROL,0.7903392891539788,0.7895145171178314,0.000824772036147392,False,
GSE142025_advanced,R-HSA-1234174,Cellular response to hypoxia,GSM4217810,CONTROL,0.31837539700143747,0.32557794771719345,0.007202550715755984,False,
GSE142025_advanced,R-HSA-170834,Signaling by TGF-beta Receptor Complex,GSM4217810,CONTROL,0.30499308261085667,0.2986771350707994,0.006315947540057265,False,
GSE142025_advanced,R-HSA-166658,Complement cascade,GSM4217811,CONTROL,0.742123266491209,0.71595572054131,0.026167545949899007,False,
GSE142025_advanced,R-HSA-9769740,Coagulation pathway,GSM4217811,CONTROL,-0.332322050217227,-0.3389517127503015,0.00662966253307451,False,
GSE142025_advanced,R-HSA-202733,Cell surface interactions at the vascular wall,GSM4217811,CONTROL,0.43958538967353017,0.4414176879436363,0.0018322982701061141,False,
GSE142025_advanced,R-HSA-380108,Chemokine receptors bind chemokines,GSM4217811,CONTROL,0.8816516886858924,0.8754362227813196,0.006215465904572781,False,
GSE142025_advanced,R-HSA-1474244,Extracellular matrix organization,GSM4217811,CONTROL,0.7903392891539788,0.7727171272046386,0.017622161949340187,False,
GSE142025_advanced,R-HSA-1234174,Cellular response to hypoxia,GSM4217811,CONTROL,0.31837539700143747,0.3052349089364675,0.01314048806496998,False,
GSE142025_advanced,R-HSA-170834,Signaling by TGF-beta Receptor Complex,GSM4217811,CONTROL,0.30499308261085667,0.3021603019198948,0.002832780690961878,False,
GSE142025_advanced,R-HSA-166658,Complement cascade,GSM4217812,CONTROL,0.742123266491209,0.7379743079473321,0.004148958543876868,False,
GSE142025_advanced,R-HSA-9769740,Coagulation pathway,GSM4217812,CONTROL,-0.332322050217227,-0.3111543974368221,0.02116765278040489,False,
GSE142025_advanced,R-HSA-202733,Cell surface interactions at the vascular wall,GSM4217812,CONTROL,0.43958538967353017,0.4162204358608938,0.02336495381263637,False,
GSE142025_advanced,R-HSA-380108,Chemokine receptors bind chemokines,GSM4217812,CONTROL,0.8816516886858924,0.8823804176477953,0.0007287289619029025,False,
GSE142025_advanced,R-HSA-1474244,Extracellular matrix organization,GSM4217812,CONTROL,0.7903392891539788,0.763370034295566,0.026969254858412728,False,
GSE142025_advanced,R-HSA-1234174,Cellular response to hypoxia,GSM4217812,CONTROL,0.31837539700143747,0.3122392024211853,0.006136194580252163,False,
GSE142025_advanced,R-HSA-170834,Signaling by TGF-beta Receptor Complex,GSM4217812,CONTROL,0.30499308261085667,0.2808905724154434,0.024102510195413263,False,
GSE142025_advanced,R-HSA-166658,Complement cascade,GSM4217813,CONTROL,0.742123266491209,0.7206429092632279,0.02148035722798103,False,
GSE142025_advanced,R-HSA-9769740,Coagulation pathway,GSM4217813,CONTROL,-0.332322050217227,-0.34362739034745515,0.011305340130228159,False,
GSE142025_advanced,R-HSA-202733,Cell surface interactions at the vascular wall,GSM4217813,CONTROL,0.43958538967353017,0.4146654946261203,0.02491989504740988,False,
GSE142025_advanced,R-HSA-380108,Chemokine receptors bind chemokines,GSM4217813,CONTROL,0.8816516886858924,0.8516173448524675,0.030034343833424848,False,
GSE142025_advanced,R-HSA-1474244,Extracellular matrix organization,GSM4217813,CONTROL,0.7903392891539788,0.7585836470702139,0.03175564208376491,False,
GSE142025_advanced,R-HSA-1234174,Cellular response to hypoxia,GSM4217813,CONTROL,0.31837539700143747,0.3087519051134277,0.00962349188800976,False,
GSE142025_advanced,R-HSA-170834,Signaling by TGF-beta Receptor Complex,GSM4217813,CONTROL,0.30499308261085667,0.2820600828569604,0.022932999753896288,False,
GSE142025_advanced,R-HSA-166658,Complement cascade,GSM4217814,CONTROL,0.742123266491209,0.8209454538089777,0.07882218731776869,False,
GSE142025_advanced,R-HSA-9769740,Coagulation pathway,GSM4217814,CONTROL,-0.332322050217227,-0.32278951117440324,0.009532539042823751,False,
GSE142025_advanced,R-HSA-202733,Cell surface interactions at the vascular wall,GSM4217814,CONTROL,0.43958538967353017,0.4549875924960979,0.015402202822567712,False,
GSE142025_advanced,R-HSA-380108,Chemokine receptors bind chemokines,GSM4217814,CONTROL,0.8816516886858924,0.8967327227111156,0.015081034025223206,False,
GSE142025_advanced,R-HSA-1474244,Extracellular matrix organization,GSM4217814,CONTROL,0.7903392891539788,0.8121265092749123,0.02178722012093348,False,
GSE142025_advanced,R-HSA-1234174,Cellular response to hypoxia,GSM4217814,CONTROL,0.31837539700143747,0.28743433092127824,0.03094106608015923,False,
GSE142025_advanced,R-HSA-170834,Signaling by TGF-beta Receptor Complex,GSM4217814,CONTROL,0.30499308261085667,0.30385200670505264,0.0011410759058040343,False,
GSE142025_advanced,R-HSA-166658,Complement cascade,GSM4217815,CONTROL,0.742123266491209,0.7341465954675995,0.007976671023609438,False,
GSE142025_advanced,R-HSA-9769740,Coagulation pathway,GSM4217815,CONTROL,-0.332322050217227,-0.32275302044872484,0.009569029768502157,False,
GSE142025_advanced,R-HSA-202733,Cell surface interactions at the vascular wall,GSM4217815,CONTROL,0.43958538967353017,0.41014096397420063,0.029444425699329535,False,
GSE142025_advanced,R-HSA-380108,Chemokine receptors bind chemokines,GSM4217815,CONTROL,0.8816516886858924,0.8505800051186488,0.031071683567243547,False,
GSE142025_advanced,R-HSA-1474244,Extracellular matrix organization,GSM4217815,CONTROL,0.7903392891539788,0.8012546505991386,0.01091536144515981,False,
GSE142025_advanced,R-HSA-1234174,Cellular response to hypoxia,GSM4217815,CONTROL,0.31837539700143747,0.28688849990163784,0.03148689709979963,False,
GSE142025_advanced,R-HSA-170834,Signaling by TGF-beta Receptor Complex,GSM4217815,CONTROL,0.30499308261085667,0.2795199965625638,0.025473086048292848,False,
GSE142025_advanced,R-HSA-166658,Complement cascade,GSM4217816,CONTROL,0.742123266491209,0.7566356649691264,0.01451239847791741,False,
GSE142025_advanced,R-HSA-9769740,Coagulation pathway,GSM4217816,CONTROL,-0.332322050217227,-0.31873066058923544,0.013591389627991557,False,
GSE142025_advanced,R-HSA-202733,Cell surface interactions at the vascular wall,GSM4217816,CONTROL,0.43958538967353017,0.48439200680004313,0.04480661712651296,False,
GSE142025_advanced,R-HSA-380108,Chemokine receptors bind chemokines,GSM4217816,CONTROL,0.8816516886858924,0.9489049966386343,0.06725330795274187,False,
GSE142025_advanced,R-HSA-1474244,Extracellular matrix organization,GSM4217816,CONTROL,0.7903392891539788,0.8150270318450253,0.024687742691046566,False,
GSE142025_advanced,R-HSA-1234174,Cellular response to hypoxia,GSM4217816,CONTROL,0.31837539700143747,0.35000792866140873,0.031632531659971264,False,
GSE142025_advanced,R-HSA-170834,Signaling by TGF-beta Receptor Complex,GSM4217816,CONTROL,0.30499308261085667,0.3601256246689052,0.05513254205804852,False,
GSE166239,R-HSA-166658,Complement cascade,GSM5066711,DKD,1.0818069687631418,0.994251317958026,0.08755565080511574,False,
GSE166239,R-HSA-9769740,Coagulation pathway,GSM5066711,DKD,0.27405324057567143,0.33855532230102525,0.06450208172535382,False,
GSE166239,R-HSA-202733,Cell surface interactions at the vascular wall,GSM5066711,DKD,0.864578292721437,0.847417106441053,0.0171611862803841,False,
GSE166239,R-HSA-380108,Chemokine receptors bind chemokines,GSM5066711,DKD,1.6253546476217793,1.524844750437201,0.10050989718457837,False,
GSE166239,R-HSA-1474244,Extracellular matrix organization,GSM5066711,DKD,0.9734041187833803,0.9402079798751698,0.03319613890821049,False,
GSE166239,R-HSA-1234174,Cellular response to hypoxia,GSM5066711,DKD,-0.044027541339615804,-0.045520368366556506,0.0014928270269407018,False,
GSE166239,R-HSA-170834,Signaling by TGF-beta Receptor Complex,GSM5066711,DKD,0.4676872408557031,0.4468003849624567,0.020886855893246403,False,
GSE166239,R-HSA-166658,Complement cascade,GSM5066712,DKD,1.0818069687631418,1.2134085058434045,0.1316015370802628,False,
GSE166239,R-HSA-9769740,Coagulation pathway,GSM5066712,DKD,0.27405324057567143,0.27451513655877546,0.00046189598310403257,False,
GSE166239,R-HSA-202733,Cell surface interactions at the vascular wall,GSM5066712,DKD,0.864578292721437,0.82361406902111,0.04096422370032704,False,
GSE166239,R-HSA-380108,Chemokine receptors bind chemokines,GSM5066712,DKD,1.6253546476217793,1.6325220729534686,0.007167425331689348,False,
GSE166239,R-HSA-1474244,Extracellular matrix organization,GSM5066712,DKD,0.9734041187833803,0.9610070726084793,0.012397046174901005,False,
GSE166239,R-HSA-1234174,Cellular response to hypoxia,GSM5066712,DKD,-0.044027541339615804,-0.1470362380843518,0.10300869674473598,False,
GSE166239,R-HSA-170834,Signaling by TGF-beta Receptor Complex,GSM5066712,DKD,0.4676872408557031,0.4903978360283856,0.02271059517268248,False,
GSE166239,R-HSA-166658,Complement cascade,GSM5066713,DKD,1.0818069687631418,1.1639181319329306,0.08211116316978884,False,
GSE166239,R-HSA-9769740,Coagulation pathway,GSM5066713,DKD,0.27405324057567143,0.22334446077716952,0.05070877979850191,False,
GSE166239,R-HSA-202733,Cell surface interactions at the vascular wall,GSM5066713,DKD,0.864578292721437,0.9316349934906488,0.06705670076921177,False,
GSE166239,R-HSA-380108,Chemokine receptors bind chemokines,GSM5066713,DKD,1.6253546476217793,1.7303189330241382,0.10496428540235891,False,
GSE166239,R-HSA-1474244,Extracellular matrix organization,GSM5066713,DKD,0.9734041187833803,1.026845817622609,0.05344169883922867,False,
GSE166239,R-HSA-1234174,Cellular response to hypoxia,GSM5066713,DKD,-0.044027541339615804,-0.03604916672102282,0.007978374618592986,False,
GSE166239,R-HSA-170834,Signaling by TGF-beta Receptor Complex,GSM5066713,DKD,0.4676872408557031,0.46491535397334344,0.0027718868823596865,False,
GSE166239,R-HSA-166658,Complement cascade,GSM5066714,DKD,1.0818069687631418,1.150161375954185,0.06835440719104335,False,
GSE166239,R-HSA-9769740,Coagulation pathway,GSM5066714,DKD,0.27405324057567143,0.2483460468248945,0.02570719375077693,False,
GSE166239,R-HSA-202733,Cell surface interactions at the vascular wall,GSM5066714,DKD,0.864578292721437,0.9347190786488027,0.07014078592736561,False,
GSE166239,R-HSA-380108,Chemokine receptors bind chemokines,GSM5066714,DKD,1.6253546476217793,1.8416021934136282,0.2162475457918489,False,
GSE166239,R-HSA-1474244,Extracellular matrix organization,GSM5066714,DKD,0.9734041187833803,1.0404305268783118,0.06702640809493154,False,
GSE166239,R-HSA-1234174,Cellular response to hypoxia,GSM5066714,DKD,-0.044027541339615804,-0.024085214723044566,0.01994232661657124,False,
GSE166239,R-HSA-170834,Signaling by TGF-beta Receptor Complex,GSM5066714,DKD,0.4676872408557031,0.4478722329632347,0.019815007892468428,False,
GSE166239,R-HSA-166658,Complement cascade,GSM5066715,DKD,1.0818069687631418,1.045734469200825,0.03607249956231673,False,
GSE166239,R-HSA-9769740,Coagulation pathway,GSM5066715,DKD,0.27405324057567143,0.1840333231278865,0.09001991744778493,False,
GSE166239,R-HSA-202733,Cell surface interactions at the vascular wall,GSM5066715,DKD,0.864578292721437,0.8657785284373214,0.0012002357158843457,False,
GSE166239,R-HSA-380108,Chemokine receptors bind chemokines,GSM5066715,DKD,1.6253546476217793,1.6835112727605779,0.0581566251387986,False,
GSE166239,R-HSA-1474244,Extracellular matrix organization,GSM5066715,DKD,0.9734041187833803,0.9779217586880147,0.004517639904634385,False,
GSE166239,R-HSA-1234174,Cellular response to hypoxia,GSM5066715,DKD,-0.044027541339615804,-0.14107798141326613,0.09705044007365032,False,
GSE166239,R-HSA-170834,Signaling by TGF-beta Receptor Complex,GSM5066715,DKD,0.4676872408557031,0.40408504560135156,0.06360219525435157,False,
GSE166239,R-HSA-166658,Complement cascade,GSM5066716,DKD,1.0818069687631418,1.1885281826259835,0.10672121386284172,False,
GSE166239,R-HSA-9769740,Coagulation pathway,GSM5066716,DKD,0.27405324057567143,0.34161614763451387,0.06756290705884244,False,
GSE166239,R-HSA-202733,Cell surface interactions at the vascular wall,GSM5066716,DKD,0.864578292721437,0.934834616208154,0.07025632348671695,False,
GSE166239,R-HSA-380108,Chemokine receptors bind chemokines,GSM5066716,DKD,1.6253546476217793,1.6016101890621581,0.02374445855962115,False,
GSE166239,R-HSA-1474244,Extracellular matrix organization,GSM5066716,DKD,0.9734041187833803,1.0847971665594267,0.11139304777604642,False,
GSE166239,R-HSA-1234174,Cellular response to hypoxia,GSM5066716,DKD,-0.044027541339615804,0.11040515597729571,0.1544326973169115,True,
GSE166239,R-HSA-170834,Signaling by TGF-beta Receptor Complex,GSM5066716,DKD,0.4676872408557031,0.6386272939455726,0.17094005308986948,False,
GSE166239,R-HSA-166658,Complement cascade,GSM5066699,CONTROL,1.0818069687631418,1.175988636197858,0.09418166743471623,False,
GSE166239,R-HSA-9769740,Coagulation pathway,GSM5066699,CONTROL,0.27405324057567143,0.30485193194793714,0.030798691372265707,False,
GSE166239,R-HSA-202733,Cell surface interactions at the vascular wall,GSM5066699,CONTROL,0.864578292721437,0.8743432803801411,0.009764987658704039,False,
GSE166239,R-HSA-380108,Chemokine receptors bind chemokines,GSM5066699,CONTROL,1.6253546476217793,1.547734027879127,0.07762061974265233,False,
GSE166239,R-HSA-1474244,Extracellular matrix organization,GSM5066699,CONTROL,0.9734041187833803,1.0212369766825293,0.04783285789914904,False,
GSE166239,R-HSA-1234174,Cellular response to hypoxia,GSM5066699,CONTROL,-0.044027541339615804,0.016534081537923406,0.06056162287753921,True,
GSE166239,R-HSA-170834,Signaling by TGF-beta Receptor Complex,GSM5066699,CONTROL,0.4676872408557031,0.5165658860200916,0.048878645164388446,False,
GSE166239,R-HSA-166658,Complement cascade,GSM5066700,CONTROL,1.0818069687631418,1.0127025335991193,0.06910443516402243,False,
GSE166239,R-HSA-9769740,Coagulation pathway,GSM5066700,CONTROL,0.27405324057567143,0.24610506058552836,0.02794817999014307,False,
GSE166239,R-HSA-202733,Cell surface interactions at the vascular wall,GSM5066700,CONTROL,0.864578292721437,0.8393217110589773,0.0252565816624597,False,
GSE166239,R-HSA-380108,Chemokine receptors bind chemokines,GSM5066700,CONTROL,1.6253546476217793,1.63220404541477,0.0068493977929906524,False,
GSE166239,R-HSA-1474244,Extracellular matrix organization,GSM5066700,CONTROL,0.9734041187833803,0.9145867154035291,0.058817403379851196,False,
GSE166239,R-HSA-1234174,Cellular response to hypoxia,GSM5066700,CONTROL,-0.044027541339615804,-0.05584282356891695,0.011815282229301144,False,
GSE166239,R-HSA-170834,Signaling by TGF-beta Receptor Complex,GSM5066700,CONTROL,0.4676872408557031,0.4291704320050258,0.03851680885067732,False,
GSE166239,R-HSA-166658,Complement cascade,GSM5066701,CONTROL,1.0818069687631418,0.9982352695689701,0.08357169919417162,False,
GSE166239,R-HSA-9769740,Coagulation pathway,GSM5066701,CONTROL,0.27405324057567143,0.28685391213561956,0.012800671559948129,False,
GSE166239,R-HSA-202733,Cell surface interactions at the vascular wall,GSM5066701,CONTROL,0.864578292721437,0.8227415160858194,0.04183677663561769,False,
GSE166239,R-HSA-380108,Chemokine receptors bind chemokines,GSM5066701,CONTROL,1.6253546476217793,1.590511496361175,0.03484315126060422,False,
GSE166239,R-HSA-1474244,Extracellular matrix organization,GSM5066701,CONTROL,0.9734041187833803,0.966435586323373,0.006968532460007282,False,
GSE166239,R-HSA-1234174,Cellular response to hypoxia,GSM5066701,CONTROL,-0.044027541339615804,-0.07275695765855726,0.028729416318941457,False,
GSE166239,R-HSA-170834,Signaling by TGF-beta Receptor Complex,GSM5066701,CONTROL,0.4676872408557031,0.42656882918492994,0.04111841167077318,False,
GSE166239,R-HSA-166658,Complement cascade,GSM5066702,CONTROL,1.0818069687631418,1.0722323850990019,0.00957458366413988,False,
GSE166239,R-HSA-9769740,Coagulation pathway,GSM5066702,CONTROL,0.27405324057567143,0.3051212402977652,0.031067999722093786,False,
GSE166239,R-HSA-202733,Cell surface interactions at the vascular wall,GSM5066702,CONTROL,0.864578292721437,0.8430152461411576,0.02156304658027941,False,
GSE166239,R-HSA-380108,Chemokine receptors bind chemokines,GSM5066702,CONTROL,1.6253546476217793,1.5586950459390456,0.06665960168273366,False,
GSE166239,R-HSA-1474244,Extracellular matrix organization,GSM5066702,CONTROL,0.9734041187833803,0.9189896142311383,0.05441450455224195,False,
GSE166239,R-HSA-1234174,Cellular response to hypoxia,GSM5066702,CONTROL,-0.044027541339615804,-0.023337309651850418,0.020690231687765386,False,
GSE166239,R-HSA-170834,Signaling by TGF-beta Receptor Complex,GSM5066702,CONTROL,0.4676872408557031,0.4435689342809313,0.02411830657477182,False,
GSE166239,R-HSA-166658,Complement cascade,GSM5066703,CONTROL,1.0818069687631418,1.073590106630821,0.008216862132320646,False,
GSE166239,R-HSA-9769740,Coagulation pathway,GSM5066703,CONTROL,0.27405324057567143,0.25390158811360464,0.020151652462066794,False,
GSE166239,R-HSA-202733,Cell surface interactions at the vascular wall,GSM5066703,CONTROL,0.864578292721437,0.8350667467289361,0.029511545992500943,False,
GSE166239,R-HSA-380108,Chemokine receptors bind chemokines,GSM5066703,CONTROL,1.6253546476217793,1.6913643843005697,0.0660097366787904,False,
GSE166239,R-HSA-1474244,Extracellular matrix organization,GSM5066703,CONTROL,0.9734041187833803,0.951025748248331,0.02237837053504932,False,
GSE166239,R-HSA-1234174,Cellular response to hypoxia,GSM5066703,CONTROL,-0.044027541339615804,-0.09332457448113148,0.04929703314151567,False,
GSE166239,R-HSA-170834,Signaling by TGF-beta Receptor Complex,GSM5066703,CONTROL,0.4676872408557031,0.44041610403990306,0.027271136815800068,False,
GSE166239,R-HSA-166658,Complement cascade,GSM5066704,CONTROL,1.0818069687631418,1.0385650153133836,0.04324195344975812,False,
GSE166239,R-HSA-9769740,Coagulation pathway,GSM5066704,CONTROL,0.27405324057567143,0.27091398909089753,0.0031392514847738973,False,
GSE166239,R-HSA-202733,Cell surface interactions at the vascular wall,GSM5066704,CONTROL,0.864578292721437,0.8340051444650223,0.030573148256414773,False,
GSE166239,R-HSA-380108,Chemokine receptors bind chemokines,GSM5066704,CONTROL,1.6253546476217793,1.5798804434261384,0.045474204195640855,False,
GSE166239,R-HSA-1474244,Extracellular matrix organization,GSM5066704,CONTROL,0.9734041187833803,0.936983656386489,0.03642046239689134,False,
GSE166239,R-HSA-1234174,Cellular response to hypoxia,GSM5066704,CONTROL,-0.044027541339615804,-0.0023090649114184472,0.04171847642819736,False,
GSE166239,R-HSA-170834,Signaling by TGF-beta Receptor Complex,GSM5066704,CONTROL,0.4676872408557031,0.4678515882166608,0.00016434736095766178,False,
GSE163603_interstitium,R-HSA-166658,Complement cascade,DM1_S18 Interstitium,DKD,0.18201001272654668,0.15162499192488738,0.030385020801659307,False,
GSE163603_interstitium,R-HSA-9769740,Coagulation pathway,DM1_S18 Interstitium,DKD,0.1283187684240966,0.11028298085363716,0.018035787570459427,False,
GSE163603_interstitium,R-HSA-202733,Cell surface interactions at the vascular wall,DM1_S18 Interstitium,DKD,0.20651687470409477,0.2156805291785965,0.009163654474501737,False,
GSE163603_interstitium,R-HSA-380108,Chemokine receptors bind chemokines,DM1_S18 Interstitium,DKD,0.17285840536858343,0.16142481231823352,0.01143359305034991,False,
GSE163603_interstitium,R-HSA-1474244,Extracellular matrix organization,DM1_S18 Interstitium,DKD,0.18268577065035882,0.17518572321901377,0.007500047431345053,False,
GSE163603_interstitium,R-HSA-1234174,Cellular response to hypoxia,DM1_S18 Interstitium,DKD,0.3079364429542005,0.3072094084346435,0.0007270345195569683,False,
GSE163603_interstitium,R-HSA-170834,Signaling by TGF-beta Receptor Complex,DM1_S18 Interstitium,DKD,0.16288439951184383,0.201275239940428,0.03839084042858418,False,
GSE163603_interstitium,R-HSA-166658,Complement cascade,DM2_S19 Interstitium,DKD,0.18201001272654668,0.1442111370467281,0.03779887567981857,False,
GSE163603_interstitium,R-HSA-9769740,Coagulation pathway,DM2_S19 Interstitium,DKD,0.1283187684240966,0.0656666253908261,0.06265214303327049,False,
GSE163603_interstitium,R-HSA-202733,Cell surface interactions at the vascular wall,DM2_S19 Interstitium,DKD,0.20651687470409477,0.16435086699004597,0.0421660077140488,False,
GSE163603_interstitium,R-HSA-380108,Chemokine receptors bind chemokines,DM2_S19 Interstitium,DKD,0.17285840536858343,0.12018829573550247,0.05267010963308097,False,
GSE163603_interstitium,R-HSA-1474244,Extracellular matrix organization,DM2_S19 Interstitium,DKD,0.18268577065035882,0.1452091095664331,0.03747666108392572,False,
GSE163603_interstitium,R-HSA-1234174,Cellular response to hypoxia,DM2_S19 Interstitium,DKD,0.3079364429542005,0.2766924825554109,0.031243960398789572,False,
GSE163603_interstitium,R-HSA-170834,Signaling by TGF-beta Receptor Complex,DM2_S19 Interstitium,DKD,0.16288439951184383,0.1278585467915432,0.03502585272030062,False,
GSE163603_interstitium,R-HSA-166658,Complement cascade,DM3_S20 Interstitium,DKD,0.18201001272654668,0.14126766952411723,0.04074234320242945,False,
GSE163603_interstitium,R-HSA-9769740,Coagulation pathway,DM3_S20 Interstitium,DKD,0.1283187684240966,0.135130159122278,0.006811390698181402,False,
GSE163603_interstitium,R-HSA-202733,Cell surface interactions at the vascular wall,DM3_S20 Interstitium,DKD,0.20651687470409477,0.1777072931867969,0.028809581517297872,False,
GSE163603_interstitium,R-HSA-380108,Chemokine receptors bind chemokines,DM3_S20 Interstitium,DKD,0.17285840536858343,0.14054869200078415,0.03230971336779928,False,
GSE163603_interstitium,R-HSA-1474244,Extracellular matrix organization,DM3_S20 Interstitium,DKD,0.18268577065035882,0.16628716348387781,0.016398607166481005,False,
GSE163603_interstitium,R-HSA-1234174,Cellular response to hypoxia,DM3_S20 Interstitium,DKD,0.3079364429542005,0.3287752194861913,0.020838776531990844,False,
GSE163603_interstitium,R-HSA-170834,Signaling by TGF-beta Receptor Complex,DM3_S20 Interstitium,DKD,0.16288439951184383,0.2356284424999734,0.07274404298812956,False,
GSE163603_interstitium,R-HSA-166658,Complement cascade,DM4_S21 Interstitium,DKD,0.18201001272654668,0.16174134671102589,0.020268666015520798,False,
GSE163603_interstitium,R-HSA-9769740,Coagulation pathway,DM4_S21 Interstitium,DKD,0.1283187684240966,0.1368864848690298,0.008567716444933204,False,
GSE163603_interstitium,R-HSA-202733,Cell surface interactions at the vascular wall,DM4_S21 Interstitium,DKD,0.20651687470409477,0.2269178680971764,0.02040099339308163,False,
GSE163603_interstitium,R-HSA-380108,Chemokine receptors bind chemokines,DM4_S21 Interstitium,DKD,0.17285840536858343,0.12121842491591682,0.051639980452666615,False,
GSE163603_interstitium,R-HSA-1474244,Extracellular matrix organization,DM4_S21 Interstitium,DKD,0.18268577065035882,0.18037081396480784,0.002314956685550984,False,
GSE163603_interstitium,R-HSA-1234174,Cellular response to hypoxia,DM4_S21 Interstitium,DKD,0.3079364429542005,0.41591341542890126,0.10797697247470078,False,
GSE163603_interstitium,R-HSA-170834,Signaling by TGF-beta Receptor Complex,DM4_S21 Interstitium,DKD,0.16288439951184383,0.2284134086846219,0.06552900917277807,False,
GSE163603_interstitium,R-HSA-166658,Complement cascade,DM5_S22 Interstitium,DKD,0.18201001272654668,0.1744907044120119,0.007519308314534789,False,
GSE163603_interstitium,R-HSA-9769740,Coagulation pathway,DM5_S22 Interstitium,DKD,0.1283187684240966,0.09652788911957151,0.03179087930452508,False,
GSE163603_interstitium,R-HSA-202733,Cell surface interactions at the vascular wall,DM5_S22 Interstitium,DKD,0.20651687470409477,0.17113731967032203,0.03537955503377274,False,
GSE163603_interstitium,R-HSA-380108,Chemokine receptors bind chemokines,DM5_S22 Interstitium,DKD,0.17285840536858343,0.11441222799017697,0.05844617737840646,False,
GSE163603_interstitium,R-HSA-1474244,Extracellular matrix organization,DM5_S22 Interstitium,DKD,0.18268577065035882,0.14315124599825618,0.03953452465210264,False,
GSE163603_interstitium,R-HSA-1234174,Cellular response to hypoxia,DM5_S22 Interstitium,DKD,0.3079364429542005,0.31955027257246166,0.011613829618261184,False,
GSE163603_interstitium,R-HSA-170834,Signaling by TGF-beta Receptor Complex,DM5_S22 Interstitium,DKD,0.16288439951184383,0.1525026640247986,0.01038173548704524,False,
GSE163603_interstitium,R-HSA-166658,Complement cascade,DM8_S25 Interstitium,DKD,0.18201001272654668,0.40927689454855365,0.22726688182200697,False,
GSE163603_interstitium,R-HSA-9769740,Coagulation pathway,DM8_S25 Interstitium,DKD,0.1283187684240966,0.2615181301589721,0.13319936173487548,False,
GSE163603_interstitium,R-HSA-202733,Cell surface interactions at the vascular wall,DM8_S25 Interstitium,DKD,0.20651687470409477,0.30727876098856105,0.10076188628446628,False,
GSE163603_interstitium,R-HSA-380108,Chemokine receptors bind chemokines,DM8_S25 Interstitium,DKD,0.17285840536858343,0.41821970788809903,0.2453613025195156,False,
GSE163603_interstitium,R-HSA-1474244,Extracellular matrix organization,DM8_S25 Interstitium,DKD,0.18268577065035882,0.30666498809513165,0.12397921744477283,False,
GSE163603_interstitium,R-HSA-1234174,Cellular response to hypoxia,DM8_S25 Interstitium,DKD,0.3079364429542005,0.16437306507550914,0.14356337787869133,False,
GSE163603_interstitium,R-HSA-170834,Signaling by TGF-beta Receptor Complex,DM8_S25 Interstitium,DKD,0.16288439951184383,0.006874211883487476,0.15601018762835636,False,
GSE163603_interstitium,R-HSA-166658,Complement cascade,18-0003v2 Interstitium,CONTROL,0.18201001272654668,0.1916697764997492,0.009659763773202518,False,
GSE163603_interstitium,R-HSA-9769740,Coagulation pathway,18-0003v2 Interstitium,CONTROL,0.1283187684240966,0.11170094874444811,0.016617819679648482,False,
GSE163603_interstitium,R-HSA-202733,Cell surface interactions at the vascular wall,18-0003v2 Interstitium,CONTROL,0.20651687470409477,0.21657975149722475,0.010062876793129977,False,
GSE163603_interstitium,R-HSA-380108,Chemokine receptors bind chemokines,18-0003v2 Interstitium,CONTROL,0.17285840536858343,0.18522302020899567,0.012364614840412236,False,
GSE163603_interstitium,R-HSA-1474244,Extracellular matrix organization,18-0003v2 Interstitium,CONTROL,0.18268577065035882,0.1778051246345943,0.004880646015764517,False,
GSE163603_interstitium,R-HSA-1234174,Cellular response to hypoxia,18-0003v2 Interstitium,CONTROL,0.3079364429542005,0.28722363056535166,0.02071281238884881,False,
GSE163603_interstitium,R-HSA-170834,Signaling by TGF-beta Receptor Complex,18-0003v2 Interstitium,CONTROL,0.16288439951184383,0.12632003811297823,0.0365643613988656,False,
GSE163603_interstitium,R-HSA-166658,Complement cascade,18-0004 Interstitium,CONTROL,0.18201001272654668,0.19056050908047098,0.008550496353924297,False,
GSE163603_interstitium,R-HSA-9769740,Coagulation pathway,18-0004 Interstitium,CONTROL,0.1283187684240966,0.14379124410581642,0.015472475681719833,False,
GSE163603_interstitium,R-HSA-202733,Cell surface interactions at the vascular wall,18-0004 Interstitium,CONTROL,0.20651687470409477,0.2223283940259175,0.01581151932182273,False,
GSE163603_interstitium,R-HSA-380108,Chemokine receptors bind chemokines,18-0004 Interstitium,CONTROL,0.17285840536858343,0.1633825094683111,0.00947589590027234,False,
GSE163603_interstitium,R-HSA-1474244,Extracellular matrix organization,18-0004 Interstitium,CONTROL,0.18268577065035882,0.19741745167285774,0.014731681022498916,False,
GSE163603_interstitium,R-HSA-1234174,Cellular response to hypoxia,18-0004 Interstitium,CONTROL,0.3079364429542005,0.3283853546885425,0.020448911734342046,False,
GSE163603_interstitium,R-HSA-170834,Signaling by TGF-beta Receptor Complex,18-0004 Interstitium,CONTROL,0.16288439951184383,0.17879544799202038,0.01591104848017655,False,
GSE163603_interstitium,R-HSA-166658,Complement cascade,18-0007 Interstitium,CONTROL,0.18201001272654668,0.1697405885478516,0.012269424178695088,False,
GSE163603_interstitium,R-HSA-9769740,Coagulation pathway,18-0007 Interstitium,CONTROL,0.1283187684240966,0.14521130212200922,0.01689253369791263,False,
GSE163603_interstitium,R-HSA-202733,Cell surface interactions at the vascular wall,18-0007 Interstitium,CONTROL,0.20651687470409477,0.2151711666240958,0.008654291920001028,False,
GSE163603_interstitium,R-HSA-380108,Chemokine receptors bind chemokines,18-0007 Interstitium,CONTROL,0.17285840536858343,0.20638969264677226,0.033531287278188826,False,
GSE163603_interstitium,R-HSA-1474244,Extracellular matrix organization,18-0007 Interstitium,CONTROL,0.18268577065035882,0.18459788892189338,0.001912118271534563,False,
GSE163603_interstitium,R-HSA-1234174,Cellular response to hypoxia,18-0007 Interstitium,CONTROL,0.3079364429542005,0.2850707861164383,0.02286565683776215,False,
GSE163603_interstitium,R-HSA-170834,Signaling by TGF-beta Receptor Complex,18-0007 Interstitium,CONTROL,0.16288439951184383,0.13158092767000606,0.031303471841837766,False,
GSE163603_interstitium,R-HSA-166658,Complement cascade,18-0008 Interstitium,CONTROL,0.18201001272654668,0.20885207519839194,0.026842062471845257,False,
GSE163603_interstitium,R-HSA-9769740,Coagulation pathway,18-0008 Interstitium,CONTROL,0.1283187684240966,0.14949776297605413,0.021178994551957542,False,
GSE163603_interstitium,R-HSA-202733,Cell surface interactions at the vascular wall,18-0008 Interstitium,CONTROL,0.20651687470409477,0.22337390574829577,0.016857031044201,False,
GSE163603_interstitium,R-HSA-380108,Chemokine receptors bind chemokines,18-0008 Interstitium,CONTROL,0.17285840536858343,0.22122034429468818,0.04836193892610474,False,
GSE163603_interstitium,R-HSA-1474244,Extracellular matrix organization,18-0008 Interstitium,CONTROL,0.18268577065035882,0.22092299831280457,0.03823722766244575,False,
GSE163603_interstitium,R-HSA-1234174,Cellular response to hypoxia,18-0008 Interstitium,CONTROL,0.3079364429542005,0.32069555080300505,0.012759107848804574,False,
GSE163603_interstitium,R-HSA-170834,Signaling by TGF-beta Receptor Complex,18-0008 Interstitium,CONTROL,0.16288439951184383,0.18493215846624173,0.022047758954397895,False,
GSE163603_interstitium,R-HSA-166658,Complement cascade,18-0009 Interstitium,CONTROL,0.18201001272654668,0.16242409296798538,0.019585919758561304,False,
GSE163603_interstitium,R-HSA-9769740,Coagulation pathway,18-0009 Interstitium,CONTROL,0.1283187684240966,0.11648276112177937,0.011836007302317222,False,
GSE163603_interstitium,R-HSA-202733,Cell surface interactions at the vascular wall,18-0009 Interstitium,CONTROL,0.20651687470409477,0.18116678298504105,0.025350091719053724,False,
GSE163603_interstitium,R-HSA-380108,Chemokine receptors bind chemokines,18-0009 Interstitium,CONTROL,0.17285840536858343,0.14948360708305633,0.023374798285527104,False,
GSE163603_interstitium,R-HSA-1474244,Extracellular matrix organization,18-0009 Interstitium,CONTROL,0.18268577065035882,0.18415602393053707,0.0014702532801782464,False,
GSE163603_interstitium,R-HSA-1234174,Cellular response to hypoxia,18-0009 Interstitium,CONTROL,0.3079364429542005,0.2742328656976425,0.03370357725655798,False,
GSE163603_interstitium,R-HSA-170834,Signaling by TGF-beta Receptor Complex,18-0009 Interstitium,CONTROL,0.16288439951184383,0.13860153781941553,0.024282861692428298,False,
GSE163603_interstitium,R-HSA-166658,Complement cascade,18-0010 Interstitium,CONTROL,0.18201001272654668,0.18146796894569686,0.0005420437808498213,False,
GSE163603_interstitium,R-HSA-9769740,Coagulation pathway,18-0010 Interstitium,CONTROL,0.1283187684240966,0.11130302953572561,0.017015738888370976,False,
GSE163603_interstitium,R-HSA-202733,Cell surface interactions at the vascular wall,18-0010 Interstitium,CONTROL,0.20651687470409477,0.20684164974408525,0.0003247750399904825,False,
GSE163603_interstitium,R-HSA-380108,Chemokine receptors bind chemokines,18-0010 Interstitium,CONTROL,0.17285840536858343,0.1887053909992918,0.015846985630708355,False,
GSE163603_interstitium,R-HSA-1474244,Extracellular matrix organization,18-0010 Interstitium,CONTROL,0.18268577065035882,0.18324735644881499,0.0005615857984561656,False,
GSE163603_interstitium,R-HSA-1234174,Cellular response to hypoxia,18-0010 Interstitium,CONTROL,0.3079364429542005,0.31646003750910495,0.008523594554904479,False,
GSE163603_interstitium,R-HSA-170834,Signaling by TGF-beta Receptor Complex,18-0010 Interstitium,CONTROL,0.16288439951184383,0.16224252812455844,0.0006418713872853865,False,
GSE163603_interstitium,R-HSA-166658,Complement cascade,17-0001 Interstitium,CONTROL,0.18201001272654668,0.1415765059801386,0.04043350674640808,False,
GSE163603_interstitium,R-HSA-9769740,Coagulation pathway,17-0001 Interstitium,CONTROL,0.1283187684240966,0.106819858871048,0.02149890955304859,False,
GSE163603_interstitium,R-HSA-202733,Cell surface interactions at the vascular wall,17-0001 Interstitium,CONTROL,0.20651687470409477,0.17198165247344416,0.034535222230650614,False,
GSE163603_interstitium,R-HSA-380108,Chemokine receptors bind chemokines,17-0001 Interstitium,CONTROL,0.17285840536858343,0.08460366868875141,0.08825473667983202,False,
GSE163603_interstitium,R-HSA-1474244,Extracellular matrix organization,17-0001 Interstitium,CONTROL,0.18268577065035882,0.1358069948516412,0.04687877579871763,False,
GSE163603_interstitium,R-HSA-1234174,Cellular response to hypoxia,17-0001 Interstitium,CONTROL,0.3079364429542005,0.3071756969650205,0.0007607459891799673,False,
GSE163603_interstitium,R-HSA-170834,Signaling by TGF-beta Receptor Complex,17-0001 Interstitium,CONTROL,0.16288439951184383,0.17636516062741278,0.013480761115568951,False,
GSE163603_interstitium,R-HSA-166658,Complement cascade,17-0002 Interstitium,CONTROL,0.18201001272654668,0.1661936562816132,0.015816356444933483,False,
GSE163603_interstitium,R-HSA-9769740,Coagulation pathway,17-0002 Interstitium,CONTROL,0.1283187684240966,0.11054002107056557,0.01777874735353102,False,
GSE163603_interstitium,R-HSA-202733,Cell surface interactions at the vascular wall,17-0002 Interstitium,CONTROL,0.20651687470409477,0.19242169443406276,0.01409518027003201,False,
GSE163603_interstitium,R-HSA-380108,Chemokine receptors bind chemokines,17-0002 Interstitium,CONTROL,0.17285840536858343,0.11789742853833235,0.054960976830251085,False,
GSE163603_interstitium,R-HSA-1474244,Extracellular matrix organization,17-0002 Interstitium,CONTROL,0.18268577065035882,0.16838213192922086,0.014303638721137962,False,
GSE163603_interstitium,R-HSA-1234174,Cellular response to hypoxia,17-0002 Interstitium,CONTROL,0.3079364429542005,0.371302005534354,0.06336556258015352,False,
GSE163603_interstitium,R-HSA-170834,Signaling by TGF-beta Receptor Complex,17-0002 Interstitium,CONTROL,0.16288439951184383,0.22369679942235843,0.0608123999105146,False,
GSE163603_interstitium,R-HSA-166658,Complement cascade,18-0006 Interstitium,CONTROL,0.18201001272654668,0.2085380703427112,0.02652805761616453,False,
GSE163603_interstitium,R-HSA-9769740,Coagulation pathway,18-0006 Interstitium,CONTROL,0.1283187684240966,0.1551227280910734,0.026803959666976795,False,
GSE163603_interstitium,R-HSA-202733,Cell surface interactions at the vascular wall,18-0006 Interstitium,CONTROL,0.20651687470409477,0.23863685175839736,0.032119977054302584,False,
GSE163603_interstitium,R-HSA-380108,Chemokine receptors bind chemokines,18-0006 Interstitium,CONTROL,0.17285840536858343,0.22685691007571737,0.05399850470713394,False,
GSE163603_interstitium,R-HSA-1474244,Extracellular matrix organization,18-0006 Interstitium,CONTROL,0.18268577065035882,0.2045614522359469,0.021875681585588086,False,
GSE163603_interstitium,R-HSA-1234174,Cellular response to hypoxia,18-0006 Interstitium,CONTROL,0.3079364429542005,0.3102781650359593,0.0023417220817588125,False,
GSE163603_interstitium,R-HSA-170834,Signaling by TGF-beta Receptor Complex,18-0006 Interstitium,CONTROL,0.16288439951184383,0.1800388708152545,0.017154471303410662,False,
GSE1009_donor_averaged,R-HSA-166658,Complement cascade,NOT_EVALUABLE,NOT_EVALUABLE,,,,,At least three samples per group are required before removal.
GSE1009_donor_averaged,R-HSA-9769740,Coagulation pathway,NOT_EVALUABLE,NOT_EVALUABLE,,,,,At least three samples per group are required before removal.
GSE1009_donor_averaged,R-HSA-202733,Cell surface interactions at the vascular wall,NOT_EVALUABLE,NOT_EVALUABLE,,,,,At least three samples per group are required before removal.
GSE1009_donor_averaged,R-HSA-380108,Chemokine receptors bind chemokines,NOT_EVALUABLE,NOT_EVALUABLE,,,,,At least three samples per group are required before removal.
GSE1009_donor_averaged,R-HSA-1474244,Extracellular matrix organization,NOT_EVALUABLE,NOT_EVALUABLE,,,,,At least three samples per group are required before removal.
GSE1009_donor_averaged,R-HSA-1234174,Cellular response to hypoxia,NOT_EVALUABLE,NOT_EVALUABLE,,,,,At least three samples per group are required before removal.
GSE1009_donor_averaged,R-HSA-170834,Signaling by TGF-beta Receptor Complex,NOT_EVALUABLE,NOT_EVALUABLE,,,,,At least three samples per group are required before removal.
GSE111154,R-HSA-166658,Complement cascade,GSM3024087,DKD,0.6189265005482378,0.5557845882105842,0.06314191233765365,False,
GSE111154,R-HSA-9769740,Coagulation pathway,GSM3024087,DKD,0.08438968203723013,0.11297318866643227,0.028583506629202143,False,
GSE111154,R-HSA-202733,Cell surface interactions at the vascular wall,GSM3024087,DKD,0.36871813236319106,0.2815310902939648,0.08718704206922628,False,
GSE111154,R-HSA-380108,Chemokine receptors bind chemokines,GSM3024087,DKD,-0.09713715808769287,-0.23072083365216042,0.13358367556446754,False,
GSE111154,R-HSA-1474244,Extracellular matrix organization,GSM3024087,DKD,0.33857367080004463,0.31214157875107773,0.026432092048966904,False,
GSE111154,R-HSA-1234174,Cellular response to hypoxia,GSM3024087,DKD,0.05879331624608432,0.08505175048786516,0.026258434241780843,False,
GSE111154,R-HSA-170834,Signaling by TGF-beta Receptor Complex,GSM3024087,DKD,-0.11661432805907758,-0.14603696925317314,0.02942264119409556,False,
GSE111154,R-HSA-166658,Complement cascade,GSM3024088,DKD,0.6189265005482378,0.6723198151682016,0.05339331461996377,False,
GSE111154,R-HSA-9769740,Coagulation pathway,GSM3024088,DKD,0.08438968203723013,0.07116948409017394,0.013220197947056186,False,
GSE111154,R-HSA-202733,Cell surface interactions at the vascular wall,GSM3024088,DKD,0.36871813236319106,0.4409347950581521,0.07221666269496102,False,
GSE111154,R-HSA-380108,Chemokine receptors bind chemokines,GSM3024088,DKD,-0.09713715808769287,-0.009047611211540067,0.08808954687615281,False,
GSE111154,R-HSA-1474244,Extracellular matrix organization,GSM3024088,DKD,0.33857367080004463,0.3885121803403828,0.04993850954033818,False,
GSE111154,R-HSA-1234174,Cellular response to hypoxia,GSM3024088,DKD,0.05879331624608432,0.0850766970587418,0.026283380812657478,False,
GSE111154,R-HSA-170834,Signaling by TGF-beta Receptor Complex,GSM3024088,DKD,-0.11661432805907758,-0.10569934582800948,0.010914982231068099,False,
GSE111154,R-HSA-166658,Complement cascade,GSM3024089,DKD,0.6189265005482378,0.6445769520406144,0.025650451492376547,False,
GSE111154,R-HSA-9769740,Coagulation pathway,GSM3024089,DKD,0.08438968203723013,0.08378769533237375,0.0006019867048563804,False,
GSE111154,R-HSA-202733,Cell surface interactions at the vascular wall,GSM3024089,DKD,0.36871813236319106,0.41956090112737354,0.05084276876418248,False,
GSE111154,R-HSA-380108,Chemokine receptors bind chemokines,GSM3024089,DKD,-0.09713715808769287,-0.05478839350178203,0.04234876458591084,False,
GSE111154,R-HSA-1474244,Extracellular matrix organization,GSM3024089,DKD,0.33857367080004463,0.33367557797354114,0.004898092826503497,False,
GSE111154,R-HSA-1234174,Cellular response to hypoxia,GSM3024089,DKD,0.05879331624608432,0.05543305228170131,0.0033602639643830062,False,
GSE111154,R-HSA-170834,Signaling by TGF-beta Receptor Complex,GSM3024089,DKD,-0.11661432805907758,-0.11564948476778796,0.0009648432912896243,False,
GSE111154,R-HSA-166658,Complement cascade,GSM3024090,DKD,0.6189265005482378,0.7609320216040191,0.14200552105578124,False,
GSE111154,R-HSA-9769740,Coagulation pathway,GSM3024090,DKD,0.08438968203723013,0.07401794240365321,0.010371739633576918,False,
GSE111154,R-HSA-202733,Cell surface interactions at the vascular wall,GSM3024090,DKD,0.36871813236319106,0.4754790948894492,0.10676096252625816,False,
GSE111154,R-HSA-380108,Chemokine receptors bind chemokines,GSM3024090,DKD,-0.09713715808769287,-0.058869909665610586,0.03826724842208228,False,
GSE111154,R-HSA-1474244,Extracellular matrix organization,GSM3024090,DKD,0.33857367080004463,0.3243901897631385,0.014183481036906143,False,
GSE111154,R-HSA-1234174,Cellular response to hypoxia,GSM3024090,DKD,0.05879331624608432,0.0024505941381312143,0.0563427221079531,False,
GSE111154,R-HSA-170834,Signaling by TGF-beta Receptor Complex,GSM3024090,DKD,-0.11661432805907758,-0.10071578548830297,0.01589854257077461,False,
GSE111154,R-HSA-166658,Complement cascade,GSM3024091,CONTROL,0.6189265005482378,0.5329556280048826,0.08597087254335523,False,
GSE111154,R-HSA-9769740,Coagulation pathway,GSM3024091,CONTROL,0.08438968203723013,0.11119765347669261,0.02680797143946248,False,
GSE111154,R-HSA-202733,Cell surface interactions at the vascular wall,GSM3024091,CONTROL,0.36871813236319106,0.31612084717560696,0.05259728518758411,False,
GSE111154,R-HSA-380108,Chemokine receptors bind chemokines,GSM3024091,CONTROL,-0.09713715808769287,-0.10568238408706902,0.008545225999376155,False,
GSE111154,R-HSA-1474244,Extracellular matrix organization,GSM3024091,CONTROL,0.33857367080004463,0.36041258666439796,0.021838915864353325,False,
GSE111154,R-HSA-1234174,Cellular response to hypoxia,GSM3024091,CONTROL,0.05879331624608432,0.5467490584341893,0.487955742188105,False,
GSE111154,R-HSA-170834,Signaling by TGF-beta Receptor Complex,GSM3024091,CONTROL,-0.11661432805907758,-0.04599889820970981,0.07061542984936778,False,
GSE111154,R-HSA-166658,Complement cascade,GSM3024092,CONTROL,0.6189265005482378,0.5371205452862187,0.08180595526201917,False,
GSE111154,R-HSA-9769740,Coagulation pathway,GSM3024092,CONTROL,0.08438968203723013,0.139543835920316,0.055154153883085866,False,
GSE111154,R-HSA-202733,Cell surface interactions at the vascular wall,GSM3024092,CONTROL,0.36871813236319106,0.33558173863860447,0.0331363937245866,False,
GSE111154,R-HSA-380108,Chemokine receptors bind chemokines,GSM3024092,CONTROL,-0.09713715808769287,-0.1357724435551003,0.038635285467407424,False,
GSE111154,R-HSA-1474244,Extracellular matrix organization,GSM3024092,CONTROL,0.33857367080004463,0.3317172872196601,0.00685638358038454,False,
GSE111154,R-HSA-1234174,Cellular response to hypoxia,GSM3024092,CONTROL,0.05879331624608432,-0.05010162091022749,0.10889493715631181,True,
GSE111154,R-HSA-170834,Signaling by TGF-beta Receptor Complex,GSM3024092,CONTROL,-0.11661432805907758,-0.21909588187433457,0.10248155381525699,False,
GSE111154,R-HSA-166658,Complement cascade,GSM3024093,CONTROL,0.6189265005482378,0.7096831888049229,0.09075668825668504,False,
GSE111154,R-HSA-9769740,Coagulation pathway,GSM3024093,CONTROL,0.08438968203723013,0.03247944187981218,0.05191024015741795,False,
GSE111154,R-HSA-202733,Cell surface interactions at the vascular wall,GSM3024093,CONTROL,0.36871813236319106,0.3331353743819531,0.035582757981237945,False,
GSE111154,R-HSA-380108,Chemokine receptors bind chemokines,GSM3024093,CONTROL,-0.09713715808769287,-0.13415539373073312,0.037018235643040256,False,
GSE111154,R-HSA-1474244,Extracellular matrix organization,GSM3024093,CONTROL,0.33857367080004463,0.4007371738320865,0.06216350303204188,False,
GSE111154,R-HSA-1234174,Cellular response to hypoxia,GSM3024093,CONTROL,0.05879331624608432,0.0663371959849893,0.007543879738904982,False,
GSE111154,R-HSA-170834,Signaling by TGF-beta Receptor Complex,GSM3024093,CONTROL,-0.11661432805907758,-0.038737064949319576,0.07787726310975801,False,
GSE111154,R-HSA-166658,Complement cascade,GSM3024094,CONTROL,0.6189265005482378,0.5128407518447798,0.106085748703458,False,
GSE111154,R-HSA-9769740,Coagulation pathway,GSM3024094,CONTROL,0.08438968203723013,0.09494017718232897,0.010550495145098843,False,
GSE111154,R-HSA-202733,Cell surface interactions at the vascular wall,GSM3024094,CONTROL,0.36871813236319106,0.3439126771690337,0.02480545519415739,False,
GSE111154,R-HSA-380108,Chemokine receptors bind chemokines,GSM3024094,CONTROL,-0.09713715808769287,-0.07773303925279218,0.019404118834900688,False,
GSE111154,R-HSA-1474244,Extracellular matrix organization,GSM3024094,CONTROL,0.33857367080004463,0.2772435119988389,0.061330158801205736,False,
GSE111154,R-HSA-1234174,Cellular response to hypoxia,GSM3024094,CONTROL,0.05879331624608432,-0.15635551287204016,0.2151488291181245,True,
GSE111154,R-HSA-170834,Signaling by TGF-beta Receptor Complex,GSM3024094,CONTROL,-0.11661432805907758,-0.12385165786621534,0.00723732980713776,False,
GSE199838,R-HSA-166658,Complement cascade,FN-1-Y,DKD,1.6096632214902749,1.6985781162465556,0.08891489475628078,False,
GSE199838,R-HSA-9769740,Coagulation pathway,FN-1-Y,DKD,-0.36683343329668494,-0.34519443670136846,0.021638996595316484,False,
GSE199838,R-HSA-202733,Cell surface interactions at the vascular wall,FN-1-Y,DKD,0.8293938648201116,0.9660620147393024,0.13666814991919085,False,
GSE199838,R-HSA-380108,Chemokine receptors bind chemokines,FN-1-Y,DKD,0.3877780220069025,0.29076434812937485,0.09701367387752763,False,
GSE199838,R-HSA-1474244,Extracellular matrix organization,FN-1-Y,DKD,-0.17854788525130239,-0.12918913347455566,0.04935875177674673,False,
GSE199838,R-HSA-1234174,Cellular response to hypoxia,FN-1-Y,DKD,-0.11484440908995681,-0.13563222725037935,0.020787818160422536,False,
GSE199838,R-HSA-170834,Signaling by TGF-beta Receptor Complex,FN-1-Y,DKD,-0.1460195874465635,-0.06308076526348308,0.08293882218308041,False,
GSE199838,R-HSA-166658,Complement cascade,FN-2-L,DKD,1.6096632214902749,2.0026576646861938,0.3929944431959189,False,
GSE199838,R-HSA-9769740,Coagulation pathway,FN-2-L,DKD,-0.36683343329668494,-0.28143221318087197,0.08540122011581297,False,
GSE199838,R-HSA-202733,Cell surface interactions at the vascular wall,FN-2-L,DKD,0.8293938648201116,1.059050021085813,0.22965615626570135,False,
GSE199838,R-HSA-380108,Chemokine receptors bind chemokines,FN-2-L,DKD,0.3877780220069025,0.41159609090097504,0.023818068894072564,False,
GSE199838,R-HSA-1474244,Extracellular matrix organization,FN-2-L,DKD,-0.17854788525130239,-0.06189571235113744,0.11665217290016494,False,
GSE199838,R-HSA-1234174,Cellular response to hypoxia,FN-2-L,DKD,-0.11484440908995681,-0.27106213543023416,0.15621772634027736,False,
GSE199838,R-HSA-170834,Signaling by TGF-beta Receptor Complex,FN-2-L,DKD,-0.1460195874465635,-0.039881375636325385,0.10613821181023811,False,
GSE199838,R-HSA-166658,Complement cascade,FN-3-C,DKD,1.6096632214902749,1.9049439028168034,0.2952806813265285,False,
GSE199838,R-HSA-9769740,Coagulation pathway,FN-3-C,DKD,-0.36683343329668494,-0.5414131315300129,0.17457969823332797,False,
GSE199838,R-HSA-202733,Cell surface interactions at the vascular wall,FN-3-C,DKD,0.8293938648201116,0.9491483021956892,0.11975443737557767,False,
GSE199838,R-HSA-380108,Chemokine receptors bind chemokines,FN-3-C,DKD,0.3877780220069025,0.29963542669050325,0.08814259531639923,False,
GSE199838,R-HSA-1474244,Extracellular matrix organization,FN-3-C,DKD,-0.17854788525130239,-0.4518349861841388,0.2732871009328364,False,
GSE199838,R-HSA-1234174,Cellular response to hypoxia,FN-3-C,DKD,-0.11484440908995681,-0.02399445914604757,0.09084994994390924,False,
GSE199838,R-HSA-170834,Signaling by TGF-beta Receptor Complex,FN-3-C,DKD,-0.1460195874465635,-0.47393833420936954,0.3279187467628061,False,
GSE199838,R-HSA-166658,Complement cascade,N-4-Y,CONTROL,1.6096632214902749,1.618645944156201,0.008982722665926257,False,
GSE199838,R-HSA-9769740,Coagulation pathway,N-4-Y,CONTROL,-0.36683343329668494,-0.3947959287534697,0.027962495456784753,False,
GSE199838,R-HSA-202733,Cell surface interactions at the vascular wall,N-4-Y,CONTROL,0.8293938648201116,0.8307629220126205,0.0013690571925089046,False,
GSE199838,R-HSA-380108,Chemokine receptors bind chemokines,N-4-Y,CONTROL,0.3877780220069025,0.9527092542755254,0.564931232268623,False,
GSE199838,R-HSA-1474244,Extracellular matrix organization,N-4-Y,CONTROL,-0.17854788525130239,0.005034294762606337,0.18358218001390872,True,
GSE199838,R-HSA-1234174,Cellular response to hypoxia,N-4-Y,CONTROL,-0.11484440908995681,0.6146776233563893,0.7295220324463462,True,
GSE199838,R-HSA-170834,Signaling by TGF-beta Receptor Complex,N-4-Y,CONTROL,-0.1460195874465635,0.3566889220108097,0.5027085094573732,True,
GSE199838,R-HSA-166658,Complement cascade,N-1-H,CONTROL,1.6096632214902749,1.271168803592382,0.3384944178978928,False,
GSE199838,R-HSA-9769740,Coagulation pathway,N-1-H,CONTROL,-0.36683343329668494,-0.5874671637333767,0.22063373043669177,False,
GSE199838,R-HSA-202733,Cell surface interactions at the vascular wall,N-1-H,CONTROL,0.8293938648201116,0.3708702858541401,0.45852357896597146,False,
GSE199838,R-HSA-380108,Chemokine receptors bind chemokines,N-1-H,CONTROL,0.3877780220069025,0.165732034298991,0.22204598770791148,False,
GSE199838,R-HSA-1474244,Extracellular matrix organization,N-1-H,CONTROL,-0.17854788525130239,-0.5169313584115276,0.3383834731602252,False,
GSE199838,R-HSA-1234174,Cellular response to hypoxia,N-1-H,CONTROL,-0.11484440908995681,-0.27113671035304754,0.15629230126309074,False,
GSE199838,R-HSA-170834,Signaling by TGF-beta Receptor Complex,N-1-H,CONTROL,-0.1460195874465635,-0.3822832530686222,0.23626366562205872,False,
GSE199838,R-HSA-166658,Complement cascade,N-2-G,CONTROL,1.6096632214902749,1.3730832058826987,0.23658001560757613,False,
GSE199838,R-HSA-9769740,Coagulation pathway,N-2-G,CONTROL,-0.36683343329668494,-0.3383256434865701,0.028507789810114814,False,
GSE199838,R-HSA-202733,Cell surface interactions at the vascular wall,N-2-G,CONTROL,0.8293938648201116,0.7314490401015197,0.0979448247185919,False,
GSE199838,R-HSA-380108,Chemokine receptors bind chemokines,N-2-G,CONTROL,0.3877780220069025,0.4015538952691559,0.013775873262253435,False,
GSE199838,R-HSA-1474244,Extracellular matrix organization,N-2-G,CONTROL,-0.17854788525130239,-0.09186587695997836,0.08668200829132403,False,
GSE199838,R-HSA-1234174,Cellular response to hypoxia,N-2-G,CONTROL,-0.11484440908995681,-0.1722101498259222,0.057365740735965384,False,
GSE199838,R-HSA-170834,Signaling by TGF-beta Receptor Complex,N-2-G,CONTROL,-0.1460195874465635,-0.10554117829816714,0.040478409148396344,False,
