cohort,compartment,adjustment,gene_symbol,standardized_disease_beta_unadjusted,standard_error_unadjusted,t_statistic_unadjusted,degrees_freedom_unadjusted,p_value_unadjusted,standardized_disease_beta_adjusted,standard_error_adjusted,t_statistic_adjusted,degrees_freedom_adjusted,p_value_adjusted,direction_changed,adjusted_p_for_family,adjusted_fdr_bh_canonical_union
GSE96804,glomerular,sex,A2M,0.5683119405175217,0.2649092000632704,2.1453084316504945,59,0.036054967769362234,0.567760905314924,0.2670179468298792,2.126302415457685,58,0.037745202154895456,False,0.037745202154895456,0.06801898897321777
GSE96804,glomerular,sex,ACAN,0.6062335702410737,0.2634804689143142,2.300867205600068,59,0.02495046554332304,0.6081102561125318,0.2637277807254431,2.305825554061034,58,0.02471519511347778,False,0.02471519511347778,0.04695217283075319
GSE96804,glomerular,sex,ACTA1,-0.8778912372293874,0.250176941103766,-3.5090813460112784,59,0.0008676660486071407,-0.8796798359106589,0.25039731206194354,-3.513136098254293,58,0.0008654587436136132,False,0.0008654587436136132,0.002922957196916473
GSE96804,glomerular,sex,ACTA2,0.8852139589106635,0.24973921588485162,3.5445532884143156,59,0.0007769313107535567,0.8868040395256094,0.2503599028246326,3.5421168866117556,58,0.0007909849731822056,False,0.0007909849731822056,0.0027047827619547616
GSE96804,glomerular,sex,ACTC1,-0.2658921320843916,0.2728604289724258,-0.9744620467164244,59,0.3338056631192853,-0.26697403507383816,0.27456325885630806,-0.9723589244457442,58,0.33490987751898893,False,0.33490987751898893,0.4240753963176956
GSE96804,glomerular,sex,ACTG1,-0.8513238588690454,0.25172834165218727,-3.381915017123175,59,0.0012828235361630348,-0.8522942036620287,0.25333208865476275,-3.364335754652553,58,0.001365084147736495,False,0.001365084147736495,0.004349654488924014
GSE96804,glomerular,sex,ACTG2,-0.21854001102794945,0.2735719438027921,-0.7988392668858136,59,0.42758773894727564,-0.2185114613765458,0.2759276205877161,-0.7919158687742971,58,0.4316367272052927,False,0.4316367272052927,0.5207871700015666
GSE96804,glomerular,sex,ACTN1,1.0195790173996115,0.2408978003088455,4.232413148199982,59,8.188437444543929e-05,1.0183353570792724,0.2420031104624776,4.207943257973804,58,9.060856033192734e-05,False,9.060856033192734e-05,0.0004469134137830533
GSE96804,glomerular,sex,ADAM10,1.252937863231867,0.22145747363221788,5.657690583577525,59,4.746552266794324e-07,1.2539072369326347,0.22272446362254178,5.629858599896198,58,5.50734671648232e-07,False,5.50734671648232e-07,8.47276465319697e-06
GSE96804,glomerular,sex,ADAM12,0.9384874608231821,0.24642033539325042,3.8084821990258835,59,0.00033543891715166876,0.9366493772002212,0.24646799064359715,3.8002881216111133,58,0.00034895655000564827,False,0.00034895655000564827,0.001351483654994251
GSE96804,glomerular,sex,ADAM15,1.429700716518559,0.20250007304173867,7.060247905312476,59,2.1391158219535065e-09,1.428190474376575,0.20253976523703676,7.051407770247645,58,2.4026693583605433e-09,False,2.4026693583605433e-09,1.2955932463159545e-07
GSE96804,glomerular,sex,ADAM17,1.0515404587575232,0.2385577177697204,4.407907941895112,59,4.4787995383668275e-05,1.0493257900007236,0.23749398840804217,4.418325689144857,58,4.411303659224156e-05,False,4.411303659224156e-05,0.00025769365542634447
GSE96804,glomerular,sex,ADAM19,1.04882915809117,0.23875993301847132,4.392818949274997,59,4.719236412454136e-05,1.0489904765273164,0.24079981744998064,4.356276045538176,58,5.463137295827855e-05,False,5.463137295827855e-05,0.0003133598233776553
GSE96804,glomerular,sex,ADAM8,0.23136666739210462,0.27339312042248354,0.8462783080809274,59,0.40081694770210385,0.23073998530008322,0.2755311613595705,0.8374369859348343,58,0.4057845615259351,False,0.4057845615259351,0.4972989119400009
GSE96804,glomerular,sex,ADAM9,0.8363804771248691,0.25257596043636293,3.311401748922962,59,0.0015879490319609401,0.8298690231571252,0.2280578000305394,3.6388539354759923,58,0.0005841306590281031,False,0.0005841306590281031,0.0020484090205552664
GSE96804,glomerular,sex,ADAMTS1,1.2386889118474906,0.22281193764280838,5.559347155955543,59,6.873429534729809e-07,1.239342900225654,0.2244414599612831,5.521898228782885,58,8.244337160167667e-07,False,8.244337160167667e-07,1.1794449692403131e-05
GSE96804,glomerular,sex,ADAMTS13,0.33893134334666025,0.27148493664376167,1.248435171161635,59,0.21680315806645725,0.33974902268495766,0.27345173687368957,1.2424460219899482,58,0.21907205504355823,False,0.21907205504355823,0.2999404503623717
GSE96804,glomerular,sex,ADAMTS14,0.6623278191201398,0.2611816853886828,2.5358892149519723,59,0.01388454943297176,0.6628738443780323,0.2632590347809788,2.517952878348572,58,0.014586679256934732,False,0.014586679256934732,0.030342024211012605
GSE96804,glomerular,sex,ADAMTS16,1.0509260858794276,0.23860359993322192,4.404485456940091,59,4.532268443630773e-05,1.0514275500794035,0.24049970180930483,4.371845545626054,58,5.1783307398866516e-05,False,5.1783307398866516e-05,0.00030000081393888783
GSE96804,glomerular,sex,ADAMTS18,0.4685876558631506,0.2681967480091719,1.7471787385249191,59,0.08580977790918963,0.4711802158872576,0.26670347944213674,1.766681922833645,58,0.08254315589135705,False,0.08254315589135705,0.13210674036493447
GSE96804,glomerular,sex,ADAMTS2,0.9779352279111772,0.24380658227779087,4.0111108517854825,59,0.00017247630664544416,0.9760447863610157,0.24368757234260618,4.005312117389273,58,0.0001785526145406348,False,0.0001785526145406348,0.0007822836424561562
GSE96804,glomerular,sex,ADAMTS3,0.8324978360702487,0.25279327613499264,3.293196119764244,59,0.0016772035433560261,0.8322118595957148,0.2549216929644248,3.2645784276658354,58,0.0018416255496943145,False,0.0018416255496943145,0.005687134406765262
GSE96804,glomerular,sex,ADAMTS4,-0.08100957951445786,0.2748451669568638,-0.29474623989721493,59,0.7692223754938597,-0.0829440889581765,0.2751528626734114,-0.30144730515352025,58,0.7641515802667216,False,0.7641515802667216,0.8253779010276916
GSE96804,glomerular,sex,ADAMTS5,1.1497623639362344,0.2307490066681561,4.982740253307901,59,5.801471876957157e-06,1.1505830699513446,0.23229605460622924,4.953089159872846,58,6.656724529583122e-06,False,6.656724529583122e-06,5.622125174985263e-05
GSE96804,glomerular,sex,ADAMTS8,0.5852959135957666,0.2642816720167585,2.214667060070106,59,0.030657722823405724,0.591297212942762,0.24516434184533437,2.411840190511028,58,0.0190576411639944,False,0.0190576411639944,0.0377384363162714
GSE96804,glomerular,sex,ADAMTS9,-0.36063076273407224,0.2710106660955661,-1.330688448280126,59,0.1884116710107764,-0.36280409281280984,0.2707057505126196,-1.3402156848378324,58,0.18540193761685086,False,0.18540193761685086,0.2609774262438001
GSE96804,glomerular,sex,ADRM1,-1.0822677843006565,0.23621704602777854,-4.581666744631903,59,2.4396458489513172e-05,-1.0847608462648208,0.23425307050904035,-4.6307219961198225,58,2.102031905235941e-05,False,2.102031905235941e-05,0.0001390117326009806
GSE96804,glomerular,sex,AJUBA,-0.7634509179548161,0.2564608315824019,-2.976871412465635,59,0.004218397175737459,-0.762001985571632,0.2574331162711671,-2.9599998500930136,58,0.00444973941861865,False,0.00444973941861865,0.011552841972043235
GSE96804,glomerular,sex,ANGPT1,0.11707828221935827,0.27462477667855123,0.4263209009593428,59,0.6714254730160433,0.11301773265019585,0.26779029273210814,0.4220381982376652,58,0.6745574472993051,False,0.6745574472993051,0.7475241114671151
GSE96804,glomerular,sex,ANGPT2,1.3585343615286252,0.21064062989102378,6.449536170830249,59,2.2950283327996755e-08,1.3606024657911433,0.20937275094842145,6.498469641478441,58,2.0279707622917412e-08,False,2.0279707622917412e-08,7.108037521832554e-07
GSE96804,glomerular,sex,ANGPT4,0.24055633943952817,0.2732586556912698,0.8803246829674483,59,0.3822553104399461,0.24055815090603608,0.2756120814398229,0.8728142454762438,58,0.3863635324796387,False,0.3863635324796387,0.48021424870252966
GSE96804,glomerular,sex,ANO5,-0.7588651575957044,0.2566914096247585,-2.9563325033161143,59,0.004470312563434378,-0.7586404897785589,0.2588725202486409,-2.93055627939923,58,0.004832948968532623,False,0.004832948968532623,0.012409879952166187
GSE96804,glomerular,sex,ANO6,0.07694391475261268,0.2748649674063052,0.2799335087285759,59,0.7805076378254646,0.0760769121608553,0.2768198331642691,0.27482464421438363,58,0.7844275659695464,False,0.7844275659695464,0.8395171354880183
GSE96804,glomerular,sex,APOB,-0.7135178574306417,0.2588863667114389,-2.7561044117319096,59,0.007770010416061736,-0.7146917027060075,0.2603127630359914,-2.7455115698925323,58,0.008031213505176245,False,0.008031213505176245,0.01851934429976496
GSE96804,glomerular,sex,APP,-0.18774608595975803,0.2739592336787533,-0.6853066547116661,59,0.49583426458383967,-0.18832369803456112,0.27613512528884776,-0.6819983435195628,58,0.4979545725453203,False,0.4979545725453203,0.5837226678165042
GSE96804,glomerular,sex,ARHGEF18,-1.218708704334618,0.22467165224869587,-5.4243990825580095,59,1.1392471588621065e-06,-1.2183877858580605,0.22653754249977653,-5.378304065690402,58,1.405517419410498e-06,False,1.405517419410498e-06,1.759406626797784e-05
GSE96804,glomerular,sex,ARNT,-0.8749197592371588,0.2503533113267123,-3.4947401118868537,59,0.0009071376558878256,-0.8731451396414505,0.25060678431327366,-3.4841241111412455,58,0.0009466625861476635,False,0.0009466625861476635,0.00313023807966751
GSE96804,glomerular,sex,ASPN,1.324541532887637,0.21427862274649737,6.1813983864113125,59,6.45287681921117e-08,1.3231123461671435,0.21468290319710456,6.163100677618321,58,7.326211170589343e-08,False,7.326211170589343e-08,1.7118913435277097e-06
GSE96804,glomerular,sex,ATP1B1,-0.3300865404945431,0.27166958713683126,-1.2150294185424926,59,0.2291949896357866,-0.329381634780982,0.27373358266581366,-1.2032927475438993,58,0.2337516725679654,False,0.2337516725679654,0.3151152355195072
GSE96804,glomerular,sex,ATP1B2,-0.7437794723378673,0.25743871183337236,-2.8891516238602057,59,0.005395230843726417,-0.7411356744168074,0.2555319232010398,-2.900364326823145,58,0.005257533049763505,False,0.005257533049763505,0.013257304560734593
GSE96804,glomerular,sex,ATP1B3,0.7923317712260823,0.25497174979613535,3.1075276843791415,59,0.0029008421340870573,0.790239999688518,0.2545686806667385,3.104231037450513,58,0.002948396906059905,False,0.002948396906059905,0.00830050695240158
GSE96804,glomerular,sex,ATP1B4,0.051323344797257,0.27496627061024753,0.18665323817118487,59,0.8525728584213084,0.052183994360804786,0.27692818477703446,0.1884387261008486,58,0.8511905307273933,False,0.8511905307273933,0.8945795532832124
GSE96804,glomerular,sex,BAMBI,0.0364716463908333,0.27500645456696016,0.13262105592490003,59,0.8949443549123116,0.03463894175431383,0.2755283892008287,0.12571823126750833,58,0.9003897419085543,False,0.9003897419085543,0.9252631307647374
GSE96804,glomerular,sex,BCAN,0.3987359271069343,0.27010432054289857,1.4762293557744337,59,0.14519991358971204,0.39580141777899314,0.26758338853479274,1.4791703623542714,58,0.14450586395493709,False,0.14450586395493709,0.21192177956571318
GSE96804,glomerular,sex,BGN,-0.07983923293321797,0.2748509713611217,-0.2904819020207087,59,0.7724661973820385,-0.08328062680549603,0.2706472982919579,-0.3077090639037451,58,0.7594060074257365,False,0.7594060074257365,0.822787652558642
GSE96804,glomerular,sex,BMP1,-0.11155686555497,0.27466372968592195,-0.4061579797322905,59,0.6860959342685785,-0.11248200559115461,0.2765593078326744,-0.4067192909638361,58,0.6857111565964974,False,0.6857111565964974,0.7557916993304161
GSE96804,glomerular,sex,BMP10,-0.31744384960787153,0.2719248412017267,-1.1673955502004933,59,0.24774702178524807,-0.3195671213537709,0.27175706946305767,-1.1759293768702215,58,0.24442739014550754,False,0.24442739014550754,0.3276168269445522
GSE96804,glomerular,sex,BMP2,0.4866442665061412,0.2676511767341406,1.8182033512579237,59,0.07411046626655728,0.4849707530517551,0.26837494142322,1.8070642157569003,58,0.07593982109722354,False,0.07593982109722354,0.1229418350788769
GSE96804,glomerular,sex,BMP4,-0.23180140560462567,0.2733868787381802,-0.8478878235652981,59,0.39992714028691045,-0.23180398509665517,0.27574140694387733,-0.8406571492682458,58,0.40399240939021086,False,0.40399240939021086,0.49596966546854254
GSE96804,glomerular,sex,BMP7,-1.1651765576675486,0.22943475951720504,-5.078465704670932,59,4.092008586361363e-06,-1.1645281031034576,0.23113442501367762,-5.038315270581374,58,4.88980660441758e-06,False,4.88980660441758e-06,4.2846930371209045e-05
GSE96804,glomerular,sex,BSG,-1.4170775671985818,0.20399841319958176,-6.94651269572467,59,3.332158246164667e-09,-1.4179447839096904,0.20519906971805935,-6.91009362692495,58,4.149183640714381e-09,False,4.149183640714381e-09,1.9390518214271874e-07
GSE96804,glomerular,sex,C1QA,0.9383563093722709,0.24642880055403732,3.807819164247835,59,0.00033616038984342594,0.9401445664688812,0.2465879914783171,3.8126129372019717,58,0.00033534333601436216,False,0.00033534333601436216,0.0013059759919225992
GSE96804,glomerular,sex,C1QB,0.6320186747420665,0.26245151380855164,2.408134994424532,59,0.01917808150881536,0.6340562931840358,0.26231725181288484,2.4171353153559205,58,0.018808245212613414,False,0.018808245212613414,0.03735008468567139
GSE96804,glomerular,sex,C1QC,0.9047803434517965,0.24854789001588604,3.6402656381189438,59,0.0005750102574219312,0.9052674025358434,0.25054463466554905,3.613198118348377,58,0.0006332972517846523,False,0.0006332972517846523,0.002197729571787333
GSE96804,glomerular,sex,C1R,-0.18552187401117445,0.2739849144804813,-0.6771244116230022,59,0.5009734756856198,-0.18462397307309703,0.2759008360060573,-0.6691678638807882,58,0.5060434196499705,False,0.5060434196499705,0.5922144193232542
GSE96804,glomerular,sex,C1S,0.8269232726744747,0.2531031991325143,3.267138762009611,59,0.0018132166133066603,0.8271742373071622,0.2552455389206992,3.2407000757186686,58,0.001976991814527191,False,0.001976991814527191,0.0059994426925695276
GSE96804,glomerular,sex,C2,0.37173640728724694,0.2707562127444549,1.3729561494424476,59,0.17496193503781915,0.3741770365516496,0.26975262970587394,1.3871117288444428,58,0.1707152971253495,False,0.1707152971253495,0.24422739445891836
GSE96804,glomerular,sex,C3,0.91782132041304,0.24773614510650352,3.7048341089608146,59,0.00046824677206657134,0.9177938743333138,0.24986930303446397,3.673095747206388,58,0.0005241638017459689,False,0.0005241638017459689,0.0018816083133747197
GSE96804,glomerular,sex,C3AR1,0.5395638060057231,0.2659261249968622,2.0289988658018827,59,0.04697831141865007,0.5397897596556881,0.2681874699603643,2.0127329577905493,58,0.04879311176319327,False,0.04879311176319327,0.0848733780297729
GSE96804,glomerular,sex,C4B,0.3002183824151334,0.2722562214509565,1.10270531492414,59,0.27463287374109957,0.2999926935431686,0.27457282301370944,1.09257970344789,58,0.27909586158962885,False,0.27909586158962885,0.3663786497646626
GSE96804,glomerular,sex,C4BPA,-0.046566326007052176,0.27498062216560926,-0.16934402737298063,59,0.8661053304794794,-0.04398137880336057,0.27366278203668915,-0.16071377509223786,58,0.8728773066144745,False,0.8728773066144745,0.9115588177232942
GSE96804,glomerular,sex,C4BPB,0.8843747438396484,0.24978960457277918,3.5404785773700014,59,0.0007868756561898414,0.8842186269649313,0.25192620294207035,3.5098319136269227,58,0.0008743613463247547,False,0.0008743613463247547,0.0029326665252327896
GSE96804,glomerular,sex,C5,-0.3993602686538758,0.2700886863125105,-1.4786264249209964,59,0.14455949790984132,-0.39295781551991427,0.24849518342747154,-1.5813498277909566,58,0.11923655403130805,False,0.11923655403130805,0.1805287783497774
GSE96804,glomerular,sex,C5AR1,-1.0044143693307415,0.24197514961455785,-4.150898846144626,59,0.00010796892443265611,-1.0031734691992404,0.24309835918853276,-4.126615549968555,58,0.00011918063044055456,False,0.00011918063044055456,0.0005644974455326267
GSE96804,glomerular,sex,C5AR2,-0.4686615299620594,0.2681945601794151,-1.7474684410024466,59,0.085759113887208,-0.4653083683176174,0.264111569402415,-1.7617871468880937,58,0.08337508495345633,False,0.08337508495345633,0.132593190312907
GSE96804,glomerular,sex,C6,0.16964649251940989,0.27415926033820176,0.6187881172065268,59,0.5384378270949659,0.16915351110126836,0.2763868361132232,0.6120172490124451,58,0.542918205647662,False,0.542918205647662,0.6280291454769159
GSE96804,glomerular,sex,C7,0.9526422515562513,0.24549801941609087,3.8804478089969123,59,0.000265372269569244,0.9528057314387784,0.24759595519914707,3.8482281775258205,58,0.00029880998944747245,False,0.00029880998944747245,0.0011969474434438754
GSE96804,glomerular,sex,C8A,0.055394327757868525,0.27495288048085975,0.20146843946857534,59,0.8410253053589295,0.05468786783523612,0.2770472459066598,0.19739545742916734,58,0.8442082379819046,False,0.8442082379819046,0.8912499620863179
GSE96804,glomerular,sex,C8B,-0.23286862588318794,0.2733715059986312,-0.8518394228122441,59,0.39774770343078836,-0.23411381751851876,0.274869925135534,-0.8517258386965433,58,0.39786939506086344,False,0.39786939506086344,0.4893095542766058
GSE96804,glomerular,sex,C8G,0.8014130120227061,0.25449024550275295,3.149091276325704,59,0.002570073552724869,0.8013438990323507,0.25667920272605765,3.12196660470225,58,0.0028007098987672223,False,0.0028007098987672223,0.007948573437391995
GSE96804,glomerular,sex,C9,-0.09050969252103573,0.2747949198240756,-0.3293717823421927,59,0.7430411439492204,-0.08928702324818696,0.27634061655243963,-0.3231049577948794,58,0.7477777824523902,False,0.7477777824523902,0.8127011248048459
GSE96804,glomerular,sex,CA9,-0.46207893258410954,0.26838808525829677,-1.7216819894944466,59,0.09036682966750545,-0.46411992387100726,0.26835059541501505,-1.7295282060143262,58,0.08903378121842247,False,0.08903378121842247,0.1405691005272841
GSE96804,glomerular,sex,CAPN1,-0.6450644306285213,0.26191299223164344,-2.4628958843630313,59,0.01671967185864885,-0.6489444114482089,0.25536078766372,-2.541284499414969,58,0.013740901470655402,False,0.013740901470655402,0.029275584007560616
GSE96804,glomerular,sex,CAPN10,0.7141541052873567,0.2588566303026706,2.7588789379369003,59,0.00771194903261672,0.7168699112337735,0.25675665862083646,2.792020721427155,58,0.007081946898506219,False,0.007081946898506219,0.01682862635882325
GSE96804,glomerular,sex,CAPN11,0.14350339625433736,0.27441220415026546,0.5229483021671889,59,0.6029686812842817,0.1433819209732657,0.2767674635367148,0.5180591646902356,58,0.6063876339697758,False,0.6063876339697758,0.6845052035633057
GSE96804,glomerular,sex,CAPN12,-0.4231227166592002,0.26947474963604945,-1.5701757483054222,59,0.12172223558603995,-0.4225886416527984,0.27163604321512375,-1.5557163793544397,58,0.1252157843211386,False,0.1252157843211386,0.18836108328136944
GSE96804,glomerular,sex,CAPN13,-0.2703504199017958,0.27278616709688785,-0.9910708551646356,59,0.3256982317133823,-0.26925830621376373,0.274475889481077,-0.9809907410185369,58,0.3306717149566006,False,0.3306717149566006,0.42069123808453174
GSE96804,glomerular,sex,CAPN14,0.38661401816932983,0.27040284558418043,1.4297705238052725,59,0.15805710480506438,0.3850119893563114,0.27129769919956187,1.4191494822560338,58,0.16120746426617785,False,0.16120746426617785,0.23204606252688026
GSE96804,glomerular,sex,CAPN2,-0.3611435559819774,0.27099909206549494,-1.332637512655195,59,0.18777473428348884,-0.3614060263112147,0.2732947509230686,-1.322403833555329,58,0.1912248498349986,False,0.1912248498349986,0.26702912297676096
GSE96804,glomerular,sex,CAPN3,-0.5852773493083334,0.26428236884743056,-2.214590976540748,59,0.030663230786581976,-0.5864438820814498,0.2657814740228552,-2.2064889369641323,58,0.031323229596671276,False,0.031323229596671276,0.058088846421340115
GSE96804,glomerular,sex,CAPN5,-0.7014119056284004,0.25944647639748186,-2.7034936660839852,59,0.008949789879589089,-0.6999521712567893,0.2604404365209148,-2.6875710262472214,58,0.009376928619294065,False,0.009376928619294065,0.021068035135016473
GSE96804,glomerular,sex,CAPN6,0.9688510794209335,0.24442052606152045,3.963869544970517,59,0.0002017115962979648,0.9685722973314914,0.24647766794291925,3.929655393996178,58,0.00022909242478943607,False,0.00022909242478943607,0.0009674324685385223
GSE96804,glomerular,sex,CAPN7,0.30203022176173866,0.2722222540152948,1.10949864423931,59,0.27171697989228044,0.3018725419371271,0.2745529927257548,1.099505559710512,58,0.2760905191998824,False,0.2760905191998824,0.364481080902293
GSE96804,glomerular,sex,CAPN8,0.4930799472709973,0.2674514624029011,1.843624046176271,59,0.07026179250653991,0.49176658192756717,0.2687812757875136,1.82961622042577,58,0.0724485302449921,False,0.0724485302449921,0.11838326270801737
GSE96804,glomerular,sex,CAPN9,-0.19193885984416503,0.2739099848499058,-0.7007369955839382,59,0.4862216029823893,-0.1925978506859498,0.27603001595761406,-0.6977424176779539,58,0.48812611793588034,False,0.48812611793588034,0.5760545600556433
GSE96804,glomerular,sex,CAPNS1,-0.8192595849998511,0.2535252592146747,-3.2314712448676994,59,0.002016307641654547,-0.8206064272000929,0.2546282937670797,-3.2227621489336125,58,0.0020847866786656752,False,0.0020847866786656752,0.006245450691216403
GSE96804,glomerular,sex,CAPNS2,0.10343672918862044,0.27471758926371304,0.3765202274300942,59,0.7078808818905581,0.10110974512520991,0.2740973953989505,0.36888254621334154,58,0.7135584566439312,False,0.7135584566439312,0.781569497042806
GSE96804,glomerular,sex,CASK,0.5421807901665061,0.2658358938448383,2.0395319169463373,59,0.04588322839063283,0.5406187843607497,0.2667388095628626,2.0267721268109713,58,0.04729137446075801,False,0.04729137446075801,0.08287813374247842
GSE96804,glomerular,sex,CASP3,1.466178524588373,0.19802992275959944,7.403823140244599,59,5.59794203086741e-10,1.4650339800712329,0.1987361545303378,7.371753687865537,58,6.954110771433895e-10,False,6.954110771433895e-10,5.4164796119724e-08
GSE96804,glomerular,sex,CAST,-0.35730334985305345,0.2710853561972289,-1.3180474034646725,59,0.1925823793984388,-0.3564860850274963,0.2730485441621482,-1.3055776807797197,58,0.1968513570217212,False,0.1968513570217212,0.27391120428907184
GSE96804,glomerular,sex,CAV1,1.0139987461269364,0.24129667993105827,4.202290501537981,59,9.072033754507453e-05,1.0161864357435344,0.24036750268957133,4.227636533112856,58,8.475964354539881e-05,False,8.475964354539881e-05,0.0004213936888320891
GSE96804,glomerular,sex,CBL,-0.7781560774534497,0.25571063337589567,-3.0431119237406024,59,0.003493087336512365,-0.7787496744314293,0.25770520883696085,-3.021862375021341,58,0.0037348405199275347,False,0.0037348405199275347,0.009879710205544158
GSE96804,glomerular,sex,CCL1,0.3392872423827946,0.27147740179082175,1.2497807925987945,59,0.21631456315350747,0.337085917079793,0.2711124407257041,1.2433435963967328,58,0.21874367719249355,False,0.21874367719249355,0.2999404503623717
GSE96804,glomerular,sex,CCL11,0.9336537582146843,0.2467313537308612,3.7840904453234994,59,0.000362982929770561,0.9328682006736952,0.2484791515542805,3.75431175951158,58,0.00040456826069534016,False,0.00040456826069534016,0.0015497396215706746
GSE96804,glomerular,sex,CCL13,0.7166648334410917,0.25873899389202537,2.769836979965083,59,0.007486510541988824,0.7161407778658996,0.2608073803869039,2.7458608602391363,58,0.008023668202021871,False,0.008023668202021871,0.01851934429976496
GSE96804,glomerular,sex,CCL16,0.2352508009155445,0.27333693415477983,0.8606623237470401,59,0.39290814866130136,0.23578859672814234,0.27553154636275057,0.8557589860063257,58,0.3956526631760344,False,0.3956526631760344,0.48864921862552235
GSE96804,glomerular,sex,CCL17,0.6135827493550873,0.2631919723364984,2.3313125545128877,59,0.0231725936453762,0.6132904345231279,0.26540977511931085,2.310730395093522,58,0.024423643434371867,False,0.024423643434371867,0.046778617616105675
GSE96804,glomerular,sex,CCL19,0.9061817731584307,0.248461340584637,3.6471741278790404,59,0.00056256217804216,0.9066169337848952,0.25048633154193206,3.6194267695326325,58,0.0006210099409049658,False,0.0006210099409049658,0.002165810788927269
GSE96804,glomerular,sex,CCL2,0.9555651469650481,0.2453054092299875,3.895410011399922,59,0.00025268592954316146,0.9544071754651561,0.2465930349270893,3.870373612731388,58,0.00027805525248020247,False,0.00027805525248020247,0.001139863929758023
GSE96804,glomerular,sex,CCL20,0.042780073663022944,0.2749910476029321,0.1555689686480063,59,0.8769038241344329,0.040748908775060606,0.27508941212630755,0.14812968794433537,58,0.8827542091431847,False,0.8827542091431847,0.9181167664827484
GSE96804,glomerular,sex,CCL21,1.1326117032939185,0.23218218167330604,4.878116378833798,59,8.474165137380149e-06,1.1325502106803154,0.23417938591179616,4.836250664295837,58,1.0130931399288548e-05,False,1.0130931399288548e-05,7.475560958843444e-05
GSE96804,glomerular,sex,CCL22,0.47633857013345265,0.26796522038268,1.777613413610899,59,0.08062120639483095,0.4757116988408184,0.27005199042312217,1.761555980740838,58,0.08341454625961768,False,0.08341454625961768,0.132593190312907
GSE96804,glomerular,sex,CCL25,0.14747123504249696,0.2743765465646968,0.5374775537081989,59,0.5929592935707171,0.14559476183892558,0.27479901486435804,0.5298227212014999,58,0.5982572634202818,False,0.5982572634202818,0.677936585834246
GSE96804,glomerular,sex,CCL27,-0.054998646038112525,0.2749542267939697,-0.2000283708288814,59,0.8421462567333154,-0.051872579977125695,0.27191394880068487,-0.1907683669996228,58,0.8493732642581038,False,0.8493732642581038,0.8940299016613245
GSE96804,glomerular,sex,CCL28,0.20216804442191608,0.27378522808577965,0.7384183793823047,59,0.46318752513193856,0.20692923640207586,0.2633713783868847,0.785693713832879,58,0.4352450003805125,False,0.4352450003805125,0.5242383939291053
GSE96804,glomerular,sex,CCL5,-0.36421819544864287,0.27092934034886745,-1.3443290969507038,59,0.18398820065852903,-0.36462735559224385,0.2731695800008523,-1.3348021971959916,58,0.1871572665230078,False,0.1871572665230078,0.2623944876652569
GSE96804,glomerular,sex,CCL7,0.3675783224184917,0.2708524149707686,1.3571166513621895,59,0.17991342159016555,0.3657645088517353,0.2713486448358727,1.347950379752111,58,0.1829156693587358,False,0.1829156693587358,0.2585158956057939
GSE96804,glomerular,sex,CCNC,0.9865120755870166,0.24322022380743324,4.056044600830875,59,0.00014848908538105373,0.9878716043522575,0.24416715181376855,4.045882490801744,58,0.00015607028129039312,False,0.00015607028129039312,0.0007058404334488102
GSE96804,glomerular,sex,CCNK,0.502147852043808,0.2671653512255916,1.8795395800400765,59,0.0651119563352705,0.5002258348714725,0.2673746302020854,1.8708799503281033,58,0.06640930671777742,False,0.06640930671777742,0.11003894873861482
GSE96804,glomerular,sex,CCNT1,-1.0156719967883057,0.24117737438806022,-4.21130713179614,59,8.798291406618277e-05,-1.0148068614440453,0.24278642392751376,-4.179833637431991,58,9.963919604098416e-05,False,9.963919604098416e-05,0.0004834808662250386
GSE96804,glomerular,sex,CCNT2,1.4784034751836235,0.19648339726777647,7.524317554265353,59,3.497477452129849e-10,1.4781844328048892,0.19813880205513715,7.4603480866586995,58,4.93500110701447e-10,False,4.93500110701447e-10,4.6272388796881434e-08
GSE96804,glomerular,sex,CCR1,-0.1065616373108173,0.2746973450600687,-0.38792379768910845,59,0.6994685366530331,-0.10679110008872822,0.2770342789093433,-0.385479733804619,58,0.7012922110320479,False,0.7012922110320479,0.7705420688612313
GSE96804,glomerular,sex,CCR10,0.7360124855288064,0.2578167873750808,2.85478883288554,59,0.005934061317673136,0.7350373377387259,0.2594808514855565,2.8327228523051167,58,0.006337168871280642,False,0.006337168871280642,0.015532711114572483
GSE96804,glomerular,sex,CCR2,0.6911248793649256,0.2599139699674164,2.6590524528233983,59,0.010071841900434845,0.6914757197518225,0.26208109654896605,2.6384036424490094,58,0.010677482541087292,False,0.010677482541087292,0.023611720067199343
GSE96804,glomerular,sex,CCR3,-0.3708926797475755,0.2707758236665622,-1.3697407498399814,59,0.17595855230433038,-0.37003026784488585,0.27269365940170676,-1.3569448906759944,58,0.18005642140606493,False,0.18005642140606493,0.2555051647887682
GSE96804,glomerular,sex,CCR4,0.21960361530837844,0.2735575075502696,0.8027694698454714,59,0.4253300463044321,0.21725133135350097,0.27284858497954684,0.7962340408317913,58,0.4291430762209758,False,0.4291430762209758,0.518671200742938
GSE96804,glomerular,sex,CCR5,0.6101628456652141,0.263326694557111,2.317132513630821,59,0.023986115550978647,0.6113526604475107,0.2647832533028858,2.3088796320067257,58,0.024533294641986128,False,0.024533294641986128,0.04681998602243303
GSE96804,glomerular,sex,CCR6,0.20987887487959728,0.273686864618748,0.7668576830384728,59,0.44622390377649435,0.21043404761550114,0.27587423164203057,0.7627897914313235,58,0.44868009674533704,False,0.44868009674533704,0.5358172875953684
GSE96804,glomerular,sex,CCR7,0.4581220479484405,0.26850303231346045,1.7062080975443576,59,0.0932286026637049,0.4603841324503917,0.26792841718176613,1.7183102012582008,58,0.09107452047794376,False,0.09107452047794376,0.14314627545972775
GSE96804,glomerular,sex,CCR8,0.40485368161524765,0.2699500308634953,1.4997356374445783,59,0.13901527903858368,0.40221030235418537,0.26834625105580895,1.4988482260202556,58,0.13933652542525135,False,0.13933652542525135,0.20563137752231833
GSE96804,glomerular,sex,CCR9,0.04987623533454124,0.2749707841274185,0.18138739900246686,59,0.856685218823355,0.052288820591131296,0.27413070859698335,0.19074411932449478,58,0.8493921747595464,False,0.8493921747595464,0.8940299016613245
GSE96804,glomerular,sex,CD151,-0.6546213725884816,0.26151078315573134,-2.5032289861586716,59,0.015094489866499097,-0.6555532279249752,0.26326220320523985,-2.4901152537035642,58,0.015657231502587667,False,0.015657231502587667,0.032376753048123756
GSE96804,glomerular,sex,CD177,-1.0566681869812848,0.23817337997406762,-4.436550327733247,59,4.0547330653783626e-05,-1.0550545835317504,0.23857165887029275,-4.4223802128372895,58,4.3498984276837e-05,False,4.3498984276837e-05,0.0002562419157820398
GSE96804,glomerular,sex,CD19,0.7402539275559396,0.2576108863397501,2.873535113650654,59,0.005634234353147953,0.7394554512479312,0.25945634801296374,2.8500187292044377,58,0.006043144190956779,False,0.006043144190956779,0.014916352386833458
GSE96804,glomerular,sex,CD2,0.5255374975250385,0.26640179202460906,1.9727250839081878,59,0.05321849103337045,0.5264050056151485,0.2682701506984682,1.9622198155277444,58,0.05454080867662122,False,0.05454080867662122,0.09279880311240649
GSE96804,glomerular,sex,CD244,0.25159605772167676,0.273090103026339,0.9212932103123884,59,0.3606493102399583,0.2521616189323158,0.27526553106660484,0.9160668172118555,58,0.363425094314345,False,0.363425094314345,0.4549303412756354
GSE96804,glomerular,sex,CD44,0.8575339768420228,0.2513708217870477,3.411430056780793,59,0.0011723532022613326,0.8571602878896746,0.25345201788851746,3.3819430400696286,58,0.0012941469289698992,False,0.0012941469289698992,0.004142452042045203
GSE96804,glomerular,sex,CD46,0.07872337789015804,0.2748564267407192,0.2864163622574498,59,0.7755625990451737,0.08001583568355718,0.2763063053895215,0.28959105935260954,58,0.773161828917106,False,0.773161828917106,0.8312675491884837
GSE96804,glomerular,sex,CD47,0.03824817849187926,0.27500236396482847,0.13908308983398784,59,0.8898581542913322,0.03955799092810928,0.27642915891125314,0.1431035390185059,58,0.8867044186466361,False,0.8867044186466361,0.9194967418214376
GSE96804,glomerular,sex,CD48,0.5795666591198808,0.2644955903571084,2.191214826445233,59,0.032397327020777036,0.5814116015943477,0.264827270821787,2.195437047665696,58,0.03214700152067393,False,0.03214700152067393,0.059437378189996885
GSE96804,glomerular,sex,CD55,0.015319533551954971,0.27504021111368276,0.05569925026571088,59,0.9557695911342218,0.015928255990465993,0.2772059002404959,0.05746001790238625,58,0.9543762573634806,False,0.9543762573634806,0.9640664816816288
GSE96804,glomerular,sex,CD58,1.4363301514538742,0.20170335367626235,7.121002825561398,59,1.687892431412915e-09,1.4380409431533228,0.20124212819223677,7.145824565021656,58,1.6674457849309832e-09,False,1.6674457849309832e-09,1.0626177229423812e-07
GSE96804,glomerular,sex,CD74,-0.20122714591951685,0.2737969763080811,-0.7349502125001285,59,0.46528117288451515,-0.20514132448582267,0.2675903831624601,-0.7666244282077835,58,0.4464140592178805,False,0.4464140592178805,0.5340209138425499
GSE96804,glomerular,sex,CD81,-0.7807042295312009,0.2555789552667192,-3.0546498975882703,59,0.0033793221073625175,-0.782488315778887,0.25589661509117884,-3.0578298798523678,58,0.003369992450502249,False,0.003369992450502249,0.009192080575105356
GSE96804,glomerular,sex,CD84,0.8275621318501083,0.253067806016358,3.2701201503150337,59,0.0017971435253328536,0.8288093189382812,0.2543194723907578,3.2589298457840026,58,0.001872835077572857,False,0.001872835077572857,0.0057354245069049774
GSE96804,glomerular,sex,CD99,0.31115914625313384,0.2720479338324987,1.143765886657004,59,0.25734020694464116,0.30059476768522647,0.20338628387576546,1.4779500463700832,58,0.14483134057184913,False,0.14483134057184913,0.2119556779558794
GSE96804,glomerular,sex,CD99L2,-0.40720993123245663,0.26988995579341124,-1.5087998737683952,59,0.13668673995956293,-0.4086624425751205,0.27103387313055555,-1.5077910294196697,58,0.137036054993984,False,0.137036054993984,0.20309148953653866
GSE96804,glomerular,sex,CDH1,0.2936206798257832,0.27237814972860075,1.0779891122630383,59,0.28542635642384656,0.29780278585962244,0.26487150216564465,1.1243292820281712,58,0.2655051225823234,False,0.2655051225823234,0.3511680960947334
GSE96804,glomerular,sex,CDK8,-0.18753589417777028,0.2739616737559114,-0.6845333203244227,59,0.4963187528168302,-0.1897272603518377,0.2736671569634113,-0.6932774193916291,58,0.4909025040476745,False,0.4909025040476745,0.5783574039284367
GSE96804,glomerular,sex,CDKN2B,0.8145619932721769,0.2537816822757142,3.2096957746036936,59,0.0021506252706739557,0.8120416004923046,0.2521673803197761,3.2202483900278702,58,0.002100327243435735,False,0.002100327243435735,0.006265231479355107
GSE96804,glomerular,sex,CEACAM1,-0.8350848738582303,0.25264860998787536,-3.305321465644739,59,0.00161724723985976,-0.834825711222892,0.2547844725366421,-3.2765957160235915,58,0.0017768510869484865,False,0.0017768510869484865,0.005511383238720748
GSE96804,glomerular,sex,CEACAM3,-0.404843047517566,0.26995030117057706,-1.4996947429288197,59,0.13902585510772658,-0.40285980383598136,0.2700707868705206,-1.4916822678386294,58,0.1412018414672186,False,0.1412018414672186,0.20794640938764755
GSE96804,glomerular,sex,CEACAM5,-0.6804840778411559,0.26038941027280765,-2.61333238217414,59,0.01135893589010743,-0.6816250670473821,0.261877545917253,-2.6028389133551726,58,0.011718588910370913,False,0.011718588910370913,0.025671033831781282
GSE96804,glomerular,sex,CEACAM6,-0.5661217889488417,0.26498867114331526,-2.1363999695015754,59,0.03680518088461115,-0.5669649796148957,0.26686627641623867,-2.124528386383991,58,0.037899418374723014,False,0.037899418374723014,0.0681217750786688
GSE96804,glomerular,sex,CEACAM8,-0.508873303853465,0.26694957927946766,-1.9062525036637312,59,0.061491941250206655,-0.5072625640818901,0.26778015826384544,-1.8943246854835345,58,0.06317154629107613,False,0.06317154629107613,0.10518587636590111
GSE96804,glomerular,sex,CFB,0.6746746817269454,0.26064550599678826,2.5884761724426544,59,0.012119899894716592,0.6764208283043597,0.261121642688808,2.590443370910028,58,0.012102627552063424,False,0.012102627552063424,0.02642972558877402
GSE96804,glomerular,sex,CFD,0.27315099058680914,0.27273887587772894,1.0015110229803286,59,0.32066973438710494,0.272352819877154,0.27473562419556546,0.9913269190139123,58,0.32564376915952364,False,0.32564376915952364,0.417490406588139
GSE96804,glomerular,sex,CFH,0.8864132113543973,0.24966710897332284,3.5503804045294225,59,0.0007629178521313868,0.886873357057889,0.25168953223614593,3.523679944805119,58,0.0008376230027132032,False,0.0008376230027132032,0.0028503578878735698
GSE96804,glomerular,sex,CFHR1,1.0163804441304713,0.24112678383013048,4.215128771619553,59,8.684697087777123e-05,1.0161904936822888,0.24318092822704088,4.178742556379847,58,0.00010000674123057146,False,0.00010000674123057146,0.0004834808662250386
GSE96804,glomerular,sex,CFHR2,0.1267999250712704,0.2745516040268193,0.4618436869845571,59,0.6458918779479148,0.12698711817141642,0.2768969343201563,0.4586078877442183,58,0.6482296820429664,False,0.6482296820429664,0.7272318350812532
GSE96804,glomerular,sex,CFHR3,0.4906650719965226,0.2675267267265715,1.8340787030897738,59,0.07168676797892509,0.48976327076368986,0.26937233663197335,1.8181646893935621,58,0.07420413025973698,False,0.07420413025973698,0.12096998909785027
GSE96804,glomerular,sex,CFHR4,0.7470043704271423,0.2572804018275796,2.903463944866499,59,0.005184465246769684,0.7460235077265023,0.25893212270556115,2.8811547209027677,58,0.005545399829254506,False,0.005545399829254506,0.013833897794688287
GSE96804,glomerular,sex,CFHR5,-0.25024864831924815,0.2731110858662885,-0.9162888702429549,59,0.36324558151022535,-0.2509203728833359,0.27521417931759334,-0.911727635202172,58,0.36568609996786455,False,0.36568609996786455,0.4569446632397024
GSE96804,glomerular,sex,CFI,0.09270131880409267,0.2747825365025064,0.33736248301662763,59,0.7370409478808818,0.09398593273153663,0.27624265293140415,0.34022961962675247,58,0.7349127846951826,False,0.7349127846951826,0.8012035179958368
GSE96804,glomerular,sex,CFP,-0.6125401780566226,0.2632331300439929,-2.3269874044891377,59,0.02341808837190321,-0.6106168876366911,0.2633742219351752,-2.318438316210701,58,0.02397164828821096,False,0.02397164828821096,0.04603869986311201
GSE96804,glomerular,sex,CGN,-0.20933662502862788,0.2736939033636667,-0.7648567339495134,59,0.4474054530424919,-0.20981809150045136,0.27592342459876823,-0.7604214531823698,58,0.45008298127392204,False,0.45008298127392204,0.5365785201922099
GSE96804,glomerular,sex,CITED2,-1.1370864007991799,0.23181118672878714,-4.905226606382635,59,7.68376047336774e-06,-1.1376649903260172,0.23358993956840532,-4.87035097670745,58,8.965499641884066e-06,False,8.965499641884066e-06,6.90639038347333e-05
GSE96804,glomerular,sex,CLU,0.7779379044921544,0.2557218845125616,3.0421248692696086,59,0.0035029839149779353,0.780031726606068,0.25532786841639404,3.0550199296458147,58,0.0033972512681743113,False,0.0033972512681743113,0.009230516042597645
GSE96804,glomerular,sex,CMA1,0.5301792610910474,0.26624585889213065,1.9913145815569255,59,0.051082773540832876,0.5292627795223088,0.26806309445380067,1.9743962912937447,58,0.05310471706612021,False,0.05310471706612021,0.09079611381304943
GSE96804,glomerular,sex,COL10A1,1.339606811715723,0.21268534187063787,6.298538488517536,59,4.1112062064088674e-08,1.338224039227198,0.21315810877258956,6.278081781326458,58,4.72177603946133e-08,False,4.72177603946133e-08,1.273063462947074e-06
GSE96804,glomerular,sex,COL11A1,1.1159272426024756,0.2335474772392396,4.7781601231314115,59,1.2137920314872791e-05,1.1165805470740942,0.23528335696176117,4.7456843590325155,58,1.3994523622100274e-05,False,1.3994523622100274e-05,9.90925359504272e-05
GSE96804,glomerular,sex,COL11A2,1.057952182210645,0.23807675070333714,4.443744208895638,59,3.9545200405009605e-05,1.0605919087117548,0.2356755850326837,4.500219692102052,58,3.320168505391941e-05,False,3.320168505391941e-05,0.000204572937411468
GSE96804,glomerular,sex,COL12A1,0.9574839687180274,0.2451785611426322,3.9052516021619557,59,0.0002446614626712631,0.9566591998233445,0.24687172324955595,3.875126674010711,58,0.0002737848985131624,False,0.0002737848985131624,0.0011289600815160405
GSE96804,glomerular,sex,COL13A1,1.337191605854031,0.21294278866335534,6.279581545107022,59,4.4227530747623056e-08,1.3366703537594942,0.21458439638023663,6.229112537106181,58,5.694041116405325e-08,False,5.694041116405325e-08,1.4255438652143331e-06
GSE96804,glomerular,sex,COL14A1,0.9903543633784648,0.24295542135158957,4.076280158182958,59,0.00013876988105996548,0.9915390562993533,0.24417583974960524,4.060758252397722,58,0.00014853241445906512,False,0.00014853241445906512,0.0006838845231368228
GSE96804,glomerular,sex,COL15A1,1.2490955665126844,0.22182505321760862,5.630994102759582,59,5.249253104321661e-07,1.2486602241649165,0.22360673189594749,5.5841799286524365,58,6.53399078165254e-07,False,6.53399078165254e-07,9.542349037371731e-06
GSE96804,glomerular,sex,COL16A1,1.3596645276869739,0.21051699904372229,6.458692332986303,59,2.2151812643001707e-08,1.3590059816929914,0.21201941590150492,6.409818534375772,58,2.8503838398389257e-08,False,2.8503838398389257e-08,9.082359416941303e-07
GSE96804,glomerular,sex,COL18A1,0.12105127443121037,0.27459558007185525,0.44083475196335675,59,0.6609437632173122,0.11890787391677464,0.2744278824734907,0.43329370487075397,58,0.6664086344612046,False,0.6664086344612046,0.7403366921668849
GSE96804,glomerular,sex,COL19A1,-0.4325356425045257,0.26922133645358903,-1.606617247363269,59,0.11347768879067661,-0.4331565085338485,0.27132415426583667,-1.5964539158185398,58,0.11582226002115184,False,0.11582226002115184,0.17573897029183427
GSE96804,glomerular,sex,COL1A1,1.1647736219942646,0.22946943386616742,5.075942370056969,59,4.1299524397196386e-06,1.163063319862002,0.22951685272576688,5.067441915699595,58,4.398808382332198e-06,False,4.398808382332198e-06,4.004629449369962e-05
GSE96804,glomerular,sex,COL1A2,1.1698144385008948,0.22903440691935642,5.107592585042427,59,3.6780635361315284e-06,1.168952298788431,0.2305174187901448,5.070993354530858,58,4.342358326021957e-06,False,4.342358326021957e-06,4.004629449369962e-05
GSE96804,glomerular,sex,COL20A1,1.357053904702075,0.21080231457092896,6.437566434999769,59,2.403744048366284e-08,1.357396818485636,0.21253376796810053,6.386734830247631,58,3.114280453934801e-08,False,3.114280453934801e-08,9.175914471748419e-07
GSE96804,glomerular,sex,COL21A1,0.9332869709042245,0.24675487267308654,3.7822433283442827,59,0.00036515483415602623,0.9379652333727337,0.23513536813014121,3.989043591492347,58,0.00018841906636300109,False,0.00018841906636300109,0.0008103175798801458
GSE96804,glomerular,sex,COL22A1,1.219858237668429,0.22456589060383106,5.432072673140052,59,1.1070795370303968e-06,1.220617344455434,0.22611296095607286,5.39826350198724,58,1.3053626682961546e-06,False,1.3053626682961546e-06,1.6637440554101897e-05
GSE96804,glomerular,sex,COL23A1,0.9819796761853397,0.24353089629989824,4.03225911416214,59,0.00016075452783682865,0.9811436559717818,0.24519544999711818,4.001475785881481,58,0.00018083335085807475,False,0.00018083335085807475,0.0007873551487671454
GSE96804,glomerular,sex,COL24A1,0.7528958582410503,0.2569891661895699,2.929679368995934,59,0.004818073328427651,0.7531345141391225,0.25916907497850267,2.905958259879551,58,0.005176345711298223,False,0.005176345711298223,0.013135593152515035
GSE96804,glomerular,sex,COL25A1,0.6065660641542541,0.263467498525017,2.3022424684259826,59,0.02486761536153871,0.6041820871166085,0.2624659965009408,2.301944233429273,58,0.02494809496311445,False,0.02494809496311445,0.04726652586254927
GSE96804,glomerular,sex,COL27A1,1.2001991532063538,0.22635417825473078,5.302306157811204,59,1.7941615922578495e-06,1.2003254067861262,0.22829303161234726,5.257827618778735,58,2.1923488817601243e-06,False,2.1923488817601243e-06,2.3285402516876473e-05
GSE96804,glomerular,sex,COL28A1,0.40957717141859423,0.26982923585486135,1.5179125053702558,59,0.13437699046582888,0.40902598300444004,0.271983414115886,1.5038636982112568,58,0.13804260363691817,False,0.13804260363691817,0.2041516142394085
GSE96804,glomerular,sex,COL2A1,1.2116420699245822,0.22531853642461167,5.377462898308769,59,1.3570501257623732e-06,1.2107403138923039,0.22671461469493015,5.340371707053338,58,1.6171857080210894e-06,False,1.6171857080210894e-06,1.889411968871306e-05
GSE96804,glomerular,sex,COL4A1,0.8387554798147373,0.25244243778271425,3.3225613220257464,59,0.0015354751640129362,0.8387793547065188,0.2546162463807238,3.2942884306459566,58,0.0016853840951417745,False,0.0016853840951417745,0.005250907780863928
GSE96804,glomerular,sex,COL4A2,0.960485962506446,0.24497946472135057,3.9206794887846668,59,0.00023257325261038636,0.9597565975043398,0.24676190940304288,3.889403351701026,58,0.00026133388968325305,False,0.00026133388968325305,0.0010904467658807166
GSE96804,glomerular,sex,COL4A3,-0.45368968013385347,0.2686305606340218,-1.6888982365336809,59,0.0965178723110486,-0.4564351325317564,0.2666825420295106,-1.7115298551535787,58,0.09232658091657679,False,0.09232658091657679,0.14426736591908693
GSE96804,glomerular,sex,COL4A4,-0.48246689151874267,0.26777932771488094,-1.8017331495896918,59,0.07669719986970713,-0.4865520219439006,0.2605255216662753,-1.8675791102230588,58,0.06687623379474891,False,0.06687623379474891,0.11030644680027997
GSE96804,glomerular,sex,COL4A5,-0.21108977494899767,0.27367107998094664,-0.7713265682427753,59,0.4435916411571885,-0.2078083836431737,0.27003431662027305,-0.769562869801461,58,0.4446821511091275,False,0.4446821511091275,0.5328584409017066
GSE96804,glomerular,sex,COL4A6,0.5424282015328158,0.2658273391561732,2.0405282739340063,59,0.04578079152676145,0.5468466056974347,0.25681217841600557,2.1293639930564643,58,0.03748034742827355,False,0.03748034742827355,0.06771578233819525
GSE96804,glomerular,sex,COL5A1,1.3189405831942074,0.21486339263369666,6.138507667719662,59,7.608290584038058e-08,1.3179581815942534,0.216035993928945,6.100641645983004,58,9.295473282819875e-08,False,9.295473282819875e-08,1.974583870077798e-06
GSE96804,glomerular,sex,COL5A2,1.1056295205966624,0.23437612814938555,4.717329914640289,59,1.508424218083046e-05,1.1042643411358422,0.23519341077116085,4.6951329865710925,58,1.6743623957406564e-05,False,1.6743623957406564e-05,0.00011507137641315688
GSE96804,glomerular,sex,COL5A3,1.1238024553035493,0.23290656727101322,4.825121371506358,59,1.0255971775432033e-05,1.1227220072623223,0.2341559870875988,4.794761053204704,58,1.1750213879462014e-05,False,1.1750213879462014e-05,8.49164941185863e-05
GSE96804,glomerular,sex,COL6A1,0.7305301943096487,0.25808093164177975,2.8306244466121027,59,0.006342300804387824,0.7305677644506499,0.2603028176131736,2.8066072090557226,58,0.006806229560370569,False,0.006806229560370569,0.016395762617937352
GSE96804,glomerular,sex,COL6A2,1.3044714697775697,0.21635535813707465,6.02930050362379,59,1.1561714806480443e-07,1.3049450414155477,0.21806245536202937,5.984271979553131,58,1.446810711687177e-07,False,1.446810711687177e-07,2.8793474855960155e-06
GSE96804,glomerular,sex,COL6A3,1.106983453826057,0.234267783439498,4.725291021981033,59,1.4662147608984947e-05,1.106596714304168,0.2361891800047541,4.685213413594535,58,1.7341921851129722e-05,False,1.7341921851129722e-05,0.00011689122324655707
GSE96804,glomerular,sex,COL6A5,0.7934848204156772,0.2549109673058765,3.112792002642818,59,0.0028568467301755686,0.7955252391827925,0.2546334353722886,3.124197880846595,58,0.002782628385368919,False,0.002782628385368919,0.00792935974855127
GSE96804,glomerular,sex,COL6A6,1.2929632443778856,0.21752306259314422,5.944028320326879,59,1.6013825676319625e-07,1.292481339858615,0.21923553659821698,5.895400717937836,58,2.0261851284565165e-07,False,2.0261851284565165e-07,3.641937884738508e-06
GSE96804,glomerular,sex,COL7A1,1.0333491547907074,0.2399012564679679,4.307393675233553,59,6.335952402917635e-05,1.030489992979218,0.2367770280489577,4.352153591378579,58,5.541060948359631e-05,False,5.541060948359631e-05,0.0003133598233776553
GSE96804,glomerular,sex,COL8A1,1.1059376599779445,0.2343514862153351,4.719140799310945,59,1.4987198455974565e-05,1.1058379875964826,0.2363634396764955,4.678549225337109,58,1.7755551862533134e-05,False,1.7755551862533134e-05,0.00011853944624414978
GSE96804,glomerular,sex,COL8A2,-0.021267333879112515,0.2750335059605455,-0.07732633813046541,59,0.9386255775448675,-0.020543436788282052,0.27711496739482394,-0.07413326310524565,58,0.9411594368294453,False,0.9411594368294453,0.956163427851364
GSE96804,glomerular,sex,COL9A1,0.7111340410020629,0.25899751356291006,2.7457176372827594,59,0.007990954287237268,0.7103607184730497,0.2608799525908701,2.722940998027113,58,0.008532821304880691,False,0.008532821304880691,0.01942047965818625
GSE96804,glomerular,sex,COL9A2,1.0880782326140788,0.23576418820140435,4.615112417686502,59,2.16805848777016e-05,1.0881236072784723,0.23779338049710724,4.57592051134371,58,2.548447901248349e-05,False,2.548447901248349e-05,0.00016541314618287895
GSE96804,glomerular,sex,COL9A3,1.0797393443529606,0.2364130822616432,4.567172569401176,59,2.5673974980216045e-05,1.0784969493289767,0.23746331590469252,4.541741301051479,58,2.872373766583631e-05,False,2.872373766583631e-05,0.0001797798223549219
GSE96804,glomerular,sex,COLEC10,0.8264551366220861,0.25312911361117973,3.264954887376435,59,0.001825076041599497,0.826438131283802,0.2553090042706168,3.237011297916513,58,0.0019987209298390506,False,0.0019987209298390506,0.0060133191923483886
GSE96804,glomerular,sex,COLEC11,-1.1649320960421996,0.22945579854823436,-5.076934657623467,59,4.1149901690273225e-06,-1.163234552464348,0.22953177561295185,-5.067858466907228,58,4.392150164224504e-06,False,4.392150164224504e-06,4.004629449369962e-05
GSE96804,glomerular,sex,COMP,1.0416718962654923,0.23929041623017433,4.353170146452937,59,5.412373415581788e-05,1.040348228630315,0.24024543761495662,4.330355818443012,58,5.97137826602817e-05,False,5.97137826602817e-05,0.00033087440419013394
GSE96804,glomerular,sex,CPB2,0.34757868097139066,0.2712995622042402,1.2811619677798298,59,0.20514960278941882,0.347610048995537,0.2736355706531444,1.270339408600358,58,0.20903614389886324,False,0.20903614389886324,0.28906965974994153
GSE96804,glomerular,sex,CPN1,0.171799189324978,0.2741365388087867,0.6266920494126829,59,0.5332786013296994,0.17418511117706426,0.2733505466780565,0.6372224723670075,58,0.5264873663417335,False,0.5264873663417335,0.6140892575799588
GSE96804,glomerular,sex,CPN2,-0.5179947144039748,0.2666520652427717,-1.9425865460009462,59,0.05684353489504566,-0.5188173926964084,0.26856586231178314,-1.9318069252379646,58,0.05827357008429168,False,0.05827357008429168,0.09819656881992421
GSE96804,glomerular,sex,CR1,-1.065112953540046,0.23753497620591535,-4.484025765606478,59,3.436381028161864e-05,-1.0645375046132837,0.23937057693631072,-4.44723624030252,58,3.9912372824743754e-05,False,3.9912372824743754e-05,0.00023710655381479128
GSE96804,glomerular,sex,CR2,-1.0339351455158197,0.2398584592874611,-4.310605298588566,59,6.266450454944032e-05,-1.032060518493096,0.23970633909850012,-4.305520339489235,58,6.501262692595706e-05,False,6.501262692595706e-05,0.00034789199599309845
GSE96804,glomerular,sex,CREBBP,-0.532954994062622,0.2661519130519022,-2.0024466025862853,59,0.049839396758367134,-0.5299069532642998,0.2631316124725838,-2.0138475506036424,58,0.048672403081240836,False,0.048672403081240836,0.0848733780297729
GSE96804,glomerular,sex,CRP,-0.5695061349867526,0.2648657285787891,-2.1501692123122025,59,0.035651288898820556,-0.5681138748239051,0.26604181670073956,-2.135430744945465,58,0.036960307323995176,False,0.036960307323995176,0.06694877373157783
GSE96804,glomerular,sex,CTRB1,-0.3461066630837694,0.2713314569377999,-1.2755862036413677,59,0.20710136460948847,-0.346882135471827,0.2733341163522031,-1.2690773479035966,58,0.20948272061764664,False,0.20948272061764664,0.28906965974994153
GSE96804,glomerular,sex,CTRB2,-0.7003332368480834,0.2594958603736382,-2.6988223852191715,59,0.009062102485377517,-0.7001106483246391,0.2617019845638959,-2.6752210132885086,58,0.00968921961458072,False,0.00968921961458072,0.02170013721987567
GSE96804,glomerular,sex,CTSB,-0.48181927373726785,0.26779909056698137,-1.7991818893677543,59,0.07710456414073011,-0.4821388918405328,0.27004801084438557,-1.7853821264336736,58,0.07942814831072752,False,0.07942814831072752,0.12770443111426605
GSE96804,glomerular,sex,CTSD,-1.2170334329077617,0.22482551642578338,-5.41323534915359,59,1.1876979259744208e-06,-1.218974926098727,0.22422121835620826,-5.436483375815962,58,1.1328272222795095e-06,False,1.1328272222795095e-06,1.4983243072036532e-05
GSE96804,glomerular,sex,CTSG,0.5225315691712222,0.26650199202250396,1.9607041778775847,59,0.05463991002680926,0.519355500235667,0.2630317925077664,1.9744970571203184,58,0.05309296927858907,False,0.05309296927858907,0.09079611381304943
GSE96804,glomerular,sex,CTSK,1.2249821133686076,0.22409265093847355,5.466409131395105,59,9.73776402385458e-07,1.2244859477346768,0.22585704063395112,5.4215088637383415,58,1.1975668605537076e-06,False,1.1975668605537076e-06,1.554619202311387e-05
GSE96804,glomerular,sex,CTSS,-0.07086587205192071,0.27489266510319377,-0.2577946997069489,59,0.7974624290573882,-0.06933983813010892,0.2759806708703413,-0.2512488933063198,58,0.8025097243409314,False,0.8025097243409314,0.8575599340899283
GSE96804,glomerular,sex,CUL2,0.11697022471978014,0.27462555711662384,0.4259262173116211,59,0.6717114377308989,0.11974262598888122,0.27274078730290136,0.4390345396191038,58,0.6622677856109772,False,0.6622677856109772,0.7387577117571739
GSE96804,glomerular,sex,CX3CL1,-1.4094871274394816,0.20488776058144698,-6.879313451616268,59,4.328787196618985e-09,-1.4100995619251622,0.20637631243573043,-6.8326618752057335,58,5.595702626263834e-09,False,5.595702626263834e-09,2.4516172131318424e-07
GSE96804,glomerular,sex,CX3CR1,0.5646633586871156,0.2650414078778509,2.1304722277484687,59,0.037311899983482805,0.5658148195347953,0.2665692016160885,2.122581363880433,58,0.03806930550008049,False,0.03806930550008049,0.06825213083262513
GSE96804,glomerular,sex,CXADR,-0.41690710411879706,0.26963890168091187,-1.5461682328470578,59,0.12741144884123612,-0.41694479112673216,0.27196036054718853,-1.5331086864564847,58,0.13068608039985039,False,0.13068608039985039,0.19616904145673475
GSE96804,glomerular,sex,CXCL1,0.05716371955779024,0.27494674194033353,0.20790833582670856,59,0.8360165564749914,0.055525484145219205,0.2758399173658596,0.2012960440079204,58,0.8411713909195487,False,0.8411713909195487,0.8893833258440478
GSE96804,glomerular,sex,CXCL10,0.38784547755494875,0.2703729539580001,1.434483264236544,59,0.15671386535863074,0.38711566193289065,0.27240451952983885,1.4211058707874575,58,0.16064043103917022,False,0.16064043103917022,0.23170564230135457
GSE96804,glomerular,sex,CXCL11,0.41214042280854357,0.2697630757746803,1.5277866387940506,59,0.1319092776157085,0.41256918166607487,0.27198369184464743,1.5168894093169658,58,0.13472651816600087,False,0.13472651816600087,0.20069174716600813
GSE96804,glomerular,sex,CXCL12,-0.23461991423253187,0.27334612471766845,-0.8583253721810185,59,0.394186441804933,-0.23499408663665508,0.2756231155375065,-0.8525920845876126,58,0.3973926352692666,False,0.3973926352692666,0.4893095542766058
GSE96804,glomerular,sex,CXCL13,0.06675004768712096,0.2749101260005331,0.2428067989281396,59,0.8089972073699235,0.06854734055002926,0.275501501524038,0.24880931744776125,58,0.8043872286583849,False,0.8043872286583849,0.8582579106385506
GSE96804,glomerular,sex,CXCL16,0.7205562227016868,0.2585557463436574,2.786850545351891,59,0.007148476115246734,0.719834614723041,0.26047889711305366,2.7635045399114104,58,0.007650898717335056,False,0.007650898717335056,0.01781820598289659
GSE96804,glomerular,sex,CXCL2,-0.6499470892129839,0.2617083191805404,-2.4834789021919312,59,0.01587158423488516,-0.6530873089540593,0.25822215646576735,-2.5291683637559563,58,0.014174405359592884,False,0.014174405359592884,0.029947083363754217
GSE96804,glomerular,sex,CXCL3,-0.24670062010439583,0.2731657917817864,-0.9031168159645268,59,0.3701364627018788,-0.2501951123450552,0.26869784496467175,-0.9311392593340327,58,0.35564125220519993,False,0.35564125220519993,0.4459830372018697
GSE96804,glomerular,sex,CXCL5,-0.0016752255211547472,0.2750473557921142,-0.006090680335138045,59,0.995160917853992,-0.002701979771301333,0.27683802806139146,-0.009760146719084935,58,0.9922461476394698,False,0.9922461476394698,0.9936636421360976
GSE96804,glomerular,sex,CXCL6,0.6524647412620024,0.2616021171957375,2.4941110884580926,59,0.015448873655921904,0.6520888579190441,0.26377375757286553,2.4721521349177786,58,0.01638517422771152,False,0.01638517422771152,0.03358481618019232
GSE96804,glomerular,sex,CXCL9,-0.4029469021847629,0.26999838129351694,-1.4924048812971098,59,0.14092131971410643,-0.4057302365414769,0.2679653114748658,-1.5141147722007777,58,0.13542753900249188,False,0.13542753900249188,0.20113284923887034
GSE96804,glomerular,sex,CXCR1,-1.6793623892647003,0.16688352782346458,-10.063080587804869,59,2.030730045073613e-14,-1.6785668929904134,0.16774844111281725,-10.006453006985101,58,3.030748392836683e-14,False,3.030748392836683e-14,1.0622773116892574e-11
GSE96804,glomerular,sex,CXCR2,-1.7611085267544204,0.15193170807179732,-11.591448217788649,59,7.635812999753117e-17,-1.7610717420928577,0.15323887088025376,-11.492330450992561,58,1.3962339443310078e-16,False,1.3962339443310078e-16,9.787599949760365e-14
GSE96804,glomerular,sex,CXCR3,0.8067198998963234,0.2542058967050537,3.1734901131437265,59,0.0023927322242674833,0.8071944402988895,0.25626171401316455,3.1498830927878,58,0.002582212017266469,False,0.002582212017266469,0.007449097218534135
GSE96804,glomerular,sex,CXCR4,-0.993712836366755,0.24272288142912896,-4.094022081955642,59,0.00013075627157480024,-0.993647750580017,0.24481069117306303,-4.058841326817633,58,0.00014948365445155087,False,0.00014948365445155087,0.0006838845231368228
GSE96804,glomerular,sex,CXCR5,0.011323771721362218,0.2750434913633874,0.041170840528639355,59,0.9672987090884749,0.010320087886281418,0.27685983798959296,0.037275496371089206,58,0.9703933455932527,False,0.9703933455932527,0.9759623174474465
GSE96804,glomerular,sex,CXCR6,1.1354137478827597,0.23195010623872395,4.895077507376468,59,7.970814911286127e-06,1.1352819012525677,0.23393647244068755,4.852949561083974,58,9.542784127017062e-06,False,9.542784127017062e-06,7.215193441394975e-05
GSE96804,glomerular,sex,DAG1,-0.4076438479290265,0.2698788531536414,-1.5104697651021801,59,0.13626114249261517,-0.4095820461514722,0.27009754979318895,-1.516422664570949,58,0.13484424096318093,False,0.13484424096318093,0.20069174716600813
GSE96804,glomerular,sex,DCN,-1.070038761637191,0.23715945014316475,-4.511895945918438,59,3.117229750254202e-05,-1.0696305712018972,0.23909608583792194,-4.473643169244421,58,3.6417489596182105e-05,False,3.6417489596182105e-05,0.0002200746569562384
GSE96804,glomerular,sex,DDR1,-0.22877897134029593,0.2734300275011909,-0.836700246242339,59,0.40613728296612417,-0.22970273441227726,0.2753142618361566,-0.8343292239214858,58,0.40751877013671994,False,0.40751877013671994,0.4976840729370047
GSE96804,glomerular,sex,DDR2,1.0280091440259571,0.24028979093210046,4.278205661748007,59,7.002860789852584e-05,1.0290163153562712,0.24172231522285634,4.257018283179886,58,7.670804983556768e-05,False,7.670804983556768e-05,0.0003924988535381967
GSE96804,glomerular,sex,DMD,0.7815509693402793,0.2555350888529365,3.0584878689206993,59,0.0033422526444543727,0.7826066127795369,0.25707789910755896,3.044239180016411,58,0.0035037554108974943,False,0.0035037554108974943,0.00944666362707363
GSE96804,glomerular,sex,DMP1,0.2733052194050663,0.27273625712840555,1.002086126291573,59,0.32039425644198666,0.27384020051184427,0.2749270138151329,0.9960469024552843,58,0.3233648258473333,False,0.3233648258473333,0.41592429893390936
GSE96804,glomerular,sex,DOK2,-0.10959990270336532,0.2746770829961684,-0.39901363997262995,59,0.6913237417590427,-0.11087406415829425,0.27615066218043854,-0.401498454803083,58,0.6895287188402435,False,0.6895287188402435,0.7588063295243496
GSE96804,glomerular,sex,DRP2,0.6737312414652087,0.2606868648371942,2.5844464464520356,59,0.012247544531400539,0.6725461964498235,0.26211901477371763,2.5658046862049284,58,0.012900148470145022,False,0.012900148470145022,0.027739276311569513
GSE96804,glomerular,sex,DSPP,0.017809378061933154,0.27503766953709524,0.06475250496380149,59,0.9485899588298712,0.01578875770275791,0.2751604229303929,0.05738019128845423,58,0.9544395695963629,False,0.9544395695963629,0.9640664816816288
GSE96804,glomerular,sex,DTNA,-0.7560810448650208,0.25683062042686844,-2.943889804137712,59,0.0046296525558340955,-0.757754548652426,0.2573941699277938,-2.9439460453397106,58,0.004655031445786411,False,0.004655031445786411,0.01204124370293828
GSE96804,glomerular,sex,DTNB,0.5266714725124435,0.26636383280564535,1.9772634556461495,59,0.05269014650855596,0.52887810830543,0.265889026553136,1.989093401715612,58,0.05141462352891972,False,0.05141462352891972,0.08833738013179589
GSE96804,glomerular,sex,E2F4,-0.3751054238586824,0.2706774475192968,-1.3858022797852076,59,0.17102333639666958,-0.37634710677463573,0.27214899065382514,-1.3828715876200002,58,0.17200530053608537,False,0.17200530053608537,0.24555229546868437
GSE96804,glomerular,sex,E2F5,0.5393921111102685,0.2659320285469403,2.028308188590601,59,0.04705089994821067,0.539087647613103,0.2681698252691102,2.010247227002982,58,0.04906324161141713,False,0.04906324161141713,0.08513201081585002
GSE96804,glomerular,sex,EFEMP1,-0.7164467340559325,0.2587492311101956,-2.768884494774841,59,0.007505862736651367,-0.7141911951765009,0.2579979596915825,-2.768204818480982,58,0.00755431484875729,False,0.00755431484875729,0.017651915696596198
GSE96804,glomerular,sex,EFEMP2,-0.7799602544797569,0.2556174523755231,-3.0512793521388013,59,0.0034121931125703515,-0.7828087378047397,0.2529906639389715,-3.0942198641510945,58,0.0030349491668931194,False,0.0030349491668931194,0.0084760930916019
GSE96804,glomerular,sex,EGLN1,-0.7674132849432727,0.2562603113837375,-2.9946630471158215,59,0.0040109161825844465,-0.7642651759322053,0.25257254184558364,-3.0259234449937056,58,0.0036918732885026944,False,0.0036918732885026944,0.009873582521073232
GSE96804,glomerular,sex,EGLN2,0.23492126336878788,0.27334173787365346,0.8594416103309307,59,0.39357554708103504,0.23215807607972283,0.27145419513087216,0.855238490485645,58,0.3959383112400809,False,0.3959383112400809,0.48864921862552235
GSE96804,glomerular,sex,EGLN3,-0.23652204704911153,0.27331833911833914,-0.8653720339881918,59,0.39033981579070454,-0.2358025335097027,0.27538671623288036,-0.8562596509204774,58,0.3953780187275351,False,0.3953780187275351,0.48864921862552235
GSE96804,glomerular,sex,ELANE,-0.4602942190371252,0.26844005946684846,-1.7147001827943276,59,0.09164895900175093,-0.4608601169405713,0.2705721649793896,-1.7032798513316276,58,0.09386912100125383,False,0.09386912100125383,0.14590300182234797
GSE96804,glomerular,sex,ELN,1.5198664768148988,0.19104620644393983,7.955491527966482,59,6.507452763093622e-11,1.5192258931554676,0.1923676550823065,7.897512149355104,58,9.097811540205235e-11,False,9.097811540205235e-11,1.062927648280645e-08
GSE96804,glomerular,sex,EMILIN1,0.9115696764770176,0.2481270641915223,3.673801886332732,59,0.0005169481754008496,0.9101117577855421,0.24896989049462948,3.655509330776583,58,0.0005541870979736413,False,0.0005541870979736413,0.0019720058663935153
GSE96804,glomerular,sex,EMILIN2,0.30050181411978744,0.27225092158275976,1.1037678490591991,59,0.27417536291763495,0.30118032648602355,0.27434074191574787,1.0978330246643364,58,0.2768142016340408,False,0.2768142016340408,0.36474954012305
GSE96804,glomerular,sex,EMILIN3,0.16633955471509276,0.2741936030940307,0.6066500196871808,59,0.546410563211855,0.1666927070159722,0.2764865355069357,0.6028962918948025,58,0.5489279528819857,False,0.5489279528819857,0.6328922614642631
GSE96804,glomerular,sex,EPAS1,-0.7428226857653776,0.25748553000839863,-2.884910409300081,59,0.005459194982660617,-0.7408202602034205,0.2573458635883921,-2.8786950366076764,58,0.005583295598826113,False,0.005583295598826113,0.01387904331481243
GSE96804,glomerular,sex,EPCAM,-0.02976545467400143,0.2750201426168448,-0.10823008958827554,59,0.9141804106600301,-0.028699361531132107,0.27676531606097676,-0.10369565789381312,58,0.9177686054278764,False,0.9177686054278764,0.9405786438668733
GSE96804,glomerular,sex,EPO,0.5619456534396907,0.26513928916021234,2.119435618989425,59,0.03827157878393568,0.5609890174842131,0.26690217935570426,2.101852517047361,58,0.039919578639877,False,0.039919578639877,0.07138679751671882
GSE96804,glomerular,sex,ESAM,0.46960330082290946,0.26816663722782036,1.7511622835616163,59,0.08511529439826762,0.467337067337481,0.2675747928326976,1.7465661185419874,58,0.08600672129944606,False,0.08600672129944606,0.13609641451673068
GSE96804,glomerular,sex,F10,0.8722297021468618,0.2505123556897058,3.4817831629320466,59,0.0009442612825574789,0.8738928270593991,0.251000608090361,3.481636294461864,58,0.0009539532487712025,False,0.0009539532487712025,0.003139536278819779
GSE96804,glomerular,sex,F11,-1.0344468599941923,0.23982106069411246,-4.313411245034943,59,6.206333755424959e-05,-1.034119648421751,0.24181922627647817,-4.276416165683266,58,7.180429830593199e-05,False,7.180429830593199e-05,0.00037845724144705507
GSE96804,glomerular,sex,F12,-0.0382299074731297,0.2750024070255502,-0.13901662856928304,59,0.8899104419921945,-0.040126381701787193,0.27539307010866565,-0.14570585122550098,58,0.884658812031259,False,0.884658812031259,0.9187345588650556
GSE96804,glomerular,sex,F13A1,0.12533228189173332,0.2745630258065286,0.4564790962787865,59,0.6497215550766317,0.1253798475849626,0.2769264454922705,0.45275505328530335,58,0.6524142321772968,False,0.6524142321772968,0.7294136790371372
GSE96804,glomerular,sex,F13B,-0.8116301577467259,0.2539408419425295,-3.196138720885274,59,0.0022384512636031435,-0.8129258532302788,0.2551297581903784,-3.186323143941804,58,0.0023210075304673427,False,0.0023210075304673427,0.006751146385301275
GSE96804,glomerular,sex,F2,0.3253445495894253,0.27176652361779513,1.197147261768638,59,0.23603712800076426,0.32019071055188364,0.258960910312075,1.23644418057544,58,0.2212771683039257,False,0.2212771683039257,0.3017807295351204
GSE96804,glomerular,sex,F2R,-0.7725527982577846,0.2559984377617325,-3.0178027843155393,59,0.003755268251785231,-0.7729046673203324,0.25813032446969886,-2.9942420322299688,58,0.004039669856919517,False,0.004039669856919517,0.010566449886942468
GSE96804,glomerular,sex,F3,-0.8267153478453126,0.25311471130906965,-3.2661687010196694,59,0.0018184754917889802,-0.8263501429076141,0.25521523673952634,-3.2378558328435156,58,0.0019937263561283286,False,0.0019937263561283286,0.0060133191923483886
GSE96804,glomerular,sex,F5,-0.46602625354440996,0.26827238135116593,-1.737138393438966,59,0.08758104656359941,-0.4650391171747698,0.2700349813192826,-1.722143978912566,58,0.09037279501285156,False,0.09037279501285156,0.14236253776181784
GSE96804,glomerular,sex,F7,0.1675136321643475,0.27418148811849435,0.6109589429755824,59,0.5435734525837016,0.1685009442799021,0.27600661998720294,0.6104960246522878,58,0.543918190783582,False,0.543918190783582,0.6281493438868055
GSE96804,glomerular,sex,F8,-0.11509663658066073,0.2746389740631822,-0.41908340567199365,59,0.6766770556248235,-0.11603399603662327,0.2765217881667534,-0.4196197225755327,58,0.6763135514377195,False,0.6763135514377195,0.7477851728041662
GSE96804,glomerular,sex,F9,0.04450677952969071,0.274986402767767,0.16185083728404498,59,0.8719763215896307,0.044224385616547096,0.277311008231879,0.15947576657168985,58,0.87384811057069,False,0.87384811057069,0.9115588177232942
GSE96804,glomerular,sex,FBLN1,0.8848610286857088,0.24976041380910444,3.5428393763073323,59,0.000781099455803986,0.8848237976113982,0.25191062755106974,3.512451245956339,58,0.0008672968572876269,False,0.0008672968572876269,0.002922957196916473
GSE96804,glomerular,sex,FBLN2,0.7199586543514457,0.2585839590949136,2.7842355607494733,59,0.007199501537182299,0.7222953201182861,0.2576096362390719,2.8038365748397998,58,0.006857827210276159,False,0.006857827210276159,0.016407293086701663
GSE96804,glomerular,sex,FBLN5,1.0212288452195348,0.2407793236744327,4.241347760409773,59,7.942798801455328e-05,1.0213963767463754,0.24283545902160455,4.206125336314677,58,9.116778626387535e-05,False,9.116778626387535e-05,0.0004469134137830533
GSE96804,glomerular,sex,FBN1,1.2883270033851826,0.21798881041469814,5.910060250038943,59,1.8227961171279462e-07,1.2875827725534694,0.2194830252400419,5.866434413983858,58,2.2607822942660672e-07,False,2.2607822942660672e-07,3.962020970701282e-06
GSE96804,glomerular,sex,FBN2,0.7854183277442797,0.25533403461022236,3.076042443551453,59,0.0031774900648122036,0.7897318221025003,0.24630801364847815,3.20627741827993,58,0.002188703443870704,False,0.002188703443870704,0.0065011911616667944
GSE96804,glomerular,sex,FBN3,0.6355402200373325,0.2623073389146701,2.4228838684687997,59,0.018485910351096372,0.6383511622522932,0.25998779557402896,2.455312030485404,58,0.017095163613132167,False,0.017095163613132167,0.03433727705674971
GSE96804,glomerular,sex,FCAMR,-0.582179231836422,0.26439832482881387,-2.201902119513643,59,0.03159410212278217,-0.5820703582080314,0.2666686876233044,-2.1827473011389427,58,0.03311629261936905,False,0.03311629261936905,0.06093050164351103
GSE96804,glomerular,sex,FCER1G,0.3644032451385405,0.27092512284352116,1.3450330530956691,59,0.1837620757152742,0.3659933963995986,0.2718484516623258,1.346314073748024,58,0.183439523878264,False,0.183439523878264,0.25873462019851723
GSE96804,glomerular,sex,FCN1,-0.6783301962019141,0.26048464540671346,-2.6041081812818114,59,0.01163610597800107,-0.6772967240505808,0.2621094758019322,-2.5840222753426603,58,0.012306033406454303,False,0.012306033406454303,0.026625090796063167
GSE96804,glomerular,sex,FCN2,0.14717908252414186,0.27437920536335353,0.5364075689673212,59,0.5936937504384008,0.15002990021320592,0.27224238223737734,0.5510894335415776,58,0.5836891265878132,False,0.5836891265878132,0.6631540968201898
GSE96804,glomerular,sex,FCN3,-0.4862729449481289,0.2676626151427347,-1.816738376739005,59,0.07433754671987496,-0.4806329000476577,0.2514228767965485,-1.911651422382642,58,0.060865591634083824,False,0.060865591634083824,0.10183002323506625
GSE96804,glomerular,sex,FGA,0.20145263144625322,0.2737941658956047,0.735781315088596,59,0.4647789655303775,0.20252679103909263,0.27551645952758463,0.7350805515806786,58,0.46525242548012286,False,0.46525242548012286,0.551847631576254
GSE96804,glomerular,sex,FGB,0.15488058097984297,0.27430734463067824,0.5646242581961157,59,0.5744698477303936,0.1543500212142662,0.2765151280915162,0.5581973842790333,58,0.5788581052460351,False,0.5788581052460351,0.6587330061322575
GSE96804,glomerular,sex,FGF2,0.992699869881257,0.24279312539077025,4.088665477177446,59,0.00013312738286533088,0.9918797660950716,0.24446639554287136,4.057325604578354,58,0.00015023996656643467,False,0.00015023996656643467,0.0006838845231368228
GSE96804,glomerular,sex,FGG,0.22614542039954255,0.27346715735565136,0.8269564162157665,59,0.41159384407693633,0.22559693961837485,0.27565656776517944,0.8183985654590014,58,0.41647943229034745,False,0.41647943229034745,0.5059828111534378
GSE96804,glomerular,sex,FKBP1A,0.31499058491222437,0.2719731905270711,1.158167774925858,59,0.2514623284015663,0.3141744531582931,0.27394626615329465,1.1468469987559078,58,0.2561540045042102,False,0.2561540045042102,0.3420265850618121
GSE96804,glomerular,sex,FMOD,0.9317054772244848,0.2468561489385058,3.7742850693850105,59,0.0003746557193158773,0.9308831675026935,0.24856908409610426,3.7449676048320883,58,0.0004168653826953878,False,0.0004168653826953878,0.001588166485160146
GSE96804,glomerular,sex,FN1,1.4005812282728276,0.20592029300300316,6.801569713444422,59,5.857841078487126e-09,1.3994547132670183,0.20676305215000676,6.768398409265659,58,7.170986452415496e-09,False,7.170986452415496e-09,2.9569773547901547e-07
GSE96804,glomerular,sex,FURIN,-0.08262347876709014,0.2748370239689599,-0.3006271774228702,59,0.7647556278385628,-0.08624573351772694,0.2699144926185376,-0.31952983584181066,58,0.7504728722620081,False,0.7504728722620081,0.814367621448402
GSE96804,glomerular,sex,FYN,-0.022691607707221124,0.2750315767721893,-0.08250546345817139,59,0.9345240503275334,-0.022053533861415522,0.2771771198560487,-0.07956477025545605,58,0.9368573066774479,False,0.9368573066774479,0.9531741247908432
GSE96804,glomerular,sex,GAS6,-1.5238055880716508,0.19051363063063753,-7.998407163978531,59,5.505841268481573e-11,-1.5253781453235578,0.19018841695874072,-8.020352499460952,58,5.662085525428078e-11,False,5.662085525428078e-11,7.938243906650165e-09
GSE96804,glomerular,sex,GDF5,0.7214303925153636,0.258514426798074,2.7906774931322262,59,0.007074401874274948,0.724567559531938,0.2549396566197114,2.842113969788394,58,0.0061759227610984615,False,0.0061759227610984615,0.015190603001859723
GSE96804,glomerular,sex,GLG1,-0.43608077257860967,0.26912438665122806,-1.6203688487871923,59,0.11048620279860298,-0.43407249287515665,0.269174520346988,-1.6126061720685956,58,0.11225872707337578,False,0.11225872707337578,0.17219555290686306
GSE96804,glomerular,sex,GP1BA,0.36130613419452917,0.27099541904752095,1.3332555047034638,59,0.1875731207173572,0.35961581708838636,0.27173600117990787,1.3234014467236384,58,0.1908951091392488,False,0.1908951091392488,0.26702912297676096
GSE96804,glomerular,sex,GP5,-0.2781723248598655,0.2726528429025713,-1.020243625184816,59,0.3117782876458612,-0.2768846685996083,0.2740831743410367,-1.010221328855035,58,0.31658525642992774,False,0.31658525642992774,0.4094580530578955
GSE96804,glomerular,sex,GP6,0.10314463897776455,0.2747194506572696,0.37545444536595335,59,0.7086689940237159,0.10266882804656213,0.27696125204559896,0.37069744337254334,58,0.712213370701741,False,0.712213370701741,0.7813170154333653
GSE96804,glomerular,sex,GP9,0.14010170226945312,0.2744419961923214,0.5104965865766175,59,0.6116083804356013,0.142297943603466,0.2741444477617647,0.5190619206963654,58,0.6056926064840141,False,0.6056926064840141,0.6845052035633057
GSE96804,glomerular,sex,GPC1,0.6603752417883861,0.2612654723073595,2.527602426590466,59,0.014182936663086681,0.657504737770381,0.2587196614406515,2.5413790900511364,58,0.0137375648811507,False,0.0137375648811507,0.029275584007560616
GSE96804,glomerular,sex,GPC2,-0.43941167847052204,0.2690325420102734,-1.6333030762268994,59,0.10773113180494834,-0.4392430360601858,0.2713336425150191,-1.6188299835906723,58,0.11090951571630446,False,0.11090951571630446,0.17049905815159963
GSE96804,glomerular,sex,GPC3,0.012657779871027699,0.2750425056443149,0.04602117713178756,59,0.9634487894493043,0.01456276326151956,0.2754159549037107,0.05287552519101847,58,0.9580127845220716,False,0.9580127845220716,0.9662833984891687
GSE96804,glomerular,sex,GPC4,-0.09758525419394432,0.2747538729792953,-0.35517335255651905,59,0.7237263133706844,-0.09669293904586562,0.27668315402924787,-0.3494717247427515,58,0.7280009108298416,False,0.7280009108298416,0.7961445218279548
GSE96804,glomerular,sex,GPC5,-0.642960796827389,0.26200064846243437,-2.454042768980309,59,0.017096836593509822,-0.6423108457832666,0.2640140484399825,-2.432866165942988,58,0.01808451873700977,False,0.01808451873700977,0.036117514628614955
GSE96804,glomerular,sex,GPC6,-0.25740983478019946,0.2729982557560462,-0.9428991920381473,59,0.34957756459855144,-0.2603240226785783,0.2706213036775724,-0.961949481215778,58,0.3400683992992896,False,0.3400683992992896,0.42952783406991357
GSE96804,glomerular,sex,GRB14,-0.12728529213974862,0.274547797343727,-0.46361796878811096,59,0.6446273615155779,-0.12434775838525126,0.2721350527446139,-0.45693400071451235,58,0.649425290671704,False,0.649425290671704,0.7272318350812532
GSE96804,glomerular,sex,GRB2,-1.4636496514805244,0.1983467402144102,-7.379247321626453,59,6.161572852808406e-10,-1.4614534468691842,0.19635650898685522,-7.4428571500373275,58,5.280729106634115e-10,False,5.280729106634115e-10,4.6272388796881434e-08
GSE96804,glomerular,sex,GRB7,-0.7987452912963242,0.25463235690438657,-3.136857000448886,59,0.0026635682830022695,-0.7997097250046135,0.25627434639102364,-3.120521957294998,58,0.0028124754783784437,False,0.0028124754783784437,0.007949779477190682
GSE96804,glomerular,sex,GYPA,-1.2142910255575932,0.22507670780547917,-5.395009716452024,59,1.2711994673563799e-06,-1.2131926476038246,0.22620604167647293,-5.363219472886455,58,1.4862032371013914e-06,False,1.4862032371013914e-06,1.8277692442246938e-05
GSE96804,glomerular,sex,GYPB,-0.5897302147057946,0.26411453948289365,-2.2328578194158473,59,0.029365580535948548,-0.5868082047383183,0.261472584382251,-2.2442437172703884,58,0.028647608475955325,False,0.028647608475955325,0.05383907115722435
GSE96804,glomerular,sex,GYPC,0.30786314478175697,0.2721114838279362,1.131386079157275,59,0.2624704161753683,0.3053292851593668,0.2708763011283012,1.1271908390935494,58,0.26430357208496763,False,0.26430357208496763,0.3507008367135627
GSE96804,glomerular,sex,GZMM,1.3076135369913853,0.2160336395659768,6.052823715873376,59,1.056640509039244e-07,1.3078966599558006,0.21783830093973516,6.003979347587867,58,1.342517482428003e-07,False,1.342517482428003e-07,2.7679551623000883e-06
GSE96804,glomerular,sex,HAPLN1,-0.3475796134594397,0.27129954195559824,-1.2811655005164946,59,0.20514837053850912,-0.34715639790870007,0.2735365967241078,-1.269140590569115,58,0.20946032551552668,False,0.20946032551552668,0.28906965974994153
GSE96804,glomerular,sex,HDAC1,-0.3743879570400014,0.27069428286492975,-1.383065623247065,59,0.17185663135039014,-0.37107111698271544,0.26683128958081653,-1.3906581854236675,58,0.16964205885424752,False,0.16964205885424752,0.24318830931866567
GSE96804,glomerular,sex,HIF1A,0.9230176593380397,0.24740870717233443,3.7307404007212432,59,0.0004309813921140497,0.921844295427106,0.24869955601456234,3.706658388136119,58,0.0004711271995133197,False,0.0004711271995133197,0.0017567030152065804
GSE96804,glomerular,sex,HIF1AN,-0.057878148856608934,0.27494420864047453,-0.2105087033576771,59,0.8339959911960213,-0.0593630617356756,0.2761010620443558,-0.21500482937707385,58,0.8305177763211637,False,0.8305177763211637,0.8811029206318977
GSE96804,glomerular,sex,HIF3A,0.43369414007894197,0.26918974553615993,1.6111094396078485,59,0.11249335409603588,0.43187952953594183,0.2696586053078368,1.6015788891399068,58,0.11468182915646957,False,0.11468182915646957,0.17448916438761505
GSE96804,glomerular,sex,HIGD1A,0.12705246210016818,0.27454962522686865,0.4627668385822086,59,0.6452338239155343,0.12669471599426968,0.2768439199491672,0.4576395104415975,58,0.6489212524721704,False,0.6489212524721704,0.7272318350812532
GSE96804,glomerular,sex,HRAS,-1.0145668322941355,0.241256203115298,-4.205350242577046,59,8.978228973190923e-05,-1.0141608115956047,0.2432310246534074,-4.169537225116473,58,0.0001031603771835768,False,0.0001031603771835768,0.0004953111260663517
GSE96804,glomerular,sex,HSPG2,1.1787676355523726,0.22825504229010538,5.164256717948837,59,2.9872312407105097e-06,1.1796318054448234,0.2297273482188304,5.1349210905492475,58,3.4398573412301952e-06,False,3.4398573412301952e-06,3.303205474249818e-05
GSE96804,glomerular,sex,HTRA1,-1.204160139660343,0.22599733732492977,-5.32820498645544,59,1.6297825058878881e-06,-1.2045007614071157,0.22786635672708427,-5.285996488063165,58,1.9764201246693775e-06,False,1.9764201246693775e-06,2.1314930882972826e-05
GSE96804,glomerular,sex,IBSP,0.31102204821771473,0.27205059099767276,1.1432507721344203,59,0.257552238380012,0.30638878905245237,0.2622338655159706,1.1683799437940734,58,0.24743366864272803,False,0.24743366864272803,0.33101336205830606
GSE96804,glomerular,sex,ICAM1,-0.19052475053421478,0.2739267177017443,-0.6955318273906421,59,0.48945267759526606,-0.19237324712170206,0.2743998289266165,-0.7010691219240845,58,0.4860631977883905,False,0.4860631977883905,0.5745873552270856
GSE96804,glomerular,sex,ICAM2,-0.34746847124838454,0.2713019549753903,-1.2807444431423405,59,0.20529527807635678,-0.35043600138932623,0.26870290950596326,-1.3041764305181411,58,0.1973254752724412,False,0.1973254752724412,0.27391120428907184
GSE96804,glomerular,sex,ICAM3,-1.1758530353935137,0.22850969913406824,-5.145746722565297,59,3.197553110467754e-06,-1.1736125085642781,0.2271433212594677,-5.166836964682975,58,3.0610853178499283e-06,False,3.0610853178499283e-06,3.0045831157610423e-05
GSE96804,glomerular,sex,ICAM4,-0.577930356262874,0.2645562686441559,-2.1845271677921385,59,0.03290902873529057,-0.576910725022538,0.26624192994872276,-2.16686652299151,58,0.034365412557239024,False,0.034365412557239024,0.06257182909772613
GSE96804,glomerular,sex,ICAM5,-0.5091177817098445,0.2669416783409398,-1.9072247723699243,59,0.06136347220582656,-0.5092083162877225,0.26923607436374397,-1.8913079069774676,58,0.063580518954606,False,0.063580518954606,0.10561598053833839
GSE96804,glomerular,sex,IGHA1,0.7660128858624853,0.2563313167492868,2.9883702685135005,59,0.004083190200928944,0.7658565778087236,0.25852459545013096,2.9624128275889956,58,0.004419620558798852,False,0.004419620558798852,0.011517301158802956
GSE96804,glomerular,sex,IGHG4,1.085198402719847,0.235989049619574,4.598511687170402,59,2.298953731066044e-05,1.0856997323593245,0.2378609588029423,4.564430152065352,58,2.6531547226773905e-05,False,2.6531547226773905e-05,0.00016808076536325758
GSE96804,glomerular,sex,IGHM,0.28302071850441285,0.27256825943529495,1.0383480420309146,59,0.30334484571935455,0.2858768184183844,0.27036849795541906,1.0573599386771846,58,0.29473149230222295,False,0.29473149230222295,0.38331498349509885
GSE96804,glomerular,sex,IGHV1-46,0.49881339231389193,0.2672712021300554,1.8663192605059151,59,0.06696920417459011,0.5019563027007727,0.26394525885175435,1.901743963443185,58,0.06217522362485617,False,0.06217522362485617,0.10377340895481947
GSE96804,glomerular,sex,IGHV1-69,0.6654549684562132,0.2610469247739837,2.549177581894017,59,0.013417915856219546,0.6654204473207385,0.26329449146825945,2.527285867661063,58,0.014242859602596001,False,0.014242859602596001,0.029947083363754217
GSE96804,glomerular,sex,IGHV2-5,0.7272444460557379,0.25823816854212356,2.816177214086424,59,0.006598600320432651,0.7274910668235082,0.26042674019637824,2.793457639084734,58,0.007054335996724175,False,0.007054335996724175,0.01682003242756342
GSE96804,glomerular,sex,IGHV2-70,0.4570854209426379,0.26853297471689697,1.7021575150110477,59,0.09398992158201984,0.4572360451990403,0.27083297127563205,1.6882584238006317,58,0.09673217609534375,False,0.09673217609534375,0.1496893056133244
GSE96804,glomerular,sex,IGHV3-11,0.8153149153277771,0.25374069985429837,3.2131814714625713,59,0.002128573319703046,0.813961928168606,0.25483661695351245,3.1940540488225433,58,0.00226888118676056,False,0.00226888118676056,0.0066827130752905575
GSE96804,glomerular,sex,IGHV3-13,0.6635481624069423,0.2611291800036296,2.5410724393103794,59,0.013700815071388697,0.6643962138340826,0.2629628051349748,2.5265786676296607,58,0.014268653129092595,False,0.014268653129092595,0.029947083363754217
GSE96804,glomerular,sex,IGHV3-23,0.5436239373564888,0.2657859355577874,2.045345011261116,59,0.045288357884605696,0.5429447265617693,0.2678133315020975,2.027325239996564,58,0.04723303473472571,False,0.04723303473472571,0.08287813374247842
GSE96804,glomerular,sex,IGHV3-30,0.7053692098565907,0.2592645697957986,2.7206540809342057,59,0.008548055443763065,0.7050991970557329,0.26145509688474317,2.696827124263562,58,0.00914894160000199,False,0.00914894160000199,0.020688413101939983
GSE96804,glomerular,sex,IGHV3-33,0.7529241793711098,0.25698775985706124,2.9298056054883412,59,0.004816368636837959,0.7522923272714115,0.2589668562734357,2.904975324244148,58,0.005190526823461718,False,0.005190526823461718,0.013135593152515035
GSE96804,glomerular,sex,IGHV3-48,0.8471031048913528,0.2519695624552585,3.361926324104208,59,0.0013631579591123551,0.8449862472792612,0.25144554137890796,3.3605139412909124,58,0.00138096026181245,False,0.00138096026181245,0.004380330966201482
GSE96804,glomerular,sex,IGHV3-53,0.5906413990360632,0.26408002677318576,2.2366000422415735,59,0.029105797739568253,0.5899958016396099,0.26611647228153507,2.217058555531392,58,0.030552845085456786,False,0.030552845085456786,0.056810462612480656
GSE96804,glomerular,sex,IGHV3-7,0.4580685998742531,0.2685045778720173,1.705999217982017,59,0.09326773771524179,0.4594961792203291,0.26967091819393635,1.7039144684110066,58,0.09374971566781815,False,0.09374971566781815,0.14590300182234797
GSE96804,glomerular,sex,IGHV3-9,0.4304763318532203,0.2692772738294601,1.5986359551673548,59,0.11524371314851803,0.43220718847892287,0.2699147484248389,1.6012729611893597,58,0.1147496501892875,False,0.1147496501892875,0.17448916438761505
GSE96804,glomerular,sex,IGHV4-34,0.6501837324828533,0.26169835618484033,2.4844777092280306,59,0.015831434685141213,0.6483889740260115,0.26209092724102756,2.473908505156805,58,0.016312676380411097,False,0.016312676380411097,0.033534270213103165
GSE96804,glomerular,sex,IGHV4-39,0.2991149608592391,0.27227680563547757,1.0985693774433813,59,0.2764188348416312,0.29836029529220515,0.2743064088855947,1.0876898447408956,58,0.2812314229033058,False,0.2812314229033058,0.36849201393498576
GSE96804,glomerular,sex,IGHV4-59,0.5202404624967216,0.2665779529622649,1.9515509692970132,59,0.05574389997681201,0.5194136574009329,0.26848715191662337,1.9345940902313004,58,0.05792264911314898,False,0.05792264911314898,0.09819656881992421
GSE96804,glomerular,sex,IGHV7-81,0.9689886971082422,0.24441127949167882,3.964582563961547,59,0.00020123679483511288,0.9698970461626168,0.24600704314533212,3.942558041273788,58,0.00021959389547214354,False,0.00021959389547214354,0.0009386300044266624
GSE96804,glomerular,sex,IGKV1-17,0.7241363851545494,0.2583861625172037,2.8025354690049835,59,0.0068493438610995935,0.7233033178532554,0.2602064608295573,2.779728510765303,58,0.0073222460175717645,False,0.0073222460175717645,0.017224478048046332
GSE96804,glomerular,sex,IGKV1-5,0.7146089909725262,0.25883535189898355,2.7608631731704825,59,0.00767067056717185,0.714462708772538,0.2610521016654275,2.7368586738604987,58,0.008220224742772385,False,0.008220224742772385,0.018831299165632163
GSE96804,glomerular,sex,IGKV1D-12,0.5948935597868781,0.26391820402947397,2.2540830859869043,59,0.02791882538072936,0.5932681218479914,0.26467840221919636,2.2414678223600193,58,0.02883722241404831,False,0.02883722241404831,0.054050515808149374
GSE96804,glomerular,sex,IGKV1D-16,0.8736088235846824,0.25043089163095145,3.488422765638992,59,0.0009250611305452803,0.8733320703252844,0.2525416260714544,3.4581707733131597,58,0.0010253947551645516,False,0.0010253947551645516,0.0033588865578053767
GSE96804,glomerular,sex,IGKV1D-33,0.8793926743736954,0.250087549361887,3.5163392844526538,59,0.0008483175889293763,0.8789494363954522,0.2521230162655314,3.486192769761879,58,0.000940640632202643,False,0.000940640632202643,0.003125066744900724
GSE96804,glomerular,sex,IGKV1D-39,0.7789678000625361,0.2556687409424936,3.0467854505441703,59,0.0034564839580481918,0.7780093019207642,0.25732863584945814,3.0234074002394107,58,0.003718439066424156,False,0.003718439066424156,0.009873582521073232
GSE96804,glomerular,sex,IGKV2-28,0.5464819621994557,0.26568657778008103,2.0568670301884793,59,0.04412895802087405,0.5470938611893863,0.267762353250418,2.043206800911742,58,0.045584216286609684,False,0.045584216286609684,0.08049001414839645
GSE96804,glomerular,sex,IGKV2-29,0.6941542785171477,0.2597771036661969,2.6721149351526683,59,0.009729384731339016,0.6942430179893919,0.26200985418486067,2.649682853147843,58,0.010365362737226696,False,0.010365362737226696,0.02306704532951084
GSE96804,glomerular,sex,IGKV2D-28,0.5351757588758028,0.2660763730444876,2.011361447663458,59,0.04886251536438243,0.5359734691255883,0.26800732675653227,1.999846331113501,58,0.05020754020717247,False,0.05020754020717247,0.08668838838726084
GSE96804,glomerular,sex,IGKV2D-30,0.7313352333761858,0.25804228436075677,2.8341681875430167,59,0.006280852361258989,0.7316385751205803,0.2602109227794889,2.8117135410975593,58,0.006712070626652948,False,0.006712070626652948,0.016224694859599025
GSE96804,glomerular,sex,IGKV2D-40,0.16487522180367306,0.274208592980041,0.6012766413037753,59,0.5499590509173253,0.163874893633657,0.2760197664753269,0.5937070946993415,58,0.5550165399607817,False,0.5550165399607817,0.6367702037847921
GSE96804,glomerular,sex,IGKV3-11,0.7241745806731908,0.2583843481528871,2.8027029727229986,59,0.006846212512901829,0.723219467507615,0.2600771250685116,2.7807884577203734,58,0.007301233271047354,False,0.007301233271047354,0.017224478048046332
GSE96804,glomerular,sex,IGKV3D-20,0.5610115466773944,0.26517281473009446,2.1156450266156384,59,0.038606115978182205,0.5599288483883723,0.26678964650610587,2.098765284639925,58,0.040201741037172806,False,0.040201741037172806,0.07170844902559322
GSE96804,glomerular,sex,IGKV4-1,0.6210679934379444,0.2628942296068222,2.3624253539790416,59,0.021473162324921764,0.6207106835691639,0.26508520618767445,2.3415515807008656,58,0.02266057732685223,False,0.02266057732685223,0.04390264140081767
GSE96804,glomerular,sex,IGKV5-2,0.12190582102448268,0.27458917247984155,0.443957130295923,59,0.6586976185951191,0.11844905085170211,0.2703171985291759,0.4381854040223699,58,0.6628796015624285,False,0.6628796015624285,0.7387577117571739
GSE96804,glomerular,sex,IGLC7,0.9678527180538891,0.2444875564509503,3.9586992978436597,59,0.00020518690159345408,0.9684419468405612,0.24637911739600088,3.9306981739203213,58,0.00022831030014656089,False,0.00022831030014656089,0.0009674324685385223
GSE96804,glomerular,sex,IGLL1,0.6580127371512114,0.26136648313558286,2.5175865292944613,59,0.014551322525837407,0.6616532289846626,0.25586260186050874,2.585970845967489,58,0.012243981095049532,False,0.012243981095049532,0.026572850611856727
GSE96804,glomerular,sex,IGLV10-54,-0.02935135709979106,0.2750208969558846,-0.10672409778555567,59,0.915369931026953,-0.02806298211571427,0.2764785348649268,-0.10150148592701565,58,0.9195024644283046,False,0.9195024644283046,0.9409798942543672
GSE96804,glomerular,sex,IGLV11-55,-0.18885930679806387,0.2739462645682233,-0.6894027450811637,59,0.49327241677667083,-0.1858677994182016,0.2713384779219666,-0.6850034718321623,58,0.4960702726676658,False,0.4960702726676658,0.5824878746064217
GSE96804,glomerular,sex,IGLV2-18,0.36551810041261973,0.2708996672238351,1.3492748225142879,59,0.1824039998584809,0.3672560093134204,0.27154755691268634,1.352455582693783,58,0.1814792315620032,False,0.1814792315620032,0.25700392186861465
GSE96804,glomerular,sex,IGLV2-33,0.5198425860456083,0.26659110821820897,1.9499622081172678,59,0.05593745248100495,0.5194091955949393,0.2687809254614238,1.9324630075711469,58,0.05819080267158601,False,0.05819080267158601,0.09819656881992421
GSE96804,glomerular,sex,IGLV3-1,0.34258817943593234,0.2714071297121636,1.2622666906328461,59,0.2118196551114982,0.3404453761850367,0.2711833738936649,1.2554065217823067,58,0.21436560312292402,False,0.21436560312292402,0.2946476231160191
GSE96804,glomerular,sex,IGLV3-12,0.829612249861727,0.252954010324839,3.2796959763411295,59,0.0017464224150647069,0.8295114326623862,0.25512651021963206,3.2513729441455554,58,0.0019153683625570705,False,0.0019153683625570705,0.005837709661532637
GSE96804,glomerular,sex,IGLV3-16,0.3914512555356414,0.270284863810103,1.4482914433960592,59,0.15282930325140487,0.3939412097912177,0.2691340294112393,1.4637361564905338,58,0.14866497461621095,False,0.14866497461621095,0.21666142870262758
GSE96804,glomerular,sex,IGLV3-22,0.6188665271003639,0.262982207807692,2.3532638662495198,59,0.021961636416949173,0.62108505803747,0.2624118104883683,2.3668334778133024,58,0.02130004382336981,False,0.02130004382336981,0.04165177587709903
GSE96804,glomerular,sex,IGLV3-25,0.3864141178723514,0.27040768855203706,1.4290056615679039,59,0.15827594915564613,0.38602918930210345,0.2726539818823048,1.4158208386948803,58,0.16217579029649815,False,0.16217579029649815,0.23296153483165
GSE96804,glomerular,sex,IGLV3-27,0.2948485306877782,0.2723556678284195,1.0825863586342874,59,0.2833967925631662,0.2942952500095264,0.27453190084332874,1.0719892628342536,58,0.28816518451311635,False,0.28816518451311635,0.37617093918751315
GSE96804,glomerular,sex,IGLV4-3,0.23957895744618926,0.2732732089572984,0.8767012264404807,59,0.3842046904329421,0.24067616226748365,0.2749621435820071,0.8753065390461734,58,0.385017633790028,False,0.385017633790028,0.479391405482788
GSE96804,glomerular,sex,IGLV4-60,-0.4286439028699838,0.26932681422198107,-1.5915381619473374,59,0.11683280620780088,-0.4280383359867946,0.2714411310698096,-1.5769103757407756,58,0.12025534414050469,False,0.12025534414050469,0.18167887121227108
GSE96804,glomerular,sex,IGLV4-69,0.3917564573246722,0.27027736890187726,1.449460822104189,59,0.15250381089438309,0.39161790956272774,0.27259441819306435,1.4366321664200963,58,0.15619503296969392,False,0.15619503296969392,0.2262246241978418
GSE96804,glomerular,sex,IGLV5-37,-0.664137833690742,0.2611037709160053,-2.5435781006180456,59,0.013612786653015149,-0.6635750972741161,0.26316969763347065,-2.521472279070327,58,0.014456155294520762,False,0.014456155294520762,0.0301677177239223
GSE96804,glomerular,sex,IGLV6-57,0.7226973360303638,0.2584544412739961,2.796227189859773,59,0.006968237128067006,0.7196329011312294,0.25514659859325556,2.82046833114338,58,0.0065534260134056214,False,0.0065534260134056214,0.015940000865481654
GSE96804,glomerular,sex,IGLV7-43,0.1735029257807099,0.27411835155491565,0.6329489609014779,59,0.5292127070047945,0.17330450899402886,0.27645754078953944,0.6268756804357218,58,0.5332006089754482,False,0.5332006089754482,0.6198567610145758
GSE96804,glomerular,sex,IGLV7-46,0.4037551232000164,0.26997791606596905,1.495511666596311,59,0.14011103574471678,0.4024236593946395,0.27131181902575086,1.483251488415418,58,0.14342154292304643,False,0.14342154292304643,0.21077254001898438
GSE96804,glomerular,sex,INPP5D,1.1426469982636132,0.23134728724074652,4.939098322231644,59,6.797179497155575e-06,1.1423480715026135,0.23328154617824068,4.89686428359744,58,8.151133958149371e-06,False,8.151133958149371e-06,6.48162794088272e-05
GSE96804,glomerular,sex,ITGA1,0.7706114007042786,0.25609759471967375,3.0090536443647404,59,0.0038500892753207533,0.7719918750711456,0.25717948065202606,3.0017630998939646,58,0.003954445363759651,False,0.003954445363759651,0.010382270411968222
GSE96804,glomerular,sex,ITGA11,1.0805679374976769,0.23634890779001178,4.5719184725732935,59,2.5248650489058613e-05,1.078806015797629,0.23639696705889485,4.5635357729816395,58,2.661478595623622e-05,False,2.661478595623622e-05,0.00016808076536325758
GSE96804,glomerular,sex,ITGA2,0.6502102961658914,0.26169723756844016,2.4845898344488475,59,0.01582693325430921,0.6510484021775889,0.2635463289373249,2.470337586574456,58,0.016460378359379677,False,0.016460378359379677,0.03358723302559484
GSE96804,glomerular,sex,ITGA2B,0.7310759880773702,0.258054735154472,2.833026829132768,59,0.0063005832577227375,0.7290678716934555,0.2579117689672828,2.826811178926623,58,0.006440656961591593,False,0.006440656961591593,0.015731360731971105
GSE96804,glomerular,sex,ITGA3,-0.9846981185152485,0.24334478049790612,-4.04651423589388,59,0.00015329109404727548,-0.9856798524988855,0.24484303948154887,-4.0257621968182,58,0.00016685536359506648,False,0.00016685536359506648,0.0007450038845868891
GSE96804,glomerular,sex,ITGA4,0.7899509972246558,0.2550969259503609,3.096669998204415,59,0.0029935929262137426,0.7905048998730414,0.2571126419246467,3.0745469921495285,58,0.0032120007619872203,False,0.0032120007619872203,0.008864616276193078
GSE96804,glomerular,sex,ITGA5,1.3240876955577383,0.2143261576219734,6.177909921257267,59,6.539953459419705e-08,1.3223036700148627,0.21392265409643565,6.1812231883527975,58,6.83671882819929e-08,False,6.83671882819929e-08,1.6525999650233455e-06
GSE96804,glomerular,sex,ITGA6,0.629598081349914,0.2625501046646869,2.398011161161023,59,0.0196665523114757,0.6310216938803858,0.26364557426521207,2.3934469434545287,58,0.019947153690402106,False,0.019947153690402106,0.03916794043969713
GSE96804,glomerular,sex,ITGA7,0.6474398294557955,0.2618136321689563,2.4729034316974863,59,0.016302358810986697,0.6461266611832425,0.26307414534862483,2.456062948819991,58,0.01706292374849663,False,0.01706292374849663,0.03433727705674971
GSE96804,glomerular,sex,ITGA8,-0.7920080217866979,0.25498879761275334,-3.1060502626060678,59,0.002913302852366233,-0.7925230545016898,0.25702807509891873,-3.083410456996508,58,0.0031310685559877665,False,0.0031310685559877665,0.008681302153438233
GSE96804,glomerular,sex,ITGA9,0.9312923583969301,0.2468825692626474,3.7722078200108555,59,0.0003771743475971551,0.9268345877025073,0.23656940184908506,3.9178126184457436,58,0.000238157895713265,False,0.000238157895713265,0.0009996927239221483
GSE96804,glomerular,sex,ITGAD,0.8054664031100569,0.2542732584434422,3.1677196730823987,59,0.002433606191739677,0.8067198323269814,0.2555304377184187,3.157040075264712,58,0.002528827879719771,False,0.002528827879719771,0.007325241089601486
GSE96804,glomerular,sex,ITGAE,0.40241159767539586,0.2700119124868219,1.4903475701096551,59,0.14145991944317746,0.4020692964344992,0.2722719808688948,1.476719327311556,58,0.1451601752087747,False,0.1451601752087747,0.21199433921114802
GSE96804,glomerular,sex,ITGAL,0.2922587086226036,0.27240297546162917,1.0728910289152525,59,0.287688785772318,0.2938161954334536,0.2734038815617927,1.0746599271197526,58,0.28697747705222915,False,0.28697747705222915,0.37531942427912807
GSE96804,glomerular,sex,ITGAM,0.3285476916162493,0.2717012020484559,1.2092242843947936,59,0.23140012395232182,0.329347681835553,0.2736860518041992,1.2033776645335779,58,0.2337190786622666,False,0.2337190786622666,0.3151152355195072
GSE96804,glomerular,sex,ITGAV,-0.22478290398424347,0.2734861964794428,-0.8219168165627686,59,0.4144334505693546,-0.22639010807663418,0.27441465788930064,-0.8249927675800771,58,0.4127559482263511,False,0.4127559482263511,0.5032033386202993
GSE96804,glomerular,sex,ITGAX,0.37430320820427254,0.2706962692972132,1.3827423967683252,59,0.17195525721688032,0.3746587808181767,0.27295724014596556,1.3725914748325623,58,0.17516393464664393,False,0.17516393464664393,0.2490667711709886
GSE96804,glomerular,sex,ITGB1,0.6898041237045065,0.2599734310110117,2.653363926544049,59,0.010224389349574956,0.6868948318196745,0.25725980243826424,2.670043377587183,58,0.009822951980149248,False,0.009822951980149248,0.021929583879250394
GSE96804,glomerular,sex,ITGB2,0.3338018645850605,0.27159263330121725,1.2290534560075803,59,0.22393119980140952,0.3331995726807026,0.2737303743447149,1.217254656076628,58,0.2284369603714169,False,0.2284369603714169,0.309737542012308
GSE96804,glomerular,sex,ITGB3,0.275958393419927,0.2726909717774675,1.0119821408870329,59,0.3156788633920353,0.2732335790532038,0.27090571372739053,1.0085928985911157,58,0.3173592276522128,False,0.3173592276522128,0.40970316498011267
GSE96804,glomerular,sex,ITGB4,0.8136859477954619,0.2538293104746634,3.2056421942519595,59,0.0021765399582824537,0.812145084984021,0.25460203122837755,3.189860980549399,58,0.0022970152331967565,False,0.0022970152331967565,0.006709198660295526
GSE96804,glomerular,sex,ITGB5,-1.028818594156592,0.24023106583228399,-4.282620944931644,59,6.897775808607125e-05,-1.031245458604962,0.23857714643577477,-4.322482157286488,58,6.134657011684935e-05,False,6.134657011684935e-05,0.00033336391978225886
GSE96804,glomerular,sex,ITGB6,0.8544119059242269,0.2515509494223303,3.3965759536440863,59,0.001226772442086909,0.8524457531455425,0.2513910751110127,3.3909149430587693,58,0.0012593567610964906,False,0.0012593567610964906,0.004049582979489174
GSE96804,glomerular,sex,ITGB7,-0.26764892372246,0.2728313158555428,-0.9810051418883793,59,0.3305959071668128,-0.26602715739864063,0.2737245875035326,-0.9718789233546926,58,0.335146604222544,False,0.335146604222544,0.4240753963176956
GSE96804,glomerular,sex,ITGB8,-0.15401150017792362,0.27431563818937155,-0.5614390094362869,59,0.5766247478214315,-0.15629952740170164,0.2737873789120822,-0.5708792276063686,58,0.5702868872301963,False,0.5702868872301963,0.6510930096878951
GSE96804,glomerular,sex,JAM2,1.009673282155045,0.24160390954886946,4.179043642300074,59,9.81638933238255e-05,1.0105889700689712,0.24316119872277148,4.1560453533589685,58,0.00010795708822907508,False,0.00010795708822907508,0.0005148157744801472
GSE96804,glomerular,sex,JAM3,-0.21581121885268878,0.27360865755839936,-0.7887587358474787,59,0.4334110934449932,-0.21375846205238613,0.2736345794208203,-0.7811821974577592,58,0.4378723959495975,False,0.4378723959495975,0.5264983697438557
GSE96804,glomerular,sex,JUNB,-1.5391784374288449,0.18840743678422223,-8.169414454651399,59,2.8305181933890554e-11,-1.5386210640770797,0.1897814599834014,-8.107330738269429,58,4.04849677791165e-11,False,4.04849677791165e-11,7.094990603290167e-09
GSE96804,glomerular,sex,KDR,-1.029302872953863,0.24019590273941205,-4.285264074927003,59,6.835602183269659e-05,-1.0282053263918156,0.24150769499074054,-4.257443335009418,58,7.659719712199792e-05,False,7.659719712199792e-05,0.0003924988535381967
GSE96804,glomerular,sex,KLK2,-0.023626086419063098,0.2750302430885313,-0.08590359428747602,59,0.9318339149248404,-0.022555483286968922,0.2767702348439988,-0.08149533601285662,58,0.935328613571368,False,0.935328613571368,0.9530019740022224
GSE96804,glomerular,sex,KLK7,-0.9167430194199866,0.2478038067070251,-3.6994710920798677,59,0.0004763373269442438,-0.9153526691856962,0.2487597613167192,-3.6796653298773494,58,0.0005133523449123504,False,0.0005133523449123504,0.0018552898025318049
GSE96804,glomerular,sex,KLKB1,0.47208619376890415,0.2680927381854678,1.7609063078848213,59,0.08343616768667396,0.47227773562645226,0.27038105260700146,1.7467116540629324,58,0.08598123663312439,False,0.08598123663312439,0.13609641451673068
GSE96804,glomerular,sex,KNG1,-0.9891265160573606,0.24304018532823438,-4.0698064590491905,59,0.00014181037999079016,-0.9881543359302359,0.24454667213846176,-4.040759693391964,58,0.0001587505913789248,False,0.0001587505913789248,0.0007133600292091428
GSE96804,glomerular,sex,KRAS,0.5733956951783333,0.26472345694946686,2.166017706877366,59,0.034362436412642805,0.5742723609054099,0.2665655492009915,2.154338257988493,58,0.03537979295997599,False,0.03537979295997599,0.06425190379518955
GSE96804,glomerular,sex,L1CAM,0.9530527791093427,0.24547101159166548,3.8825471607813338,59,0.00026355602004142053,0.9522251318842151,0.24716426716775092,3.852600308271656,58,0.0002945979305608822,False,0.0002945979305608822,0.001186857180018267
GSE96804,glomerular,sex,LAMA1,0.55407996711748,0.2654197195548339,2.087561421761697,59,0.041164945386148795,0.5528430193795364,0.2668355814088197,2.071848950805866,58,0.042736179877259015,False,0.042736179877259015,0.07603569059380348
GSE96804,glomerular,sex,LAMA2,0.9471228015031018,0.2458597172365746,3.852289476896079,59,0.00029092671020052935,0.9466916538105737,0.24786321739628517,3.8194116245049687,58,0.0003280535818885843,False,0.0003280535818885843,0.0012919413533926832
GSE96804,glomerular,sex,LAMA3,0.41234912216788716,0.26975767014726987,1.5285909088063068,59,0.13170987336919934,0.40988867876641305,0.26867806028580327,1.5255755469218386,58,0.13255053202240852,False,0.13255053202240852,0.19854257040108628
GSE96804,glomerular,sex,LAMA4,1.1937656499228224,0.22693007237766796,5.260500018420212,59,2.0945869012546e-06,1.193137328474726,0.22862220177667827,5.218816541886868,58,2.5302005880267408e-06,False,2.5302005880267408e-06,2.6083391355981548e-05
GSE96804,glomerular,sex,LAMB1,0.6460318040969392,0.26187257679770726,2.4669700508426633,59,0.01654863253674189,0.6481445109435737,0.2615469568154658,2.478119106546789,58,0.016140051156717076,False,0.016140051156717076,0.03327698782605491
GSE96804,glomerular,sex,LAMB2,-0.9396759661469992,0.24634355618615528,-3.8144937935251333,59,0.00032896492073526576,-0.9423693979027908,0.24398730396241647,-3.862370634039025,58,0.000285390505366314,False,0.000285390505366314,0.001156408926368706
GSE96804,glomerular,sex,LAMC1,1.0196483594530794,0.24089282577953747,4.232788403529504,59,8.17797408397278e-05,1.0175470490151615,0.24018960558001168,4.236432490731566,58,8.226704772344125e-05,False,8.226704772344125e-05,0.0004144210705131563
GSE96804,glomerular,sex,LAMC2,0.924467012147364,0.2473169714476994,3.737984525428587,59,0.00042107977550640853,0.9235335163153747,0.24891547683540557,3.7102293841136196,58,0.00046579651741127646,False,0.00046579651741127646,0.0017533624227424635
GSE96804,glomerular,sex,LAMC3,1.0853685127125317,0.23597578968602081,4.599490965393849,59,2.2910227196605055e-05,1.0861908039705648,0.23757595650738245,4.571972770050964,58,2.583959216767562e-05,False,2.583959216767562e-05,0.00016617939550037257
GSE96804,glomerular,sex,LCK,0.41186618725576285,0.26977017456301267,1.5267298837720829,59,0.1321716455822677,0.4126428986514203,0.27175637557469334,1.5184295042896012,58,0.13433865207377432,False,0.13433865207377432,0.20069174716600813
GSE96804,glomerular,sex,LIMD1,0.987420348029008,0.24315774647037836,4.0608220892082345,59,0.00014613684666769691,0.9850808639094065,0.24183641170772155,4.073335594724068,58,0.00014243459329778383,False,0.00014243459329778383,0.0006612360920645461
GSE96804,glomerular,sex,LOX,-1.3569879104948372,0.2108095149863167,-6.437033501940921,59,2.4087017859914123e-08,-1.3548519688595848,0.20933864530507507,-6.472058548411456,58,2.244567475923585e-08,False,2.244567475923585e-08,7.492580002963968e-07
GSE96804,glomerular,sex,LOXL1,0.259490291610421,0.2729648708604008,0.9506362148084947,59,0.34566718267571306,0.2568580664566146,0.2714640195819069,0.9461956205180061,58,0.34797426155862576,False,0.34797426155862576,0.43872294487877095
GSE96804,glomerular,sex,LOXL2,1.0031918230120085,0.24206109329657946,4.144374502113283,59,0.00011037362905434573,1.003246699951537,0.2441439586116849,4.109242373460561,58,0.00012632741244817717,False,0.00012632741244817717,0.0005943323229944443
GSE96804,glomerular,sex,LOXL3,-0.4991365091776395,0.26726097762021606,-1.8675996534253643,59,0.066787393960203,-0.4989859102155645,0.2695499628627549,-1.851181520917627,58,0.069237086110157,False,0.069237086110157,0.11366556759536313
GSE96804,glomerular,sex,LOXL4,1.2400916020513617,0.22267965333932618,5.56894886198548,59,6.629881230041798e-07,1.2360333580406446,0.21316170254784894,5.798571428482512,58,2.921046858546773e-07,False,2.921046858546773e-07,4.9942776776616776e-06
GSE96804,glomerular,sex,LRP4,0.06369470845821382,0.27492241180539345,0.23168248830619434,59,0.8175863045819726,0.06484167468937439,0.2765681855528908,0.23445095306153388,58,0.8154605865567142,False,0.8154605865567142,0.8674322779609358
GSE96804,glomerular,sex,LTBP1,1.32181901957502,0.2145633766606064,6.160506234322814,59,6.992110101335429e-08,1.320972112256463,0.21590698975101694,6.118246165998621,58,8.692558899524841e-08,False,8.692558899524841e-08,1.9626647231433607e-06
GSE96804,glomerular,sex,LTBP2,0.7612486771214584,0.2565717623777275,2.96700100613855,59,0.004337765721533924,0.7610872896525547,0.25876617757922254,2.9412162623901805,58,0.00469080236195337,False,0.00469080236195337,0.012089163440181296
GSE96804,glomerular,sex,LTBP3,-0.04801084475618812,0.27497641171353193,-0.17459986642856265,59,0.8619918230637665,-0.049086191571654884,0.276710225356119,-0.17739204074761677,58,0.859818519263828,False,0.859818519263828,0.9009458624872099
GSE96804,glomerular,sex,LTBP4,0.039624616419501414,0.2749990608279787,0.14409000634474153,59,0.8859204446321897,0.038223514404562016,0.27628971549440406,0.1383457735159027,58,0.8904463616201802,False,0.8904463616201802,0.9206532440940212
GSE96804,glomerular,sex,LUM,1.2551525011106384,0.22124481543679578,5.6731385937005365,59,4.4777202824726034e-07,1.254609846142811,0.2229496259226831,5.627324293326683,58,5.559874094822548e-07,False,5.559874094822548e-07,8.47276465319697e-06
GSE96804,glomerular,sex,LYN,-0.0074263762218681525,0.275045742977805,-0.027000513229057426,59,0.9785504454366789,-0.006258964326068023,0.2766669107414476,-0.02262274266660384,58,0.9820288541481287,False,0.9820288541481287,0.9848386648896111
GSE96804,glomerular,sex,MADCAM1,-0.6735502162356222,0.2606947933125231,-2.583673450770321,59,0.012272168928928559,-0.671911617634475,0.2613834396783667,-2.5705975040395246,58,0.012741370953104928,False,0.012741370953104928,0.0274821570403894
GSE96804,glomerular,sex,MAG,-0.17310939109167864,0.2741225685544422,-0.6315036080558911,59,0.5301504943558453,-0.17261475247464245,0.2763489103108856,-0.6246261375898142,58,0.5346660218221756,False,0.5346660218221756,0.620531260426068
GSE96804,glomerular,sex,MAPK1,-0.648565414397363,0.26176640956426794,-2.477649502382503,59,0.016107748715086287,-0.6471023587214302,0.26278578155287335,-2.4624709712128436,58,0.01679002088542293,False,0.01679002088542293,0.034016776418154544
GSE96804,glomerular,sex,MAPK3,-0.947281114192778,0.24584937943824473,-3.8530954048258113,59,0.00029016351709738457,-0.9486549893434261,0.24680713550062117,-3.8437097348064255,58,0.0003032237673621429,False,0.0003032237673621429,0.0012077264825048986
GSE96804,glomerular,sex,MASP1,-0.8682938067576816,0.25074399461496116,-3.462869801093426,59,0.0010010504644252984,-0.8728870024902953,0.23989016621962014,-3.6386943918791763,58,0.0005844248275478648,False,0.0005844248275478648,0.0020484090205552664
GSE96804,glomerular,sex,MASP2,1.0317865554461376,0.24001522332181194,4.298837970217915,59,6.524775089852238e-05,1.0312790621354067,0.2419205960814323,4.262882445065861,58,7.519232925521147e-05,False,7.519232925521147e-05,0.00039044313191039437
GSE96804,glomerular,sex,MATN1,0.20449834893271157,0.273755893348223,0.7470098503873507,59,0.458024325869074,0.2035798647428269,0.2756488574727203,0.7385478271498886,58,0.4631597904663827,False,0.4631597904663827,0.5512309221000582
GSE96804,glomerular,sex,MATN3,-0.7914644706173302,0.25501740139684487,-3.103570447671899,59,0.0029343305159559656,-0.7921580479099091,0.2569293266759313,-3.0831748876572176,58,0.0031331946431096616,False,0.0031331946431096616,0.008681302153438233
GSE96804,glomerular,sex,MATN4,0.16376932500446256,0.27421982528973166,0.5972191282356383,59,0.5526462584793396,0.1649007073520948,0.27587725432124943,0.5977321608401746,58,0.5523454432719204,False,0.5523454432719204,0.6347445175960921
GSE96804,glomerular,sex,MBL2,0.32555780680817537,0.2717621950414972,1.197951049661134,59,0.2357264326191662,0.32722263029826065,0.2725616019453218,1.2005455939604592,58,0.2348079034337722,False,0.2348079034337722,0.31593155529188927
GSE96804,glomerular,sex,MEN1,0.4552501026179423,0.26858581238363,1.6949893912031866,59,0.09534971726476156,0.45163076499403987,0.26344721955629374,1.7143121333931362,58,0.09181109910108982,False,0.09181109910108982,0.14398116436211178
GSE96804,glomerular,sex,MERTK,0.8037409028115967,0.2543657847718697,3.1597838661062023,59,0.002490889204340815,0.8045005425178002,0.2562144273644852,3.139950200280232,58,0.00265805512687677,False,0.00265805512687677,0.007636461655494326
GSE96804,glomerular,sex,MFAP2,1.1431217004564158,0.23130753657443837,4.941999371855925,59,6.7260865869377266e-06,1.1427656271401396,0.23321705141880444,4.900008898097224,58,8.059493763097892e-06,False,8.059493763097892e-06,6.48162794088272e-05
GSE96804,glomerular,sex,MFAP3,-0.6184578638561534,0.2629985017931427,-2.3515642090713946,59,0.02205334166451,-0.6173109849014103,0.2645088715868219,-2.3338006819887904,58,0.023092935369306664,False,0.023092935369306664,0.044595448192517824
GSE96804,glomerular,sex,MFAP4,1.0703775895330632,0.23713353350250832,4.513817905563074,59,3.0963179898683564e-05,1.0701655063211615,0.2391472516032096,4.474922873446892,58,3.625592042854608e-05,False,3.625592042854608e-05,0.0002200746569562384
GSE96804,glomerular,sex,MFAP5,-0.6981020650889662,0.2595977377374224,-2.6891685234756615,59,0.009298311736644641,-0.6941892302209367,0.2527904101157726,-2.746105874439671,58,0.008018379338458143,False,0.008018379338458143,0.01851934429976496
GSE96804,glomerular,sex,MIF,-1.1344079799673992,0.23203350025273517,-4.888983611124174,59,8.148195127440065e-06,-1.1348702327063005,0.2338930724261224,-4.852089978273133,58,9.57222525035282e-06,False,9.57222525035282e-06,7.215193441394975e-05
GSE96804,glomerular,sex,MMP1,0.4238769740397406,0.26945465783234607,1.573092027614812,59,0.12104523942811946,0.4221905024000669,0.27018011008992915,1.5626261395020575,58,0.12358088323162435,False,0.12358088323162435,0.18630150353842723
GSE96804,glomerular,sex,MMP10,0.8600000666083336,0.2512279847705356,3.423185786383762,59,0.001130914786556414,0.8572666482172266,0.24886992396802535,3.4446374015341754,58,0.0010688773560953665,False,0.0010688773560953665,0.003468902901031722
GSE96804,glomerular,sex,MMP11,1.023491718157592,0.24061641662469296,4.253623807198521,59,7.616911632348288e-05,1.0216967468245768,0.24066254151062866,4.245350108959331,58,7.981257062271107e-05,False,7.981257062271107e-05,0.00040542472468493087
GSE96804,glomerular,sex,MMP12,0.8961612346558898,0.2490765887128973,3.5979344316814394,59,0.0006572197686637052,0.8970823114168682,0.25070797423338975,3.57819616292601,58,0.0007067761874589999,False,0.0007067761874589999,0.0024336775578594066
GSE96804,glomerular,sex,MMP13,1.0348801451619978,0.23978937506662895,4.315788157312814,59,6.155847250016707e-05,1.0357283139344617,0.24140205781336588,4.290470111630986,58,6.844291394095072e-05,False,6.844291394095072e-05,0.0003634733535803519
GSE96804,glomerular,sex,MMP14,0.7777945177359145,0.2557292769517723,3.0414762322367883,59,0.003509501631855047,0.7756083991277342,0.2551001629505477,3.0404073057299037,58,0.003542355896056691,False,0.003542355896056691,0.009514143613546898
GSE96804,glomerular,sex,MMP15,-1.2965861207940002,0.21715725246187767,-5.970724468535161,59,1.4462618122689875e-07,-1.2966751235096359,0.2190220125036034,-5.920295903994137,58,1.843949423947202e-07,False,1.843949423947202e-07,3.493536611316185e-06
GSE96804,glomerular,sex,MMP16,0.020683063760402864,0.27503426119457275,0.0752017718467833,59,0.9403085840906196,0.017918091744525803,0.27318231307271273,0.06559023365380377,58,0.9479296245724387,False,0.9479296245724387,0.9616478535821701
GSE96804,glomerular,sex,MMP17,0.6491672744000804,0.26174112207093947,2.4801883222008083,59,0.01600450771058513,0.652194320053772,0.2586664067893195,2.5213723271958384,58,0.014459847582365041,False,0.014459847582365041,0.0301677177239223
GSE96804,glomerular,sex,MMP19,0.747048128732677,0.257278248354438,2.9036583291079863,59,0.005181655950092824,0.7484621103368789,0.25832039789334377,2.8974177666213823,58,0.0053007708163755034,False,0.0053007708163755034,0.01331842416587537
GSE96804,glomerular,sex,MMP2,1.228981089832393,0.2237212291882551,5.49335927704134,59,8.803577216715764e-07,1.2275541504483833,0.22427239417747508,5.473496437002292,58,9.872554101809827e-07,False,9.872554101809827e-07,1.3569922402683704e-05
GSE96804,glomerular,sex,MMP20,-0.0820290049133412,0.2748400421230955,-0.2984608948524393,59,0.7664000596587048,-0.07788281174534802,0.2676160012793214,-0.29102449544509357,58,0.7720707815395487,False,0.7720707815395487,0.8312675491884837
GSE96804,glomerular,sex,MMP24,-0.04196761017431712,0.27499316952511343,-0.15261328216548475,59,0.879223972902066,-0.04402415745631031,0.2750342408754913,-0.16006791487551603,58,0.8733837437074436,False,0.8733837437074436,0.9115588177232942
GSE96804,glomerular,sex,MMP25,-0.9183076843312756,0.2477055944929921,-3.70725451805351,59,0.00046463858639242216,-0.9173797308621531,0.24931457176353072,-3.67960735055738,58,0.0005134468212427535,False,0.0005134468212427535,0.0018552898025318049
GSE96804,glomerular,sex,MMP3,0.7207153107926534,0.2585482309178876,2.787546865952239,59,0.007134945251106312,0.7221710773638176,0.25953689883061337,2.7825372061455593,58,0.0072666867864727815,False,0.0072666867864727815,0.01720928188282912
GSE96804,glomerular,sex,MMP7,0.8980329841052657,0.24896230037951506,3.6071042994715072,59,0.0006385122316437062,0.8982454068114987,0.25107916417079174,3.5775386212472995,58,0.0007082314148406832,False,0.0007082314148406832,0.0024336775578594066
GSE96804,glomerular,sex,MMP8,-0.6761688107943434,0.26057987400513216,-2.594861991456125,59,0.011920098544600362,-0.6741226008692383,0.26039165641366163,-2.588879421690525,58,0.012151886372266066,False,0.012151886372266066,0.026454883065088548
GSE96804,glomerular,sex,MMP9,-0.024969381055213492,0.27502823165274304,-0.09078842890114788,59,0.9279682349509463,-0.023890131733526106,0.2767579939725951,-0.08632137916092764,58,0.9315082573867062,False,0.9315082573867062,0.9518765137435583
GSE96804,glomerular,sex,MTMR4,-0.8299711158069896,0.2529340565588777,-3.2813735212197095,59,0.0017376769231487019,-0.8288313273494183,0.2543373149333071,-3.2587877542340036,58,0.0018736265507578317,False,0.0018736265507578317,0.0057354245069049774
GSE96804,glomerular,sex,MUSK,0.05768378460483155,0.2749449009559824,0.20980125255738602,59,0.8345455914437472,0.05815338237503706,0.2771919666042562,0.2097946166602367,58,0.8345631797941739,False,0.8345631797941739,0.883729288573589
GSE96804,glomerular,sex,MYC,0.27307863153973133,0.2727401039899579,1.0012412092861338,59,0.3207990314642874,0.2720541399642098,0.27450857353954833,0.9910588090430447,58,0.32577354123211416,False,0.32577354123211416,0.417490406588139
GSE96804,glomerular,sex,NCAM1,1.2475396027044785,0.22197341319765104,5.620220839662613,59,5.466706971786373e-07,1.2484709552122066,0.2232955326986049,5.591114789104811,58,6.366747346408368e-07,False,6.366747346408368e-07,9.49593593581333e-06
GSE96804,glomerular,sex,NCAN,0.44907643761233834,0.268761913013937,1.6709080262762193,59,0.10003671359623248,0.4502700209775046,0.27027668799822796,1.6659595184193494,58,0.1011140832694662,False,0.1011140832694662,0.1561254898059379
GSE96804,glomerular,sex,NCOR1,0.7407254572174764,0.2575879126275178,2.8756219562545793,59,0.005601738769172414,0.7412628269345642,0.25963739786210116,2.854992512782247,58,0.005960955511815066,False,0.005960955511815066,0.01476547637378926
GSE96804,glomerular,sex,NCOR2,-0.2870390618499236,0.27249702878550147,-1.0533658408285582,59,0.29646825106402064,-0.2884745184843809,0.27370209321480066,-1.0539726426497837,58,0.2962664219218266,False,0.2962664219218266,0.38388680548465887
GSE96804,glomerular,sex,NCSTN,-1.212986737638071,0.22519587739176217,-5.386362981804937,59,1.3128139004776815e-06,-1.2123428015893913,0.22685774023413316,-5.344066287260766,58,1.5952593192721082e-06,False,1.5952593192721082e-06,1.889411968871306e-05
GSE96804,glomerular,sex,NEDD4L,-1.156109455698784,0.23021086724964573,-5.021958648220866,59,5.0297264300127816e-06,-1.1542762108472353,0.22998321751400336,-5.018958441073871,58,5.245483290969818e-06,False,5.245483290969818e-06,4.539609613543015e-05
GSE96804,glomerular,sex,NEDD8,0.03405261908065503,0.27501171171609845,0.12382243239083728,59,0.9018767478834415,0.03554871318883397,0.2761511014132434,0.12872921022914002,58,0.8980172707894993,False,0.8980172707894993,0.9252631307647374
GSE96804,glomerular,sex,NID1,0.5021112176596727,0.26716651822750503,1.8793942481673584,59,0.06513213391531539,0.5025155677825247,0.26937524641878496,1.8654853200627333,58,0.06717385026829066,False,0.06717385026829066,0.11053725126307924
GSE96804,glomerular,sex,NID2,1.1267333308521459,0.23266643888758431,4.842698140046494,59,9.627740622929507e-06,1.129569632049123,0.2294010729095943,4.9239945468532325,58,7.392967100862314e-06,False,7.392967100862314e-06,6.09702345612292e-05
GSE96804,glomerular,sex,NRAS,0.5197192945609593,0.26659518251294134,1.9494699403869782,59,0.05599753987737501,0.5198930159055188,0.2688741628336821,1.933592318526752,58,0.05804857026447941,False,0.05804857026447941,0.09819656881992421
GSE96804,glomerular,sex,NRXN1,-0.9225094982569378,0.24744082873477127,-3.7282024271174916,59,0.0004345028446441063,-0.9213860680178421,0.24880213118306463,-3.703288487267422,58,0.0004762111926725049,False,0.0004762111926725049,0.0017662647939863806
GSE96804,glomerular,sex,NTN4,-0.581632755602762,0.26441870916896365,-2.199665664471187,59,0.03176072337017859,-0.5845934187414618,0.2616530916224406,-2.2342308860810887,58,0.02933677974568996,False,0.02933677974568996,0.054840220271276434
GSE96804,glomerular,sex,OLR1,0.3209584092715704,0.27185490689168773,1.1806239326018362,59,0.24248997150815502,0.32441153704540476,0.267505267249233,1.2127295300811873,58,0.23014972953332102,False,0.23014972953332102,0.31145745251516993
GSE96804,glomerular,sex,OPTC,0.04138851717177368,0.27499465710657683,0.15050662295498038,59,0.8808783046632902,0.03827727615653905,0.2720072094442647,0.14072155011899495,58,0.888577514635199,False,0.888577514635199,0.9200780469117791
GSE96804,glomerular,sex,P4HA1,-0.8712036489936434,0.2505728635234619,-3.4768475594009,59,0.000958778502036212,-0.8659933467155606,0.23584122923987788,-3.671933654292248,58,0.0005260987580905065,False,0.0005260987580905065,0.0018816083133747197
GSE96804,glomerular,sex,P4HA3,0.5759777401619557,0.26462843400602126,2.176552728830531,59,0.0335284512757389,0.5775819711239539,0.265438051572635,2.1759576959745095,58,0.03364537417622793,False,0.03364537417622793,0.061629772572020694
GSE96804,glomerular,sex,P4HB,0.26782678878326055,0.2728283574578697,0.9816677096134279,59,0.33027202625201546,0.26467683686910654,0.26964229907589093,0.9815850027098795,58,0.33038125219092984,False,0.33038125219092984,0.42069123808453174
GSE96804,glomerular,sex,PARD3,0.25450846122584253,0.2730443583913345,0.932113971243728,59,0.35507639931999907,0.25047954858889704,0.2662872772339939,0.9406365605999035,58,0.3507923984478769,False,0.3507923984478769,0.4414819951740785
GSE96804,glomerular,sex,PARD6A,-0.9465425318081873,0.2458975902868705,-3.8493363465006967,59,0.0002937397580472295,-0.9459941406920727,0.24783101563082705,-3.817093426680865,58,0.0003305219631079252,False,0.0003305219631079252,0.0012943904812215393
GSE96804,glomerular,sex,PARP1,-0.09368727324735503,0.2747768687677213,-0.340957641986059,59,0.7343466796644593,-0.09483632571593459,0.276418371926525,-0.3430898064226466,58,0.7327713568369658,False,0.7327713568369658,0.8001132728079643
GSE96804,glomerular,sex,PCOLCE,1.0961306062511726,0.23513113283924664,4.6617842265939755,59,1.8378141964869286e-05,1.095508246669574,0.23690783548381508,4.624195921727613,58,2.150896225563979e-05,False,2.150896225563979e-05,0.0001409138555252663
GSE96804,glomerular,sex,PCOLCE2,-1.213888766981093,0.22511348157203384,-5.392341491518631,59,1.2839002148004326e-06,-1.213509602384738,0.22695600763256968,-5.3468935017104675,58,1.5786786945919983e-06,False,1.5786786945919983e-06,1.889411968871306e-05
GSE96804,glomerular,sex,PDGFA,-0.31074338995970363,0.2720559881230423,-1.142203823939226,59,0.2579835661576507,-0.3118959106986038,0.27366235450288695,-1.1397106893462523,58,0.2590918137783822,False,0.2590918137783822,0.3452915617084523
GSE96804,glomerular,sex,PDGFB,1.2583445374796203,0.22093728150389466,5.6954830299088215,59,4.115305890144376e-07,1.2596144159586822,0.22173753667363258,5.680654862747316,58,4.5521838532158023e-07,False,4.5521838532158023e-07,7.421118328149482e-06
GSE96804,glomerular,sex,PECAM1,0.8635045775914355,0.251024155722822,3.4399262298282856,59,0.0010742954494645958,0.8644832661918859,0.2526104675102113,3.4221989085109494,58,0.0011448506619752786,False,0.0011448506619752786,0.003698342461035347
GSE96804,glomerular,sex,PF4,-0.31056598735300783,0.272059421526721,-1.1415373362561707,59,0.25825841709555164,-0.3085594598207155,0.2721634284520131,-1.133728589383638,58,0.2615728580440347,False,0.2615728580440347,0.3479365720851391
GSE96804,glomerular,sex,PF4V1,-0.1449248902220354,0.27439954200005234,-0.5281528138338064,59,0.5993742638176233,-0.14608919256069808,0.2760173713296716,-0.5292753563188276,58,0.5986344459791701,False,0.5986344459791701,0.677936585834246
GSE96804,glomerular,sex,PICK1,-0.33804857896455226,0.27150359089944776,-1.2450980034726304,59,0.21801839641044526,-0.33597690925432144,0.27144948697280863,-1.237714290791703,58,0.22080916562898584,False,0.22080916562898584,0.30172948363726915
GSE96804,glomerular,sex,PIK3CA,-0.4886772931546142,0.26758838670619484,-1.8262275847238816,59,0.07287694973786696,-0.48942733338817745,0.2695760029112585,-1.8155448856821712,58,0.07461074031966701,False,0.07461074031966701,0.12135064724846073
GSE96804,glomerular,sex,PIK3CB,-0.6674822441192554,0.26095918532526263,-2.5578032184891195,59,0.013122673371784754,-0.6662132539446886,0.2622751837405066,-2.5401307300344347,58,0.013781658662617692,False,0.013781658662617692,0.029275584007560616
GSE96804,glomerular,sex,PIK3R1,0.29439179854638464,0.27236404175092155,1.0808761562424147,59,0.2841506280615439,0.2985347821468353,0.26504357262763323,1.1263611457813194,58,0.2646515586611622,False,0.2646515586611622,0.3507008367135627
GSE96804,glomerular,sex,PIK3R2,-0.3570555424931984,0.27109089018452415,-1.3171063854272655,59,0.19289561472272393,-0.3564023615569891,0.2731883956054738,-1.3046028575521529,58,0.19718110140503955,False,0.19718110140503955,0.27391120428907184
GSE96804,glomerular,sex,PLCG1,1.377035663972015,0.20859446562589834,6.601496640096127,59,1.2741102545611585e-08,1.3742468739527507,0.20469566816489412,6.71360994725944,58,8.858433242637962e-09,False,8.858433242637962e-09,3.44986761282734e-07
GSE96804,glomerular,sex,PLEC,0.46290095118979135,0.2683640754815176,1.724899095973342,59,0.08978104516161486,0.4616511103931612,0.2697968110314923,1.7111066236408352,58,0.09240520299239662,False,0.09240520299239662,0.14426736591908693
GSE96804,glomerular,sex,PLG,-0.9807617866479553,0.2436140651639792,-4.025883259194391,59,0.00016420503354412188,-0.9797096353280389,0.24502648589641732,-3.9983825901262042,58,0.00018269271922808107,False,0.00018269271922808107,0.0007905407171536101
GSE96804,glomerular,sex,PLOD1,-1.1077423578272094,0.2342069743357089,-4.729758201988416,59,1.4430379796966821e-05,-1.1075677122088137,0.23620444636476431,-4.68902143568638,58,1.710981058797256e-05,False,1.710981058797256e-05,0.00011644638079775499
GSE96804,glomerular,sex,PLOD2,0.5186178691479517,0.26663153461909794,1.9450732633288637,59,0.05653665799956795,0.5180703320706294,0.2687584048549889,1.9276432763104059,58,0.05880117336961757,False,0.05880117336961757,0.09884801566451298
GSE96804,glomerular,sex,PLOD3,-0.8012225950632675,0.25450040748881586,-3.148217336738361,59,0.002576648821232688,-0.8019184492647004,0.2564054266044035,-3.1275408632514807,58,0.002755742559551917,False,0.002755742559551917,0.007884798098962833
GSE96804,glomerular,sex,PMEPA1,-0.8797992839971331,0.2500633090694988,-3.5183061732283765,59,0.0008431452722074659,-0.8782072560126521,0.25068502565735074,-3.503229814823608,58,0.0008924111843327528,False,0.0008924111843327528,0.0029789535248440934
GSE96804,glomerular,sex,PPBP,-1.0746338840938765,0.23680703183643112,-4.538015090853191,59,2.844453725797485e-05,-1.0742106429847833,0.2387325083658883,-4.4996412526207665,58,3.326863746777083e-05,False,3.326863746777083e-05,0.000204572937411468
GSE96804,glomerular,sex,PPIB,-0.6358313704155665,0.2622953795719177,-2.4241043492770733,59,0.018429649426106236,-0.6372353001058094,0.2634196304257226,-2.419088125953062,58,0.018717011202789333,False,0.018717011202789333,0.037274502423736706
GSE96804,glomerular,sex,PPM1A,-0.13856293019096144,0.27445523695789475,-0.504865316934065,59,0.6155340492163177,-0.1397950570570037,0.2759842042220388,-0.5065328193367682,58,0.6144028745329008,False,0.6144028745329008,0.6924379663144107
GSE96804,glomerular,sex,PPP1CA,-0.9158592575887284,0.24785918823763578,-3.6950789038760408,59,0.0004830627209196946,-0.9178874450194952,0.2474804163121807,-3.7089296142998194,58,0.0004677300614163205,False,0.0004677300614163205,0.0017533624227424635
GSE96804,glomerular,sex,PPP1CB,0.052753935352981306,0.2749616816586038,0.19185922574652173,59,0.8485112750070152,0.05151345505806204,0.27648519922963133,0.18631541652715444,58,0.8528475526501773,False,0.8528475526501773,0.8949792431254107
GSE96804,glomerular,sex,PPP1CC,0.49963170127802037,0.26724529445919626,1.869562202354532,59,0.06650952968911217,0.5012475393776742,0.2680707278717483,1.8698331718541217,58,0.06655708169068857,False,0.06655708169068857,0.11003894873861482
GSE96804,glomerular,sex,PPP1R15A,-1.017109864011268,0.2410746476514974,-4.219066060739922,59,8.569151413259517e-05,-1.01910188420523,0.2406578009606252,-4.234651360302127,58,8.276597699264177e-05,False,8.276597699264177e-05,0.0004144210705131563
GSE96804,glomerular,sex,PRKCA,-0.7486959718005772,0.2571970482458376,-2.910981976297599,59,0.00507683454290405,-0.7494373394447067,0.2590899344254008,-2.8925760512726155,58,0.005372534147943735,False,0.005372534147943735,0.01345052299181628
GSE96804,glomerular,sex,PRKCZ,-1.206296970040341,0.22580410942717705,-5.34222770834637,59,1.5470683430919757e-06,-1.2051596787637275,0.22688405441648887,-5.311786594537082,58,1.7971752942589213e-06,False,1.7971752942589213e-06,1.998723552767675e-05
GSE96804,glomerular,sex,PROC,-0.9557939579406268,0.245290299963351,-3.896582775932977,59,0.000251716582366459,-0.9561340324604235,0.2473317954429421,-3.8657950578012024,58,0.0002822293155334135,False,0.0002822293155334135,0.0011502485476100168
GSE96804,glomerular,sex,PROCR,0.7861143128411856,0.2552977298554879,3.079206044198545,59,0.0031486167728956966,0.7814067694419277,0.24406610333769205,3.2016193922708154,58,0.0022189378427757015,False,0.0022189378427757015,0.006563187459011674
GSE96804,glomerular,sex,PROS1,0.9738901592505587,0.24408086295050965,3.9900307933933625,59,0.00018497830710217597,0.9713516824589785,0.2421721618585452,4.010996453945657,58,0.0001752241559659927,False,0.0001752241559659927,0.000772529140453842
GSE96804,glomerular,sex,PROZ,-0.6511442814536597,0.2616578746584722,-2.4885330980524203,59,0.015669357492433592,-0.6500545736103709,0.26322665984300947,-2.4695620648686147,58,0.016492614704543294,False,0.016492614704543294,0.03358723302559484
GSE96804,glomerular,sex,PRSS1,-0.48595254971072477,0.2676724773774018,-1.8154744726539869,59,0.07453392822842293,-0.4867086047209641,0.26965581184063614,-1.8049253283241082,58,0.07627813717882535,False,0.07627813717882535,0.12320500959068334
GSE96804,glomerular,sex,PRTN3,0.2237895443964093,0.27350000384114254,0.818243295259306,59,0.4165107970037055,0.22283368610495452,0.27535166554825374,0.8092694324592863,58,0.42166772397425817,False,0.42166772397425817,0.5113997828822751
GSE96804,glomerular,sex,PSEN1,0.5295063051965396,0.2662685565079066,1.9886174775609167,59,0.051388001299872844,0.5290269631246824,0.2684317213703667,1.970806432354399,58,0.05352469691606453,False,0.05352469691606453,0.09129151469138987
GSE96804,glomerular,sex,PSG1,-0.06843787803429853,0.27490309204679725,-0.24895274012650329,59,0.8042619460071506,-0.0669485815672594,0.2760522314802109,-0.24252142867411916,58,0.8092317200527842,False,0.8092317200527842,0.8621146440076015
GSE96804,glomerular,sex,PSG11,0.011579198765736955,0.2750433111133123,0.04209954686360854,59,0.9665614917953846,0.01195289163771924,0.2773355918454523,0.04309901790167666,58,0.96577063697235,False,0.96577063697235,0.972708644421864
GSE96804,glomerular,sex,PSG3,0.5881429990416496,0.26417452009008047,2.2263426421333126,59,0.029822743666106447,0.5897895572000035,0.2648987565230504,2.226471595946063,58,0.029880865307222587,False,0.029880865307222587,0.05570874090522083
GSE96804,glomerular,sex,PSG4,0.23103266686912952,0.2733979077259185,0.8450418249021124,59,0.4015013549840155,0.22981859671494853,0.27493894847713984,0.8358895601655983,58,0.4066474976423162,False,0.4066474976423162,0.4974867292273362
GSE96804,glomerular,sex,PSG5,-0.5414974681873508,0.2658594992164295,-2.0367805919416533,59,0.04616712485700819,-0.5407124317255072,0.2677996749765747,-2.0190929349440214,58,0.04810778409301355,False,0.04810778409301355,0.08409864501048005
GSE96804,glomerular,sex,PSG6,-0.38778458804092675,0.2703744342612782,-1.434250206016847,59,0.1567800830134966,-0.3862196267592112,0.2713346547713399,-1.4234069256088484,58,0.1599754812741039,False,0.1599754812741039,0.23122229355288007
GSE96804,glomerular,sex,PSG7,-0.006502288429280437,0.27504613956205953,-0.023640718752256127,59,0.9812189677811165,-0.00690047253831383,0.2773280856459906,-0.024881982372035285,58,0.980234509793069,False,0.980234509793069,0.9844475520987699
GSE96804,glomerular,sex,PSG8,0.220346848866,0.27354737761929404,0.805516217277231,59,0.42375643242135513,0.22059993529527058,0.27586800574093406,0.7996575561663161,58,0.42717219012828056,False,0.42717219012828056,0.5171808381345849
GSE96804,glomerular,sex,PSG9,-0.2901321370163215,0.27244150288676283,-1.064933697480415,59,0.29124483414347724,-0.28878975387214384,0.2737894125420154,-1.0547878794539818,58,0.2958965024585354,False,0.2958965024585354,0.38388680548465887
GSE96804,glomerular,sex,PSMA1,0.3348502884351926,0.2715707579700496,1.2330130494834861,59,0.22246117539389548,0.3345582422596524,0.27386231956147417,1.2216293311010016,58,0.2267900095156845,False,0.2267900095156845,0.30810038114436983
GSE96804,glomerular,sex,PSMA2,-0.538238317016699,0.26597164842667526,-2.023668011987691,59,0.04754108449795169,-0.5371009156619602,0.2675283836090876,-2.007640865676413,58,0.04934786261868476,False,0.04934786261868476,0.08541444863135313
GSE96804,glomerular,sex,PSMA3,0.03265812078038512,0.2750145783899599,0.11875050759700886,59,0.9058764182220537,0.034999864899510125,0.27436203179967855,0.12756817942310897,58,0.8989319839623184,False,0.8989319839623184,0.9252631307647374
GSE96804,glomerular,sex,PSMA4,0.7863820807459591,0.2552837523037943,3.0804235430155535,59,0.0031375704969709073,0.7885683689286285,0.25464536202260823,3.0967317160821364,58,0.0030130120908731573,False,0.0030130120908731573,0.008448485902808332
GSE96804,glomerular,sex,PSMA5,-0.9792231864110741,0.24371894709947367,-4.017837751495804,59,0.00016866117973464307,-0.9807263554685564,0.2444169730925899,-4.012513300772439,58,0.00017434613317348645,False,0.00017434613317348645,0.000772529140453842
GSE96804,glomerular,sex,PSMA6,0.6118663546902915,0.2632596899932233,2.324193098860072,59,0.023577921010410726,0.6124366246384114,0.2653407936743205,2.3081133366553375,58,0.024578822904786527,False,0.024578822904786527,0.04681998602243303
GSE96804,glomerular,sex,PSMA7,-0.6460783307699313,0.261870631298243,-2.4671660490027087,59,0.016540444122945384,-0.6451393897350146,0.26361819778174816,-2.4472490714359987,58,0.017444808838297406,False,0.017444808838297406,0.03493945998756138
GSE96804,glomerular,sex,PSMB1,-1.0286811316372202,0.2402410429223225,-4.281870904006295,59,6.915518501645898e-05,-1.0257715715421087,0.23694082831027455,-4.329230968159099,58,5.994443556654353e-05,False,5.994443556654353e-05,0.00033087440419013394
GSE96804,glomerular,sex,PSMB3,-1.1411509505832527,0.2314724108511467,-4.929965287816068,59,7.025838186849048e-06,-1.1405531268158922,0.23323318273130625,-4.890183778565737,58,8.349220013567224e-06,False,8.349220013567224e-06,6.503114699456249e-05
GSE96804,glomerular,sex,PSMB4,-0.09111805266320318,0.27479151217448317,-0.33158976397111695,59,0.741374043301372,-0.08893856019580167,0.2745409662746977,-0.3239536940611345,58,0.7471384292673823,False,0.7471384292673823,0.8127011248048459
GSE96804,glomerular,sex,PSMB5,-1.2491468774246468,0.22182015591986937,-5.631349740263867,59,5.242222399214254e-07,-1.2512059559490578,0.22083164270025657,-5.665881667363081,58,4.811674541508403e-07,False,4.811674541508403e-07,7.665872394539525e-06
GSE96804,glomerular,sex,PSMB6,-1.0482974603642186,0.2387995070240302,-4.389864424044767,59,4.7677629295217604e-05,-1.0480501869751897,0.24081757107809648,-4.3520503187672706,58,5.5430268329285674e-05,False,5.5430268329285674e-05,0.0003133598233776553
GSE96804,glomerular,sex,PSMB7,-0.9590255325920384,0.24507642052636397,-3.9131693311510225,59,0.00023838410437758843,-0.9588100523804319,0.24715857973881755,-3.87933145348887,58,0.00027005976198571065,False,0.00027005976198571065,0.00112018871687564
GSE96804,glomerular,sex,PSMC1,-0.5782755457247637,0.26454348357324725,-2.1859375929955567,59,0.03280052435053839,-0.5792714669021051,0.26625628599908824,-2.1756161163612444,58,0.03367218672622529,False,0.03367218672622529,0.061629772572020694
GSE96804,glomerular,sex,PSMC2,-0.8710204782746579,0.2505836563370868,-3.4759668328207143,59,0.0009613911918747544,-0.8696470430306862,0.251604924714189,-3.456399130575696,58,0.0010309899672427836,False,0.0010309899672427836,0.0033615068234287967
GSE96804,glomerular,sex,PSMC3,-0.912726578373711,0.24805497023628603,-3.679533522365178,59,0.000507602942870643,-0.913207309279212,0.2500509060483318,-3.6520855841358166,58,0.000560220090190097,False,0.000560220090190097,0.0019834054708245353
GSE96804,glomerular,sex,PSMC4,-1.112057651900818,0.23386010641577934,-4.755225972247243,59,1.3175898956389202e-05,-1.114498416233283,0.23200392802316272,-4.803791150130933,58,1.1377505358890114e-05,False,1.1377505358890114e-05,8.307949225606219e-05
GSE96804,glomerular,sex,PSMC5,-0.7505704972756453,0.25710442918103127,-2.919321536647495,59,0.004959867715356903,-0.752587008391234,0.25692446972656635,-2.92921499144157,58,0.0048511150181956885,False,0.0048511150181956885,0.012411064334872912
GSE96804,glomerular,sex,PSMC6,-0.6916329625329992,0.25989106190029676,-2.661241819845015,59,0.010013686309704712,-0.6918577299488916,0.2621000682844316,-2.6396701629168824,58,0.010642012777318539,False,0.010642012777318539,0.023607756192722453
GSE96804,glomerular,sex,PSMD1,-0.4365720830262246,0.26911088542087674,-1.6222758226351432,59,0.11007645385554396,-0.435804227215997,0.2710982495288199,-1.6075508712189879,58,0.11336437317993873,False,0.11336437317993873,0.17351184628632543
GSE96804,glomerular,sex,PSMD11,-0.019430237638541653,0.27503580968733327,-0.07064621025396792,59,0.9439182513741388,-0.017156054026943764,0.27455636541578887,-0.0624864551982344,58,0.9503902919422467,False,0.9503902919422467,0.9627508593229984
GSE96804,glomerular,sex,PSMD12,0.23485156873473126,0.27334275294945365,0.8591834471578613,59,0.39371678230785906,0.23573466762747142,0.275266655540409,0.8563865723753296,58,0.3953084135569436,False,0.3953084135569436,0.48864921862552235
GSE96804,glomerular,sex,PSMD13,-0.9266314728076332,0.24717964193187753,-3.7488179267733224,59,0.00040667757307639876,-0.9261278784379771,0.2491538138248347,-3.7170929243293975,58,0.00045571247196219956,False,0.00045571247196219956,0.001726780772137848
GSE96804,glomerular,sex,PSMD14,0.5844954344727512,0.2643116971326337,2.211386937519632,59,0.030895975270391705,0.5833363645625527,0.26582106461887667,2.1944700484851207,58,0.03221997676490559,False,0.03221997676490559,0.059437378189996885
GSE96804,glomerular,sex,PSMD2,0.16809220654979012,0.274175486431702,0.6130825506592561,59,0.5421779831884076,0.1641299926072382,0.26776969649962407,0.6129520806603619,58,0.5423041554546992,False,0.5423041554546992,0.6280291454769159
GSE96804,glomerular,sex,PSMD3,-1.1719103664335988,0.22885272916729393,-5.1208057281978885,59,3.5041245550016105e-06,-1.1713514680339958,0.23061794690598525,-5.079186090020627,58,4.214835975607383e-06,False,4.214835975607383e-06,3.992702728244292e-05
GSE96804,glomerular,sex,PSMD6,-0.249045408549136,0.2731297270041067,-0.9118209551221477,59,0.3655736630507492,-0.24994642189495622,0.27503379763027225,-0.9087843895860357,58,0.3672248453145107,False,0.3672248453145107,0.45805091915564417
GSE96804,glomerular,sex,PSMD7,0.7902916637471573,0.2550790412680058,3.098222652157516,59,0.0029801616165802554,0.7895242944516945,0.2569278025983572,3.072942229167466,58,0.0032268613272092464,False,0.0032268613272092464,0.008870705060288947
GSE96804,glomerular,sex,PSMD8,-1.2093937838947184,0.2255231699030155,-5.3626143354352855,59,1.4341450735323207e-06,-1.2090273175746586,0.22737572816659946,-5.317310371355019,58,1.7609199699285049e-06,False,1.7609199699285049e-06,1.9909756434191643e-05
GSE96804,glomerular,sex,PTPN11,-0.43950349469217814,0.2690299999747903,-1.6336597953141365,59,0.10765594607187766,-0.4424495382652548,0.2664414189926558,-1.6605884323017006,58,0.1021934439655875,False,0.1021934439655875,0.15744528399972932
GSE96804,glomerular,sex,PTPN6,-0.633827190717203,0.26237758167119585,-2.4157063521970303,59,0.018819904255422612,-0.6321095536162139,0.2629374757441401,-2.4040299003680583,58,0.01943091457534249,False,0.01943091457534249,0.03836921441497207
GSE96804,glomerular,sex,PTPRS,0.02388327830071625,0.27502986658043777,0.08683885353131686,59,0.9310936543090894,0.023362440022304354,0.2772498823835852,0.08426492311358882,58,0.933135981078083,False,0.933135981078083,0.9521518525993249
GSE96804,glomerular,sex,PXDN,1.119629226067441,0.23324697866344696,4.800187477167533,59,1.1216504908827468e-05,1.119260001348117,0.23516771948519952,4.759411724526923,58,1.3327640283151175e-05,False,1.3327640283151175e-05,9.533342692335689e-05
GSE96804,glomerular,sex,RBL1,0.25493425789540686,0.27303762571464857,0.9336964355302388,59,0.35426609432887607,0.2596760944704258,0.262687104383377,0.9885376561593339,58,0.3269955310173739,False,0.3269955310173739,0.41829172854594726
GSE96804,glomerular,sex,RHOA,-0.7768892374051249,0.25577591314453835,-3.0373823236674626,59,0.003550900341770053,-0.7788527924885444,0.25569726763030365,-3.045995757821855,58,0.0034861920453923842,False,0.0034861920453923842,0.009435600864170121
GSE96804,glomerular,sex,RNF111,-0.5347838844655319,0.2660897271586428,-2.009787789164418,59,0.04903374802783413,-0.5346338410409844,0.2683686633565247,-1.9921619549549623,58,0.051067643667064976,False,0.051067643667064976,0.08795680150027653
GSE96804,glomerular,sex,SCUBE1,0.1931862254271812,0.27389512147348527,0.7053291945759713,59,0.4833808743630707,0.18994599358227493,0.2704162057060282,0.7024208962859528,58,0.4852263343600046,False,0.4852263343600046,0.5745669938958838
GSE96804,glomerular,sex,SDC1,-1.3169366132335998,0.21507163138111654,-6.123246495954314,59,8.067129445139179e-08,-1.318235058403611,0.21573946314410714,-6.11031027514457,58,8.959382473692944e-08,False,8.959382473692944e-08,1.9626647231433607e-06
GSE96804,glomerular,sex,SDC2,-0.35819667295255614,0.2710653738658223,-1.321440167160059,59,0.19145621786163863,-0.3607464891864827,0.2697614889331232,-1.3372794264043957,58,0.18635246588061,False,0.18635246588061,0.261789736637891
GSE96804,glomerular,sex,SDC3,0.6270397590357989,0.26265385401589136,2.387323656015575,59,0.020194282747275073,0.6266768316395949,0.2648403715519661,2.3662435903078713,58,0.021330938002679815,False,0.021330938002679815,0.04165177587709903
GSE96804,glomerular,sex,SDC4,-1.2955998658683465,0.2172569993297504,-5.963443616847062,59,1.4870263906514344e-07,-1.2954513957226963,0.21911282583576372,-5.912257261898961,58,1.9009429097281538e-07,False,1.9009429097281538e-07,3.5067394203143044e-06
GSE96804,glomerular,sex,SELE,0.4336742755302228,0.2691902879632238,1.6110323994655797,59,0.1125101768589284,0.43170216737603706,0.26932280951403376,1.6029172135661318,58,0.11438551694289643,False,0.11438551694289643,0.17448916438761505
GSE96804,glomerular,sex,SELL,-1.2063644572850054,0.22579799845781598,-5.342671173014764,59,1.5445211596034311e-06,-1.2050228653136408,0.2265383568476571,-5.319288451112041,58,1.7481128956531362e-06,False,1.7481128956531362e-06,1.9909756434191643e-05
GSE96804,glomerular,sex,SELP,-0.4334580090069503,0.26919619172055287,-1.6101936889839596,59,0.11269345233853206,-0.43818849416042494,0.25868554242210834,-1.6939040738713333,58,0.09564782993170096,False,0.09564782993170096,0.14833878049142116
GSE96804,glomerular,sex,SELPLG,-0.3936204636174252,0.270231462769684,-1.4566048660029813,59,0.15052702880427446,-0.3929665970174365,0.2723203110419017,-1.4430308026380416,58,0.1543911107736996,False,0.1543911107736996,0.22407488333822656
GSE96804,glomerular,sex,SERPINA10,-0.327412317353882,0.2717244307148516,-1.2049425091903843,59,0.23303647192955487,-0.32780130316414935,0.273980722927669,-1.1964392956605527,58,0.23639315944068223,False,0.23639315944068223,0.31745518154773605
GSE96804,glomerular,sex,SERPINA5,-0.9960216456839738,0.24256243353124324,-4.1062485694252455,59,0.00012549605461737018,-0.9940565712115723,0.24224075621637556,-4.103589283397282,58,0.00012874099558308057,False,0.00012874099558308057,0.0006016495860249299
GSE96804,glomerular,sex,SERPINC1,-0.7751496499322559,0.2558653530421693,-3.0295217414782343,59,0.0036316686812165196,-0.7731438035234792,0.2556885182609929,-3.0237720832434722,58,0.0037145775280333984,False,0.0037145775280333984,0.009873582521073232
GSE96804,glomerular,sex,SERPIND1,-0.08445700530849339,0.2748275776382707,-0.30730906277410075,59,0.759690266578,-0.08337968350468865,0.2765574286904702,-0.3014913896889359,58,0.7641181380732449,False,0.7641181380732449,0.8253779010276916
GSE96804,glomerular,sex,SERPINE1,0.6972916255483067,0.25963465279825454,2.685664713986108,59,0.009385426585020203,0.6927796494844031,0.24977625704734058,2.7736008925504043,58,0.007444816850036475,False,0.007444816850036475,0.01745423616011896
GSE96804,glomerular,sex,SERPINE2,0.6561257104470907,0.26144687655095095,2.5095947563145757,59,0.014851442464225545,0.6564917676310985,0.26362133468322363,2.490283149578775,58,0.015650567536520166,False,0.015650567536520166,0.032376753048123756
GSE96804,glomerular,sex,SERPING1,-0.7573064209947165,0.2567694216860563,-2.949363736623789,59,0.004558914968335376,-0.756780302685943,0.2588183452984586,-2.9239824627317486,58,0.0049225905407393866,False,0.0049225905407393866,0.012548130796575673
GSE96804,glomerular,sex,SERPINH1,0.5907836075854414,0.26407463515988233,2.2371842234213637,59,0.029065427791558997,0.5875584789626439,0.2603460927810344,2.2568361702159803,58,0.027801217119454397,False,0.027801217119454397,0.052388852690154655
GSE96804,glomerular,sex,SGCA,1.2279239743661647,0.22381959091344847,5.486222047653575,59,9.041998353371833e-07,1.2295222561740844,0.22402082282188615,5.488428444670295,58,9.339014521164442e-07,False,9.339014521164442e-07,1.3093298358672547e-05
GSE96804,glomerular,sex,SGCB,-0.6157939640979369,0.26310442690382074,-2.3404925996286776,59,0.022659116066983915,-0.6142521659359386,0.26400545637622563,-2.3266646620386044,58,0.023497476667040634,False,0.023497476667040634,0.04525200863625133
GSE96804,glomerular,sex,SGCD,0.6728305344547665,0.26072629021189087,2.580601035315467,59,0.012370488482313717,0.6754253513706836,0.25905122324788626,2.607304234670101,58,0.011582984008939728,False,0.011582984008939728,0.025453516583908306
GSE96804,glomerular,sex,SGCE,0.6635535000870119,0.26112895011393067,2.5410951171729645,59,0.013700016050330006,0.6644370212390378,0.2629270729101424,2.527077238128745,58,0.014250464502405793,False,0.014250464502405793,0.029947083363754217
GSE96804,glomerular,sex,SGCG,0.16751122612783803,0.27418151303339083,0.61095011211583,59,0.5435792593614371,0.1718311606508614,0.26608911130779694,0.6457654723499631,58,0.5209780352174588,False,0.5209780352174588,0.6086760044790643
GSE96804,glomerular,sex,SGCZ,-0.48891312946003296,0.2675810850016178,-1.827158782382084,59,0.07273492454877009,-0.48828647022499433,0.269664378887985,-1.810719206735948,58,0.07536460435657563,False,0.07536460435657563,0.12229302697675815
GSE96804,glomerular,sex,SH3PXD2A,1.123739939554644,0.23291167971805513,4.824747049675468,59,1.0269778114219948e-05,1.125660798567991,0.23251827281951004,4.841171340721999,58,9.954026992026252e-06,False,9.954026992026252e-06,7.423162682351493e-05
GSE96804,glomerular,sex,SHC1,0.7088313647773775,0.2591044789745001,2.735697073176174,59,0.008209561531131693,0.7044359618384591,0.24984800377268881,2.8194580352915426,58,0.00657155527835121,False,0.00657155527835121,0.015940000865481654
GSE96804,glomerular,sex,SIRPA,-1.1877039221180148,0.22746853116427104,-5.221398828395697,59,2.4201343826629463e-06,-1.188325447609676,0.22917155271056966,-5.185309579459288,58,2.860927723901059e-06,False,2.860927723901059e-06,2.8650147635066324e-05
GSE96804,glomerular,sex,SIRPG,0.47729490970617544,0.2679363763118032,1.781374057066209,59,0.07999860524397243,0.47833597241772247,0.26963375123802485,1.774021131336267,58,0.0813087102480201,False,0.0813087102480201,0.13042884641616037
GSE96804,glomerular,sex,SKI,0.3352375707507833,0.2715626595391765,1.2344759449611327,59,0.22191986241908632,0.3352818752937076,0.2739003912344959,1.2241014836910578,58,0.22586315960587866,False,0.22586315960587866,0.3074370386091669
GSE96804,glomerular,sex,SKIL,1.6011641148275488,0.17943830021858906,8.923201528754088,59,1.5342173788105184e-12,1.5985888346501496,0.17532592861044563,9.117811879394251,58,8.480360231557546e-13,False,8.480360231557546e-13,1.9815775074406134e-10
GSE96804,glomerular,sex,SLC16A1,0.2548386059296486,0.2730391391535868,0.9333409368328682,59,0.354448023960658,0.2514498079108126,0.26897825021545824,0.9348332354359324,58,0.3537501579655544,False,0.3537501579655544,0.4444065604549349
GSE96804,glomerular,sex,SLC16A3,0.47467213234050976,0.268015336043802,1.7710633255066182,59,0.08171525421447504,0.4758513265907346,0.2695406983287103,1.765415499556302,58,0.08275773574944296,False,0.08275773574944296,0.13214845731289185
GSE96804,glomerular,sex,SLC16A8,-0.22556419305201478,0.27347529337044896,-0.8248064761977093,59,0.41280379578589754,-0.2259721730178425,0.275738858738247,-0.8195151530396122,58,0.41584751324895464,False,0.41584751324895464,0.5059828111534378
GSE96804,glomerular,sex,SLC3A2,-1.3728598094358744,0.20906047206336398,-6.566807182085456,59,1.457514886608825e-08,-1.3733825251015337,0.21066396586638517,-6.519304426142862,58,1.8718927044531646e-08,False,1.8718927044531646e-08,6.906298872745622e-07
GSE96804,glomerular,sex,SLC7A10,-0.7995347182434939,0.254590361184315,-3.1404752109395737,59,0.002635590996695042,-0.7944006169052048,0.24067672851353722,-3.300695592014924,58,0.0016533704393676101,False,0.0016533704393676101,0.0051741637410566725
GSE96804,glomerular,sex,SLC7A11,0.7758247216624715,0.2558306721318856,3.0325711737274372,59,0.003600134142341081,0.7757415409462772,0.25802992662465446,3.0064014321668844,58,0.003902724510787072,False,0.003902724510787072,0.010284999556623074
GSE96804,glomerular,sex,SLC7A5,-0.6461266714556599,0.26186860978263704,-2.4673696934961953,59,0.016531940126147913,-0.643714533801103,0.26075440714064274,-2.4686621440453873,58,0.016530093286491042,False,0.016530093286491042,0.03358723302559484
GSE96804,glomerular,sex,SLC7A6,1.353270571638927,0.2112141412382789,6.407102117808721,59,2.7041008059963927e-08,1.3536355588135427,0.2129381529929945,6.356942331786245,58,3.491089420974698e-08,False,3.491089420974698e-08,9.789014736413054e-07
GSE96804,glomerular,sex,SLC7A7,-1.356280235412084,0.21088668968039198,-6.431322135444328,59,2.4624759318543846e-08,-1.3555483959837362,0.21231990197943423,-6.3844622352691065,58,3.14153990473555e-08,False,3.14153990473555e-08,9.175914471748419e-07
GSE96804,glomerular,sex,SLC7A8,-1.2644401548256776,0.220346634816052,-5.738413731079884,59,3.498493118206322e-07,-1.2652757928030693,0.2217663167279363,-5.705446216863105,58,4.1474747036485067e-07,False,4.1474747036485067e-07,6.92233277918477e-06
GSE96804,glomerular,sex,SLC7A9,-0.9217908264941175,0.24748621965874548,-3.7246147594203793,59,0.00043952776774613603,-0.9217958219828889,0.24961766810706174,-3.692830835946789,58,0.0004923244357054081,False,0.0004923244357054081,0.0017974970282785994
GSE96804,glomerular,sex,SMAD2,-0.1279755966052375,0.27454235821558426,-0.4661415361805289,59,0.6428306508360797,-0.12634989199572266,0.2754524346526696,-0.4586994925459379,58,0.6481642782213018,False,0.6481642782213018,0.7272318350812532
GSE96804,glomerular,sex,SMAD3,0.03312997275025953,0.27501362182139355,0.12046666099970732,59,0.9045227970274553,0.035558261755217244,0.27413227757332137,0.12971205751466672,58,0.8972430473476306,False,0.8972430473476306,0.9252631307647374
GSE96804,glomerular,sex,SMAD4,-0.20150649480895336,0.273793494081999,-0.7359798503780508,59,0.46465904310279005,-0.19779450420412206,0.26846110282322805,-0.7367715550746382,58,0.4642311663465504,False,0.4642311663465504,0.5515695722185285
GSE96804,glomerular,sex,SMAD7,0.08322463528423658,0.27483394968993907,0.3028178846832008,59,0.7630937606923979,0.08247569084588915,0.2768932355850737,0.2978609812248339,58,0.7668736449428714,False,0.7668736449428714,0.8270437309306966
GSE96804,glomerular,sex,SMPD1,-1.1131167951179237,0.23377468634522688,-4.761494122909989,59,1.2883886994248548e-05,-1.1129715843012844,0.23577446805240954,-4.720492398922031,58,1.5304304394628692e-05,False,1.5304304394628692e-05,0.00010728317380634715
GSE96804,glomerular,sex,SMURF1,1.3322927889878984,0.21346259778591578,6.241340650806054,59,5.1243809523101695e-08,1.3306168351379855,0.2133090496421898,6.23797648233864,58,5.504385241893709e-08,False,5.504385241893709e-08,1.4255438652143331e-06
GSE96804,glomerular,sex,SMURF2,1.0667669344372932,0.2374091420047192,4.493369233506973,59,3.32599324594741e-05,1.0668260608783326,0.23945159837939306,4.455288952333603,58,3.881339538630743e-05,False,3.881339538630743e-05,0.00023254863389573938
GSE96804,glomerular,sex,SNTA1,-1.4309160696994683,0.20235452341407742,-7.071332261604003,59,2.0486403882122674e-09,-1.4289669598053383,0.2012484306450965,-7.100512313188344,58,1.986991859459628e-09,False,1.986991859459628e-09,1.1607344112343328e-07
GSE96804,glomerular,sex,SNTB1,-0.177957460247479,0.2740699458071281,-0.6493140272035278,59,0.5186552701281426,-0.17089378773837366,0.24748180155892527,-0.6905307245295932,58,0.4926147457666015,False,0.4926147457666015,0.57940090064159
GSE96804,glomerular,sex,SNTB2,0.7126181357832789,0.2589283660737309,2.7521825692143675,59,0.007852766488181813,0.7131906572687234,0.26096755083024525,2.732871021702776,58,0.00830869711127689,False,0.00830869711127689,0.01897197614008176
GSE96804,glomerular,sex,SNTG2,0.9500433309565387,0.24566865874385746,3.8671735166148578,59,0.0002771380734839399,0.9490527164880089,0.24718182863038107,3.8394922545344463,58,0.0003074000103547633,False,0.0003074000103547633,0.0012174429788626502
GSE96804,glomerular,sex,SNW1,-0.5396979610681457,0.2659215108160017,-2.0295385635108603,59,0.04692165773905105,-0.5372164025398389,0.2646992284175213,-2.029535203980515,58,0.047000557662182293,False,0.047000557662182293,0.08278238924922057
GSE96804,glomerular,sex,SOS1,0.6603958216269503,0.2612645906370511,2.527689726406027,59,0.014179763197581815,0.6632918823017186,0.25863216717587717,2.564614794611613,58,0.012939844731603969,False,0.012939844731603969,0.027739544822184655
GSE96804,glomerular,sex,SP1,-0.8103623421881831,0.2540094589360338,-3.190284116121256,59,0.0022774113319539604,-0.8121124876204107,0.2543735576007222,-3.1925979071108643,58,0.0022786144909480123,False,0.0022786144909480123,0.006683300243324505
GSE96804,glomerular,sex,SPARC,0.1211390397999949,0.27459492407022035,0.44115542270190256,59,0.6607129375829262,0.11827172636552666,0.2724109318742045,0.43416659365250015,58,0.665778345226593,False,0.665778345226593,0.7403366921668849
GSE96804,glomerular,sex,SPN,0.29093189403462294,0.27242704721428507,1.067925879642128,59,0.28990411899166507,0.2905108025573129,0.2746752168294093,1.0576520368699243,58,0.29459938657870305,False,0.29459938657870305,0.38331498349509885
GSE96804,glomerular,sex,SPOCK3,0.26898431613182117,0.2728090557117367,0.98598015901658,59,0.328169134150939,0.26870339338948845,0.27511501784376635,0.9766947493287372,58,0.33277654772474824,False,0.33277654772474824,0.42260210136784154
GSE96804,glomerular,sex,SPP1,0.15408200386080909,0.2743149671279034,0.5616974001603278,59,0.5764497944478661,0.15453976942893763,0.27656235983855076,0.5587881500546695,58,0.5784574516563411,False,0.5784574516563411,0.6587330061322575
GSE96804,glomerular,sex,SRC,0.2126536462230661,0.2736505584696515,0.7770992590415265,59,0.44020491193721734,0.21264734063937224,0.2760073393783274,0.7704408916021372,58,0.4441654119707561,False,0.4441654119707561,0.5328584409017066
GSE96804,glomerular,sex,SSPN,1.1906697488249092,0.22720558089422946,5.240495168026701,59,2.2553585715203563e-06,1.1932189905534496,0.22481111014980798,5.307651342312758,58,1.824797537476907e-06,False,1.824797537476907e-06,1.998723552767675e-05
GSE96804,glomerular,sex,STAT1,-0.03684558791732765,0.27500560970541477,-0.1339812229895839,59,0.8938734058858122,-0.03387036005053051,0.27248061377293203,-0.12430374249947893,58,0.9015045910304076,False,0.9015045910304076,0.9252631307647374
GSE96804,glomerular,sex,STRAP,-0.2940281329388227,0.27237069988475143,-1.0795145478688977,59,0.2847518022228843,-0.2965898594421297,0.27106159462587864,-1.0941788336023233,58,0.27839993073512737,False,0.27839993073512737,0.366150753180721
GSE96804,glomerular,sex,STUB1,-1.2148440179146733,0.22502612452038906,-5.398679911072278,59,1.2539315238609426e-06,-1.216994011302346,0.2238473903453402,-5.436712974070551,58,1.1318619709124205e-06,False,1.1318619709124205e-06,1.4983243072036532e-05
GSE96804,glomerular,sex,TEK,0.49817650677335745,0.26729133481124456,1.8637959480622859,59,0.06732872684272252,0.49683351411676024,0.2685746517331543,1.8498898198717404,58,0.06942600774732383,False,0.06942600774732383,0.11370941923101402
GSE96804,glomerular,sex,TFDP1,0.3441933237305566,0.2713727060593864,1.2683417161902582,59,0.20965785162825634,0.34140565247982996,0.2693602692228971,1.267468485477771,58,0.21005303951514234,False,0.21005303951514234,0.2892871919452156
GSE96804,glomerular,sex,TFDP2,-1.0419989230798192,0.23926628235499528,-4.354976024301758,59,5.3787581487466595e-05,-1.043347263906658,0.24017926959885863,-4.34403546005128,58,5.6976814508091126e-05,False,5.6976814508091126e-05,0.00031952597576137505
GSE96804,glomerular,sex,TFPI,-0.3758768511762409,0.27065930886045014,-1.3887453299086052,59,0.17013066268321325,-0.3766946953467179,0.272617713789051,-1.3817689617858093,58,0.17234198198372713,False,0.17234198198372713,0.24555229546868437
GSE96804,glomerular,sex,TGFB1,0.4826827064825333,0.26777273563472764,1.8025834681726791,59,0.0765618284196487,0.48016236727194994,0.26648039050607897,1.80186754590108,58,0.0767639880013621,False,0.0767639880013621,0.12370472549185019
GSE96804,glomerular,sex,TGFB2,1.108992453110721,0.23410668193570616,4.737124305641514,59,1.4056008364895687e-05,1.108762942139014,0.23608900754392895,4.696376818529796,58,1.6670040809837953e-05,False,1.6670040809837953e-05,0.00011507137641315688
GSE96804,glomerular,sex,TGFB3,1.1666757699451529,0.22930559440754397,5.087864397549867,59,3.953668442254383e-06,1.1659981893932512,0.2309785798946744,5.048079306422886,58,4.719493072683148e-06,False,4.719493072683148e-06,4.1878033467732744e-05
GSE96804,glomerular,sex,TGFBR1,0.9199299455558588,0.24760354894009035,3.7153342490193597,59,0.000452785461370887,0.9183297001686586,0.24817270356255322,3.700365459157714,58,0.0004806634861255548,False,0.0004806634861255548,0.0017700782032059339
GSE96804,glomerular,sex,TGFBR2,-1.1422262714690459,0.23138249860248694,-4.9365283820855455,59,6.8607733889193535e-06,-1.1421822591422832,0.23337400818467882,-4.894213661696317,58,8.229170994843966e-06,False,8.229170994843966e-06,6.48162794088272e-05
GSE96804,glomerular,sex,TGFBR3,-1.197458139688098,0.2266000971562114,-5.28445554400008,59,1.9168586888698227e-06,-1.1972335579951956,0.22851813791512796,-5.2391182989590535,58,2.3484377470902853e-06,False,2.3484377470902853e-06,2.4570968070302835e-05
GSE96804,glomerular,sex,TGIF1,-0.17492695493287888,0.2741030115215023,-0.6381796170785834,59,0.5258261514956162,-0.1746601558247703,0.2764245769258788,-0.6318546554983211,58,0.5299645964676593,False,0.5299645964676593,0.6171182427306131
GSE96804,glomerular,sex,TGIF2,0.05942297238777314,0.2749386231814862,0.21613177406707315,59,0.8296305524104344,0.0595111830832996,0.2773022547645804,0.21460764224157658,58,0.8308260064731587,False,0.8308260064731587,0.8811029206318977
GSE96804,glomerular,sex,THBD,1.146875817121883,0.23099235053177078,4.9649947908735665,59,6.18777610383903e-06,1.14580137961669,0.23222747155275536,4.933961395503533,58,7.13218099457716e-06,False,7.13218099457716e-06,5.951974853807845e-05
GSE96804,glomerular,sex,THBS1,-0.7885796684750455,0.25516882881114145,-3.0904232000010405,59,0.003048205441919394,-0.7890232362340697,0.2572502440524979,-3.0671428092913726,58,0.0032811030887269833,False,0.0032811030887269833,0.008984583067178184
GSE96804,glomerular,sex,TIMP1,0.5447746717469413,0.2657459979821867,2.049982599487569,59,0.044818572565977564,0.5424487133962472,0.2649493052456923,2.0473679404187326,58,0.0451605229573846,False,0.0451605229573846,0.07994324897254192
GSE96804,glomerular,sex,TLL1,0.11664566252514215,0.27462789689917017,0.4247407632006471,59,0.6725706414377253,0.11488679912158409,0.2752904629454844,0.41732938327157026,58,0.6779782804687736,False,0.6779782804687736,0.7484453143442682
GSE96804,glomerular,sex,TMPRSS6,0.2618108157462871,0.27292731170214435,0.9592693897634215,59,0.3413377561498273,0.2649296038849235,0.26985420230410306,0.9817508922331698,58,0.3303001990993823,False,0.3303001990993823,0.42069123808453174
GSE96804,glomerular,sex,TNC,1.040509166587031,0.23937614214958575,4.3467538462409445,59,5.5334672301240546e-05,1.0407787087455742,0.24139201943864053,4.31157049502264,58,6.368120876857888e-05,False,6.368120876857888e-05,0.00034338867189826
GSE96804,glomerular,sex,TNFRSF10A,1.1889361697387526,0.22735939661180227,5.2293249694393085,59,2.350351710667919e-06,1.1895531471959204,0.22906509251795898,5.193079111792898,58,2.780641529029255e-06,False,2.780641529029255e-06,2.8249705968833444e-05
GSE96804,glomerular,sex,TNFRSF10B,1.019906334462444,0.24087431503846463,4.234184679672374,59,8.139154956149247e-05,1.0171483706772988,0.23814294757717602,4.271167301091992,58,7.310034107956604e-05,False,7.310034107956604e-05,0.00038241297833414774
GSE96804,glomerular,sex,TNFRSF10D,1.1661922061200733,0.22934728209772284,5.084831158466352,59,3.997805117316256e-06,1.1650520365769925,0.23046682942834226,5.055183166561657,58,4.599256328227549e-06,False,4.599256328227549e-06,4.133434212932707e-05
GSE96804,glomerular,sex,TNN,-0.0016462488275270513,0.27504735875756164,-0.00598532861745502,59,0.9952446194017037,-0.0015862672488448635,0.2774142203781951,-0.00571804591229075,58,0.9954573066001577,False,0.9954573066001577,0.9954573066001579
GSE96804,glomerular,sex,TNR,-0.15148809689796655,0.27433945293131606,-0.5521921665998702,59,0.582902517639057,-0.1446910606345164,0.25004196644797916,-0.5786671041263753,58,0.5650542691248236,False,0.5650542691248236,0.6461713583303447
GSE96804,glomerular,sex,TNXB,1.297176802580532,0.21709745437199748,5.97508987994771,59,1.422353683648923e-07,1.295361963999497,0.2166690570805024,5.978527720818996,58,1.4786948570821192e-07,False,1.4786948570821192e-07,2.8793474855960155e-06
GSE96804,glomerular,sex,TREM1,-1.4227042183840404,0.20333354668066694,-6.996898650562474,59,2.7382402401852426e-09,-1.422907094973153,0.20505424344154044,-6.9391740989686665,58,3.7081448268242367e-09,False,3.7081448268242367e-09,1.8567210882884214e-07
GSE96804,glomerular,sex,TRIM33,0.5789647091854621,0.2645179337633707,2.188754089177883,59,0.03258479016227162,0.5794833437328017,0.26664281036209203,2.173256961047938,58,0.03385788282637176,False,0.03385788282637176,0.06180827047210053
GSE96804,glomerular,sex,TSPAN7,-0.7295079692617812,0.2581299356463288,-2.8261269559269597,59,0.006421086092104573,-0.7285691539494721,0.2598380506235376,-2.803935575259716,58,0.006855977326610336,False,0.006855977326610336,0.016407293086701663
GSE96804,glomerular,sex,TTR,-0.614332998287567,0.26316230737526547,-2.334426249772683,59,0.022997282224578242,-0.6166370553457937,0.2623714584981649,-2.3502444163533385,58,0.022184274825623605,False,0.022184274825623605,0.0431977129243393
GSE96804,glomerular,sex,UBA52,-0.6321301445738104,0.262446963632249,-2.4086014782764873,59,0.019155838222178978,-0.6306140484819356,0.2633842493880892,-2.3942739550562258,58,0.019906373813662382,False,0.019906373813662382,0.03916794043969713
GSE96804,glomerular,sex,UBB,-1.1505200068057695,0.2306849913232252,-4.987407287341523,59,5.703868490909892e-06,-1.1513837640079476,0.23218390150850596,-4.958930212333292,58,6.517834309165957e-06,False,6.517834309165957e-06,5.571953476494312e-05
GSE96804,glomerular,sex,UBC,-1.422081244427099,0.20340739651214193,-6.991295640236028,59,2.79868333084004e-09,-1.4257107915751719,0.1951563144788324,-7.305481226075375,58,8.988089075613073e-10,False,8.988089075613073e-10,6.300650442004764e-08
GSE96804,glomerular,sex,UBE2D1,-0.517658357307552,0.2666631360405537,-1.9412445416858348,59,0.05700973656174454,-0.517300629224641,0.26888743781503815,-1.923855697492573,58,0.0592846515130756,False,0.0592846515130756,0.09942234619776553
GSE96804,glomerular,sex,UBE2D2,0.04258592727646412,0.27499155835870354,0.15486267116939761,59,0.8774581542600857,0.04273686967344803,0.27734742562348125,0.15409145975440333,58,0.8780725479570418,False,0.8780725479570418,0.9146045410369782
GSE96804,glomerular,sex,UBE2D3,0.16465472022071365,0.2742108386283766,0.6004675856152479,59,0.5504943445046261,0.16579643143107045,0.27585523193502043,0.6010269599313778,58,0.5501637920311337,False,0.5501637920311337,0.6332755635694988
GSE96804,glomerular,sex,UBE2M,-1.140380663157862,0.23153674442958383,-4.925268626227404,59,7.146345260785317e-06,-1.1412124631971026,0.23308012351730703,-4.896223864890665,58,8.169921816847106e-06,False,8.169921816847106e-06,6.48162794088272e-05
GSE96804,glomerular,sex,UCHL5,-0.6881505978747486,0.2600476940867712,-2.6462476442691725,59,0.010418193136285166,-0.6878871608208239,0.26224712637226694,-2.6230493745977195,58,0.011116150483193785,False,0.011116150483193785,0.02450447009031083
GSE96804,glomerular,sex,USP15,0.6208887023087178,0.2629014074880201,2.3616788827462267,59,0.021512596736333985,0.6201889266135392,0.2648848158026895,2.3413532585254444,58,0.02267154948230527,False,0.02267154948230527,0.04390264140081767
GSE96804,glomerular,sex,USP9X,-0.0764995261445332,0.2748670697716398,-0.2783146275328259,59,0.7817439309729054,-0.0702221982579636,0.25471782515787006,-0.2756862352072965,58,0.7837689317168349,False,0.7837689317168349,0.8395171354880183
GSE96804,glomerular,sex,UTRN,0.8364201236483392,0.25257373519471654,3.3115878933473355,59,0.0015870600369688116,0.8342112807579125,0.25182139856586017,3.3127100616103395,58,0.0015948809751144804,False,0.0015948809751144804,0.005036088124122751
GSE96804,glomerular,sex,VCAM1,0.6454148610435627,0.26189835948290763,2.464371530687975,59,0.016657539129846886,0.6466737851113216,0.26324049056488613,2.456589348103813,58,0.017040356007496975,False,0.017040356007496975,0.03433727705674971
GSE96804,glomerular,sex,VCAN,0.9409642841116866,0.24626019208616298,3.821016609060617,59,0.0003220760313890272,0.9405894080398773,0.24829509108395534,3.788191719512644,58,0.00036283206069937646,False,0.00036283206069937646,0.001397501508517928
GSE96804,glomerular,sex,VEGFA,-0.7056594617649505,0.2592511823737136,-2.7219141502225987,59,0.008519218087668588,-0.7064602712778885,0.2611109637096981,-2.705594055649565,58,0.008937695256612976,False,0.008937695256612976,0.020276130663060506
GSE96804,glomerular,sex,VHL,0.5951867848640643,0.2639069984258232,2.2552898877797456,59,0.027838493670153425,0.5921486499170889,0.2608563768882679,2.270017919365348,58,0.026938987689765378,False,0.026938987689765378,0.05090089048659172
GSE96804,glomerular,sex,VPREB1,0.7037704379053279,0.2593381996111917,2.7137168336960906,59,0.008708426807489449,0.7027508183724696,0.2609669791662775,2.692872564251531,58,0.009245718150384807,False,0.009245718150384807,0.020840027084950963
GSE96804,glomerular,sex,VPREB3,0.2757334299731113,0.2726948288043566,1.0111428631854795,59,0.3160769511835744,0.27653911053438485,0.2746844765699826,1.0067518703188518,58,0.31823577565126937,False,0.31823577565126937,0.41007955649180117
GSE96804,glomerular,sex,VWF,1.043106348918118,0.23918448234177447,4.361095413487598,59,5.266350835965996e-05,1.0434072589672279,0.24118739685529478,4.326126790087796,58,6.0585451413246054e-05,False,6.0585451413246054e-05,0.00033180001125535536
GSE96804,glomerular,sex,WTIP,-0.7156265353887595,0.2587876983425885,-2.7653035286144023,59,0.007579031570555633,-0.7149194168874435,0.26072518692942354,-2.7420420148398135,58,0.008106516840720498,False,0.008106516840720498,0.018631699361787112
GSE96804,glomerular,sex,WWTR1,-1.1721787047660637,0.2288294353413305,-5.122499660140306,59,3.482418570700668e-06,-1.1744421727828285,0.22740149084623307,-5.164619494851844,58,3.0860197479999295e-06,False,3.0860197479999295e-06,3.0045831157610423e-05
GSE96804,glomerular,sex,XCL1,0.11744931864253011,0.2746220913903429,0.4276761496058588,59,0.6704439105521018,0.11653088943665875,0.2765240394533352,0.42141323288575755,58,0.6750110735501909,False,0.6750110735501909,0.7475241114671151
GSE96804,glomerular,sex,XCL2,0.07831777149388766,0.2748583906833854,0.2849386234823131,59,0.7766889867349629,0.07770271612222271,0.2770181274808406,0.280496864334616,58,0.7800944299420737,False,0.7800944299420737,0.8374367463849826
GSE96804,glomerular,sex,XCR1,0.5479899423650543,0.2656339285945242,2.062951616401123,59,0.04352712946468659,0.5491973147363418,0.2670934781186893,2.0561988956251978,58,0.044272614907521546,False,0.044272614907521546,0.07856988113967749
GSE96804,glomerular,sex,XPO1,0.9187251014732681,0.24767935881061054,3.7093325252661713,59,0.0004615620642798241,0.9200675444852322,0.24871366196336075,3.6993044017854233,58,0.00048228949616595343,False,0.00048228949616595343,0.0017700782032059339
GSE96804,glomerular,sex,YBX1,0.39661667542085377,0.27015719990356807,1.4680958921784246,59,0.1473895187462363,0.39606253057725876,0.27231258505962586,1.4544407871951144,58,0.15121472666422245,False,0.15121472666422245,0.21992017301165961
GSE96804,glomerular,sex,YES1,-0.15861112053220672,0.27427121139453936,-0.5783002879731497,59,0.5652623623099222,-0.16081689987158407,0.2739472262823427,-0.5870360581999057,58,0.5594577601127098,False,0.5594577601127098,0.6408168134624339
GSE96804,glomerular,sex,ZFYVE9,-0.8354932441457069,0.2526257254749593,-3.307237386750315,59,0.0016079606531280157,-0.8371715742488283,0.2531157299916156,-3.3074656177099677,58,0.0016201678250891756,False,0.0016201678250891756,0.005092993925504539
GSE166239,whole/cortical kidney,age+sex,A2M,1.4577007658153842,0.39265444655675424,3.71242648236428,10,0.004025183558521704,0.7524535846671154,0.6147848249801133,1.2239299899626757,8,0.2557991226345112,False,0.2557991226345112,0.5301339566811603
GSE166239,whole/cortical kidney,age+sex,ACAN,0.757442671165012,0.556142721481193,1.3619573571828651,10,0.20310146118717545,-0.5740905269949269,0.7262535657186782,-0.7904822146061681,8,0.45204030014616176,True,0.45204030014616176,0.6797677553349392
GSE166239,whole/cortical kidney,age+sex,ACKR2,0.9225363321482013,0.530621652642748,1.7385953391715774,10,0.11274009777800098,1.722421574739288,0.8704977421396908,1.9786628860237605,8,0.0832207453969941,False,0.0832207453969941,0.32814086498610806
GSE166239,whole/cortical kidney,age+sex,ACKR3,-0.7320901218427933,0.5595275435728674,-1.3084076561593845,10,0.2200080290522363,0.6413205040951291,0.6135674165185827,1.0452323360552929,8,0.3264670305977817,True,0.3264670305977817,0.5854187738773514
GSE166239,whole/cortical kidney,age+sex,ACTA1,0.4360507644255634,0.5896207592606073,0.7395444573090967,10,0.4765784018283928,0.19200734058237778,1.0362786982970615,0.18528542649569799,8,0.8576165444392957,False,0.8576165444392957,0.9514183539873436
GSE166239,whole/cortical kidney,age+sex,ACTA2,1.2235007363003358,0.46580174054410783,2.6266555699666387,10,0.0253069967330807,0.4492748020574847,0.744664199673346,0.6033253676684919,8,0.5630026320223414,False,0.5630026320223414,0.770567457804072
GSE166239,whole/cortical kidney,age+sex,ACTB,1.1117414725050547,0.49302105076547786,2.2549574116134288,10,0.04777586200299727,0.22323980106407287,0.7795880336510751,0.2863561155737155,8,0.7818811050007023,False,0.7818811050007023,0.8997980967131919
GSE166239,whole/cortical kidney,age+sex,ACTC1,-0.6444618501550972,0.5702048395411367,-1.130228657255378,10,0.28475951087289864,-1.135760303248282,0.9499948802210533,-1.1955436043865868,8,0.2661077871389428,False,0.2661077871389428,0.5359901528188635
GSE166239,whole/cortical kidney,age+sex,ACTG1,1.191731755305187,0.47396646401025927,2.514379910388325,10,0.030681446216573056,0.41252537090663566,0.7652431934612351,0.5390774781553583,8,0.6045069692593619,False,0.6045069692593619,0.792979119028447
GSE166239,whole/cortical kidney,age+sex,ACTN1,1.6751939051417928,0.2933244017879278,5.711062205976816,10,0.00019531659176687128,1.335936977153076,0.47376741755545426,2.8198160693410395,8,0.022500252689667405,False,0.022500252689667405,0.19160150213429822
GSE166239,whole/cortical kidney,age+sex,ADAM10,0.5147378838930633,0.5832419375826775,0.8825460768929988,10,0.39820016407450287,1.0802545069906042,0.9928004807761833,1.0880882190407968,8,0.3082469286173734,False,0.3082469286173734,0.5740467391956331
GSE166239,whole/cortical kidney,age+sex,ADAM12,1.5108276258732425,0.3720304492329744,4.061032178920188,10,0.0022827751500503033,1.4872826964235082,0.6383815857485952,2.3297706726290563,8,0.04817893349661365,False,0.04817893349661365,0.2674285074903477
GSE166239,whole/cortical kidney,age+sex,ADAM15,1.5164953556730911,0.3697172572234911,4.101770545042159,10,0.0021385119835158188,1.4845755072664086,0.6343793866920677,2.3402013659485945,8,0.047400786447622245,False,0.047400786447622245,0.26657075942821223
GSE166239,whole/cortical kidney,age+sex,ADAM17,-0.14257752548248687,0.603849179505442,-0.23611446420985313,10,0.8181096107530351,-0.4885551878943539,1.0391199392018067,-0.4701624610048715,8,0.650789600759267,False,0.650789600759267,0.8212140781069828
GSE166239,whole/cortical kidney,age+sex,ADAM19,1.460131163610711,0.39175038630733977,3.727197763284897,10,0.003928434518358287,0.7614996679718407,0.5972131756156261,1.2750885262818639,8,0.2380596464067,False,0.2380596464067,0.516098775416052
GSE166239,whole/cortical kidney,age+sex,ADAM8,1.3903639594182424,0.4163597875656936,3.3393329541913785,10,0.007498931803725937,1.0261190502271802,0.6937610241033336,1.4790670195884956,8,0.17738433446054974,False,0.17738433446054974,0.44315053799962906
GSE166239,whole/cortical kidney,age+sex,ADAM9,-0.6881671485844872,0.5650745651925737,-1.2178342310451797,10,0.2512418752909584,-0.7769725454697044,0.997420943758454,-0.7789815827828298,8,0.4584111591370509,False,0.4584111591370509,0.6810795732653833
GSE166239,whole/cortical kidney,age+sex,ADAMTS1,1.4909009996964149,0.3799843254360496,3.923585526812289,10,0.002849729305547356,1.018622435921578,0.6407935624858909,1.5896265124292759,8,0.15058252274593564,False,0.15058252274593564,0.42592470701608354
GSE166239,whole/cortical kidney,age+sex,ADAMTS13,-1.12224046198863,0.4906366284881524,-2.2873148819864944,10,0.04521973521512924,-0.1011551215551724,0.7388922767635726,-0.1369010405660791,8,0.894491640186575,False,0.894491640186575,0.953732614992617
GSE166239,whole/cortical kidney,age+sex,ADAMTS14,0.6623056164358607,0.5681564869914082,1.1657098556473513,10,0.2707825708664639,0.07340926454107388,0.9503280942793794,0.0772462320991774,8,0.940324673155405,False,0.940324673155405,0.9699052091664644
GSE166239,whole/cortical kidney,age+sex,ADAMTS16,0.07919821085018074,0.6050119263340846,0.13090355314160843,10,0.8984476279922322,0.1702132522325064,1.076287139478438,0.1581485516169883,8,0.8782588631585093,False,0.8782588631585093,0.9523747064442404
GSE166239,whole/cortical kidney,age+sex,ADAMTS18,-0.8571956769502797,0.5414685806290536,-1.5830940291206346,10,0.14448226127343436,-0.1554672182576724,0.8957293722383718,-0.17356494391734584,8,0.8665187401008806,False,0.8665187401008806,0.9523747064442404
GSE166239,whole/cortical kidney,age+sex,ADAMTS2,1.6275675303215538,0.3190126331212708,5.101890525140562,10,0.0004627483232136274,2.1952284628813055,0.4937420529460205,4.446103891258588,8,0.0021504117904915516,False,0.0021504117904915516,0.07633961856245008
GSE166239,whole/cortical kidney,age+sex,ADAMTS3,1.026594158674691,0.5111527266915116,2.0083902619857414,10,0.07236871527886972,1.6858201878632784,0.8287747272077487,2.034111481105401,8,0.07636852169398475,False,0.07636852169398475,0.30983800230130953
GSE166239,whole/cortical kidney,age+sex,ADAMTS4,1.2666013393919011,0.4541351906335061,2.7890402803293597,10,0.01915128108056809,1.7208174950158126,0.7804317415504819,2.204955799974343,8,0.05853973580943929,False,0.05853973580943929,0.28664284430828896
GSE166239,whole/cortical kidney,age+sex,ADAMTS5,0.5515733396588132,0.5798649426930629,0.951210012968097,10,0.36392162470419415,0.412285949383191,1.019320133097098,0.40447150605227733,8,0.6964642195055613,False,0.6964642195055613,0.847091384751946
GSE166239,whole/cortical kidney,age+sex,ADAMTS8,0.7803766518083142,0.5529628331071729,1.4112642027372297,10,0.18851351947238476,0.3376410245551368,0.9595979204469133,0.3518567697581997,8,0.7340340153489188,False,0.7340340153489188,0.8663185017676553
GSE166239,whole/cortical kidney,age+sex,ADAMTS9,-0.32005326568756826,0.5970119407339679,-0.5360919000951538,10,0.6036143715259514,0.08247776916567096,0.8965259099887204,0.09199708368351411,8,0.9289623473166847,True,0.9289623473166847,0.9667634585177673
GSE166239,whole/cortical kidney,age+sex,ADRM1,1.2691575484769517,0.45342097258625347,2.799071117592652,10,0.018824521909502148,1.3612994498439766,0.7806551857011833,1.7437909524949347,8,0.11935457908628005,False,0.11935457908628005,0.36645081578922745
GSE166239,whole/cortical kidney,age+sex,AGRN,1.5430179437911076,0.3585752768674004,4.303191110305435,10,0.0015536223011174493,1.66710167776071,0.6241956389702051,2.6707999442467845,8,0.028327096278746907,False,0.028327096278746907,0.20355602436025327
GSE166239,whole/cortical kidney,age+sex,AJUBA,1.1773400579461868,0.4775496889981122,2.465377080270365,10,0.03336790953782395,0.7991075763209814,0.8130755213085171,0.9828208516657142,8,0.35448097042841803,False,0.35448097042841803,0.6082936290131161
GSE166239,whole/cortical kidney,age+sex,ANGPT1,-0.6067754817789459,0.57432483677607,-1.0565022491192182,10,0.31559373423444814,0.9344410935675831,0.6727363835447974,1.3890152464235777,8,0.2022705270441779,True,0.2022705270441779,0.4730280269990692
GSE166239,whole/cortical kidney,age+sex,ANGPT2,0.4159239233047027,0.5910730882631597,0.7036759608306232,10,0.49769163480146295,1.1669202047105636,0.9859112533461772,1.1835955830203204,8,0.2705479450509196,False,0.2705479450509196,0.5391973080313065
GSE166239,whole/cortical kidney,age+sex,ANO5,-1.5291604303062059,0.3644633102319637,-4.1956498428688676,10,0.0018413650140640227,-1.4293120307659293,0.6466932417237647,-2.210185507669895,8,0.05806421266253882,False,0.05806421266253882,0.28664284430828896
GSE166239,whole/cortical kidney,age+sex,ANO6,-0.9507164035313946,0.5256239137180686,-1.8087388695966655,10,0.1006090154500847,-1.069177263325299,0.9228723948179834,-1.1585320671945887,8,0.28005921490456587,False,0.28005921490456587,0.5501397104935817
GSE166239,whole/cortical kidney,age+sex,APOB,-1.0853169734084096,0.49887410575196994,-2.1755327865183025,10,0.05465661104700202,-1.4075670902713535,0.7831926058991938,-1.7972170315056883,8,0.11001992489083866,False,0.11001992489083866,0.35854921632147435
GSE166239,whole/cortical kidney,age+sex,APP,1.1989616831230117,0.47213955024648185,2.539422258730687,10,0.02939225373542978,0.43902281571298696,0.7656858500832392,0.5733719849534374,8,0.5821476400984944,False,0.5821476400984944,0.7761968534646593
GSE166239,whole/cortical kidney,age+sex,ARNT,1.0346830423484148,0.5095191525883296,2.030704904991856,10,0.06972242432772201,0.10044061135545074,0.7590000807733257,0.13233280720222634,8,0.8979889086920508,False,0.8979889086920508,0.953732614992617
GSE166239,whole/cortical kidney,age+sex,ASPN,-0.9440556230166448,0.5268230867489883,-1.7919784587315408,10,0.10339371014264055,-1.1001467433253536,0.9019796733235207,-1.2197023678722687,8,0.2573131117162852,False,0.2573131117162852,0.5301339566811603
GSE166239,whole/cortical kidney,age+sex,ATP1B1,0.7878537123384179,0.5519015487042266,1.4275258226547252,10,0.1839019158019346,0.32871202873299643,0.8992600089825004,0.3655361357667059,8,0.7241874489601006,False,0.7241874489601006,0.8587441983493468
GSE166239,whole/cortical kidney,age+sex,ATP1B2,-1.1238516359958504,0.49026769901107264,-2.292322415412622,10,0.04483620826870965,0.03209375951115466,0.6761787010733729,0.04746342861762535,8,0.9633073753961259,True,0.9633073753961259,0.9722724956135576
GSE166239,whole/cortical kidney,age+sex,ATP1B3,-0.4753707791331284,0.5865738904019707,-0.8104192615995295,10,0.43656082026512333,-0.20285381635268307,1.027176314104461,-0.19748685164098653,8,0.8483720503907715,False,0.8483720503907715,0.9448535776901141
GSE166239,whole/cortical kidney,age+sex,BAMBI,-0.3842892906150808,0.5932106209252516,-0.6478125594172458,10,0.5316970146602341,0.2181987190920862,1.0193445418975267,0.21405786770183288,8,0.8358570627126676,True,0.8358570627126676,0.9401323002391984
GSE166239,whole/cortical kidney,age+sex,BGN,1.5300008434600467,0.36411043457695785,4.202024161262173,10,0.0018228330463956964,0.957716480924084,0.5930973814392332,1.614771049233183,8,0.14502376574453066,False,0.14502376574453066,0.4181395885426062
GSE166239,whole/cortical kidney,age+sex,BMP1,1.6550826340901525,0.30452719763592023,5.4349255072740625,10,0.00028689308941655633,1.6965990955827557,0.48940192715340314,3.4666784118546317,8,0.008484061487020255,False,0.008484061487020255,0.11473683153875011
GSE166239,whole/cortical kidney,age+sex,BMP2,1.114706135073865,0.49235118554699875,2.2640468181983437,10,0.0470440146931817,0.33610281064584147,0.7777693117129886,0.4321368889003809,8,0.677053426691221,False,0.677053426691221,0.8360137964361164
GSE166239,whole/cortical kidney,age+sex,BMP4,0.6442621321976024,0.5702274082927675,1.1298336818401822,10,0.28491822376944265,0.27400242862385454,0.9236437757333792,0.29665379210323245,8,0.7742867434901094,False,0.7742867434901094,0.8957125668072956
GSE166239,whole/cortical kidney,age+sex,BMP7,-1.0595285812534507,0.5043873364958439,-2.100624866227547,10,0.06201207862639831,-0.1637115460343322,0.7938050963162748,-0.20623645123223647,8,0.8417581041219181,False,0.8417581041219181,0.9411783526402548
GSE166239,whole/cortical kidney,age+sex,BSG,1.1557746062591028,0.4827889524619719,2.3939541291598636,10,0.03770308281286346,0.9268545413242026,0.8310929940812165,1.1152236247026144,8,0.29713195669120335,False,0.29713195669120335,0.565954334056862
GSE166239,whole/cortical kidney,age+sex,C1QA,1.8246823073481913,0.18363037437122093,9.936712886395775,10,1.6847440579801634e-06,1.7203770618828989,0.3162328941421687,5.4402217281971605,8,0.0006158125408837531,False,0.0006158125408837531,0.04182029729060741
GSE166239,whole/cortical kidney,age+sex,C1QB,1.8375229113923575,0.17034559482851938,10.787029234551817,10,7.904787028366425e-07,1.7747095926550822,0.30108944118634956,5.8942936878237555,8,0.0003640802583367691,False,0.0003640802583367691,0.039884574111027714
GSE166239,whole/cortical kidney,age+sex,C1QC,1.7761355154044123,0.22627622446597626,7.849412900520968,10,1.3901940726562762e-05,1.5636663429081032,0.3794640432689582,4.120723348219322,8,0.0033408714223772907,False,0.0033408714223772907,0.09855017136646506
GSE166239,whole/cortical kidney,age+sex,C1R,1.8255370436458118,0.18277887431089382,9.987680745536837,10,1.6076126032376929e-06,1.4361501893365922,0.27142828016418813,5.291085322678458,8,0.0007362728396233699,False,0.0007362728396233699,0.04182029729060741
GSE166239,whole/cortical kidney,age+sex,C1S,1.6763291335126604,0.2926751275396253,5.727610499753526,10,0.00019093221984354256,0.9725790617445246,0.41157451228654107,2.3630692200575534,8,0.045738567960067464,False,0.045738567960067464,0.2597950660131832
GSE166239,whole/cortical kidney,age+sex,C2,1.2683610796097253,0.4536437851881053,2.7959406058738225,10,0.01892589314485746,0.2552728048094488,0.6303783627617154,0.40495172405836927,8,0.6961251936050626,False,0.6961251936050626,0.847091384751946
GSE166239,whole/cortical kidney,age+sex,C3,1.344735035391035,0.4310863430054979,3.1194099678863747,10,0.010884902627098812,0.9399757029379757,0.6947025413729138,1.3530621337304138,8,0.21302803231988168,False,0.21302803231988168,0.4859434632839068
GSE166239,whole/cortical kidney,age+sex,C3AR1,1.5325158476143037,0.36305121449702926,4.221211185693042,10,0.0017682273363246578,1.2961881644090365,0.6132663795327054,2.1135809946025437,8,0.0674961386186216,False,0.0674961386186216,0.2977825597287273
GSE166239,whole/cortical kidney,age+sex,C4A,0.11715509564747274,0.6043956775350481,0.1938384075234871,10,0.8501832483986568,-1.234884248596294,0.87299024468077,-1.4145453011881701,8,0.19492155304030706,True,0.19492155304030706,0.4651909333062791
GSE166239,whole/cortical kidney,age+sex,C4B,-0.32797017871401507,0.5965821174441087,-0.5497485913910941,10,0.5945559190111652,-1.793016743342541,0.7861820643601859,-2.2806635061075093,8,0.05201742523231902,False,0.05201742523231902,0.2761298834762355
GSE166239,whole/cortical kidney,age+sex,C5,-1.3193071429685548,0.438873025962956,-3.006124926620379,10,0.013204740191188218,-0.7148703605262263,0.7316458297621579,-0.9770715986430417,8,0.35715071209063187,False,0.35715071209063187,0.6091940074098466
GSE166239,whole/cortical kidney,age+sex,C5AR1,1.3920827700879468,0.4157850680208387,3.3480826445123255,10,0.007389167364211965,0.879852103864657,0.6976132029240389,1.2612320124916865,8,0.24275933814394618,False,0.24275933814394618,0.5183733235554941
GSE166239,whole/cortical kidney,age+sex,C5AR2,-0.8741248354368742,0.5387552727110076,-1.6224896158107047,10,0.1357636767979077,0.3311938010243056,0.7807592871215766,0.42419450717687524,8,0.682600622746516,True,0.682600622746516,0.8378674517839276
GSE166239,whole/cortical kidney,age+sex,C6,1.2243435249283094,0.465580240091092,2.6297153948989833,10,0.025174446379761756,1.145745847820395,0.6307105688994543,1.816595288421504,8,0.10680730124074865,False,0.10680730124074865,0.35854921632147435
GSE166239,whole/cortical kidney,age+sex,C7,1.462715020790016,0.39078529074440976,3.7430145285245495,10,0.0038275208367465675,0.7536363317373339,0.6148472002297074,1.2257294681601782,8,0.25515694429234687,False,0.25515694429234687,0.5301339566811603
GSE166239,whole/cortical kidney,age+sex,C9,-1.2151689920873037,0.4679776690544317,-2.596638840786149,10,0.02664472213580839,-2.2657179681923743,0.562979135266589,-4.024514988676237,8,0.0038170841022222377,False,0.0038170841022222377,0.09855017136646506
GSE166239,whole/cortical kidney,age+sex,CAPN1,1.4073343257841038,0.4106186505915762,3.427351202281154,10,0.0064671597273316,2.361261256494115,0.435439655824693,5.42270605101882,8,0.0006287712799004163,False,0.0006287712799004163,0.04182029729060741
GSE166239,whole/cortical kidney,age+sex,CAPN10,1.290903718721015,0.44723978531196434,2.8863794347378278,10,0.01620739487820558,2.082438423549267,0.7098112829314196,2.9337916621289715,8,0.01888821656175065,False,0.01888821656175065,0.1818391018148198
GSE166239,whole/cortical kidney,age+sex,CAPN11,1.0744989902186395,0.5012103936158738,2.143808276733647,10,0.057663525298756596,0.8516465000818295,0.8714096320699433,0.977320503170055,8,0.3570348170564215,False,0.3570348170564215,0.6091940074098466
GSE166239,whole/cortical kidney,age+sex,CAPN12,-0.23373888531013992,0.6010018968489733,-0.38891538701561956,10,0.705491313519713,-1.6188703530010171,0.8574289170918736,-1.888051966443715,8,0.09571244605467337,False,0.09571244605467337,0.3493177927601298
GSE166239,whole/cortical kidney,age+sex,CAPN13,-1.6741187709808594,0.29393757965190587,-5.695490766996946,10,0.00019954097199902237,-1.8376739153913029,0.518029321894712,-3.547432235437833,8,0.007537629358938394,False,0.007537629358938394,0.11473683153875011
GSE166239,whole/cortical kidney,age+sex,CAPN14,-0.006051555849898664,0.605527046905294,-0.009993865477730084,10,0.9922227487166654,0.8058739414456437,0.8328257092137192,0.9676381655010134,8,0.3615640068581799,True,0.3615640068581799,0.6130398683446155
GSE166239,whole/cortical kidney,age+sex,CAPN15,1.0292417609256823,0.5106200215652795,2.0156705915498465,10,0.07149508306228658,0.7802481653815728,0.9000065931694395,0.8669360550280765,8,0.41122405310004273,False,0.41122405310004273,0.6470228868720894
GSE166239,whole/cortical kidney,age+sex,CAPN2,0.9765102456493726,0.5208737281538077,1.874754269351479,10,0.09029948307638602,0.6885123051975385,0.8740821805310002,0.7876974505752663,8,0.45357742829567244,False,0.45357742829567244,0.6797677553349392
GSE166239,whole/cortical kidney,age+sex,CAPN3,-0.7658584554854735,0.5549889632081046,-1.3799525869099112,10,0.19767058005584462,0.35857425866779297,0.723032021090515,0.4959313670879643,8,0.6332788779145032,True,0.6332788779145032,0.8119693062199499
GSE166239,whole/cortical kidney,age+sex,CAPN5,0.21675601858213922,0.6016380552354619,0.36027644311380513,10,0.726133692775869,-0.3292056923860043,1.018082169690236,-0.3233586661145133,8,0.7547143584220697,True,0.7547143584220697,0.8820529950282625
GSE166239,whole/cortical kidney,age+sex,CAPN6,0.3884713866197159,0.5929381627492383,0.6551634066164937,10,0.5271455807847741,0.6065872487468229,1.0192211021993358,0.5951478510775463,8,0.5681931958232272,False,0.5681931958232272,0.7720902756640983
GSE166239,whole/cortical kidney,age+sex,CAPN7,-0.7538090064081746,0.556636205121854,-1.3542220205442033,10,0.20547424099970835,-1.617231693045434,0.9095304736821381,-1.7780951159318963,8,0.11327917482586339,False,0.11327917482586339,0.36147019581636963
GSE166239,whole/cortical kidney,age+sex,CAPN8,1.0719845900831793,0.5017485132305689,2.1364977908575673,10,0.058378582718452594,0.09872919644078884,0.7671268919820958,0.12869995495229375,8,0.9007717829945212,False,0.9007717829945212,0.953732614992617
GSE166239,whole/cortical kidney,age+sex,CAPNS1,1.2374045476043385,0.4621143421529751,2.6777021068840074,10,0.023183992037318427,0.6581896472579231,0.7674352699170919,0.8576484207313394,8,0.41603929811813617,False,0.41603929811813617,0.6509926207468356
GSE166239,whole/cortical kidney,age+sex,CAPNS2,-0.9510673469082392,0.5255604216749572,-1.8096251309738938,10,0.10046370150008938,-0.04829330206279053,0.8408317769060343,-0.057435153367410695,8,0.955607221166326,False,0.955607221166326,0.971028782579933
GSE166239,whole/cortical kidney,age+sex,CASK,-0.702622657640334,0.5632928250596753,-1.2473488501578165,10,0.24069050691477153,-0.7815563888393237,0.9404879101040685,-0.8310116275209125,8,0.4300693044546182,False,0.4300693044546182,0.6600684607751419
GSE166239,whole/cortical kidney,age+sex,CASP3,-0.7152919287470999,0.5616960141692231,-1.2734502483608556,10,0.23166229571384697,-0.14598628941490782,0.9649507679264017,-0.1512888473353103,8,0.8834932820024547,False,0.8834932820024547,0.9523747064442404
GSE166239,whole/cortical kidney,age+sex,CAST,0.9544952532798576,0.5249386133761631,1.818298804770684,10,0.09905169578424594,0.31101718641883785,0.8878335225956805,0.3503102535591857,8,0.7351505595986089,False,0.7351505595986089,0.8663185017676553
GSE166239,whole/cortical kidney,age+sex,CAV1,-0.20778675188173765,0.6019544278771528,-0.3451868484704342,10,0.7371045015513908,-0.11654534659999688,1.050246975652732,-0.11096946651768605,8,0.9143740892624482,False,0.9143740892624482,0.9573665456198379
GSE166239,whole/cortical kidney,age+sex,CBL,-0.02260614627065569,0.6054878717874913,-0.037335423753276746,10,0.9709523703302895,-0.627764920464105,0.9648763237872989,-0.6506169806302471,8,0.5335297930694952,False,0.5335297930694952,0.7495954851079666
GSE166239,whole/cortical kidney,age+sex,CCL11,-0.18074815513570996,0.6028264071091862,-0.2998345012828414,10,0.7704432118237451,0.8863925717884302,0.9345281909220597,0.9484920630525483,8,0.3706466038411508,True,0.3706466038411508,0.6144743344054228
GSE166239,whole/cortical kidney,age+sex,CCL19,1.7036835964430777,0.27642880998142133,6.163191154198369,10,0.00010646272632474636,1.0957903711646653,0.4011003189208312,2.731960857355866,8,0.025767540292716294,False,0.025767540292716294,0.19778328224679534
GSE166239,whole/cortical kidney,age+sex,CCL2,1.7200834234135007,0.2660788761184843,6.464562119721039,10,7.212865257063213e-05,1.3271371243771262,0.37753258838971065,3.5152915673790246,8,0.007900147817192076,False,0.007900147817192076,0.11473683153875011
GSE166239,whole/cortical kidney,age+sex,CCL21,1.7969326893868156,0.20921270909763892,8.589022613096573,10,6.286841220467872e-06,1.4778749129279751,0.2981684986299774,4.956509221190383,8,0.0011117581328244576,False,0.0011117581328244576,0.05262321828702433
GSE166239,whole/cortical kidney,age+sex,CCL28,1.6093684405192805,0.32811581634038983,4.904879193174002,10,0.0006186083477462599,1.9926115271989588,0.5189939462098746,3.839373352523021,8,0.004951590155157181,False,0.004951590155157181,0.10250021504891724
GSE166239,whole/cortical kidney,age+sex,CCL3,0.46489626472547313,0.5874128130804578,0.791430241855818,10,0.4470584290986796,0.36084693657705186,0.9858446871089512,0.36602817999177656,8,0.7238342720828285,False,0.7238342720828285,0.8587441983493468
GSE166239,whole/cortical kidney,age+sex,CCL4,0.3424463545810645,0.5957681731093736,0.5747980003594397,10,0.5781294799593797,1.3623193889428424,0.8919635475532884,1.5273263046228396,8,0.1651985214060501,False,0.1651985214060501,0.44103297960712945
GSE166239,whole/cortical kidney,age+sex,CCL5,1.7348192499383668,0.2563335398869894,6.767819968870254,10,4.932393793939504e-05,1.1769507282677862,0.3249102404693854,3.6223872986197376,8,0.0067591673861936786,False,0.0067591673861936786,0.10969163072451454
GSE166239,whole/cortical kidney,age+sex,CCNC,-1.0244982859587497,0.5115730572200076,-2.0026431640596605,10,0.07306546867326413,-0.20572595139443278,0.7706165001866898,-0.2669628165820399,8,0.7962505081911756,False,0.7962505081911756,0.9078435268541754
GSE166239,whole/cortical kidney,age+sex,CCNK,-0.03847836978748004,0.6054078031975771,-0.06355776979458998,10,0.9505748799113095,-1.7094145237182785,0.754696392491654,-2.2650360339932094,8,0.05330178673443219,False,0.05330178673443219,0.28027765155160245
GSE166239,whole/cortical kidney,age+sex,CCNT1,-0.9545627114312286,0.5249263468918022,-1.818469804541899,10,0.09902404285464089,-1.0259990903882974,0.933908105815944,-1.0986081863931298,8,0.3038992919691903,False,0.3038992919691903,0.569685801447195
GSE166239,whole/cortical kidney,age+sex,CCNT2,-0.17765005234461023,0.6029184957826907,-0.2946501949886116,10,0.7742871755193405,-1.4105233935467163,0.8915039775024259,-1.5821840722442295,8,0.15226467479035863,False,0.15226467479035863,0.42592470701608354
GSE166239,whole/cortical kidney,age+sex,CCR1,0.6431863958736082,0.5703488342084856,1.1277070404925162,10,0.28577395966068947,-0.687837594805156,0.8112999577011747,-0.8478215588154961,8,0.4211773107892292,True,0.4211773107892292,0.6536303620991316
GSE166239,whole/cortical kidney,age+sex,CCR2,1.6385810007754238,0.31332394906302297,5.229670459840382,10,0.00038447629282892227,1.5780349540787426,0.5115447380751805,3.084842510581787,8,0.015006364175161024,False,0.015006364175161024,0.160822921726254
GSE166239,whole/cortical kidney,age+sex,CCR4,1.5934519901885944,0.33579419614261835,4.745323202405274,10,0.0007857645025605266,1.291489643954961,0.5788949056837069,2.2309570032053405,8,0.056212991954742414,False,0.056212991954742414,0.28664284430828896
GSE166239,whole/cortical kidney,age+sex,CCR5,1.6992081852588645,0.2791698783565201,6.086645863307836,10,0.00011775278419233046,1.9844930219926173,0.39309065731368326,5.048435990705848,8,0.000991177154676096,False,0.000991177154676096,0.05118078398691113
GSE166239,whole/cortical kidney,age+sex,CCR7,1.629651156284163,0.3179471301157407,5.125541330380711,10,0.0004470674315344978,1.3204117403811506,0.49155758792713233,2.6861791432195044,8,0.02765988621389963,False,0.02765988621389963,0.20355602436025327
GSE166239,whole/cortical kidney,age+sex,CCRL2,0.28458890199549547,0.5988051288631107,0.475261296668943,10,0.6448111179649082,-1.2277755400231194,0.8110014500536437,-1.5139005484415697,8,0.16851103456324704,True,0.16851103456324704,0.44315053799962906
GSE166239,whole/cortical kidney,age+sex,CD151,1.3992098673468916,0.4133858262913424,3.3847553020861647,10,0.00694682712559214,1.197024074271921,0.7300654550164744,1.6396119910164897,8,0.13971697788071424,False,0.13971697788071424,0.4091794976813953
GSE166239,whole/cortical kidney,age+sex,CD2,1.7358251091392858,0.2556516882690691,6.789804991674294,10,4.8004935763771656e-05,1.4496737247064482,0.39302239719390225,3.688527002676732,8,0.0061432191928982366,False,0.0061432191928982366,0.1057378333807939
GSE166239,whole/cortical kidney,age+sex,CD244,-0.2532144577537824,0.6002123878304351,-0.4218747611475782,10,0.6820422224624004,0.8045627739444061,0.9487143593770305,0.8480558621171488,8,0.421054287777211,True,0.421054287777211,0.6536303620991316
GSE166239,whole/cortical kidney,age+sex,CD44,0.9492446285669746,0.5258898460517577,1.8050255879508854,10,0.10121995864814821,0.1784553370305274,0.7036072653293124,0.25362918466597156,8,0.8061786117670711,False,0.8061786117670711,0.9139909211251425
GSE166239,whole/cortical kidney,age+sex,CD46,0.721603304703584,0.5608881650835158,1.286536870672138,10,0.22724129147543337,0.5433429656395592,0.9264258323391934,0.5864937555418083,8,0.5737159743533828,False,0.5737159743533828,0.773448592071002
GSE166239,whole/cortical kidney,age+sex,CD47,0.9893419587940554,0.5184466371032035,1.9082811768670305,10,0.085446984738892,-0.01055106582209761,0.7631780313503549,-0.013825169735859306,8,0.9893080239733331,True,0.9893080239733331,0.9910528353030921
GSE166239,whole/cortical kidney,age+sex,CD48,1.7496045103646212,0.24607940262818442,7.1099185534361835,10,3.256594031033715e-05,1.2100054533780404,0.3300825513140412,3.6657661804935544,8,0.006348147121530967,False,0.006348147121530967,0.10605139897145852
GSE166239,whole/cortical kidney,age+sex,CD55,1.0486550352394863,0.5066546440854498,2.0697629982892756,10,0.06530972052204373,1.653221609088853,0.7531000632459861,2.1952217105960576,8,0.0594351110353827,False,0.0594351110353827,0.2885396843427126
GSE166239,whole/cortical kidney,age+sex,CD58,-1.370339982675359,0.4229462139028984,-3.2399864040158235,10,0.008869620710731673,-0.9216706925763613,0.72470415750318,-1.271788885207709,8,0.23917176898014414,False,0.23917176898014414,0.51653826912822
GSE166239,whole/cortical kidney,age+sex,CD59,1.0919780404450412,0.497418397915927,2.195290815579374,10,0.05286066126113756,0.35294983089171483,0.8107333321336013,0.43534639184361545,8,0.6748177246600686,False,0.6748177246600686,0.8350685568778191
GSE166239,whole/cortical kidney,age+sex,CD74,1.3844845402042187,0.41831438232532453,3.3096747295853204,10,0.007883650882930866,0.6375445550213162,0.6626260314676737,0.9621483683778561,8,0.36415108664108287,False,0.36415108664108287,0.6137620688787391
GSE166239,whole/cortical kidney,age+sex,CD81,1.3562453088724424,0.4274652417247699,3.17276161074561,10,0.009940908066239786,0.8074403673844684,0.7058465995847221,1.1439317946130478,8,0.2857239693584623,False,0.2857239693584623,0.5501397104935817
GSE166239,whole/cortical kidney,age+sex,CD84,1.729264722640059,0.26005964425478734,6.649492763844022,10,5.712969406773785e-05,1.4117893168308193,0.4366143411028222,3.2334927736566135,8,0.011994020679013007,False,0.011994020679013007,0.1449490158655189
GSE166239,whole/cortical kidney,age+sex,CD99,1.0791562193987072,0.5002088084789945,2.157411467183359,10,0.05635524190973005,0.5871872190174316,0.7082985449249283,0.8290109068057834,8,0.4311362657527776,False,0.4311362657527776,0.6600684607751419
GSE166239,whole/cortical kidney,age+sex,CD99L2,0.01662754358001114,0.6055072412003975,0.027460519790064943,10,0.9786327170019644,-0.6328944623074424,0.9598480586296781,-0.6593694247931186,8,0.5281787218292159,True,0.5281787218292159,0.7462823731318274
GSE166239,whole/cortical kidney,age+sex,CDH1,-0.0703064861469924,0.6051217782126446,-0.11618568142541079,10,0.9098055358667867,0.8485317796453803,0.9923596161019095,0.8550648029980303,8,0.4173858500676501,True,0.4173858500676501,0.6513053924132562
GSE166239,whole/cortical kidney,age+sex,CDK8,-1.2499844373349291,0.45871620563123183,-2.7249624538876844,10,0.021377457192045708,-0.815908022419835,0.7914934448095629,-1.0308462158093379,8,0.3327678810718854,False,0.3327678810718854,0.5854187738773514
GSE166239,whole/cortical kidney,age+sex,CDK9,1.0727337033990256,0.5015883838625531,2.138673338362197,10,0.0581649040524613,1.1296634290762408,0.8732248244256288,1.2936684774385414,8,0.2318786269739728,False,0.2318786269739728,0.5065656158508329
GSE166239,whole/cortical kidney,age+sex,CEACAM1,0.07403808348687708,0.6050772701779712,0.12236136959020173,10,0.9050369509404956,-1.1226783171641919,0.9268575527148912,-1.211273850955538,8,0.2603536904777085,True,0.2603536904777085,0.5301339566811603
GSE166239,whole/cortical kidney,age+sex,CFB,1.5341939179938446,0.3623417845981005,4.234107086753823,10,0.001732496610679892,0.8988146843570416,0.462268337790557,1.9443570127536478,8,0.08775383560945413,False,0.08775383560945413,0.33678499071736445
GSE166239,whole/cortical kidney,age+sex,CFD,1.0248532286224536,0.5115019576158822,2.00361545711244,10,0.0729471489203471,1.1964928212360033,0.9010071532425317,1.327950412968512,8,0.22083144774568478,False,0.22083144774568478,0.4977470726966228
GSE166239,whole/cortical kidney,age+sex,CFH,0.20587446924325364,0.6020201300272671,0.3419727330943719,10,0.739449432446191,-1.0181462055894235,0.8900072699099133,-1.1439751561720168,8,0.28570700931214454,True,0.28570700931214454,0.5501397104935817
GSE166239,whole/cortical kidney,age+sex,CFHR1,0.49234929469524613,0.5851716704249925,0.841375821111893,10,0.41980224043760583,0.14311134384846558,1.0160073093363113,0.14085660854344692,8,0.8914653848515263,False,0.8914653848515263,0.953732614992617
GSE166239,whole/cortical kidney,age+sex,CFHR4,0.22480840530741078,0.6013424854082576,0.3738442081882607,10,0.7163243902690145,-1.0974662617661306,0.8511911300526309,-1.289330002414701,8,0.23330961669596773,True,0.23330961669596773,0.507738935951378
GSE166239,whole/cortical kidney,age+sex,CFI,1.106857775837827,0.4941186629478797,2.2400647027464733,10,0.04899886110010402,-0.014588400143231133,0.7173547741674675,-0.020336381200169514,8,0.9842731021182861,True,0.9842731021182861,0.9877510989455593
GSE166239,whole/cortical kidney,age+sex,CFP,1.4967065651957332,0.377695131603077,3.962737244833314,10,0.002674574450306385,0.6765245312119308,0.437436254353142,1.5465671271631112,8,0.16055330911048032,False,0.16055330911048032,0.44055207524035184
GSE166239,whole/cortical kidney,age+sex,CGN,-1.0024398508067183,0.5159245111623667,-1.9429971422529297,10,0.08067936810660384,0.29290882107924676,0.6948444726622672,0.42154587480127603,8,0.684455101457293,True,0.684455101457293,0.8378674517839276
GSE166239,whole/cortical kidney,age+sex,CITED2,-0.19755923801916617,0.6022986812321568,-0.32800875076632735,10,0.7496694365938401,0.010084400988856546,0.9965237571883291,0.010119579102970382,8,0.9921736876102197,True,0.9921736876102197,0.9921736876102197
GSE166239,whole/cortical kidney,age+sex,CLU,1.5812826533585205,0.3414984387744846,4.630424253279683,10,0.0009355686548561511,1.158805338161205,0.5767490945869641,2.0092018332357804,8,0.07937632560933887,False,0.07937632560933887,0.3175053024373555
GSE166239,whole/cortical kidney,age+sex,COL10A1,0.824132047165312,0.5465778110664371,1.5078037023810646,10,0.16252867251664765,0.14978947940414536,0.858210842807633,0.1745369225517004,8,0.8657796910380331,False,0.8657796910380331,0.9523747064442404
GSE166239,whole/cortical kidney,age+sex,COL11A1,0.006407892658401729,0.6055266803022261,0.010582345694831264,10,0.9917648102108287,-0.6959662679738576,0.8951171191062581,-0.7775141968782304,8,0.4592283458502331,True,0.4592283458502331,0.6810795732653833
GSE166239,whole/cortical kidney,age+sex,COL11A2,-1.2926877627802027,0.4467241894754503,-2.893704422628411,10,0.016005275899596286,-0.8474002014693459,0.7639760707961961,-1.1091973084787947,8,0.2995723982866577,False,0.2995723982866577,0.565954334056862
GSE166239,whole/cortical kidney,age+sex,COL12A1,-0.26874705752327743,0.5995366282170963,-0.4482579460115359,10,0.6635227923621281,1.0427588171278321,0.7441283701714831,1.4013157661056923,8,0.19870009616681908,True,0.19870009616681908,0.46830562084129973
GSE166239,whole/cortical kidney,age+sex,COL13A1,1.123951569325467,0.49024478951616485,2.2926333810395487,10,0.044812495919628756,1.7985938112915751,0.7100148235210286,2.533177831939034,8,0.03508141904264091,False,0.03508141904264091,0.231700535072326
GSE166239,whole/cortical kidney,age+sex,COL14A1,1.6294228579291266,0.3180641156629813,5.122938356415071,10,0.000448765129834283,1.9002140131164287,0.5362557467552682,3.5434846612163806,8,0.007581186415333085,False,0.007581186415333085,0.11473683153875011
GSE166239,whole/cortical kidney,age+sex,COL15A1,1.6322946608770923,0.31658818783062714,5.155892492585227,10,0.00042777035311298986,1.0877235294534935,0.500632179236313,2.1726999872696084,8,0.061558936924679196,False,0.061558936924679196,0.2938275308673763
GSE166239,whole/cortical kidney,age+sex,COL16A1,1.739905945256594,0.25286240691874806,6.880840716728903,10,4.293530257958365e-05,1.622221233104179,0.437224964755002,3.7102667136429113,8,0.0059540645348415315,False,0.0059540645348415315,0.1057378333807939
GSE166239,whole/cortical kidney,age+sex,COL17A1,0.9788243061110745,0.5204392034073568,1.88076589869217,10,0.08941096665862791,1.1183611635539572,0.7720503562261356,1.4485598698776927,8,0.18549448132240046,False,0.18549448132240046,0.4549082873385596
GSE166239,whole/cortical kidney,age+sex,COL18A1,1.3364472943859576,0.43365600376278884,3.081814347754305,10,0.011604725801402333,0.7997518373372788,0.7324888572565154,1.091827990848478,8,0.30669576741336935,False,0.30669576741336935,0.5730368285881374
GSE166239,whole/cortical kidney,age+sex,COL19A1,-1.426942206952837,0.4037948247171122,-3.5338298551808194,10,0.005412135752651951,-1.9143155089840989,0.6795778321542115,-2.8169187080688904,8,0.02260088141372884,False,0.02260088141372884,0.19160150213429822
GSE166239,whole/cortical kidney,age+sex,COL1A1,1.6402642368246905,0.312441978623325,5.249820283599492,10,0.0003734839390694881,1.254116285411905,0.525404540809394,2.386953648097367,8,0.04406483938848827,False,0.04406483938848827,0.25281645224910443
GSE166239,whole/cortical kidney,age+sex,COL1A2,1.5559193383804657,0.35295632578555114,4.408248909883002,10,0.0013180130300766478,1.0806190662168862,0.5901808022141914,1.8309966406272604,8,0.10447742183938806,False,0.10447742183938806,0.35854921632147435
GSE166239,whole/cortical kidney,age+sex,COL21A1,0.03669114146728482,0.6054188985161014,0.06060455257874478,10,0.9528682565772519,0.43636369916721546,1.0479525661926619,0.41639642217068795,8,0.6880670821339606,False,0.6880670821339606,0.8404776401120208
GSE166239,whole/cortical kidney,age+sex,COL22A1,0.6815537332007403,0.5658755318466068,1.2044234020450468,10,0.2561579570253054,0.6813640648825201,0.9870796061813939,0.6902827903804417,8,0.5095430379010363,False,0.5095430379010363,0.7308597109287591
GSE166239,whole/cortical kidney,age+sex,COL23A1,0.9845693264949659,0.5193543980743703,1.8957562122232723,10,0.08723066247268846,1.0487563987043869,0.9156439166669615,1.1453758165313526,8,0.28515960512808813,False,0.28515960512808813,0.5501397104935817
GSE166239,whole/cortical kidney,age+sex,COL24A1,-0.6331152143537937,0.5714745656650363,-1.1078624533657504,10,0.29385607776356176,0.5385783477888055,0.7381619465998805,0.7296208511825942,8,0.48643310147423086,True,0.48643310147423086,0.7084461580445208
GSE166239,whole/cortical kidney,age+sex,COL25A1,0.5453582991995772,0.5804524952277154,0.9395399342466941,10,0.3695931823940661,1.220589560474551,0.9866280725084295,1.2371324052956363,8,0.2511186797260685,False,0.2511186797260685,0.5282792966089145
GSE166239,whole/cortical kidney,age+sex,COL26A1,0.45528819682894417,0.5881648854271152,0.7740825882495888,10,0.45679252954163774,1.3473276308964524,0.8986386956114127,1.4992984805531462,8,0.17218123907114313,False,0.17218123907114313,0.44315053799962906
GSE166239,whole/cortical kidney,age+sex,COL27A1,1.358316843477917,0.42680698440757203,3.1825084712784726,10,0.009777713593579315,0.7341722275487037,0.70345925106805,1.043659922638053,8,0.3271511796700613,False,0.3271511796700613,0.5854187738773514
GSE166239,whole/cortical kidney,age+sex,COL28A1,-0.5688039872936176,0.5781979497287715,-0.9837530339919737,10,0.3484393636415514,0.9470738332911232,0.7486783761912656,1.2649942397283467,8,0.24147565393091533,True,0.24147565393091533,0.5175780054066411
GSE166239,whole/cortical kidney,age+sex,COL3A1,1.6070388388656802,0.32925565098323106,4.8808238645766675,10,0.0006411727986764495,1.1584616580710445,0.5477973206653917,2.1147632789877444,8,0.06737206648237778,False,0.06737206648237778,0.2977825597287273
GSE166239,whole/cortical kidney,age+sex,COL4A1,1.5966602316084313,0.3342667754155021,4.776604643472993,10,0.0007495526669903334,1.139149620288592,0.5486577727824056,2.0762480307380464,8,0.07153113334922262,False,0.07153113334922262,0.3053531357508007
GSE166239,whole/cortical kidney,age+sex,COL4A2,1.5795164281023353,0.3423148433856625,4.61422126040501,10,0.0009590214025104251,1.3268508685985343,0.5981398195160496,2.2182954976515012,8,0.05733434540319467,False,0.05733434540319467,0.28664284430828896
GSE166239,whole/cortical kidney,age+sex,COL4A3,0.1696687972259784,0.6031483371372715,0.28130525573738463,10,0.7842111726829438,0.607396655241581,0.7709246383473004,0.7878807149602991,8,0.4534761620471779,False,0.4534761620471779,0.6797677553349392
GSE166239,whole/cortical kidney,age+sex,COL4A4,1.51523791420897,0.3702324580598404,4.092666326851503,10,0.0021698988152517597,1.529467197742946,0.6290450741624233,2.4314111350119694,8,0.04111164154230759,False,0.04111164154230759,0.24890335091758342
GSE166239,whole/cortical kidney,age+sex,COL4A5,-0.5954552343655133,0.5755084474213544,-1.0346594164404246,10,0.3252008020428912,1.0379011912296163,0.5887512032118972,1.7628858940201022,8,0.11593610341034359,True,0.11593610341034359,0.36147019581636963
GSE166239,whole/cortical kidney,age+sex,COL4A6,-0.2668926575959626,0.5996194606571765,-0.4451033949155871,10,0.6657249511008901,0.8943605430833323,0.8555744633651983,1.045333377022005,8,0.32642310621958875,True,0.32642310621958875,0.5854187738773514
GSE166239,whole/cortical kidney,age+sex,COL5A1,1.6982472442353178,0.2797539926638789,6.070502258302857,10,0.00012029471202413121,2.0673447108706804,0.4467253777304828,4.627775393852698,8,0.0016929502946818097,False,0.0016929502946818097,0.068685411955662
GSE166239,whole/cortical kidney,age+sex,COL5A2,0.5635419962207959,0.5787129759355795,0.9737849670810348,10,0.35312957157979596,1.290886279028843,0.9111436457642307,1.4167758124967216,8,0.194290722891722,False,0.194290722891722,0.4651909333062791
GSE166239,whole/cortical kidney,age+sex,COL5A3,0.27066370050845295,0.5994504006082353,0.45151975915575787,10,0.661249283734614,1.6104461321661423,0.8554827960576672,1.8824997294949504,8,0.09653362267405703,False,0.09653362267405703,0.3493177927601298
GSE166239,whole/cortical kidney,age+sex,COL6A1,0.6619772603122241,0.5681947530113409,1.1650534553581338,10,0.2710361333746112,-0.12022315144022269,0.9428205303642206,-0.12751435460763602,8,0.9016803067799917,True,0.9016803067799917,0.953732614992617
GSE166239,whole/cortical kidney,age+sex,COL6A2,1.4665461532471882,0.389346766656992,3.766683786382104,10,0.0036815278957652766,1.1992927334487875,0.6794420418512209,1.7651141077186971,8,0.11554322929158599,False,0.11554322929158599,0.36147019581636963
GSE166239,whole/cortical kidney,age+sex,COL6A3,1.445086967934111,0.3972896074369004,3.637364131563968,10,0.00455663630604937,1.4958689217412449,0.6621100078653286,2.259245297566172,8,0.053785676090008214,False,0.053785676090008214,0.28027765155160245
GSE166239,whole/cortical kidney,age+sex,COL6A6,0.9732964135689761,0.5214749042859527,1.8664300152692783,10,0.09154333649890291,1.1129219688148415,0.920343492379569,1.2092463064386498,8,0.2610895442785447,False,0.2610895442785447,0.5301339566811603
GSE166239,whole/cortical kidney,age+sex,COL7A1,1.8059001252270797,0.20134333968907014,8.969256832711176,10,4.2672932211657005e-06,1.9704494172074347,0.34174943563777355,5.765772263910773,8,0.0004213159237080392,False,0.0004213159237080392,0.039884574111027714
GSE166239,whole/cortical kidney,age+sex,COL8A1,1.2400425452015909,0.46140667016815307,2.687526265603562,10,0.022796295580847684,0.24412336911273386,0.6624238983729126,0.36853043755269865,8,0.7220393055600769,False,0.7220393055600769,0.8587441983493468
GSE166239,whole/cortical kidney,age+sex,COL8A2,1.4473332942584347,0.39647105846425845,3.650539587592396,10,0.00445831784087562,1.3118034006959391,0.666182388688123,1.9691355144935652,8,0.08445650605933015,False,0.08445650605933015,0.32857051672396936
GSE166239,whole/cortical kidney,age+sex,COL9A1,-0.9098813151494105,0.5328022765537556,-1.7077279043075009,10,0.1184890891528774,0.15662790878833605,0.5196222670561488,0.3014264759585665,8,0.7707756625925616,True,0.7707756625925616,0.8934705639848469
GSE166239,whole/cortical kidney,age+sex,COL9A2,0.8444729678569829,0.5434640809865439,1.5538708028762842,10,0.15126608578099074,1.9715950996020009,0.8203589443919963,2.40333224021009,8,0.042952790802631285,False,0.042952790802631285,0.24944130063705683
GSE166239,whole/cortical kidney,age+sex,COL9A3,-0.5858733197424956,0.5764910337447214,-1.0162748168637237,10,0.33345588705887663,-0.06029275317709187,0.940121500342362,-0.06413293723751153,8,0.9504379309293618,False,0.9504379309293618,0.9699052091664644
GSE166239,whole/cortical kidney,age+sex,COLEC10,1.171749573591259,0.4789227081122139,2.4466360724676948,10,0.0344555437085793,0.6975040825935982,0.8017905345166515,0.8699330468076416,8,0.4096787123841706,False,0.4096787123841706,0.646381968428358
GSE166239,whole/cortical kidney,age+sex,COLEC11,-1.4847775470817213,0.3823744633665608,-3.8830457818997943,10,0.0030438042766432432,-1.8491571284103399,0.6563701212990812,-2.817247568720079,8,0.02258943635025994,False,0.02258943635025994,0.19160150213429822
GSE166239,whole/cortical kidney,age+sex,COLGALT1,1.5638709451957173,0.349424431521226,4.475562679997432,10,0.0011871486289608752,1.7943180480923908,0.6047435794384085,2.9670725065963883,8,0.017951218924582162,False,0.017951218924582162,0.181779428302931
GSE166239,whole/cortical kidney,age+sex,COLGALT2,-0.595243598037906,0.5755303402655289,-1.0342523345741985,10,0.3253819148135047,0.5964654092780756,0.7671807862456741,0.7774769910453279,8,0.45924907845183416,True,0.45924907845183416,0.6810795732653833
GSE166239,whole/cortical kidney,age+sex,COMP,1.5185397030793328,0.36887719322809825,4.116653810419587,10,0.0020882256661477697,0.881319114830649,0.5883988214464156,1.4978261048588946,8,0.17255525616166925,False,0.17255525616166925,0.44315053799962906
GSE166239,whole/cortical kidney,age+sex,CPN2,-0.9648848470304467,0.5230357443461868,-1.8447780241799476,10,0.09485341420882674,-0.4890904506646836,0.8735230606681632,-0.5599055968717933,8,0.590872301223856,False,0.590872301223856,0.7805010862677912
GSE166239,whole/cortical kidney,age+sex,CR1,-0.9956032083405624,0.5172466450552042,-1.924813274012255,10,0.08314469118204257,-1.6878421428822252,0.8239649886736464,-2.0484391522498786,8,0.07468895688228616,False,0.07468895688228616,0.3053531357508007
GSE166239,whole/cortical kidney,age+sex,CR2,-0.5755778684141883,0.5775272100999611,-0.996624675596782,10,0.3424508501932348,-1.7156039656626914,0.8883663212272838,-1.9311897858673588,8,0.08955607389396357,False,0.08955607389396357,0.3387003741766329
GSE166239,whole/cortical kidney,age+sex,CREBBP,0.8574265756573252,0.5414320210352561,1.5836273850554041,10,0.14436098678421252,0.05099428638749652,0.8885707439285433,0.05738911249996923,8,0.9556427631376454,False,0.9556427631376454,0.971028782579933
GSE166239,whole/cortical kidney,age+sex,CRTAP,1.1706111657566667,0.4792010189129906,2.44283947561726,10,0.034680092345199795,0.27846626087460946,0.7484476778050478,0.3720584205582144,8,0.7195116578917002,False,0.7195116578917002,0.8587441983493468
GSE166239,whole/cortical kidney,age+sex,CTSB,0.9252251183970781,0.5301532935815622,1.7452029999597383,10,0.11154285217397335,0.03782284526579367,0.845743385133537,0.0447214201501815,8,0.9654255062078283,False,0.9654255062078283,0.9722724956135576
GSE166239,whole/cortical kidney,age+sex,CTSD,1.31203129691774,0.44104881164957466,2.974798394786708,10,0.013931038834843949,0.8636553183079793,0.7542973249861861,1.1449799564432976,8,0.2853142286295799,False,0.2853142286295799,0.5501397104935817
GSE166239,whole/cortical kidney,age+sex,CTSK,1.1915477324459802,0.47401272851786463,2.513746278864056,10,0.030714781289738896,0.8795355205469676,0.8305191608424433,1.0590189390149702,8,0.32051610939530556,False,0.32051610939530556,0.5835036863350435
GSE166239,whole/cortical kidney,age+sex,CTSL,-1.253747917397892,0.45768797518474486,-2.739307094296762,10,0.020857540440283526,-0.5946340496244783,0.683211266546134,-0.8703516448587804,8,0.40946319953173593,False,0.40946319953173593,0.646381968428358
GSE166239,whole/cortical kidney,age+sex,CTSS,1.7247990435609346,0.26300854092556636,6.557958298582658,10,6.408261348497189e-05,1.342382145282935,0.4343566123441527,3.0905069869624286,8,0.01487812100303229,False,0.01487812100303229,0.160822921726254
GSE166239,whole/cortical kidney,age+sex,CTSV,-1.459886535253676,0.39184154588962156,-3.7257063488232403,10,0.003938092040427654,-1.7101362599987715,0.6065998541205997,-2.8192164049857733,8,0.022521041679184523,False,0.022521041679184523,0.19160150213429822
GSE166239,whole/cortical kidney,age+sex,CUL2,-1.2556039173698055,0.45717890036092723,-2.746417029260425,10,0.020604562609090778,-1.3263019385187966,0.7911556572424663,-1.6764108634975272,8,0.1321830216461067,False,0.1321830216461067,0.3951576647104663
GSE166239,whole/cortical kidney,age+sex,CX3CL1,1.4413700556948972,0.3986375583425068,3.6157407287159864,10,0.004722910780783051,1.2597559284217639,0.674190365634347,1.8685463225753118,8,0.09862709909058177,False,0.09862709909058177,0.3501262017715653
GSE166239,whole/cortical kidney,age+sex,CX3CR1,1.5052134748649806,0.37429922011026917,4.021417609209932,10,0.002432889993272033,1.7544351181424118,0.6455718771144762,2.7176448980154477,8,0.026344547723422606,False,0.026344547723422606,0.1995160414253872
GSE166239,whole/cortical kidney,age+sex,CXADR,0.6407641898264654,0.570621408615441,1.1229235008571081,10,0.28770613096793096,1.5172655679524436,0.9314433492657404,1.6289402561610524,8,0.14197458813169436,False,0.14197458813169436,0.41143656152450203
GSE166239,whole/cortical kidney,age+sex,CXCL1,1.383906629468327,0.41850556837159053,3.3067818783227234,10,0.007922248143086742,0.5671795253158802,0.6327573712313678,0.8963617827353464,8,0.3962303297812835,False,0.3962303297812835,0.6357593991970876
GSE166239,whole/cortical kidney,age+sex,CXCL10,0.005217796876184547,0.6055278227515583,0.008616939932626935,10,0.9932942441402222,0.6600486593326385,0.9943936427622527,0.6637699910260266,8,0.525500700930086,False,0.525500700930086,0.7443501200206706
GSE166239,whole/cortical kidney,age+sex,CXCL12,1.2679546830645891,0.4537573788227849,2.794345044821385,10,0.018977771231525192,0.8014354229646724,0.7790794899541508,1.0286953171002324,8,0.3337179581011388,False,0.3337179581011388,0.5854187738773514
GSE166239,whole/cortical kidney,age+sex,CXCL16,1.6050943420804626,0.3302027891596243,4.860935142811708,10,0.0006604905964896716,1.5503810900658632,0.5821840484939771,2.663042888372615,8,0.028669862585951163,False,0.028669862585951163,0.20355602436025327
GSE166239,whole/cortical kidney,age+sex,CXCL2,0.49342458887961893,0.5850810919655194,0.8433439324145822,10,0.41875172120567355,1.7344880522662633,0.8109145873504662,2.1389281674330536,8,0.06488461913522504,False,0.06488461913522504,0.2977825597287273
GSE166239,whole/cortical kidney,age+sex,CXCL8,0.9151247494651105,0.5319035024873483,1.7204713734459331,10,0.11608418137380998,0.3312403593916918,0.8775207099289671,0.37747298228266857,8,0.7156394992241804,False,0.7156394992241804,0.8587441983493468
GSE166239,whole/cortical kidney,age+sex,CXCL9,-0.1690728306066651,0.6031650723158061,-0.28030938521941084,10,0.784953409324713,0.15171022187816585,0.9269856519382444,0.16365973039707063,8,0.8740580587034237,True,0.8740580587034237,0.9523747064442404
GSE166239,whole/cortical kidney,age+sex,CXCR4,0.6166161161141863,0.5732757828493127,1.0756011932851275,10,0.30737128238081707,0.63982055387254,1.0207320840348786,0.626825161940023,8,0.5482400955150188,False,0.5482400955150188,0.7576651441667414
GSE166239,whole/cortical kidney,age+sex,DAG1,-0.3592525006517037,0.5947776313415093,-0.604011451878943,10,0.5592885266983051,0.15233188598373887,0.9786400243588663,0.1556567095071915,8,0.8801595853630669,True,0.8801595853630669,0.9523747064442404
GSE166239,whole/cortical kidney,age+sex,DCN,1.3575051705106558,0.4270651447617215,3.178684065327007,10,0.00984141713119489,0.6341905884359779,0.6815525058954764,0.9305087765802125,8,0.37933088188643443,False,0.37933088188643443,0.6196272558624992
GSE166239,whole/cortical kidney,age+sex,DDR1,1.5004083174045388,0.37622354361867716,3.9880766178878044,10,0.0025672582755624077,1.5809769188903298,0.6347464707089924,2.4907218737654846,8,0.03748004223777253,False,0.03748004223777253,0.24191663626198634
GSE166239,whole/cortical kidney,age+sex,DDR2,0.3497570116871697,0.5953433210713233,0.5874879238718598,10,0.5699028881865432,1.1696344930972236,0.9561946585649349,1.2232179741022826,8,0.2560535895257975,False,0.2560535895257975,0.5301339566811603
GSE166239,whole/cortical kidney,age+sex,DMD,-0.3832757497600331,0.5932761891659357,-0.6460325844171596,10,0.5328025785844361,-1.1818669286483017,0.9911353834954298,-1.192437429163532,8,0.2672563129994422,False,0.2672563129994422,0.5364013631932267
GSE166239,whole/cortical kidney,age+sex,DOK2,1.6178637772961943,0.32391101629607416,4.994778491316793,10,0.0005414860638498073,1.726991064040487,0.5582159535406997,3.093768734279952,8,0.01480479601597232,False,0.01480479601597232,0.160822921726254
GSE166239,whole/cortical kidney,age+sex,DRP2,1.4624803292929383,0.39087311919571627,3.741573051383591,10,0.003836604743181868,0.7845094585766941,0.5991011912477355,1.3094773805119844,8,0.22672715330588797,False,0.22672715330588797,0.4991512522393193
GSE166239,whole/cortical kidney,age+sex,DST,0.7479955330073779,0.5574198910397506,1.3418888436366132,10,0.2093054608987769,0.042243320899141484,0.9381223681217943,0.045029648939846116,8,0.9651873925134274,False,0.9651873925134274,0.9722724956135576
GSE166239,whole/cortical kidney,age+sex,DTNA,-0.607983051059711,0.5741971156572272,-1.0588403084606448,10,0.314578267185888,-0.8962917475887692,0.9519817639864075,-0.9415009630390004,8,0.374005002573247,False,0.374005002573247,0.6144743344054228
GSE166239,whole/cortical kidney,age+sex,DTNB,0.03972526527589223,0.6053997497493229,0.06561823868004772,10,0.9489750628293584,1.0021490149695733,0.9852307764037176,1.0171718535099061,8,0.3388436457848068,False,0.3388436457848068,0.5885724489473096
GSE166239,whole/cortical kidney,age+sex,E2F4,0.3084670902578045,0.5976215124051801,0.5161579425351535,10,0.6169639916811533,1.1292698493243463,0.8331272532022758,1.355459018995949,8,0.21229577263669916,False,0.21229577263669916,0.4859434632839068
GSE166239,whole/cortical kidney,age+sex,E2F5,-1.2687499009906398,0.4535350433431697,-2.79746828742985,10,0.018876355806728744,-1.12761871551398,0.8045544806846685,-1.4015442615575104,8,0.1986342951442981,False,0.1986342951442981,0.46830562084129973
GSE166239,whole/cortical kidney,age+sex,EFEMP1,0.38266240060957457,0.593315780493523,0.6449557102480472,10,0.5334720903691286,-1.0746340606227442,0.7907760092372479,-1.3589613848544735,8,0.2112296903349203,True,0.2112296903349203,0.4857427696770637
GSE166239,whole/cortical kidney,age+sex,EFEMP2,1.517412671760911,0.3693406896411604,4.10843623331938,10,0.0021158348763202673,1.4493363989383594,0.6555052902554735,2.2110216660089836,8,0.05798853834988384,False,0.05798853834988384,0.28664284430828896
GSE166239,whole/cortical kidney,age+sex,EGLN1,-1.3844703784745305,0.4183190693469826,-3.3096037927120063,10,0.007884595024859645,-1.6297068058729294,0.7128584330274486,-2.2861577143047946,8,0.05157323876205923,False,0.05157323876205923,0.2761298834762355
GSE166239,whole/cortical kidney,age+sex,EGLN2,0.9425673784288852,0.5270894994010378,1.7882492053057002,10,0.10402285519528519,0.9392950133571769,0.9135314033369798,1.0282022160662314,8,0.3339360611553906,False,0.3339360611553906,0.5854187738773514
GSE166239,whole/cortical kidney,age+sex,EGLN3,-0.10861581483122192,0.6045551481407809,-0.17966237681583497,10,0.8610059438045659,0.990880482064737,0.9349089007879152,1.0598684868971195,8,0.32015219404071643,True,0.32015219404071643,0.5835036863350435
GSE166239,whole/cortical kidney,age+sex,ELN,1.2053196454934854,0.47051792939845805,2.561686962778331,10,0.02829119834217065,1.1084015196376236,0.7875383525776543,1.4074254491984644,8,0.19694719726841844,False,0.19694719726841844,0.4680586110814296
GSE166239,whole/cortical kidney,age+sex,ELOB,0.99732919312731,0.5169140302993037,1.9293908361315637,10,0.08251752712292292,1.0592290580254393,0.9198993212423093,1.1514619410686893,8,0.28279087589090485,False,0.28279087589090485,0.5501397104935817
GSE166239,whole/cortical kidney,age+sex,ELOC,-0.3712529103347406,0.5940402295497041,-0.6249625730165761,10,0.5459909767205064,0.7024059899338573,0.6892511241798804,1.019085737102902,8,0.33798817780939233,True,0.33798817780939233,0.5885724489473096
GSE166239,whole/cortical kidney,age+sex,EMILIN1,1.7380424016868472,0.25414076347671616,6.8388965938007935,10,4.51952525718708e-05,1.7228303354192218,0.4501890449801174,3.826904174212659,8,0.0050400290147874,False,0.0050400290147874,0.10250021504891724
GSE166239,whole/cortical kidney,age+sex,EMILIN2,1.634971037250922,0.31520412021693334,5.1870230507319635,10,0.00040889877881681105,1.2875897705825907,0.5327952985229129,2.4166687922213677,8,0.042068171986070435,False,0.042068171986070435,0.24890335091758342
GSE166239,whole/cortical kidney,age+sex,EP300,0.9655206029936835,0.5229184096837078,1.8464077475828164,10,0.09460046639790343,0.037563911976823725,0.8300723384916388,0.04525378118861637,8,0.9650142476269926,False,0.9650142476269926,0.9722724956135576
GSE166239,whole/cortical kidney,age+sex,EPAS1,0.9860784062002669,0.5190680151475534,1.8997094358047824,10,0.08666397393534495,0.32208454799808195,0.8593505059928639,0.3747999748088315,8,0.7175499826286328,False,0.7175499826286328,0.8587441983493468
GSE166239,whole/cortical kidney,age+sex,EPCAM,-0.7381533354518885,0.5587303750493541,-1.3211261968470671,10,0.21589005162930366,-0.33300724739469983,0.9766329331695351,-0.3409748290117231,8,0.7419046418913628,False,0.7419046418913628,0.8724675705886006
GSE166239,whole/cortical kidney,age+sex,ESAM,1.3118578019167564,0.4411004164832315,2.974057046637649,10,0.01394870989631134,1.4630010174844286,0.7813971976996527,1.8722885387755965,8,0.09806143506061851,False,0.09806143506061851,0.3501262017715653
GSE166239,whole/cortical kidney,age+sex,F10,-0.4116144742487936,0.5913746859018871,-0.6960299181914646,10,0.5022658706702562,-0.46409595933926123,0.883372801280927,-0.5253681782666423,8,0.6135729520798416,False,0.6135729520798416,0.8011711190375864
GSE166239,whole/cortical kidney,age+sex,F11,-1.5208714625048343,0.36791529748096546,-4.133754353020666,10,0.002031979297029382,-0.6570076321750636,0.4382495899828087,-1.4991631417175681,8,0.17221558798131956,False,0.17221558798131956,0.44315053799962906
GSE166239,whole/cortical kidney,age+sex,F11R,1.0951217607015313,0.496726785658338,2.2046762774230286,10,0.05202758404333255,0.9808501446672727,0.8820860736272846,1.1119664780941998,8,0.29844900488428744,False,0.29844900488428744,0.565954334056862
GSE166239,whole/cortical kidney,age+sex,F13A1,0.9150457784935965,0.5319170884571874,1.720278965181706,10,0.11612016076423558,-0.07302991171149939,0.8175876434566343,-0.08932364902524725,8,0.9310204433260892,True,0.9310204433260892,0.9667634585177673
GSE166239,whole/cortical kidney,age+sex,F2R,0.4159791651318517,0.5910692007576501,0.7037740498043836,10,0.49763312006592536,1.1867731285326653,0.9904656911677743,1.1981971098195652,8,0.26512985731891614,False,0.26512985731891614,0.5359208503812967
GSE166239,whole/cortical kidney,age+sex,F3,-0.8606063784177007,0.5409272897620747,-1.5909834735759698,10,0.14269752374279532,-0.8886586608062704,0.9576032488970804,-0.928002971825527,8,0.38055276030064233,False,0.38055276030064233,0.6196272558624992
GSE166239,whole/cortical kidney,age+sex,F5,-0.9164613679627668,0.5316733233573488,-1.723730207443178,10,0.11547632915865613,-1.6246661351212275,0.7921890415094789,-2.0508566137515647,8,0.07440913650965524,False,0.07440913650965524,0.3053531357508007
GSE166239,whole/cortical kidney,age+sex,F7,-0.7830726216290055,0.5525815718897746,-1.417116786850083,10,0.18684256335419247,0.1457397058057283,0.8493701678190254,0.17158561876496342,8,0.8680241616379321,True,0.8680241616379321,0.9523747064442404
GSE166239,whole/cortical kidney,age+sex,F8,-0.843649405495007,0.5435919744877206,-1.5519901784607097,10,0.15171210269449284,-0.9290941444642565,0.9646231734596685,-0.9631679706926536,8,0.3636695523242346,False,0.3636695523242346,0.6137620688787391
GSE166239,whole/cortical kidney,age+sex,FBLN1,1.4342143174051234,0.4012101641804233,3.574720795857406,10,0.0050558886046218705,1.508857702005898,0.7135068127989023,2.1147067903767316,8,0.06737798946021807,False,0.06737798946021807,0.2977825597287273
GSE166239,whole/cortical kidney,age+sex,FBLN2,0.5483461592593483,0.5801709365602684,0.9451458608223231,10,0.3668608647716966,0.5996459499765462,1.0324397590957324,0.5808047827427231,8,0.5773630335177903,False,0.5773630335177903,0.773448592071002
GSE166239,whole/cortical kidney,age+sex,FBLN5,1.1261815395601797,0.48973276453802117,2.299583816129882,10,0.04428566737445462,0.5182520352800436,0.8242976711444159,0.6287195189579111,8,0.5470600829747116,False,0.5470600829747116,0.7576651441667414
GSE166239,whole/cortical kidney,age+sex,FBN1,0.5351935786534797,0.5813978414162498,0.920529008758926,10,0.3789676895489477,0.6891019543649934,1.0290380387992493,0.6696564445460965,8,0.5219314489459785,False,0.5219314489459785,0.7411426575032896
GSE166239,whole/cortical kidney,age+sex,FBN2,0.5285364275993955,0.5820065215585761,0.9081280157892541,10,0.38517321151119344,0.7550567202036815,0.9832526875501963,0.7679172706712127,8,0.4645969108222105,False,0.4645969108222105,0.6856826531554081
GSE166239,whole/cortical kidney,age+sex,FBN3,-0.41624512676226805,0.5910504767880093,-0.7042463260063687,10,0.4973514441281507,1.0594915641093086,0.7671749891156134,1.381029855171208,8,0.20461821449331613,True,0.20461821449331613,0.47532077088300784
GSE166239,whole/cortical kidney,age+sex,FCAMR,-0.6227511367772125,0.5726122325194737,-1.0875617065271719,10,0.30230606956721784,-1.6342493632822745,0.8981832033603733,-1.8195055943687841,8,0.1063325389297729,False,0.1063325389297729,0.35854921632147435
GSE166239,whole/cortical kidney,age+sex,FCER1G,1.692497180155564,0.2832172243759428,5.975968389228127,10,0.0001364164058396894,1.2834813133149068,0.4455106352730699,2.880921826991209,8,0.020482533238400064,False,0.020482533238400064,0.19072260458051207
GSE166239,whole/cortical kidney,age+sex,FCN1,1.4886632645730293,0.3808606505504917,3.90868225011256,10,0.002919524447296085,0.5702823030588178,0.48294230841432034,1.1808497477292208,8,0.27157689864134704,False,0.27157689864134704,0.5393555189800179
GSE166239,whole/cortical kidney,age+sex,FCN3,-1.1480128381606811,0.4846373066618917,-2.368808224996172,10,0.03935721150275414,-1.504154546851882,0.7946958687208854,-1.892742376115427,8,0.0950239345954825,False,0.0950239345954825,0.3493177927601298
GSE166239,whole/cortical kidney,age+sex,FGB,0.11255259148068895,0.6044831330002226,0.18619641365683484,10,0.8560136329497127,0.09540066774691211,1.0669749291608486,0.08941228621176935,8,0.9309521986237522,False,0.9309521986237522,0.9667634585177673
GSE166239,whole/cortical kidney,age+sex,FGF2,-0.005032553715161842,0.6055279795409763,-0.008311017632871062,10,0.9935323086223266,0.533077091579846,1.047877308178783,0.5087209040783001,8,0.6246775464515953,True,0.6246775464515953,0.8048327034718208
GSE166239,whole/cortical kidney,age+sex,FKBP1A,1.5407626866090818,0.3595437400678574,4.285327527377588,10,0.0015979236855762748,1.0962957047939987,0.607209036272573,1.8054667162460956,8,0.10864125897470112,False,0.10864125897470112,0.35854921632147435
GSE166239,whole/cortical kidney,age+sex,FMOD,1.4885981613207253,0.3808860959367279,3.9082502018346412,10,0.0029215743192667776,1.7967082916982167,0.6635928550593928,2.707546167804064,8,0.026759550693349374,False,0.026759550693349374,0.19999243149766374
GSE166239,whole/cortical kidney,age+sex,FN1,1.6202928796891531,0.32269453833235184,5.021135120732566,10,0.000520869298305848,1.1850309339795828,0.5276628079182907,2.2458109917860396,8,0.05492516449023472,False,0.05492516449023472,0.28361357664048475
GSE166239,whole/cortical kidney,age+sex,FURIN,1.038654197482211,0.5087105389825584,2.0417390989374065,10,0.06844796160093698,2.3268762359954787,0.6218044581408342,3.742135016131483,8,0.0056879364005736925,False,0.0056879364005736925,0.1057378333807939
GSE166239,whole/cortical kidney,age+sex,FYN,0.7379685482435959,0.5587547841826417,1.3207377710834494,10,0.216014860428665,0.14551835216848452,0.8586062316768065,0.16948205917897416,8,0.8696247006823029,False,0.8696247006823029,0.9523747064442404
GSE166239,whole/cortical kidney,age+sex,GAS6,1.3367442277203676,0.4335644745966792,3.083149810564775,10,0.011578342180025155,1.4122045187004153,0.769954478100683,1.8341402756485412,8,0.10397527676430274,False,0.10397527676430274,0.35854921632147435
GSE166239,whole/cortical kidney,age+sex,GLG1,0.828570071279924,0.5459064300450992,1.517787711735641,10,0.16002743941536796,1.3527760097056527,0.8795868910456681,1.5379674520813391,8,0.16261474351204436,False,0.16261474351204436,0.44103297960712945
GSE166239,whole/cortical kidney,age+sex,GP6,-1.0012409825257376,0.5161572591350005,-1.939798316899896,10,0.08110803893522067,0.16846653824330937,0.71798988923398,0.23463636573356977,8,0.8203848746731228,True,0.8203848746731228,0.926398824680584
GSE166239,whole/cortical kidney,age+sex,GPC1,1.4976959997731532,0.37730271121874565,3.96948114932799,10,0.002645561388831242,1.9256819960365665,0.639125190634864,3.0129965525591684,8,0.016736991906706702,False,0.016736991906706702,0.17284748005471648
GSE166239,whole/cortical kidney,age+sex,GPC2,1.4112211574960383,0.4092824832926773,3.4480370284669037,10,0.006246692896715584,0.625160601358305,0.6141739965044444,1.0178884239912314,8,0.3385231585685371,False,0.3385231585685371,0.5885724489473096
GSE166239,whole/cortical kidney,age+sex,GPC3,-0.17046635945870864,0.6031258481411288,-0.2826381259965835,10,0.7832181204652244,0.867949432529728,0.9517744210996973,0.9119276724487758,8,0.38846012642387306,True,0.38846012642387306,0.6268333858203406
GSE166239,whole/cortical kidney,age+sex,GPC4,1.362171656698531,0.42557667280454237,3.200766733105565,10,0.009479356297577264,1.5512539782189003,0.7526872656816535,2.060954195649961,8,0.07325134588306165,False,0.07325134588306165,0.3053531357508007
GSE166239,whole/cortical kidney,age+sex,GPC5,-0.6070613878585971,0.5742946228233258,-1.057055670962379,10,0.315353147354075,-0.2597536902751386,0.9531798304755821,-0.2725127850696719,8,0.792129541074598,False,0.792129541074598,0.9052909040852548
GSE166239,whole/cortical kidney,age+sex,GPC6,-0.652482960345056,0.5692918981617443,-1.1461307678045962,10,0.2784268324140783,-1.6753871732892978,0.7882967621636362,-2.125325453184492,8,0.06627352392350937,False,0.06627352392350937,0.2977825597287273
GSE166239,whole/cortical kidney,age+sex,GRB14,-1.2422150064767863,0.4608219335438088,-2.6956507840759993,10,0.022480575163479073,-1.194842536945637,0.6027761707572276,-1.9822325349136412,8,0.08276225044663603,False,0.08276225044663603,0.32814086498610806
GSE166239,whole/cortical kidney,age+sex,GRB2,0.9528487245054299,0.5252376581010774,1.8141287278416403,10,0.09972825657317665,-0.051995866526853056,0.8140513265987508,-0.06387295840926997,8,0.9506385353957858,True,0.9506385353957858,0.9699052091664644
GSE166239,whole/cortical kidney,age+sex,GRB7,-0.6141834909159605,0.5735368607293649,-1.0708701270479901,10,0.3093926949097846,0.40679651911047315,0.9005867558752392,0.45170164501822613,8,0.6634785235854302,True,0.6634785235854302,0.8282545085637899
GSE166239,whole/cortical kidney,age+sex,GYPA,-1.2700505231421253,0.45317086571546933,-2.80258643974599,10,0.018711340976928136,-1.205738893952636,0.8063653668393591,-1.4952761409863953,8,0.17320472192756334,False,0.17320472192756334,0.44315053799962906
GSE166239,whole/cortical kidney,age+sex,GYPC,1.384082226406013,0.4184474945812963,3.307660445645499,10,0.007910505523969326,0.696278456283975,0.6764085960933666,1.0293755287933475,8,0.33341727466039006,False,0.33341727466039006,0.5854187738773514
GSE166239,whole/cortical kidney,age+sex,HDAC1,0.7196954728314424,0.561133236678473,1.2825750210262894,10,0.2285723249934629,2.0516654608039553,0.5873645487787257,3.4930018590156124,8,0.008162401330241296,False,0.008162401330241296,0.11473683153875011
GSE166239,whole/cortical kidney,age+sex,HIF1A,0.7081679312453897,0.5625979779400466,1.2587459589498484,10,0.23671367598592727,0.5773160825363668,0.9817859026791202,0.588026453589294,8,0.5727356372007787,False,0.5727356372007787,0.773448592071002
GSE166239,whole/cortical kidney,age+sex,HIF1AN,0.562421408073519,0.5788219783670334,0.9716656054772081,10,0.3541327040217755,0.28781293307715594,1.0013847013846044,0.28741494919904403,8,0.7810990675262557,False,0.7810990675262557,0.8997980967131919
GSE166239,whole/cortical kidney,age+sex,HIF3A,1.2060881848984766,0.4703209496625645,2.5643939224136076,10,0.028160151163963074,1.9841259554823307,0.7411370876389921,2.677137588409013,8,0.028050168343935394,False,0.028050168343935394,0.20355602436025327
GSE166239,whole/cortical kidney,age+sex,HRAS,-0.3275568887168995,0.5966048232557939,-0.5490349322510584,10,0.5950275062266696,-0.7914085443039811,0.904697624384334,-0.8747768569001731,8,0.40718983884106796,False,0.40718983884106796,0.6460442135802419
GSE166239,whole/cortical kidney,age+sex,HSPG2,1.3657377076915402,0.42443223021539317,3.2177992397006427,10,0.009209441923657316,1.1457125623330382,0.7404497821714408,1.5473197371645178,8,0.1603740267978396,False,0.1603740267978396,0.44055207524035184
GSE166239,whole/cortical kidney,age+sex,HTRA1,-0.8537979228223659,0.5420051451463243,-1.575257966586032,10,0.1462744371236723,-0.4319287093531432,0.9071539272918286,-0.47613607388836565,8,0.6467092126745776,False,0.6467092126745776,0.8199348946409823
GSE166239,whole/cortical kidney,age+sex,ICAM1,1.7719355653121085,0.2295454244912592,7.719324265509729,10,1.6077248671930946e-05,1.567690360836716,0.39575108885526283,3.961303973594534,8,0.004169408315143451,False,0.004169408315143451,0.10207756900046529
GSE166239,whole/cortical kidney,age+sex,ICAM2,0.9026422187951472,0.5340321798838756,1.690239376569826,10,0.12186283272464847,1.1929052696167344,0.9414379599038868,1.2671098048123324,8,0.24075632730882643,False,0.24075632730882643,0.5175780054066411
GSE166239,whole/cortical kidney,age+sex,ICAM3,1.238017362456476,0.46195017879885886,2.679980264701944,10,0.02309350485858564,1.1076696337073535,0.745480930164773,1.485845698913487,8,0.17562560718869116,False,0.17562560718869116,0.44315053799962906
GSE166239,whole/cortical kidney,age+sex,ICAM5,1.2824718560535553,0.449659049180289,2.852098402982108,10,0.017188145372127536,1.6941374083771632,0.7745241164497627,2.187326866131287,8,0.06017123720258365,False,0.06017123720258365,0.28963781975480946
GSE166239,whole/cortical kidney,age+sex,INPP5D,1.8178051319809208,0.1903289701570664,9.550858865472774,10,2.418165463287151e-06,1.805292734585193,0.33778564100608216,5.344492232435324,8,0.0006903995212853223,False,0.0006903995212853223,0.04182029729060741
GSE166239,whole/cortical kidney,age+sex,ITGA1,1.1473877615652093,0.4847853124092195,2.3667956355011643,10,0.03949262993420428,1.2312983722838746,0.7813833701690891,1.5757929069023124,8,0.15372282559559353,False,0.15372282559559353,0.42592470701608354
GSE166239,whole/cortical kidney,age+sex,ITGA10,0.814865900634186,0.5479653484163304,1.4870756024796503,10,0.1678304091439585,1.0697979031371982,0.9533856372039142,1.1221040693194178,8,0.2943650819705081,False,0.2943650819705081,0.5648627248623264
GSE166239,whole/cortical kidney,age+sex,ITGA11,1.8145741020474158,0.1933875629003792,9.383096176573503,10,2.840253950140332e-06,2.0050693090883183,0.33254676911345593,6.0294355420552685,8,0.000312974122941081,False,0.000312974122941081,0.039884574111027714
GSE166239,whole/cortical kidney,age+sex,ITGA2,-1.1300207766004584,0.4888475949739309,-2.3116013829641933,10,0.04338893651429378,-0.5035220690748411,0.8224416261737615,-0.6122283370035303,8,0.5573828517328734,False,0.5573828517328734,0.7665701205430316
GSE166239,whole/cortical kidney,age+sex,ITGA2B,0.7838650306820893,0.5524692100325983,1.4188393062408629,10,0.18635318290685796,1.3773283279960336,0.9324223868419041,1.4771506427049836,8,0.17788437088717504,False,0.17788437088717504,0.44315053799962906
GSE166239,whole/cortical kidney,age+sex,ITGA3,1.4301020769717687,0.4026753923581251,3.5515010455366665,10,0.005255089749694329,0.8319033121344208,0.6627055233307425,1.2553136843545443,8,0.24479029053153767,False,0.24479029053153767,0.5207523783592262
GSE166239,whole/cortical kidney,age+sex,ITGA4,1.657873353117385,0.3030053814192061,5.471432043062388,10,0.00027250685891384564,1.5229712358462169,0.40640244399851916,3.747446055840565,8,0.0056448337302302965,False,0.0056448337302302965,0.1057378333807939
GSE166239,whole/cortical kidney,age+sex,ITGA5,1.7339011613531294,0.25695397045481433,6.747905697989742,10,5.0552557227798774e-05,1.865618050378842,0.45220456711687446,4.125606387112548,8,0.0033184723016033315,False,0.0033184723016033315,0.09855017136646506
GSE166239,whole/cortical kidney,age+sex,ITGA6,-1.2120998973477652,0.4687729200280455,-2.5856866844510735,10,0.027150134980304247,-0.7860873366970529,0.7342648101282147,-1.0705774345358987,8,0.31559254660414277,False,0.31559254660414277,0.5782469886166228
GSE166239,whole/cortical kidney,age+sex,ITGA7,0.18899863383680285,0.6025733302324696,0.3136525039431934,10,0.7602297557676021,-0.2973812471656612,1.0497807932256464,-0.2832793751654592,8,0.7841550314666021,True,0.7841550314666021,0.8997980967131919
GSE166239,whole/cortical kidney,age+sex,ITGA8,-1.0634946101039875,0.5035519715924499,-2.11198579312629,10,0.060838599192797264,-0.9598106894777775,0.8931357240751735,-1.0746526687997446,8,0.31387084320585623,False,0.31387084320585623,0.5782469886166228
GSE166239,whole/cortical kidney,age+sex,ITGA9,1.1355846251913702,0.48755658396699375,2.329134017536406,10,0.04211230843560697,1.4662352448029485,0.8348201574910269,1.7563486358661726,8,0.1170959789264296,False,0.1170959789264296,0.36147019581636963
GSE166239,whole/cortical kidney,age+sex,ITGAD,0.4985606389495377,0.5846455298689023,0.8527571211590932,10,0.41375199319251527,1.2863222068746056,0.9053641307842187,1.4207788481308667,8,0.19316307725333196,False,0.19316307725333196,0.46490096559276506
GSE166239,whole/cortical kidney,age+sex,ITGAE,0.8655818654549774,0.5401328263364622,1.6025351973623334,10,0.14011954810269367,1.8585183305261,0.6708659612964567,2.770327364552064,8,0.02428440813694856,False,0.02428440813694856,0.19778328224679534
GSE166239,whole/cortical kidney,age+sex,ITGAL,1.7618567651697234,0.23717660206950117,7.428459425577894,10,2.240078644534306e-05,1.390551177744268,0.2865531242767063,4.8526819634376075,8,0.0012675275311645757,False,0.0012675275311645757,0.055381202900113766
GSE166239,whole/cortical kidney,age+sex,ITGAM,1.7318247703973515,0.2583504657059529,6.703393259482121,10,5.342003139857793e-05,1.2326113401942917,0.39733695615906484,3.1021814635858935,8,0.014617415512568876,False,0.014617415512568876,0.160822921726254
GSE166239,whole/cortical kidney,age+sex,ITGAV,1.1724182650054367,0.4787590290060656,2.4488692514884827,10,0.03432413178211639,0.49633080751733866,0.7697784371732539,0.6447709932483203,8,0.537122116969969,False,0.537122116969969,0.7495954851079666
GSE166239,whole/cortical kidney,age+sex,ITGAX,1.7368252325923532,0.2549715235270764,6.811840038316722,10,4.6721107571371084e-05,1.3387710954201126,0.4022572721537159,3.3281464080244736,8,0.010413075004553485,False,0.010413075004553485,0.1285788391866604
GSE166239,whole/cortical kidney,age+sex,ITGB1,1.2940910682272506,0.44631770901467926,2.8994840269371616,10,0.015847599229978197,0.6942723722481037,0.7338377322300711,0.9460843204917637,8,0.37180070520223757,False,0.37180070520223757,0.6144743344054228
GSE166239,whole/cortical kidney,age+sex,ITGB2,1.878410289824011,0.11757612417065934,15.97612017808596,10,1.9048975263415725e-08,1.7524770392849103,0.19341762993209577,9.060585841632752,8,1.7638850498769962e-05,False,1.7638850498769962e-05,0.010018867083301339
GSE166239,whole/cortical kidney,age+sex,ITGB3,0.955506159119224,0.5247546709226985,1.820862608881817,10,0.09863783954777569,0.4681359566354375,0.9074218030153559,0.5158967473338476,8,0.6198781342721615,False,0.6198781342721615,0.8048327034718208
GSE166239,whole/cortical kidney,age+sex,ITGB4,1.4391010181892405,0.39945649651912746,3.6026476743515197,10,0.004826644484745432,1.6860705334572381,0.6822003261381564,2.4715182166532443,8,0.03861893148543378,False,0.03861893148543378,0.244690091304183
GSE166239,whole/cortical kidney,age+sex,ITGB5,1.4181392019747918,0.40688424281224833,3.485362795504407,10,0.005868331403604296,2.067184912195352,0.5404236708657435,3.8251191123508335,8,0.005052827502411413,False,0.005052827502411413,0.10250021504891724
GSE166239,whole/cortical kidney,age+sex,ITGB6,1.6126382485168826,0.3265064388472404,4.939070280544676,10,0.0005879801142825385,1.4743194976955027,0.5779261016499873,2.5510519311834154,8,0.03411876194576966,False,0.03411876194576966,0.22799360923761372
GSE166239,whole/cortical kidney,age+sex,ITGB7,-0.2388458556806634,0.6008010755558646,-0.39754565262667324,10,0.6993186735407161,0.3289060737838031,1.0380007692489865,0.3168649614987983,8,0.7594570074599821,True,0.7594570074599821,0.8839581562239136
GSE166239,whole/cortical kidney,age+sex,ITGB8,1.437281347302021,0.4001111089890349,3.5922055524367105,10,0.004911070762967297,0.544137115743831,0.5723205448395388,0.9507558668829378,8,0.36956392485129075,False,0.36956392485129075,0.6144743344054228
GSE166239,whole/cortical kidney,age+sex,JAM2,0.17255553167136783,0.6030664354079307,0.28613021972387925,10,0.7806182832917679,1.3379877167346679,0.9097181632065574,1.4707716860555515,8,0.179557856866292,False,0.179557856866292,0.4453662126639906
GSE166239,whole/cortical kidney,age+sex,JAM3,-0.6370653327800128,0.5710354129505943,-1.1156319176217733,10,0.2906709161931001,0.07953307309200447,0.9405855638479325,0.08455697827918486,8,0.9346913398050368,True,0.9346913398050368,0.9688041624256586
GSE166239,whole/cortical kidney,age+sex,JAML,1.7534230265154254,0.24334632866598838,7.205463242973901,10,2.9072947072026602e-05,1.4276017006137394,0.34217471453658,4.172142592555951,8,0.003112946044349353,False,0.003112946044349353,0.09855017136646506
GSE166239,whole/cortical kidney,age+sex,JCHAIN,1.0549232568525588,0.5053517179963135,2.087503058335807,10,0.0633943070054867,1.0693075586527887,0.8995765466196299,1.1886787874483422,8,0.26865153586306145,False,0.26865153586306145,0.5373030717261229
GSE166239,whole/cortical kidney,age+sex,JUNB,1.5681491769241396,0.3475017734600515,4.51263647178023,10,0.0011210120281332058,0.9269942287127984,0.5455530401175555,1.699182591876035,8,0.1277107656140541,False,0.1277107656140541,0.38791291373680603
GSE166239,whole/cortical kidney,age+sex,KDR,-1.4983772130802588,0.3770321463732903,-3.974136496034352,10,0.0026257261933812144,-1.6918800798095306,0.6599178302297554,-2.563773855330579,8,0.03344998752069904,False,0.03344998752069904,0.22618562990186972
GSE166239,whole/cortical kidney,age+sex,KLK7,-0.8580020939195071,0.5413408421222629,-1.5849572527278954,10,0.1440589935154288,-1.9830796054752293,0.7923114436666352,-2.502904156347904,8,0.03677524936225896,False,0.03677524936225896,0.24009588089382863
GSE166239,whole/cortical kidney,age+sex,KLKB1,-1.5465145900435546,0.35706572076427107,-4.331176307637042,10,0.0014868065996194674,-1.2078736697274488,0.6117599486196599,-1.97442423691323,8,0.08376835461793251,False,0.08376835461793251,0.32814086498610806
GSE166239,whole/cortical kidney,age+sex,KNG1,-0.9724426224664475,0.5216341642067978,-1.8642234140188148,10,0.0918757118231341,0.01794384021843215,0.6662031774357388,0.026934486094015955,8,0.9791717543177788,True,0.9791717543177788,0.9843708963761033
GSE166239,whole/cortical kidney,age+sex,KRAS,-0.7508325452620939,0.5570383429928242,-1.3479010102393727,10,0.20743041400633266,-0.491301517087564,0.9425863368615788,-0.5212270726556403,8,0.6163255449070917,False,0.6163255449070917,0.802919517218413
GSE166239,whole/cortical kidney,age+sex,L1CAM,-0.11637713220801221,0.604410707198814,-0.19254644370443175,10,0.8511682850273173,0.4952389693293606,1.0190206537107014,0.48599502623031066,8,0.6400026489403532,True,0.6400026489403532,0.8166732038636658
GSE166239,whole/cortical kidney,age+sex,LAMA1,-0.8056718883951921,0.549323172177944,-1.466662848393747,10,0.1731973530529819,0.5465264697160604,0.7314644886721223,0.7471674677033295,8,0.47634652767737545,True,0.47634652767737545,0.699133921759042
GSE166239,whole/cortical kidney,age+sex,LAMA2,0.8314674008636151,0.545465730176312,1.5243256447932272,10,0.1584077873908939,0.1414797759255187,0.866098474163603,0.16335299061939423,8,0.8742917556867649,False,0.8742917556867649,0.9523747064442404
GSE166239,whole/cortical kidney,age+sex,LAMA3,0.0767926380629913,0.6050429371049624,0.1269209726344915,10,0.9015187610818437,0.7835281806015755,1.020732128868647,0.7676139100960971,8,0.46476729131132416,False,0.46476729131132416,0.6856826531554081
GSE166239,whole/cortical kidney,age+sex,LAMA4,0.3097792206772628,0.5975536378521391,0.5184124086178113,10,0.6154467010334497,0.294902589919833,1.0590474218018415,0.2784602311935114,8,0.7877211468149032,False,0.7877211468149032,0.9020677649009375
GSE166239,whole/cortical kidney,age+sex,LAMA5,1.30280399390305,0.4437756663154175,2.9357265230876144,10,0.014894053900590771,0.7668860156411114,0.7452209222474985,1.0290720412522416,8,0.33355140364741637,False,0.33355140364741637,0.5854187738773514
GSE166239,whole/cortical kidney,age+sex,LAMB1,1.0934454895583208,0.49709592917577095,2.1996669563787217,10,0.052470637214356554,0.6836365776991518,0.8520683477256582,0.8023259865525052,8,0.4455422268890686,False,0.4455422268890686,0.6766523659705641
GSE166239,whole/cortical kidney,age+sex,LAMB2,1.27153916518243,0.4527532239613359,2.8084596594524007,10,0.01852377012633629,1.0948346776828832,0.7663966363916225,1.4285483856474437,8,0.19099080037729724,False,0.19099080037729724,0.46246678620927206
GSE166239,whole/cortical kidney,age+sex,LAMB3,0.2635049941050871,0.5997692710324817,0.4393439391309137,10,0.669754163532579,0.8350336575467249,1.011834543170581,0.8252669996125542,8,0.43313777745865717,False,0.43313777745865717,0.6613501548293476
GSE166239,whole/cortical kidney,age+sex,LAMC1,1.1643641913492657,0.48072057336567536,2.4221226547413752,10,0.03593096459630463,1.3369843921762183,0.8308582773956351,1.6091605855658797,8,0.14624759258509393,False,0.14624759258509393,0.41861694068731686
GSE166239,whole/cortical kidney,age+sex,LAMC2,1.4937510286169136,0.37886336998614417,3.942716944822465,10,0.0027626853916792975,1.4053273791121437,0.6512482505718056,2.157898125451002,8,0.06299536410449376,False,0.06299536410449376,0.2957137753004335
GSE166239,whole/cortical kidney,age+sex,LAMC3,1.4076136133647712,0.4105229082690562,3.4288308520951603,10,0.0064511259756809035,2.260959753536019,0.6126802713834709,3.6902767383559265,8,0.006127760183575501,False,0.006127760183575501,0.1057378333807939
GSE166239,whole/cortical kidney,age+sex,LCK,1.47547834729551,0.385957292109992,3.8229057397237125,10,0.00335756985774011,2.28413378187713,0.5801492473808609,3.9371485737317933,8,0.0043131367183295195,False,0.0043131367183295195,0.10207756900046529
GSE166239,whole/cortical kidney,age+sex,LIMD1,1.4757598585938267,0.38584964771654173,3.8247018426150543,10,0.0033477251106735903,1.1231337857779096,0.6675101359840989,1.6825718820315625,8,0.13095892963422706,False,0.13095892963422706,0.39367698389697475
GSE166239,whole/cortical kidney,age+sex,LOX,-0.9264012065198766,0.529947872080376,-1.7480987382460353,10,0.1110218279917942,-0.40067515208890503,0.9078584655186509,-0.44134098794794313,8,0.6706511609847888,False,0.6706511609847888,0.8335445501955362
GSE166239,whole/cortical kidney,age+sex,LOXL1,1.754492367298781,0.2425743596831673,7.2328022202774,10,2.814975483312308e-05,1.2215028269822317,0.35142069803707354,3.4758989262873974,8,0.008369887426659124,False,0.008369887426659124,0.11473683153875011
GSE166239,whole/cortical kidney,age+sex,LOXL2,1.5659790784500343,0.34847900833815626,4.4937544040829085,10,0.0011541944441883524,2.333483251463565,0.5132158629030171,4.546787073696756,8,0.0018823110905566054,False,0.0018823110905566054,0.07127684662907678
GSE166239,whole/cortical kidney,age+sex,LOXL3,1.449129704320236,0.39581432095408214,3.6611351020024046,10,0.004380853474955226,1.1515817387220537,0.6231185349351274,1.8480941813774556,8,0.10177385796285841,False,0.10177385796285841,0.3570200815491278
GSE166239,whole/cortical kidney,age+sex,LOXL4,1.5257726325607597,0.3658803821463069,4.170140589693162,10,0.001917537307282945,2.0472660722438314,0.6036375708415759,3.391548457445394,8,0.009478217915743527,False,0.009478217915743527,0.12235517673050735
GSE166239,whole/cortical kidney,age+sex,LRP4,-0.9306192716754297,0.5292083179479475,-1.7585121777450303,10,0.10916643072251486,0.1717922796338729,0.7981000100780773,0.21525156930779468,8,0.8349574097459497,True,0.8349574097459497,0.9401323002391984
GSE166239,whole/cortical kidney,age+sex,LTBP1,0.9455679275878937,0.5265517981152285,1.7957738079568184,10,0.10275699862380097,2.067872839256956,0.785150508422904,2.6337279503398623,8,0.030004025407857984,False,0.030004025407857984,0.20746718886725551
GSE166239,whole/cortical kidney,age+sex,LTBP2,0.07723404805299182,0.6050373185587823,0.12765170954572805,10,0.9009551302346834,-0.6033403462493006,1.0320325145017515,-0.5846136994439399,8,0.5749197855937936,True,0.5749197855937936,0.773448592071002
GSE166239,whole/cortical kidney,age+sex,LTBP3,1.3842491785042017,0.41839226552089964,3.308496099421932,10,0.007899353093069428,1.3318301503485148,0.7429770232473983,1.7925590007176289,8,0.11080563169133929,False,0.11080563169133929,0.35854921632147435
GSE166239,whole/cortical kidney,age+sex,LTBP4,1.340615527664788,0.43236751423421377,3.100638885969994,10,0.011238420751734804,1.3425511181187497,0.7599362150031331,1.7666629009294084,8,0.1152708852756668,False,0.1152708852756668,0.36147019581636963
GSE166239,whole/cortical kidney,age+sex,LUM,1.5323572268269152,0.3631181620434308,4.219996097699012,10,0.001771633792255578,1.0910193513416833,0.6070452425019702,1.7972620077623658,8,0.11001236404731027,False,0.11001236404731027,0.35854921632147435
GSE166239,whole/cortical kidney,age+sex,LYN,1.252691772920216,0.45797707243099745,2.7352718036096815,10,0.021002503144620353,1.4081646202990794,0.7722106612477895,1.8235498303321442,8,0.10567610991333438,False,0.10567610991333438,0.35854921632147435
GSE166239,whole/cortical kidney,age+sex,MAPK1,1.3021847082020597,0.4439573912428289,2.9331299216726205,10,0.014960396066978573,1.1478867852587664,0.7581785182728906,1.5140059466121782,8,0.16848479952224651,False,0.16848479952224651,0.44315053799962906
GSE166239,whole/cortical kidney,age+sex,MAPK3,0.8175571448458422,0.547564332437585,1.4930796189852866,10,0.1662794981523563,1.9285509068573403,0.7052777140074432,2.7344560427114066,8,0.025668308560982067,False,0.025668308560982067,0.19778328224679534
GSE166239,whole/cortical kidney,age+sex,MASP1,-0.5064474506669813,0.5839672633272848,-0.8672531535096386,10,0.40613273349828843,-1.0875485633542452,1.0044910114115289,-1.0826862072424146,8,0.3104984889291565,False,0.3104984889291565,0.574901051406046
GSE166239,whole/cortical kidney,age+sex,MATN3,1.5832577722953765,0.3405820742688829,4.648682041455374,10,0.0009098689611060545,1.9832383929126374,0.5756074998186288,3.445470035636343,8,0.00875298994120404,False,0.00875298994120404,0.11562089038613708
GSE166239,whole/cortical kidney,age+sex,MEN1,-0.6386654326968444,0.5708566485331338,-1.1187842593021404,10,0.2893862595430167,-0.36539980079816925,1.0055074339497994,-0.363398408068271,8,0.7257226708646202,False,0.7257226708646202,0.8587718271898005
GSE166239,whole/cortical kidney,age+sex,MERTK,0.4262732281702032,0.5903353116333141,0.7220866171647583,10,0.48678321816020015,0.4224851846109508,1.0505972548115177,0.4021381006623197,8,0.6981125970622776,False,0.6981125970622776,0.8472819554089182
GSE166239,whole/cortical kidney,age+sex,MFAP2,1.0385711004869738,0.5087275042593966,2.0415076672509014,10,0.06847446418882273,1.4844204805401393,0.8823276451955487,1.6823914433862601,8,0.13099463020515534,False,0.13099463020515534,0.39367698389697475
GSE166239,whole/cortical kidney,age+sex,MFAP3,-0.14543348099724782,0.6037810670492814,-0.2408712179532078,10,0.8145215223060518,-0.8991909047670475,0.9749846055249128,-0.9222616435907114,8,0.38336323658108146,False,0.38336323658108146,0.6221437667944407
GSE166239,whole/cortical kidney,age+sex,MFAP4,1.6345146078628607,0.3154407493253819,5.181685027563875,10,0.0004120704818069947,1.7425425305764604,0.5555854786946378,3.1364076229468925,8,0.013880307328766963,False,0.013880307328766963,0.160822921726254
GSE166239,whole/cortical kidney,age+sex,MIF,0.3440718941718424,0.5956745082935534,0.5776172882695878,10,0.5762962277703074,0.20935839922932376,1.0034707896930124,0.20863427354310124,8,0.8399478629557136,False,0.8399478629557136,0.9410066788142906
GSE166239,whole/cortical kidney,age+sex,MMP11,1.5622224860695804,0.35016104447600194,4.461439988012848,10,0.0012134180234507723,1.1026459315458181,0.5860600562921975,1.8814555261143093,8,0.09668880971542332,False,0.09668880971542332,0.3493177927601298
GSE166239,whole/cortical kidney,age+sex,MMP12,-1.4461720324117355,0.39689458541743516,-3.6437182202692924,10,0.004508942042898958,-0.7742134048964756,0.6373766953864479,-1.2146873434508962,8,0.259118711938074,False,0.259118711938074,0.5301339566811603
GSE166239,whole/cortical kidney,age+sex,MMP14,1.5863412577935125,0.3391442289776966,4.677482682147708,10,0.0008708406819214224,0.9996600511832857,0.5156393041097538,1.9386808631843708,8,0.08852643187641518,False,0.08852643187641518,0.3374698879584149
GSE166239,whole/cortical kidney,age+sex,MMP15,0.5127761412459834,0.5834147149014624,0.8789221940221208,10,0.40007009752921163,1.6042018042941437,0.8321910959573103,1.927684412975786,8,0.090041824825126,False,0.090041824825126,0.3387003741766329
GSE166239,whole/cortical kidney,age+sex,MMP16,0.8667607171299665,0.5399437494690548,1.6052796573389025,10,0.1395131818485684,-0.29024874511195536,0.5995124887374585,-0.4841412823996441,8,0.6412610016253433,True,0.6412610016253433,0.8166732038636658
GSE166239,whole/cortical kidney,age+sex,MMP17,1.461634451055955,0.39118939123562946,3.7363857093342094,10,0.0038694808030563426,1.4769565300994345,0.6943249808987509,2.127183337387093,8,0.06608211692673588,False,0.06608211692673588,0.2977825597287273
GSE166239,whole/cortical kidney,age+sex,MMP19,1.5340323427565457,0.36241018722485296,4.232862090614396,10,0.001735912700501116,1.3690929046955151,0.5980164450644165,2.28939005941223,8,0.05131368372432672,False,0.05131368372432672,0.2761298834762355
GSE166239,whole/cortical kidney,age+sex,MMP2,1.5019540792636656,0.3756062579949781,3.998746153169117,10,0.0025234312431851253,1.2475844767393813,0.6537478235926628,1.9083573691814326,8,0.0927657400817795,False,0.0927657400817795,0.3443852311532729
GSE166239,whole/cortical kidney,age+sex,MMP24,-0.9216611492974778,0.5307737175616665,-1.736448356055605,10,0.11313161933389407,-0.896726972624272,0.9445617772714822,-0.9493576748517301,8,0.37023234146553247,False,0.37023234146553247,0.6144743344054228
GSE166239,whole/cortical kidney,age+sex,MMP7,1.5777024680907001,0.34315034443333725,4.597700377355138,10,0.0009835774617537373,1.2010875306056774,0.5839072930576722,2.0569832658127916,8,0.07370454375539888,False,0.07370454375539888,0.3053531357508007
GSE166239,whole/cortical kidney,age+sex,MMP9,1.3215686362400265,0.4381920818971224,3.0159573639906645,10,0.012984805841086983,0.0618827150808538,0.4050681307339155,0.15277112758471692,8,0.8823616761902433,False,0.8823616761902433,0.9523747064442404
GSE166239,whole/cortical kidney,age+sex,MTMR4,-1.3326105221909215,0.4348351253995826,-3.0646340287398517,10,0.011949663099669376,-0.7663415840430857,0.689456730109678,-1.1115151257152527,8,0.29863187929583224,False,0.29863187929583224,0.565954334056862
GSE166239,whole/cortical kidney,age+sex,MYC,1.7269786789618062,0.2615743315155369,6.6022482747288525,10,6.0610636461221424e-05,1.179248988319681,0.384609064497496,3.0660977526892337,8,0.01543904841587467,False,0.01543904841587467,0.1623959166706817
GSE166239,whole/cortical kidney,age+sex,NCAM1,0.8679405531420132,0.5397541906162658,1.6080292996911052,10,0.13890800917245458,1.9983299365767453,0.760673144700701,2.6270546692732526,8,0.03031650823236304,False,0.03031650823236304,0.20746718886725551
GSE166239,whole/cortical kidney,age+sex,NCOR1,0.9885191693974446,0.5186035594170612,1.9061172092775343,10,0.08575270645262074,0.7546240664123554,0.8733691480416186,0.8640379249764789,8,0.4127223499525038,False,0.4127223499525038,0.6475864496492325
GSE166239,whole/cortical kidney,age+sex,NCOR2,1.2275463465124064,0.4647361223135888,2.641383545572767,10,0.024675305814208695,0.8368170889172899,0.8067148472896065,1.0373145997359794,8,0.32992330689706956,False,0.32992330689706956,0.5854187738773514
GSE166239,whole/cortical kidney,age+sex,NCSTN,-0.6614534626662748,0.568255750819423,-1.164006632070966,10,0.2714409021174144,-0.12531120774003335,0.9480186565046891,-0.13218221696401133,8,0.8981042358019672,False,0.8981042358019672,0.953732614992617
GSE166239,whole/cortical kidney,age+sex,NEDD4L,-1.2934130169058455,0.44651421414834996,-2.8966894578547993,10,0.015923642318598493,-0.5898253817074502,0.6200133313580831,-0.9513108055523437,8,0.3692988809053548,False,0.3692988809053548,0.6144743344054228
GSE166239,whole/cortical kidney,age+sex,NEDD8,0.7567467432136636,0.5562374522901332,1.360474272449646,10,0.20355459812205973,-0.15410291014731406,0.8011719128468056,-0.19234687047345422,8,0.8522634409867178,True,0.8522634409867178,0.9473300087680151
GSE166239,whole/cortical kidney,age+sex,NID1,1.2510984659968654,0.45841240112446313,2.729198562098194,10,0.02122258330112296,2.014789222774736,0.7365173442659148,2.7355624934846197,8,0.025624431649238385,False,0.025624431649238385,0.19778328224679534
GSE166239,whole/cortical kidney,age+sex,NID2,1.0391102019413476,0.5086174058059827,2.0430095196893965,10,0.06830265139038998,0.8455608583474321,0.8841482193277458,0.9563564568284114,8,0.3668955154923378,False,0.3668955154923378,0.6144743344054228
GSE166239,whole/cortical kidney,age+sex,NRAS,-0.40027316477119745,0.5921526880991691,-0.675962758956796,10,0.514392545376788,-0.600687949188105,1.0187083296144874,-0.5896564617425136,8,0.571694104003474,False,0.571694104003474,0.773448592071002
GSE166239,whole/cortical kidney,age+sex,NRXN1,-1.241040832460485,0.4611381917421776,-2.691255798553226,10,0.02265081827742656,-0.5633488489343756,0.7590360791298537,-0.7421898173538594,8,0.4791939104302315,False,0.4791939104302315,0.701500363722607
GSE166239,whole/cortical kidney,age+sex,NTN4,1.3809408213498653,0.4194841015576425,3.2919979952091376,10,0.008122556979682326,1.108619631185606,0.7027003800339762,1.57765622829463,8,0.15329640293430166,False,0.15329640293430166,0.42592470701608354
GSE166239,whole/cortical kidney,age+sex,OLR1,-1.109593792071439,0.49350463860668936,-2.248395871625752,10,0.04831101484296836,-0.5206975796354053,0.8005803850855089,-0.6504001213816778,8,0.533662791927673,False,0.533662791927673,0.7495954851079666
GSE166239,whole/cortical kidney,age+sex,P3H1,1.2727152722958763,0.45242264557949574,2.8131113345701126,10,0.01837655559109149,1.7312539111081293,0.7781649226735408,2.2247904790671638,8,0.05675638190763356,False,0.05675638190763356,0.28664284430828896
GSE166239,whole/cortical kidney,age+sex,P3H2,0.17918322624720467,0.6028731241395913,0.2972154821181181,10,0.7723843065470226,0.8154520822261072,1.0338437091081538,0.7887575994727072,8,0.4529918339629887,False,0.4529918339629887,0.6797677553349392
GSE166239,whole/cortical kidney,age+sex,P3H3,1.37989474954365,0.4198281966291132,3.2868081768283033,10,0.00819410381501728,1.3280618463009362,0.7070808347958888,1.8782319940609116,8,0.09716938601426145,False,0.09716938601426145,0.3493177927601298
GSE166239,whole/cortical kidney,age+sex,P4HA1,-1.3407846284945433,0.4323150756866358,-3.101406136172806,10,0.011223743705522435,-0.4497500763772841,0.6394683662584569,-0.7033187255356843,8,0.50180923117681,False,0.50180923117681,0.7271113349704798
GSE166239,whole/cortical kidney,age+sex,P4HA2,-1.50581178101939,0.3740584909890268,-4.025605132068941,10,0.0024165430268954604,-1.3774170661755785,0.6447947365426608,-2.13621015822986,8,0.06515983569056134,False,0.06515983569056134,0.2977825597287273
GSE166239,whole/cortical kidney,age+sex,P4HA3,-0.05982310544080827,0.6052344886671682,-0.09884285605162584,10,0.9232163473689361,1.5203209093249175,0.725424406439301,2.0957675201297885,8,0.06939285830197245,True,0.06939285830197245,0.30319341165784885
GSE166239,whole/cortical kidney,age+sex,P4HB,1.320685385975486,0.4384582965274404,3.0121117479934205,10,0.013070378485521063,0.9120530812806207,0.7293952188627535,1.25042371775162,8,0.24647908136545185,False,0.24647908136545185,0.5223885008043906
GSE166239,whole/cortical kidney,age+sex,PARD3,0.8002471858900408,0.5501155431490494,1.4546892845622075,10,0.17641389220875783,-0.3893700591002156,0.8142400809990822,-0.4782005555688857,8,0.6453019718078307,True,0.6453019718078307,0.8199348946409823
GSE166239,whole/cortical kidney,age+sex,PARD6A,-0.5676590482604544,0.5783104591475674,-0.9815818463618776,10,0.34945704557553303,0.17044674444764085,0.9710261004524211,0.17553260861703532,8,0.8650227615944589,True,0.8650227615944589,0.9523747064442404
GSE166239,whole/cortical kidney,age+sex,PARP1,-0.8224023269838349,0.5468382831549232,-1.5039223703195674,10,0.16351019288533752,0.3504810636540798,0.8050214431519325,0.43536860618498235,8,0.6748022623427655,True,0.6748022623427655,0.8350685568778191
GSE166239,whole/cortical kidney,age+sex,PCOLCE,1.6386444465964234,0.31329076658997923,5.230426879260719,10,0.0003840574539990191,1.454813786105326,0.5232135756121662,2.7805352420437033,8,0.02390481004835373,False,0.02390481004835373,0.19778328224679534
GSE166239,whole/cortical kidney,age+sex,PCOLCE2,-1.2454074627905078,0.4599594458528248,-2.707646237118492,10,0.02202240971507037,-1.110252596643309,0.804730324280014,-1.379657958877893,8,0.2050239240604523,False,0.2050239240604523,0.47532077088300784
GSE166239,whole/cortical kidney,age+sex,PDGFA,1.2088419698527484,0.46961343236636605,2.5741213656548005,10,0.02769418601053234,0.8948128820795244,0.7760159427538527,1.1530856942243948,8,0.2821616086010281,False,0.2821616086010281,0.5501397104935817
GSE166239,whole/cortical kidney,age+sex,PDGFB,1.1020570146265942,0.49519056969806924,2.2255210055767973,10,0.05022239111803939,0.48851821156683856,0.7904285408576361,0.6180422218013323,8,0.55373067994893,False,0.55373067994893,0.7633956946868744
GSE166239,whole/cortical kidney,age+sex,PECAM1,1.4650819359305154,0.3898976260092845,3.7576067105769653,10,0.0037368167029639895,1.057105696356855,0.6687089882392644,1.580815743392733,8,0.15257579925212186,False,0.15257579925212186,0.42592470701608354
GSE166239,whole/cortical kidney,age+sex,PHYKPL,0.9491143738938207,0.5259133552149828,1.804697227180781,10,0.10127414730744272,0.09517653029265734,0.8515999271383562,0.11176202258786053,8,0.9137653860057445,False,0.9137653860057445,0.9573665456198379
GSE166239,whole/cortical kidney,age+sex,PICK1,-1.1078824083652068,0.4938889790126498,-2.243181069923877,10,0.04874046249991574,-0.5430640801370242,0.8403606978987567,-0.6462273658143523,8,0.5362258253838644,False,0.5362258253838644,0.7495954851079666
GSE166239,whole/cortical kidney,age+sex,PIK3CA,-1.103239565328205,0.49492717930631985,-2.229094726368602,10,0.04991903395622908,-1.1789498405607186,0.8658509693343924,-1.3616082701472465,8,0.21042707795866836,False,0.21042707795866836,0.4857427696770637
GSE166239,whole/cortical kidney,age+sex,PIK3CB,-1.569031544095244,0.34710325269302217,-4.520359667971461,10,0.0011077321589132755,-0.9393174006098963,0.5127612320385474,-1.831880692063089,8,0.10433597712665126,False,0.10433597712665126,0.35854921632147435
GSE166239,whole/cortical kidney,age+sex,PIK3R1,-1.1114779422247163,0.49308046509820047,-2.254151240818996,10,0.04784130192068002,-0.6494934920372706,0.7958242771458905,-0.8161267640220599,8,0.4380511610997445,False,0.4380511610997445,0.6670591407631499
GSE166239,whole/cortical kidney,age+sex,PLCG1,1.48269718333125,0.3831808618926895,3.8694447734356885,10,0.0031119749763809093,1.1427536105975546,0.6491177645134533,1.7604719406410123,8,0.11636314021823356,False,0.11636314021823356,0.36147019581636963
GSE166239,whole/cortical kidney,age+sex,PLEC,1.160835352387925,0.48157325001634693,2.410506298571444,10,0.036651637604780865,1.1122758465654028,0.8488456179073778,1.3103393869281532,8,0.22644908409270437,False,0.22644908409270437,0.4991512522393193
GSE166239,whole/cortical kidney,age+sex,PLG,-1.0129026323822332,0.5138769233950683,-1.9710996666093026,10,0.0770036107222033,-1.7405267380040954,0.849815089861699,-2.0481240669512624,8,0.07472550329112904,False,0.07472550329112904,0.3053531357508007
GSE166239,whole/cortical kidney,age+sex,PLOD1,-1.2393324999325857,0.4615974026440697,-2.6848775422772797,10,0.022900180964999146,-1.3911000935673732,0.7917188841713265,-1.7570631715111922,8,0.116968674872446,False,0.116968674872446,0.36147019581636963
GSE166239,whole/cortical kidney,age+sex,PLOD2,-0.5018346851248413,0.5843653493724896,-0.8587687234770638,10,0.41058042821917423,0.326603307170486,0.9697776948113499,0.33678162419895613,8,0.7449461875074149,True,0.7449461875074149,0.8742343688103548
GSE166239,whole/cortical kidney,age+sex,PLOD3,0.6011394562970082,0.5749172132359235,1.0456104678332603,10,0.3203570389527541,1.0326836542084092,0.9857374953972422,1.047625416533687,8,0.3254279474442465,False,0.3254279474442465,0.5854187738773514
GSE166239,whole/cortical kidney,age+sex,PMEPA1,1.261326023371149,0.45560106775921727,2.7684878562175648,10,0.01983871209556183,0.477533905672734,0.7016723604527106,0.6805653643883519,8,0.515356407322338,False,0.515356407322338,0.7373361192924132
GSE166239,whole/cortical kidney,age+sex,PPIA,1.166971139041324,0.4800880156087278,2.4307441575304947,10,0.03540510521730866,0.34919008780626104,0.7609229555054643,0.4589033426837567,8,0.6585144217981361,False,0.6585144217981361,0.8256869571332038
GSE166239,whole/cortical kidney,age+sex,PPIB,1.2869681507246642,0.4483725733903673,2.8703097091627616,10,0.016659894060136096,1.1314318950483826,0.7849312334295936,1.441440787245561,8,0.1874336037528766,False,0.1874336037528766,0.45691968640186226
GSE166239,whole/cortical kidney,age+sex,PPIL2,-0.3691574582320815,0.5941708035319722,-0.6212985492347862,10,0.5483033928431883,0.11752993374876486,1.0170734196669524,0.11555698091810405,8,0.9108516079167066,True,0.9108516079167066,0.9573665456198379
GSE166239,whole/cortical kidney,age+sex,PPM1A,-0.178364260101978,0.6028974089664793,-0.2958451263005759,10,0.7734006079302047,-0.8531010427068924,1.0097250350835953,-0.8448845111939449,8,0.42272157356090667,False,0.42272157356090667,0.6542393836038011
GSE166239,whole/cortical kidney,age+sex,PPP1CA,0.44593557047754667,0.5888809840408784,0.7572592468813547,10,0.46636290790464513,0.6653772182290277,0.9602891464731004,0.6928925737344739,8,0.5079887752858413,False,0.5079887752858413,0.7304749983857161
GSE166239,whole/cortical kidney,age+sex,PPP1CB,0.2963419964343879,0.5982347438770125,0.4953607249787403,10,0.6310493988460844,0.5131671716317951,1.053855313224189,0.48694271897894575,8,0.6393598171655347,False,0.6393598171655347,0.8166732038636658
GSE166239,whole/cortical kidney,age+sex,PPP1CC,-0.9801215945080455,0.5201949948476697,-1.884142685369469,10,0.08891544694805163,0.16716541903623322,0.655754130039468,0.25492087869301255,8,0.805215156914483,True,0.805215156914483,0.9139909211251425
GSE166239,whole/cortical kidney,age+sex,PPP1R15A,1.636578237937405,0.31436894531368126,5.205915731607671,10,0.0003978811449828672,1.1738030655621308,0.511977416465102,2.2926852392563313,8,0.05105042350530222,False,0.05105042350530222,0.2761298834762355
GSE166239,whole/cortical kidney,age+sex,PRKCA,0.8324992088368129,0.5453083287418914,1.5266577914874586,10,0.15783351666181042,1.0257391243437426,0.6899572697389491,1.4866705074820636,8,0.17541267377047953,False,0.17541267377047953,0.44315053799962906
GSE166239,whole/cortical kidney,age+sex,PRKCZ,-1.6972050092785307,0.2803857740946441,-6.053106705426645,10,0.00012310003648029395,-1.3006721511446546,0.4554996501064241,-2.855484413304735,8,0.021298717293165074,False,0.021298717293165074,0.19160150213429822
GSE166239,whole/cortical kidney,age+sex,PROC,-0.454212164074868,0.5882480749371894,-0.7721439022530873,10,0.45788886434089426,-1.2995355851411345,0.9707032919739151,-1.338756750786888,8,0.21744380994657564,False,0.21744380994657564,0.49206407987910344
GSE166239,whole/cortical kidney,age+sex,PROCR,0.777488530275389,0.5533695195759235,1.405007870457375,10,0.19031380355519395,-0.13017431244810165,0.861450344810583,-0.15111063943763883,8,0.8836293491128779,True,0.8836293491128779,0.9523747064442404
GSE166239,whole/cortical kidney,age+sex,PROS1,-0.7999477874539855,0.5501590864481055,-1.4540299472622482,10,0.17659249881486538,-1.165308155042317,0.9575173789274759,-1.2170099265953684,8,0.2582811926594926,False,0.2582811926594926,0.5301339566811603
GSE166239,whole/cortical kidney,age+sex,PROZ,-1.1820848225424743,0.47637612649894573,-2.481410710545106,10,0.0324642987211168,-1.2980328068037337,0.846228617512796,-1.5339032265522572,8,0.16359725487580126,False,0.16359725487580126,0.44103297960712945
GSE166239,whole/cortical kidney,age+sex,PSEN1,-0.5183618402866786,0.5829208925061163,-0.8892490335320066,10,0.39475747963641766,-0.7464991597996324,0.97690967427734,-0.7641434816907187,8,0.4667193923188818,False,0.4667193923188818,0.6867787949148313
GSE166239,whole/cortical kidney,age+sex,PSMA1,-0.6067089706175355,0.574331863267125,-1.0563735175099482,10,0.31564971717611184,0.5713331391443777,0.8206609304572335,0.6961865953897157,8,0.5060312678712864,True,0.5060312678712864,0.7304533887146241
GSE166239,whole/cortical kidney,age+sex,PSMA2,-0.4460634520079906,0.588871298625547,-0.7574888656470835,10,0.4662314221673969,0.9115873207369413,0.7542663797924459,1.2085747756486056,8,0.2613336406174734,True,0.2613336406174734,0.5301339566811603
GSE166239,whole/cortical kidney,age+sex,PSMA3,-1.121406575956719,0.49082725658501225,-2.2847275918599874,10,0.04541914237559427,-0.3504370771717906,0.7862975393582325,-0.44567998706674516,8,0.6676428602804508,False,0.6676428602804508,0.8316253171914387
GSE166239,whole/cortical kidney,age+sex,PSMA4,-0.8551673495880457,0.5417892090901426,-1.5784134036633488,10,0.14555041229378246,-0.2402288863116041,0.9058351631244717,-0.2652015466953053,8,0.7975597181342139,False,0.7975597181342139,0.9078435268541754
GSE166239,whole/cortical kidney,age+sex,PSMA5,-0.850949990365576,0.5424528348680181,-1.568707794794025,10,0.1477875536852634,-0.09495568516843503,0.8537671170466211,-0.11121965612462191,8,0.914181930753769,False,0.914181930753769,0.9573665456198379
GSE166239,whole/cortical kidney,age+sex,PSMA6,1.0664863092805676,0.5029188422383655,2.1205932641813634,10,0.05996367651525831,1.9223150770045485,0.6963708468763444,2.7604760963606174,8,0.02465663602180511,False,0.02465663602180511,0.19778328224679534
GSE166239,whole/cortical kidney,age+sex,PSMA7,-0.28730101293800514,0.5986756045331615,-0.4798943046327039,10,0.6416262196937111,1.1379166383113475,0.48930391031710585,2.325582555786018,8,0.04849495822448206,True,0.04849495822448206,0.2674285074903477
GSE166239,whole/cortical kidney,age+sex,PSMB1,-0.40441381310494484,0.5918712811445227,-0.6832800069686019,10,0.5099503956354461,0.06229426459852472,0.9849419628908602,0.06324663477194893,8,0.9511218336368321,True,0.9511218336368321,0.9699052091664644
GSE166239,whole/cortical kidney,age+sex,PSMB2,0.12375620109313011,0.604264103629999,0.20480482019317184,10,0.841833143412863,-0.21052460374177698,1.064286088512423,-0.19780828295522684,8,0.8481288460244657,True,0.8481288460244657,0.9448535776901141
GSE166239,whole/cortical kidney,age+sex,PSMB3,-0.31697983096572174,0.5971758914614362,-0.530798104039321,10,0.6071449443553435,-0.3493172592689353,1.0587249404453682,-0.3299414663094551,8,0.7499179139937716,False,0.7499179139937716,0.8782543817494067
GSE166239,whole/cortical kidney,age+sex,PSMB4,0.6900401049279585,0.5648461135794137,1.2216426533506517,10,0.24985973851811766,0.5055103934760898,0.9901337840632749,0.5105475660082971,8,0.6234539998593264,False,0.6234539998593264,0.8048327034718208
GSE166239,whole/cortical kidney,age+sex,PSMB5,-0.3949422786557843,0.5925105284462753,-0.6665574022649539,10,0.5201363629596121,0.6152812020875722,0.9486133775436474,0.6486111377437981,8,0.5347607325061086,True,0.5347607325061086,0.7495954851079666
GSE166239,whole/cortical kidney,age+sex,PSMB6,-0.13251044096626877,0.6040784427292196,-0.21935965860259485,10,0.8307825814040479,1.0333604844619104,0.5400689990591658,1.9133860418985156,8,0.0920495049887416,True,0.0920495049887416,0.34397446601056075
GSE166239,whole/cortical kidney,age+sex,PSMB7,0.0344639907038708,0.605431986271904,0.056924628175150246,10,0.9557266006044728,-0.7515397799399379,1.01684414043877,-0.739090436825104,8,0.48097246545834493,True,0.48097246545834493,0.7022939855535731
GSE166239,whole/cortical kidney,age+sex,PSMC1,-0.6039350917300386,0.5746241442581139,-1.051008903410711,10,0.3179893887111108,0.6350514214679821,0.6727278419579021,0.9439945574717603,8,0.3728045483695261,True,0.3728045483695261,0.6144743344054228
GSE166239,whole/cortical kidney,age+sex,PSMC2,-0.839470200898485,0.5442385918391054,-1.5424672441212322,10,0.1539883865939379,-0.5166876767313235,0.9563156196986546,-0.5402899064789273,8,0.6037086584343421,False,0.6037086584343421,0.792979119028447
GSE166239,whole/cortical kidney,age+sex,PSMC3,-1.3045321402665204,0.4432677025994921,-2.9429893777873795,10,0.014710069635819226,-0.2310042876329515,0.4953236218617729,-0.46637042417778435,8,0.6533863494411564,False,0.6533863494411564,0.8212140781069828
GSE166239,whole/cortical kidney,age+sex,PSMC4,-0.5139372314973283,0.583312539617273,-0.8810666608239491,10,0.3989628108907277,0.4445168036440951,0.829342268686767,0.5359871556383725,8,0.6065443208585981,True,0.6065443208585981,0.7938183738425892
GSE166239,whole/cortical kidney,age+sex,PSMC5,0.880221023381186,0.5377618075565096,1.636823238490565,10,0.1327096483332532,0.21744939834585608,0.8962884217325239,0.24261096436516139,8,0.8144110871519316,False,0.8144110871519316,0.9214850547854524
GSE166239,whole/cortical kidney,age+sex,PSMC6,-1.3005668008397813,0.44443139664295134,-2.9263612126949585,10,0.01513474498286411,-1.2479333618298842,0.7893713839351032,-1.5809204478743568,8,0.15255197162596568,False,0.15255197162596568,0.42592470701608354
GSE166239,whole/cortical kidney,age+sex,PSMD1,-0.9667024765094444,0.5227000084730411,-1.8494403306658895,10,0.09413144100654558,-0.7523633997027707,0.901886664175613,-0.8342105827570729,8,0.4283671523971159,False,0.4283671523971159,0.6600684607751419
GSE166239,whole/cortical kidney,age+sex,PSMD11,-0.855890719147006,0.5416749711353376,-1.5800817182914688,10,0.1451688934584714,-0.33391501380486754,0.7895696059667662,-0.422907633831744,8,0.683501360468339,False,0.683501360468339,0.8378674517839276
GSE166239,whole/cortical kidney,age+sex,PSMD12,-1.2021804623451933,0.47132035842112374,-2.5506652553103755,10,0.02883104651732368,-0.61989065380696,0.7799452498311529,-0.794787395578289,8,0.44967087716453263,False,0.44967087716453263,0.6797677553349392
GSE166239,whole/cortical kidney,age+sex,PSMD13,-0.2105620299987921,0.6018579814366055,-0.34985334828690123,10,0.7337049872770577,-0.5977985310659157,1.0285967060521768,-0.5811787336557849,8,0.5771229019583026,False,0.5771229019583026,0.773448592071002
GSE166239,whole/cortical kidney,age+sex,PSMD14,-1.0588428007299366,0.5045313260848179,-2.0986661203905745,10,0.06221656940684666,-0.3224400501127809,0.8301432033755445,-0.3884149732259071,8,0.7078412409187289,False,0.7078412409187289,0.8554336698762511
GSE166239,whole/cortical kidney,age+sex,PSMD2,-0.16146497035926988,0.6033734937842022,-0.2676036849855691,10,0.7944427521128062,0.5545263484590697,0.8737301969496158,0.6346654269190226,8,0.5433661116775889,True,0.5433661116775889,0.7546013482466272
GSE166239,whole/cortical kidney,age+sex,PSMD3,-0.5535991155103014,0.579671862864921,-0.9550215405906372,10,0.36208293951932696,0.7789528646810828,0.5219968305038462,1.4922559279320056,8,0.17397678013845216,True,0.17397678013845216,0.44315053799962906
GSE166239,whole/cortical kidney,age+sex,PSMD6,-1.3868648764665408,0.41752514667862967,-3.3216319723468413,10,0.0077261560427771886,-1.1192713999442359,0.7332011056986676,-1.5265544353996598,8,0.16538736735267354,False,0.16538736735267354,0.44103297960712945
GSE166239,whole/cortical kidney,age+sex,PSMD7,-1.04919962668587,0.5065418847468488,-2.071298856579692,10,0.06514173972342763,0.09029096981092452,0.6649230864860419,0.13579160003014862,8,0.8953407637660767,True,0.8953407637660767,0.953732614992617
GSE166239,whole/cortical kidney,age+sex,PSMD8,-0.561531423630712,0.5789083802245336,-0.969983235366049,10,0.35493048020778994,0.050127655274978644,0.9605959951167008,0.05218391033255218,8,0.9596616613338897,True,0.9596616613338897,0.9722724956135576
GSE166239,whole/cortical kidney,age+sex,PTPN11,-0.6213078670639712,0.5727689936607151,-1.0847442405934575,10,0.3034934433196798,-0.9987035432406631,1.000172034276518,-0.9985317615514845,8,0.3472623622003708,False,0.3472623622003708,0.5995289414279958
GSE166239,whole/cortical kidney,age+sex,PTPN6,1.5771833875915946,0.3433888799265009,4.592994938942622,10,0.0009906928308130885,1.296095710796845,0.5360385263402191,2.4179152189785404,8,0.041986439179640636,False,0.041986439179640636,0.24890335091758342
GSE166239,whole/cortical kidney,age+sex,PTPRS,1.3737017887653173,0.4218542476033203,3.256342200107565,10,0.008627375320207317,1.60648768217802,0.7436208742295479,2.160358507744249,8,0.06275433143963477,False,0.06275433143963477,0.2957137753004335
GSE166239,whole/cortical kidney,age+sex,PXDN,1.4156293792538575,0.40775729634918906,3.4717450599377186,10,0.006003545423276754,1.6935366423946019,0.6988894730586342,2.4231823595553292,8,0.041642815864198414,False,0.041642815864198414,0.24890335091758342
GSE166239,whole/cortical kidney,age+sex,RBL1,-0.8685002741182497,0.5396641493116985,-1.6093347598241559,10,0.13862150617249763,-0.10202205517184305,0.8875604172272031,-0.11494660328653078,8,0.9113201617062396,False,0.9113201617062396,0.9573665456198379
GSE166239,whole/cortical kidney,age+sex,RBX1,0.28981888277601126,0.5985542316159106,0.4841982020469394,10,0.6386743765650624,-0.3032338734960074,1.0006038579057808,-0.30305087382999135,8,0.7695819318952223,True,0.7695819318952223,0.8934705639848469
GSE166239,whole/cortical kidney,age+sex,RHOA,1.2099963077580633,0.46931605575331853,2.5782120447932435,10,0.027500527464542204,0.3771243516332614,0.7448520888126436,0.5063077049759357,8,0.6262958713636352,False,0.6262958713636352,0.8048327034718208
GSE166239,whole/cortical kidney,age+sex,RNF111,-0.7266583108784823,0.5602351618648992,-1.2970594499274148,10,0.22373706548691133,-1.3720707013844098,0.9371122786304666,-1.4641476082136164,8,0.18131042683318532,False,0.18131042683318532,0.44775792365760547
GSE166239,whole/cortical kidney,age+sex,RPS27A,0.8702164314276415,0.5393876184285292,1.6133415037648815,10,0.13774544354096457,-0.11259398651678391,0.8503710893368789,-0.13240570843557833,8,0.8979330793825449,True,0.8979330793825449,0.953732614992617
GSE166239,whole/cortical kidney,age+sex,SCUBE1,0.4604046282381683,0.5877664710549199,0.7833121671806776,10,0.45159658032788075,1.0427666229614023,1.0122514906316866,1.0301458013271712,8,0.3330770328051408,False,0.3330770328051408,0.5854187738773514
GSE166239,whole/cortical kidney,age+sex,SCUBE3,-1.1523830752544892,0.483598998606663,-2.382931061839903,10,0.03841964207462187,-0.925080094200712,0.8548676062130811,-1.0821325869378304,8,0.3107299696860143,False,0.3107299696860143,0.574901051406046
GSE166239,whole/cortical kidney,age+sex,SDC1,-0.09229461975981947,0.6048262866170795,-0.15259690559423708,10,0.8817512032946347,1.1030095943622846,0.8211938387611314,1.3431781173934596,8,0.21607069219338138,True,0.21607069219338138,0.4909126126633625
GSE166239,whole/cortical kidney,age+sex,SDC2,0.5255791654343926,0.5822742659201035,0.9026316225806033,10,0.38794647975884516,1.257570666741111,0.9668529182212566,1.3006845643644487,8,0.22958022356164165,False,0.22958022356164165,0.5034809536023647
GSE166239,whole/cortical kidney,age+sex,SDC3,1.7347263107237634,0.25639643007448215,6.765797441952808,10,4.944723362780061e-05,1.3849452809832548,0.41429007156710257,3.342936208305767,8,0.010186616586114056,False,0.010186616586114056,0.1285777382425063
GSE166239,whole/cortical kidney,age+sex,SDC4,1.2156234043667018,0.4678596376502867,2.59826517729095,10,0.026570472866545562,0.7468364750450256,0.8050782274971497,0.9276570270280594,8,0.3807216765774863,False,0.3807216765774863,0.6196272558624992
GSE166239,whole/cortical kidney,age+sex,SELE,0.42807937357297765,0.5902046015228983,0.7253067367967129,10,0.4848907105895871,1.614664481658024,0.6721967973324573,2.402071072140854,8,0.043037407504280936,False,0.043037407504280936,0.24944130063705683
GSE166239,whole/cortical kidney,age+sex,SELL,0.38479593113582944,0.5931777775716126,0.6487025402588925,10,0.5311447410931313,1.4859251014166914,0.8324275401001647,1.7850503855721693,8,0.11208330413826699,False,0.11208330413826699,0.3596797556527438
GSE166239,whole/cortical kidney,age+sex,SELP,0.5905422789809357,0.5760144515029697,1.0252212899173956,10,0.32941937676347965,1.4697988332764056,0.8170344792122748,1.7989434603708263,8,0.10973005055177175,False,0.10973005055177175,0.35854921632147435
GSE166239,whole/cortical kidney,age+sex,SELPLG,1.5887263254815172,0.33802593530506847,4.700013104165191,10,0.0008415494214485756,1.3659118133858184,0.47894849483912855,2.8518970789220397,8,0.021416500848704702,False,0.021416500848704702,0.19160150213429822
GSE166239,whole/cortical kidney,age+sex,SEM1,-0.4662195065123055,0.5873079293193724,-0.7938246416196091,10,0.44572565766457234,-0.5851285214800513,1.0278400296887797,-0.569279756167137,8,0.5847913080236267,False,0.5847913080236267,0.7764533464017029
GSE166239,whole/cortical kidney,age+sex,SERPINA5,-1.1237491137594158,0.4902911987779909,-2.29200343909959,10,0.04486054413086811,0.0666107386145896,0.6063428570713049,0.10985655695908741,8,0.9152289335767113,True,0.9152289335767113,0.9573665456198379
GSE166239,whole/cortical kidney,age+sex,SERPINC1,-1.0291361984576652,0.5106412979470786,-2.0153798813278163,10,0.07152977621649168,-1.251931988288479,0.7636380621678192,-1.639431100035125,8,0.13975496927850473,False,0.13975496927850473,0.4091794976813953
GSE166239,whole/cortical kidney,age+sex,SERPINE1,1.7459695125537822,0.2486477685199234,7.021858764092962,10,3.619017351617692e-05,1.6351723975906787,0.4061565358333939,4.025965984359856,8,0.0038093821952770034,False,0.0038093821952770034,0.09855017136646506
GSE166239,whole/cortical kidney,age+sex,SERPINE2,1.0254190678379806,0.5113885413245934,2.005166297199289,10,0.07275879898216368,0.31517550177473963,0.8294503907894224,0.37998113603246847,8,0.7138487783139101,False,0.7138487783139101,0.8587441983493468
GSE166239,whole/cortical kidney,age+sex,SERPING1,1.4961381022385052,0.3779202886452155,3.958872141006041,10,0.0026913527666283664,0.9001617128624552,0.6037954625029649,1.4908388167260118,8,0.17434009386739932,False,0.17434009386739932,0.44315053799962906
GSE166239,whole/cortical kidney,age+sex,SERPINH1,1.4503962098221244,0.39535016140129264,3.6686369487779906,10,0.004326854861105578,1.0813054111751064,0.6582681206882065,1.6426519486385314,8,0.1390799325693581,False,0.1390799325693581,0.4091794976813953
GSE166239,whole/cortical kidney,age+sex,SGCA,-0.9599986824128564,0.5239340794825478,-1.8322890607936373,10,0.0968126511071258,0.06875454913763468,0.6765946744167403,0.10161851953225123,8,0.9215602803882649,True,0.9215602803882649,0.9622173515818647
GSE166239,whole/cortical kidney,age+sex,SGCB,-1.259163771752156,0.4561987793247096,-2.760120870152347,10,0.020125621262082553,-1.191869146209076,0.8066742280525594,-1.4775098853553792,8,0.17779053907237546,False,0.17779053907237546,0.44315053799962906
GSE166239,whole/cortical kidney,age+sex,SGCD,-0.4712100390854506,0.5869095131050233,-0.8028665894211379,10,0.4407163582970882,0.6847983655939707,0.7443650976133467,0.9199764575067202,8,0.38448609475367673,True,0.38448609475367673,0.6221883242737561
GSE166239,whole/cortical kidney,age+sex,SGCE,-0.7309085564937093,0.5596819944138769,-1.305935448681261,10,0.22081598629258262,-0.6897742112768975,0.9923651939432968,-0.6950810200587414,8,0.5066877379464118,False,0.5066877379464118,0.7304533887146241
GSE166239,whole/cortical kidney,age+sex,SGCG,-0.6554668576318174,0.5689490192638473,-1.1520660646887377,10,0.27609177335911683,0.14966229551683122,0.9443642052202227,0.1584794242407043,8,0.8780065437034618,True,0.8780065437034618,0.9523747064442404
GSE166239,whole/cortical kidney,age+sex,SH3PXD2A,0.9907926877406359,0.5181695201945355,1.912101443883971,10,0.08490974287451561,0.8034982686598807,0.9145715839743291,0.878551534663069,8,0.4052578035094183,False,0.4052578035094183,0.6459091397139557
GSE166239,whole/cortical kidney,age+sex,SHC1,1.371170274919693,0.42267703318767147,3.244014146164606,10,0.008809325042543689,0.8126071790316247,0.7077770358230502,1.1481118175679026,8,0.2840927707870219,False,0.2840927707870219,0.5501397104935817
GSE166239,whole/cortical kidney,age+sex,SIRPA,1.1934252980666638,0.47354014873093514,2.5202198826540605,10,0.0303758874341028,1.0382193762357816,0.7878299408886235,1.3178216799741507,8,0.22404761422326094,False,0.22404761422326094,0.4991512522393193
GSE166239,whole/cortical kidney,age+sex,SIRPG,0.6806205064421573,0.5659878437631932,1.202535556093897,10,0.25685615495089076,1.5999003224778106,0.778343433365633,2.055519779436804,8,0.07387225806413959,False,0.07387225806413959,0.3053531357508007
GSE166239,whole/cortical kidney,age+sex,SKI,1.23119214196764,0.4637706950879716,2.654743292337818,10,0.024115909403622026,0.9974045124070204,0.8112267203880646,1.2295015528210096,8,0.2538151507119227,False,0.2538151507119227,0.5301339566811603
GSE166239,whole/cortical kidney,age+sex,SKIL,0.2907302174771015,0.5985100339436576,0.4857566306139324,10,0.6376071493394461,-0.4338576751697529,0.9563405528610747,-0.45366441261095236,8,0.6621238277511972,True,0.6621238277511972,0.8282545085637899
GSE166239,whole/cortical kidney,age+sex,SLC16A1,-1.2452493285209343,0.4600022583080249,-2.7070504677546503,10,0.022044942931391448,-1.1333664316429517,0.816148124347962,-1.388677370971626,8,0.20236938479009475,False,0.20236938479009475,0.4730280269990692
GSE166239,whole/cortical kidney,age+sex,SLC16A3,1.0790531011898647,0.5002310537620792,2.1571093859020714,10,0.05638398294769422,1.6306104686623546,0.7858290733712674,2.0750192680793926,8,0.0716678721857616,False,0.0716678721857616,0.3053531357508007
GSE166239,whole/cortical kidney,age+sex,SLC3A2,-0.11082814668440386,0.6045149947328988,-0.18333399113345827,10,0.8581998523488972,-0.9211440407403201,0.9283193265144398,-0.9922706706957607,8,0.35012562047475637,False,0.35012562047475637,0.6026404619080655
GSE166239,whole/cortical kidney,age+sex,SLC7A10,-1.2334392652594999,0.46317321226327096,-2.6630194333397768,10,0.023775738970482994,-0.8925219098415847,0.8052692708479802,-1.108352127856219,8,0.2999159411111188,False,0.2999159411111188,0.565954334056862
GSE166239,whole/cortical kidney,age+sex,SLC7A5,-0.5130988650283682,0.5833863403760211,-0.879518133211091,10,0.3997621727273913,0.4723901878882736,0.9312473980952491,0.50726604858654,8,0.6256529342288688,True,0.6256529342288688,0.8048327034718208
GSE166239,whole/cortical kidney,age+sex,SLC7A6,0.2645267840119211,0.5997242905875145,0.44108065683445935,10,0.6685380216334789,1.0201575908972862,0.9515511644667413,1.0720995664683912,8,0.31494861080111286,False,0.31494861080111286,0.5782469886166228
GSE166239,whole/cortical kidney,age+sex,SLC7A7,-1.1035539608749025,0.49485708261112926,-2.230045804441082,10,0.04983859990236232,-2.0143166822200116,0.7623414452907759,-2.6422762328653158,8,0.029608548224248847,False,0.029608548224248847,0.20746718886725551
GSE166239,whole/cortical kidney,age+sex,SLC7A8,-0.5844900591523776,0.5766314279866054,-1.0136285169076056,10,0.33465689778067187,-1.724892518457495,0.8855846716640445,-1.947744324906123,8,0.0872958729318259,False,0.0872958729318259,0.33678499071736445
GSE166239,whole/cortical kidney,age+sex,SLC7A9,-1.0696822536499284,0.50223963830955,-2.1298244345075794,10,0.05903872648145998,-1.9554627456391052,0.792008447366969,-2.4689922842869145,8,0.0387713172841135,False,0.0387713172841135,0.244690091304183
GSE166239,whole/cortical kidney,age+sex,SMAD2,0.1289450348209777,0.6041555962383931,0.21343017531215155,10,0.8352799424517323,-0.8590649153466975,0.956980788799803,-0.8976825087827451,8,0.39556671416138584,True,0.39556671416138584,0.6357593991970876
GSE166239,whole/cortical kidney,age+sex,SMAD3,0.025458640054442695,0.605476549860789,0.04204727674473295,10,0.9672887066340969,-0.556938918674583,1.024853351958553,-0.54343279222363,8,0.6016419016780888,True,0.6016419016780888,0.7928830630003584
GSE166239,whole/cortical kidney,age+sex,SMAD4,-0.4643972284990777,0.5874522857925605,-0.7905275708860964,10,0.4475615534097444,0.43486944321942417,0.7555959990426303,0.5755316912350261,8,0.580755120434925,True,0.580755120434925,0.7761621374283234
GSE166239,whole/cortical kidney,age+sex,SMAD7,0.7764564970309974,0.5535144058545377,1.40277558961139,10,0.19095968038233396,0.9519808916986253,0.9775764382431863,0.9738173450757887,8,0.3586685661778284,False,0.3586685661778284,0.6099513340988219
GSE166239,whole/cortical kidney,age+sex,SMPD1,-0.5366239557476518,0.5812659801488822,-0.923198628638483,10,0.37764114071756005,0.30775620560558165,0.8367339780088129,0.3678065116202801,8,0.7225584180475162,True,0.7225584180475162,0.8587441983493468
GSE166239,whole/cortical kidney,age+sex,SMURF1,1.702090576716154,0.2774084236862205,6.135684540860973,10,0.00011037955696280865,1.0115916632138535,0.36864332853086484,2.7440932330046426,8,0.0252887201487469,False,0.0252887201487469,0.19778328224679534
GSE166239,whole/cortical kidney,age+sex,SMURF2,-1.1218389543872125,0.4907284409004711,-2.286068751851174,10,0.045315670370704914,-0.9010006374074963,0.8638038774231467,-1.043061580245869,8,0.3274118076113546,False,0.3274118076113546,0.5854187738773514
GSE166239,whole/cortical kidney,age+sex,SNTA1,-1.5135050367631186,0.3709405842394894,-4.080181843316336,10,0.002213728600286313,-2.22223105710592,0.5701702019505765,-3.8974871880424,8,0.004560787698471465,False,0.004560787698471465,0.10250021504891724
GSE166239,whole/cortical kidney,age+sex,SNTB1,-0.3789777240251984,0.5935522345471665,-0.6384909397474149,10,0.5375016657901502,0.6320677106363826,0.9355549416785103,0.6756072599032708,8,0.5183383742373152,True,0.5183383742373152,0.7388647905804496
GSE166239,whole/cortical kidney,age+sex,SNTB2,0.03555537051973751,0.605425675231392,0.05872788679824051,10,0.9543258528140709,-0.8685006056346106,0.9745553355072786,-0.8911762872680143,8,0.39884361993562406,True,0.39884361993562406,0.6381497918969985
GSE166239,whole/cortical kidney,age+sex,SNTG2,0.018544525403179413,0.6055016735934127,0.030626712050397808,10,0.9761698770580067,-0.06633622582002857,0.8931498306621433,-0.07427222571474902,8,0.942617351834949,True,0.942617351834949,0.9699052091664644
GSE166239,whole/cortical kidney,age+sex,SNW1,0.3233363310384291,0.5968350093365228,0.5417516164104866,10,0.5998515905997361,-0.16966952176556244,1.022860361321608,-0.16587750213170582,8,0.872368789473055,True,0.872368789473055,0.9523747064442404
GSE166239,whole/cortical kidney,age+sex,SOS1,-1.6255782980347542,0.32002529019205633,-5.079530736646464,10,0.00047811400890248175,-1.6824666297417523,0.5690629003342249,-2.9565565225805397,8,0.018241949671244838,False,0.018241949671244838,0.181779428302931
GSE166239,whole/cortical kidney,age+sex,SP1,1.0505003744709969,0.506272222218735,2.074971385684929,10,0.06474172979428874,1.1366224589831848,0.8621364310571475,1.3183788760549926,8,0.22386965321424862,False,0.22386965321424862,0.4991512522393193
GSE166239,whole/cortical kidney,age+sex,SPARC,1.1979759501776468,0.4723897002965486,2.5359908343166717,10,0.02956568294323536,0.28011504297425394,0.7304344321380478,0.38349101664653434,8,0.7113460314631209,False,0.7113460314631209,0.857844046435356
GSE166239,whole/cortical kidney,age+sex,SPN,1.844425686010118,0.16271464453231402,11.3353391841988,10,4.983158880615101e-07,1.620261931684046,0.2521484076691043,6.425826546603953,8,0.00020346361928103254,False,0.00020346361928103254,0.038522445250542166
GSE166239,whole/cortical kidney,age+sex,SPP1,1.1316122517664478,0.4884793115699718,2.316602208043259,10,0.04302101181957863,0.045455034045874226,0.7078559071028192,0.06421509461144001,8,0.9503745375632703,False,0.9503745375632703,0.9699052091664644
GSE166239,whole/cortical kidney,age+sex,SRC,0.8545557628195422,0.5418856996543253,1.5770037175084568,10,0.14587347697684344,1.4041586392688492,0.9170967866586158,1.5310910033659724,8,0.1642802234324987,False,0.1642802234324987,0.44103297960712945
GSE166239,whole/cortical kidney,age+sex,SSPN,0.8590091051566316,0.5411811179193773,1.587285802688709,10,0.1435315603512719,1.1745340633118926,0.8229043880149761,1.4273031963593286,8,0.19133749077320233,False,0.19133749077320233,0.46246678620927206
GSE166239,whole/cortical kidney,age+sex,STAT1,1.5737597027219061,0.344956093547472,4.562202935850818,10,0.001038623336198148,1.0221431863345716,0.55317980122458,1.847759415784601,8,0.10182615001929349,False,0.10182615001929349,0.3570200815491278
GSE166239,whole/cortical kidney,age+sex,STRAP,-0.9978329288342428,0.5168168063057491,-1.9307284837868146,10,0.08233509480960191,-0.863942204786396,0.9182393322661612,-0.9408682185876716,8,0.37431006990189486,False,0.37431006990189486,0.6144743344054228
GSE166239,whole/cortical kidney,age+sex,STUB1,1.0808755506238035,0.49983744464879326,2.1624541382314244,10,0.05587753613694751,1.3287732747229395,0.8152131822529199,1.62997029936482,8,0.14175523183789115,False,0.14175523183789115,0.41143656152450203
GSE166239,whole/cortical kidney,age+sex,TEK,-1.0263139948969218,0.5112089837380979,-2.007621202961335,10,0.07246158792043475,0.21342916991829236,0.6683572165514803,0.31933397984317713,8,0.7576524812364164,True,0.7576524812364164,0.8836686023455534
GSE166239,whole/cortical kidney,age+sex,TFDP1,0.899328658786029,0.5345909305396781,1.6822744409040802,10,0.1234279001688398,0.43447520534643175,0.8539127647160347,0.5088051418120149,8,0.6246210944959498,False,0.6246210944959498,0.8048327034718208
GSE166239,whole/cortical kidney,age+sex,TFDP2,-0.600652325199574,0.5749681252816552,-1.044670650056187,10,0.3207705826064504,-1.388176159558191,0.9258317276066772,-1.4993827908087554,8,0.17215984427612765,False,0.17215984427612765,0.44315053799962906
GSE166239,whole/cortical kidney,age+sex,TFPI,1.0624285899291441,0.5037769504421413,2.108926557669422,10,0.06115248770595937,0.51034554546041,0.8530697234226535,0.5982459949613745,8,0.5662234712211999,False,0.5662234712211999,0.7719757853726736
GSE166239,whole/cortical kidney,age+sex,TGFB1,1.826750488468526,0.18156247397154202,10.061277798818987,10,1.5029512667755587e-06,2.0059598511326846,0.3090384137276114,6.490972520007663,8,0.0001899030872288748,False,0.0001899030872288748,0.038522445250542166
GSE166239,whole/cortical kidney,age+sex,TGFB2,1.5394423401138742,0.3601088652243076,4.274935967363574,10,0.001624306062338063,0.8134307701024154,0.5313757411878788,1.5308014782233166,8,0.16435068210575787,False,0.16435068210575787,0.44103297960712945
GSE166239,whole/cortical kidney,age+sex,TGFB3,1.0338755104022745,0.5096830481443446,2.0284675234273757,10,0.06998356945303977,2.138991721017271,0.7393645367503006,2.8930136822881662,8,0.020105984269057475,False,0.020105984269057475,0.19033665108041076
GSE166239,whole/cortical kidney,age+sex,TGFBR1,-0.3887578774282273,0.5929193857013082,-0.6556673416376873,10,0.5268344019415208,0.45511009566087085,0.9753716616524881,0.4666017207120997,8,0.6532278154317012,True,0.6532278154317012,0.8212140781069828
GSE166239,whole/cortical kidney,age+sex,TGFBR2,1.3078006565522249,0.44230352806508744,2.9567945394271753,10,0.014366681263891812,0.7521689181649666,0.7458700511375268,1.008444992553104,8,0.34276544060599806,False,0.34276544060599806,0.5935694215372161
GSE166239,whole/cortical kidney,age+sex,TGFBR3,-1.677861426260569,0.2917957677783412,-5.7501225567299326,10,0.00018513664340738,-1.8096157191736573,0.5161113443842161,-3.5062506160037032,8,0.008005426143796669,False,0.008005426143796669,0.11473683153875011
GSE166239,whole/cortical kidney,age+sex,TGIF1,1.0891326839343467,0.4980418319230458,2.1868297281956677,10,0.053622687934508,1.5452796397729327,0.8558640931078816,1.8055198859454318,8,0.10863242648544058,False,0.10863242648544058,0.35854921632147435
GSE166239,whole/cortical kidney,age+sex,TGIF2,1.1039076760976252,0.4947781835650604,2.2311163118461708,10,0.04974821533443689,0.5590543243307096,0.8288848260420153,0.6744656275109223,8,0.5190264990169003,False,0.5190264990169003,0.7388647905804496
GSE166239,whole/cortical kidney,age+sex,THBD,1.5278862547285064,0.3649972957815391,4.186020752446857,10,0.001869736778763294,0.767314722764315,0.5301310090051777,1.4474058482340555,8,0.1858076103213835,False,0.1858076103213835,0.4549082873385596
GSE166239,whole/cortical kidney,age+sex,THBS1,1.198670968919873,0.4722133601387575,2.5384096895683967,10,0.029443325405491678,0.29164591530542194,0.7326233550789016,0.39808438167250676,8,0.7009803013177647,False,0.7009803013177647,0.8489484246236468
GSE166239,whole/cortical kidney,age+sex,TIMP1,1.7344318797762603,0.25659554187133765,6.759399898872524,10,4.983943400875287e-05,1.2213637747690949,0.3920497796395589,3.115328303186364,8,0.014329545034512808,False,0.014329545034512808,0.160822921726254
GSE166239,whole/cortical kidney,age+sex,TIMP2,1.5455095200112265,0.3575006280024321,4.323095958311749,10,0.0015057814406320344,1.0731349729875612,0.5992411303949862,1.7908232905845611,8,0.11109975717003431,False,0.11109975717003431,0.35854921632147435
GSE166239,whole/cortical kidney,age+sex,TLL1,-1.517808356847885,0.3691780679495182,-4.111317785690974,10,0.002106110060308982,-1.4374156502222817,0.5860484453012573,-2.452724961130782,8,0.03976736928009971,False,0.03976736928009971,0.2477074239866938
GSE166239,whole/cortical kidney,age+sex,TLL2,1.2634584285725747,0.45500983131527895,2.7767717126470552,10,0.01955870147789888,1.6279015122358096,0.7926608329908615,2.0537176109653665,8,0.07407929600175402,False,0.07407929600175402,0.3053531357508007
GSE166239,whole/cortical kidney,age+sex,TNC,1.5247764945621496,0.3662954146993147,4.162696100943036,10,0.0019403871663639751,1.8580528976210364,0.6330447338249299,2.935105211908904,8,0.01885028723983952,False,0.01885028723983952,0.1818391018148198
GSE166239,whole/cortical kidney,age+sex,TNFRSF10A,0.8354748416216747,0.5448530495173817,1.5333948160182258,10,0.156184797731419,-0.3667718043987468,0.6139287996341486,-0.5974174930664807,8,0.5667498283457832,True,0.5667498283457832,0.7719757853726736
GSE166239,whole/cortical kidney,age+sex,TNFRSF10B,1.1703733586007419,0.47925910196304944,2.4420472220702383,10,0.03472713117493975,-0.12703068732548245,0.6062256863134056,-0.20954355810619732,8,0.8392616609149802,True,0.8392616609149802,0.9410066788142906
GSE166239,whole/cortical kidney,age+sex,TNFRSF10D,0.16791931033158936,0.6031972954087601,0.27838206770771057,10,0.786390508604671,-0.07334679652104702,1.0626401138160453,-0.06902317686620303,8,0.9466652491616915,True,0.9466652491616915,0.9699052091664644
GSE166239,whole/cortical kidney,age+sex,TNN,-1.000736792774193,0.5162550278936456,-1.9384543272290533,10,0.08128878072828713,-0.3398250045429371,0.8044369194467199,-0.42243834951864695,8,0.6838299669697413,False,0.6838299669697413,0.8378674517839276
GSE166239,whole/cortical kidney,age+sex,TNXB,1.3985698351608398,0.41360235526950856,3.381435858240009,10,0.006985716937965506,1.3030536035820366,0.6168867677395891,2.112305972061479,8,0.06763019402289758,False,0.06763019402289758,0.2977825597287273
GSE166239,whole/cortical kidney,age+sex,TRAPPC4,-0.3740797666341573,0.593862862524809,-0.6299093448001725,10,0.5428778859184578,1.0260026042784522,0.6842216280909301,1.499517937106339,8,0.17212555414653674,True,0.17212555414653674,0.44315053799962906
GSE166239,whole/cortical kidney,age+sex,TRIM33,-0.903953632250869,0.5338103125087719,-1.6933985932240954,10,0.12124703680619939,-0.5459610241184,0.9018285039152171,-0.6053933999071369,8,0.5616943238673305,False,0.5616943238673305,0.770567457804072
GSE166239,whole/cortical kidney,age+sex,TSPAN7,-1.030358405820829,0.5103947709588162,-2.018747966177672,10,0.07112880497922781,0.10695054162027764,0.6491240246638942,0.1647613361339613,8,0.873218882830928,True,0.873218882830928,0.9523747064442404
GSE166239,whole/cortical kidney,age+sex,TTR,-1.1349502997730114,0.4877042632284261,-2.327128108866735,10,0.042256492671430494,-0.6028788809343041,0.8294265687637449,-0.7268622728506169,8,0.48803135516520324,False,0.48803135516520324,0.7089560351248988
GSE166239,whole/cortical kidney,age+sex,UBA52,0.8909807373742425,0.535986939420609,1.6623180003926488,10,0.1274290013217371,-0.11001856030489074,0.838275825080458,-0.1312438662946425,8,0.8988229145024023,True,0.8988229145024023,0.953732614992617
GSE166239,whole/cortical kidney,age+sex,UBB,0.9712566920269551,0.5218550665519616,1.8611617559724243,10,0.09233873480972128,0.10707589290480515,0.8351632783954075,0.12820953180619868,8,0.9011475747314627,False,0.9011475747314627,0.953732614992617
GSE166239,whole/cortical kidney,age+sex,UBC,0.9338977090715612,0.528630469766694,1.7666361711683551,10,0.10773863971600418,0.05907830585480371,0.8428614982636843,0.07009254305304785,8,0.9458404505911446,False,0.9458404505911446,0.9699052091664644
GSE166239,whole/cortical kidney,age+sex,UBE2D1,-1.3124338399864262,0.4409290285664066,-2.9765194735614138,10,0.01389010211472499,-1.0163298613301115,0.7714175457109474,-1.3174834653176704,8,0.22415569440824323,False,0.22415569440824323,0.4991512522393193
GSE166239,whole/cortical kidney,age+sex,UBE2D2,-0.058481613138068766,0.6052475995484357,-0.09662427935559074,10,0.9249338382883237,-1.3701165323405218,0.8309599406433242,-1.648835840726312,8,0.13779228504408159,False,0.13779228504408159,0.4091794976813953
GSE166239,whole/cortical kidney,age+sex,UBE2D3,0.41491045089479833,0.5911443127024856,0.7018767532381163,10,0.4987656983935055,-1.0300681413897073,0.7851711314920851,-1.3119027178600375,8,0.22594552072967283,True,0.22594552072967283,0.4991512522393193
GSE166239,whole/cortical kidney,age+sex,UBE2M,-0.1557745160108098,0.6035230705472876,-0.258108635133948,10,0.8015573308153472,-0.293984538597266,1.0327893567481767,-0.28465101492031325,8,0.7831410196037706,False,0.7831410196037706,0.8997980967131919
GSE166239,whole/cortical kidney,age+sex,UCHL5,-1.4799838041617794,0.38422839641097506,-3.8518334875457043,10,0.0032026269162222696,-1.155966418944665,0.6673065615488539,-1.73228690612843,8,0.1214593614509708,False,0.1214593614509708,0.37090815754920115
GSE166239,whole/cortical kidney,age+sex,USP15,-1.3841170064439687,0.4184359902230273,-3.3078345046424698,10,0.007908181239851118,-1.3583893308951622,0.7449851431552001,-1.823377745685022,8,0.10570396308813176,False,0.10570396308813176,0.35854921632147435
GSE166239,whole/cortical kidney,age+sex,USP9X,-0.8986903278123173,0.5346982664422298,-1.6807429240270673,10,0.12373090295869213,-0.5968621775927682,0.9392211134940417,-0.6354863290629748,8,0.5428572848324025,False,0.5428572848324025,0.7546013482466272
GSE166239,whole/cortical kidney,age+sex,UTRN,1.3166362401115224,0.4396743883707192,2.9945711529628087,10,0.013468024101899432,1.2320792444730164,0.7665690861087525,1.607264455089469,8,0.14666332957178885,False,0.14666332957178885,0.41861694068731686
GSE166239,whole/cortical kidney,age+sex,VCAM1,1.669247032844991,0.2966952999298876,5.626132376345203,10,0.00021958502573821324,0.9507400848464331,0.3885268391373405,2.447038374382048,8,0.04012162501192928,False,0.04012162501192928,0.2477074239866938
GSE166239,whole/cortical kidney,age+sex,VCAN,1.7880616710440789,0.2166799776651554,8.252085357915465,10,8.96394029247795e-06,1.3683388804497272,0.3353579061588036,4.080234446006385,8,0.003532996334384128,False,0.003532996334384128,0.09855017136646506
GSE166239,whole/cortical kidney,age+sex,VEGFA,-0.39810779553071746,0.5922986450942074,-0.6721403110206285,10,0.5167222956973613,-0.7945439256285272,1.0121166056676416,-0.7850320024187402,8,0.4550519977406971,False,0.4550519977406971,0.6801829860966209
GSE166239,whole/cortical kidney,age+sex,VHL,0.9446492334385128,0.5267166688486986,1.7934675116763144,10,0.10314347504875049,0.7751799792160804,0.9347208252305561,0.8293171161826595,8,0.4309728488778978,False,0.4309728488778978,0.6600684607751419
GSE166239,whole/cortical kidney,age+sex,VTN,-0.9175049090449203,0.5314933121446721,-1.7262774301761603,10,0.11500322179660659,-0.060218997445953736,0.8619512768475586,-0.06986357473266304,8,0.9460170472804812,False,0.9460170472804812,0.9699052091664644
GSE166239,whole/cortical kidney,age+sex,VWF,1.1243179855619,0.4901607628124366,2.29377394288112,10,0.044725627875567074,1.0772856809575873,0.8696821549531174,1.2387119533522697,8,0.25056351712350633,False,0.25056351712350633,0.5282792966089145
GSE166239,whole/cortical kidney,age+sex,WTIP,1.0056248822470981,0.5153043045494746,1.9515165570493456,10,0.07954802010056003,0.5013507622419405,0.8865254744005205,0.56552324407932,8,0.5872239656061404,False,0.5872239656061404,0.7774900057442605
GSE166239,whole/cortical kidney,age+sex,WWTR1,1.0211964942653566,0.5122327973457783,1.9936179400398815,10,0.07417243163706431,0.501068712707913,0.8808562453260482,0.5688427769759897,8,0.5850740004576213,False,0.5850740004576213,0.7764533464017029
GSE166239,whole/cortical kidney,age+sex,XCR1,1.3622957540904892,0.42553694846084666,3.201357153633471,10,0.009469865511632466,0.7601447965291813,0.6894427124154138,1.102549614116694,8,0.3022829879147995,False,0.3022829879147995,0.5685322421708812
GSE166239,whole/cortical kidney,age+sex,XPO1,-1.0745682743368492,0.5011955397302925,-2.144010050279188,10,0.057643908781412574,-1.680045872244248,0.8324627262927085,-2.0181634794943535,8,0.07828121095732966,False,0.07828121095732966,0.31534558740257623
GSE166239,whole/cortical kidney,age+sex,YBX1,1.0710032396130225,0.5019580388244695,2.1336509364830456,10,0.0586593314016299,0.38837100375165495,0.8330518690780997,0.4662026677659908,8,0.6535013438456976,False,0.6535013438456976,0.8212140781069828
GSE166239,whole/cortical kidney,age+sex,YES1,-0.6752855351010263,0.566626518330195,-1.191764792602791,10,0.2608688117325792,-0.873862279447875,0.9962365850769853,-0.8771634093124037,8,0.40596754027796156,False,0.40596754027796156,0.6459091397139557
GSE166239,whole/cortical kidney,age+sex,ZFYVE9,-1.3057871416267248,0.4428980252190084,-2.948279439676948,10,0.014577512193405525,-0.855373116858549,0.7435338432543948,-1.1504158480730906,8,0.28319687933675775,False,0.28319687933675775,0.5501397104935817
GSE163603_interstitium,interstitium only,sex,A2M,0.35242600673627306,0.5381367283124538,0.6549004894006173,13,0.5239510451644093,0.22072402176893624,0.7492999765724064,0.2945736402910553,12,0.7733534045233625,False,0.7733534045233625,1.0
GSE163603_interstitium,interstitium only,sex,ACAN,0.29458081013149034,0.540805029220411,0.5447079709227902,13,0.5951755091818243,-0.38460317590086746,0.6955750239824237,-0.5529283867883472,12,0.590464449493223,True,0.590464449493223,1.0
GSE163603_interstitium,interstitium only,sex,ACKR2,0.057010324590191265,0.5467131656741607,0.10427830930299789,13,0.9185401418304227,0.4507848999877453,0.74415882291606,0.6057643692529239,12,0.5559558327000735,False,0.5559558327000735,1.0
GSE163603_interstitium,interstitium only,sex,ACKR3,0.642822859016717,0.5170677429814027,1.243208201908347,13,0.2357457813499798,0.20697774189840623,0.6969450968156985,0.2969785465800326,12,0.7715607545821029,False,0.7715607545821029,1.0
GSE163603_interstitium,interstitium only,sex,ACKR4,-0.03189206167042405,0.5468702409228564,-0.058317420265190226,13,0.9543826859409785,-0.7935075003152511,0.6887814446339575,-1.1520454078680191,12,0.2717376370132814,False,0.2717376370132814,1.0
GSE163603_interstitium,interstitium only,sex,ACTA1,0.5532951070965966,0.5249727768291239,1.0539500932572956,13,0.31110128287176775,0.5705585955810362,0.7330464731149594,0.7783389137069878,12,0.4514440910921756,False,0.4514440910921756,1.0
GSE163603_interstitium,interstitium only,sex,ACTA2,0.08398213568776611,0.5464455697980014,0.1536880163907466,13,0.8802158487062993,-0.5678129521493279,0.7089559059751358,-0.8009143408832001,12,0.4387517019265639,True,0.4387517019265639,1.0
GSE163603_interstitium,interstitium only,sex,ACTB,-0.1036292532262893,0.5461860676732405,-0.18973250941341513,13,0.8524491754142015,-0.21413144790351146,0.761204944280354,-0.2813059078405647,12,0.7832676466844511,False,0.7832676466844511,1.0
GSE163603_interstitium,interstitium only,sex,ACTC1,0.37046732371899416,0.5372037896470786,0.6896215753845972,13,0.5025571731794573,-0.22148395087170258,0.7050143574690628,-0.3141552346065827,12,0.7587976266164521,True,0.7587976266164521,1.0
GSE163603_interstitium,interstitium only,sex,ACTG1,0.2176691779811873,0.543599755040832,0.4004217734881747,13,0.6953485068692375,0.5287659281035821,0.7470474415582644,0.7078076955870842,12,0.4925837646351457,False,0.4925837646351457,1.0
GSE163603_interstitium,interstitium only,sex,ACTG2,0.8864796939398524,0.48856482454077005,1.8144566481492097,13,0.09274228077280261,1.1340746424012593,0.6737670481692859,1.6831850792980898,12,0.1181523650546881,False,0.1181523650546881,0.9704464773356767
GSE163603_interstitium,interstitium only,sex,ACTN1,-0.6171403872807666,0.5194691544315536,-1.1880212367105665,13,0.2560772662716476,-1.1834349175946774,0.6826966488616871,-1.7334711098522455,12,0.10860434174508828,False,0.10860434174508828,0.9704464773356767
GSE163603_interstitium,interstitium only,sex,ADAM10,0.5446830494138312,0.5256650926039491,1.036178846717164,13,0.319009457317672,0.6177314056004898,0.7333695371342308,0.8423194233215396,12,0.4160815665793633,False,0.4160815665793633,1.0
GSE163603_interstitium,interstitium only,sex,ADAM12,-0.07922376879901726,0.5465002275561613,-0.14496566479631665,13,0.8869614165573962,-0.25899952940408166,0.7591653306315849,-0.34116353705010205,12,0.7388797000968638,False,0.7388797000968638,1.0
GSE163603_interstitium,interstitium only,sex,ADAM15,0.1508640879497252,0.5453389147942058,0.2766428066235777,13,0.7864039544575441,-0.11129405006992604,0.7530159663838716,-0.14779772944839617,12,0.8849567494000053,True,0.8849567494000053,1.0
GSE163603_interstitium,interstitium only,sex,ADAM17,0.6949590395845476,0.5118534061614948,1.35773061431046,13,0.1976501325167983,0.9377059366336807,0.7069932728274242,1.3263293622067789,12,0.2094206168943746,False,0.2094206168943746,1.0
GSE163603_interstitium,interstitium only,sex,ADAM19,0.3172854018027328,0.5398161270064925,0.5877656963718624,13,0.5667598803764328,-0.045119632534633136,0.7372971349683686,-0.06119599601667902,12,0.9522105421920439,True,0.9522105421920439,1.0
GSE163603_interstitium,interstitium only,sex,ADAM8,0.7459894194844908,0.5062979264992016,1.4734198590198397,13,0.16443546820947635,1.1068092892329748,0.6895270065667595,1.6051717752781223,12,0.13443481820476594,False,0.13443481820476594,0.9704464773356767
GSE163603_interstitium,interstitium only,sex,ADAM9,0.18692026162185293,0.5444792646107702,0.34330097355585415,13,0.7368603538856742,0.0006976804054449892,0.7560358267791096,0.0009228139470814125,12,0.9992788647429779,False,0.9992788647429779,1.0
GSE163603_interstitium,interstitium only,sex,ADAMTS1,-0.8781883347683845,0.489715312712445,-1.7932629672212155,13,0.09621537616136328,-1.4086283330346832,0.6441233458583087,-2.186892218846151,12,0.04928160183784559,False,0.04928160183784559,0.9042280104533843
GSE163603_interstitium,interstitium only,sex,ADAMTS13,0.47496188745064233,0.5308411390902477,0.8947345118440314,13,0.3871951543014163,1.335679436837121,0.6407718064468287,2.084485340020895,12,0.05915087206477038,False,0.05915087206477038,0.9701608011721657
GSE163603_interstitium,interstitium only,sex,ADAMTS14,0.2460672513131491,0.5426671877594733,0.4534404453843884,13,0.6577080221718766,0.15660242324100926,0.7568026346801995,0.20692637163873567,12,0.8395370287946025,False,0.8395370287946025,1.0
GSE163603_interstitium,interstitium only,sex,ADAMTS16,-0.2502622516480484,0.5425195986739123,-0.4612962412044978,13,0.6522093623842554,-0.06678962648722431,0.7534102407446771,-0.08864974601514425,12,0.9308225782041863,False,0.9308225782041863,1.0
GSE163603_interstitium,interstitium only,sex,ADAMTS18,-0.14107635675167882,0.5455404060657203,-0.2585992809755023,13,0.7999936396799816,-0.8065748177387725,0.7051995567019655,-1.1437540056192217,12,0.2750293723241126,False,0.2750293723241126,1.0
GSE163603_interstitium,interstitium only,sex,ADAMTS2,0.8494896349017351,0.4935940600162637,1.7210288853025193,13,0.10894104267569352,0.15131238938130886,0.619428193947486,0.2442775302445094,12,0.811142572342662,False,0.811142572342662,1.0
GSE163603_interstitium,interstitium only,sex,ADAMTS3,0.04189280814793948,0.5468183414791683,0.07661192935594943,13,0.9400987952338684,-0.44453741996761686,0.7339651820403688,-0.6056655422425296,12,0.5560193311360471,True,0.5560193311360471,1.0
GSE163603_interstitium,interstitium only,sex,ADAMTS4,0.09424853339460279,0.5463167651746667,0.17251627517685633,13,0.8656885356183769,-0.36289423120813835,0.7367613302969347,-0.4925533090368385,12,0.6312168131301443,True,0.6312168131301443,1.0
GSE163603_interstitium,interstitium only,sex,ADAMTS5,1.101213271556435,0.45372121391519893,2.4270702752775697,13,0.030498067185922812,1.137048430269685,0.633397152802275,1.7951587329358152,12,0.0978357450149304,False,0.0978357450149304,0.9704464773356767
GSE163603_interstitium,interstitium only,sex,ADAMTS8,0.5190538115090031,0.527656067299004,0.9836972294585095,13,0.34321889026169344,-0.13500295783718852,0.6802279993947683,-0.1984672168115796,12,0.8460021938488194,True,0.8460021938488194,1.0
GSE163603_interstitium,interstitium only,sex,ADAMTS9,-0.4768684417002549,0.5307096394450953,-0.8985486719232456,13,0.3852337298293107,-0.6213694489265157,0.7384495279134692,-0.8414514810270516,12,0.4165486543185951,False,0.4165486543185951,1.0
GSE163603_interstitium,interstitium only,sex,ADRM1,0.5065807264896565,0.528587730615058,0.9583664113811448,13,0.3553633350218962,0.7549890553621094,0.7302531907621078,1.033872997630023,12,0.3215823267973101,False,0.3215823267973101,1.0
GSE163603_interstitium,interstitium only,sex,AGRN,0.12752094801950795,0.5457970386864089,0.23364170008400484,13,0.8189020509853536,0.5560214760884759,0.7392338687970333,0.7521590927554471,12,0.46645343411618106,False,0.46645343411618106,1.0
GSE163603_interstitium,interstitium only,sex,AJUBA,-0.6200506716394751,0.5192024989189836,-1.1942366859374995,13,0.2537212870006833,-0.8612909551953989,0.7174621899942512,-1.2004687734168964,12,0.2531194107163756,False,0.2531194107163756,1.0
GSE163603_interstitium,interstitium only,sex,ANGPT1,0.31505139525852377,0.5399167676050808,0.5835184498084831,13,0.5695302523329256,0.23753742712931508,0.7532052497326635,0.31536878853888056,12,0.757898645279294,False,0.757898645279294,1.0
GSE163603_interstitium,interstitium only,sex,ANGPT2,-0.1524471389005698,0.5453050493305361,-0.27956304290181644,13,0.7842112427355908,-0.3872318220259459,0.754659918384639,-0.5131209603059634,12,0.6171815781618136,False,0.6171815781618136,1.0
GSE163603_interstitium,interstitium only,sex,ANGPT4,0.4386752638299034,0.5332377808324605,0.8226635088479074,13,0.42553259163989005,-0.08431320774948803,0.7093542900099148,-0.11885909331472369,12,0.9073535500740563,True,0.9073535500740563,1.0
GSE163603_interstitium,interstitium only,sex,ANO5,0.4898286792493481,0.5298008881336553,0.9245523935886206,13,0.3720427677557301,0.32194868187750936,0.7362466098709828,0.4372837546021794,12,0.6696715952901511,False,0.6696715952901511,1.0
GSE163603_interstitium,interstitium only,sex,ANO6,0.30780671231465323,0.5402381182079259,0.5697611885212904,13,0.5785531388224116,0.21649865650547795,0.7533646990757564,0.2873756319762301,12,0.7787270238210439,False,0.7787270238210439,1.0
GSE163603_interstitium,interstitium only,sex,APOB,-0.29151810029554664,0.5409326764657335,-0.5389175270390851,13,0.5990518503343251,-0.1858982817508577,0.7539855754756385,-0.2465541620389582,12,0.8094204565058487,False,0.8094204565058487,1.0
GSE163603_interstitium,interstitium only,sex,APP,0.232568055888249,0.5431249316734841,0.4282036090143332,13,0.6755119337960701,0.3864948402137497,0.7554982630294323,0.5115760804849036,12,0.618230423738165,False,0.618230423738165,1.0
GSE163603_interstitium,interstitium only,sex,ARHGEF18,0.19899199132140327,0.5441500836716927,0.36569321092204965,13,0.7204756259353428,0.9397619209746375,0.6888431569048311,1.3642610971084566,12,0.19752504965412127,False,0.19752504965412127,1.0
GSE163603_interstitium,interstitium only,sex,ARNT,-0.2472054067229422,0.5426273955895472,-0.4555711870285529,13,0.6562145433091637,-0.20466659153849848,0.7575140035615724,-0.2701819247911273,12,0.7916108070167425,False,0.7916108070167425,1.0
GSE163603_interstitium,interstitium only,sex,ASPN,-0.14172305807483765,0.5455275120819936,-0.2597908536894038,13,0.7990940451319041,-0.26456740930278755,0.7599282905721798,-0.34814786156149596,12,0.7337602922613188,False,0.7337602922613188,1.0
GSE163603_interstitium,interstitium only,sex,ATP1B1,0.12123005240718926,0.5459073014632992,0.22207076564507064,13,0.8277094044271097,0.41215238094232753,0.7518374902595497,0.5481934411119138,12,0.5936107260997118,False,0.5936107260997118,1.0
GSE163603_interstitium,interstitium only,sex,ATP1B2,0.24585343832801695,0.5426746422723983,0.4530402181655829,13,0.6579887202333984,0.3169093535562175,0.7571790207959445,0.41853953272910716,12,0.682946004715879,False,0.682946004715879,1.0
GSE163603_interstitium,interstitium only,sex,ATP1B3,0.41716219663459847,0.5345641352172875,0.7803781981464807,13,0.44914486619460836,0.9448516283944042,0.7106470030999024,1.3295653457664374,12,0.2083834207345756,False,0.2083834207345756,1.0
GSE163603_interstitium,interstitium only,sex,ATP1B4,-0.6252571786250588,0.518721976033903,-1.2053801603042027,13,0.24953963156510342,-0.6036581051672324,0.7242954369073706,-0.833441817257277,12,0.4208755651170106,False,0.4208755651170106,1.0
GSE163603_interstitium,interstitium only,sex,BAMBI,0.29567542911002664,0.5407590768475715,0.5467784855941886,13,0.5937925434571654,0.7846334672805203,0.724839462465145,1.082492755860751,12,0.30030637190791015,False,0.30030637190791015,1.0
GSE163603_interstitium,interstitium only,sex,BCAN,0.939958106334171,0.48081402507586984,1.9549307160618925,13,0.0724391074689603,0.9911666589699857,0.6710539939971393,1.4770296694996068,12,0.16542470539523832,False,0.16542470539523832,0.9907690506197904
GSE163603_interstitium,interstitium only,sex,BGN,-0.11263237893688802,0.5460489437139034,-0.2062679183496426,13,0.8397769703143434,-0.14474772906212513,0.7623890337086923,-0.18986071764174015,12,0.8525920074106715,False,0.8525920074106715,1.0
GSE163603_interstitium,interstitium only,sex,BMP1,0.4540576071876436,0.5322463699514121,0.8530966725599158,13,0.4090491986682773,0.1383617836982184,0.7305621905799417,0.18939083555416789,12,0.8529521258281115,False,0.8529521258281115,1.0
GSE163603_interstitium,interstitium only,sex,BMP10,-0.270429541632478,0.5417746304011075,-0.49915504798049176,13,0.6260102599081897,-0.6460463864239205,0.7388568942245334,-0.8743863547513866,12,0.39906976870188743,False,0.39906976870188743,1.0
GSE163603_interstitium,interstitium only,sex,BMP2,-0.23129956654025763,0.543166598568572,-0.4258354014216087,13,0.6771933325007838,-0.6940998667959389,0.7315387124422648,-0.9488217848084416,12,0.36142891925105386,False,0.36142891925105386,1.0
GSE163603_interstitium,interstitium only,sex,BMP4,0.9022251136960364,0.4863426089864779,1.8551224939477213,13,0.08639180286817612,1.2584882190695086,0.6613876869271298,1.902799589324931,12,0.08132928483165328,False,0.08132928483165328,0.9704464773356767
GSE163603_interstitium,interstitium only,sex,BMP7,0.8040725298190102,0.4994116735396181,1.6100395173386421,13,0.13139258331141312,0.7300879413960892,0.6966542298577046,1.047991830244415,12,0.3152921028390812,False,0.3152921028390812,1.0
GSE163603_interstitium,interstitium only,sex,BSG,0.24134307735085792,0.5428303608015836,0.4446012875817646,13,0.6639198457131567,0.5861516263448758,0.7431715386012344,0.7887164616773474,12,0.44558067844460897,False,0.44558067844460897,1.0
GSE163603_interstitium,interstitium only,sex,C1QA,0.5414731776037998,0.5259201231266775,1.0295730355109003,13,0.3219862730790053,0.8643815254297461,0.720974177982984,1.1989077443077951,12,0.25370360009481274,False,0.25370360009481274,1.0
GSE163603_interstitium,interstitium only,sex,C1QB,0.07815556545693499,0.5465120588772313,0.1430079431687195,13,0.8884767315086782,-0.5617792632005201,0.7110785679496961,-0.7900382440443093,12,0.44483738923173505,True,0.44483738923173505,1.0
GSE163603_interstitium,interstitium only,sex,C1QC,1.1115800415316646,0.451772466569805,2.460486470040135,13,0.02864275581912738,0.5541087409496748,0.5828564428452732,0.9506779031981468,12,0.36052337378731697,False,0.36052337378731697,1.0
GSE163603_interstitium,interstitium only,sex,C1R,-0.4406740765932099,0.5331109891013178,-0.8266085029236937,13,0.4233716748172279,-0.2410416053612996,0.7394131635268179,-0.32599041679430046,12,0.7500462237821277,False,0.7500462237821277,1.0
GSE163603_interstitium,interstitium only,sex,C1S,0.4776149220841845,0.530658000475419,0.9000428178907828,13,0.3844672228322923,0.04509808826599093,0.7169659364995589,0.06290129833248874,12,0.950880705157086,False,0.950880705157086,1.0
GSE163603_interstitium,interstitium only,sex,C2,-0.9184221039594186,0.48400490523957784,-1.897547099248526,13,0.08018743486298786,0.2328895949312928,0.4563701528656933,0.5103085586752442,12,0.6190916228586277,True,0.6190916228586277,1.0
GSE163603_interstitium,interstitium only,sex,C3,0.9937840578284316,0.4724145942589432,2.103626919882394,13,0.05544632124882644,0.9757464133764318,0.6596448407502963,1.479199643654597,12,0.16485298993675263,False,0.16485298993675263,0.9907690506197904
GSE163603_interstitium,interstitium only,sex,C3AR1,0.3447627063022436,0.5385184494541155,0.6402059328732786,13,0.5331606204163926,0.009544745957972278,0.7378580873779516,0.01293574756616199,12,0.9898916317001758,False,0.9898916317001758,1.0
GSE163603_interstitium,interstitium only,sex,C4A,,,,13,,,,,12,,True,1.0,1.0
GSE163603_interstitium,interstitium only,sex,C4B,,,,13,,,,,12,,True,1.0,1.0
GSE163603_interstitium,interstitium only,sex,C4BPA,0.20927395887097094,0.5438532960436016,0.38479854841992744,13,0.7066082610243697,0.0456915455013176,0.7561393018061446,0.06042741779481233,12,0.9528099479355675,False,0.9528099479355675,1.0
GSE163603_interstitium,interstitium only,sex,C4BPB,0.23098507894928846,0.5431768930023327,0.4252483526546047,13,0.6776104090149858,-0.34952703877406766,0.7156422168579188,-0.48841031250041744,12,0.6340624786797394,True,0.6340624786797394,1.0
GSE163603_interstitium,interstitium only,sex,C5,0.07337411664805234,0.5465630463946783,0.13424639139446723,13,0.8952638477602904,-0.1391497879978919,0.7576655378863644,-0.18365595508814309,12,0.8573501125557218,True,0.8573501125557218,1.0
GSE163603_interstitium,interstitium only,sex,C5AR1,-0.1456408536108523,0.5454481312609203,-0.2670113715013969,13,0.7936492395622934,-0.8577269347636409,0.696474450026773,-1.231526777085174,12,0.2417152468005175,False,0.2417152468005175,1.0
GSE163603_interstitium,interstitium only,sex,C5AR2,0.5496161115537682,0.5252699685955935,1.0463497713818832,13,0.31446555795453085,-0.23354503777614066,0.6503999869159045,-0.3590790935952734,12,0.7257747088768518,True,0.7257747088768518,1.0
GSE163603_interstitium,interstitium only,sex,C6,0.051279335024294284,0.5467568239304277,0.09378819390980175,13,0.9267075060751732,-0.07549917558275798,0.7615282329219983,-0.09914166319621034,12,0.9226627289967474,True,0.9226627289967474,1.0
GSE163603_interstitium,interstitium only,sex,C7,0.07032490029266716,0.546593879422494,0.12866024106777268,13,0.8995956656843895,-0.07181671139965198,0.7607911671480161,-0.0943974043085593,12,0.9263513883905603,True,0.9263513883905603,1.0
GSE163603_interstitium,interstitium only,sex,C8A,0.32807602401068603,0.5393197290146904,0.6083145235759577,13,0.5534592726632421,-0.3005111480048829,0.7022128651979469,-0.4279487928780282,12,0.6762682900805297,True,0.6762682900805297,1.0
GSE163603_interstitium,interstitium only,sex,C8B,-0.3245074317081502,0.5394857819225117,-0.6015124820374976,13,0.5578430309140275,-0.2635843449530758,0.7528888650588175,-0.35009728153235997,12,0.7323337662626856,False,0.7323337662626856,1.0
GSE163603_interstitium,interstitium only,sex,C8G,-0.07734176436586555,0.546520964505597,-0.1415165554277168,13,0.8896314013653625,-0.38675671719996163,0.7513223466738834,-0.5147680205602031,12,0.6160643309105006,False,0.6160643309105006,1.0
GSE163603_interstitium,interstitium only,sex,C9,0.35580729138759637,0.5379655450994774,0.6613942001096048,13,0.519910447598737,-0.026289168341371627,0.7327816451316737,-0.03587585540116486,12,0.9719712326610083,True,0.9719712326610083,1.0
GSE163603_interstitium,interstitium only,sex,CA9,-0.028807334715611525,0.5468834094812217,-0.05267545918596874,13,0.9587913372438263,-0.7205754014014705,0.702482761754437,-1.025755279178449,12,0.3252405698549865,False,0.3252405698549865,1.0
GSE163603_interstitium,interstitium only,sex,CAPN1,0.5898129295402377,0.5219055025750905,1.1301144108082608,13,0.27884848617345015,1.145851475248991,0.6878810961907228,1.6657696825721326,12,0.12162839032543686,False,0.12162839032543686,0.9704464773356767
GSE163603_interstitium,interstitium only,sex,CAPN10,-0.22241774483768725,0.5434518757032681,-0.4092685199583896,13,0.689005570750566,-0.39030943635945353,0.7553990379826733,-0.5166930545765483,12,0.6147597983315721,False,0.6147597983315721,1.0
GSE163603_interstitium,interstitium only,sex,CAPN11,0.7975199666973019,0.500219243594402,1.5943408353637099,13,0.1348730106006225,1.0376325112927143,0.6907369161646769,1.5022108808867178,12,0.15889296645366024,False,0.15889296645366024,0.98446310698189
GSE163603_interstitium,interstitium only,sex,CAPN12,0.22862679978883071,0.5432536364214875,0.4208472515616055,13,0.6807407437877765,0.24018498715452877,0.7585959088033857,0.316617825600191,12,0.7569737645749568,False,0.7569737645749568,1.0
GSE163603_interstitium,interstitium only,sex,CAPN13,0.02123860500086013,0.5469100481900746,0.03883381750097012,13,0.969612919835929,0.5520556157844961,0.7283092856274985,0.7579961242823572,12,0.46308008458978994,False,0.46308008458978994,1.0
GSE163603_interstitium,interstitium only,sex,CAPN14,-0.13005008338530114,0.5457511312719777,-0.2382955818748272,13,0.8153668176062423,-0.13708459198690487,0.7620938927695802,-0.179878874883403,12,0.8602494381213401,False,0.8602494381213401,1.0
GSE163603_interstitium,interstitium only,sex,CAPN15,0.2913700237864226,0.5409388134123566,0.5386376731748991,13,0.5992395190938793,-0.19912560454133688,0.7249061952797876,-0.2746915474552974,12,0.788225203285107,True,0.788225203285107,1.0
GSE163603_interstitium,interstitium only,sex,CAPN2,-0.002596186893855706,0.5469412954508218,-0.004746737749461344,13,0.9962847340659936,-0.28192335102815363,0.7541239189871283,-0.37384220806417046,12,0.7150431945246049,False,0.7150431945246049,1.0
GSE163603_interstitium,interstitium only,sex,CAPN3,0.0957978554243249,0.5462960355384241,0.17535886990266633,13,0.863499542236945,-0.41279323596116935,0.730381462352632,-0.5651748534683793,12,0.5823673343037429,True,0.5823673343037429,1.0
GSE163603_interstitium,interstitium only,sex,CAPN5,1.0120011709865098,0.46943030274929415,2.155807081604153,13,0.05041863751168751,1.686141391683655,0.5869405279530662,2.872763612974575,12,0.01401769146382302,False,0.01401769146382302,0.8123554510390532
GSE163603_interstitium,interstitium only,sex,CAPN6,-0.5616930777496492,0.5242863116287787,-1.0713479739813545,13,0.3035002991755161,-0.34239955762793617,0.7259419104175414,-0.4716624742481083,12,0.6456279483000777,False,0.6456279483000777,1.0
GSE163603_interstitium,interstitium only,sex,CAPN7,0.6982750475150012,0.5115061355302977,1.3651352330135262,13,0.1953703049635645,0.23713850394225156,0.6858015974537424,0.3457829565033153,12,0.735492251494084,False,0.735492251494084,1.0
GSE163603_interstitium,interstitium only,sex,CAPN8,-0.03756683986566489,0.5468425185646296,-0.06869773031598124,13,0.9462756586195322,-0.6235542411358153,0.7202344491593223,-0.8657656432063825,12,0.4035961481954829,False,0.4035961481954829,1.0
GSE163603_interstitium,interstitium only,sex,CAPN9,0.013196989310138137,0.5469295221339723,0.02412923196876816,13,0.9811159761422258,-0.14301822052881247,0.7607441165034488,-0.18799780034600388,12,0.8540199534606254,True,0.8540199534606254,1.0
GSE163603_interstitium,interstitium only,sex,CAPNS1,0.6140243857782799,0.5197531176180961,1.1813770133639725,13,0.2586145308218734,1.050162555664888,0.7007951533991705,1.4985299920684796,12,0.15983380903585284,False,0.15983380903585284,0.98446310698189
GSE163603_interstitium,interstitium only,sex,CAPNS2,-0.4946744605947379,0.5294544410504222,-0.9343097767077337,13,0.367174796456688,-0.7677583764198973,0.7298254108591168,-1.0519753971242622,12,0.3135339434164784,False,0.3135339434164784,1.0
GSE163603_interstitium,interstitium only,sex,CASK,-0.3728503491644203,0.5370769538054944,-0.6942214640240368,13,0.49976206582610155,0.4672527834970138,0.6558568724347275,0.7124310244130528,12,0.48981901217004775,True,0.48981901217004775,1.0
GSE163603_interstitium,interstitium only,sex,CASP3,0.25310783960900934,0.5424180413394869,0.4666287260356722,13,0.6484888833733775,-0.13874540414573533,0.7381960211843418,-0.1879519804551858,12,0.8540550817262322,True,0.8540550817262322,1.0
GSE163603_interstitium,interstitium only,sex,CAST,0.23403379881636008,0.5430764976502265,0.43094076033297934,13,0.673570844590281,0.15670256055303033,0.7576254271788564,0.20683381910311305,12,0.8396076996964218,False,0.8396076996964218,1.0
GSE163603_interstitium,interstitium only,sex,CAV1,0.6111871736558131,0.5200102904046529,1.1753366903185891,13,0.26093805128983755,0.4636782715369673,0.7233402241399399,0.6410237617965823,12,0.5335586198012081,False,0.5335586198012081,1.0
GSE163603_interstitium,interstitium only,sex,CBL,0.8143611141548647,0.4981276376933417,1.6348442698861116,13,0.12605200764688212,1.7159799583631403,0.5757029428470907,2.9806690754035494,12,0.011471480753968626,False,0.011471480753968626,0.8123554510390532
GSE163603_interstitium,interstitium only,sex,CCL1,-0.6724057985416795,0.5141654426182308,-1.30776155456434,13,0.21360887861930147,-0.9771216582612168,0.7057649718943954,-1.384485908444072,12,0.19141378790819516,False,0.19141378790819516,1.0
GSE163603_interstitium,interstitium only,sex,CCL11,0.09583378417625926,0.5462955507992233,0.17542479347681977,13,0.8634487903869924,-0.40656746761293117,0.7311835613356777,-0.5560402190528472,12,0.5884014285504153,True,0.5884014285504153,1.0
GSE163603_interstitium,interstitium only,sex,CCL13,0.773905209887719,0.5030644258325886,1.5383819052736234,13,0.14793359830688585,1.1204861654448368,0.6862738156035749,1.6327100640716912,12,0.12847554699951522,False,0.12847554699951522,0.9704464773356767
GSE163603_interstitium,interstitium only,sex,CCL16,-0.6266751974890418,0.518590329327863,-1.2084205239640045,13,0.24840811583690875,0.14309873583132204,0.6429009099639592,0.22258287959079745,12,0.827603619442647,True,0.827603619442647,1.0
GSE163603_interstitium,interstitium only,sex,CCL17,0.0102757350358799,0.5469343441231429,0.018787876728337812,13,0.9852956235969103,-0.035076532340346835,0.7634997311358226,-0.04594177431885291,12,0.9641123567145095,True,0.9641123567145095,1.0
GSE163603_interstitium,interstitium only,sex,CCL19,0.17760580274905116,0.5447190572790538,0.3260502829407446,13,0.7495753732337437,0.5351796234268954,0.7447336374009232,0.718618841086111,12,0.4861334855323666,False,0.4861334855323666,1.0
GSE163603_interstitium,interstitium only,sex,CCL2,-0.14361638383564132,0.5454894219649038,-0.26327986951299936,13,0.7964616837770987,0.3195436581393144,0.7348588326250212,0.43483679307202255,12,0.6713980266210672,True,0.6713980266210672,1.0
GSE163603_interstitium,interstitium only,sex,CCL20,-0.07094818227037053,0.5465876834662782,-0.129802014235741,13,0.8987099929638153,-0.5068858105141398,0.7395576270318206,-0.6853905523880566,12,0.5061224004919003,False,0.5061224004919003,1.0
GSE163603_interstitium,interstitium only,sex,CCL21,0.11072710869851772,0.5460789176756947,0.20276759478247486,13,0.8424557604531286,-0.48013682037368943,0.7183552221505578,-0.6683835595101432,12,0.5165396197300413,True,0.5165396197300413,1.0
GSE163603_interstitium,interstitium only,sex,CCL22,-0.3039337513229045,0.5404067672877871,-0.5624166271053528,13,0.5834007896516784,-0.8813311651706557,0.7120159878961377,-1.2377968755656876,12,0.23946313130945332,False,0.23946313130945332,1.0
GSE163603_interstitium,interstitium only,sex,CCL25,-0.46453601329589045,0.5315503580774934,-0.8739266303497945,13,0.39801528126310004,-0.4708275351732928,0.7422646801021148,-0.6343121905093478,12,0.5377819670741362,False,0.5377819670741362,1.0
GSE163603_interstitium,interstitium only,sex,CCL27,-0.4508905976270659,0.5324534329844757,-0.8468169603109915,13,0.4124152683780811,-0.3117191895966871,0.7410845808857397,-0.4206256581726775,12,0.6814630446552292,False,0.6814630446552292,1.0
GSE163603_interstitium,interstitium only,sex,CCL28,-0.7306073063450755,0.5080204306009812,-1.4381455200153606,13,0.17402864038719942,-0.7330205037744943,0.7094111544163009,-1.0332802060007347,12,0.3218484378295977,False,0.3218484378295977,1.0
GSE163603_interstitium,interstitium only,sex,CCL3,,,,13,,,,,12,,True,1.0,1.0
GSE163603_interstitium,interstitium only,sex,CCL3L1,0.2757326563293266,0.5415689735973309,0.5091367300785222,13,0.6191878763001156,0.5972511151618773,0.7433346563200746,0.8034754065128712,12,0.43732655322649666,False,0.43732655322649666,1.0
GSE163603_interstitium,interstitium only,sex,CCL4,,,,13,,,,,12,,True,1.0,1.0
GSE163603_interstitium,interstitium only,sex,CCL5,-1.0434166311739317,0.46410962089364305,-2.2482115952796518,13,0.04254767900787933,0.10395811355387874,0.4161582541466996,0.24980428122719045,12,0.8069637713211233,True,0.8069637713211233,1.0
GSE163603_interstitium,interstitium only,sex,CCL7,0.8915696521269634,0.48785184102545975,1.8275418419102258,13,0.09065450895610594,0.501878619926329,0.6600191552416984,0.7604000822408579,12,0.46169525781490506,False,0.46169525781490506,1.0
GSE163603_interstitium,interstitium only,sex,CCNC,0.29877659453715155,0.5406279422646959,0.5526473405824593,13,0.5898815046112414,0.993121235380239,0.6924931409528122,1.4341242918504404,12,0.17707841932099108,False,0.17707841932099108,1.0
GSE163603_interstitium,interstitium only,sex,CCNK,0.143317482962192,0.5454954690615095,0.26272900709654046,13,0.7968771222053843,0.47664720842408714,0.7479434910760949,0.6372770324377267,12,0.5359139650298221,False,0.5359139650298221,1.0
GSE163603_interstitium,interstitium only,sex,CCNT1,0.5157253987033745,0.5279070578178827,0.9769246140317551,13,0.346436538992069,-0.6609932625817281,0.5327404657406428,-1.2407416088860113,12,0.23841120883395941,True,0.23841120883395941,1.0
GSE163603_interstitium,interstitium only,sex,CCNT2,0.5026741672470294,0.5288745358321252,0.9504601435501665,13,0.35921531337361223,0.518596739395315,0.7385009133465873,0.7022289749720748,12,0.495932386669698,False,0.495932386669698,1.0
GSE163603_interstitium,interstitium only,sex,CCR1,0.0034000116953764653,0.5469409565103095,0.006216414504903469,13,0.9951344339060165,0.16548314665021044,0.7605299452204407,0.21758925824050873,12,0.8314050413072168,False,0.8314050413072168,1.0
GSE163603_interstitium,interstitium only,sex,CCR10,0.18641682489006672,0.5444925411855305,0.3423680046822662,13,0.7375460020153081,0.7230876963960828,0.7239597494905721,0.9987954398084937,12,0.33760886578059135,False,0.33760886578059135,1.0
GSE163603_interstitium,interstitium only,sex,CCR2,-0.0784873472636646,0.5465084013154223,-0.1436159939623049,13,0.8880060391347666,-0.10189395872698731,0.7630901442539235,-0.133528075934737,12,0.895988933318489,False,0.895988933318489,1.0
GSE163603_interstitium,interstitium only,sex,CCR3,0.23213254268454733,0.5431392633085562,0.42739046569843236,13,0.6760890520822387,-0.11870103779713348,0.7430829146222884,-0.1597413094304148,12,0.8757421257871518,True,0.8757421257871518,1.0
GSE163603_interstitium,interstitium only,sex,CCR4,0.3358134289977731,0.5389532753969029,0.6230844941993703,13,0.5440057826088518,0.4273775882613733,0.7515621965995148,0.5686523220500805,12,0.5800788101002801,False,0.5800788101002801,1.0
GSE163603_interstitium,interstitium only,sex,CCR5,-0.47051636991259305,0.5311455859043055,-0.8858519818281314,13,0.39178934061335535,-0.768716572708209,0.7303782273605554,-1.0524910846346023,12,0.31330687644866617,False,0.31330687644866617,1.0
GSE163603_interstitium,interstitium only,sex,CCR6,-0.2540725725484161,0.5423833456122169,-0.46843726785458517,13,0.6472292819607429,0.1463918018508843,0.7372792591156089,0.19855678840943683,12,0.8459336737568087,True,0.8459336737568087,1.0
GSE163603_interstitium,interstitium only,sex,CCR7,0.3193518484878702,0.5397223848891967,0.5916965044046342,13,0.5642023685953291,0.43558394374045617,0.7519989272729477,0.579234794017672,12,0.573143890996899,False,0.573143890996899,1.0
GSE163603_interstitium,interstitium only,sex,CCR8,0.23083093864231446,0.5431819334436382,0.42496063368474685,13,0.6778148631355729,0.11178670138004432,0.7567587019938424,0.14771776140204054,12,0.8850185066422301,False,0.8850185066422301,1.0
GSE163603_interstitium,interstitium only,sex,CCR9,0.022536118443419958,0.5469060538263188,0.041206562417348484,13,0.9677573690322265,0.10632222522367073,0.7628504970807832,0.13937491766805726,12,0.8914657234752484,False,0.8914657234752484,1.0
GSE163603_interstitium,interstitium only,sex,CCRL2,0.37481851187871645,0.5369715629228791,0.698023019763802,13,0.4974590454759919,0.4979848185476571,0.7479409282993705,0.6658076857485915,12,0.5181282932181576,False,0.5181282932181576,1.0
GSE163603_interstitium,interstitium only,sex,CD151,0.289899057966498,0.5409996036596747,0.5358581706999994,13,0.6011050574116324,0.3088040445719431,0.7554204799577687,0.40878431650305086,12,0.6898989456530441,False,0.6898989456530441,1.0
GSE163603_interstitium,interstitium only,sex,CD177,0.03926649301220936,0.5468333335891864,0.07180705820268937,13,0.9438484403632542,0.5114895001701266,0.7357245225766056,0.6952187734327817,12,0.5001596418890569,False,0.5001596418890569,1.0
GSE163603_interstitium,interstitium only,sex,CD19,0.11361289291975794,0.5460333181896287,0.20806952457853858,13,0.8383990117688853,-0.3740388979687205,0.7326724025448241,-0.5105131524942856,12,0.6189525745715806,True,0.6189525745715806,1.0
GSE163603_interstitium,interstitium only,sex,CD2,0.5000351922915112,0.5290669359541511,0.9451265205029636,13,0.3618304102657409,0.2896623335237867,0.733164316922842,0.3950851491784626,12,0.6997128904607852,False,0.6997128904607852,1.0
GSE163603_interstitium,interstitium only,sex,CD244,0.19262930857456384,0.5443261775504558,0.35388580692815985,13,0.7290979960515719,-0.4112363619765179,0.7137190259422129,-0.5761880334262157,12,0.5751359419503287,True,0.5751359419503287,1.0
GSE163603_interstitium,interstitium only,sex,CD44,1.0740210721750758,0.4587078528459288,2.3414054621293325,13,0.035794726319062956,1.7945474901177496,0.5594309242508627,3.207808886362224,12,0.007522732908255322,False,0.007522732908255322,0.7885637292348683
GSE163603_interstitium,interstitium only,sex,CD46,0.0001244576159405222,0.5469417683389922,0.00022755185861648053,13,0.9998218947150098,-0.040966216565787264,0.7635553338512838,-0.05365192900841705,12,0.9580953388826094,True,0.9580953388826094,1.0
GSE163603_interstitium,interstitium only,sex,CD47,0.13349411362463093,0.5456871610474591,0.24463488085075322,13,0.810558062760287,-0.3798651061160535,0.7288668705498118,-0.5211721391994493,12,0.6117297942747476,True,0.6117297942747476,1.0
GSE163603_interstitium,interstitium only,sex,CD48,-0.31880082537023047,0.5397474425515462,-0.5906481443676036,13,0.5648838575442015,-0.9497144593427973,0.7024624444463095,-1.3519789803017517,12,0.2013143259005449,False,0.2013143259005449,1.0
GSE163603_interstitium,interstitium only,sex,CD55,1.0920126785030622,0.45542855547760697,2.397769453340208,13,0.03221924285976095,1.9709676429485483,0.5095137258170651,3.8683308085329204,12,0.0022346317454130554,False,0.0022346317454130554,0.6135901259077338
GSE163603_interstitium,interstitium only,sex,CD58,0.1961730090509393,0.5442288149587867,0.36046053361910846,13,0.7242919727633607,-0.34387223689439594,0.7231020627985643,-0.4755514533640447,12,0.6429335653129366,True,0.6429335653129366,1.0
GSE163603_interstitium,interstitium only,sex,CD59,0.20940828217574425,0.5438493187982447,0.38504834875674415,13,0.7064276531654015,0.8158505059976446,0.7125996611038902,1.1448931995474265,12,0.2745752926239138,False,0.2745752926239138,1.0
GSE163603_interstitium,interstitium only,sex,CD74,0.6230777526416857,0.5189236643915258,1.200711772072079,13,0.25128487544886835,0.532508509758061,0.7235754471742634,0.7359405461277537,12,0.4759069829085691,False,0.4759069829085691,1.0
GSE163603_interstitium,interstitium only,sex,CD81,0.2578575352814965,0.542245926351861,0.4755361409837018,13,0.6422960542837123,0.7035725475362014,0.7321957771184829,0.9609076827854337,12,0.355561420862056,False,0.355561420862056,1.0
GSE163603_interstitium,interstitium only,sex,CD84,-0.3529576190425373,0.5381099264340179,-0.6559210334244157,13,0.523314838231378,-1.015198816627838,0.6945616120969431,-1.4616396860213203,12,0.16952791090317534,False,0.16952791090317534,0.9915245881395801
GSE163603_interstitium,interstitium only,sex,CD99,-1.1254338096087146,0.44912629961519623,-2.5058292301585703,13,0.026298048754682547,8.881784197001252e-16,0.39478526840211375,2.2497759941626277e-15,12,0.9999999999999982,True,0.9999999999999982,1.0
GSE163603_interstitium,interstitium only,sex,CD99L2,0.2647535472880099,0.5419902389191515,0.4884839767889309,13,0.6333436506770564,1.4102751150630912,0.5716449777121229,2.4670471534752076,12,0.02965340897972643,False,0.02965340897972643,0.8976864134382039
GSE163603_interstitium,interstitium only,sex,CDH1,0.15966012809666172,0.5451462423681196,0.29287577477026505,13,0.774239680514288,0.9548260774538181,0.6789370099958146,1.406354438476854,12,0.18498329904549243,False,0.18498329904549243,1.0
GSE163603_interstitium,interstitium only,sex,CDK8,-0.2968781879422629,0.5407083836834934,-0.5490541609875281,13,0.5922744443397465,-0.4787725097378215,0.7509389422619033,-0.6375651638143984,12,0.535732624366425,False,0.535732624366425,1.0
GSE163603_interstitium,interstitium only,sex,CDK9,-0.2937549929161507,0.5408395818629318,-0.5431462540228773,13,0.5962197192800617,0.051379894722223485,0.7403072956240145,0.06940346937809752,12,0.9458116041547193,True,0.9458116041547193,1.0
GSE163603_interstitium,interstitium only,sex,CDKN2B,0.44195821985846356,0.5330292112639309,0.8291444643539935,13,0.421986372371396,0.08094580696735854,0.7277344331514352,0.11122987078792577,12,0.9132728456907703,False,0.9132728456907703,1.0
GSE163603_interstitium,interstitium only,sex,CEACAM1,-0.3780190039275151,0.5367989540255873,-0.7042096507317268,13,0.49372467251346475,-0.7207985503057762,0.7347569240697325,-0.9810027325953699,12,0.3459564294658955,False,0.3459564294658955,1.0
GSE163603_interstitium,interstitium only,sex,CEACAM3,0.30783112362215914,0.5402370482709353,0.5698075032199165,13,0.5785226369077028,-0.09516420397255654,0.7339402917444419,-0.12966205159055735,12,0.8989818602855155,True,0.8989818602855155,1.0
GSE163603_interstitium,interstitium only,sex,CEACAM5,-0.317465098005592,0.5398080000858702,-0.5881074344120337,13,0.5665372878002254,-0.3421001104708144,0.7537253673226976,-0.45387899267074655,12,0.6580153541230968,False,0.6580153541230968,1.0
GSE163603_interstitium,interstitium only,sex,CEACAM6,-0.38498190703928087,0.5364181649638423,-0.7176899146680293,13,0.48564611923790774,-0.4329540115119496,0.7487791229693707,-0.5782132517197063,12,0.573811389896332,False,0.573811389896332,1.0
GSE163603_interstitium,interstitium only,sex,CEACAM8,0.5281842430237133,0.5269586390359711,1.0023258068033278,13,0.33447891721101997,0.3505076271477272,0.7318246787507163,0.478950269545531,12,0.6405831130363943,False,0.6405831130363943,1.0
GSE163603_interstitium,interstitium only,sex,CFB,-1.1172147068421137,0.4507020325349348,-2.478832191100705,13,0.02767080554494172,0.021737926799310525,0.39099945216192294,0.05559579861075685,12,0.9565787499636127,True,0.9565787499636127,1.0
GSE163603_interstitium,interstitium only,sex,CFD,-0.4694926567030429,0.5312152637831635,-0.8838086717603899,13,0.39285138941093317,-0.9202258448843182,0.7156656019605877,-1.285832157313879,12,0.222760191732364,False,0.222760191732364,1.0
GSE163603_interstitium,interstitium only,sex,CFH,0.7867557994166319,0.5015287552898166,1.5687152354045826,13,0.14072532437661214,1.3993515948560216,0.64816805578133,2.1589332926461213,12,0.05180996458201805,False,0.05180996458201805,0.9042280104533843
GSE163603_interstitium,interstitium only,sex,CFHR1,-0.4616278738697666,0.5317452104558353,-0.8681373424577514,13,0.4010616598900589,-0.8680310924023064,0.721387634172505,-1.2032796949701174,12,0.2520701366394763,False,0.2520701366394763,1.0
GSE163603_interstitium,interstitium only,sex,CFHR2,-0.06173632084328084,0.5466736838214313,-0.11293084461597523,13,0.9118106641401352,-0.19607766365806273,0.7611686429521738,-0.25760081615761304,12,0.8010793705214585,False,0.8010793705214585,1.0
GSE163603_interstitium,interstitium only,sex,CFHR3,0.12491668236858725,0.5458433637927018,0.22885078514214124,13,0.8225456869696984,0.8930598064407427,0.6858275899448875,1.3021637209324113,12,0.2173000715304228,False,0.2173000715304228,1.0
GSE163603_interstitium,interstitium only,sex,CFHR4,0.8414642039803167,0.4946503724317006,1.701129223543651,13,0.11269914732988606,0.825104465189028,0.6907053276534082,1.1945824538406637,12,0.2553278019145991,False,0.2553278019145991,1.0
GSE163603_interstitium,interstitium only,sex,CFHR5,-0.8952817737898118,0.48732862347927436,-1.837121257926454,13,0.0891529754724586,-1.192051483544649,0.668274170003266,-1.7837760863012602,12,0.09974752382619803,False,0.09974752382619803,0.9704464773356767
GSE163603_interstitium,interstitium only,sex,CFI,0.04574929377372045,0.5467945677384835,0.08366815706113792,13,0.9345949459940114,0.25308360583200573,0.758260657176565,0.33376861035409605,12,0.7443143514578543,False,0.7443143514578543,1.0
GSE163603_interstitium,interstitium only,sex,CFP,0.13317488378312764,0.5456931611205246,0.24404719221634877,13,0.8110035283668089,0.2263079588066327,0.7609511607658278,0.29740142400055536,12,0.7712456779924581,False,0.7712456779924581,1.0
GSE163603_interstitium,interstitium only,sex,CGN,-0.8046366054504758,0.4993417838328639,-1.6113945027276106,13,0.13109585973656063,-0.6011740244336877,0.6917046925584113,-0.8691194824920482,12,0.4018310741977957,False,0.4018310741977957,1.0
GSE163603_interstitium,interstitium only,sex,CITED2,-0.05485591649771261,0.54673012026847,-0.10033454251756936,13,0.9216095928654315,0.6753117740207929,0.6949225115400646,0.9717799651132167,12,0.35034133941142204,True,0.35034133941142204,1.0
GSE163603_interstitium,interstitium only,sex,CLU,0.6518414941564655,0.5161984975527828,1.2627729395702336,13,0.22885188216976382,0.827278774212757,0.7168178384020746,1.1540990331057066,12,0.27092705699631964,False,0.27092705699631964,1.0
GSE163603_interstitium,interstitium only,sex,CMA1,-0.08134880962512546,0.546476212450239,-0.14886065993683653,13,0.8839479947510274,-0.47257428210158325,0.7440715234943913,-0.6351194302964686,12,0.5372729991871428,False,0.5372729991871428,1.0
GSE163603_interstitium,interstitium only,sex,COL10A1,-0.13794106759578714,0.545602077508411,-0.25282357469333616,13,0.8043582767464316,-0.002699104410243902,0.7596378905440645,-0.003553146102692115,12,0.9972233910319963,False,0.9972233910319963,1.0
GSE163603_interstitium,interstitium only,sex,COL11A1,-0.07870730755130965,0.5465059679191994,-0.14401911812781246,13,0.8876940049000551,-0.5575748210591688,0.7344438129558053,-0.7591796829429082,12,0.4623979559407365,False,0.4623979559407365,1.0
GSE163603_interstitium,interstitium only,sex,COL11A2,-0.7723784794874461,0.5032448840592536,-1.5347964856737697,13,0.14880613302135934,0.3287732233146725,0.5162341812467783,0.6368683734204481,12,0.5361712217726318,True,0.5361712217726318,1.0
GSE163603_interstitium,interstitium only,sex,COL12A1,1.1601697878519364,0.4422751451515293,2.623185590622432,13,0.021058309861210177,0.81099877362582,0.598810628133995,1.3543493310281458,12,0.2005783996285447,False,0.2005783996285447,1.0
GSE163603_interstitium,interstitium only,sex,COL13A1,0.006551180372594673,0.5469387513821196,0.011977904940982472,13,0.9906251116915367,-0.4633045952237034,0.7361613690555336,-0.6293519528443948,12,0.5409154078228396,True,0.5409154078228396,1.0
GSE163603_interstitium,interstitium only,sex,COL14A1,0.6980657875170995,0.5115281062423889,1.3646675109310988,13,0.19551367271481954,0.4409045418860047,0.7055772277754772,0.6248848808174767,12,0.5437461047151373,False,0.5437461047151373,1.0
GSE163603_interstitium,interstitium only,sex,COL15A1,1.194404101914194,0.43520885615807275,2.7444388711620635,13,0.016714488732823347,0.3783550765610997,0.49444934758194914,0.7652049262708185,12,0.45893520956370065,False,0.45893520956370065,1.0
GSE163603_interstitium,interstitium only,sex,COL16A1,-0.7667668653493767,0.5039045592700742,-1.5216509778360987,13,0.1520428309166079,-1.285758106310395,0.6668134196889364,-1.9282127029029978,12,0.07782285502122047,False,0.07782285502122047,0.9704464773356767
GSE163603_interstitium,interstitium only,sex,COL17A1,0.07448265120218789,0.5465515123557594,0.13627745879093991,13,0.8936897010663352,-0.24530468901677255,0.7505509271381974,-0.32683283724943707,12,0.7494246705804212,True,0.7494246705804212,1.0
GSE163603_interstitium,interstitium only,sex,COL18A1,-1.0197729074938902,0.46813476905943907,-2.1783746367371606,13,0.04837909050211344,-1.0344293727452734,0.6536838216289965,-1.582461334544657,12,0.1395293281717696,False,0.1395293281717696,0.9704464773356767
GSE163603_interstitium,interstitium only,sex,COL19A1,0.12254873733282207,0.5458846522189759,0.2244956637536366,13,0.8258616111509083,0.16773459996038864,0.7620352839410003,0.2201139546884489,12,0.8294825387467463,False,0.8294825387467463,1.0
GSE163603_interstitium,interstitium only,sex,COL1A1,0.03714251031046577,0.5468447482404943,0.06792149038639214,13,0.946881698761194,-0.1610613329130482,0.7587888410303302,-0.21226107212429376,12,0.8354660679590071,True,0.8354660679590071,1.0
GSE163603_interstitium,interstitium only,sex,COL1A2,0.3144585743402693,0.5399433512959253,0.5823917890377445,13,0.5702663568157232,-0.23755343213773927,0.7150987475299752,-0.3321966832668542,12,0.7454714534508061,True,0.7454714534508061,1.0
GSE163603_interstitium,interstitium only,sex,COL20A1,0.6011655251852983,0.5209081493092006,1.1540720297475295,13,0.2692464001916854,0.8586108451986887,0.7188158266435406,1.1944796057258658,12,0.2553665217726399,False,0.2553665217726399,1.0
GSE163603_interstitium,interstitium only,sex,COL21A1,0.3568856338209548,0.5379105968939952,0.6634664494094088,13,0.5186248197676033,0.8188752146903874,0.724022986570994,1.1310072054046487,12,0.28014971404048666,False,0.28014971404048666,1.0
GSE163603_interstitium,interstitium only,sex,COL22A1,-0.17782275831894637,0.5447136125110381,-0.32645183493618485,13,0.7492785153912415,0.069012557660591,0.7531044114856518,0.0916374364670759,12,0.9284980909605466,True,0.9284980909605466,1.0
GSE163603_interstitium,interstitium only,sex,COL23A1,-0.15303138601209051,0.5452924609632825,-0.2806409348512796,13,0.7834023712851923,-0.44475666242728396,0.7509085234893502,-0.5922914023675904,12,0.5646492034405619,False,0.5646492034405619,1.0
GSE163603_interstitium,interstitium only,sex,COL24A1,0.28988107561472587,0.5410003448661876,0.5358241974622507,13,0.6011278776147678,0.2777075964188678,0.7554474775483742,0.3676067558264964,12,0.7195682377675949,False,0.7195682377675949,1.0
GSE163603_interstitium,interstitium only,sex,COL25A1,0.12175566041481294,0.5458983032964911,0.22303725745174988,13,0.8269728007350556,0.5071868601846818,0.7438112599158598,0.6818757492889459,12,0.5082650379234187,False,0.5082650379234187,1.0
GSE163603_interstitium,interstitium only,sex,COL26A1,0.5258545745601366,0.527137834500403,0.9975656083546297,13,0.3366968701927075,0.877455166822565,0.720191342773289,1.2183639467862661,12,0.24649780043207903,False,0.24649780043207903,1.0
GSE163603_interstitium,interstitium only,sex,COL27A1,-0.9553207845851256,0.47847924859982965,-1.9965772546681468,13,0.06725118220086396,-0.9012416491059431,0.6677494361260251,-1.349670400823597,12,0.20203320842961942,False,0.20203320842961942,1.0
GSE163603_interstitium,interstitium only,sex,COL28A1,-0.6009420307364483,0.5209279859120677,-1.153599052053784,13,0.26943348292519326,-0.28296019438364306,0.7142863925909235,-0.3961438959480448,12,0.6989523633450317,False,0.6989523633450317,1.0
GSE163603_interstitium,interstitium only,sex,COL2A1,0.10753899818819423,0.5461279261771753,0.19691173630499595,13,0.8469417848843008,-0.12928921373187796,0.7556998164257415,-0.17108541106094408,12,0.8670075657361676,True,0.8670075657361676,1.0
GSE163603_interstitium,interstitium only,sex,COL3A1,0.42830816136908806,0.5338856840901661,0.8022469493614527,13,0.43683073851144055,0.07890053093718152,0.730017180538082,0.10808037542215845,12,0.9157180560497044,False,0.9157180560497044,1.0
GSE163603_interstitium,interstitium only,sex,COL4A1,-0.598307809113934,0.5211611779657314,-1.1480283536262852,13,0.2716444416051764,-0.4617315697371024,0.7253551183374881,-0.6365593322004673,12,0.5363658142753918,False,0.5363658142753918,1.0
GSE163603_interstitium,interstitium only,sex,COL4A2,-0.25379380013254577,0.5423933851921904,-0.467914629973994,13,0.6475931694723406,-0.3994993080740046,0.7547787732605069,-0.5292932475409189,12,0.6062551547327015,False,0.6062551547327015,1.0
GSE163603_interstitium,interstitium only,sex,COL4A3,-0.67671925282105,0.5137299456501523,-1.3172665104515686,13,0.21049543833708526,-1.1593388405292562,0.6862712137377607,-1.6893304240679765,12,0.1169469165077023,False,0.1169469165077023,0.9704464773356767
GSE163603_interstitium,interstitium only,sex,COL4A4,-0.5802353121521374,0.5227306904369224,-1.1100081222840579,13,0.28710625787182315,-0.32913324799415955,0.7218102828797992,-0.4559830412515321,12,0.6565441022127109,False,0.6565441022127109,1.0
GSE163603_interstitium,interstitium only,sex,COL4A5,-0.30010813135606773,0.5405712077468013,-0.5551685458923585,13,0.588205445160653,0.16199270514661857,0.7278635709573865,0.22255916027442263,12,0.827621665210863,True,0.827621665210863,1.0
GSE163603_interstitium,interstitium only,sex,COL4A6,-0.8265169261487434,0.49658515883508936,-1.664401183651203,13,0.11993592462903872,-0.9033752417794424,0.6926443523367388,-1.3042411141183372,12,0.2166133848783263,False,0.2166133848783263,1.0
GSE163603_interstitium,interstitium only,sex,COL5A1,0.4719355012759643,0.5310487281368018,0.8886858705636339,13,0.39031960246356834,-0.12328286197385718,0.6953390877752071,-0.17729890946920665,12,0.8622310724854815,True,0.8622310724854815,1.0
GSE163603_interstitium,interstitium only,sex,COL5A2,0.5035782144242252,0.5288083752716098,0.9522886511878226,13,0.3583218536903773,0.5517491556437523,0.7381460547927214,0.7474796512983989,12,0.46916887917219824,False,0.46916887917219824,1.0
GSE163603_interstitium,interstitium only,sex,COL5A3,0.3408770645401975,0.5387086922061044,0.6327669656567959,13,0.5378575947376986,-0.5086423274062016,0.6561921653536169,-0.7751423352214183,12,0.453260076940496,True,0.453260076940496,1.0
GSE163603_interstitium,interstitium only,sex,COL6A1,-1.1790760965092522,0.4384122092216054,-2.6894234962176005,13,0.018564520753233636,-1.4291793077925379,0.6025544283085507,-2.3718675702117595,12,0.03528131477371894,False,0.03528131477371894,0.8976864134382039
GSE163603_interstitium,interstitium only,sex,COL6A2,-0.735815664591174,0.5074418645467704,-1.4500491898680437,13,0.17074025753852348,-1.497080590959404,0.6272629635746603,-2.3866873670139994,12,0.03434193558132874,False,0.03434193558132874,0.8976864134382039
GSE163603_interstitium,interstitium only,sex,COL6A3,-0.09197761713612147,0.5463465374533788,-0.16835032498759117,13,0.8688986829362837,-0.6146702585573125,0.7285862519383023,-0.8436478960755406,12,0.4153673181540557,False,0.4153673181540557,1.0
GSE163603_interstitium,interstitium only,sex,COL6A5,0.025371964850311804,0.5468964992987896,0.046392626178523355,13,0.9637024221897659,-0.12229167837818855,0.7610180151817167,-0.16069485339185777,12,0.8750072547111489,True,0.8750072547111489,1.0
GSE163603_interstitium,interstitium only,sex,COL6A6,0.11136493088230001,0.5460689404953631,0.2039393245498929,13,0.8415588091589495,-0.003945053265296761,0.7609073120791376,-0.005184669936364678,12,0.9959484458080526,True,0.9959484458080526,1.0
GSE163603_interstitium,interstitium only,sex,COL7A1,-0.6964566578329653,0.5116968011993209,-1.3610729170098426,13,0.19661837975155458,-0.5559226333870966,0.7119497609679352,-0.7808453122187848,12,0.4500234531566447,False,0.4500234531566447,1.0
GSE163603_interstitium,interstitium only,sex,COL8A1,0.4258414565779555,0.5340374477469112,0.7973999920315861,13,0.43954112566366166,-0.10293219704539436,0.709723112043428,-0.14503148523518272,12,0.8870935035760052,True,0.8870935035760052,1.0
GSE163603_interstitium,interstitium only,sex,COL8A2,0.5269759165595687,0.527051688623764,0.999856234092726,13,0.33562826490219727,0.4623344837334473,0.7354551783121618,0.6286371996108385,12,0.541367773857959,False,0.541367773857959,1.0
GSE163603_interstitium,interstitium only,sex,COL9A1,0.14468254843207157,0.545467749104317,0.265244918090294,13,0.7949802492301871,0.30499200174919605,0.7585346348097309,0.40208052177564646,12,0.6946942586193491,False,0.6946942586193491,1.0
GSE163603_interstitium,interstitium only,sex,COL9A2,-0.18898244134839065,0.544424503895973,-0.3471233201224551,13,0.7340537258365812,0.535991662742035,0.6924077784711203,0.7740982689789219,12,0.453854221394936,True,0.453854221394936,1.0
GSE163603_interstitium,interstitium only,sex,COL9A3,0.7777306062445369,0.5026104159592424,1.547382588083102,13,0.14576246255207106,1.2032496718807426,0.6772397174163487,1.77669684889585,12,0.10095340269296113,False,0.10095340269296113,0.9704464773356767
GSE163603_interstitium,interstitium only,sex,COLEC10,0.829212296678466,0.4962393851549187,1.6709925118490907,13,0.1186079448327608,1.0620223105070286,0.6855886406314515,1.5490663753251048,12,0.14732462986500877,False,0.14732462986500877,0.9704464773356767
GSE163603_interstitium,interstitium only,sex,COLEC11,0.7753113859379702,0.5028978443231886,1.5416876303802851,13,0.14713300456882777,0.75229615018261,0.7021879040589212,1.0713601670351247,12,0.30508236351769863,False,0.30508236351769863,1.0
GSE163603_interstitium,interstitium only,sex,COLGALT1,0.37264980095268097,0.5370876604241703,0.693834225605513,13,0.49999701365221577,0.03868484761580915,0.7359285234145221,0.052566039207613866,12,0.9589426149469723,False,0.9589426149469723,1.0
GSE163603_interstitium,interstitium only,sex,COLGALT2,0.159824746394833,0.5451425317734462,0.29317974122271195,13,0.7740124804594658,0.4644234392805525,0.7497369023224852,0.6194485530082519,12,0.5472021971947226,False,0.5472021971947226,1.0
GSE163603_interstitium,interstitium only,sex,COMP,0.7524618590716741,0.5055606209965398,1.4883711820522196,13,0.16050567844366634,0.7357063244238471,0.7059397040050187,1.0421659530551306,12,0.31787651813121226,False,0.31787651813121226,1.0
GSE163603_interstitium,interstitium only,sex,CPB2,-0.13143441767920028,0.5457256201776902,-0.24084340705207272,13,0.8134331850856108,-0.085992637323555,0.7618102803670204,-0.11287933431684065,12,0.9119926006822558,False,0.9119926006822558,1.0
GSE163603_interstitium,interstitium only,sex,CPN1,-0.06629080574254467,0.5466326581171514,-0.12127121341575163,13,0.905330659425612,-0.05640123311741761,0.7633189533286046,-0.07388947028168079,12,0.9423157418609872,False,0.9423157418609872,1.0
GSE163603_interstitium,interstitium only,sex,CPN2,1.176024628877912,0.43904222340852006,2.6786139605156936,13,0.018950851118538874,1.174744099814799,0.6130888489609121,1.9161074317463174,12,0.07947544961250522,False,0.07947544961250522,0.9704464773356767
GSE163603_interstitium,interstitium only,sex,CR1,-0.27988985248746323,0.5414049074372962,-0.5169695520720399,13,0.6138597596443607,-0.716500850846598,0.7320106663672908,-0.9788120361720102,12,0.34699439481555006,False,0.34699439481555006,1.0
GSE163603_interstitium,interstitium only,sex,CR2,0.037264525572791425,0.5468441096962098,0.06814469592347464,13,0.9467074301380147,-0.11421740670503766,0.7608038618064885,-0.15012726990348665,12,0.883158054006687,True,0.883158054006687,1.0
GSE163603_interstitium,interstitium only,sex,CREBBP,-0.05108803951107307,0.5467582014514702,-0.09343808538299099,13,0.9269802470988799,0.06847709703750116,0.7617488881278845,0.08989458088451456,12,0.9298539876909554,True,0.9298539876909554,1.0
GSE163603_interstitium,interstitium only,sex,CRP,-0.26355822342947827,0.5420350507933814,-0.48623834020273377,13,0.6348920846271459,-0.6360261939254845,0.7395279371441777,-0.8600434979936199,12,0.4066197057023594,False,0.4066197057023594,1.0
GSE163603_interstitium,interstitium only,sex,CRTAP,0.28291145562679676,0.5412840855967492,0.5226672336299995,13,0.6099982883599318,-0.6048313890739815,0.6508157342059919,-0.9293435258013357,12,0.37102882067917176,True,0.37102882067917176,1.0
GSE163603_interstitium,interstitium only,sex,CTRB1,0.06402161377515907,0.5466534636986504,0.1171155366728853,13,0.9085585390584066,-0.4927980818834174,0.7242820484814816,-0.6803952726932969,12,0.5091691478461833,True,0.5091691478461833,1.0
GSE163603_interstitium,interstitium only,sex,CTRB2,0.18008228611106075,0.5446565084893769,0.3306345986951024,13,0.74618877728277,0.28401058456551775,0.759238884847189,0.3740727592247599,12,0.7148760997679319,False,0.7148760997679319,1.0
GSE163603_interstitium,interstitium only,sex,CTSB,0.5857260515143125,0.5222594316610755,1.1215231664680096,13,0.2823546174621305,1.102742717741075,0.6940836862390278,1.5887748690887882,12,0.13809647354099916,False,0.13809647354099916,0.9704464773356767
GSE163603_interstitium,interstitium only,sex,CTSD,0.20695556490893185,0.543921535846013,0.3804879036220438,13,0.709727798987497,0.48578185077616065,0.7498878077014893,0.6478060394996282,12,0.5293100705795466,False,0.5293100705795466,1.0
GSE163603_interstitium,interstitium only,sex,CTSG,0.3141712259797445,0.5399562182860665,0.5818457410806184,13,0.5706233000529625,0.7296847205849301,0.7322265017813654,0.996528695437475,12,0.33866414129619693,False,0.33866414129619693,1.0
GSE163603_interstitium,interstitium only,sex,CTSK,-0.1301781156274033,0.5457487832257191,-0.23853120635096728,13,0.8151879410214237,-0.038936744923495026,0.7610719065016799,-0.05116040231003992,12,0.960039454422978,False,0.960039454422978,1.0
GSE163603_interstitium,interstitium only,sex,CTSL,0.9839267912499636,0.47399910405217494,2.075798841893294,13,0.05831486276463614,0.7104509907217167,0.6512246952672595,1.0909460219873128,12,0.29671756443952424,False,0.29671756443952424,1.0
GSE163603_interstitium,interstitium only,sex,CTSS,1.131903742545274,0.4478738495552661,2.527282500796245,13,0.025254252288984796,1.2636675676683042,0.6228138575634466,2.0289650789274116,12,0.06524724056756855,False,0.06524724056756855,0.9704464773356767
GSE163603_interstitium,interstitium only,sex,CTSV,0.6397696204019824,0.5173589530341425,1.236606840666313,13,0.23810861347760756,0.15954360393676525,0.6918792276929944,0.23059458580473396,12,0.8215142221674883,False,0.8215142221674883,1.0
GSE163603_interstitium,interstitium only,sex,CUL2,1.3896731749953684,0.38806198509508383,3.5810598006781507,13,0.0033511098354779933,1.4208828734998316,0.5417305325048042,2.622859130590412,12,0.022267152285396084,False,0.022267152285396084,0.8976864134382039
GSE163603_interstitium,interstitium only,sex,CX3CL1,0.7888918288851404,0.5012705834029811,1.5737844090702107,13,0.1395505993197885,1.1302674807718838,0.6842002888315057,1.6519541122997516,12,0.12444974750388531,False,0.12444974750388531,0.9704464773356767
GSE163603_interstitium,interstitium only,sex,CX3CR1,0.795893430248708,0.5004184815328863,1.59045570781223,13,0.1357465519601108,0.7679809510895576,0.6986918476832068,1.0991697607981352,12,0.29325736333004787,False,0.29325736333004787,1.0
GSE163603_interstitium,interstitium only,sex,CXADR,0.6596769705788994,0.5154322445494531,1.2798519641617156,13,0.2229659107247723,0.3798214437324493,0.7094874511039928,0.5353462462816374,12,0.602190831806195,False,0.602190831806195,1.0
GSE163603_interstitium,interstitium only,sex,CXCL1,0.08350121338839492,0.5464512390275412,0.15280633920236467,13,0.8808972752566251,0.26299460456173657,0.7591090919039162,0.34645165940790096,12,0.735002366477706,False,0.735002366477706,1.0
GSE163603_interstitium,interstitium only,sex,CXCL10,1.1597502174680048,0.44235978412737265,2.621735200806743,13,0.02111641081092221,1.6137564379532634,0.5856043367760352,2.75571121422628,12,0.017417016582717486,False,0.017417016582717486,0.8658745386836693
GSE163603_interstitium,interstitium only,sex,CXCL11,0.7647250050415118,0.5041431844497803,1.5168805780368315,13,0.15323213404515415,1.1269011166695084,0.6863075260873233,1.6419769182687436,12,0.12652289767456704,False,0.12652289767456704,0.9704464773356767
GSE163603_interstitium,interstitium only,sex,CXCL12,0.6915700126121784,0.5122063741639602,1.350178458323525,13,0.19999776053471055,1.3283585511160445,0.6599710508517156,2.0127527554454874,12,0.06713478883957057,False,0.06713478883957057,0.9704464773356767
GSE163603_interstitium,interstitium only,sex,CXCL13,0.6067072878711812,0.520413678331803,1.1658173355781005,13,0.2646325699141372,0.41904859153429874,0.7221608639539026,0.5802704251237959,12,0.5724676109146695,False,0.5724676109146695,1.0
GSE163603_interstitium,interstitium only,sex,CXCL16,1.0095940652598854,0.46982883235697237,2.1488550632260974,13,0.051062971098914244,1.788865690525571,0.5626537629640401,3.1793365801054807,12,0.007930957046902411,False,0.007930957046902411,0.7885637292348683
GSE163603_interstitium,interstitium only,sex,CXCL2,-0.24573345619018538,0.5426788225232387,-0.4528156360471622,13,0.6581462538125044,-0.0433260258885344,0.7527243516981567,-0.057558953408097246,12,0.9550472950877968,False,0.9550472950877968,1.0
GSE163603_interstitium,interstitium only,sex,CXCL3,-0.04842793360395148,0.5467768229948008,-0.08856983611467374,13,0.9307736825882551,0.8885628308159204,0.6468118747026339,1.3737577579639046,12,0.19463567241419583,True,0.19463567241419583,1.0
GSE163603_interstitium,interstitium only,sex,CXCL5,0.4646240103360546,0.5315444418722115,0.8741019070758241,13,0.3979232927977416,0.9769243022114404,0.7083377299976993,1.3791786895420826,12,0.193002083734231,False,0.193002083734231,1.0
GSE163603_interstitium,interstitium only,sex,CXCL6,0.369808041382247,0.5372387308778325,0.6883495551000044,13,0.503331741854162,0.8968040873252678,0.7146651167716711,1.2548591868823344,12,0.2334191596920113,False,0.2334191596920113,1.0
GSE163603_interstitium,interstitium only,sex,CXCL8,0.142222560109621,0.5455175123949703,0.26071126385150367,13,0.7983993726937824,0.5364081967868541,0.7424049168494367,0.722527807417041,12,0.4838140144137184,False,0.4838140144137184,1.0
GSE163603_interstitium,interstitium only,sex,CXCL9,0.3904136954153113,0.5361160921437309,0.7282260337573353,13,0.47938801179387935,-0.30626592498699423,0.685174749804695,-0.4469895089891937,12,0.6628432619828848,True,0.6628432619828848,1.0
GSE163603_interstitium,interstitium only,sex,CXCR1,0.29932289646441335,0.5406046965091708,0.5536816427922684,13,0.5891936181495058,-0.02147133471923679,0.7420234348479323,-0.028936194883975665,12,0.9773911529520878,True,0.9773911529520878,1.0
GSE163603_interstitium,interstitium only,sex,CXCR2,-0.00457074388002419,0.5469403002992946,-0.00835693379610719,13,0.9934590934957743,-0.016832326332789048,0.7637421093717399,-0.022039280178796805,12,0.9827788572821713,False,0.9827788572821713,1.0
GSE163603_interstitium,interstitium only,sex,CXCR3,0.3211071297417684,0.5396422675552256,0.5950370255400855,13,0.5620338129377043,1.0410089390508463,0.6860709691398319,1.5173487669300763,12,0.15507326374096372,False,0.15507326374096372,0.9770985371319169
GSE163603_interstitium,interstitium only,sex,CXCR4,0.06519312550455601,0.5466428130152432,0.11926092130427057,13,0.906891918562649,-0.48777806773295396,0.7248190104696164,-0.6729653343624616,12,0.5137208609191976,True,0.5137208609191976,1.0
GSE163603_interstitium,interstitium only,sex,CXCR5,0.5032011318619559,0.5288359866276511,0.9515258881507539,13,0.358694370686048,0.5739625117494765,0.7378433313052222,0.777892118011224,12,0.45169763743053326,False,0.45169763743053326,1.0
GSE163603_interstitium,interstitium only,sex,CXCR6,0.4700758421769083,0.5311755896478446,0.8849725991522994,13,0.3922461772068428,-0.1985723411101602,0.6829042319634784,-0.2907762638096813,12,0.7761867990573202,True,0.7761867990573202,1.0
GSE163603_interstitium,interstitium only,sex,DAG1,1.1803668590298653,0.4381449502858491,2.694009957800004,13,0.018402934827643026,1.160714294384971,0.6117769431587942,1.8972834909270087,12,0.08210923429978771,False,0.08210923429978771,0.9704464773356767
GSE163603_interstitium,interstitium only,sex,DCN,0.7500648772699007,0.5058345403523368,1.482826532066091,13,0.16195368020008644,0.5981865013070603,0.7032913088562864,0.850552955474239,12,0.41166802189633067,False,0.41166802189633067,1.0
GSE163603_interstitium,interstitium only,sex,DDR1,-0.8824212322769761,0.48912965543328335,-1.8040640604694171,13,0.0944310679318456,-0.26931825571327206,0.6293273293219412,-0.42794622633573653,12,0.6762701076639785,False,0.6762701076639785,1.0
GSE163603_interstitium,interstitium only,sex,DDR2,0.3192315971724943,0.5397278570835196,0.5914677054052727,13,0.5643510621422622,0.5228174921972019,0.7485156366542374,0.698472371978927,12,0.4981949935404068,False,0.4981949935404068,1.0
GSE163603_interstitium,interstitium only,sex,DMD,-0.7858876119394609,0.5016334510905334,-1.5666571083546543,13,0.141204693293721,-0.5688174680850773,0.694158149246025,-0.8194349784741571,12,0.42851352073421684,False,0.42851352073421684,1.0
GSE163603_interstitium,interstitium only,sex,DMP1,-0.44428887834529424,0.532880148270305,-0.8337501026965023,13,0.4194780934919443,-0.8129038878899124,0.7268063703515465,-1.1184600480272644,12,0.2852609350923186,False,0.2852609350923186,1.0
GSE163603_interstitium,interstitium only,sex,DOK2,0.2130600508706246,0.5437402026429036,0.3918416365665532,13,0.7015231696939009,0.11879301441286017,0.7581938862430309,0.15667894000240243,12,0.8781030277259827,False,0.8781030277259827,1.0
GSE163603_interstitium,interstitium only,sex,DRP2,-0.36620282113839947,0.5374286630785499,-0.6813980092551851,13,0.507577171509708,0.0818291151789412,0.7249691661783454,0.1128725454770733,12,0.9119978693713412,True,0.9119978693713412,1.0
GSE163603_interstitium,interstitium only,sex,DSPP,-0.35204959156203586,0.5381556805044637,-0.6541779717572187,13,0.5244017306430404,-0.5831694874731969,0.7447999193856436,-0.7829881184120302,12,0.4488111714254787,False,0.4488111714254787,1.0
GSE163603_interstitium,interstitium only,sex,DST,-0.060618966550175915,0.546683302342638,-0.11088497909193962,13,0.9134012101385686,0.025326112045348292,0.7624940361191151,0.03321483296348288,12,0.9740493512341654,True,0.9740493512341654,1.0
GSE163603_interstitium,interstitium only,sex,DTNA,0.6351675332385688,0.51779496191569,1.2266777005489482,13,0.24169772167141382,0.17717155576395904,0.6953327296388255,0.2548011163748709,12,0.8031909865846601,False,0.8031909865846601,1.0
GSE163603_interstitium,interstitium only,sex,DTNB,-0.4408413539722857,0.5331003505991929,-0.8269387808070091,13,0.42319108765911034,-0.4663594733833954,0.7443521164234628,-0.6265307279896051,12,0.5427021956722397,False,0.5427021956722397,1.0
GSE163603_interstitium,interstitium only,sex,E2F4,0.8784574832345383,0.48967817838611977,1.7939486013645871,13,0.09610122123569734,1.3983772441613953,0.6456747217196903,2.165761175281815,12,0.05118145093598322,False,0.05118145093598322,0.9042280104533843
GSE163603_interstitium,interstitium only,sex,E2F5,0.6401491073845124,0.5173228428988035,1.2374267175163878,13,0.23781414068345394,1.1956482640631596,0.6811799176280824,1.755260589928272,12,0.10468508248069158,False,0.10468508248069158,0.9704464773356767
GSE163603_interstitium,interstitium only,sex,EFEMP1,1.0209236203302696,0.46794179867722746,2.1817320513281886,13,0.04808235737198319,1.5651804803808351,0.6094671162007633,2.568113092200453,12,0.02463098337040341,False,0.02463098337040341,0.8976864134382039
GSE163603_interstitium,interstitium only,sex,EFEMP2,0.6541315783828607,0.5159756081780519,1.2677567854276055,13,0.22712163385059544,0.5439866144148939,0.7189404574467753,0.756650441326939,12,0.4638564204022242,False,0.4638564204022242,1.0
GSE163603_interstitium,interstitium only,sex,EGLN1,0.7318268987514935,0.5078853807059425,1.4409292461505396,13,0.17325493374786216,-0.2492916789467614,0.5679008980145902,-0.43897039046477565,12,0.6684827504545301,True,0.6684827504545301,1.0
GSE163603_interstitium,interstitium only,sex,EGLN2,0.10794447745062674,0.5461217727461947,0.1976564254302181,13,0.8463709857431018,0.058517453240782474,0.7623171672874093,0.07676260715603193,12,0.9400774106712206,False,0.9400774106712206,1.0
GSE163603_interstitium,interstitium only,sex,EGLN3,0.7020415239279202,0.5111093957544218,1.3735641132006065,13,0.19280140048338298,0.3576551470136522,0.697972863027068,0.5124198460417537,12,0.6176574676586345,False,0.6176574676586345,1.0
GSE163603_interstitium,interstitium only,sex,ELANE,-1.044996705544075,0.46383607634021534,-2.252944000797361,13,0.042177509812140086,6.661338147750939e-16,0.46344063228909754,1.4373660148977937e-15,12,0.9999999999999989,True,0.9999999999999989,1.0
GSE163603_interstitium,interstitium only,sex,ELN,-0.37097194773886577,0.5371770015467414,-0.6905953655325774,13,0.5019646819683806,-1.2770817564477661,0.6393326564960086,-1.9975231101865967,12,0.06895395240918056,False,0.06895395240918056,0.9704464773356767
GSE163603_interstitium,interstitium only,sex,EMILIN1,0.07711527272255245,0.5465234264527715,0.1411014953614554,13,0.8899527980284975,-0.06577197309374569,0.7606662705152575,-0.08646626732797459,12,0.9325217943261399,True,0.9325217943261399,1.0
GSE163603_interstitium,interstitium only,sex,EMILIN2,1.1328795812450292,0.4476840183129662,2.5305338919940126,13,0.025099590803023847,1.3521632780828714,0.6179036415975456,2.1883076697637676,12,0.049156752256803556,False,0.049156752256803556,0.9042280104533843
GSE163603_interstitium,interstitium only,sex,EMILIN3,0.4250597902079566,0.5340853478062542,0.7958649155118783,13,0.44040177831139443,0.6559600289488471,0.7390774059586729,0.8875390096629832,12,0.3922305581728868,False,0.3922305581728868,1.0
GSE163603_interstitium,interstitium only,sex,EP300,0.3089730950496268,0.5401868989543088,0.5719744326412495,13,0.5770964876224092,0.15522098004478707,0.7513862063884423,0.20657949097956005,12,0.8398019060851107,False,0.8398019060851107,1.0
GSE163603_interstitium,interstitium only,sex,EPAS1,-0.04813363188997036,0.5467788219950599,-0.08803126594103025,13,0.9311934569698216,-0.373675355634254,0.7504099154792304,-0.49796164459742737,12,0.6275113089413099,False,0.6275113089413099,1.0
GSE163603_interstitium,interstitium only,sex,EPCAM,0.7650612478301035,0.5041039404388387,1.517665676574742,13,0.15303585980837242,1.2094747666198555,0.6771289710631578,1.786180799088929,12,0.09934086091935779,False,0.09934086091935779,0.9704464773356767
GSE163603_interstitium,interstitium only,sex,EPO,0.1583792997408008,0.5451749815286905,0.29051094622262286,13,0.7760080117214204,-0.18002217592181402,0.747060282496253,-0.24097409558473878,12,0.8136432281464279,True,0.8136432281464279,1.0
GSE163603_interstitium,interstitium only,sex,ESAM,0.5389822996796206,0.5261169049322196,1.0244534905204357,13,0.3243072355784875,0.12127978901933478,0.7120701582628013,0.1703199995281567,12,0.8675963431039302,False,0.8675963431039302,1.0
GSE163603_interstitium,interstitium only,sex,F10,0.7081580738557846,0.5104599005814987,1.3872942283009395,13,0.1886763021916224,0.591728826639521,0.7110333662331789,0.8322096468894362,12,0.42154383291354286,False,0.42154383291354286,1.0
GSE163603_interstitium,interstitium only,sex,F11,-0.031890025985125615,0.5468702500545584,-0.05831369686309342,13,0.9543855949241502,-0.3757059559768725,0.7490103643795369,-0.5016031470914274,12,0.6250222983842314,False,0.6250222983842314,1.0
GSE163603_interstitium,interstitium only,sex,F11R,-0.1478785040445876,0.5454018163724249,-0.2711368015386467,13,0.7905433835602265,0.3147306213673517,0.734797097839338,0.42832316879423354,12,0.676003185977181,True,0.676003185977181,1.0
GSE163603_interstitium,interstitium only,sex,F12,0.6205105857734055,0.5191602318116939,1.1952197948753376,13,0.2533501876600776,0.7886112814433268,0.7213043598554091,1.0933127890720222,12,0.29571858313989463,False,0.29571858313989463,1.0
GSE163603_interstitium,interstitium only,sex,F13A1,0.5022877029183446,0.5289027795195739,0.9496786978026378,13,0.35959762680223456,0.12933599803438856,0.7207006730952272,0.1794586891100339,12,0.8605721094212745,False,0.8605721094212745,1.0
GSE163603_interstitium,interstitium only,sex,F13B,0.02940840497730607,0.5468809485552928,0.05377478417376741,13,0.9579322048538252,-0.25592477949973874,0.7536168043409875,-0.339595372642382,12,0.7400309513645537,True,0.7400309513645537,1.0
GSE163603_interstitium,interstitium only,sex,F2,-0.20528458413635306,0.5439702429930444,-0.37738201083726924,13,0.7119788626600593,-0.5636450602831014,0.7435945810545586,-0.7580004946831987,12,0.4630775646015706,False,0.4630775646015706,1.0
GSE163603_interstitium,interstitium only,sex,F2R,-0.17535234154023316,0.5447752144201841,-0.32188017534326413,13,0.7526606808727578,-0.8193043156919486,0.7077921054876795,-1.1575493839782736,12,0.2695693917526937,False,0.2695693917526937,1.0
GSE163603_interstitium,interstitium only,sex,F3,0.8207639458398155,0.4973186127855558,1.6503784992936301,13,0.12280448038314715,0.863325974350024,0.6942230577695885,1.2435858542695661,12,0.237398680239398,False,0.237398680239398,1.0
GSE163603_interstitium,interstitium only,sex,F5,-0.2955390834725568,0.540764810176582,-0.5465205536877504,13,0.5939647350326086,-0.5981312931825207,0.7436826926493223,-0.8042829275100056,12,0.43687781876775916,False,0.43687781876775916,1.0
GSE163603_interstitium,interstitium only,sex,F7,0.1582980122621358,0.5451767975904518,0.29036087552106826,13,0.7761202730121948,-0.48813707310163545,0.7079706274326814,-0.6894877473543927,12,0.5036315194956178,True,0.5036315194956178,1.0
GSE163603_interstitium,interstitium only,sex,F8,-0.057786303861201795,0.5467068988304816,-0.10569887445140819,13,0.9174348397513324,0.3977139032167169,0.7375160083345563,0.5392613837831485,12,0.5995693912717259,True,0.5995693912717259,1.0
GSE163603_interstitium,interstitium only,sex,F9,0.002971931564369479,0.5469411483255457,0.005433731898702473,13,0.9957470299095169,-0.18019243334230298,0.7596325008644396,-0.23721001028424832,12,0.8164952057847957,True,0.8164952057847957,1.0
GSE163603_interstitium,interstitium only,sex,FBLN1,0.22064300147189814,0.5435075227552661,0.40596126499476365,13,0.6913739749975055,0.44622641555163467,0.7526548719936837,0.5928698958257449,12,0.5642744197338209,False,0.5642744197338209,1.0
GSE163603_interstitium,interstitium only,sex,FBLN2,0.5458235822829602,0.5255740821610568,1.0385283460680585,13,0.3179555599973803,-0.06252593155351116,0.6850205207343807,-0.09127599781460537,12,0.9287792617980916,True,0.9287792617980916,1.0
GSE163603_interstitium,interstitium only,sex,FBLN5,-0.4505136473543552,0.5324779766075101,-0.8460700106784494,13,0.412816870001332,-0.3057247618536262,0.7409171578925695,-0.41263015520279694,12,0.6871542833029405,False,0.6871542833029405,1.0
GSE163603_interstitium,interstitium only,sex,FBN1,0.2542735536266956,0.542376100620433,0.4688140818443658,13,0.6469669831025779,-0.7388180160774857,0.6234715630896545,-1.1850067586342259,12,0.25895260136554654,True,0.25895260136554654,1.0
GSE163603_interstitium,interstitium only,sex,FBN2,0.35056417598312595,0.5382302658075288,0.651327504701283,13,0.5261819349043029,0.1007536388877851,0.7437728500877803,0.13546291569515362,12,0.8944916793760551,False,0.8944916793760551,1.0
GSE163603_interstitium,interstitium only,sex,FBN3,0.1103995737976341,0.5460840188239697,0.20216591218946003,13,0.842916433440999,0.018511959383180954,0.7615260982944756,0.02430902817991477,12,0.9810056730720401,False,0.9810056730720401,1.0
GSE163603_interstitium,interstitium only,sex,FCAMR,0.3090772419048293,0.5401823159057856,0.5721720848757592,13,0.5769664964853453,0.7694679534614735,0.7275036740439031,1.0576825669955832,12,0.31102777298890866,False,0.31102777298890866,1.0
GSE163603_interstitium,interstitium only,sex,FCER1G,1.3602298860957864,0.3960053948603703,3.4348771601341372,13,0.0044350354369201575,1.1811470593262856,0.5475274270261771,2.15723816018045,12,0.05196712703755082,False,0.05196712703755082,0.9042280104533843
GSE163603_interstitium,interstitium only,sex,FCN1,0.8514537068894349,0.49333367346850854,1.7259184861699626,13,0.10803474511220534,1.0415312293130103,0.6839686005128204,1.5227763796935994,12,0.15372300735801234,False,0.15372300735801234,0.9770985371319169
GSE163603_interstitium,interstitium only,sex,FCN2,0.3616545474002437,0.5376655292332424,0.6726385229047405,13,0.5129565772290611,0.24261336002565043,0.7490375196079136,0.32390014341691087,12,0.7515892565441055,False,0.7515892565441055,1.0
GSE163603_interstitium,interstitium only,sex,FCN3,0.48132667567811344,0.5303999594043337,0.9074787189249938,13,0.3806680875169145,0.1894070481401785,0.7297971139973273,0.2595338409914186,12,0.7996223823772655,False,0.7996223823772655,1.0
GSE163603_interstitium,interstitium only,sex,FGA,-0.3879147924563951,0.5362556080167511,-0.7233766633994394,13,0.4822622475166123,-0.5650064638292335,0.7449036022461599,-0.7584960820776406,12,0.46279186318045457,False,0.46279186318045457,1.0
GSE163603_interstitium,interstitium only,sex,FGB,0.44101335623640264,0.5330894071722212,0.8272784082800726,13,0.4230054410112261,1.399104578632077,0.6180986111216938,2.263562081288378,12,0.04293405816314402,False,0.04293405816314402,0.9042280104533843
GSE163603_interstitium,interstitium only,sex,FGF2,-0.4532867182898435,0.5322969125122465,-0.851567438463049,13,0.4098672146980197,-1.0543562632695682,0.6962558034802918,-1.514323123770433,12,0.15583037014603845,False,0.15583037014603845,0.9770985371319169
GSE163603_interstitium,interstitium only,sex,FGG,0.26035078157911495,0.5421542754760177,0.4802153065204991,13,0.6390539665627365,0.5663731787300698,0.7453902560041128,0.7598344278959084,12,0.46202087423997484,False,0.46202087423997484,1.0
GSE163603_interstitium,interstitium only,sex,FKBP1A,0.19240877667928,0.5443321773969154,0.35347676413217,13,0.7293973965369412,0.45926690421704197,0.7512840184897924,0.6113092957045005,12,0.552399512898924,False,0.552399512898924,1.0
GSE163603_interstitium,interstitium only,sex,FMOD,0.6771240866433589,0.5136889106615379,1.3181598290127505,13,0.21020471958077785,0.33729681297486136,0.7020725005579995,0.48043017310431835,12,0.6395609540474185,False,0.6395609540474185,1.0
GSE163603_interstitium,interstitium only,sex,FN1,0.10729371701514437,0.5461316372153655,0.19646127362666116,13,0.8472871051062988,-0.2219131459867359,0.7491901126084627,-0.29620405055013166,12,0.7721379247084542,True,0.7721379247084542,1.0
GSE163603_interstitium,interstitium only,sex,FURIN,0.4609888554903311,0.5317878527269052,0.8668660879079306,13,0.40173269885481094,0.11346401268136241,0.7271943964863375,0.1560298226025923,12,0.8786036161811857,False,0.8786036161811857,1.0
GSE163603_interstitium,interstitium only,sex,FYN,0.17672264711053853,0.5447411520012285,0.32441581925894225,13,0.7507841213463856,0.18925633462020056,0.7606702598597399,0.24880206918448153,12,0.8077210908352506,False,0.8077210908352506,1.0
GSE163603_interstitium,interstitium only,sex,GAS6,0.563619109670534,0.5241272884228295,1.0753477678419316,13,0.30177248674025287,-0.19771491919256512,0.6534545327016185,-0.30256874701769965,12,0.7673990779802453,True,0.7673990779802453,1.0
GSE163603_interstitium,interstitium only,sex,GDF5,-0.2213956996602633,0.5434839770521038,-0.4073638028137085,13,0.6903691696514784,-0.6039492048685307,0.7406354217116796,-0.815447367441252,12,0.43070453046218327,False,0.43070453046218327,1.0
GSE163603_interstitium,interstitium only,sex,GLG1,0.2004771685159896,0.5441081477478465,0.3684509584092752,13,0.7184674421395393,0.11942104398293105,0.7589945824547072,0.15734110195715062,12,0.8775924362387735,False,0.8775924362387735,1.0
GSE163603_interstitium,interstitium only,sex,GP1BA,0.3072931911313193,0.5402606054612206,0.568786966928642,13,0.5791949371945669,0.01993833756202179,0.7441011794846111,0.026795196825022825,12,0.9790635375939768,False,0.9790635375939768,1.0
GSE163603_interstitium,interstitium only,sex,GP1BB,,,,13,,,,,12,,True,1.0,1.0
GSE163603_interstitium,interstitium only,sex,GP5,0.47227145074071636,0.5310257538086184,0.8893569612273888,13,0.38997210466024923,-0.19000651270583213,0.6838402707819109,-0.2778521839443244,12,0.7858550376244336,True,0.7858550376244336,1.0
GSE163603_interstitium,interstitium only,sex,GP6,-1.0614012826208896,0.4609618878071591,-2.302579260229256,13,0.03847424515634104,4.440892098500626e-16,0.4506828739873024,9.853696146052678e-16,12,0.9999999999999992,True,0.9999999999999992,1.0
GSE163603_interstitium,interstitium only,sex,GP9,0.5979713328713866,0.5211908829382148,1.1473173312248324,13,0.2719276372206802,0.8275132282602407,0.7209844646501951,1.1477545894996932,12,0.27343729888270785,False,0.27343729888270785,1.0
GSE163603_interstitium,interstitium only,sex,GPC1,-0.15240906775255103,0.5453058679419981,-0.27949280708778684,13,0.7842639581466238,0.5453591689652817,0.698969926900324,0.7802326652074291,12,0.45037043990741454,True,0.45037043990741454,1.0
GSE163603_interstitium,interstitium only,sex,GPC2,-0.09858921009117318,0.5462578326523452,-0.18048109189112221,13,0.8595580501699103,-0.6468900348895636,0.724918286441573,-0.8923626938216322,12,0.3897425208757269,False,0.3897425208757269,1.0
GSE163603_interstitium,interstitium only,sex,GPC3,-0.15848401219544286,0.545172640741326,-0.29070426567983354,13,0.7758634056570499,0.7059496353838444,0.6629156951981093,1.0649161582648523,12,0.3078727847324444,True,0.3078727847324444,1.0
GSE163603_interstitium,interstitium only,sex,GPC4,-0.7427656934020932,0.5066623829301381,-1.4659973158191035,13,0.16641631416645516,-0.09688006649033154,0.6498916497901552,-0.1490711051936324,12,0.883973461062404,False,0.883973461062404,1.0
GSE163603_interstitium,interstitium only,sex,GPC5,-0.3095571513201413,0.540161176726657,-0.5730829327572897,13,0.5763676532644317,-0.3936377152213214,0.7534148590673356,-0.5224713987040445,12,0.6108522716239668,False,0.6108522716239668,1.0
GSE163603_interstitium,interstitium only,sex,GPC6,0.1609770295953168,0.5451164508497637,0.2953075977515907,13,0.7724226194570885,0.048845556528648054,0.7596635884488374,0.06429893083119352,12,0.9497909116707557,False,0.9497909116707557,1.0
GSE163603_interstitium,interstitium only,sex,GRB14,-0.15716837241723433,0.5452019380010004,-0.2882755204310113,13,0.7776807760616055,0.9533063710358527,0.5902640464391689,1.6150507163476677,12,0.13226981382960004,True,0.13226981382960004,0.9704464773356767
GSE163603_interstitium,interstitium only,sex,GRB2,0.18770416722059466,0.5444585196107097,0.3447538434237451,13,0.7357930921246285,0.9327380988522267,0.6884560536512628,1.3548259092289205,12,0.20043070346672612,False,0.20043070346672612,1.0
GSE163603_interstitium,interstitium only,sex,GRB7,0.09586088588482417,0.5462951850311097,0.17547452093938043,13,0.8634105076748292,1.0450383293297665,0.6426733974790874,1.6260799551202398,12,0.1298887632568966,False,0.1298887632568966,0.9704464773356767
GSE163603_interstitium,interstitium only,sex,GYPA,0.17943855907607645,0.5446728511688738,0.3294428181815917,13,0.7470686634040203,-0.29893745079008427,0.7318438546458788,-0.4084716280561415,12,0.6901223055267036,True,0.6901223055267036,1.0
GSE163603_interstitium,interstitium only,sex,GYPB,0.5853876476687045,0.5222886168545413,1.1208125713981174,13,0.28264610589679856,0.19170074255515535,0.7091339929914621,0.2703307759179208,12,0.791498985580317,False,0.791498985580317,1.0
GSE163603_interstitium,interstitium only,sex,GYPC,0.2669835958763203,0.5419060838602542,0.4926750295447312,13,0.6304585999790289,0.4589155910941131,0.7521530381115753,0.6101359269202833,12,0.5531510177001744,False,0.5531510177001744,1.0
GSE163603_interstitium,interstitium only,sex,GZMM,0.6864346796675371,0.5127374736450354,1.3387644066420452,13,0.2035890335680031,0.7787593853488103,0.714881966341965,1.0893537982692507,12,0.2973910532566287,False,0.2973910532566287,1.0
GSE163603_interstitium,interstitium only,sex,HAPLN1,-0.6488415081422224,0.5164891529280697,-1.2562538912266084,13,0.23113092881884753,-0.429341236024246,0.7149477034415647,-0.6005211765245395,12,0.5593302031078979,False,0.5593302031078979,1.0
GSE163603_interstitium,interstitium only,sex,HDAC1,-0.22938330695551798,0.5432291050446566,-0.42225886799025864,13,0.6797360409267653,-0.6899521751685774,0.7318931873320265,-0.9426951734359807,12,0.364429330379797,False,0.364429330379797,1.0
GSE163603_interstitium,interstitium only,sex,HIF1A,0.36564879461591254,0.5374576797568359,0.6803303932345789,13,0.5082310423422446,0.3154114320473834,0.7502034831101677,0.42043450763486406,12,0.6815988697714377,False,0.6815988697714377,1.0
GSE163603_interstitium,interstitium only,sex,HIF1AN,1.0320474475938837,0.46606098600635776,2.214404291673118,13,0.04528264374894117,0.6556986245184004,0.6300855785942052,1.040650106579714,12,0.3185515246996345,False,0.3185515246996345,1.0
GSE163603_interstitium,interstitium only,sex,HIF3A,0.5000739904020168,0.5290641151354177,0.9452048931234343,13,0.36179188745198854,0.6139108507299778,0.7371515808723433,0.8328149415395368,12,0.42121546350023464,False,0.42121546350023464,1.0
GSE163603_interstitium,interstitium only,sex,HIGD1A,0.11968277185635158,0.5459335633720722,0.21922589099872528,13,0.8298785839032159,0.7402635685073091,0.7134245860507697,1.0376199292557453,12,0.31990403728463496,False,0.31990403728463496,1.0
GSE163603_interstitium,interstitium only,sex,HRAS,-1.0105092173488084,0.46967746793714216,-2.1514960506558656,13,0.0508172945628389,6.661338147750939e-16,0.4885717315719916,1.3634309390594334e-15,12,0.9999999999999989,True,0.9999999999999989,1.0
GSE163603_interstitium,interstitium only,sex,HSPG2,-0.025200884777129277,0.5468971077673175,-0.04607975507497332,13,0.9639470253106045,-0.7262068014858327,0.7007844374577225,-1.036277009975188,12,0.32050480008751486,False,0.32050480008751486,1.0
GSE163603_interstitium,interstitium only,sex,HTRA1,0.9019173404804566,0.48638651928351645,1.8543222411037377,13,0.08651289484248503,1.6735338907158743,0.5913366901456868,2.830086342695171,12,0.015173305838373119,False,0.015173305838373119,0.8123554510390532
GSE163603_interstitium,interstitium only,sex,IBSP,-0.3312535806803563,0.5391702994969595,-0.6143765355573417,13,0.5495684144789732,-0.40493634781568827,0.752234024402589,-0.5383116619024001,12,0.6002047560253522,False,0.6002047560253522,1.0
GSE163603_interstitium,interstitium only,sex,ICAM1,0.7875642830772345,0.5014311356131591,1.5706329885442525,13,0.1402799102213685,0.54911331989351,0.6925558979179088,0.7928794217829308,12,0.44324238994319554,False,0.44324238994319554,1.0
GSE163603_interstitium,interstitium only,sex,ICAM2,0.299561371225006,0.5405945355139941,0.554133184014124,13,0.5888934401783796,-0.4193217881237683,0.6877311205439873,-0.609717628878114,12,0.5534190608522517,True,0.5534190608522517,1.0
GSE163603_interstitium,interstitium only,sex,ICAM3,0.5841673755960093,0.5223937040333705,1.118251179303441,13,0.28369869049009944,1.3311610588555203,0.6538506610046151,2.0358793502024533,12,0.06445733306581393,False,0.06445733306581393,0.9704464773356767
GSE163603_interstitium,interstitium only,sex,ICAM4,0.8523492942966074,0.49321469575405646,1.728150644403416,13,0.10762323187752065,0.952725137812911,0.6873640336767286,1.3860561378470135,12,0.19094594874353793,False,0.19094594874353793,1.0
GSE163603_interstitium,interstitium only,sex,ICAM5,1.0470532327836037,0.46347918521068576,2.259115978008031,13,0.04169930786448097,1.2114943041335717,0.6432846182879963,1.8832943765355041,12,0.08411797320938777,False,0.08411797320938777,0.9704464773356767
GSE163603_interstitium,interstitium only,sex,IGLL1,0.3574210459824534,0.537883250470533,0.6644955864860753,13,0.5179870245455157,1.417422519733087,0.5945546878970602,2.3840069695632375,12,0.03451003583350195,False,0.03451003583350195,0.8976864134382039
GSE163603_interstitium,interstitium only,sex,INPP5D,0.6093899462830985,0.5201725144498455,1.1715150826983098,13,0.2624164220717083,-0.019671870005519843,0.6733740774674452,-0.029213880759273652,12,0.9771742539384751,True,0.9771742539384751,1.0
GSE163603_interstitium,interstitium only,sex,ITGA1,0.6023000386943606,0.5208073283395,1.1564738165545505,13,0.2682979302593622,0.152478881617776,0.7006996193718299,0.21760948258323842,12,0.8313896363551049,False,0.8313896363551049,1.0
GSE163603_interstitium,interstitium only,sex,ITGA10,-0.3062314979565892,0.5403069753210921,-0.5667731714449973,13,0.5805227712636898,-0.475785121545094,0.7509170013514973,-0.6336054726271717,12,0.5382277798319173,False,0.5382277798319173,1.0
GSE163603_interstitium,interstitium only,sex,ITGA11,0.27446856422921223,0.5416183652251295,0.5067563839256566,13,0.6208115232625038,-0.7201479177376308,0.6217288552965096,-1.1582990102561415,12,0.2692751218672667,True,0.2692751218672667,1.0
GSE163603_interstitium,interstitium only,sex,ITGA2,-0.20738661762991575,0.5439089063802527,-0.3812892475140488,13,0.7091474662425018,-0.31219793923956507,0.7581702889155205,-0.41177812399656283,12,0.6877619533516479,False,0.6877619533516479,1.0
GSE163603_interstitium,interstitium only,sex,ITGA2B,0.06577860889582966,0.5466374176939633,0.12033316192170368,13,0.9060591306060203,-0.37537509826996307,0.7390491852865376,-0.5079162601666707,12,0.6207186441714498,True,0.6207186441714498,1.0
GSE163603_interstitium,interstitium only,sex,ITGA3,0.07219657507517488,0.5465751087408759,0.13208902842555592,13,0.8969363832957021,0.06923739536954021,0.7632495264498013,0.09071397094943882,12,0.9292164944189641,False,0.9292164944189641,1.0
GSE163603_interstitium,interstitium only,sex,ITGA4,0.49472840021720654,0.5294505641851323,0.9344184966138133,13,0.3671208070828017,0.19173197957055566,0.727602998920245,0.2635118050022936,12,0.7966265352547598,False,0.7966265352547598,1.0
GSE163603_interstitium,interstitium only,sex,ITGA5,0.2327789172501461,0.5431179829730113,0.42859732976603243,13,0.6752325720664211,0.21371689115891232,0.7583780716296153,0.2818078464474506,12,0.7828918388190363,False,0.7828918388190363,1.0
GSE163603_interstitium,interstitium only,sex,ITGA6,-0.09650531510357542,0.5462864571918326,-0.17665697883058973,13,0.8625002978212739,-0.23377154505438139,0.7605284107799178,-0.3073804235855567,12,0.7638230310174059,False,0.7638230310174059,1.0
GSE163603_interstitium,interstitium only,sex,ITGA7,0.13964246941286376,0.5455687836226284,0.2559575870261941,13,0.8019890810542265,-0.6458104927167081,0.6817131095604866,-0.9473347125935049,12,0.3621555785545814,True,0.3621555785545814,1.0
GSE163603_interstitium,interstitium only,sex,ITGA8,0.4858707916791699,0.5300811594377968,0.916596983364743,13,0.3760447218442214,-0.026477680126367087,0.7061896629426238,-0.03749372373426873,12,0.9707078666062585,True,0.9707078666062585,1.0
GSE163603_interstitium,interstitium only,sex,ITGA9,0.3125072186154981,0.5400304925295419,0.5786843945638914,13,0.5726921618618203,-0.010235552354024846,0.7410490375409448,-0.013812247011331293,12,0.9892067553011092,True,0.9892067553011092,1.0
GSE163603_interstitium,interstitium only,sex,ITGAD,-0.007026021390234968,0.5469382980185321,-0.012846095100103783,13,0.9899456339393837,-0.3423008641752254,0.7498327812242561,-0.4565029333824922,12,0.6561807999148623,False,0.6561807999148623,1.0
GSE163603_interstitium,interstitium only,sex,ITGAE,0.3415575187587022,0.5386755374397674,0.6340691102886659,13,0.5370337429266386,-0.12723155216697346,0.7243124352440139,-0.17565838438782344,12,0.863491646617031,True,0.863491646617031,1.0
GSE163603_interstitium,interstitium only,sex,ITGAL,-0.20103284578095676,0.5440923764756594,-0.36948293060663784,13,0.7177165210932591,-0.5333522527079458,0.7460324505540007,-0.7149183018940806,12,0.48833552678394326,False,0.48833552678394326,1.0
GSE163603_interstitium,interstitium only,sex,ITGAM,-0.0024786590091208896,0.5469413373928763,-0.004531855319138972,13,0.9964529210166958,-0.3464275813070601,0.7491001270225176,-0.46245831339532883,12,0.6520257292953072,False,0.6520257292953072,1.0
GSE163603_interstitium,interstitium only,sex,ITGAV,-0.23856285426026708,0.5429248888025278,-0.43940305405125196,13,0.66758510930977,0.4070040504249809,0.704737277422406,0.5775259284049913,12,0.5742607364899929,True,0.5742607364899929,1.0
GSE163603_interstitium,interstitium only,sex,ITGAX,0.8029219257386763,0.49955405267382724,1.607277373571677,13,0.13199925832946943,0.050655041668276946,0.6168658815703885,0.08211678288856193,12,0.9359076554445078,False,0.9359076554445078,1.0
GSE163603_interstitium,interstitium only,sex,ITGB1,-0.020686468605189415,0.5469116760997811,-0.03782414877793774,13,0.9704025646243145,0.39956171009010943,0.7417243720835227,0.5386929769716619,12,0.5999496146003134,True,0.5999496146003134,1.0
GSE163603_interstitium,interstitium only,sex,ITGB2,0.8462265508672276,0.4940250315595388,1.7129224164934693,13,0.11045840408196489,0.6063244888000476,0.6820023750984453,0.8890357437721917,12,0.39145738716816286,False,0.39145738716816286,1.0
GSE163603_interstitium,interstitium only,sex,ITGB3,-0.32771311797344516,0.5393367009718092,-0.6076225062803107,13,0.5539043977676941,-0.24877068583277706,0.7523665778767678,-0.33065089963834615,12,0.746609943849602,False,0.746609943849602,1.0
GSE163603_interstitium,interstitium only,sex,ITGB4,1.3855319636090855,0.38919938203627524,3.559954171458441,13,0.003489263565539229,1.472636806898154,0.5421770005566805,2.7161550663088314,12,0.018740700207284015,False,0.018740700207284015,0.8695684896179784
GSE163603_interstitium,interstitium only,sex,ITGB5,0.49755361466827075,0.5292468734270082,0.9401163042239333,13,0.3642990702830001,0.52352771592196,0.7389674524631825,0.7084584228667956,12,0.4921940590017807,False,0.4921940590017807,1.0
GSE163603_interstitium,interstitium only,sex,ITGB6,-0.5203782815649053,0.5275557085395338,-0.9863949401770322,13,0.3419431809667852,-0.05685089236941865,0.7088219045320691,-0.08020476230478366,12,0.9373964884994603,False,0.9373964884994603,1.0
GSE163603_interstitium,interstitium only,sex,ITGB7,0.08845037048290243,0.5463913376981406,0.16188098965025635,13,0.8738885210692728,-0.4092615947498376,0.7319240657777141,-0.5591585437417912,12,0.5863378817367243,True,0.5863378817367243,1.0
GSE163603_interstitium,interstitium only,sex,ITGB8,0.10126331562896088,0.5462202028343175,0.18538918023081,13,0.8557850005227822,0.7399378617806924,0.710853693799125,1.0409144219623148,12,0.3184337488269961,False,0.3184337488269961,1.0
GSE163603_interstitium,interstitium only,sex,JAM2,-0.13013877337461346,0.5457495049896229,-0.23845880240805342,13,0.8152429060235095,-1.1051961601386164,0.6344523214000756,-1.7419688176090655,12,0.10706053778727212,False,0.10706053778727212,0.9704464773356767
GSE163603_interstitium,interstitium only,sex,JAM3,0.8577458927595178,0.4924945038618015,1.7416354619872252,13,0.10516660521434626,0.16893114261405406,0.6196868570883951,0.27260727040069677,12,0.7897894196641243,False,0.7897894196641243,1.0
GSE163603_interstitium,interstitium only,sex,JCHAIN,1.2769830387736132,0.41678284398965787,3.0639049979833155,13,0.009054435808517421,1.5013965504898126,0.5738359644452935,2.6164211438736826,12,0.02253318547438498,False,0.02253318547438498,0.8976864134382039
GSE163603_interstitium,interstitium only,sex,JUNB,-0.4769583929804243,0.5307034214681797,-0.8987286941940738,13,0.3851413218599396,-0.9520688614423731,0.7119589665530334,-1.3372524347180255,12,0.20593639987766654,False,0.20593639987766654,1.0
GSE163603_interstitium,interstitium only,sex,KDR,0.679036176269913,0.5134947202339328,1.3223820022152601,13,0.20883506398592674,0.7761329532623741,0.7158226767235429,1.084253095773499,12,0.29955634392726477,False,0.29955634392726477,1.0
GSE163603_interstitium,interstitium only,sex,KLK2,-0.13074461207243396,0.5457383661188486,-0.23957379614384844,13,0.8143965784712182,-0.3971108620554972,0.7533033264950812,-0.5271593103181261,12,0.6076912972611869,False,0.6076912972611869,1.0
GSE163603_interstitium,interstitium only,sex,KLK7,0.27595983847253186,0.541560072414665,0.5095645940848337,13,0.6188962479103094,-0.3922912132180033,0.6986990469435557,-0.561459493803624,12,0.5848176641923568,True,0.5848176641923568,1.0
GSE163603_interstitium,interstitium only,sex,KLKB1,-0.14193514001681773,0.5455232706675234,-0.2601816414598417,13,0.7987990793150155,-0.9393427596564958,0.6790345718473791,-1.3833504192591006,12,0.1917526916366999,False,0.1917526916366999,1.0
GSE163603_interstitium,interstitium only,sex,KNG1,0.0473173875693109,0.5467843024111698,0.08653757498277495,13,0.9323577868561382,0.06386650683536138,0.7635090973953979,0.08364865206352202,12,0.9347150172078406,False,0.9347150172078406,1.0
GSE163603_interstitium,interstitium only,sex,KRAS,0.15813281397999868,0.5451804854309652,0.2900558956269219,13,0.7763484311807438,0.12598102173090542,0.7611758072072398,0.1655084417266634,12,0.8712994221368628,False,0.8712994221368628,1.0
GSE163603_interstitium,interstitium only,sex,L1CAM,0.23190067548381527,0.5431468823580881,0.42695757449073757,13,0.6763963781135666,1.089227114427826,0.6614019413668041,1.6468459590198816,12,0.12550740445455386,False,0.12550740445455386,0.9704464773356767
GSE163603_interstitium,interstitium only,sex,LAMA1,0.4201151151931248,0.5343862172102147,0.7861638299474732,13,0.4458657339845854,0.43693190689603245,0.7461942113087434,0.5855471675794717,12,0.5690284894702311,False,0.5690284894702311,1.0
GSE163603_interstitium,interstitium only,sex,LAMA2,0.7689257356200436,0.5036514440326352,1.526702136428739,13,0.15079210476140872,0.4455573818308044,0.6892314455282358,0.646455388420828,12,0.5301545931251124,False,0.5301545931251124,1.0
GSE163603_interstitium,interstitium only,sex,LAMA3,0.5661380833925791,0.5239184140406616,1.0805844349434162,13,0.29952146061209123,0.33199842141073743,0.7245532933587688,0.4582111826056466,12,0.654987716651852,False,0.654987716651852,1.0
GSE163603_interstitium,interstitium only,sex,LAMA4,0.5287939105465338,0.5269116032313488,1.0035723398453205,13,0.3338998552260296,0.29185226308287504,0.7286037203459063,0.4005637837593219,12,0.6957811273704826,False,0.6957811273704826,1.0
GSE163603_interstitium,interstitium only,sex,LAMA5,-0.8802340770633353,0.4894327060261744,-1.7984782508920873,13,0.09535009454940954,-1.1111270147415373,0.6761032564588333,-1.6434279884424603,12,0.12621950847670518,False,0.12621950847670518,0.9704464773356767
GSE163603_interstitium,interstitium only,sex,LAMB1,-0.7708829763172687,0.503421243226563,-1.5312881343196227,13,0.14966416068103003,-0.14137954873410163,0.6479913331641972,-0.21818123406640824,12,0.8309541615571343,False,0.8309541615571343,1.0
GSE163603_interstitium,interstitium only,sex,LAMB2,0.2347635217875901,0.5430522695997544,0.4323037301006361,13,0.6726051808242777,0.01737012782985381,0.7524659578402398,0.02308427065552613,12,0.9819624719118816,False,0.9819624719118816,1.0
GSE163603_interstitium,interstitium only,sex,LAMB3,-0.1626170160448224,0.5450790059164723,-0.29833659759360054,13,0.7701612997375172,-0.054635113124138796,0.7597239117715988,-0.07191443138433708,12,0.9438547051372455,False,0.9438547051372455,1.0
GSE163603_interstitium,interstitium only,sex,LAMC1,0.2542137798947334,0.5423782559602677,0.46870201211266116,13,0.6470449893131431,1.042803971986924,0.6760459817021164,1.5425045044442123,12,0.1488997790626296,False,0.1488997790626296,0.9704464773356767
GSE163603_interstitium,interstitium only,sex,LAMC2,-0.5157630278962012,0.527904229946787,-0.9770011275495754,13,0.34640006799917555,-0.4864289725541562,0.7370686989121895,-0.6599506576144902,12,0.5217512190139526,False,0.5217512190139526,1.0
GSE163603_interstitium,interstitium only,sex,LAMC3,0.227714698855624,0.543283104043865,0.41914555626828065,13,0.681952750284951,0.4557311176631596,0.7522013240240324,0.6058632218634585,12,0.5558923218128758,False,0.5558923218128758,1.0
GSE163603_interstitium,interstitium only,sex,LCK,0.31007911396420357,0.5401381469994551,0.5740737174123649,13,0.5757166277979272,1.051775208409455,0.6824696104583584,1.5411311980661886,12,0.1492312647160064,False,0.1492312647160064,0.9704464773356767
GSE163603_interstitium,interstitium only,sex,LIMD1,0.01539236607941693,0.546925108356174,0.028143462138134203,13,0.9779751880257049,0.27746772503610734,0.7552613054506385,0.3673797704630874,12,0.719733170969733,False,0.719733170969733,1.0
GSE163603_interstitium,interstitium only,sex,LOX,0.7357892596406808,0.5074448097528446,1.4499887386749573,13,0.1707568248403769,0.12682389266293326,0.6577181613233034,0.19282406982311162,12,0.8503216921273083,False,0.8503216921273083,1.0
GSE163603_interstitium,interstitium only,sex,LOXL1,0.19757000710860947,0.5441899400576966,0.36305339839186024,13,0.7223999534055273,-0.38769310935335377,0.7164170053275394,-0.5411556488334668,12,0.5983031542793447,True,0.5983031542793447,1.0
GSE163603_interstitium,interstitium only,sex,LOXL2,0.03490730308154407,0.5468560750804029,0.06383270603039701,13,0.9500745274059641,-0.46010878293875046,0.7329429594764074,-0.6277552393264524,12,0.5419262588027643,True,0.5419262588027643,1.0
GSE163603_interstitium,interstitium only,sex,LOXL3,0.11325329261535524,0.5460390645789047,0.20740877340469055,13,0.8389043231835289,-0.33295760798136853,0.737615994692004,-0.451396946890227,12,0.6597528442417693,True,0.6597528442417693,1.0
GSE163603_interstitium,interstitium only,sex,LOXL4,0.7409857727630009,0.5068628226993441,1.461905942946878,13,0.1675167249998218,0.24285000550412894,0.6741277609073976,0.360243294501394,12,0.7249261865251024,False,0.7249261865251024,1.0
GSE163603_interstitium,interstitium only,sex,LRP4,0.2737821555605723,0.5416450881829636,0.5054641157718589,13,0.6216938535664114,-0.04449190643585155,0.7437045025086442,-0.05982471033289786,12,0.9532800139997214,True,0.9532800139997214,1.0
GSE163603_interstitium,interstitium only,sex,LTBP1,0.3103340919766199,0.5401268825467654,0.5745577604161378,13,0.5753987138332565,-0.4441942580915835,0.6798095709195109,-0.6534098328312237,12,0.525814449430532,True,0.525814449430532,1.0
GSE163603_interstitium,interstitium only,sex,LTBP2,0.9537017100648729,0.47872763551765535,1.992159297496208,13,0.06778489197272272,0.4555418282443817,0.6327485107397294,0.7199413677194119,12,0.4853479760003286,False,0.4853479760003286,1.0
GSE163603_interstitium,interstitium only,sex,LTBP3,-0.23150840892707109,0.543159754476947,-0.42622526249208115,13,0.6769164117532598,-0.16569418152654297,0.7579457455673725,-0.21860955417397313,12,0.8306279697311261,False,0.8306279697311261,1.0
GSE163603_interstitium,interstitium only,sex,LTBP4,0.39186603713549967,0.5360345782351537,0.7310461918812847,13,0.4777213153646395,-0.157230780445491,0.7097653577748401,-0.22152501347546685,12,0.8284085487759878,True,0.8284085487759878,1.0
GSE163603_interstitium,interstitium only,sex,LUM,0.4033732432414481,0.5353775745659654,0.7534369432049256,13,0.46461492074436717,0.11392662076956006,0.737033384398253,0.15457457312137202,12,0.8797260790535011,False,0.8797260790535011,1.0
GSE163603_interstitium,interstitium only,sex,LYN,0.8959372121976229,0.4872359561609076,1.8388158773359153,13,0.08888969281243624,0.6518192716738778,0.6721264880491057,0.9697866149656279,12,0.3512942751663654,False,0.3512942751663654,1.0
GSE163603_interstitium,interstitium only,sex,MADCAM1,0.48555215757818726,0.5301036176766298,0.9159570721405271,13,0.37636791551591625,0.4854684338743997,0.7402494156429288,0.6558173821086448,12,0.5243167319126372,False,0.5243167319126372,1.0
GSE163603_interstitium,interstitium only,sex,MAG,0.4589596043426417,0.5319228523060705,0.8628311461951527,13,0.40386755494606014,0.09673979144369249,0.7260414223100341,0.13324279919993695,12,0.8962097270478964,False,0.8962097270478964,1.0
GSE163603_interstitium,interstitium only,sex,MAPK1,0.49882323719091254,0.5291549334644718,0.9426789880329145,13,0.36303490301691227,0.6771127884339314,0.7348806343710745,0.9213915250514364,12,0.3749989262823093,False,0.3749989262823093,1.0
GSE163603_interstitium,interstitium only,sex,MAPK3,0.910743114412819,0.4851198003061899,1.8773571267097142,13,0.08308794309628566,0.39063211613755877,0.6389004095256066,0.6114131565944826,12,0.5523330206181388,False,0.5523330206181388,1.0
GSE163603_interstitium,interstitium only,sex,MASP1,0.5203979792894354,0.5275542139140671,0.9864350725747452,13,0.3419242285667341,-0.009670473427761284,0.7000206203748063,-0.013814555094939205,12,0.9892049518295555,True,0.9892049518295555,1.0
GSE163603_interstitium,interstitium only,sex,MASP2,0.19947788194462382,0.5441363985891049,0.36659536554042593,13,0.7198184411472554,0.538851811944838,0.745499409763251,0.7228064903712824,12,0.4836489109289063,False,0.4836489109289063,1.0
GSE163603_interstitium,interstitium only,sex,MATN1,-0.5492914967851737,0.5252960879680065,-1.0456797782560845,13,0.3147634086924326,-0.7556071590544617,0.728075550663498,-1.0378142190956336,12,0.3198171894568706,False,0.3198171894568706,1.0
GSE163603_interstitium,interstitium only,sex,MATN3,-0.9222540878212718,0.4834440772993647,-1.9076748089938462,13,0.07876736087012152,-0.5720510348573402,0.6578411924816207,-0.8695883465420459,12,0.4015847353633231,False,0.4015847353633231,1.0
GSE163603_interstitium,interstitium only,sex,MATN4,0.18573338192489586,0.5445105070489833,0.34110155730785113,13,0.7384771007862813,0.2333373560815175,0.7600880863541327,0.3069872561754682,12,0.7641150217130496,False,0.7641150217130496,1.0
GSE163603_interstitium,interstitium only,sex,MBL2,0.32350264229687703,0.5395321997459985,0.5995983973693801,13,0.5590800148319356,0.4863424481372556,0.7501088847318932,0.64836246848494,12,0.5289623766450492,False,0.5289623766450492,1.0
GSE163603_interstitium,interstitium only,sex,MEN1,-0.03755259960743255,0.5468425938021634,-0.0686716799917351,13,0.9462959965400021,-0.2477095364628624,0.7581824914078444,-0.326714925852348,12,0.7495116567142399,False,0.7495116567142399,1.0
GSE163603_interstitium,interstitium only,sex,MERTK,0.1781352390120112,0.5447057586448376,0.3270302106869409,13,0.7488510090102882,-0.496623999713464,0.7022853787141267,-0.7071541210537156,12,0.49297536335455017,True,0.49297536335455017,1.0
GSE163603_interstitium,interstitium only,sex,MFAP2,0.6185257608340459,0.5193423927706412,1.1909787636134825,13,0.2549540973393127,1.089236583549175,0.6959907244852956,1.5650159481000205,12,0.14355581195533912,False,0.14355581195533912,0.9704464773356767
GSE163603_interstitium,interstitium only,sex,MFAP3,-0.06820096142217799,0.5466145821009378,-0.12476974390263157,13,0.9026145653833392,1.0987174990614623,0.5721163541157637,1.920444138954197,12,0.07887974436096648,True,0.07887974436096648,0.9704464773356767
GSE163603_interstitium,interstitium only,sex,MFAP4,1.0688808692578124,0.4596305017849037,2.325522055448843,13,0.03686870849950765,0.7456624256149944,0.6263938305892242,1.1904051240632094,12,0.2569041747724405,False,0.2569041747724405,1.0
GSE163603_interstitium,interstitium only,sex,MFAP5,0.6145072513232228,0.5197092180292943,1.1824059108541445,13,0.2582203495656969,0.49299376486897506,0.7238245109543714,0.681095704011124,12,0.508741284026516,False,0.508741284026516,1.0
GSE163603_interstitium,interstitium only,sex,MIF,-0.7888890471782167,0.5012709201566581,-1.5737778024938525,13,0.13955212481453128,4.440892098500626e-16,0.6109759261849776,7.268522225139379e-16,12,0.9999999999999994,True,0.9999999999999994,1.0
GSE163603_interstitium,interstitium only,sex,MMP1,-0.4625392019184104,0.531684288593086,-0.869950855877943,13,0.4001056905360958,-0.7016822765237977,0.7351999333085785,-0.9544101471365167,12,0.35870739037124905,False,0.35870739037124905,1.0
GSE163603_interstitium,interstitium only,sex,MMP10,0.04286325272205441,0.5468125561592928,0.07838746978145075,13,0.93871356265891,-0.13514040529399624,0.7596820061006881,-0.1778907545640679,12,0.8617763976857249,True,0.8617763976857249,1.0
GSE163603_interstitium,interstitium only,sex,MMP11,-1.1017495960930335,0.4536210479106073,-2.4287885255054333,13,0.030399918669750295,4.440892098500626e-16,0.41672319963924037,1.0656695145231011e-15,12,0.9999999999999991,True,0.9999999999999991,1.0
GSE163603_interstitium,interstitium only,sex,MMP12,0.5403992389930782,0.526005085627988,1.027365046001229,13,0.3229857816289621,1.3797368754524506,0.6383080721422553,2.161553230592638,12,0.05156794090747862,False,0.05156794090747862,0.9042280104533843
GSE163603_interstitium,interstitium only,sex,MMP13,0.04383757713029452,0.5468066143683167,0.08017016615817034,13,0.9373229559645515,-0.005543513975892422,0.7632744303841529,-0.007262805820840081,12,0.9943245154854776,True,0.9943245154854776,1.0
GSE163603_interstitium,interstitium only,sex,MMP14,-0.020333384568609454,0.5469126946471631,-0.03717848345379402,13,0.9709075456037631,-0.20521398234592628,0.7595145882141848,-0.2701909687191623,12,0.791604012808217,False,0.791604012808217,1.0
GSE163603_interstitium,interstitium only,sex,MMP15,0.29261437553151426,0.5408871427942169,0.5409897044693496,13,0.5976631856478778,1.3711467197938858,0.5936192838127923,2.309808251152265,12,0.03948991333013457,False,0.03948991333013457,0.9042280104533843
GSE163603_interstitium,interstitium only,sex,MMP16,0.7532603431110901,0.5054691457056391,1.4902202231543382,13,0.16002523404467678,0.5477334470585199,0.7002163358349114,0.7822346024038747,12,0.4492372305944861,False,0.4492372305944861,1.0
GSE163603_interstitium,interstitium only,sex,MMP17,0.421831148956932,0.5342822194783003,0.7895287052015859,13,0.44396565165423485,0.020873643518514284,0.7256020313366668,0.028767344380309867,12,0.9775230421390428,False,0.9775230421390428,1.0
GSE163603_interstitium,interstitium only,sex,MMP19,0.4360098076623253,0.5334059167644463,0.8174071452133302,13,0.4284229987099934,0.1875768693153379,0.7370517974106201,0.25449618327277024,12,0.8034210744648342,False,0.8034210744648342,1.0
GSE163603_interstitium,interstitium only,sex,MMP2,0.4832800399890837,0.530263308456428,0.9113963426884836,13,0.3786769098315191,0.41852822447127513,0.7399413789099418,0.5656234891037417,12,0.5820718195976803,False,0.5820718195976803,1.0
GSE163603_interstitium,interstitium only,sex,MMP20,0.5099785552074949,0.5283363411631301,0.9652535997898222,13,0.35203169288622604,0.4175337199773086,0.7366948013933359,0.5667662092736543,12,0.5813194713632361,False,0.5813194713632361,1.0
GSE163603_interstitium,interstitium only,sex,MMP24,0.1356665130818702,0.5456459465001864,0.248634694259245,13,0.8075280518254324,0.1742705001933335,0.7617697143501737,0.2287705810698902,12,0.8228995281942084,False,0.8228995281942084,1.0
GSE163603_interstitium,interstitium only,sex,MMP25,0.49089685906865577,0.5297248315178085,0.9267016191446041,13,0.3709666880100912,0.4255504572604324,0.7391790857795033,0.5757068421540458,12,0.575450894962952,False,0.575450894962952,1.0
GSE163603_interstitium,interstitium only,sex,MMP3,0.10376737248271341,0.5461840505020632,0.18998609056293092,13,0.8522545069800251,0.73310292797749,0.7123596882405535,1.0291190533088277,12,0.32372099423377393,False,0.32372099423377393,1.0
GSE163603_interstitium,interstitium only,sex,MMP7,0.3704917345309,0.5372024946626577,0.6896686784069281,13,0.502528504377871,0.11214633420806519,0.7417745780759358,0.15118654308557972,12,0.8823403874779465,False,0.8823403874779465,1.0
GSE163603_interstitium,interstitium only,sex,MMP8,-0.3610928560457387,0.5376945685911587,-0.6715575665788418,13,0.5136227152900216,-0.9049114650464625,0.712968528986266,-1.269216561820913,12,0.22842844192919465,False,0.22842844192919465,1.0
GSE163603_interstitium,interstitium only,sex,MMP9,0.8992564684285291,0.4867653591175068,1.8474126220872789,13,0.08756482428150054,1.044986819578849,0.6767953926949059,1.5440217691462934,12,0.14853428247571193,False,0.14853428247571193,0.9704464773356767
GSE163603_interstitium,interstitium only,sex,MTMR4,1.215633884849295,0.43066345479924706,2.8227003505926924,13,0.014390424307181699,1.4053992930258645,0.5957486268409993,2.359047473559607,12,0.03611382123027257,False,0.03611382123027257,0.8976864134382039
GSE163603_interstitium,interstitium only,sex,MUSK,0.03512754911864679,0.5468549902137472,0.06423558301061971,13,0.9497598901474944,-0.2724293918578673,0.7519390787410841,-0.36230247843213,12,0.723426294343611,True,0.723426294343611,1.0
GSE163603_interstitium,interstitium only,sex,MYC,0.4552332519642278,0.532169115340875,0.8554296723375863,13,0.4078033286943166,-0.5316915741906845,0.6079628865638718,-0.8745461046080247,12,0.39898621721337413,True,0.39898621721337413,1.0
GSE163603_interstitium,interstitium only,sex,NCAM1,1.1242077375804855,0.44936244165852574,2.5017839351041724,13,0.026499481133765365,0.8375858067721298,0.6151043432980703,1.3616971102515014,12,0.19831119290813237,False,0.19831119290813237,1.0
GSE163603_interstitium,interstitium only,sex,NCAN,0.8678617903146332,0.49112937366541437,1.7670736812941485,13,0.10066747205844832,0.5512932730805862,0.6719860790043642,0.8203938895540808,12,0.4279877363738355,False,0.4279877363738355,1.0
GSE163603_interstitium,interstitium only,sex,NCOR1,-0.5615203250663156,0.5243005460337177,-1.070989395899283,13,0.30365555456862525,-0.08851269390029248,0.7029132456604826,-0.12592264329451178,12,0.9018783110695067,False,0.9018783110695067,1.0
GSE163603_interstitium,interstitium only,sex,NCOR2,-0.6965872094802887,0.5116831312501422,-1.3613644205514253,13,0.19652860347315498,-0.8533562678650041,0.7112947149101224,-1.199722491924929,12,0.25339856221698465,False,0.25339856221698465,1.0
GSE163603_interstitium,interstitium only,sex,NCSTN,-0.9363924936931266,0.48134890485321447,-1.9453508343987527,13,0.07368318371055961,-0.8359748059907051,0.6707592727618098,-1.2463112176573132,12,0.2364316917053495,False,0.2364316917053495,1.0
GSE163603_interstitium,interstitium only,sex,NEDD4L,-0.4558808230452521,0.5321264716694905,-0.8567151745241584,13,0.40711792607834324,-0.210209962683243,0.7354201706707919,-0.2858365476860747,12,0.7798775785513385,False,0.7798775785513385,1.0
GSE163603_interstitium,interstitium only,sex,NEDD8,-0.3950817774680841,0.535852970506014,-0.7372951149174417,13,0.47404089680411776,0.1331428456721605,0.7124629161283045,0.18687687830222924,12,0.8548794128849443,True,0.8548794128849443,1.0
GSE163603_interstitium,interstitium only,sex,NID1,-0.316140621390296,0.5398677898263502,-0.5855889670542919,13,0.5681788028852861,-1.2528618052793332,0.6354686195198093,-1.9715557413772156,12,0.07216129619456983,False,0.07216129619456983,0.9704464773356767
GSE163603_interstitium,interstitium only,sex,NID2,0.5274314479219814,0.5270166364788913,1.0007870936406515,13,0.335194706024082,0.403050719862467,0.7339652665223036,0.5491414079745409,12,0.5929801276156337,False,0.5929801276156337,1.0
GSE163603_interstitium,interstitium only,sex,NRAS,0.44138833368188,0.5330655341280875,0.8280188934064927,13,0.4226008631571578,0.48669702912409285,0.7441269176449415,0.6540511001327857,12,0.5254152808756456,False,0.5254152808756456,1.0
GSE163603_interstitium,interstitium only,sex,NRXN1,0.9751088245861258,0.4753987532024,2.0511387924717073,13,0.06097132642818916,1.2021290863470628,0.6565396697885797,1.831007540997751,12,0.09202870519427093,False,0.09202870519427093,0.9704464773356767
GSE163603_interstitium,interstitium only,sex,NTN4,0.09611507624181324,0.5462917493996661,0.17594092597487798,13,0.8630514630051175,0.7103395095309528,0.7149889383353647,0.9934972017675733,12,0.3400791754444968,False,0.3400791754444968,1.0
GSE163603_interstitium,interstitium only,sex,OLR1,0.0376657400536575,0.5468419952442387,0.0688786530318226,13,0.9461344103345248,-0.34887342232207175,0.7450541449303303,-0.4682524413775253,12,0.6479948359683039,True,0.6479948359683039,1.0
GSE163603_interstitium,interstitium only,sex,OPTC,-0.22517247924352274,0.543364606551001,-0.41440402361280354,13,0.68533467260054,-0.10291966833561661,0.7569184952418861,-0.13597192958368243,12,0.8940978549885684,False,0.8940978549885684,1.0
GSE163603_interstitium,interstitium only,sex,P3H1,-0.6405688922195751,0.5172828703322683,-1.2383338574658698,13,0.2374886611004488,-1.0811759776047187,0.6966949255515269,-1.5518642923210957,12,0.14665738267832948,False,0.14665738267832948,0.9704464773356767
GSE163603_interstitium,interstitium only,sex,P3H2,0.02390424978743605,0.5469015855590466,0.04370850335531751,13,0.9658009952461596,1.1042797934274842,0.6036518033947521,1.8293323853541963,12,0.09229295789168838,False,0.09229295789168838,0.9704464773356767
GSE163603_interstitium,interstitium only,sex,P3H3,0.27976830657199947,0.5414097398691058,0.5167404388396075,13,0.6140152878233033,-0.11244520238359212,0.7367152727921065,-0.15263047548536843,12,0.8812260257933832,True,0.8812260257933832,1.0
GSE163603_interstitium,interstitium only,sex,P4HA1,0.43959850761091834,0.5331792916080166,0.8244853364149464,13,0.42453377017292426,0.24693093638889374,0.7398554976896908,0.333755628173302,12,0.7443239050303224,False,0.7443239050303224,1.0
GSE163603_interstitium,interstitium only,sex,P4HA2,-0.41926164348893696,0.5344377752646552,-0.7844910350532713,13,0.44681225603991115,-0.743034069185605,0.7330149555400589,-1.0136683618387627,12,0.3307439957955831,False,0.3307439957955831,1.0
GSE163603_interstitium,interstitium only,sex,P4HA3,-0.47833997060170563,0.5306077619407948,-0.9014944840838547,13,0.38372350839339175,-0.8224959778895246,0.7258125341357039,-1.1332071839582532,12,0.27926080468490777,False,0.27926080468490777,1.0
GSE163603_interstitium,interstitium only,sex,P4HB,0.241379368466445,0.5428291195470994,0.4446691597308485,13,0.6638720483856304,0.2259836186490777,0.7579902970662369,0.29813523936089403,12,0.7706990295956259,False,0.7706990295956259,1.0
GSE163603_interstitium,interstitium only,sex,PARD3,-0.8017537679565935,0.4996983539678478,-1.6044755032516695,13,0.13261713597190022,-0.3991249669146182,0.6756599379685025,-0.5907187099395914,12,0.5656687736171189,False,0.5656687736171189,1.0
GSE163603_interstitium,interstitium only,sex,PARD6A,0.22344213466884724,0.5434195504356236,0.41117794619227155,13,0.6876397344976204,0.26980521842237587,0.7585784977763934,0.35567211463711496,12,0.7282600504259956,False,0.7282600504259956,1.0
GSE163603_interstitium,interstitium only,sex,PARP1,0.6059012001373604,0.5204859138388781,1.164106816394888,13,0.2653006876948383,-0.32387135943823675,0.6051251555116057,-0.5352138421091059,12,0.6022795869503142,True,0.6022795869503142,1.0
GSE163603_interstitium,interstitium only,sex,PCOLCE,-0.7700542141567743,0.5035188023491264,-1.5293454992428257,13,0.15014107812112812,-0.41785207748965114,0.6863870043358018,-0.6087703800481994,12,0.5540263183602484,False,0.5540263183602484,1.0
GSE163603_interstitium,interstitium only,sex,PCOLCE2,0.6356424122333387,0.5177501337264672,1.227701106822225,13,0.24132583076649727,-0.3996705497050641,0.5672309650237704,-0.7045993155333393,12,0.49450791809592914,True,0.49450791809592914,1.0
GSE163603_interstitium,interstitium only,sex,PDGFA,1.0590879799612984,0.461370995353096,2.295523538818816,13,0.03898120446289662,1.1167088392888016,0.6437862225114019,1.7345957403880663,12,0.10839889251742542,False,0.10839889251742542,0.9704464773356767
GSE163603_interstitium,interstitium only,sex,PDGFB,0.9800889138970621,0.47461033488576926,2.065039131802625,13,0.05946046089964655,1.7213944579580926,0.5798358245239044,2.9687618204196116,12,0.011728139578734415,False,0.011728139578734415,0.8123554510390532
GSE163603_interstitium,interstitium only,sex,PECAM1,0.9306850096187506,0.4821996316368943,1.930082373682887,13,0.07570638636883578,0.7255373689574047,0.6674699272634337,1.0869963414412427,12,0.2983903420206652,False,0.2983903420206652,1.0
GSE163603_interstitium,interstitium only,sex,PF4,0.8492878261748964,0.49362077293902823,1.720526916074093,13,0.10903446307574008,1.2472148645499457,0.6674204073178973,1.8687095133366036,12,0.08625991104633775,False,0.08625991104633775,0.9704464773356767
GSE163603_interstitium,interstitium only,sex,PF4V1,0.9257692343823474,0.4829269903061484,1.916996260232757,13,0.0774805809400846,1.2939931944731105,0.6552504224621516,1.9748071120821806,12,0.07175228953365374,False,0.07175228953365374,0.9704464773356767
GSE163603_interstitium,interstitium only,sex,PHYKPL,0.4608474428134985,0.5317972808780796,0.8665848047447102,13,0.40188127755784836,0.18461366875940521,0.7329181895952923,0.25188850731259166,12,0.8053894851914416,False,0.8053894851914416,1.0
GSE163603_interstitium,interstitium only,sex,PICK1,1.0260055022449361,0.4670860238882048,2.196609296300646,13,0.04678792478002379,1.858285403824003,0.5436459286663188,3.4181906013400667,12,0.005095571177903812,False,0.005095571177903812,0.7885637292348683
GSE163603_interstitium,interstitium only,sex,PIK3CA,0.17958194603297964,0.5446692160277647,0.32970827200894237,13,0.746872648067645,-0.31845211822218106,0.7293756030434274,-0.4366092269790662,12,0.6701473058938495,True,0.6701473058938495,1.0
GSE163603_interstitium,interstitium only,sex,PIK3CB,0.41119840074358466,0.5349194593663903,0.768710865801456,13,0.4558039795607094,0.27683219903033834,0.7447050005449726,0.37173404076480415,12,0.7165718287176134,False,0.7165718287176134,1.0
GSE163603_interstitium,interstitium only,sex,PIK3R1,0.707727347626629,0.5105058494587098,1.38632563833898,13,0.18896490306508482,0.24864816572849935,0.6846059565083713,0.3631989516957393,12,0.7227736849633151,False,0.7227736849633151,1.0
GSE163603_interstitium,interstitium only,sex,PIK3R2,0.4127938710754484,0.5348249252642928,0.7718299046579763,13,0.45401772798327406,0.030313470372468454,0.7282471460025483,0.04162525117861894,12,0.9674820116651325,False,0.9674820116651325,1.0
GSE163603_interstitium,interstitium only,sex,PLCG1,-0.006383546495647677,0.5469389038600359,-0.011671406898641929,13,0.9908649902494132,-0.6034541996301112,0.7186687101697146,-0.8396834189255361,12,0.4175012261166337,False,0.4175012261166337,1.0
GSE163603_interstitium,interstitium only,sex,PLEC,-1.088806000338442,0.4560187565740869,-2.3876342467100904,13,0.03283595362023484,-1.342500874722607,0.6272486374124174,-2.1403009821764023,12,0.0535622965637074,False,0.0535622965637074,0.9092526441058622
GSE163603_interstitium,interstitium only,sex,PLG,1.0547199041064719,0.46214007306897126,2.282251563043013,13,0.03995201854548282,1.418166432869323,0.625859978990906,2.265948423728704,12,0.04274954109409586,False,0.04274954109409586,0.9042280104533843
GSE163603_interstitium,interstitium only,sex,PLOD1,0.36714859079706536,0.5373790240362954,0.683220919267343,13,0.5064618572089691,0.9373327095477882,0.7086293166638883,1.3227405182170537,12,0.21057584108979033,False,0.21057584108979033,1.0
GSE163603_interstitium,interstitium only,sex,PLOD2,0.6861907079852931,0.5127625932267089,1.3382230237725357,13,0.20376066840121926,1.069547014113868,0.6965265927464129,1.5355436895763463,12,0.1505865223451912,False,0.1505865223451912,0.9704464773356767
GSE163603_interstitium,interstitium only,sex,PLOD3,0.42507545748536774,0.5340843886310689,0.7958956796600891,13,0.44038451954019536,0.6826001168807676,0.7374246798744869,0.9256540166203134,12,0.3728671668598536,False,0.3728671668598536,1.0
GSE163603_interstitium,interstitium only,sex,PMEPA1,0.891491236368192,0.48786286411462315,1.8273398160486685,13,0.09068641904989919,0.5885320852576605,0.6685134952245451,0.8803593187897878,12,0.39595391039825883,False,0.39595391039825883,1.0
GSE163603_interstitium,interstitium only,sex,PPBP,0.5193131665609865,0.5276364368888057,0.9842253685569989,13,0.34296887329318204,0.780771412186403,0.7280541401058429,1.0724084503837807,12,0.3046302260784774,False,0.3046302260784774,1.0
GSE163603_interstitium,interstitium only,sex,PPIA,-0.14493630067752503,0.5454625671168959,-0.2657126435707628,13,0.7946277563138333,0.05815405103052218,0.7566034539907958,0.076861995175652,12,0.9399999914031811,True,0.9399999914031811,1.0
GSE163603_interstitium,interstitium only,sex,PPIB,0.5050036327356501,0.528703801023182,0.955173069984241,13,0.3569156275472729,1.0385473752502317,0.70121580808002,1.4810666891464555,12,0.16436242990441607,False,0.16436242990441607,0.9907690506197904
GSE163603_interstitium,interstitium only,sex,PPIL2,0.3713140892703965,0.537158817368554,0.6912556906156703,13,0.5015631503056274,1.1308419766765916,0.6741563028682821,1.6774180881574248,12,0.11929358032513658,False,0.11929358032513658,0.9704464773356767
GSE163603_interstitium,interstitium only,sex,PPM1A,0.2337250140578664,0.5430867267964695,0.4303640699093325,13,0.673979611073742,-0.07781069011112063,0.7462851386679347,-0.10426402199299736,12,0.9186822076652827,True,0.9186822076652827,1.0
GSE163603_interstitium,interstitium only,sex,PPP1CA,-0.17141744972498799,0.5448715407406854,-0.3146015838741865,13,0.7580564191173428,0.3023258551477427,0.7326968044333548,0.41262068200441,12,0.687161038349901,True,0.687161038349901,1.0
GSE163603_interstitium,interstitium only,sex,PPP1CB,-0.04816962047964303,0.5467785782022763,-0.08809712450333611,13,0.9311421240904125,0.24002876101475312,0.7532674517741109,0.3186501161698046,12,0.7554697445122102,True,0.7554697445122102,1.0
GSE163603_interstitium,interstitium only,sex,PPP1CC,0.45363601612747995,0.5322740223838497,0.8522602964837914,13,0.409496457199535,0.18554172926602774,0.734158709386246,0.2527270015241527,12,0.8047563930651277,False,0.8047563930651277,1.0
GSE163603_interstitium,interstitium only,sex,PPP1R15A,-0.37037913525854915,0.5372084672749003,-0.6894514100594373,13,0.5026607507292032,-0.728540485773111,0.7339644484374909,-0.992610047154291,12,0.34049408761066047,False,0.34049408761066047,1.0
GSE163603_interstitium,interstitium only,sex,PRKCA,0.5650264417217946,0.524010716937097,1.078272683094039,13,0.30051363829064603,0.6860913797125984,0.7298609227137763,0.9400302966783951,12,0.3657398821162795,False,0.3657398821162795,1.0
GSE163603_interstitium,interstitium only,sex,PRKCZ,1.0461725217492284,0.4636321439398788,2.2564710739402276,13,0.04190360296585383,1.515598446985591,0.6146902963510239,2.465629368126703,12,0.029730492335064775,False,0.029730492335064775,0.8976864134382039
GSE163603_interstitium,interstitium only,sex,PROC,0.5522231312535085,0.5250595938482719,1.0517341987909397,13,0.3120793938497992,0.0273945202418997,0.6970974282903708,0.039297979206557504,12,0.9692990520496934,False,0.9692990520496934,1.0
GSE163603_interstitium,interstitium only,sex,PROCR,0.5128218940614288,0.5281245914962562,0.9710244558173808,13,0.34925715202398877,0.7577084265278999,0.7298226661283024,1.0382089536181867,12,0.3196407961849072,False,0.3196407961849072,1.0
GSE163603_interstitium,interstitium only,sex,PROS1,0.45893560215013424,0.5319244453265883,0.8627834388554172,13,0.4038928419008682,0.7208351134234754,0.7340838994414872,0.9819519457815491,12,0.34550738041762774,False,0.34550738041762774,1.0
GSE163603_interstitium,interstitium only,sex,PROZ,-0.4217512241004007,0.5342870730709002,-0.7893719413354291,13,0.4440540582827856,-0.8816734739227463,0.7190206046080992,-1.2262144760139393,12,0.24363647204977484,False,0.24363647204977484,1.0
GSE163603_interstitium,interstitium only,sex,PRSS1,-0.5872242678628984,0.5221299976738605,-1.1246706193458318,13,0.28106626275392793,0.7258582530161379,0.45642487029480816,1.5903126675531523,12,0.1377494133716285,True,0.1377494133716285,0.9704464773356767
GSE163603_interstitium,interstitium only,sex,PRSS2,-1.0744430251908454,0.45863183445712785,-2.342713576484806,13,0.035707616005826885,-0.22533512829869728,0.5243897594540547,-0.4297092462928624,12,0.6750220680261869,False,0.6750220680261869,1.0
GSE163603_interstitium,interstitium only,sex,PRTN3,-0.7507399046003094,0.5057575038060471,-1.4843870806674389,13,0.16154502756984795,2.220446049250313e-16,0.6269886935679749,3.5414451201895296e-16,12,0.9999999999999998,True,0.9999999999999998,1.0
GSE163603_interstitium,interstitium only,sex,PSEN1,0.6751101061076703,0.5138927779156464,1.313717832046449,13,0.21165352283725755,1.1465293582265639,0.6879665792501941,1.666548045802096,12,0.12147112715348256,False,0.12147112715348256,0.9704464773356767
GSE163603_interstitium,interstitium only,sex,PSG1,0.41099910306599774,0.5349312411723035,0.7683213681169414,13,0.4560273524944714,-0.29487092554043604,0.6815958851726338,-0.43261840623605213,12,0.672964883569678,True,0.672964883569678,1.0
GSE163603_interstitium,interstitium only,sex,PSG11,-0.22352302097978208,0.5434169916075189,-0.41132872992904285,13,0.6875319255126778,-0.1725513746238565,0.758519483474123,-0.2274844330082961,12,0.8238767148067355,False,0.8238767148067355,1.0
GSE163603_interstitium,interstitium only,sex,PSG2,-0.4835980565199849,0.530241005336179,-0.9120344365169911,13,0.37835327152475995,-0.3785104939922086,0.7390417001636085,-0.5121639197198402,12,0.6178312258131866,False,0.6178312258131866,1.0
GSE163603_interstitium,interstitium only,sex,PSG3,-0.6912256299740476,0.5122421315501752,-1.3494119038631647,13,0.20023731601805106,-1.081174790261949,0.6950921431196356,-1.555440959826621,12,0.14580821727961796,False,0.14580821727961796,0.9704464773356767
GSE163603_interstitium,interstitium only,sex,PSG4,-0.2252653505080459,0.5433616454535156,-0.41457720174567836,13,0.6852110276235339,-0.3590277728782788,0.7565492973397142,-0.47455965413059414,12,0.6436202072990145,False,0.6436202072990145,1.0
GSE163603_interstitium,interstitium only,sex,PSG5,-0.7150653507565279,0.5097186579217637,-1.4028628139138721,13,0.1840871864784493,-0.5921228774114461,0.7097897789147934,-0.8342228854249638,12,0.42045231641039077,False,0.42045231641039077,1.0
GSE163603_interstitium,interstitium only,sex,PSG6,-0.37226538578879764,0.5371081664040097,-0.6930920233091034,13,0.5004475107265057,-0.38495711482720923,0.7500106020700567,-0.5132688974858669,12,0.617081187250312,False,0.617081187250312,1.0
GSE163603_interstitium,interstitium only,sex,PSG7,-0.11795950186460853,0.5459624138097605,-0.2160579169571026,13,0.8322958303931456,-0.1383659861908892,0.7623438116154232,-0.18150076656054784,12,0.8590041940802939,False,0.8590041940802939,1.0
GSE163603_interstitium,interstitium only,sex,PSG8,-0.497644743222604,0.5292402826717236,-0.940300199203246,13,0.36420825281787056,-0.6388359233948593,0.7365106833984576,-0.8673817471962514,12,0.40274496405857685,False,0.40274496405857685,1.0
GSE163603_interstitium,interstitium only,sex,PSG9,-0.37543665777614016,0.5369383437521389,-0.6992174467417975,13,0.4967367568893567,-0.15654384762032492,0.7437785584733251,-0.2104710411949032,12,0.8368315092122083,False,0.8368315092122083,1.0
GSE163603_interstitium,interstitium only,sex,PSMA1,0.9223527198646617,0.4834296026268298,1.9079359535552616,13,0.07873104817120179,1.2225307519373236,0.6624410296818931,1.8454937076050195,12,0.08977198035911857,False,0.08977198035911857,0.9704464773356767
GSE163603_interstitium,interstitium only,sex,PSMA2,0.44941694013714123,0.5325492611961002,0.8438974060873831,13,0.41398645587333543,0.9682971182152751,0.7089112254510782,1.3658933353737632,12,0.1970259311696744,False,0.1970259311696744,1.0
GSE163603_interstitium,interstitium only,sex,PSMA3,0.761096492448584,0.5045653893791515,1.508419936185247,13,0.15536090092213023,0.8609482846693116,0.703259345038433,1.224225871640939,12,0.24435876969642922,False,0.24435876969642922,1.0
GSE163603_interstitium,interstitium only,sex,PSMA4,0.6394523725695188,0.5173891224291518,1.2359215624156876,13,0.23835496370041098,1.289701556014148,0.6653712743338593,1.9383186587147767,12,0.07646742588331368,False,0.07646742588331368,0.9704464773356767
GSE163603_interstitium,interstitium only,sex,PSMA5,0.38450896505863635,0.5364442579600797,0.7167733820486717,13,0.4861928401033584,0.43875683465534004,0.7487352541603439,0.5859972963973444,12,0.5687356340305307,False,0.5687356340305307,1.0
GSE163603_interstitium,interstitium only,sex,PSMA6,-0.3063273024991764,0.5403027977712318,-0.566954870052103,13,0.5804028993939345,0.031359777493879304,0.7401869798543816,0.042367372498296,12,0.9669026327600703,True,0.9669026327600703,1.0
GSE163603_interstitium,interstitium only,sex,PSMA7,-0.41485981246160014,0.5347019460836401,-0.7758711474685865,13,0.4517099147457721,-0.3155241791684355,0.7454306572218191,-0.4232777068015656,12,0.6795797932489149,False,0.6795797932489149,1.0
GSE163603_interstitium,interstitium only,sex,PSMB1,-0.05930468708026601,0.5466943910012669,-0.10847868216033806,13,0.9152724677518834,0.8275221295941185,0.6598061748930332,1.2541897318985764,12,0.2336539802719371,True,0.2336539802719371,1.0
GSE163603_interstitium,interstitium only,sex,PSMB2,0.2369173071479104,0.5429803140263978,0.4363276181986817,13,0.6697577857543242,0.17659701281910276,0.7577807307603347,0.2330450031922962,12,0.8196541543555798,False,0.8196541543555798,1.0
GSE163603_interstitium,interstitium only,sex,PSMB3,-0.9686687588220096,0.4764104342791895,-2.03326520395719,13,0.06296626210965968,6.661338147750939e-16,0.516382237665167,1.2900014101705584e-15,12,0.999999999999999,True,0.999999999999999,1.0
GSE163603_interstitium,interstitium only,sex,PSMB4,1.0920928667434162,0.45541376447029214,2.3980234062834445,13,0.03220393342095282,0.9292687249328226,0.632030351270996,1.4702912970304167,12,0.1672107775401722,False,0.1672107775401722,0.9907690506197904
GSE163603_interstitium,interstitium only,sex,PSMB5,0.9728671968727785,0.475751899316132,2.0449044938574565,13,0.06166042487695495,0.2846423834142433,0.5937615132120909,0.47938840271812866,12,0.6402804171724233,False,0.6402804171724233,1.0
GSE163603_interstitium,interstitium only,sex,PSMB6,0.2976709723862144,0.5406748547372948,0.5505544964373236,13,0.5912746641183848,1.2353177474532797,0.6365497668205663,1.9406459822040858,12,0.07615836984203805,False,0.07615836984203805,0.9704464773356767
GSE163603_interstitium,interstitium only,sex,PSMB7,1.0239071577538439,0.4674400842880076,2.190456471685419,13,0.04731924700397155,1.953529324192441,0.5138467143670152,3.801774477820504,12,0.0025216593770329473,False,0.0025216593770329473,0.6135901259077338
GSE163603_interstitium,interstitium only,sex,PSMC1,1.015727587651396,0.4688107996731866,2.1666044987860165,13,0.04943297125959392,1.1263006543989373,0.652905431824968,1.7250594029379709,12,0.1101520496377587,False,0.1101520496377587,0.9704464773356767
GSE163603_interstitium,interstitium only,sex,PSMC2,0.44977254829330054,0.5325261671931565,0.8446017792214148,13,0.4136070280909454,0.226032658468432,0.7372942886816379,0.30657047252136305,12,0.7644245926728799,False,0.7644245926728799,1.0
GSE163603_interstitium,interstitium only,sex,PSMC3,1.3871008441846326,0.38876927475849204,3.56792816265204,13,0.0034364008117689603,1.0909948805723217,0.5275284413909881,2.0681252326331148,12,0.0608896613922191,False,0.0608896613922191,0.9701608011721657
GSE163603_interstitium,interstitium only,sex,PSMC4,0.6747452727486856,0.5139296349465775,1.3129137276133622,13,0.21191665071703925,1.028807072150504,0.7010964279484981,1.4674259219390564,12,0.1679752126050794,False,0.1679752126050794,0.9907690506197904
GSE163603_interstitium,interstitium only,sex,PSMC5,0.9933525603208618,0.47248439777194084,2.102402883576981,13,0.05556968597172599,0.8890757454421792,0.6582416933172788,1.350682818284554,12,0.2017176860930412,False,0.2017176860930412,1.0
GSE163603_interstitium,interstitium only,sex,PSMC6,0.5109280563985595,0.5282657700928781,0.9671799410905039,13,0.351103805552037,0.40332764812325494,0.7362101364672401,0.5478431063971125,12,0.5938438604825766,False,0.5938438604825766,1.0
GSE163603_interstitium,interstitium only,sex,PSMD1,-0.0488034208551195,0.5467742548523692,-0.0892569838868814,13,0.9302381346040323,-0.047873563481212786,0.763528588286808,-0.06270042041075455,12,0.9510373467961851,False,0.9510373467961851,1.0
GSE163603_interstitium,interstitium only,sex,PSMD11,0.03871098888034139,0.5468363802700313,0.07079080740975144,13,0.9446416879209545,0.4732651753363845,0.7400686122266673,0.6394882413840751,12,0.5345231951813942,False,0.5345231951813942,1.0
GSE163603_interstitium,interstitium only,sex,PSMD12,0.18484390725101374,0.5445337892207966,0.3394535121787705,13,0.7396893950254704,0.03161855537331748,0.7574999117097484,0.041740672024570186,12,0.9673919005837625,False,0.9673919005837625,1.0
GSE163603_interstitium,interstitium only,sex,PSMD13,0.0007011522761115052,0.5469417348573778,0.0012819505834462234,13,0.9989966150565839,0.1906077782961159,0.7593228304565028,0.25102337326209856,12,0.8060428423638863,False,0.8060428423638863,1.0
GSE163603_interstitium,interstitium only,sex,PSMD14,0.655091189477195,0.5158819499994639,1.2698470831900124,13,0.22639905363427504,-0.08509808290584453,0.6451620986623721,-0.13190186324069586,12,0.8972476836157679,True,0.8972476836157679,1.0
GSE163603_interstitium,interstitium only,sex,PSMD2,0.8001442667409886,0.49989676174881853,1.6006190236996063,13,0.13347167274798488,0.7971950962108809,0.6980666697331167,1.1420042393882848,12,0.2757279509465366,False,0.2757279509465366,1.0
GSE163603_interstitium,interstitium only,sex,PSMD3,-0.132046120733008,0.5457142610228468,-0.24196934213430749,13,0.8125790784987452,-0.7266089905202086,0.7172417430573457,-1.0130600980123294,12,0.33102273893711576,False,0.33102273893711576,1.0
GSE163603_interstitium,interstitium only,sex,PSMD6,0.5691309255090704,0.5236689264233564,1.0868143912914943,13,0.2968598079458579,0.7396854033017788,0.7275250347392673,1.0167147080606918,12,0.3293505555545038,False,0.3293505555545038,1.0
GSE163603_interstitium,interstitium only,sex,PSMD7,0.5738985737767531,0.5232685232052247,1.0967573020853607,13,0.2926485716841946,1.1261001923047391,0.6904749486612174,1.630906659956554,12,0.1288586047503088,False,0.1288586047503088,0.9704464773356767
GSE163603_interstitium,interstitium only,sex,PSMD8,0.39900814498626413,0.5356291332574398,0.7449336121052411,13,0.46956581967859345,0.9889322096470298,0.702993782320423,1.4067438923610234,12,0.18487043198885578,False,0.18487043198885578,1.0
GSE163603_interstitium,interstitium only,sex,PTPN11,0.8883585419771628,0.4883022385135207,1.8192800931682904,13,0.09196771855440337,1.2055659385927484,0.6678995797498923,1.8050107757878744,12,0.09620775583320497,False,0.09620775583320497,0.9704464773356767
GSE163603_interstitium,interstitium only,sex,PTPN6,0.7032001493226968,0.5109868611047139,1.3761609208550543,13,0.19201557431052607,1.5376574154342622,0.6153047754170419,2.499017522482362,12,0.027965758291437593,False,0.027965758291437593,0.8976864134382039
GSE163603_interstitium,interstitium only,sex,PTPRS,0.4411429929234633,0.5330811562318573,0.8275343965292846,13,0.4228655483712961,0.7624282255633937,0.7312918190906554,1.0425772662293087,12,0.3176935429297565,False,0.3176935429297565,1.0
GSE163603_interstitium,interstitium only,sex,PXDN,1.0483827119539526,0.46324794641621825,2.263113565995182,13,0.04139231631725437,1.0586639197139514,0.6468752332316923,1.636581314800111,12,0.12765663149772938,False,0.12765663149772938,0.9704464773356767
GSE163603_interstitium,interstitium only,sex,RBL1,-0.7299339805382716,0.508094878552334,-1.4366096005887767,13,0.17445676646482683,-0.1491336016180338,0.6634482560176127,-0.22478558088797615,12,0.8259282432274081,False,0.8259282432274081,1.0
GSE163603_interstitium,interstitium only,sex,RBX1,0.7431014429243297,0.5066245108113312,1.4667696233928629,13,0.16620927834939303,1.0680270771265947,0.6933309058137919,1.5404290623292007,12,0.14940098998381884,False,0.14940098998381884,0.9704464773356767
GSE163603_interstitium,interstitium only,sex,RHOA,0.5348729366423748,0.5264394062974428,1.0160199450194027,13,0.3281571350224341,0.5883085675997297,0.7347683943478402,0.8006721194396172,12,0.43888664598917504,False,0.43888664598917504,1.0
GSE163603_interstitium,interstitium only,sex,RNF111,-0.37980826258181044,0.536701791756012,-0.7076709420684656,13,0.491642710621199,0.141198590338514,0.7147017975956179,0.1975629427735187,12,0.846694015046478,True,0.846694015046478,1.0
GSE163603_interstitium,interstitium only,sex,RPS27A,0.23433804952943096,0.5430664053057084,0.4315090148091835,13,0.6731681631182572,0.6163189954237792,0.7400933485360517,0.8327584576228046,12,0.42124609858174955,False,0.42124609858174955,1.0
GSE163603_interstitium,interstitium only,sex,SCUBE1,0.2792996671684459,0.5414283520188828,0.5158571141075099,13,0.6146150940596562,-0.13616820578803368,0.734348041767467,-0.18542734240878067,12,0.8559911229819147,True,0.8559911229819147,1.0
GSE163603_interstitium,interstitium only,sex,SCUBE3,-0.2927572717515733,0.54088119474154,-0.5412598452262096,13,0.5974822721197267,-0.8733079091957319,0.7122376638555532,-1.2261467674543602,12,0.24366103718158574,False,0.24366103718158574,1.0
GSE163603_interstitium,interstitium only,sex,SDC1,0.32974880273417306,0.5392412487064414,0.6115051538160161,13,0.5514095082205589,1.3551728638615073,0.6081677175616126,2.228288060561545,12,0.04575146871478649,False,0.04575146871478649,0.9042280104533843
GSE163603_interstitium,interstitium only,sex,SDC2,-0.019076158983742354,0.5469161789980194,-0.034879492902716705,13,0.9727057123552185,0.4173585919283708,0.7399761017383605,0.5640163120780619,12,0.5831308271096417,True,0.5831308271096417,1.0
GSE163603_interstitium,interstitium only,sex,SDC3,0.5770035350327563,0.523005795632588,1.1032450115296653,13,0.2899250398041731,0.12465382018804017,0.703581602815033,0.1771703803642672,12,0.8623298195758131,False,0.8623298195758131,1.0
GSE163603_interstitium,interstitium only,sex,SDC4,0.060300480915439554,0.5466860117591236,0.11030185448024353,13,0.9138546283150826,0.4813948314558573,0.7413098720324992,0.6493840829827137,12,0.5283243455720289,False,0.5283243455720289,1.0
GSE163603_interstitium,interstitium only,sex,SELE,-0.10900578802305154,0.5461055566510057,-0.19960571119534093,13,0.844877299385833,-0.6580361571254475,0.724590956435471,-0.9081484543535694,12,0.38167620379344325,False,0.38167620379344325,1.0
GSE163603_interstitium,interstitium only,sex,SELL,-0.25016524832653797,0.5425230400934147,-0.46111451466367787,13,0.6523363247003007,-0.6877228363301003,0.7335174265715412,-0.9375685040565639,12,0.3669535070382052,False,0.3669535070382052,1.0
GSE163603_interstitium,interstitium only,sex,SELP,-0.16761429412558035,0.5449625489809561,-0.3075702989847798,13,0.7632813830931121,-0.8084003827529184,0.7086115815174173,-1.1408229894038902,12,0.27620032643942494,False,0.27620032643942494,1.0
GSE163603_interstitium,interstitium only,sex,SELPLG,0.1771533702667701,0.5447303900725721,0.3252129374371214,13,0.7501945363640771,-0.34745118652870016,0.7259641670938863,-0.47860652395501163,12,0.6408206460249716,True,0.6408206460249716,1.0
GSE163603_interstitium,interstitium only,sex,SERPINA10,-1.073079710305311,0.4588772941580821,-2.3384894479778673,13,0.03598963920797887,6.661338147750939e-16,0.4412505654473085,1.5096497703063899e-15,12,0.9999999999999988,True,0.9999999999999988,1.0
GSE163603_interstitium,interstitium only,sex,SERPINA5,0.19717457655570111,0.5442009721564953,0.3623194125772341,13,0.7229353524483308,0.33727964813940803,0.7575098302723166,0.4452478828138239,12,0.6640662524602191,False,0.6640662524602191,1.0
GSE163603_interstitium,interstitium only,sex,SERPINC1,-0.506165880658978,0.528618299848083,-0.957526216562012,13,0.35577129361122567,-0.6871037172219387,0.7340056400604669,-0.9361014135604403,12,0.36767810565845327,False,0.36767810565845327,1.0
GSE163603_interstitium,interstitium only,sex,SERPIND1,0.4446616112552731,0.5328562326213729,0.8344870230151412,13,0.41907767065185975,0.2208337500741716,0.7377541563146516,0.2993324377558453,12,0.7698074648130496,False,0.7698074648130496,1.0
GSE163603_interstitium,interstitium only,sex,SERPINE1,0.1284784164426752,0.5457797657690023,0.23540340719969605,13,0.8175633141410361,-0.7547838462600727,0.6592258988204044,-1.144954783497821,12,0.27455076189474015,True,0.27455076189474015,1.0
GSE163603_interstitium,interstitium only,sex,SERPINE2,0.2766721124477131,0.5415321164623578,0.5109061938101039,13,0.6179822605855071,-0.315408426071977,0.7114220504699093,-0.4433492409514761,12,0.6654006530769506,True,0.6654006530769506,1.0
GSE163603_interstitium,interstitium only,sex,SERPING1,0.5121477340411913,0.5281749118357669,0.9696555488808238,13,0.349913893239781,0.5743925496467694,0.7370634877066033,0.7792986075514475,12,0.4508997941666871,False,0.4508997941666871,1.0
GSE163603_interstitium,interstitium only,sex,SERPINH1,0.7473185823395951,0.506147122529137,1.4764848975241875,13,0.16362331481211834,0.513423217539399,0.6995019681836202,0.7339839498559134,12,0.47705542683925056,False,0.47705542683925056,1.0
GSE163603_interstitium,interstitium only,sex,SGCA,1.0355243421454843,0.4654673603126093,2.2246980786150568,13,0.04443282304721634,1.0841771477609907,0.649648292117961,1.6688678488269302,12,0.12100348947592054,False,0.12100348947592054,0.9704464773356767
GSE163603_interstitium,interstitium only,sex,SGCB,-0.04495300645190466,0.5467996480289669,-0.08221111080437869,13,0.9357311635394914,0.10853169112648492,0.7606662713317267,0.14267977326834072,12,0.8889107869085895,True,0.8889107869085895,1.0
GSE163603_interstitium,interstitium only,sex,SGCD,0.3014537325049211,0.5405136115875017,0.5577171898031283,13,0.5865136514708642,0.4519424959857595,0.7519680130627483,0.6010129262613289,12,0.5590132503993434,False,0.5590132503993434,1.0
GSE163603_interstitium,interstitium only,sex,SGCE,0.5501810948917416,0.5252244686221615,1.0475161150337295,13,0.31394754526809227,0.6164298892406888,0.7328748382164331,0.8411120932202673,12,0.4167313926077082,False,0.4167313926077082,1.0
GSE163603_interstitium,interstitium only,sex,SGCG,-0.12034637355888719,0.5459223415651797,-0.22044595796143762,13,0.8289481200367821,0.48403611042536565,0.7160106045558676,0.6760180747959832,12,0.5118478077744854,True,0.5118478077744854,1.0
GSE163603_interstitium,interstitium only,sex,SGCZ,0.23359451341385917,0.5430910457876803,0.4301203550043103,13,0.6741523921025279,-0.05461596388083467,0.7480465453262707,-0.07301145125536697,12,0.9429998704119134,True,0.9429998704119134,1.0
GSE163603_interstitium,interstitium only,sex,SH3PXD2A,0.05822190727780242,0.5467033437165987,0.10649634385258787,13,0.9168144291806037,-0.675137156639765,0.694251003162501,-0.9724683919278947,12,0.35001266217594623,True,0.35001266217594623,1.0
GSE163603_interstitium,interstitium only,sex,SHC1,-0.33431771023005036,0.5390248001655342,-0.6202269545434302,13,0.545827717299509,0.2644176312329798,0.7066486622911727,0.3741854267093018,12,0.714794448251254,True,0.714794448251254,1.0
GSE163603_interstitium,interstitium only,sex,SIRPA,1.1717283411446628,0.4399249571887028,2.663473217415256,13,0.019505194098092635,0.998031399410104,0.6097001269871127,1.6369217509301903,12,0.12758483588966638,False,0.12758483588966638,0.9704464773356767
GSE163603_interstitium,interstitium only,sex,SIRPG,-0.10866847805932545,0.5461107277667554,-0.19898616257496024,13,0.8453519758279503,-0.4989727207706969,0.7436388537203765,-0.670987964486214,12,0.5149362513779442,False,0.5149362513779442,1.0
GSE163603_interstitium,interstitium only,sex,SKI,0.06533682411973833,0.5466414932816033,0.1195240846564861,13,0.9066875141746192,-0.2003972440823043,0.7546209390696256,-0.26556014245957005,12,0.7950852260650306,True,0.7950852260650306,1.0
GSE163603_interstitium,interstitium only,sex,SKIL,-0.12066927813595478,0.5459168585756962,-0.22103966243281517,13,0.828495438171332,0.16202500172154993,0.752439307622832,0.21533298444153937,12,0.8331241107259603,True,0.8331241107259603,1.0
GSE163603_interstitium,interstitium only,sex,SLC16A1,0.3333699901017553,0.5390699496917349,0.6184169425366627,13,0.546983509697727,0.12088312754911779,0.7471259939068124,0.1617975127822889,12,0.8741576161236205,False,0.8741576161236205,1.0
GSE163603_interstitium,interstitium only,sex,SLC16A3,0.6676815402531431,0.5146388016175166,1.297378934807502,13,0.21705215461051705,1.4477636603040778,0.634322091744225,2.282379376576803,12,0.041499425596268756,False,0.041499425596268756,0.9042280104533843
GSE163603_interstitium,interstitium only,sex,SLC16A8,0.7791708965956036,0.502438790974528,1.5507777476423092,13,0.14495059621489656,0.6837396148955385,0.7003996385148957,0.9762135462338578,12,0.3482284734293668,False,0.3482284734293668,1.0
GSE163603_interstitium,interstitium only,sex,SLC3A2,0.7435472698300265,0.5065741912719811,1.4677954041894998,13,0.1659346277379635,1.3542303317973505,0.6561088812499001,2.0640329227330616,12,0.06133200467180358,False,0.06133200467180358,0.9701608011721657
GSE163603_interstitium,interstitium only,sex,SLC7A10,-0.037091109825871466,0.5468450166082619,-0.0678274624425115,13,0.9469551123095488,0.22115885097912624,0.7553952775508705,0.2927723505184777,12,0.7746970060474727,True,0.7746970060474727,1.0
GSE163603_interstitium,interstitium only,sex,SLC7A11,0.39211556675491355,0.5360205414546495,0.731530858296573,13,0.4774352378296451,0.36402361973829594,0.7484131036070637,0.486393968763831,12,0.6354496453440683,False,0.6354496453440683,1.0
GSE163603_interstitium,interstitium only,sex,SLC7A5,1.0279291324852136,0.4667605701062695,2.202262141061273,13,0.046304724049698695,1.5570518414127712,0.6101991932269174,2.5517107506789896,12,0.025385704728019386,False,0.025385704728019386,0.8976864134382039
GSE163603_interstitium,interstitium only,sex,SLC7A6,-0.1116340973483555,0.5460647127893365,-0.20443382392925696,13,0.8411803421540365,-0.7210370710427088,0.7154241822265698,-1.007845539689014,12,0.3334194017011211,False,0.3334194017011211,1.0
GSE163603_interstitium,interstitium only,sex,SLC7A7,0.6358310894770755,0.5177323123705535,1.228107796799045,13,0.24117817070110745,0.16260512384482917,0.6933266758560754,0.23452887290692337,12,0.8185283315064584,False,0.8185283315064584,1.0
GSE163603_interstitium,interstitium only,sex,SLC7A8,0.5599299765884153,0.5244313631270311,1.067689722540079,13,0.3050870020149443,-0.12411137197754463,0.6697547986414505,-0.1853086715157482,12,0.8560821510148585,True,0.8560821510148585,1.0
GSE163603_interstitium,interstitium only,sex,SLC7A9,0.6058724798484768,0.5204884855780375,1.1640458850412696,13,0.2653245110387165,1.6529917054390406,0.5680537940590774,2.9099210721355204,12,0.013082990138941111,False,0.013082990138941111,0.8123554510390532
GSE163603_interstitium,interstitium only,sex,SMAD2,0.7641720903517023,0.5042076728138302,1.515589967298771,13,0.1535552511659661,1.1399428310605604,0.685028321668195,1.6640813160608428,12,0.12197013088393208,False,0.12197013088393208,0.9704464773356767
GSE163603_interstitium,interstitium only,sex,SMAD3,-0.671645131808924,0.5142419144726358,-1.3060878798604116,13,0.21416093679013878,0.2752065509320789,0.5895491798085329,0.46680847053583785,12,0.6489983033480642,True,0.6489983033480642,1.0
GSE163603_interstitium,interstitium only,sex,SMAD4,0.0045453180870470315,0.5469403165985773,0.008310446220740083,13,0.9934954780516392,0.39199007347324016,0.7451066800341789,0.5260858397555356,12,0.6084143917017895,False,0.6084143917017895,1.0
GSE163603_interstitium,interstitium only,sex,SMAD7,0.0034422524573971456,0.5469409361859067,0.006293645674799363,13,0.9950739861911702,-0.41212690849761885,0.7422605553677737,-0.555232129091676,12,0.5889367985091338,True,0.5889367985091338,1.0
GSE163603_interstitium,interstitium only,sex,SMPD1,-0.4255061033865203,0.5340580093001789,-0.7967413576365922,13,0.4399102618164577,0.2399792174728862,0.6878493717218028,0.348883385430996,12,0.7332219360672553,True,0.7332219360672553,1.0
GSE163603_interstitium,interstitium only,sex,SMURF1,-0.23102160668473545,0.5431756980327462,-0.4253165366592081,13,0.6775619611130621,-0.345186485216871,0.7568909315519844,-0.4560584237798641,12,0.6564914189712766,False,0.6564914189712766,1.0
GSE163603_interstitium,interstitium only,sex,SMURF2,0.8560775850774436,0.49271774235566784,1.7374604392863222,13,0.10592183338903007,1.0510589393478897,0.6828430892132658,1.5392393303106604,12,0.14968895978523158,False,0.14968895978523158,0.9704464773356767
GSE163603_interstitium,interstitium only,sex,SNTA1,0.6825450190161771,0.5131367478486604,1.3301425436353282,13,0.20633644425227873,0.44372928354403995,0.7090553566032828,0.6258034431468331,12,0.5431633504718861,False,0.5431633504718861,1.0
GSE163603_interstitium,interstitium only,sex,SNTB1,0.4423688742927696,0.5330030067706962,0.8299556825634974,13,0.42154386190249193,0.5511129902999964,0.7428072156846717,0.7419327366011329,12,0.47240046852479317,False,0.47240046852479317,1.0
GSE163603_interstitium,interstitium only,sex,SNTB2,-0.39832879005109567,0.5356680274993314,-0.7436112846059173,13,0.47033864201400244,-0.2818479591223583,0.7463172918341777,-0.37765165326623756,12,0.7122842366463814,False,0.7122842366463814,1.0
GSE163603_interstitium,interstitium only,sex,SNTG2,0.8452194209900289,0.49415763751366826,1.7104246839990414,13,0.11092967291222923,0.6604086209034883,0.6853976104588182,0.9635408860871257,12,0.35429208855369554,False,0.35429208855369554,1.0
GSE163603_interstitium,interstitium only,sex,SNW1,0.30735205074237393,0.5402580299330871,0.5688986256815851,13,0.579121359590813,0.6760735528441595,0.7373410852332623,0.9169074752294314,12,0.3772506523178342,False,0.3772506523178342,1.0
GSE163603_interstitium,interstitium only,sex,SOS1,0.5030847146015032,0.528844506653109,0.9512904233143472,13,0.35880942163241714,0.32788195847133983,0.7345840304174233,0.44635051252750857,12,0.6632918552250258,False,0.6632918552250258,1.0
GSE163603_interstitium,interstitium only,sex,SP1,-0.39023965123000925,0.5361258393825069,-0.7278881608830404,13,0.47958793055604765,-0.1113864757338845,0.7388575339645759,-0.150755011099643,12,0.8826734755063587,False,0.8826734755063587,1.0
GSE163603_interstitium,interstitium only,sex,SPARC,0.28179394684314835,0.5413289246355073,0.5205595600362358,13,0.6114253085861695,-0.23184975221764514,0.7224638830173846,-0.3209153532344345,12,0.7537945626115392,True,0.7537945626115392,1.0
GSE163603_interstitium,interstitium only,sex,SPN,0.5583157814559772,0.5245637291389492,1.0643430920632477,13,0.306543929280702,0.0802844627548045,0.70265887349326,0.11425809277220293,12,0.910922663450714,False,0.910922663450714,1.0
GSE163603_interstitium,interstitium only,sex,SPOCK3,1.0847920379752884,0.4567540259798407,2.3750026847561205,13,0.03362036653986895,1.0117723459685215,0.6370381007787158,1.5882446351823074,12,0.13821631620466404,False,0.13821631620466404,0.9704464773356767
GSE163603_interstitium,interstitium only,sex,SPP1,-0.029456242028526813,0.5468807505153095,-0.053862276192334566,13,0.957863831386905,0.13805307196824795,0.7602250001660553,0.18159501718319332,12,0.8589318431726224,True,0.8589318431726224,1.0
GSE163603_interstitium,interstitium only,sex,SRC,0.9006782594654471,0.4865631085493103,1.8511026496661918,13,0.08700162316862142,1.08899559990857,0.6745374288272356,1.6144331705979902,12,0.132404253529637,False,0.132404253529637,0.9704464773356767
GSE163603_interstitium,interstitium only,sex,SSPN,0.931527305547084,0.4820745049270893,1.9323305755154414,13,0.07540533262394616,0.6526741409796311,0.6622628151277036,0.9855213460139333,12,0.3438225407133058,False,0.3438225407133058,1.0
GSE163603_interstitium,interstitium only,sex,STAT1,0.27687372239151,0.5415241901506381,0.5112859728657566,13,0.6177236497481998,1.388333629734238,0.5832732109012136,2.3802458329761587,12,0.034747249658963676,False,0.034747249658963676,0.8976864134382039
GSE163603_interstitium,interstitium only,sex,STRAP,1.1073533603881445,0.45257021759705335,2.446810058045133,13,0.029388596896526682,1.3568683948243816,0.6226759069066944,2.179092493822317,12,0.049974968537360116,False,0.049974968537360116,0.9042280104533843
GSE163603_interstitium,interstitium only,sex,STUB1,-0.9264437568045113,0.48282747789747144,-1.9187883855302077,13,0.07723539028422685,-1.201442276603423,0.6636332521056728,-1.810400959854424,12,0.09532744056792666,False,0.09532744056792666,0.9704464773356767
GSE163603_interstitium,interstitium only,sex,TEK,0.5245135282092832,0.5272405995525077,0.9948276529813161,13,0.3379773688038805,0.15305814482181257,0.7184671777790121,0.21303428960381898,12,0.8348764280969844,False,0.8348764280969844,1.0
GSE163603_interstitium,interstitium only,sex,TFDP1,0.2583852763450035,0.5422266016412898,0.4765263739604174,13,0.6416093047087441,0.2853225838714343,0.7570883945768194,0.37686825728046935,12,0.7128512587856523,False,0.7128512587856523,1.0
GSE163603_interstitium,interstitium only,sex,TFDP2,0.7237451220893197,0.5087754444320057,1.4225236890064634,13,0.17842424004058335,0.1227831409606821,0.6610942926718056,0.1857271229259223,12,0.8557611821251753,False,0.8557611821251753,1.0
GSE163603_interstitium,interstitium only,sex,TFPI,0.26253803589225944,0.5420731336267293,0.48432216910613896,13,0.6362147572486337,0.589255145473765,0.7436261743795172,0.7924077524105986,12,0.4435069231772154,False,0.4435069231772154,1.0
GSE163603_interstitium,interstitium only,sex,TGFB1,0.026900922798542313,0.5468908785293234,0.0491888306326907,13,0.9615165179261612,-0.07591056508230677,0.7623928590324479,-0.09956883014177861,12,0.9223306976819116,True,0.9223306976819116,1.0
GSE163603_interstitium,interstitium only,sex,TGFB2,0.41753296871576284,0.5345418677510599,0.7811043323368095,13,0.4487324754894383,0.6883616405167553,0.7371773765947477,0.93378020320769,12,0.3688266093595483,False,0.3688266093595483,1.0
GSE163603_interstitium,interstitium only,sex,TGFB3,-0.14959592338585226,0.5453657875221295,-0.2743038283819409,13,0.7881615874702042,-0.22756832962525883,0.7608130843144165,-0.29911200834607765,12,0.7699715948814253,False,0.7699715948814253,1.0
GSE163603_interstitium,interstitium only,sex,TGFBR1,0.6706744822586636,0.51433935428305,1.3039532687393383,13,0.21486670282107112,0.5537162028103226,0.7164480698719448,0.7728629974665041,12,0.45455781474178475,False,0.45455781474178475,1.0
GSE163603_interstitium,interstitium only,sex,TGFBR2,0.9117816921516962,0.48496970839153997,1.880079675853837,13,0.08269135229178136,0.9411530952640155,0.6771039084507151,1.3899684871373326,12,0.18978442015105654,False,0.18978442015105654,1.0
GSE163603_interstitium,interstitium only,sex,TGFBR3,0.06154766113724114,0.546675320199464,0.11258540282152193,13,0.9120791982650561,0.19518272715010287,0.7611942453190345,0.2564164513202503,12,0.8019724541683937,False,0.8019724541683937,1.0
GSE163603_interstitium,interstitium only,sex,TGIF1,0.6310474901170646,0.5181823226882631,1.217809760169493,13,0.24493910931804747,0.7867693805397844,0.7204536404405014,1.0920471996764929,12,0.2962524552755495,False,0.2962524552755495,1.0
GSE163603_interstitium,interstitium only,sex,TGIF2,0.8694629894009319,0.4909114755659881,1.7711197082905819,13,0.09996788045181927,0.6079945633299877,0.6761064073051885,0.8992586917691261,12,0.3862044475139802,False,0.3862044475139802,1.0
GSE163603_interstitium,interstitium only,sex,THBD,0.38013437281585144,0.5366840316304721,0.7083019997091861,13,0.49126369926417324,0.1699841987527596,0.7438934276412872,0.228506117189044,12,0.8231004366814737,False,0.8231004366814737,1.0
GSE163603_interstitium,interstitium only,sex,THBS1,-0.2460254558904846,0.5426686454594815,-0.45336220905516494,13,0.6577628887224661,-0.18480315640912653,0.7573316794675108,-0.24401878518942177,12,0.8113383607549876,False,0.8113383607549876,1.0
GSE163603_interstitium,interstitium only,sex,TIMP1,0.5358852925719442,0.5263602044004269,1.0180961404222557,13,0.32720629019917974,1.0153790255352095,0.7050875522396308,1.4400750974967194,12,0.17542189563220112,False,0.17542189563220112,1.0
GSE163603_interstitium,interstitium only,sex,TIMP2,0.20167151475455247,0.5440741952390666,0.3706691413033067,13,0.7168537443640514,0.6238850119407865,0.7374334403033646,0.8460221327692075,12,0.41409285657441425,False,0.41409285657441425,1.0
GSE163603_interstitium,interstitium only,sex,TLL1,0.13574463581410884,0.5456444519124283,0.24877855046145472,13,0.807419135125171,-0.3662484200234962,0.7302875458612293,-0.5015126193773151,12,0.6250841168446953,True,0.6250841168446953,1.0
GSE163603_interstitium,interstitium only,sex,TLL2,-0.4943517700184998,0.5294776247446784,-0.9336594162159038,13,0.36749787548537016,-0.7563283059758958,0.730621199866405,-1.0351852726340154,12,0.3209938082157144,False,0.3209938082157144,1.0
GSE163603_interstitium,interstitium only,sex,TMPRSS6,0.41928778573368836,0.534436197647248,0.7845422663725281,13,0.4467832487085924,0.1659289585134185,0.7381918726652704,0.22477754721726417,12,0.8259343520226674,False,0.8259343520226674,1.0
GSE163603_interstitium,interstitium only,sex,TNC,-0.3246090294784948,0.5394810802178984,-0.601706049352804,13,0.5577180203466245,-0.604052185232188,0.7435631046099523,-0.812375145414259,12,0.4323975720724124,False,0.4323975720724124,1.0
GSE163603_interstitium,interstitium only,sex,TNFRSF10A,-0.4137860626064386,0.5347659432860143,-0.7737704089079007,13,0.4529086461849796,0.080364442430359,0.7154480150136412,0.1123274378346367,12,0.9124209312551244,True,0.9124209312551244,1.0
GSE163603_interstitium,interstitium only,sex,TNFRSF10B,-0.5327309755347057,0.526606450382266,-1.0116301749589165,13,0.33017413467965356,-0.04043510545248741,0.703790725319294,-0.0574533082034335,12,0.9551297040802682,False,0.9551297040802682,1.0
GSE163603_interstitium,interstitium only,sex,TNFRSF10D,0.16673746422821173,0.5449832394678711,0.30594971029020346,13,0.7644873702466409,0.238660552166725,0.7603901640297931,0.3138659118128387,12,0.7590120067357287,False,0.7590120067357287,1.0
GSE163603_interstitium,interstitium only,sex,TNN,-0.4227716176953827,0.534225035280086,-0.7913736530032329,13,0.4429260425140085,-0.6694051907790378,0.7383208549416478,-0.9066589224706966,12,0.3824323641403186,False,0.3824323641403186,1.0
GSE163603_interstitium,interstitium only,sex,TNR,0.10959014996740134,0.5460965600668503,0.20067907029845763,13,0.8440550785284019,-0.2258724505305058,0.7486197241426706,-0.3017185404634883,12,0.7680315376770394,True,0.7680315376770394,1.0
GSE163603_interstitium,interstitium only,sex,TNXB,-0.9875749111950123,0.4734151441849103,-2.0860653135533775,13,0.057240905597259896,0.07024064969583232,0.47668660814866687,0.147351841849784,12,0.8853011068522995,True,0.8853011068522995,1.0
GSE163603_interstitium,interstitium only,sex,TPSAB1,1.354219443895104,0.3975868155476646,3.4060974633419496,13,0.004687090906480442,1.7011415940836905,0.5344906262696734,3.1827341967740925,12,0.007881093641354527,False,0.007881093641354527,0.7885637292348683
GSE163603_interstitium,interstitium only,sex,TRAPPC4,0.6629799330816845,0.5151061501671202,1.287074388194721,13,0.2205135453258396,0.8566407647636063,0.7144017619722349,1.1991022564091876,12,0.2536307494277441,False,0.2536307494277441,1.0
GSE163603_interstitium,interstitium only,sex,TREM1,0.1478259837242935,0.5454029115761635,0.2710399607092126,13,0.7906162483758346,0.3030275850125814,0.7586428948578283,0.39943376134745134,12,0.6965913414271169,False,0.6965913414271169,1.0
GSE163603_interstitium,interstitium only,sex,TRIM33,0.3381915246009942,0.5388388785568282,0.6276301470799069,13,0.5411145130446042,0.3602564433702674,0.7523868824391386,0.47881808120094244,12,0.640674452105056,False,0.640674452105056,1.0
GSE163603_interstitium,interstitium only,sex,TSPAN7,0.2867398174705406,0.5411291020397039,0.5298916956964955,13,0.6051195008141875,0.3468885703961987,0.7551966788891199,0.4593354024099593,12,0.6542030760004204,False,0.6542030760004204,1.0
GSE163603_interstitium,interstitium only,sex,TTR,0.7114017086821225,0.5101128455678324,1.3945967345523818,13,0.18651213252995877,0.45079404391053346,0.7033385799990912,0.6409346177357652,12,0.5336145906963863,False,0.5336145906963863,1.0
GSE163603_interstitium,interstitium only,sex,UBA52,0.7546018715814543,0.505315202795752,1.4933290496832008,13,0.15922019434072335,0.46301219495498414,0.6942460907236797,0.6669280549672838,12,0.5174369536395086,False,0.5174369536395086,1.0
GSE163603_interstitium,interstitium only,sex,UBB,0.23865916633220613,0.5429216327649808,0.4395830851623416,13,0.6674580205938996,0.6458255230677034,0.7373635608005319,0.8758576601840093,12,0.3983007040940703,False,0.3983007040940703,1.0
GSE163603_interstitium,interstitium only,sex,UBC,-0.5982306585699636,0.5211679906366997,-1.1478653127547571,13,0.2717093597608612,-0.8959128171754349,0.716265380316104,-1.250811280003577,12,0.23484190275276964,False,0.23484190275276964,1.0
GSE163603_interstitium,interstitium only,sex,UBE2D1,0.9630432485454485,0.4772869311430952,2.017744852638169,13,0.06474726261266602,1.7434440653048906,0.574476474299176,3.0348397946700585,12,0.010372871825806793,False,0.010372871825806793,0.8123554510390532
GSE163603_interstitium,interstitium only,sex,UBE2D2,0.16723995888658733,0.5449713955119043,0.30687841648917175,13,0.7637961801607447,0.7112291256563851,0.7236381434895701,0.9828519019556576,12,0.3450820210520789,False,0.3450820210520789,1.0
GSE163603_interstitium,interstitium only,sex,UBE2D3,-0.20984860740920522,0.5438362628909341,-0.3858672577177704,13,0.7058357044825697,0.12316804192605946,0.745609885255607,0.1651909991561277,12,0.871543845920904,True,0.871543845920904,1.0
GSE163603_interstitium,interstitium only,sex,UBE2M,-0.44598879673104735,0.532770904876591,-0.8371117729005012,13,0.4176534960480727,0.25316444905706526,0.6795914735018254,0.37252446348767393,12,0.7159985416904643,True,0.7159985416904643,1.0
GSE163603_interstitium,interstitium only,sex,UCHL5,0.5049776752468391,0.5287057081933627,0.9551205281524111,13,0.35694120818572544,0.09534147952437544,0.716672955782523,0.13303345515566958,12,0.896371757436536,False,0.896371757436536,1.0
GSE163603_interstitium,interstitium only,sex,USP15,0.6969052735164167,0.5116498147872608,1.3620747108179516,13,0.1963099912284412,0.7187502008160706,0.7144174648872662,1.006064711659153,12,0.3342407767332929,False,0.3342407767332929,1.0
GSE163603_interstitium,interstitium only,sex,USP9X,-0.44486189921416724,0.5328433728243264,-0.8348830480074942,13,0.41886258517980196,0.5244106925566377,0.6144052103134587,0.8535257900711692,12,0.4100821780986846,True,0.4100821780986846,1.0
GSE163603_interstitium,interstitium only,sex,UTRN,-0.5821402778819653,0.5225677420757852,-1.1139996425526408,13,0.2854523760553082,-0.5769474777915337,0.7297226746467204,-0.7906393727875463,12,0.4444996156013364,False,0.4444996156013364,1.0
GSE163603_interstitium,interstitium only,sex,VCAM1,0.735549897861257,0.507471502545496,1.449440794550455,13,0.1709070562542212,1.3018003306970733,0.6648747020063344,1.9579633978684166,12,0.07389454853635939,False,0.07389454853635939,0.9704464773356767
GSE163603_interstitium,interstitium only,sex,VCAN,0.23238135873905685,0.5431310787390715,0.4278550203360696,13,0.6757593141367501,0.6796548965282876,0.733296062752763,0.926849237369271,12,0.37227093614212725,False,0.37227093614212725,1.0
GSE163603_interstitium,interstitium only,sex,VEGFA,-1.1854005372114045,0.4370983391612503,-2.7119767590196617,13,0.01778307538410165,-0.7473286904775398,0.5801505119331251,-1.2881634594915012,12,0.22197404886607675,False,0.22197404886607675,1.0
GSE163603_interstitium,interstitium only,sex,VHL,-0.4995324292295342,0.5291034682174781,-0.9441110467720668,13,0.3623298102154465,-0.2079818734730624,0.7279873710616014,-0.28569434270510613,12,0.7799839125508173,False,0.7799839125508173,1.0
GSE163603_interstitium,interstitium only,sex,VPREB1,-0.00867384096182809,0.5469364787594947,-0.015858954921970477,13,0.9875877251524362,0.002556381952186257,0.7637397468367564,0.0033471898808124546,12,0.9973843350211737,True,0.9973843350211737,1.0
GSE163603_interstitium,interstitium only,sex,VPREB3,-0.16774689132745094,0.5449594105801943,-0.30781538600986486,13,0.7630990534980765,-0.06581757170157115,0.7597133887121137,-0.08663473973144906,12,0.932390674077084,False,0.932390674077084,1.0
GSE163603_interstitium,interstitium only,sex,VTN,0.21023181096634802,0.543824878101447,0.38657998085760736,13,0.7053206743206041,0.22711343878873785,0.7593749308986913,0.29907945278093095,12,0.7699958364950178,False,0.7699958364950178,1.0
GSE163603_interstitium,interstitium only,sex,VWF,0.7400416391748467,0.5069689158409476,1.45973769998755,13,0.1681023663683427,0.6830739995897707,0.7075136699626121,0.9654569637161456,12,0.3533704787746821,False,0.3533704787746821,1.0
GSE163603_interstitium,interstitium only,sex,WTIP,-0.9733706895344113,0.4756726726553586,-2.0463035727924868,13,0.061505155925484056,-1.1829539758688505,0.6580119999577246,-1.7977696089810702,12,0.09740191318978718,False,0.09740191318978718,0.9704464773356767
GSE163603_interstitium,interstitium only,sex,WWTR1,0.012545162717410994,0.5469307021060825,0.02293738981758193,13,0.9820485551362932,-0.6024467514503707,0.7158172975347751,-0.8416208347090178,12,0.4164574883239435,True,0.4164574883239435,1.0
GSE163603_interstitium,interstitium only,sex,XCL1,0.5349134555339055,0.5264362393985885,1.0161030254015215,13,0.3281190478429731,0.4019378667578706,0.7328697036272629,0.5484438294672581,12,0.5934441311965742,False,0.5934441311965742,1.0
GSE163603_interstitium,interstitium only,sex,XCL2,-0.15869582560003265,0.5451679010124392,-0.2910953218362936,13,0.7755709159496452,0.06554067366802813,0.7550680778235515,0.08680101250862844,12,0.9322612678049019,True,0.9322612678049019,1.0
GSE163603_interstitium,interstitium only,sex,XCR1,-0.08515233677134591,0.5464316389386458,-0.15583346699459136,13,0.8785580985640122,-1.335670795594707,0.5376187006525388,-2.484420266582108,12,0.028724433526480856,False,0.028724433526480856,0.8976864134382039
GSE163603_interstitium,interstitium only,sex,XPO1,-0.18835862022345032,0.5444411332929043,-0.34596691672470514,13,0.7349024190161316,0.7492264062369751,0.6427959804758713,1.165574193046932,12,0.2664321244195764,True,0.2664321244195764,1.0
GSE163603_interstitium,interstitium only,sex,YBX1,-0.03826227536364613,0.5468388095487403,-0.06996993391017865,13,0.9452824761280422,0.2807371569579484,0.751021713057886,0.37380697798321866,12,0.715068729312752,True,0.715068729312752,1.0
GSE163603_interstitium,interstitium only,sex,YES1,0.6449208736380453,0.5168667404239948,1.2477507705545252,13,0.2341306569743461,1.861983955271565,0.49316520175151185,3.7755785458069515,12,0.0026447850254643695,False,0.0026447850254643695,0.6135901259077338
GSE163603_interstitium,interstitium only,sex,ZFYVE9,0.52304053123152,0.5273531506552277,0.99182214154149,13,0.33938702337864673,0.16384036256559098,0.7197954438709548,0.22762072747290735,12,0.8237731466724145,False,0.8237731466724145,1.0
