dataset,sample_1,sample_2,pearson_correlation
GSE142025 C1,GSM4217781,GSM4217782,0.6874422073828121
GSE142025 C1,GSM4217781,GSM4217783,0.6429461754418156
GSE142025 C1,GSM4217781,GSM4217784,0.692958914083777
GSE142025 C1,GSM4217781,GSM4217785,0.6595474681056088
GSE142025 C1,GSM4217781,GSM4217786,0.6372415198427446
GSE142025 C1,GSM4217781,GSM4217787,0.4833766841889052
GSE142025 C1,GSM4217781,GSM4217788,0.5780868489862473
GSE142025 C1,GSM4217781,GSM4217789,0.5695872986817417
GSE142025 C1,GSM4217781,GSM4217790,0.641537370920297
GSE142025 C1,GSM4217781,GSM4217791,0.701935409390938
GSE142025 C1,GSM4217781,GSM4217792,0.5980776493974306
GSE142025 C1,GSM4217781,GSM4217793,0.6036594498257427
GSE142025 C1,GSM4217781,GSM4217794,0.5656120782844903
GSE142025 C1,GSM4217781,GSM4217795,0.5797001145284516
GSE142025 C1,GSM4217781,GSM4217796,0.6709785423140423
GSE142025 C1,GSM4217781,GSM4217797,0.5006478063045681
GSE142025 C1,GSM4217781,GSM4217798,0.6669583913577254
GSE142025 C1,GSM4217781,GSM4217799,0.5815227344225636
GSE142025 C1,GSM4217781,GSM4217800,0.5588499635181001
GSE142025 C1,GSM4217781,GSM4217801,0.6091186966491557
GSE142025 C1,GSM4217781,GSM4217808,0.5547119299244009
GSE142025 C1,GSM4217781,GSM4217809,0.5431306229109949
GSE142025 C1,GSM4217781,GSM4217810,0.5047493592740632
GSE142025 C1,GSM4217781,GSM4217811,0.5195699720816158
GSE142025 C1,GSM4217781,GSM4217812,0.47888421646660245
GSE142025 C1,GSM4217781,GSM4217813,0.5301017736667281
GSE142025 C1,GSM4217781,GSM4217814,0.5777379357193837
GSE142025 C1,GSM4217781,GSM4217815,0.5346238346543322
GSE142025 C1,GSM4217781,GSM4217816,0.6042288333119226
GSE142025 C1,GSM4217782,GSM4217783,0.7994939494083164
GSE142025 C1,GSM4217782,GSM4217784,0.8462216640055904
GSE142025 C1,GSM4217782,GSM4217785,0.8306133360710085
GSE142025 C1,GSM4217782,GSM4217786,0.8069122150827773
GSE142025 C1,GSM4217782,GSM4217787,0.5824015550460453
GSE142025 C1,GSM4217782,GSM4217788,0.703728649727666
GSE142025 C1,GSM4217782,GSM4217789,0.7160724980733072
GSE142025 C1,GSM4217782,GSM4217790,0.8222148861270852
GSE142025 C1,GSM4217782,GSM4217791,0.8443138376158251
GSE142025 C1,GSM4217782,GSM4217792,0.711128921393592
GSE142025 C1,GSM4217782,GSM4217793,0.7237257683788764
GSE142025 C1,GSM4217782,GSM4217794,0.7424559290486383
GSE142025 C1,GSM4217782,GSM4217795,0.6976600335045163
GSE142025 C1,GSM4217782,GSM4217796,0.8150220831983603
GSE142025 C1,GSM4217782,GSM4217797,0.626219908171876
GSE142025 C1,GSM4217782,GSM4217798,0.8053065592118218
GSE142025 C1,GSM4217782,GSM4217799,0.6864742568965536
GSE142025 C1,GSM4217782,GSM4217800,0.7632343037555512
GSE142025 C1,GSM4217782,GSM4217801,0.8034552747796689
GSE142025 C1,GSM4217782,GSM4217808,0.717713223324986
GSE142025 C1,GSM4217782,GSM4217809,0.6674183556653639
GSE142025 C1,GSM4217782,GSM4217810,0.6207741559858933
GSE142025 C1,GSM4217782,GSM4217811,0.694354085184226
GSE142025 C1,GSM4217782,GSM4217812,0.5909118883347784
GSE142025 C1,GSM4217782,GSM4217813,0.6536823433284802
GSE142025 C1,GSM4217782,GSM4217814,0.7299373098461412
GSE142025 C1,GSM4217782,GSM4217815,0.6777475960366054
GSE142025 C1,GSM4217782,GSM4217816,0.7354129051089845
GSE142025 C1,GSM4217783,GSM4217784,0.8020693382316876
GSE142025 C1,GSM4217783,GSM4217785,0.7176765926608601
GSE142025 C1,GSM4217783,GSM4217786,0.7232174110544014
GSE142025 C1,GSM4217783,GSM4217787,0.4151092212032111
GSE142025 C1,GSM4217783,GSM4217788,0.5688820348681517
GSE142025 C1,GSM4217783,GSM4217789,0.6144542632122827
GSE142025 C1,GSM4217783,GSM4217790,0.8215810458468593
GSE142025 C1,GSM4217783,GSM4217791,0.7658417793004683
GSE142025 C1,GSM4217783,GSM4217792,0.7874171355577766
GSE142025 C1,GSM4217783,GSM4217793,0.6113916901785016
GSE142025 C1,GSM4217783,GSM4217794,0.7100830029133249
GSE142025 C1,GSM4217783,GSM4217795,0.5200841823226672
GSE142025 C1,GSM4217783,GSM4217796,0.7368258331617602
GSE142025 C1,GSM4217783,GSM4217797,0.7592104200434026
GSE142025 C1,GSM4217783,GSM4217798,0.7582307350678001
GSE142025 C1,GSM4217783,GSM4217799,0.5452313968736894
GSE142025 C1,GSM4217783,GSM4217800,0.7496689362166474
GSE142025 C1,GSM4217783,GSM4217801,0.7643968065812032
GSE142025 C1,GSM4217783,GSM4217808,0.8218688493804513
GSE142025 C1,GSM4217783,GSM4217809,0.8185462606276165
GSE142025 C1,GSM4217783,GSM4217810,0.7526145856488499
GSE142025 C1,GSM4217783,GSM4217811,0.8096084182627303
GSE142025 C1,GSM4217783,GSM4217812,0.731430681607675
GSE142025 C1,GSM4217783,GSM4217813,0.8003334027585307
GSE142025 C1,GSM4217783,GSM4217814,0.8456144053850582
GSE142025 C1,GSM4217783,GSM4217815,0.8349047369206981
GSE142025 C1,GSM4217783,GSM4217816,0.827034587781904
GSE142025 C1,GSM4217784,GSM4217785,0.8275519188259572
GSE142025 C1,GSM4217784,GSM4217786,0.7831465575270923
GSE142025 C1,GSM4217784,GSM4217787,0.5160555436476725
GSE142025 C1,GSM4217784,GSM4217788,0.7129634045648876
GSE142025 C1,GSM4217784,GSM4217789,0.7233744398182371
GSE142025 C1,GSM4217784,GSM4217790,0.783925101566972
GSE142025 C1,GSM4217784,GSM4217791,0.8598823641645379
GSE142025 C1,GSM4217784,GSM4217792,0.7645750677275365
GSE142025 C1,GSM4217784,GSM4217793,0.7086057322604029
GSE142025 C1,GSM4217784,GSM4217794,0.7828477744112508
GSE142025 C1,GSM4217784,GSM4217795,0.6779307476827031
GSE142025 C1,GSM4217784,GSM4217796,0.8328225984647303
GSE142025 C1,GSM4217784,GSM4217797,0.6519281531491472
GSE142025 C1,GSM4217784,GSM4217798,0.8530286451583378
GSE142025 C1,GSM4217784,GSM4217799,0.637340853476604
GSE142025 C1,GSM4217784,GSM4217800,0.7414468605207324
GSE142025 C1,GSM4217784,GSM4217801,0.7703442320732485
GSE142025 C1,GSM4217784,GSM4217808,0.7245999922940073
GSE142025 C1,GSM4217784,GSM4217809,0.6734725187986169
GSE142025 C1,GSM4217784,GSM4217810,0.6883127649502964
GSE142025 C1,GSM4217784,GSM4217811,0.6745578686814716
GSE142025 C1,GSM4217784,GSM4217812,0.6045442761484735
GSE142025 C1,GSM4217784,GSM4217813,0.671622665064304
GSE142025 C1,GSM4217784,GSM4217814,0.7314221485851679
GSE142025 C1,GSM4217784,GSM4217815,0.6829553841487525
GSE142025 C1,GSM4217784,GSM4217816,0.7358713459630786
GSE142025 C1,GSM4217785,GSM4217786,0.8429117367649557
GSE142025 C1,GSM4217785,GSM4217787,0.6489331505621106
GSE142025 C1,GSM4217785,GSM4217788,0.795515005218251
GSE142025 C1,GSM4217785,GSM4217789,0.7719684410105788
GSE142025 C1,GSM4217785,GSM4217790,0.796642490800275
GSE142025 C1,GSM4217785,GSM4217791,0.8433539712217797
GSE142025 C1,GSM4217785,GSM4217792,0.6565752079347887
GSE142025 C1,GSM4217785,GSM4217793,0.7516862739990814
GSE142025 C1,GSM4217785,GSM4217794,0.7536921265048703
GSE142025 C1,GSM4217785,GSM4217795,0.761383183282741
GSE142025 C1,GSM4217785,GSM4217796,0.8795847627455892
GSE142025 C1,GSM4217785,GSM4217797,0.5354468655293997
GSE142025 C1,GSM4217785,GSM4217798,0.8467187846975592
GSE142025 C1,GSM4217785,GSM4217799,0.6644254222194919
GSE142025 C1,GSM4217785,GSM4217800,0.6928989212876404
GSE142025 C1,GSM4217785,GSM4217801,0.7452960961834281
GSE142025 C1,GSM4217785,GSM4217808,0.6359394479456228
GSE142025 C1,GSM4217785,GSM4217809,0.5552268195294028
GSE142025 C1,GSM4217785,GSM4217810,0.5377814458810657
GSE142025 C1,GSM4217785,GSM4217811,0.5794508037743905
GSE142025 C1,GSM4217785,GSM4217812,0.5134446219015536
GSE142025 C1,GSM4217785,GSM4217813,0.5466858619349811
GSE142025 C1,GSM4217785,GSM4217814,0.6568904451118444
GSE142025 C1,GSM4217785,GSM4217815,0.5756897598666347
GSE142025 C1,GSM4217785,GSM4217816,0.6575703353207697
GSE142025 C1,GSM4217786,GSM4217787,0.5754868421725504
GSE142025 C1,GSM4217786,GSM4217788,0.7397173984474347
GSE142025 C1,GSM4217786,GSM4217789,0.7745151873714101
GSE142025 C1,GSM4217786,GSM4217790,0.8024628100560787
GSE142025 C1,GSM4217786,GSM4217791,0.809485216882525
GSE142025 C1,GSM4217786,GSM4217792,0.6903065972245924
GSE142025 C1,GSM4217786,GSM4217793,0.7107885830636407
GSE142025 C1,GSM4217786,GSM4217794,0.7192573562769473
GSE142025 C1,GSM4217786,GSM4217795,0.697400618526667
GSE142025 C1,GSM4217786,GSM4217796,0.8284009267594722
GSE142025 C1,GSM4217786,GSM4217797,0.6014008307695201
GSE142025 C1,GSM4217786,GSM4217798,0.8232757527229546
GSE142025 C1,GSM4217786,GSM4217799,0.6810501655630511
GSE142025 C1,GSM4217786,GSM4217800,0.7271584111056004
GSE142025 C1,GSM4217786,GSM4217801,0.8070244797655886
GSE142025 C1,GSM4217786,GSM4217808,0.6783229731709394
GSE142025 C1,GSM4217786,GSM4217809,0.5807947214216004
GSE142025 C1,GSM4217786,GSM4217810,0.5925532979612558
GSE142025 C1,GSM4217786,GSM4217811,0.611946047654351
GSE142025 C1,GSM4217786,GSM4217812,0.5706080853181853
GSE142025 C1,GSM4217786,GSM4217813,0.6011092291057419
GSE142025 C1,GSM4217786,GSM4217814,0.6847780709524053
GSE142025 C1,GSM4217786,GSM4217815,0.6182397801216309
GSE142025 C1,GSM4217786,GSM4217816,0.6702354750094344
GSE142025 C1,GSM4217787,GSM4217788,0.7555397372261768
GSE142025 C1,GSM4217787,GSM4217789,0.6904834242763853
GSE142025 C1,GSM4217787,GSM4217790,0.5327230975885489
GSE142025 C1,GSM4217787,GSM4217791,0.5746436643382546
GSE142025 C1,GSM4217787,GSM4217792,0.5092396527297858
GSE142025 C1,GSM4217787,GSM4217793,0.7355059747650091
GSE142025 C1,GSM4217787,GSM4217794,0.6449358306159186
GSE142025 C1,GSM4217787,GSM4217795,0.8007626404102605
GSE142025 C1,GSM4217787,GSM4217796,0.6236117675467778
GSE142025 C1,GSM4217787,GSM4217797,0.4093598878974271
GSE142025 C1,GSM4217787,GSM4217798,0.5644561101794923
GSE142025 C1,GSM4217787,GSM4217799,0.7109151592739853
GSE142025 C1,GSM4217787,GSM4217800,0.6264369519783863
GSE142025 C1,GSM4217787,GSM4217801,0.44029554592254955
GSE142025 C1,GSM4217787,GSM4217808,0.3132140557750865
GSE142025 C1,GSM4217787,GSM4217809,0.27155067674798566
GSE142025 C1,GSM4217787,GSM4217810,0.3756282847688638
GSE142025 C1,GSM4217787,GSM4217811,0.3129380443985174
GSE142025 C1,GSM4217787,GSM4217812,0.3544079424766871
GSE142025 C1,GSM4217787,GSM4217813,0.28468965466062723
GSE142025 C1,GSM4217787,GSM4217814,0.34069988131713813
GSE142025 C1,GSM4217787,GSM4217815,0.2864031053233589
GSE142025 C1,GSM4217787,GSM4217816,0.3558936356723301
GSE142025 C1,GSM4217788,GSM4217789,0.8619602040275561
GSE142025 C1,GSM4217788,GSM4217790,0.6445479118804245
GSE142025 C1,GSM4217788,GSM4217791,0.7235554987941123
GSE142025 C1,GSM4217788,GSM4217792,0.7042017869576304
GSE142025 C1,GSM4217788,GSM4217793,0.863836174303051
GSE142025 C1,GSM4217788,GSM4217794,0.8226617916777561
GSE142025 C1,GSM4217788,GSM4217795,0.870046855121256
GSE142025 C1,GSM4217788,GSM4217796,0.7767991296050962
GSE142025 C1,GSM4217788,GSM4217797,0.5870266205607542
GSE142025 C1,GSM4217788,GSM4217798,0.7588600843732549
GSE142025 C1,GSM4217788,GSM4217799,0.7492626269386347
GSE142025 C1,GSM4217788,GSM4217800,0.7666126503090507
GSE142025 C1,GSM4217788,GSM4217801,0.6224557396741159
GSE142025 C1,GSM4217788,GSM4217808,0.4682721240397302
GSE142025 C1,GSM4217788,GSM4217809,0.3817671278809006
GSE142025 C1,GSM4217788,GSM4217810,0.569317699021006
GSE142025 C1,GSM4217788,GSM4217811,0.43425574600025907
GSE142025 C1,GSM4217788,GSM4217812,0.5212826484224676
GSE142025 C1,GSM4217788,GSM4217813,0.3943645689462479
GSE142025 C1,GSM4217788,GSM4217814,0.5240931839054351
GSE142025 C1,GSM4217788,GSM4217815,0.41308446155626494
GSE142025 C1,GSM4217788,GSM4217816,0.5097308021110174
GSE142025 C1,GSM4217789,GSM4217790,0.7148752240382644
GSE142025 C1,GSM4217789,GSM4217791,0.7656427564221816
GSE142025 C1,GSM4217789,GSM4217792,0.7851185255576827
GSE142025 C1,GSM4217789,GSM4217793,0.8550015896722786
GSE142025 C1,GSM4217789,GSM4217794,0.8687099198689157
GSE142025 C1,GSM4217789,GSM4217795,0.8337172252733134
GSE142025 C1,GSM4217789,GSM4217796,0.7732644368918667
GSE142025 C1,GSM4217789,GSM4217797,0.6599094847733924
GSE142025 C1,GSM4217789,GSM4217798,0.7416066442701742
GSE142025 C1,GSM4217789,GSM4217799,0.780211264434553
GSE142025 C1,GSM4217789,GSM4217800,0.8126466266103518
GSE142025 C1,GSM4217789,GSM4217801,0.6725260294210201
GSE142025 C1,GSM4217789,GSM4217808,0.5795325294703398
GSE142025 C1,GSM4217789,GSM4217809,0.47529808915418736
GSE142025 C1,GSM4217789,GSM4217810,0.650871821064441
GSE142025 C1,GSM4217789,GSM4217811,0.5168430515977432
GSE142025 C1,GSM4217789,GSM4217812,0.6246624918439817
GSE142025 C1,GSM4217789,GSM4217813,0.4802544267213983
GSE142025 C1,GSM4217789,GSM4217814,0.6059640595020263
GSE142025 C1,GSM4217789,GSM4217815,0.5240445329697226
GSE142025 C1,GSM4217789,GSM4217816,0.5778088031415247
GSE142025 C1,GSM4217790,GSM4217791,0.8287500804835004
GSE142025 C1,GSM4217790,GSM4217792,0.7441437643088198
GSE142025 C1,GSM4217790,GSM4217793,0.6622034821176808
GSE142025 C1,GSM4217790,GSM4217794,0.6890609860367882
GSE142025 C1,GSM4217790,GSM4217795,0.6364252578060278
GSE142025 C1,GSM4217790,GSM4217796,0.7793189850159005
GSE142025 C1,GSM4217790,GSM4217797,0.697946170692632
GSE142025 C1,GSM4217790,GSM4217798,0.747031366844277
GSE142025 C1,GSM4217790,GSM4217799,0.6618787249000254
GSE142025 C1,GSM4217790,GSM4217800,0.7308453263991341
GSE142025 C1,GSM4217790,GSM4217801,0.7435132443736899
GSE142025 C1,GSM4217790,GSM4217808,0.7940024118511216
GSE142025 C1,GSM4217790,GSM4217809,0.7507922342240115
GSE142025 C1,GSM4217790,GSM4217810,0.6725611705088576
GSE142025 C1,GSM4217790,GSM4217811,0.7800637401295476
GSE142025 C1,GSM4217790,GSM4217812,0.6883973933132037
GSE142025 C1,GSM4217790,GSM4217813,0.7376319519655924
GSE142025 C1,GSM4217790,GSM4217814,0.7914669366957114
GSE142025 C1,GSM4217790,GSM4217815,0.7665137856876778
GSE142025 C1,GSM4217790,GSM4217816,0.7822029018267956
GSE142025 C1,GSM4217791,GSM4217792,0.7293603102017973
GSE142025 C1,GSM4217791,GSM4217793,0.7319443839388639
GSE142025 C1,GSM4217791,GSM4217794,0.7443213966366822
GSE142025 C1,GSM4217791,GSM4217795,0.7390847135547918
GSE142025 C1,GSM4217791,GSM4217796,0.8431424119350402
GSE142025 C1,GSM4217791,GSM4217797,0.604788944980192
GSE142025 C1,GSM4217791,GSM4217798,0.8162289719526136
GSE142025 C1,GSM4217791,GSM4217799,0.7002210774753252
GSE142025 C1,GSM4217791,GSM4217800,0.7244971441789924
GSE142025 C1,GSM4217791,GSM4217801,0.7491053923600862
GSE142025 C1,GSM4217791,GSM4217808,0.7382557405223154
GSE142025 C1,GSM4217791,GSM4217809,0.6828036376665084
GSE142025 C1,GSM4217791,GSM4217810,0.6549584829710592
GSE142025 C1,GSM4217791,GSM4217811,0.700787622907646
GSE142025 C1,GSM4217791,GSM4217812,0.6317982211436542
GSE142025 C1,GSM4217791,GSM4217813,0.6714653032902442
GSE142025 C1,GSM4217791,GSM4217814,0.7473306344168889
GSE142025 C1,GSM4217791,GSM4217815,0.6913422023729832
GSE142025 C1,GSM4217791,GSM4217816,0.7714779954854901
GSE142025 C1,GSM4217792,GSM4217793,0.7242611853861313
GSE142025 C1,GSM4217792,GSM4217794,0.8160443174530986
GSE142025 C1,GSM4217792,GSM4217795,0.6682131067998559
GSE142025 C1,GSM4217792,GSM4217796,0.699894852513123
GSE142025 C1,GSM4217792,GSM4217797,0.8474613037428196
GSE142025 C1,GSM4217792,GSM4217798,0.6982806523652016
GSE142025 C1,GSM4217792,GSM4217799,0.659552126655793
GSE142025 C1,GSM4217792,GSM4217800,0.8554356979671125
GSE142025 C1,GSM4217792,GSM4217801,0.6711858778405853
GSE142025 C1,GSM4217792,GSM4217808,0.7606592554060398
GSE142025 C1,GSM4217792,GSM4217809,0.7114628054693322
GSE142025 C1,GSM4217792,GSM4217810,0.8503670470470317
GSE142025 C1,GSM4217792,GSM4217811,0.7096032259395908
GSE142025 C1,GSM4217792,GSM4217812,0.814135078781007
GSE142025 C1,GSM4217792,GSM4217813,0.6926790420285679
GSE142025 C1,GSM4217792,GSM4217814,0.737788899155263
GSE142025 C1,GSM4217792,GSM4217815,0.7228614767018382
GSE142025 C1,GSM4217792,GSM4217816,0.7173404376644659
GSE142025 C1,GSM4217793,GSM4217794,0.848090271501777
GSE142025 C1,GSM4217793,GSM4217795,0.8409375929541221
GSE142025 C1,GSM4217793,GSM4217796,0.7492291758049886
GSE142025 C1,GSM4217793,GSM4217797,0.6071445402321716
GSE142025 C1,GSM4217793,GSM4217798,0.7619012397821889
GSE142025 C1,GSM4217793,GSM4217799,0.7776082711485014
GSE142025 C1,GSM4217793,GSM4217800,0.7890974728394979
GSE142025 C1,GSM4217793,GSM4217801,0.6432448549772093
GSE142025 C1,GSM4217793,GSM4217808,0.5121797463474129
GSE142025 C1,GSM4217793,GSM4217809,0.4473406401162855
GSE142025 C1,GSM4217793,GSM4217810,0.6013179340242412
GSE142025 C1,GSM4217793,GSM4217811,0.48380643118357525
GSE142025 C1,GSM4217793,GSM4217812,0.5591641650857174
GSE142025 C1,GSM4217793,GSM4217813,0.43425106026601445
GSE142025 C1,GSM4217793,GSM4217814,0.553728798291188
GSE142025 C1,GSM4217793,GSM4217815,0.48242753882202666
GSE142025 C1,GSM4217793,GSM4217816,0.5708078839286256
GSE142025 C1,GSM4217794,GSM4217795,0.773034816546012
GSE142025 C1,GSM4217794,GSM4217796,0.7572881223232283
GSE142025 C1,GSM4217794,GSM4217797,0.6827462079617191
GSE142025 C1,GSM4217794,GSM4217798,0.7682339823641751
GSE142025 C1,GSM4217794,GSM4217799,0.7260891780890166
GSE142025 C1,GSM4217794,GSM4217800,0.8334950561724929
GSE142025 C1,GSM4217794,GSM4217801,0.7095305897841254
GSE142025 C1,GSM4217794,GSM4217808,0.6106965632085374
GSE142025 C1,GSM4217794,GSM4217809,0.5407545114430283
GSE142025 C1,GSM4217794,GSM4217810,0.7242267805855329
GSE142025 C1,GSM4217794,GSM4217811,0.5793712238693524
GSE142025 C1,GSM4217794,GSM4217812,0.6390251307200318
GSE142025 C1,GSM4217794,GSM4217813,0.5171074334922291
GSE142025 C1,GSM4217794,GSM4217814,0.6554782285661561
GSE142025 C1,GSM4217794,GSM4217815,0.5702393667170735
GSE142025 C1,GSM4217794,GSM4217816,0.6203148641129871
GSE142025 C1,GSM4217795,GSM4217796,0.7466634363981293
GSE142025 C1,GSM4217795,GSM4217797,0.5644058486857002
GSE142025 C1,GSM4217795,GSM4217798,0.6881006402099994
GSE142025 C1,GSM4217795,GSM4217799,0.8107651588072718
GSE142025 C1,GSM4217795,GSM4217800,0.7454034405669717
GSE142025 C1,GSM4217795,GSM4217801,0.5609160665076076
GSE142025 C1,GSM4217795,GSM4217808,0.4522372326722464
GSE142025 C1,GSM4217795,GSM4217809,0.38342829999726685
GSE142025 C1,GSM4217795,GSM4217810,0.5332203535979831
GSE142025 C1,GSM4217795,GSM4217811,0.4222022563053355
GSE142025 C1,GSM4217795,GSM4217812,0.5047777025733767
GSE142025 C1,GSM4217795,GSM4217813,0.41069155439445915
GSE142025 C1,GSM4217795,GSM4217814,0.46964117271501626
GSE142025 C1,GSM4217795,GSM4217815,0.4050793114607271
GSE142025 C1,GSM4217795,GSM4217816,0.4992437537958909
GSE142025 C1,GSM4217796,GSM4217797,0.543028819866918
GSE142025 C1,GSM4217796,GSM4217798,0.8436438576743385
GSE142025 C1,GSM4217796,GSM4217799,0.6638884412197245
GSE142025 C1,GSM4217796,GSM4217800,0.7244651945002504
GSE142025 C1,GSM4217796,GSM4217801,0.7421539191348397
GSE142025 C1,GSM4217796,GSM4217808,0.6573846601976876
GSE142025 C1,GSM4217796,GSM4217809,0.5604475406782223
GSE142025 C1,GSM4217796,GSM4217810,0.5807058852861697
GSE142025 C1,GSM4217796,GSM4217811,0.6077243516078206
GSE142025 C1,GSM4217796,GSM4217812,0.5544897259202556
GSE142025 C1,GSM4217796,GSM4217813,0.5651419767526278
GSE142025 C1,GSM4217796,GSM4217814,0.6897522256858247
GSE142025 C1,GSM4217796,GSM4217815,0.590282910884778
GSE142025 C1,GSM4217796,GSM4217816,0.6778879514995794
GSE142025 C1,GSM4217797,GSM4217798,0.5886663565457508
GSE142025 C1,GSM4217797,GSM4217799,0.5625891026620021
GSE142025 C1,GSM4217797,GSM4217800,0.7740301140353243
GSE142025 C1,GSM4217797,GSM4217801,0.6260657274284114
GSE142025 C1,GSM4217797,GSM4217808,0.7470227479534717
GSE142025 C1,GSM4217797,GSM4217809,0.7559782341312873
GSE142025 C1,GSM4217797,GSM4217810,0.840327512477293
GSE142025 C1,GSM4217797,GSM4217811,0.7349117662202964
GSE142025 C1,GSM4217797,GSM4217812,0.8317704161260714
GSE142025 C1,GSM4217797,GSM4217813,0.7637982458133994
GSE142025 C1,GSM4217797,GSM4217814,0.7185314806196631
GSE142025 C1,GSM4217797,GSM4217815,0.773448826319974
GSE142025 C1,GSM4217797,GSM4217816,0.702931842245855
GSE142025 C1,GSM4217798,GSM4217799,0.6341740460029152
GSE142025 C1,GSM4217798,GSM4217800,0.7014027063452267
GSE142025 C1,GSM4217798,GSM4217801,0.768731107971695
GSE142025 C1,GSM4217798,GSM4217808,0.6210391131190769
GSE142025 C1,GSM4217798,GSM4217809,0.5664899746901457
GSE142025 C1,GSM4217798,GSM4217810,0.6033555811640036
GSE142025 C1,GSM4217798,GSM4217811,0.5858155650744558
GSE142025 C1,GSM4217798,GSM4217812,0.5096953763697173
GSE142025 C1,GSM4217798,GSM4217813,0.5842281839206052
GSE142025 C1,GSM4217798,GSM4217814,0.672018864852282
GSE142025 C1,GSM4217798,GSM4217815,0.5885727440904722
GSE142025 C1,GSM4217798,GSM4217816,0.6730032680180088
GSE142025 C1,GSM4217799,GSM4217800,0.7357405537829229
GSE142025 C1,GSM4217799,GSM4217801,0.5789276818597818
GSE142025 C1,GSM4217799,GSM4217808,0.4608108862333361
GSE142025 C1,GSM4217799,GSM4217809,0.42501938921630467
GSE142025 C1,GSM4217799,GSM4217810,0.5543198824580982
GSE142025 C1,GSM4217799,GSM4217811,0.47564326040482685
GSE142025 C1,GSM4217799,GSM4217812,0.5322426772382525
GSE142025 C1,GSM4217799,GSM4217813,0.4641794524861077
GSE142025 C1,GSM4217799,GSM4217814,0.548006299673229
GSE142025 C1,GSM4217799,GSM4217815,0.47682225849308685
GSE142025 C1,GSM4217799,GSM4217816,0.5424816088135959
GSE142025 C1,GSM4217800,GSM4217801,0.6948934695810117
GSE142025 C1,GSM4217800,GSM4217808,0.6851220824178246
GSE142025 C1,GSM4217800,GSM4217809,0.608836261092765
GSE142025 C1,GSM4217800,GSM4217810,0.779537877654804
GSE142025 C1,GSM4217800,GSM4217811,0.6504721234024865
GSE142025 C1,GSM4217800,GSM4217812,0.7372125506017705
GSE142025 C1,GSM4217800,GSM4217813,0.5902385085699826
GSE142025 C1,GSM4217800,GSM4217814,0.7126096980183699
GSE142025 C1,GSM4217800,GSM4217815,0.6452694684359479
GSE142025 C1,GSM4217800,GSM4217816,0.6730432026574117
GSE142025 C1,GSM4217801,GSM4217808,0.697306299034837
GSE142025 C1,GSM4217801,GSM4217809,0.6385308754599155
GSE142025 C1,GSM4217801,GSM4217810,0.6122623155826804
GSE142025 C1,GSM4217801,GSM4217811,0.6495158229927107
GSE142025 C1,GSM4217801,GSM4217812,0.5821511993277619
GSE142025 C1,GSM4217801,GSM4217813,0.601257849336665
GSE142025 C1,GSM4217801,GSM4217814,0.7016130653137655
GSE142025 C1,GSM4217801,GSM4217815,0.6588495612991014
GSE142025 C1,GSM4217801,GSM4217816,0.6740699799723225
GSE142025 C1,GSM4217808,GSM4217809,0.8793870461247209
GSE142025 C1,GSM4217808,GSM4217810,0.7982619784681922
GSE142025 C1,GSM4217808,GSM4217811,0.8710344608690412
GSE142025 C1,GSM4217808,GSM4217812,0.8322052901044317
GSE142025 C1,GSM4217808,GSM4217813,0.8265019117144048
GSE142025 C1,GSM4217808,GSM4217814,0.8527957210645027
GSE142025 C1,GSM4217808,GSM4217815,0.8761443873813841
GSE142025 C1,GSM4217808,GSM4217816,0.8435645863863491
GSE142025 C1,GSM4217809,GSM4217810,0.7682612689781166
GSE142025 C1,GSM4217809,GSM4217811,0.8684375522206759
GSE142025 C1,GSM4217809,GSM4217812,0.8027673797707683
GSE142025 C1,GSM4217809,GSM4217813,0.8534591499585196
GSE142025 C1,GSM4217809,GSM4217814,0.8213684522249453
GSE142025 C1,GSM4217809,GSM4217815,0.8754878386908248
GSE142025 C1,GSM4217809,GSM4217816,0.8391023263161647
GSE142025 C1,GSM4217810,GSM4217811,0.792411963208257
GSE142025 C1,GSM4217810,GSM4217812,0.8619531507436197
GSE142025 C1,GSM4217810,GSM4217813,0.7677235999615684
GSE142025 C1,GSM4217810,GSM4217814,0.7863945040093065
GSE142025 C1,GSM4217810,GSM4217815,0.7798274229324261
GSE142025 C1,GSM4217810,GSM4217816,0.7912150550647887
GSE142025 C1,GSM4217811,GSM4217812,0.8092091655648848
GSE142025 C1,GSM4217811,GSM4217813,0.8379703941171858
GSE142025 C1,GSM4217811,GSM4217814,0.866946993077459
GSE142025 C1,GSM4217811,GSM4217815,0.8509163259013639
GSE142025 C1,GSM4217811,GSM4217816,0.8597476101296616
GSE142025 C1,GSM4217812,GSM4217813,0.7920180357889832
GSE142025 C1,GSM4217812,GSM4217814,0.7838323669182556
GSE142025 C1,GSM4217812,GSM4217815,0.8119282825535498
GSE142025 C1,GSM4217812,GSM4217816,0.7902679915072569
GSE142025 C1,GSM4217813,GSM4217814,0.8001286770635173
GSE142025 C1,GSM4217813,GSM4217815,0.86448075923569
GSE142025 C1,GSM4217813,GSM4217816,0.804077265347805
GSE142025 C1,GSM4217814,GSM4217815,0.8470276179215327
GSE142025 C1,GSM4217814,GSM4217816,0.8673055298923475
GSE142025 C1,GSM4217815,GSM4217816,0.8499100672256897
GSE96804,GSM2544275,GSM2544276,0.8194338512178762
GSE96804,GSM2544275,GSM2544277,0.8960510952281627
GSE96804,GSM2544275,GSM2544278,0.8872801375535806
GSE96804,GSM2544275,GSM2544279,0.8627746877249198
GSE96804,GSM2544275,GSM2544280,0.8941652649462352
GSE96804,GSM2544275,GSM2544281,0.9229739602106304
GSE96804,GSM2544275,GSM2544282,0.8471667582565054
GSE96804,GSM2544275,GSM2544283,0.8991865266680015
GSE96804,GSM2544275,GSM2544284,0.9110373418642093
GSE96804,GSM2544275,GSM2544285,0.8990170430805999
GSE96804,GSM2544275,GSM2544286,0.9104060396218256
GSE96804,GSM2544275,GSM2544287,0.9161881328979854
GSE96804,GSM2544275,GSM2544288,0.8727964917653835
GSE96804,GSM2544275,GSM2544289,0.9002831711932795
GSE96804,GSM2544275,GSM2544290,0.9005371877394861
GSE96804,GSM2544275,GSM2544291,0.8807923233204511
GSE96804,GSM2544275,GSM2544292,0.8825383067441446
GSE96804,GSM2544275,GSM2544293,0.7968403667551736
GSE96804,GSM2544275,GSM2544294,0.867267336553591
GSE96804,GSM2544275,GSM2544295,0.8680572505588717
GSE96804,GSM2544275,GSM2544296,0.8675300043830004
GSE96804,GSM2544275,GSM2544297,0.8911742155014792
GSE96804,GSM2544275,GSM2544298,0.895012528312629
GSE96804,GSM2544275,GSM2544299,0.7392905948028374
GSE96804,GSM2544275,GSM2544300,0.8977938780949961
GSE96804,GSM2544275,GSM2544301,0.8929472753673562
GSE96804,GSM2544275,GSM2544302,0.8913499301810853
GSE96804,GSM2544275,GSM2544303,0.919115535594831
GSE96804,GSM2544275,GSM2544304,0.6645367692323638
GSE96804,GSM2544275,GSM2544305,0.8723813025964162
GSE96804,GSM2544275,GSM2544306,0.7159494990088956
GSE96804,GSM2544275,GSM2544307,0.9201369526731084
GSE96804,GSM2544275,GSM2544308,0.7313988334684323
GSE96804,GSM2544275,GSM2544309,0.7571507285660501
GSE96804,GSM2544275,GSM2544310,0.8841033202710641
GSE96804,GSM2544275,GSM2544311,0.851372480704963
GSE96804,GSM2544275,GSM2544312,0.9244350052489418
GSE96804,GSM2544275,GSM2544313,0.9014080035231584
GSE96804,GSM2544275,GSM2544314,0.8923094145455932
GSE96804,GSM2544275,GSM2544315,0.8906868422851449
GSE96804,GSM2544275,GSM2544316,0.863366149268515
GSE96804,GSM2544275,GSM2544317,0.8768645968014809
GSE96804,GSM2544275,GSM2544318,0.8766680725278454
GSE96804,GSM2544275,GSM2544319,0.8776939842757311
GSE96804,GSM2544275,GSM2544320,0.8351770380269217
GSE96804,GSM2544275,GSM2544321,0.8826464726085795
GSE96804,GSM2544275,GSM2544322,0.8516531824749849
GSE96804,GSM2544275,GSM2544323,0.8849326055179825
GSE96804,GSM2544275,GSM2544324,0.8679898168452232
GSE96804,GSM2544275,GSM2544325,0.8733624613291636
GSE96804,GSM2544275,GSM2544326,0.8021750030811176
GSE96804,GSM2544275,GSM2544327,0.878079602662727
GSE96804,GSM2544275,GSM2544328,0.8720491942470506
GSE96804,GSM2544275,GSM2544329,0.8567057644324639
GSE96804,GSM2544275,GSM2544330,0.8558605917324479
GSE96804,GSM2544275,GSM2544331,0.8954142166686384
GSE96804,GSM2544275,GSM2544332,0.8582468043258165
GSE96804,GSM2544275,GSM2544333,0.869407882567614
GSE96804,GSM2544275,GSM2544334,0.8609873528336169
GSE96804,GSM2544275,GSM2544335,0.8487809449380461
GSE96804,GSM2544276,GSM2544277,0.8591094709826742
GSE96804,GSM2544276,GSM2544278,0.7263653592606033
GSE96804,GSM2544276,GSM2544279,0.8745663320502305
GSE96804,GSM2544276,GSM2544280,0.8603749069139666
GSE96804,GSM2544276,GSM2544281,0.7950795380134893
GSE96804,GSM2544276,GSM2544282,0.9357228838750462
GSE96804,GSM2544276,GSM2544283,0.8368247996459428
GSE96804,GSM2544276,GSM2544284,0.7442673904603199
GSE96804,GSM2544276,GSM2544285,0.8467031878257002
GSE96804,GSM2544276,GSM2544286,0.8582759163113185
GSE96804,GSM2544276,GSM2544287,0.8398386811335301
GSE96804,GSM2544276,GSM2544288,0.8402086103789929
GSE96804,GSM2544276,GSM2544289,0.8660783378718364
GSE96804,GSM2544276,GSM2544290,0.8984288269651093
GSE96804,GSM2544276,GSM2544291,0.8678579723997369
GSE96804,GSM2544276,GSM2544292,0.7803317987859206
GSE96804,GSM2544276,GSM2544293,0.8046405879094924
GSE96804,GSM2544276,GSM2544294,0.8418639945194301
GSE96804,GSM2544276,GSM2544295,0.7213528108376591
GSE96804,GSM2544276,GSM2544296,0.8803974915011016
GSE96804,GSM2544276,GSM2544297,0.800089712041239
GSE96804,GSM2544276,GSM2544298,0.8172481738333701
GSE96804,GSM2544276,GSM2544299,0.8044481487195653
GSE96804,GSM2544276,GSM2544300,0.8378019584507573
GSE96804,GSM2544276,GSM2544301,0.8268168658346524
GSE96804,GSM2544276,GSM2544302,0.8903284709426986
GSE96804,GSM2544276,GSM2544303,0.8851702666757455
GSE96804,GSM2544276,GSM2544304,0.8563884943030661
GSE96804,GSM2544276,GSM2544305,0.7875034595834102
GSE96804,GSM2544276,GSM2544306,0.8099586195177135
GSE96804,GSM2544276,GSM2544307,0.871887818366299
GSE96804,GSM2544276,GSM2544308,0.8705584386227574
GSE96804,GSM2544276,GSM2544309,0.6454553175864429
GSE96804,GSM2544276,GSM2544310,0.9119836887544887
GSE96804,GSM2544276,GSM2544311,0.8783890821405754
GSE96804,GSM2544276,GSM2544312,0.8457809266332182
GSE96804,GSM2544276,GSM2544313,0.8597410156319125
GSE96804,GSM2544276,GSM2544314,0.8699241177280862
GSE96804,GSM2544276,GSM2544315,0.7962727052983587
GSE96804,GSM2544276,GSM2544316,0.7921739095800506
GSE96804,GSM2544276,GSM2544317,0.8004055086993589
GSE96804,GSM2544276,GSM2544318,0.7537545903210424
GSE96804,GSM2544276,GSM2544319,0.7078730354278041
GSE96804,GSM2544276,GSM2544320,0.669435465634881
GSE96804,GSM2544276,GSM2544321,0.7378510569549481
GSE96804,GSM2544276,GSM2544322,0.7497750306923978
GSE96804,GSM2544276,GSM2544323,0.7530711102842048
GSE96804,GSM2544276,GSM2544324,0.7028917918935669
GSE96804,GSM2544276,GSM2544325,0.7861790329535658
GSE96804,GSM2544276,GSM2544326,0.813336258874412
GSE96804,GSM2544276,GSM2544327,0.7458856512680901
GSE96804,GSM2544276,GSM2544328,0.7365439287713337
GSE96804,GSM2544276,GSM2544329,0.7550793900253795
GSE96804,GSM2544276,GSM2544330,0.8137113148705302
GSE96804,GSM2544276,GSM2544331,0.7495461326180842
GSE96804,GSM2544276,GSM2544332,0.6985274994734345
GSE96804,GSM2544276,GSM2544333,0.7724020583337351
GSE96804,GSM2544276,GSM2544334,0.6849679148542815
GSE96804,GSM2544276,GSM2544335,0.7406817391535805
GSE96804,GSM2544277,GSM2544278,0.8844817912371131
GSE96804,GSM2544277,GSM2544279,0.9497858696316309
GSE96804,GSM2544277,GSM2544280,0.9631151638912465
GSE96804,GSM2544277,GSM2544281,0.9232038871014833
GSE96804,GSM2544277,GSM2544282,0.912188590029017
GSE96804,GSM2544277,GSM2544283,0.9374061159963137
GSE96804,GSM2544277,GSM2544284,0.921909788597754
GSE96804,GSM2544277,GSM2544285,0.9487280095143906
GSE96804,GSM2544277,GSM2544286,0.9416463655055848
GSE96804,GSM2544277,GSM2544287,0.9430942680535374
GSE96804,GSM2544277,GSM2544288,0.9006400106255268
GSE96804,GSM2544277,GSM2544289,0.9270249036279341
GSE96804,GSM2544277,GSM2544290,0.9063155460556199
GSE96804,GSM2544277,GSM2544291,0.9069644533566188
GSE96804,GSM2544277,GSM2544292,0.9470805219718799
GSE96804,GSM2544277,GSM2544293,0.6902377978786925
GSE96804,GSM2544277,GSM2544294,0.9191309629792637
GSE96804,GSM2544277,GSM2544295,0.84255492333756
GSE96804,GSM2544277,GSM2544296,0.8207958055853207
GSE96804,GSM2544277,GSM2544297,0.9179631454180179
GSE96804,GSM2544277,GSM2544298,0.8373926107765464
GSE96804,GSM2544277,GSM2544299,0.6597688640206262
GSE96804,GSM2544277,GSM2544300,0.8867420353546087
GSE96804,GSM2544277,GSM2544301,0.8162321560026847
GSE96804,GSM2544277,GSM2544302,0.8568143845644365
GSE96804,GSM2544277,GSM2544303,0.931807366632147
GSE96804,GSM2544277,GSM2544304,0.6578242506020907
GSE96804,GSM2544277,GSM2544305,0.8112736870376656
GSE96804,GSM2544277,GSM2544306,0.6535942979117908
GSE96804,GSM2544277,GSM2544307,0.8885715950384886
GSE96804,GSM2544277,GSM2544308,0.7073736662443134
GSE96804,GSM2544277,GSM2544309,0.674530382344109
GSE96804,GSM2544277,GSM2544310,0.8656258087845428
GSE96804,GSM2544277,GSM2544311,0.7941291998974902
GSE96804,GSM2544277,GSM2544312,0.8552584677825537
GSE96804,GSM2544277,GSM2544313,0.9123202591396342
GSE96804,GSM2544277,GSM2544314,0.852204819000731
GSE96804,GSM2544277,GSM2544315,0.9540749805707899
GSE96804,GSM2544277,GSM2544316,0.9020467091610221
GSE96804,GSM2544277,GSM2544317,0.9046294552235374
GSE96804,GSM2544277,GSM2544318,0.899697062223904
GSE96804,GSM2544277,GSM2544319,0.8699033655110122
GSE96804,GSM2544277,GSM2544320,0.7999673834391073
GSE96804,GSM2544277,GSM2544321,0.899580857281279
GSE96804,GSM2544277,GSM2544322,0.8830635941935484
GSE96804,GSM2544277,GSM2544323,0.8811218753382166
GSE96804,GSM2544277,GSM2544324,0.8768962883772979
GSE96804,GSM2544277,GSM2544325,0.9068807343809318
GSE96804,GSM2544277,GSM2544326,0.810104528405721
GSE96804,GSM2544277,GSM2544327,0.8831816281632621
GSE96804,GSM2544277,GSM2544328,0.8551595300034304
GSE96804,GSM2544277,GSM2544329,0.8898511627863567
GSE96804,GSM2544277,GSM2544330,0.9024828680718523
GSE96804,GSM2544277,GSM2544331,0.8719824521901965
GSE96804,GSM2544277,GSM2544332,0.8727634087743361
GSE96804,GSM2544277,GSM2544333,0.893502202705022
GSE96804,GSM2544277,GSM2544334,0.8390211259879189
GSE96804,GSM2544277,GSM2544335,0.8941256228327396
GSE96804,GSM2544278,GSM2544279,0.8404919238044849
GSE96804,GSM2544278,GSM2544280,0.881517254714378
GSE96804,GSM2544278,GSM2544281,0.9375623122313014
GSE96804,GSM2544278,GSM2544282,0.7699022204830768
GSE96804,GSM2544278,GSM2544283,0.9067373813165395
GSE96804,GSM2544278,GSM2544284,0.9470802952603448
GSE96804,GSM2544278,GSM2544285,0.8899211866126294
GSE96804,GSM2544278,GSM2544286,0.8615701609677813
GSE96804,GSM2544278,GSM2544287,0.9033162579905836
GSE96804,GSM2544278,GSM2544288,0.8561087529994342
GSE96804,GSM2544278,GSM2544289,0.8816113872998544
GSE96804,GSM2544278,GSM2544290,0.8447163396552351
GSE96804,GSM2544278,GSM2544291,0.8705248721868061
GSE96804,GSM2544278,GSM2544292,0.9102357088303121
GSE96804,GSM2544278,GSM2544293,0.6548079880483265
GSE96804,GSM2544278,GSM2544294,0.830403596520267
GSE96804,GSM2544278,GSM2544295,0.8638590303372363
GSE96804,GSM2544278,GSM2544296,0.7482497652748561
GSE96804,GSM2544278,GSM2544297,0.9048782999398273
GSE96804,GSM2544278,GSM2544298,0.8114904033702326
GSE96804,GSM2544278,GSM2544299,0.6006673690505224
GSE96804,GSM2544278,GSM2544300,0.8848611293987426
GSE96804,GSM2544278,GSM2544301,0.7835884091347078
GSE96804,GSM2544278,GSM2544302,0.8034166560381043
GSE96804,GSM2544278,GSM2544303,0.8719635303385235
GSE96804,GSM2544278,GSM2544304,0.5133333983061464
GSE96804,GSM2544278,GSM2544305,0.7896808200569997
GSE96804,GSM2544278,GSM2544306,0.5779971277719781
GSE96804,GSM2544278,GSM2544307,0.8374496617741072
GSE96804,GSM2544278,GSM2544308,0.594989888174933
GSE96804,GSM2544278,GSM2544309,0.6767162121158183
GSE96804,GSM2544278,GSM2544310,0.782376012061975
GSE96804,GSM2544278,GSM2544311,0.7133412215491599
GSE96804,GSM2544278,GSM2544312,0.8182815747803591
GSE96804,GSM2544278,GSM2544313,0.855304452434162
GSE96804,GSM2544278,GSM2544314,0.79345824776763
GSE96804,GSM2544278,GSM2544315,0.9205675497908147
GSE96804,GSM2544278,GSM2544316,0.8889163107209762
GSE96804,GSM2544278,GSM2544317,0.8728069559323833
GSE96804,GSM2544278,GSM2544318,0.8693781880665964
GSE96804,GSM2544278,GSM2544319,0.9134073419331925
GSE96804,GSM2544278,GSM2544320,0.8488923610901886
GSE96804,GSM2544278,GSM2544321,0.9113375694683828
GSE96804,GSM2544278,GSM2544322,0.8726148847529366
GSE96804,GSM2544278,GSM2544323,0.9261425719006675
GSE96804,GSM2544278,GSM2544324,0.9181509517069018
GSE96804,GSM2544278,GSM2544325,0.900641248896415
GSE96804,GSM2544278,GSM2544326,0.7618315684871801
GSE96804,GSM2544278,GSM2544327,0.897742596528941
GSE96804,GSM2544278,GSM2544328,0.9141860264939601
GSE96804,GSM2544278,GSM2544329,0.8662204147640263
GSE96804,GSM2544278,GSM2544330,0.8506626142839836
GSE96804,GSM2544278,GSM2544331,0.9166206505996011
GSE96804,GSM2544278,GSM2544332,0.8978853347298872
GSE96804,GSM2544278,GSM2544333,0.8826091978185581
GSE96804,GSM2544278,GSM2544334,0.9074010897818808
GSE96804,GSM2544278,GSM2544335,0.8768970655698828
GSE96804,GSM2544279,GSM2544280,0.9597434953925474
GSE96804,GSM2544279,GSM2544281,0.8847956818469396
GSE96804,GSM2544279,GSM2544282,0.9266382492789302
GSE96804,GSM2544279,GSM2544283,0.9225020072044089
GSE96804,GSM2544279,GSM2544284,0.8809463675240489
GSE96804,GSM2544279,GSM2544285,0.9329989366836119
GSE96804,GSM2544279,GSM2544286,0.9314400610382619
GSE96804,GSM2544279,GSM2544287,0.9190997241484623
GSE96804,GSM2544279,GSM2544288,0.8624910548591741
GSE96804,GSM2544279,GSM2544289,0.9166994381230943
GSE96804,GSM2544279,GSM2544290,0.9015882990350443
GSE96804,GSM2544279,GSM2544291,0.8826057964641382
GSE96804,GSM2544279,GSM2544292,0.9155271641966439
GSE96804,GSM2544279,GSM2544293,0.6801105759451783
GSE96804,GSM2544279,GSM2544294,0.921717148835541
GSE96804,GSM2544279,GSM2544295,0.781869930981538
GSE96804,GSM2544279,GSM2544296,0.8094265276962654
GSE96804,GSM2544279,GSM2544297,0.8677179940267792
GSE96804,GSM2544279,GSM2544298,0.8145607020534411
GSE96804,GSM2544279,GSM2544299,0.6532953848568162
GSE96804,GSM2544279,GSM2544300,0.8660145583470708
GSE96804,GSM2544279,GSM2544301,0.7776050855911447
GSE96804,GSM2544279,GSM2544302,0.8417506577032826
GSE96804,GSM2544279,GSM2544303,0.9275069439658622
GSE96804,GSM2544279,GSM2544304,0.6732784480815653
GSE96804,GSM2544279,GSM2544305,0.7641529463737208
GSE96804,GSM2544279,GSM2544306,0.6397017902773509
GSE96804,GSM2544279,GSM2544307,0.8484221920647946
GSE96804,GSM2544279,GSM2544308,0.7089210450072521
GSE96804,GSM2544279,GSM2544309,0.6049931099922145
GSE96804,GSM2544279,GSM2544310,0.8694330398125456
GSE96804,GSM2544279,GSM2544311,0.7851631851331173
GSE96804,GSM2544279,GSM2544312,0.8262199599529516
GSE96804,GSM2544279,GSM2544313,0.8925983043425176
GSE96804,GSM2544279,GSM2544314,0.8222075059305958
GSE96804,GSM2544279,GSM2544315,0.9221834142832865
GSE96804,GSM2544279,GSM2544316,0.8890736400346441
GSE96804,GSM2544279,GSM2544317,0.8879645615682604
GSE96804,GSM2544279,GSM2544318,0.867092398050157
GSE96804,GSM2544279,GSM2544319,0.8369523195569264
GSE96804,GSM2544279,GSM2544320,0.7570331938709195
GSE96804,GSM2544279,GSM2544321,0.8644870752142351
GSE96804,GSM2544279,GSM2544322,0.8692923577950532
GSE96804,GSM2544279,GSM2544323,0.8563244955474834
GSE96804,GSM2544279,GSM2544324,0.8275186432940456
GSE96804,GSM2544279,GSM2544325,0.8903773228492511
GSE96804,GSM2544279,GSM2544326,0.8179442473730926
GSE96804,GSM2544279,GSM2544327,0.8508632026343006
GSE96804,GSM2544279,GSM2544328,0.8361175941553994
GSE96804,GSM2544279,GSM2544329,0.8684146195326218
GSE96804,GSM2544279,GSM2544330,0.9011951429963969
GSE96804,GSM2544279,GSM2544331,0.853015011138997
GSE96804,GSM2544279,GSM2544332,0.8371434776091952
GSE96804,GSM2544279,GSM2544333,0.8732791979325712
GSE96804,GSM2544279,GSM2544334,0.8059770793622346
GSE96804,GSM2544279,GSM2544335,0.8721538978510236
GSE96804,GSM2544280,GSM2544281,0.9240604811063632
GSE96804,GSM2544280,GSM2544282,0.9089480346773817
GSE96804,GSM2544280,GSM2544283,0.9405678281721557
GSE96804,GSM2544280,GSM2544284,0.9152123027066109
GSE96804,GSM2544280,GSM2544285,0.9542423841753823
GSE96804,GSM2544280,GSM2544286,0.9356908319457745
GSE96804,GSM2544280,GSM2544287,0.9414560199758206
GSE96804,GSM2544280,GSM2544288,0.895204096858234
GSE96804,GSM2544280,GSM2544289,0.9344272053725271
GSE96804,GSM2544280,GSM2544290,0.9090398867533719
GSE96804,GSM2544280,GSM2544291,0.908104334645375
GSE96804,GSM2544280,GSM2544292,0.943502526843958
GSE96804,GSM2544280,GSM2544293,0.685022869190366
GSE96804,GSM2544280,GSM2544294,0.9336195992281578
GSE96804,GSM2544280,GSM2544295,0.8232897288203024
GSE96804,GSM2544280,GSM2544296,0.8184916921858054
GSE96804,GSM2544280,GSM2544297,0.9093111302217847
GSE96804,GSM2544280,GSM2544298,0.8339028606758501
GSE96804,GSM2544280,GSM2544299,0.6563830937819733
GSE96804,GSM2544280,GSM2544300,0.8770728247086743
GSE96804,GSM2544280,GSM2544301,0.8049662021471866
GSE96804,GSM2544280,GSM2544302,0.8559814608479321
GSE96804,GSM2544280,GSM2544303,0.9420204262151319
GSE96804,GSM2544280,GSM2544304,0.663165978302963
GSE96804,GSM2544280,GSM2544305,0.8043861500466508
GSE96804,GSM2544280,GSM2544306,0.6448474931256817
GSE96804,GSM2544280,GSM2544307,0.8767731733554335
GSE96804,GSM2544280,GSM2544308,0.7009571044862288
GSE96804,GSM2544280,GSM2544309,0.6552294591501739
GSE96804,GSM2544280,GSM2544310,0.8723215634977703
GSE96804,GSM2544280,GSM2544311,0.794517071189679
GSE96804,GSM2544280,GSM2544312,0.8466831507021554
GSE96804,GSM2544280,GSM2544313,0.8999064351756197
GSE96804,GSM2544280,GSM2544314,0.8372450963739416
GSE96804,GSM2544280,GSM2544315,0.944544275121198
GSE96804,GSM2544280,GSM2544316,0.9013684438957006
GSE96804,GSM2544280,GSM2544317,0.9057725789204798
GSE96804,GSM2544280,GSM2544318,0.8853576072994596
GSE96804,GSM2544280,GSM2544319,0.8637515565212632
GSE96804,GSM2544280,GSM2544320,0.7861558104055792
GSE96804,GSM2544280,GSM2544321,0.8932971121112286
GSE96804,GSM2544280,GSM2544322,0.8845621858101346
GSE96804,GSM2544280,GSM2544323,0.8840767634013227
GSE96804,GSM2544280,GSM2544324,0.8684992169756738
GSE96804,GSM2544280,GSM2544325,0.9131052892271715
GSE96804,GSM2544280,GSM2544326,0.8070522421276483
GSE96804,GSM2544280,GSM2544327,0.8816300810181523
GSE96804,GSM2544280,GSM2544328,0.8553705261577226
GSE96804,GSM2544280,GSM2544329,0.878906863403941
GSE96804,GSM2544280,GSM2544330,0.9086232519528432
GSE96804,GSM2544280,GSM2544331,0.8749500516848886
GSE96804,GSM2544280,GSM2544332,0.8724753571770566
GSE96804,GSM2544280,GSM2544333,0.8891195790520414
GSE96804,GSM2544280,GSM2544334,0.8374430596739249
GSE96804,GSM2544280,GSM2544335,0.8899936823406299
GSE96804,GSM2544281,GSM2544282,0.8216973401965061
GSE96804,GSM2544281,GSM2544283,0.9275947005049225
GSE96804,GSM2544281,GSM2544284,0.9535621408864134
GSE96804,GSM2544281,GSM2544285,0.9205808349945126
GSE96804,GSM2544281,GSM2544286,0.9052312738198594
GSE96804,GSM2544281,GSM2544287,0.93539024323318
GSE96804,GSM2544281,GSM2544288,0.9127389905187198
GSE96804,GSM2544281,GSM2544289,0.9145427560996294
GSE96804,GSM2544281,GSM2544290,0.8806192602616895
GSE96804,GSM2544281,GSM2544291,0.9236662206653666
GSE96804,GSM2544281,GSM2544292,0.9232579705845156
GSE96804,GSM2544281,GSM2544293,0.71879151927719
GSE96804,GSM2544281,GSM2544294,0.8707170631437985
GSE96804,GSM2544281,GSM2544295,0.8612665550156671
GSE96804,GSM2544281,GSM2544296,0.7925248949199432
GSE96804,GSM2544281,GSM2544297,0.9316527599595599
GSE96804,GSM2544281,GSM2544298,0.8591049538145799
GSE96804,GSM2544281,GSM2544299,0.6747900519799486
GSE96804,GSM2544281,GSM2544300,0.8953096817347682
GSE96804,GSM2544281,GSM2544301,0.8293361177015823
GSE96804,GSM2544281,GSM2544302,0.8582533391546922
GSE96804,GSM2544281,GSM2544303,0.9081687362413126
GSE96804,GSM2544281,GSM2544304,0.6072361233033496
GSE96804,GSM2544281,GSM2544305,0.8325020381164374
GSE96804,GSM2544281,GSM2544306,0.6525016650628118
GSE96804,GSM2544281,GSM2544307,0.8749645894017395
GSE96804,GSM2544281,GSM2544308,0.6686996133406187
GSE96804,GSM2544281,GSM2544309,0.7363969213307623
GSE96804,GSM2544281,GSM2544310,0.8319976931840863
GSE96804,GSM2544281,GSM2544311,0.78000032730984
GSE96804,GSM2544281,GSM2544312,0.8670723646217303
GSE96804,GSM2544281,GSM2544313,0.88554835140183
GSE96804,GSM2544281,GSM2544314,0.8344228134535608
GSE96804,GSM2544281,GSM2544315,0.929915152294441
GSE96804,GSM2544281,GSM2544316,0.8872433779689103
GSE96804,GSM2544281,GSM2544317,0.8914206541814629
GSE96804,GSM2544281,GSM2544318,0.8889038319222528
GSE96804,GSM2544281,GSM2544319,0.9076956059183164
GSE96804,GSM2544281,GSM2544320,0.8557834739438145
GSE96804,GSM2544281,GSM2544321,0.9064713385177842
GSE96804,GSM2544281,GSM2544322,0.8852093909596784
GSE96804,GSM2544281,GSM2544323,0.9242647099454198
GSE96804,GSM2544281,GSM2544324,0.9006980530047909
GSE96804,GSM2544281,GSM2544325,0.903803140336974
GSE96804,GSM2544281,GSM2544326,0.8076949465036818
GSE96804,GSM2544281,GSM2544327,0.8977009406025575
GSE96804,GSM2544281,GSM2544328,0.8916413999879229
GSE96804,GSM2544281,GSM2544329,0.8718993147090928
GSE96804,GSM2544281,GSM2544330,0.8671224606814252
GSE96804,GSM2544281,GSM2544331,0.9094285459585769
GSE96804,GSM2544281,GSM2544332,0.8939397021031881
GSE96804,GSM2544281,GSM2544333,0.8866780448220164
GSE96804,GSM2544281,GSM2544334,0.8980726587191986
GSE96804,GSM2544281,GSM2544335,0.8843653123076082
GSE96804,GSM2544282,GSM2544283,0.8959153348530451
GSE96804,GSM2544282,GSM2544284,0.7957258436689537
GSE96804,GSM2544282,GSM2544285,0.8961536115619643
GSE96804,GSM2544282,GSM2544286,0.910765969201713
GSE96804,GSM2544282,GSM2544287,0.8614993622529062
GSE96804,GSM2544282,GSM2544288,0.8336815685989912
GSE96804,GSM2544282,GSM2544289,0.8815737181167538
GSE96804,GSM2544282,GSM2544290,0.9239984468455189
GSE96804,GSM2544282,GSM2544291,0.8677799822191467
GSE96804,GSM2544282,GSM2544292,0.8489635918699567
GSE96804,GSM2544282,GSM2544293,0.7474127004005061
GSE96804,GSM2544282,GSM2544294,0.8872782733342958
GSE96804,GSM2544282,GSM2544295,0.7480997454069724
GSE96804,GSM2544282,GSM2544296,0.8639603987691538
GSE96804,GSM2544282,GSM2544297,0.8057162287071447
GSE96804,GSM2544282,GSM2544298,0.8006822808628844
GSE96804,GSM2544282,GSM2544299,0.7355883305630411
GSE96804,GSM2544282,GSM2544300,0.8434415951498846
GSE96804,GSM2544282,GSM2544301,0.8038013907136587
GSE96804,GSM2544282,GSM2544302,0.860636223083443
GSE96804,GSM2544282,GSM2544303,0.9006674562475147
GSE96804,GSM2544282,GSM2544304,0.7907019048065692
GSE96804,GSM2544282,GSM2544305,0.7710563866603384
GSE96804,GSM2544282,GSM2544306,0.7271927738112105
GSE96804,GSM2544282,GSM2544307,0.8735434871824631
GSE96804,GSM2544282,GSM2544308,0.8071019357568365
GSE96804,GSM2544282,GSM2544309,0.595270958205845
GSE96804,GSM2544282,GSM2544310,0.9231148660397865
GSE96804,GSM2544282,GSM2544311,0.8503132279465052
GSE96804,GSM2544282,GSM2544312,0.852908994779909
GSE96804,GSM2544282,GSM2544313,0.8911125475928745
GSE96804,GSM2544282,GSM2544314,0.8621708269839671
GSE96804,GSM2544282,GSM2544315,0.8557250645897243
GSE96804,GSM2544282,GSM2544316,0.832103879530198
GSE96804,GSM2544282,GSM2544317,0.8328134277180009
GSE96804,GSM2544282,GSM2544318,0.8055414396556408
GSE96804,GSM2544282,GSM2544319,0.7504776117493528
GSE96804,GSM2544282,GSM2544320,0.6916380755667881
GSE96804,GSM2544282,GSM2544321,0.7881201463254007
GSE96804,GSM2544282,GSM2544322,0.7886012416881862
GSE96804,GSM2544282,GSM2544323,0.781971372537952
GSE96804,GSM2544282,GSM2544324,0.7474803784334798
GSE96804,GSM2544282,GSM2544325,0.8244099377988655
GSE96804,GSM2544282,GSM2544326,0.800211259872811
GSE96804,GSM2544282,GSM2544327,0.7812635459853557
GSE96804,GSM2544282,GSM2544328,0.7636574932311662
GSE96804,GSM2544282,GSM2544329,0.7977316663802754
GSE96804,GSM2544282,GSM2544330,0.8493560709438995
GSE96804,GSM2544282,GSM2544331,0.7875080005118473
GSE96804,GSM2544282,GSM2544332,0.7449632805685266
GSE96804,GSM2544282,GSM2544333,0.8129749480873553
GSE96804,GSM2544282,GSM2544334,0.7201044117169385
GSE96804,GSM2544282,GSM2544335,0.7918443144295133
GSE96804,GSM2544283,GSM2544284,0.9239226823032494
GSE96804,GSM2544283,GSM2544285,0.9324098927390859
GSE96804,GSM2544283,GSM2544286,0.9342350800334245
GSE96804,GSM2544283,GSM2544287,0.9159477297610683
GSE96804,GSM2544283,GSM2544288,0.869139072170251
GSE96804,GSM2544283,GSM2544289,0.9103780983937404
GSE96804,GSM2544283,GSM2544290,0.9342512346072238
GSE96804,GSM2544283,GSM2544291,0.9212551418185684
GSE96804,GSM2544283,GSM2544292,0.9342010953429344
GSE96804,GSM2544283,GSM2544293,0.704805728506732
GSE96804,GSM2544283,GSM2544294,0.9113348105171792
GSE96804,GSM2544283,GSM2544295,0.8208823822863627
GSE96804,GSM2544283,GSM2544296,0.815734080420669
GSE96804,GSM2544283,GSM2544297,0.8900836926241579
GSE96804,GSM2544283,GSM2544298,0.7983452614955556
GSE96804,GSM2544283,GSM2544299,0.683954397918545
GSE96804,GSM2544283,GSM2544300,0.8705028780295908
GSE96804,GSM2544283,GSM2544301,0.7898517239165442
GSE96804,GSM2544283,GSM2544302,0.8423620796448554
GSE96804,GSM2544283,GSM2544303,0.9114958909606601
GSE96804,GSM2544283,GSM2544304,0.6587565541873652
GSE96804,GSM2544283,GSM2544305,0.7901605529285038
GSE96804,GSM2544283,GSM2544306,0.639616382561006
GSE96804,GSM2544283,GSM2544307,0.8696112346757244
GSE96804,GSM2544283,GSM2544308,0.702470023024359
GSE96804,GSM2544283,GSM2544309,0.6508181461836364
GSE96804,GSM2544283,GSM2544310,0.885967953452123
GSE96804,GSM2544283,GSM2544311,0.7739953812341388
GSE96804,GSM2544283,GSM2544312,0.8596712916368064
GSE96804,GSM2544283,GSM2544313,0.8913289024961065
GSE96804,GSM2544283,GSM2544314,0.8305919506032937
GSE96804,GSM2544283,GSM2544315,0.9292128810005379
GSE96804,GSM2544283,GSM2544316,0.8829360745353484
GSE96804,GSM2544283,GSM2544317,0.8845790954586344
GSE96804,GSM2544283,GSM2544318,0.860101977088818
GSE96804,GSM2544283,GSM2544319,0.8766369577121897
GSE96804,GSM2544283,GSM2544320,0.8069305685194449
GSE96804,GSM2544283,GSM2544321,0.8720206415001114
GSE96804,GSM2544283,GSM2544322,0.855520848588756
GSE96804,GSM2544283,GSM2544323,0.9026090097472205
GSE96804,GSM2544283,GSM2544324,0.8545702350634116
GSE96804,GSM2544283,GSM2544325,0.89268310912875
GSE96804,GSM2544283,GSM2544326,0.8134969516241356
GSE96804,GSM2544283,GSM2544327,0.8640885170080007
GSE96804,GSM2544283,GSM2544328,0.8686601176382914
GSE96804,GSM2544283,GSM2544329,0.8654253421498258
GSE96804,GSM2544283,GSM2544330,0.8808118441578591
GSE96804,GSM2544283,GSM2544331,0.8901548941577472
GSE96804,GSM2544283,GSM2544332,0.8532416857987194
GSE96804,GSM2544283,GSM2544333,0.8738948391362777
GSE96804,GSM2544283,GSM2544334,0.8502342034341895
GSE96804,GSM2544283,GSM2544335,0.8743431344124936
GSE96804,GSM2544284,GSM2544285,0.9155499702955563
GSE96804,GSM2544284,GSM2544286,0.9036075057391383
GSE96804,GSM2544284,GSM2544287,0.9318827808835553
GSE96804,GSM2544284,GSM2544288,0.8899962256988252
GSE96804,GSM2544284,GSM2544289,0.8957251379950862
GSE96804,GSM2544284,GSM2544290,0.8558874944857915
GSE96804,GSM2544284,GSM2544291,0.8909891822871555
GSE96804,GSM2544284,GSM2544292,0.9342899149133665
GSE96804,GSM2544284,GSM2544293,0.6661634454087513
GSE96804,GSM2544284,GSM2544294,0.8712776292305956
GSE96804,GSM2544284,GSM2544295,0.8661746759382182
GSE96804,GSM2544284,GSM2544296,0.7574458103429211
GSE96804,GSM2544284,GSM2544297,0.9298498194206772
GSE96804,GSM2544284,GSM2544298,0.8338459554577043
GSE96804,GSM2544284,GSM2544299,0.6100452032908292
GSE96804,GSM2544284,GSM2544300,0.8818827947245187
GSE96804,GSM2544284,GSM2544301,0.8018801283174392
GSE96804,GSM2544284,GSM2544302,0.8248485828235543
GSE96804,GSM2544284,GSM2544303,0.8883360889075589
GSE96804,GSM2544284,GSM2544304,0.5342411406994616
GSE96804,GSM2544284,GSM2544305,0.8079353976932202
GSE96804,GSM2544284,GSM2544306,0.5881067973388929
GSE96804,GSM2544284,GSM2544307,0.8519185857098477
GSE96804,GSM2544284,GSM2544308,0.608687244917411
GSE96804,GSM2544284,GSM2544309,0.7163577656608534
GSE96804,GSM2544284,GSM2544310,0.8049713195564533
GSE96804,GSM2544284,GSM2544311,0.7294672573876085
GSE96804,GSM2544284,GSM2544312,0.8359557670355222
GSE96804,GSM2544284,GSM2544313,0.8741218987259571
GSE96804,GSM2544284,GSM2544314,0.8097253152128403
GSE96804,GSM2544284,GSM2544315,0.9463108810405212
GSE96804,GSM2544284,GSM2544316,0.8934841886714402
GSE96804,GSM2544284,GSM2544317,0.8917332981747879
GSE96804,GSM2544284,GSM2544318,0.9013524886817502
GSE96804,GSM2544284,GSM2544319,0.9290388309275058
GSE96804,GSM2544284,GSM2544320,0.8643655014029091
GSE96804,GSM2544284,GSM2544321,0.9226407987867649
GSE96804,GSM2544284,GSM2544322,0.8853169822351873
GSE96804,GSM2544284,GSM2544323,0.9234411575125603
GSE96804,GSM2544284,GSM2544324,0.9163221399836147
GSE96804,GSM2544284,GSM2544325,0.9078626887762017
GSE96804,GSM2544284,GSM2544326,0.7896262316349661
GSE96804,GSM2544284,GSM2544327,0.9077140541510657
GSE96804,GSM2544284,GSM2544328,0.9040086316304801
GSE96804,GSM2544284,GSM2544329,0.8873409788475082
GSE96804,GSM2544284,GSM2544330,0.8734205069969729
GSE96804,GSM2544284,GSM2544331,0.9206937005067928
GSE96804,GSM2544284,GSM2544332,0.9141807548783601
GSE96804,GSM2544284,GSM2544333,0.8880298106334437
GSE96804,GSM2544284,GSM2544334,0.9116322986670977
GSE96804,GSM2544284,GSM2544335,0.8947600238130983
GSE96804,GSM2544285,GSM2544286,0.9287752396629054
GSE96804,GSM2544285,GSM2544287,0.9304920154821491
GSE96804,GSM2544285,GSM2544288,0.9036678170711848
GSE96804,GSM2544285,GSM2544289,0.9141651094920158
GSE96804,GSM2544285,GSM2544290,0.9066793979389061
GSE96804,GSM2544285,GSM2544291,0.8923122615299234
GSE96804,GSM2544285,GSM2544292,0.9539830423922805
GSE96804,GSM2544285,GSM2544293,0.6891944326371602
GSE96804,GSM2544285,GSM2544294,0.9231766752260592
GSE96804,GSM2544285,GSM2544295,0.8588659130609776
GSE96804,GSM2544285,GSM2544296,0.8239520695583834
GSE96804,GSM2544285,GSM2544297,0.9099449143435123
GSE96804,GSM2544285,GSM2544298,0.8297408861604356
GSE96804,GSM2544285,GSM2544299,0.6642759239284893
GSE96804,GSM2544285,GSM2544300,0.8794420329677183
GSE96804,GSM2544285,GSM2544301,0.8136765717261453
GSE96804,GSM2544285,GSM2544302,0.8520574488036938
GSE96804,GSM2544285,GSM2544303,0.9349256416015884
GSE96804,GSM2544285,GSM2544304,0.6502524304741977
GSE96804,GSM2544285,GSM2544305,0.8197238312713137
GSE96804,GSM2544285,GSM2544306,0.6361494442583671
GSE96804,GSM2544285,GSM2544307,0.8854427227762417
GSE96804,GSM2544285,GSM2544308,0.7045023858112981
GSE96804,GSM2544285,GSM2544309,0.6840000351351072
GSE96804,GSM2544285,GSM2544310,0.8579021586073413
GSE96804,GSM2544285,GSM2544311,0.7913266723020271
GSE96804,GSM2544285,GSM2544312,0.8524155602697228
GSE96804,GSM2544285,GSM2544313,0.9286255979457634
GSE96804,GSM2544285,GSM2544314,0.8552902193446857
GSE96804,GSM2544285,GSM2544315,0.9477815878608188
GSE96804,GSM2544285,GSM2544316,0.8936474662982633
GSE96804,GSM2544285,GSM2544317,0.8988325839709698
GSE96804,GSM2544285,GSM2544318,0.8785864668743227
GSE96804,GSM2544285,GSM2544319,0.8685864988965623
GSE96804,GSM2544285,GSM2544320,0.7947945376654075
GSE96804,GSM2544285,GSM2544321,0.8938973662762065
GSE96804,GSM2544285,GSM2544322,0.8730695971611637
GSE96804,GSM2544285,GSM2544323,0.8822312016807466
GSE96804,GSM2544285,GSM2544324,0.8651697218413028
GSE96804,GSM2544285,GSM2544325,0.8948624110317972
GSE96804,GSM2544285,GSM2544326,0.7803362464983661
GSE96804,GSM2544285,GSM2544327,0.8846000470076997
GSE96804,GSM2544285,GSM2544328,0.8492205261833187
GSE96804,GSM2544285,GSM2544329,0.8721777856657446
GSE96804,GSM2544285,GSM2544330,0.8900132400709689
GSE96804,GSM2544285,GSM2544331,0.8711867985169527
GSE96804,GSM2544285,GSM2544332,0.8712659728966197
GSE96804,GSM2544285,GSM2544333,0.8780148835927118
GSE96804,GSM2544285,GSM2544334,0.835064888446995
GSE96804,GSM2544285,GSM2544335,0.8840096381604526
GSE96804,GSM2544286,GSM2544287,0.9123180061604043
GSE96804,GSM2544286,GSM2544288,0.8706562045387637
GSE96804,GSM2544286,GSM2544289,0.9118993041062393
GSE96804,GSM2544286,GSM2544290,0.9207006638645339
GSE96804,GSM2544286,GSM2544291,0.9018513239296689
GSE96804,GSM2544286,GSM2544292,0.9008593229196182
GSE96804,GSM2544286,GSM2544293,0.7285615133223309
GSE96804,GSM2544286,GSM2544294,0.9057460770224615
GSE96804,GSM2544286,GSM2544295,0.7771869047555087
GSE96804,GSM2544286,GSM2544296,0.8196902404440644
GSE96804,GSM2544286,GSM2544297,0.8697918188908875
GSE96804,GSM2544286,GSM2544298,0.8453705752008396
GSE96804,GSM2544286,GSM2544299,0.7026183489076475
GSE96804,GSM2544286,GSM2544300,0.8672255065376518
GSE96804,GSM2544286,GSM2544301,0.813012876464044
GSE96804,GSM2544286,GSM2544302,0.8515500875944106
GSE96804,GSM2544286,GSM2544303,0.921344764330097
GSE96804,GSM2544286,GSM2544304,0.6762685450552626
GSE96804,GSM2544286,GSM2544305,0.7810620739472884
GSE96804,GSM2544286,GSM2544306,0.655490291600383
GSE96804,GSM2544286,GSM2544307,0.859784817630417
GSE96804,GSM2544286,GSM2544308,0.720552869495753
GSE96804,GSM2544286,GSM2544309,0.6246235101868619
GSE96804,GSM2544286,GSM2544310,0.8950485695338198
GSE96804,GSM2544286,GSM2544311,0.8090995605773127
GSE96804,GSM2544286,GSM2544312,0.871452213432951
GSE96804,GSM2544286,GSM2544313,0.89514215097098
GSE96804,GSM2544286,GSM2544314,0.8326324084199711
GSE96804,GSM2544286,GSM2544315,0.9150786875116168
GSE96804,GSM2544286,GSM2544316,0.8815552248562112
GSE96804,GSM2544286,GSM2544317,0.8934903798644513
GSE96804,GSM2544286,GSM2544318,0.8830636776276926
GSE96804,GSM2544286,GSM2544319,0.8651027707079731
GSE96804,GSM2544286,GSM2544320,0.8020331369354355
GSE96804,GSM2544286,GSM2544321,0.8694883310463589
GSE96804,GSM2544286,GSM2544322,0.8671011838969642
GSE96804,GSM2544286,GSM2544323,0.8818197073754179
GSE96804,GSM2544286,GSM2544324,0.8396832709715543
GSE96804,GSM2544286,GSM2544325,0.887414573947438
GSE96804,GSM2544286,GSM2544326,0.845027820912241
GSE96804,GSM2544286,GSM2544327,0.8517568432051833
GSE96804,GSM2544286,GSM2544328,0.8609813398203834
GSE96804,GSM2544286,GSM2544329,0.8762075468899551
GSE96804,GSM2544286,GSM2544330,0.8940308376094969
GSE96804,GSM2544286,GSM2544331,0.8782123408106127
GSE96804,GSM2544286,GSM2544332,0.8487620903793044
GSE96804,GSM2544286,GSM2544333,0.8768629709687604
GSE96804,GSM2544286,GSM2544334,0.8377456795025581
GSE96804,GSM2544286,GSM2544335,0.8710539774757488
GSE96804,GSM2544287,GSM2544288,0.9227415293527709
GSE96804,GSM2544287,GSM2544289,0.9496196566943896
GSE96804,GSM2544287,GSM2544290,0.8775028905309183
GSE96804,GSM2544287,GSM2544291,0.9072249824887485
GSE96804,GSM2544287,GSM2544292,0.929205987062333
GSE96804,GSM2544287,GSM2544293,0.7131478595607934
GSE96804,GSM2544287,GSM2544294,0.9003825058921933
GSE96804,GSM2544287,GSM2544295,0.8452143875021496
GSE96804,GSM2544287,GSM2544296,0.8162259819470898
GSE96804,GSM2544287,GSM2544297,0.936311892564036
GSE96804,GSM2544287,GSM2544298,0.8886492926690414
GSE96804,GSM2544287,GSM2544299,0.676157281060451
GSE96804,GSM2544287,GSM2544300,0.915390973392965
GSE96804,GSM2544287,GSM2544301,0.8419554809989602
GSE96804,GSM2544287,GSM2544302,0.8916802038929709
GSE96804,GSM2544287,GSM2544303,0.9331458743426102
GSE96804,GSM2544287,GSM2544304,0.6492734105076664
GSE96804,GSM2544287,GSM2544305,0.8326752683819517
GSE96804,GSM2544287,GSM2544306,0.682757540054013
GSE96804,GSM2544287,GSM2544307,0.8887818459223945
GSE96804,GSM2544287,GSM2544308,0.695923983107744
GSE96804,GSM2544287,GSM2544309,0.7211295232292251
GSE96804,GSM2544287,GSM2544310,0.8412302878055828
GSE96804,GSM2544287,GSM2544311,0.8087573083979744
GSE96804,GSM2544287,GSM2544312,0.8499276515918197
GSE96804,GSM2544287,GSM2544313,0.9072101662825912
GSE96804,GSM2544287,GSM2544314,0.8493422948949991
GSE96804,GSM2544287,GSM2544315,0.9363673716140388
GSE96804,GSM2544287,GSM2544316,0.9090419850347801
GSE96804,GSM2544287,GSM2544317,0.9202004825571872
GSE96804,GSM2544287,GSM2544318,0.9135271781666012
GSE96804,GSM2544287,GSM2544319,0.8988586785229866
GSE96804,GSM2544287,GSM2544320,0.8456072881195494
GSE96804,GSM2544287,GSM2544321,0.9239016472223395
GSE96804,GSM2544287,GSM2544322,0.911763099147471
GSE96804,GSM2544287,GSM2544323,0.9079184232323279
GSE96804,GSM2544287,GSM2544324,0.9084441928681197
GSE96804,GSM2544287,GSM2544325,0.9298004126382413
GSE96804,GSM2544287,GSM2544326,0.8376444729203203
GSE96804,GSM2544287,GSM2544327,0.9078663423809277
GSE96804,GSM2544287,GSM2544328,0.8915976384428499
GSE96804,GSM2544287,GSM2544329,0.9036782293625473
GSE96804,GSM2544287,GSM2544330,0.9149478924788328
GSE96804,GSM2544287,GSM2544331,0.8979030721129986
GSE96804,GSM2544287,GSM2544332,0.9037367687893172
GSE96804,GSM2544287,GSM2544333,0.9077667218420745
GSE96804,GSM2544287,GSM2544334,0.8832020896528915
GSE96804,GSM2544287,GSM2544335,0.9159166339993092
GSE96804,GSM2544288,GSM2544289,0.9123051544941523
GSE96804,GSM2544288,GSM2544290,0.8445310089546098
GSE96804,GSM2544288,GSM2544291,0.9120943215108371
GSE96804,GSM2544288,GSM2544292,0.8938358630769869
GSE96804,GSM2544288,GSM2544293,0.7355964283991432
GSE96804,GSM2544288,GSM2544294,0.8619655981435719
GSE96804,GSM2544288,GSM2544295,0.8428222393455407
GSE96804,GSM2544288,GSM2544296,0.7928449165746558
GSE96804,GSM2544288,GSM2544297,0.9413226666640027
GSE96804,GSM2544288,GSM2544298,0.8651143262735387
GSE96804,GSM2544288,GSM2544299,0.7166154989507968
GSE96804,GSM2544288,GSM2544300,0.8795400565745537
GSE96804,GSM2544288,GSM2544301,0.8453545253139086
GSE96804,GSM2544288,GSM2544302,0.9003959413758694
GSE96804,GSM2544288,GSM2544303,0.8839044974655822
GSE96804,GSM2544288,GSM2544304,0.7200569084319796
GSE96804,GSM2544288,GSM2544305,0.8423951456513425
GSE96804,GSM2544288,GSM2544306,0.747857386902511
GSE96804,GSM2544288,GSM2544307,0.866345061793168
GSE96804,GSM2544288,GSM2544308,0.7547292594904093
GSE96804,GSM2544288,GSM2544309,0.7768353335964038
GSE96804,GSM2544288,GSM2544310,0.8105129577461871
GSE96804,GSM2544288,GSM2544311,0.8223531317021125
GSE96804,GSM2544288,GSM2544312,0.835786041549315
GSE96804,GSM2544288,GSM2544313,0.9017106626855894
GSE96804,GSM2544288,GSM2544314,0.8612821429483033
GSE96804,GSM2544288,GSM2544315,0.8937474550488316
GSE96804,GSM2544288,GSM2544316,0.8460120980905712
GSE96804,GSM2544288,GSM2544317,0.8674091875499326
GSE96804,GSM2544288,GSM2544318,0.8528860929405702
GSE96804,GSM2544288,GSM2544319,0.8402418600441149
GSE96804,GSM2544288,GSM2544320,0.831043285720532
GSE96804,GSM2544288,GSM2544321,0.8730078753640652
GSE96804,GSM2544288,GSM2544322,0.8507376990102463
GSE96804,GSM2544288,GSM2544323,0.868079289922066
GSE96804,GSM2544288,GSM2544324,0.8554564144927996
GSE96804,GSM2544288,GSM2544325,0.8628103324883554
GSE96804,GSM2544288,GSM2544326,0.8168409976201947
GSE96804,GSM2544288,GSM2544327,0.8586414544635733
GSE96804,GSM2544288,GSM2544328,0.8377799370011914
GSE96804,GSM2544288,GSM2544329,0.8461163793531662
GSE96804,GSM2544288,GSM2544330,0.8561933653508764
GSE96804,GSM2544288,GSM2544331,0.8394787403942328
GSE96804,GSM2544288,GSM2544332,0.8481886393342873
GSE96804,GSM2544288,GSM2544333,0.8425506048055272
GSE96804,GSM2544288,GSM2544334,0.8512848738330888
GSE96804,GSM2544288,GSM2544335,0.8586110293100181
GSE96804,GSM2544289,GSM2544290,0.8853488722138542
GSE96804,GSM2544289,GSM2544291,0.9034526115534142
GSE96804,GSM2544289,GSM2544292,0.8959068805071504
GSE96804,GSM2544289,GSM2544293,0.7121868376160227
GSE96804,GSM2544289,GSM2544294,0.8836906459875706
GSE96804,GSM2544289,GSM2544295,0.8089457078959663
GSE96804,GSM2544289,GSM2544296,0.8160393038176842
GSE96804,GSM2544289,GSM2544297,0.9190719514225429
GSE96804,GSM2544289,GSM2544298,0.877979688925928
GSE96804,GSM2544289,GSM2544299,0.6906436573325049
GSE96804,GSM2544289,GSM2544300,0.905268648352619
GSE96804,GSM2544289,GSM2544301,0.8342934095173815
GSE96804,GSM2544289,GSM2544302,0.8916590315157245
GSE96804,GSM2544289,GSM2544303,0.9345781733411074
GSE96804,GSM2544289,GSM2544304,0.6810923189679847
GSE96804,GSM2544289,GSM2544305,0.8031632837111435
GSE96804,GSM2544289,GSM2544306,0.699938975995237
GSE96804,GSM2544289,GSM2544307,0.868590587980768
GSE96804,GSM2544289,GSM2544308,0.7384584053808264
GSE96804,GSM2544289,GSM2544309,0.6760312135929469
GSE96804,GSM2544289,GSM2544310,0.8519725922760771
GSE96804,GSM2544289,GSM2544311,0.810992991414613
GSE96804,GSM2544289,GSM2544312,0.8366528790265935
GSE96804,GSM2544289,GSM2544313,0.88845663436749
GSE96804,GSM2544289,GSM2544314,0.841859129060317
GSE96804,GSM2544289,GSM2544315,0.9155102917102255
GSE96804,GSM2544289,GSM2544316,0.8994103119159612
GSE96804,GSM2544289,GSM2544317,0.9187428573442648
GSE96804,GSM2544289,GSM2544318,0.8843275500266562
GSE96804,GSM2544289,GSM2544319,0.8676288179590823
GSE96804,GSM2544289,GSM2544320,0.823579109573078
GSE96804,GSM2544289,GSM2544321,0.9040718388688188
GSE96804,GSM2544289,GSM2544322,0.8968542465035275
GSE96804,GSM2544289,GSM2544323,0.9012407675127622
GSE96804,GSM2544289,GSM2544324,0.884222640966141
GSE96804,GSM2544289,GSM2544325,0.9250721498502608
GSE96804,GSM2544289,GSM2544326,0.8637773936607057
GSE96804,GSM2544289,GSM2544327,0.8767081021142665
GSE96804,GSM2544289,GSM2544328,0.8861443298157379
GSE96804,GSM2544289,GSM2544329,0.8921547013940823
GSE96804,GSM2544289,GSM2544330,0.9152632790359236
GSE96804,GSM2544289,GSM2544331,0.8846605846697854
GSE96804,GSM2544289,GSM2544332,0.8776303284833559
GSE96804,GSM2544289,GSM2544333,0.901319893824669
GSE96804,GSM2544289,GSM2544334,0.8646209861000995
GSE96804,GSM2544289,GSM2544335,0.8881001118785354
GSE96804,GSM2544290,GSM2544291,0.9070787848847441
GSE96804,GSM2544290,GSM2544292,0.8790825985712104
GSE96804,GSM2544290,GSM2544293,0.7908862822991881
GSE96804,GSM2544290,GSM2544294,0.9033736755826499
GSE96804,GSM2544290,GSM2544295,0.8102133498543086
GSE96804,GSM2544290,GSM2544296,0.8843387246340508
GSE96804,GSM2544290,GSM2544297,0.8401112843207243
GSE96804,GSM2544290,GSM2544298,0.8090798410680924
GSE96804,GSM2544290,GSM2544299,0.7731391341413136
GSE96804,GSM2544290,GSM2544300,0.8594788951681566
GSE96804,GSM2544290,GSM2544301,0.8235462287420714
GSE96804,GSM2544290,GSM2544302,0.86441447347362
GSE96804,GSM2544290,GSM2544303,0.9129193956665868
GSE96804,GSM2544290,GSM2544304,0.7601721689125535
GSE96804,GSM2544290,GSM2544305,0.8094194516849381
GSE96804,GSM2544290,GSM2544306,0.7271557816568678
GSE96804,GSM2544290,GSM2544307,0.8924384415830041
GSE96804,GSM2544290,GSM2544308,0.7931731124943071
GSE96804,GSM2544290,GSM2544309,0.660445050190721
GSE96804,GSM2544290,GSM2544310,0.9336874695218949
GSE96804,GSM2544290,GSM2544311,0.841177929315577
GSE96804,GSM2544290,GSM2544312,0.8910562691887686
GSE96804,GSM2544290,GSM2544313,0.8924779570436243
GSE96804,GSM2544290,GSM2544314,0.877624161003411
GSE96804,GSM2544290,GSM2544315,0.8714519519306289
GSE96804,GSM2544290,GSM2544316,0.8402083830231952
GSE96804,GSM2544290,GSM2544317,0.8432724752645742
GSE96804,GSM2544290,GSM2544318,0.8052297034209024
GSE96804,GSM2544290,GSM2544319,0.8081199367999112
GSE96804,GSM2544290,GSM2544320,0.7428076499609279
GSE96804,GSM2544290,GSM2544321,0.8070348029600636
GSE96804,GSM2544290,GSM2544322,0.7917486363822321
GSE96804,GSM2544290,GSM2544323,0.8316597037114127
GSE96804,GSM2544290,GSM2544324,0.7747321106218962
GSE96804,GSM2544290,GSM2544325,0.8287333161160908
GSE96804,GSM2544290,GSM2544326,0.7954611266028263
GSE96804,GSM2544290,GSM2544327,0.8101202015761884
GSE96804,GSM2544290,GSM2544328,0.8091554111179537
GSE96804,GSM2544290,GSM2544329,0.8086157645921217
GSE96804,GSM2544290,GSM2544330,0.8397817716568073
GSE96804,GSM2544290,GSM2544331,0.8258179233093284
GSE96804,GSM2544290,GSM2544332,0.7670683111602056
GSE96804,GSM2544290,GSM2544333,0.820113776274826
GSE96804,GSM2544290,GSM2544334,0.7697869007743305
GSE96804,GSM2544290,GSM2544335,0.8008176125593851
GSE96804,GSM2544291,GSM2544292,0.8858577189201149
GSE96804,GSM2544291,GSM2544293,0.755560466774435
GSE96804,GSM2544291,GSM2544294,0.8670924844862388
GSE96804,GSM2544291,GSM2544295,0.8084063511525632
GSE96804,GSM2544291,GSM2544296,0.8109392125584527
GSE96804,GSM2544291,GSM2544297,0.9120300969275973
GSE96804,GSM2544291,GSM2544298,0.8370096546542111
GSE96804,GSM2544291,GSM2544299,0.7420969312118243
GSE96804,GSM2544291,GSM2544300,0.8628992586158432
GSE96804,GSM2544291,GSM2544301,0.8163486278648716
GSE96804,GSM2544291,GSM2544302,0.8825409571307528
GSE96804,GSM2544291,GSM2544303,0.8994951803541217
GSE96804,GSM2544291,GSM2544304,0.7420152099781303
GSE96804,GSM2544291,GSM2544305,0.8193867915189335
GSE96804,GSM2544291,GSM2544306,0.7577457927041354
GSE96804,GSM2544291,GSM2544307,0.8635844761642261
GSE96804,GSM2544291,GSM2544308,0.7632520973899617
GSE96804,GSM2544291,GSM2544309,0.725600196520177
GSE96804,GSM2544291,GSM2544310,0.8714101310018004
GSE96804,GSM2544291,GSM2544311,0.8154988917371717
GSE96804,GSM2544291,GSM2544312,0.8479260960360272
GSE96804,GSM2544291,GSM2544313,0.8659668091674323
GSE96804,GSM2544291,GSM2544314,0.8367680178580162
GSE96804,GSM2544291,GSM2544315,0.8910132924837487
GSE96804,GSM2544291,GSM2544316,0.8331891641416714
GSE96804,GSM2544291,GSM2544317,0.8394469212948438
GSE96804,GSM2544291,GSM2544318,0.8108200356277989
GSE96804,GSM2544291,GSM2544319,0.8228206219181644
GSE96804,GSM2544291,GSM2544320,0.7849667951808003
GSE96804,GSM2544291,GSM2544321,0.8258127799139648
GSE96804,GSM2544291,GSM2544322,0.8179674590170298
GSE96804,GSM2544291,GSM2544323,0.8663238195949259
GSE96804,GSM2544291,GSM2544324,0.8069784014936229
GSE96804,GSM2544291,GSM2544325,0.8411228892956426
GSE96804,GSM2544291,GSM2544326,0.8256839404581194
GSE96804,GSM2544291,GSM2544327,0.8194930273685648
GSE96804,GSM2544291,GSM2544328,0.8284818784445406
GSE96804,GSM2544291,GSM2544329,0.8142101597365246
GSE96804,GSM2544291,GSM2544330,0.8394247628759856
GSE96804,GSM2544291,GSM2544331,0.8348984723156399
GSE96804,GSM2544291,GSM2544332,0.8016402929567144
GSE96804,GSM2544291,GSM2544333,0.8165899894348928
GSE96804,GSM2544291,GSM2544334,0.8209582981604114
GSE96804,GSM2544291,GSM2544335,0.8157241191815415
GSE96804,GSM2544292,GSM2544293,0.6434124268495189
GSE96804,GSM2544292,GSM2544294,0.9147575375617912
GSE96804,GSM2544292,GSM2544295,0.8625150001606015
GSE96804,GSM2544292,GSM2544296,0.7786796677701683
GSE96804,GSM2544292,GSM2544297,0.9196153848876996
GSE96804,GSM2544292,GSM2544298,0.7990846440923834
GSE96804,GSM2544292,GSM2544299,0.6060358615647656
GSE96804,GSM2544292,GSM2544300,0.869110019904927
GSE96804,GSM2544292,GSM2544301,0.777712070608229
GSE96804,GSM2544292,GSM2544302,0.8149982206123669
GSE96804,GSM2544292,GSM2544303,0.9014755334640271
GSE96804,GSM2544292,GSM2544304,0.5870142308094329
GSE96804,GSM2544292,GSM2544305,0.7993620946413581
GSE96804,GSM2544292,GSM2544306,0.5860105670891029
GSE96804,GSM2544292,GSM2544307,0.8554001831187408
GSE96804,GSM2544292,GSM2544308,0.6358925329646895
GSE96804,GSM2544292,GSM2544309,0.6759958629464746
GSE96804,GSM2544292,GSM2544310,0.8074813405177441
GSE96804,GSM2544292,GSM2544311,0.7374996452795017
GSE96804,GSM2544292,GSM2544312,0.8154768581539831
GSE96804,GSM2544292,GSM2544313,0.8973693142027593
GSE96804,GSM2544292,GSM2544314,0.8194147239719675
GSE96804,GSM2544292,GSM2544315,0.9549334647738904
GSE96804,GSM2544292,GSM2544316,0.886036079523052
GSE96804,GSM2544292,GSM2544317,0.8912530889097469
GSE96804,GSM2544292,GSM2544318,0.8824497992300026
GSE96804,GSM2544292,GSM2544319,0.8826009626650256
GSE96804,GSM2544292,GSM2544320,0.8117711553218697
GSE96804,GSM2544292,GSM2544321,0.9057221933130468
GSE96804,GSM2544292,GSM2544322,0.8733717078913369
GSE96804,GSM2544292,GSM2544323,0.8876333556811943
GSE96804,GSM2544292,GSM2544324,0.8862502856807333
GSE96804,GSM2544292,GSM2544325,0.8910698068543078
GSE96804,GSM2544292,GSM2544326,0.7557094771316352
GSE96804,GSM2544292,GSM2544327,0.888534415820982
GSE96804,GSM2544292,GSM2544328,0.8486117662349535
GSE96804,GSM2544292,GSM2544329,0.8779583899975673
GSE96804,GSM2544292,GSM2544330,0.8824744039528103
GSE96804,GSM2544292,GSM2544331,0.8680194207202292
GSE96804,GSM2544292,GSM2544332,0.888091099807034
GSE96804,GSM2544292,GSM2544333,0.8734791302792588
GSE96804,GSM2544292,GSM2544334,0.8558169858504823
GSE96804,GSM2544292,GSM2544335,0.9001117221558568
GSE96804,GSM2544293,GSM2544294,0.7077265771293034
GSE96804,GSM2544293,GSM2544295,0.7427748874243184
GSE96804,GSM2544293,GSM2544296,0.8950221648600752
GSE96804,GSM2544293,GSM2544297,0.6992144670150082
GSE96804,GSM2544293,GSM2544298,0.8127015294863179
GSE96804,GSM2544293,GSM2544299,0.9011090690817644
GSE96804,GSM2544293,GSM2544300,0.7707595146600713
GSE96804,GSM2544293,GSM2544301,0.8719425350283189
GSE96804,GSM2544293,GSM2544302,0.8312251491020515
GSE96804,GSM2544293,GSM2544303,0.7519813013903427
GSE96804,GSM2544293,GSM2544304,0.8270136643181277
GSE96804,GSM2544293,GSM2544305,0.8405777752796926
GSE96804,GSM2544293,GSM2544306,0.8575985245669141
GSE96804,GSM2544293,GSM2544307,0.8364281341334158
GSE96804,GSM2544293,GSM2544308,0.8525806738285183
GSE96804,GSM2544293,GSM2544309,0.786514306399936
GSE96804,GSM2544293,GSM2544310,0.8301942869794953
GSE96804,GSM2544293,GSM2544311,0.8812156057656156
GSE96804,GSM2544293,GSM2544312,0.8695164241819628
GSE96804,GSM2544293,GSM2544313,0.7719730708178271
GSE96804,GSM2544293,GSM2544314,0.873707897591916
GSE96804,GSM2544293,GSM2544315,0.6482413852846006
GSE96804,GSM2544293,GSM2544316,0.6412096208119998
GSE96804,GSM2544293,GSM2544317,0.6620140615222662
GSE96804,GSM2544293,GSM2544318,0.6427101398144656
GSE96804,GSM2544293,GSM2544319,0.6271419702924124
GSE96804,GSM2544293,GSM2544320,0.6554862717385579
GSE96804,GSM2544293,GSM2544321,0.6329014840528684
GSE96804,GSM2544293,GSM2544322,0.6187800121795007
GSE96804,GSM2544293,GSM2544323,0.6533795459999221
GSE96804,GSM2544293,GSM2544324,0.6041691920622836
GSE96804,GSM2544293,GSM2544325,0.6343279012567109
GSE96804,GSM2544293,GSM2544326,0.6971480085507394
GSE96804,GSM2544293,GSM2544327,0.6708945410131899
GSE96804,GSM2544293,GSM2544328,0.6623566816213576
GSE96804,GSM2544293,GSM2544329,0.6278160599942673
GSE96804,GSM2544293,GSM2544330,0.646333338464534
GSE96804,GSM2544293,GSM2544331,0.6732039016167156
GSE96804,GSM2544293,GSM2544332,0.5912185169867106
GSE96804,GSM2544293,GSM2544333,0.641170613225378
GSE96804,GSM2544293,GSM2544334,0.6174121500248722
GSE96804,GSM2544293,GSM2544335,0.6134227958123314
GSE96804,GSM2544294,GSM2544295,0.8029628094619472
GSE96804,GSM2544294,GSM2544296,0.8364364461371329
GSE96804,GSM2544294,GSM2544297,0.8557701687886988
GSE96804,GSM2544294,GSM2544298,0.8045431257589415
GSE96804,GSM2544294,GSM2544299,0.6899598440189368
GSE96804,GSM2544294,GSM2544300,0.8385027021379984
GSE96804,GSM2544294,GSM2544301,0.8026350990380743
GSE96804,GSM2544294,GSM2544302,0.839100878575916
GSE96804,GSM2544294,GSM2544303,0.9089364412084633
GSE96804,GSM2544294,GSM2544304,0.6939945982958041
GSE96804,GSM2544294,GSM2544305,0.7995901048621187
GSE96804,GSM2544294,GSM2544306,0.6516043606119225
GSE96804,GSM2544294,GSM2544307,0.8688511812634455
GSE96804,GSM2544294,GSM2544308,0.7177297445288795
GSE96804,GSM2544294,GSM2544309,0.6630624164467376
GSE96804,GSM2544294,GSM2544310,0.8762758173279436
GSE96804,GSM2544294,GSM2544311,0.8049258849804474
GSE96804,GSM2544294,GSM2544312,0.8505119560789511
GSE96804,GSM2544294,GSM2544313,0.8850423914901633
GSE96804,GSM2544294,GSM2544314,0.838236767211081
GSE96804,GSM2544294,GSM2544315,0.8954228388098385
GSE96804,GSM2544294,GSM2544316,0.8313362424821069
GSE96804,GSM2544294,GSM2544317,0.8519094316774747
GSE96804,GSM2544294,GSM2544318,0.8266658564473691
GSE96804,GSM2544294,GSM2544319,0.8125780572300282
GSE96804,GSM2544294,GSM2544320,0.7439348663431139
GSE96804,GSM2544294,GSM2544321,0.8273856094235653
GSE96804,GSM2544294,GSM2544322,0.8249475394172067
GSE96804,GSM2544294,GSM2544323,0.8175358439362149
GSE96804,GSM2544294,GSM2544324,0.8005025415564594
GSE96804,GSM2544294,GSM2544325,0.84935919742792
GSE96804,GSM2544294,GSM2544326,0.7511232299763418
GSE96804,GSM2544294,GSM2544327,0.8333701643808938
GSE96804,GSM2544294,GSM2544328,0.7801964020454277
GSE96804,GSM2544294,GSM2544329,0.8332085880128026
GSE96804,GSM2544294,GSM2544330,0.8482580648219137
GSE96804,GSM2544294,GSM2544331,0.8037757787869257
GSE96804,GSM2544294,GSM2544332,0.8125930580389605
GSE96804,GSM2544294,GSM2544333,0.8260902258938229
GSE96804,GSM2544294,GSM2544334,0.7684270789364598
GSE96804,GSM2544294,GSM2544335,0.8512571055415062
GSE96804,GSM2544295,GSM2544296,0.8221652070003077
GSE96804,GSM2544295,GSM2544297,0.8842825094871186
GSE96804,GSM2544295,GSM2544298,0.8005688880591355
GSE96804,GSM2544295,GSM2544299,0.6797989617251625
GSE96804,GSM2544295,GSM2544300,0.8589139875185494
GSE96804,GSM2544295,GSM2544301,0.8484879829482022
GSE96804,GSM2544295,GSM2544302,0.8125995013557693
GSE96804,GSM2544295,GSM2544303,0.8287698706588131
GSE96804,GSM2544295,GSM2544304,0.5913381154383863
GSE96804,GSM2544295,GSM2544305,0.8854964086447905
GSE96804,GSM2544295,GSM2544306,0.6777332366460341
GSE96804,GSM2544295,GSM2544307,0.8883033321797702
GSE96804,GSM2544295,GSM2544308,0.6781432052540902
GSE96804,GSM2544295,GSM2544309,0.8278149820557053
GSE96804,GSM2544295,GSM2544310,0.7635057609374287
GSE96804,GSM2544295,GSM2544311,0.7643560388859657
GSE96804,GSM2544295,GSM2544312,0.8365011708532328
GSE96804,GSM2544295,GSM2544313,0.8648679099825634
GSE96804,GSM2544295,GSM2544314,0.874288997982002
GSE96804,GSM2544295,GSM2544315,0.8597579313154075
GSE96804,GSM2544295,GSM2544316,0.8106052526045078
GSE96804,GSM2544295,GSM2544317,0.7929905132561973
GSE96804,GSM2544295,GSM2544318,0.8088946282240981
GSE96804,GSM2544295,GSM2544319,0.8149100622892996
GSE96804,GSM2544295,GSM2544320,0.7990117220743985
GSE96804,GSM2544295,GSM2544321,0.848718770546355
GSE96804,GSM2544295,GSM2544322,0.7820714484752237
GSE96804,GSM2544295,GSM2544323,0.806747379760981
GSE96804,GSM2544295,GSM2544324,0.8330649827096644
GSE96804,GSM2544295,GSM2544325,0.790953645470154
GSE96804,GSM2544295,GSM2544326,0.6685188399090846
GSE96804,GSM2544295,GSM2544327,0.8470876036098534
GSE96804,GSM2544295,GSM2544328,0.8010378479228282
GSE96804,GSM2544295,GSM2544329,0.7865448204260688
GSE96804,GSM2544295,GSM2544330,0.7652354507566881
GSE96804,GSM2544295,GSM2544331,0.8087009639928335
GSE96804,GSM2544295,GSM2544332,0.8105227679059422
GSE96804,GSM2544295,GSM2544333,0.7994445373706096
GSE96804,GSM2544295,GSM2544334,0.7958495884424023
GSE96804,GSM2544295,GSM2544335,0.7925371656277626
GSE96804,GSM2544296,GSM2544297,0.7870730389142799
GSE96804,GSM2544296,GSM2544298,0.8526829158226177
GSE96804,GSM2544296,GSM2544299,0.864954459389251
GSE96804,GSM2544296,GSM2544300,0.8633032076730747
GSE96804,GSM2544296,GSM2544301,0.9123928015436851
GSE96804,GSM2544296,GSM2544302,0.8856130294839977
GSE96804,GSM2544296,GSM2544303,0.8735792868955387
GSE96804,GSM2544296,GSM2544304,0.8235252713549177
GSE96804,GSM2544296,GSM2544305,0.8811972438221143
GSE96804,GSM2544296,GSM2544306,0.8382261154943255
GSE96804,GSM2544296,GSM2544307,0.9279844598970085
GSE96804,GSM2544296,GSM2544308,0.873512683797443
GSE96804,GSM2544296,GSM2544309,0.7805042200645602
GSE96804,GSM2544296,GSM2544310,0.89618433047386
GSE96804,GSM2544296,GSM2544311,0.9098424654300121
GSE96804,GSM2544296,GSM2544312,0.9067468970265267
GSE96804,GSM2544296,GSM2544313,0.8653863255958316
GSE96804,GSM2544296,GSM2544314,0.9335929470681235
GSE96804,GSM2544296,GSM2544315,0.7857916348610551
GSE96804,GSM2544296,GSM2544316,0.7753883200133862
GSE96804,GSM2544296,GSM2544317,0.7779635822149294
GSE96804,GSM2544296,GSM2544318,0.7585662521794992
GSE96804,GSM2544296,GSM2544319,0.7202143326183003
GSE96804,GSM2544296,GSM2544320,0.7040971125450374
GSE96804,GSM2544296,GSM2544321,0.741729451319724
GSE96804,GSM2544296,GSM2544322,0.7240431641279461
GSE96804,GSM2544296,GSM2544323,0.7356885607196729
GSE96804,GSM2544296,GSM2544324,0.7131661026894597
GSE96804,GSM2544296,GSM2544325,0.7573307538006593
GSE96804,GSM2544296,GSM2544326,0.7389018988102936
GSE96804,GSM2544296,GSM2544327,0.7880771535947227
GSE96804,GSM2544296,GSM2544328,0.7433132129215541
GSE96804,GSM2544296,GSM2544329,0.7434419622958828
GSE96804,GSM2544296,GSM2544330,0.7612379568316844
GSE96804,GSM2544296,GSM2544331,0.7584887243261275
GSE96804,GSM2544296,GSM2544332,0.7047453794876634
GSE96804,GSM2544296,GSM2544333,0.7607081930656361
GSE96804,GSM2544296,GSM2544334,0.6881013205160342
GSE96804,GSM2544296,GSM2544335,0.7252464316913254
GSE96804,GSM2544297,GSM2544298,0.8588395402353766
GSE96804,GSM2544297,GSM2544299,0.6638658427303074
GSE96804,GSM2544297,GSM2544300,0.8922674339146105
GSE96804,GSM2544297,GSM2544301,0.8318252296636374
GSE96804,GSM2544297,GSM2544302,0.8754581713306765
GSE96804,GSM2544297,GSM2544303,0.8958240949934024
GSE96804,GSM2544297,GSM2544304,0.6387411037161967
GSE96804,GSM2544297,GSM2544305,0.8418560192178359
GSE96804,GSM2544297,GSM2544306,0.7072062049286284
GSE96804,GSM2544297,GSM2544307,0.8689561154784196
GSE96804,GSM2544297,GSM2544308,0.7099396951016382
GSE96804,GSM2544297,GSM2544309,0.7751110784767054
GSE96804,GSM2544297,GSM2544310,0.7946862635243456
GSE96804,GSM2544297,GSM2544311,0.7740855338976161
GSE96804,GSM2544297,GSM2544312,0.8174893418062218
GSE96804,GSM2544297,GSM2544313,0.8872661225352967
GSE96804,GSM2544297,GSM2544314,0.8456264326400649
GSE96804,GSM2544297,GSM2544315,0.928952220280545
GSE96804,GSM2544297,GSM2544316,0.8765808983953439
GSE96804,GSM2544297,GSM2544317,0.886204895203708
GSE96804,GSM2544297,GSM2544318,0.8809260741460173
GSE96804,GSM2544297,GSM2544319,0.8804692613220633
GSE96804,GSM2544297,GSM2544320,0.8509049874583119
GSE96804,GSM2544297,GSM2544321,0.9071320827252467
GSE96804,GSM2544297,GSM2544322,0.8697002821526668
GSE96804,GSM2544297,GSM2544323,0.8951123353865669
GSE96804,GSM2544297,GSM2544324,0.8966952043927384
GSE96804,GSM2544297,GSM2544325,0.8899037996098339
GSE96804,GSM2544297,GSM2544326,0.8094465112179791
GSE96804,GSM2544297,GSM2544327,0.8832011149296775
GSE96804,GSM2544297,GSM2544328,0.875173459400877
GSE96804,GSM2544297,GSM2544329,0.8752810293443795
GSE96804,GSM2544297,GSM2544330,0.8725884550471594
GSE96804,GSM2544297,GSM2544331,0.875623643110306
GSE96804,GSM2544297,GSM2544332,0.8892822914795266
GSE96804,GSM2544297,GSM2544333,0.8764115561832032
GSE96804,GSM2544297,GSM2544334,0.8786795017505166
GSE96804,GSM2544297,GSM2544335,0.8787568351752661
GSE96804,GSM2544298,GSM2544299,0.7565041802765915
GSE96804,GSM2544298,GSM2544300,0.9074316425913606
GSE96804,GSM2544298,GSM2544301,0.9229037918249058
GSE96804,GSM2544298,GSM2544302,0.9022559377785119
GSE96804,GSM2544298,GSM2544303,0.8904776510808308
GSE96804,GSM2544298,GSM2544304,0.7061580576593892
GSE96804,GSM2544298,GSM2544305,0.8727400949552098
GSE96804,GSM2544298,GSM2544306,0.7887745139851549
GSE96804,GSM2544298,GSM2544307,0.8838671667113751
GSE96804,GSM2544298,GSM2544308,0.762722615767238
GSE96804,GSM2544298,GSM2544309,0.7842900614634426
GSE96804,GSM2544298,GSM2544310,0.8251464093824558
GSE96804,GSM2544298,GSM2544311,0.8775616638833281
GSE96804,GSM2544298,GSM2544312,0.874466847873609
GSE96804,GSM2544298,GSM2544313,0.8575776781580079
GSE96804,GSM2544298,GSM2544314,0.8864638513506203
GSE96804,GSM2544298,GSM2544315,0.8505398966389259
GSE96804,GSM2544298,GSM2544316,0.8342487818633731
GSE96804,GSM2544298,GSM2544317,0.8496744500072511
GSE96804,GSM2544298,GSM2544318,0.8544551371370287
GSE96804,GSM2544298,GSM2544319,0.822622183437712
GSE96804,GSM2544298,GSM2544320,0.8102356791858445
GSE96804,GSM2544298,GSM2544321,0.8460197660001174
GSE96804,GSM2544298,GSM2544322,0.835409096280255
GSE96804,GSM2544298,GSM2544323,0.830413014202643
GSE96804,GSM2544298,GSM2544324,0.8417778292950648
GSE96804,GSM2544298,GSM2544325,0.8433091143618846
GSE96804,GSM2544298,GSM2544326,0.8107480329738949
GSE96804,GSM2544298,GSM2544327,0.8520908114660015
GSE96804,GSM2544298,GSM2544328,0.8429221568051084
GSE96804,GSM2544298,GSM2544329,0.8307755301518767
GSE96804,GSM2544298,GSM2544330,0.8274133519915585
GSE96804,GSM2544298,GSM2544331,0.8412915198423621
GSE96804,GSM2544298,GSM2544332,0.8274515445813775
GSE96804,GSM2544298,GSM2544333,0.8377235276312276
GSE96804,GSM2544298,GSM2544334,0.8221664709796543
GSE96804,GSM2544298,GSM2544335,0.8142685240740785
GSE96804,GSM2544299,GSM2544300,0.7363162040323818
GSE96804,GSM2544299,GSM2544301,0.8141597258553034
GSE96804,GSM2544299,GSM2544302,0.8150270885182772
GSE96804,GSM2544299,GSM2544303,0.7327868053511908
GSE96804,GSM2544299,GSM2544304,0.8514338304200172
GSE96804,GSM2544299,GSM2544305,0.7985241549097608
GSE96804,GSM2544299,GSM2544306,0.8474773477961682
GSE96804,GSM2544299,GSM2544307,0.799953030514791
GSE96804,GSM2544299,GSM2544308,0.8611494116758341
GSE96804,GSM2544299,GSM2544309,0.7486603829846243
GSE96804,GSM2544299,GSM2544310,0.8150105629926316
GSE96804,GSM2544299,GSM2544311,0.8512496617315879
GSE96804,GSM2544299,GSM2544312,0.8218657006712731
GSE96804,GSM2544299,GSM2544313,0.7356158600522695
GSE96804,GSM2544299,GSM2544314,0.829471809126231
GSE96804,GSM2544299,GSM2544315,0.6056310446001437
GSE96804,GSM2544299,GSM2544316,0.6026583900187991
GSE96804,GSM2544299,GSM2544317,0.6264200094892297
GSE96804,GSM2544299,GSM2544318,0.5936026368217413
GSE96804,GSM2544299,GSM2544319,0.5814271027957539
GSE96804,GSM2544299,GSM2544320,0.6083220053967037
GSE96804,GSM2544299,GSM2544321,0.5807985625987787
GSE96804,GSM2544299,GSM2544322,0.5770384645536197
GSE96804,GSM2544299,GSM2544323,0.6101065882716138
GSE96804,GSM2544299,GSM2544324,0.5418027802155977
GSE96804,GSM2544299,GSM2544325,0.5876971451958154
GSE96804,GSM2544299,GSM2544326,0.6678801409689225
GSE96804,GSM2544299,GSM2544327,0.6263050526236128
GSE96804,GSM2544299,GSM2544328,0.6072006670283464
GSE96804,GSM2544299,GSM2544329,0.5893474343875658
GSE96804,GSM2544299,GSM2544330,0.6115781165358197
GSE96804,GSM2544299,GSM2544331,0.6087738569439645
GSE96804,GSM2544299,GSM2544332,0.5227250065322754
GSE96804,GSM2544299,GSM2544333,0.5934143817010312
GSE96804,GSM2544299,GSM2544334,0.5496801578145016
GSE96804,GSM2544299,GSM2544335,0.5732756841489507
GSE96804,GSM2544300,GSM2544301,0.8895442681998527
GSE96804,GSM2544300,GSM2544302,0.8925753177097858
GSE96804,GSM2544300,GSM2544303,0.9068852217718891
GSE96804,GSM2544300,GSM2544304,0.662897350781959
GSE96804,GSM2544300,GSM2544305,0.8520203171662548
GSE96804,GSM2544300,GSM2544306,0.7241213220617219
GSE96804,GSM2544300,GSM2544307,0.9007221039942597
GSE96804,GSM2544300,GSM2544308,0.7386178751948203
GSE96804,GSM2544300,GSM2544309,0.7451601618751105
GSE96804,GSM2544300,GSM2544310,0.8307720437106735
GSE96804,GSM2544300,GSM2544311,0.838748023615776
GSE96804,GSM2544300,GSM2544312,0.864347165452876
GSE96804,GSM2544300,GSM2544313,0.8959184453173242
GSE96804,GSM2544300,GSM2544314,0.8835901660791119
GSE96804,GSM2544300,GSM2544315,0.8946041032257892
GSE96804,GSM2544300,GSM2544316,0.8954548619012145
GSE96804,GSM2544300,GSM2544317,0.8895010561912156
GSE96804,GSM2544300,GSM2544318,0.8986775371329939
GSE96804,GSM2544300,GSM2544319,0.8736375081481332
GSE96804,GSM2544300,GSM2544320,0.8398098100686534
GSE96804,GSM2544300,GSM2544321,0.9057819280395989
GSE96804,GSM2544300,GSM2544322,0.8788816835844276
GSE96804,GSM2544300,GSM2544323,0.8910554126349567
GSE96804,GSM2544300,GSM2544324,0.8964299052168834
GSE96804,GSM2544300,GSM2544325,0.9000967469933673
GSE96804,GSM2544300,GSM2544326,0.8317062716745768
GSE96804,GSM2544300,GSM2544327,0.8990740362867206
GSE96804,GSM2544300,GSM2544328,0.8932290069362737
GSE96804,GSM2544300,GSM2544329,0.8911179573459845
GSE96804,GSM2544300,GSM2544330,0.8846392720232085
GSE96804,GSM2544300,GSM2544331,0.8903093408888948
GSE96804,GSM2544300,GSM2544332,0.8761641797297505
GSE96804,GSM2544300,GSM2544333,0.8924472346462206
GSE96804,GSM2544300,GSM2544334,0.863684251828895
GSE96804,GSM2544300,GSM2544335,0.8673250681696516
GSE96804,GSM2544301,GSM2544302,0.9067196677128158
GSE96804,GSM2544301,GSM2544303,0.8601475734630042
GSE96804,GSM2544301,GSM2544304,0.7565692566965627
GSE96804,GSM2544301,GSM2544305,0.9128164648331272
GSE96804,GSM2544301,GSM2544306,0.8386449118537592
GSE96804,GSM2544301,GSM2544307,0.9330663485342969
GSE96804,GSM2544301,GSM2544308,0.8279564746977269
GSE96804,GSM2544301,GSM2544309,0.8386315269585004
GSE96804,GSM2544301,GSM2544310,0.8502332607156167
GSE96804,GSM2544301,GSM2544311,0.9136556587430612
GSE96804,GSM2544301,GSM2544312,0.9118563412518131
GSE96804,GSM2544301,GSM2544313,0.8694905415751305
GSE96804,GSM2544301,GSM2544314,0.926848635401998
GSE96804,GSM2544301,GSM2544315,0.8050294440815483
GSE96804,GSM2544301,GSM2544316,0.7912317803225896
GSE96804,GSM2544301,GSM2544317,0.7968293092526603
GSE96804,GSM2544301,GSM2544318,0.8104689846252204
GSE96804,GSM2544301,GSM2544319,0.7693719006935533
GSE96804,GSM2544301,GSM2544320,0.7767776007517384
GSE96804,GSM2544301,GSM2544321,0.7986946656152072
GSE96804,GSM2544301,GSM2544322,0.7691611251292221
GSE96804,GSM2544301,GSM2544323,0.7757595760348838
GSE96804,GSM2544301,GSM2544324,0.7911799820479236
GSE96804,GSM2544301,GSM2544325,0.7918123212848486
GSE96804,GSM2544301,GSM2544326,0.7670168501114292
GSE96804,GSM2544301,GSM2544327,0.8268646372849374
GSE96804,GSM2544301,GSM2544328,0.7882553799172367
GSE96804,GSM2544301,GSM2544329,0.7783566773607022
GSE96804,GSM2544301,GSM2544330,0.7703792036327155
GSE96804,GSM2544301,GSM2544331,0.8007147155159318
GSE96804,GSM2544301,GSM2544332,0.77429821914501
GSE96804,GSM2544301,GSM2544333,0.7938129642110872
GSE96804,GSM2544301,GSM2544334,0.7649114420741338
GSE96804,GSM2544301,GSM2544335,0.7598120927504164
GSE96804,GSM2544302,GSM2544303,0.8977817502794623
GSE96804,GSM2544302,GSM2544304,0.8033402499608309
GSE96804,GSM2544302,GSM2544305,0.8750256694489215
GSE96804,GSM2544302,GSM2544306,0.8452289290647148
GSE96804,GSM2544302,GSM2544307,0.9111958670938314
GSE96804,GSM2544302,GSM2544308,0.8569475082223106
GSE96804,GSM2544302,GSM2544309,0.7788466820066061
GSE96804,GSM2544302,GSM2544310,0.8786874265323358
GSE96804,GSM2544302,GSM2544311,0.9073429585068498
GSE96804,GSM2544302,GSM2544312,0.8857938451441961
GSE96804,GSM2544302,GSM2544313,0.8966022967028396
GSE96804,GSM2544302,GSM2544314,0.9034661561962517
GSE96804,GSM2544302,GSM2544315,0.8328854354211145
GSE96804,GSM2544302,GSM2544316,0.8283432458864971
GSE96804,GSM2544302,GSM2544317,0.840992643031462
GSE96804,GSM2544302,GSM2544318,0.8347360805687665
GSE96804,GSM2544302,GSM2544319,0.7997885174155985
GSE96804,GSM2544302,GSM2544320,0.8007820738453615
GSE96804,GSM2544302,GSM2544321,0.8253513965161992
GSE96804,GSM2544302,GSM2544322,0.8109430946826658
GSE96804,GSM2544302,GSM2544323,0.8314206781105837
GSE96804,GSM2544302,GSM2544324,0.8039474697989926
GSE96804,GSM2544302,GSM2544325,0.8365816058232466
GSE96804,GSM2544302,GSM2544326,0.8467066539982082
GSE96804,GSM2544302,GSM2544327,0.8324542343246392
GSE96804,GSM2544302,GSM2544328,0.8207390220462214
GSE96804,GSM2544302,GSM2544329,0.8249659084288604
GSE96804,GSM2544302,GSM2544330,0.8360509976039057
GSE96804,GSM2544302,GSM2544331,0.8295394915658173
GSE96804,GSM2544302,GSM2544332,0.7930431488592778
GSE96804,GSM2544302,GSM2544333,0.82812479075934
GSE96804,GSM2544302,GSM2544334,0.7944476557342772
GSE96804,GSM2544302,GSM2544335,0.8109166373987872
GSE96804,GSM2544303,GSM2544304,0.711711878107737
GSE96804,GSM2544303,GSM2544305,0.8431187756023701
GSE96804,GSM2544303,GSM2544306,0.7178740414446128
GSE96804,GSM2544303,GSM2544307,0.9062983927505647
GSE96804,GSM2544303,GSM2544308,0.7572974887500673
GSE96804,GSM2544303,GSM2544309,0.7026820284344615
GSE96804,GSM2544303,GSM2544310,0.8972333343245563
GSE96804,GSM2544303,GSM2544311,0.8528795898729336
GSE96804,GSM2544303,GSM2544312,0.8809135648833025
GSE96804,GSM2544303,GSM2544313,0.9073619722784082
GSE96804,GSM2544303,GSM2544314,0.8817798104933926
GSE96804,GSM2544303,GSM2544315,0.9192681990787237
GSE96804,GSM2544303,GSM2544316,0.8911608198745642
GSE96804,GSM2544303,GSM2544317,0.8944144791240523
GSE96804,GSM2544303,GSM2544318,0.8643684285314621
GSE96804,GSM2544303,GSM2544319,0.8491556561969701
GSE96804,GSM2544303,GSM2544320,0.7783009310592498
GSE96804,GSM2544303,GSM2544321,0.8733403217536766
GSE96804,GSM2544303,GSM2544322,0.8705182230927165
GSE96804,GSM2544303,GSM2544323,0.8736228957160387
GSE96804,GSM2544303,GSM2544324,0.8508868112404019
GSE96804,GSM2544303,GSM2544325,0.894573765176031
GSE96804,GSM2544303,GSM2544326,0.8051709376295807
GSE96804,GSM2544303,GSM2544327,0.8827508563707293
GSE96804,GSM2544303,GSM2544328,0.8620722053808764
GSE96804,GSM2544303,GSM2544329,0.8660708563463744
GSE96804,GSM2544303,GSM2544330,0.8906197501811257
GSE96804,GSM2544303,GSM2544331,0.8660559815721928
GSE96804,GSM2544303,GSM2544332,0.8453802399728173
GSE96804,GSM2544303,GSM2544333,0.8815784177457482
GSE96804,GSM2544303,GSM2544334,0.8184479440677892
GSE96804,GSM2544303,GSM2544335,0.8603964432542341
GSE96804,GSM2544304,GSM2544305,0.7135928827236611
GSE96804,GSM2544304,GSM2544306,0.8841999211350856
GSE96804,GSM2544304,GSM2544307,0.7531755697146945
GSE96804,GSM2544304,GSM2544308,0.9056933166849686
GSE96804,GSM2544304,GSM2544309,0.6521073852116727
GSE96804,GSM2544304,GSM2544310,0.8033600355856837
GSE96804,GSM2544304,GSM2544311,0.8381887888713567
GSE96804,GSM2544304,GSM2544312,0.7426653956963231
GSE96804,GSM2544304,GSM2544313,0.7134321582435251
GSE96804,GSM2544304,GSM2544314,0.7953150135968423
GSE96804,GSM2544304,GSM2544315,0.5802842357007619
GSE96804,GSM2544304,GSM2544316,0.5572419577241967
GSE96804,GSM2544304,GSM2544317,0.588812783080254
GSE96804,GSM2544304,GSM2544318,0.5329684157730785
GSE96804,GSM2544304,GSM2544319,0.4849202470716091
GSE96804,GSM2544304,GSM2544320,0.5202691607847374
GSE96804,GSM2544304,GSM2544321,0.5162082014400318
GSE96804,GSM2544304,GSM2544322,0.5265562043347451
GSE96804,GSM2544304,GSM2544323,0.5430935505115659
GSE96804,GSM2544304,GSM2544324,0.47183768959695177
GSE96804,GSM2544304,GSM2544325,0.556319304987745
GSE96804,GSM2544304,GSM2544326,0.662260587118682
GSE96804,GSM2544304,GSM2544327,0.5431826327980092
GSE96804,GSM2544304,GSM2544328,0.5241575279707439
GSE96804,GSM2544304,GSM2544329,0.5414546555212819
GSE96804,GSM2544304,GSM2544330,0.6018907881655282
GSE96804,GSM2544304,GSM2544331,0.5274147508379874
GSE96804,GSM2544304,GSM2544332,0.4625352187731403
GSE96804,GSM2544304,GSM2544333,0.5425339807119564
GSE96804,GSM2544304,GSM2544334,0.487068880953367
GSE96804,GSM2544304,GSM2544335,0.531866527698679
GSE96804,GSM2544305,GSM2544306,0.7949961079815034
GSE96804,GSM2544305,GSM2544307,0.9104704346921507
GSE96804,GSM2544305,GSM2544308,0.7739880932318337
GSE96804,GSM2544305,GSM2544309,0.8710713288200588
GSE96804,GSM2544305,GSM2544310,0.8259537245413513
GSE96804,GSM2544305,GSM2544311,0.8672374578323643
GSE96804,GSM2544305,GSM2544312,0.8897818987803353
GSE96804,GSM2544305,GSM2544313,0.8582117311842117
GSE96804,GSM2544305,GSM2544314,0.9126010702829596
GSE96804,GSM2544305,GSM2544315,0.8017154603171742
GSE96804,GSM2544305,GSM2544316,0.7598561866066839
GSE96804,GSM2544305,GSM2544317,0.7732430295073595
GSE96804,GSM2544305,GSM2544318,0.7704882364106768
GSE96804,GSM2544305,GSM2544319,0.7563931812065062
GSE96804,GSM2544305,GSM2544320,0.7576340788865652
GSE96804,GSM2544305,GSM2544321,0.7780873390373934
GSE96804,GSM2544305,GSM2544322,0.7381315702848122
GSE96804,GSM2544305,GSM2544323,0.7524365110387954
GSE96804,GSM2544305,GSM2544324,0.7616871096155645
GSE96804,GSM2544305,GSM2544325,0.7475069497200919
GSE96804,GSM2544305,GSM2544326,0.6947236460472974
GSE96804,GSM2544305,GSM2544327,0.8027902440749868
GSE96804,GSM2544305,GSM2544328,0.7534578060651852
GSE96804,GSM2544305,GSM2544329,0.7401270982706706
GSE96804,GSM2544305,GSM2544330,0.7354650320635695
GSE96804,GSM2544305,GSM2544331,0.7679696410182072
GSE96804,GSM2544305,GSM2544332,0.7471083216221083
GSE96804,GSM2544305,GSM2544333,0.7493767242037084
GSE96804,GSM2544305,GSM2544334,0.7302097172014286
GSE96804,GSM2544305,GSM2544335,0.7421904319698097
GSE96804,GSM2544306,GSM2544307,0.795844853944092
GSE96804,GSM2544306,GSM2544308,0.8971446601940737
GSE96804,GSM2544306,GSM2544309,0.778513963252949
GSE96804,GSM2544306,GSM2544310,0.7711142016792849
GSE96804,GSM2544306,GSM2544311,0.850500173638258
GSE96804,GSM2544306,GSM2544312,0.7637779181853815
GSE96804,GSM2544306,GSM2544313,0.7257651390757253
GSE96804,GSM2544306,GSM2544314,0.8337059898559096
GSE96804,GSM2544306,GSM2544315,0.610582433219722
GSE96804,GSM2544306,GSM2544316,0.6044314042137904
GSE96804,GSM2544306,GSM2544317,0.6157349803705138
GSE96804,GSM2544306,GSM2544318,0.5869171111068646
GSE96804,GSM2544306,GSM2544319,0.5464801655942787
GSE96804,GSM2544306,GSM2544320,0.6111412072117354
GSE96804,GSM2544306,GSM2544321,0.5869220357560468
GSE96804,GSM2544306,GSM2544322,0.5680914964903978
GSE96804,GSM2544306,GSM2544323,0.5956190551394801
GSE96804,GSM2544306,GSM2544324,0.5527635347988394
GSE96804,GSM2544306,GSM2544325,0.5939476875943496
GSE96804,GSM2544306,GSM2544326,0.6973743487387711
GSE96804,GSM2544306,GSM2544327,0.604242674843445
GSE96804,GSM2544306,GSM2544328,0.608510801745687
GSE96804,GSM2544306,GSM2544329,0.57820989599439
GSE96804,GSM2544306,GSM2544330,0.6151302562772426
GSE96804,GSM2544306,GSM2544331,0.5914887733169572
GSE96804,GSM2544306,GSM2544332,0.5272033441971553
GSE96804,GSM2544306,GSM2544333,0.5914893184722653
GSE96804,GSM2544306,GSM2544334,0.5654039936002018
GSE96804,GSM2544306,GSM2544335,0.5553167181844875
GSE96804,GSM2544307,GSM2544308,0.8110843457520196
GSE96804,GSM2544307,GSM2544309,0.8120989688511856
GSE96804,GSM2544307,GSM2544310,0.903470644420393
GSE96804,GSM2544307,GSM2544311,0.9050994708367246
GSE96804,GSM2544307,GSM2544312,0.9293571243325023
GSE96804,GSM2544307,GSM2544313,0.9056672316634393
GSE96804,GSM2544307,GSM2544314,0.9390080495864904
GSE96804,GSM2544307,GSM2544315,0.8680149524814411
GSE96804,GSM2544307,GSM2544316,0.8327024684756268
GSE96804,GSM2544307,GSM2544317,0.8309876385055455
GSE96804,GSM2544307,GSM2544318,0.8344654893188579
GSE96804,GSM2544307,GSM2544319,0.8005009725946337
GSE96804,GSM2544307,GSM2544320,0.7681083165406012
GSE96804,GSM2544307,GSM2544321,0.8296985726160935
GSE96804,GSM2544307,GSM2544322,0.802387197607162
GSE96804,GSM2544307,GSM2544323,0.8058582110494701
GSE96804,GSM2544307,GSM2544324,0.8160051041256644
GSE96804,GSM2544307,GSM2544325,0.831509549409091
GSE96804,GSM2544307,GSM2544326,0.7561439625806003
GSE96804,GSM2544307,GSM2544327,0.8566472578070888
GSE96804,GSM2544307,GSM2544328,0.8007231639348438
GSE96804,GSM2544307,GSM2544329,0.8105706211641008
GSE96804,GSM2544307,GSM2544330,0.8130964725406313
GSE96804,GSM2544307,GSM2544331,0.8251649939567252
GSE96804,GSM2544307,GSM2544332,0.8020232671353568
GSE96804,GSM2544307,GSM2544333,0.8239160843239055
GSE96804,GSM2544307,GSM2544334,0.7718359510307751
GSE96804,GSM2544307,GSM2544335,0.8056280315286173
GSE96804,GSM2544308,GSM2544309,0.7065134028707196
GSE96804,GSM2544308,GSM2544310,0.8347773718282673
GSE96804,GSM2544308,GSM2544311,0.8587553703728487
GSE96804,GSM2544308,GSM2544312,0.8028096486975662
GSE96804,GSM2544308,GSM2544313,0.777924380751665
GSE96804,GSM2544308,GSM2544314,0.8589922192654085
GSE96804,GSM2544308,GSM2544315,0.6430869274148004
GSE96804,GSM2544308,GSM2544316,0.6461830844429562
GSE96804,GSM2544308,GSM2544317,0.6644478972530481
GSE96804,GSM2544308,GSM2544318,0.6309597251732072
GSE96804,GSM2544308,GSM2544319,0.5867455773168583
GSE96804,GSM2544308,GSM2544320,0.6218978481910387
GSE96804,GSM2544308,GSM2544321,0.6048232528712281
GSE96804,GSM2544308,GSM2544322,0.600678495578896
GSE96804,GSM2544308,GSM2544323,0.6268688122546033
GSE96804,GSM2544308,GSM2544324,0.5691924800631347
GSE96804,GSM2544308,GSM2544325,0.633581074055733
GSE96804,GSM2544308,GSM2544326,0.7387672255125647
GSE96804,GSM2544308,GSM2544327,0.6336461853131929
GSE96804,GSM2544308,GSM2544328,0.6237816560392846
GSE96804,GSM2544308,GSM2544329,0.6277255955646024
GSE96804,GSM2544308,GSM2544330,0.6727297186421319
GSE96804,GSM2544308,GSM2544331,0.617085330701877
GSE96804,GSM2544308,GSM2544332,0.5582044750037123
GSE96804,GSM2544308,GSM2544333,0.6370507579970538
GSE96804,GSM2544308,GSM2544334,0.5688265293538927
GSE96804,GSM2544308,GSM2544335,0.6027147030123712
GSE96804,GSM2544309,GSM2544310,0.6627321016015707
GSE96804,GSM2544309,GSM2544311,0.7680663722007186
GSE96804,GSM2544309,GSM2544312,0.7730398102654857
GSE96804,GSM2544309,GSM2544313,0.7356497941023961
GSE96804,GSM2544309,GSM2544314,0.8210001176124606
GSE96804,GSM2544309,GSM2544315,0.6768509222748103
GSE96804,GSM2544309,GSM2544316,0.6304029225984411
GSE96804,GSM2544309,GSM2544317,0.6381435971763553
GSE96804,GSM2544309,GSM2544318,0.6577324842642439
GSE96804,GSM2544309,GSM2544319,0.6566740060731111
GSE96804,GSM2544309,GSM2544320,0.6998062221970099
GSE96804,GSM2544309,GSM2544321,0.674459259403086
GSE96804,GSM2544309,GSM2544322,0.6219657135974491
GSE96804,GSM2544309,GSM2544323,0.6451478140191684
GSE96804,GSM2544309,GSM2544324,0.6658636607574271
GSE96804,GSM2544309,GSM2544325,0.6153060937600234
GSE96804,GSM2544309,GSM2544326,0.5921666157842189
GSE96804,GSM2544309,GSM2544327,0.7079586697651366
GSE96804,GSM2544309,GSM2544328,0.6331439543733892
GSE96804,GSM2544309,GSM2544329,0.6275643011343265
GSE96804,GSM2544309,GSM2544330,0.59442979959848
GSE96804,GSM2544309,GSM2544331,0.6549623122784727
GSE96804,GSM2544309,GSM2544332,0.6430048268396578
GSE96804,GSM2544309,GSM2544333,0.6213070824948908
GSE96804,GSM2544309,GSM2544334,0.6493277135670632
GSE96804,GSM2544309,GSM2544335,0.6291778159651678
GSE96804,GSM2544310,GSM2544311,0.8845927057902911
GSE96804,GSM2544310,GSM2544312,0.9179409269728682
GSE96804,GSM2544310,GSM2544313,0.8627792824038572
GSE96804,GSM2544310,GSM2544314,0.8935294798321683
GSE96804,GSM2544310,GSM2544315,0.8241578147384317
GSE96804,GSM2544310,GSM2544316,0.793171098488422
GSE96804,GSM2544310,GSM2544317,0.805528729678214
GSE96804,GSM2544310,GSM2544318,0.7677613534488487
GSE96804,GSM2544310,GSM2544319,0.7581152847725552
GSE96804,GSM2544310,GSM2544320,0.7127800546678018
GSE96804,GSM2544310,GSM2544321,0.7574469956081303
GSE96804,GSM2544310,GSM2544322,0.7536171627896968
GSE96804,GSM2544310,GSM2544323,0.7797998902388519
GSE96804,GSM2544310,GSM2544324,0.7249825733719325
GSE96804,GSM2544310,GSM2544325,0.7911789413494272
GSE96804,GSM2544310,GSM2544326,0.7903996429150872
GSE96804,GSM2544310,GSM2544327,0.7700003650802002
GSE96804,GSM2544310,GSM2544328,0.7714484524940587
GSE96804,GSM2544310,GSM2544329,0.7666967535839276
GSE96804,GSM2544310,GSM2544330,0.8091611513350679
GSE96804,GSM2544310,GSM2544331,0.7901989653507541
GSE96804,GSM2544310,GSM2544332,0.7235998364014904
GSE96804,GSM2544310,GSM2544333,0.7764818847264234
GSE96804,GSM2544310,GSM2544334,0.7168206068641969
GSE96804,GSM2544310,GSM2544335,0.7584665152106903
GSE96804,GSM2544311,GSM2544312,0.9049725982298491
GSE96804,GSM2544311,GSM2544313,0.8495656763543866
GSE96804,GSM2544311,GSM2544314,0.914767079548142
GSE96804,GSM2544311,GSM2544315,0.7540380236694506
GSE96804,GSM2544311,GSM2544316,0.7399800793946615
GSE96804,GSM2544311,GSM2544317,0.7570827928207425
GSE96804,GSM2544311,GSM2544318,0.7410375959419013
GSE96804,GSM2544311,GSM2544319,0.6944352733911081
GSE96804,GSM2544311,GSM2544320,0.6871660512261
GSE96804,GSM2544311,GSM2544321,0.7217533455545284
GSE96804,GSM2544311,GSM2544322,0.718479088022365
GSE96804,GSM2544311,GSM2544323,0.7168431203561464
GSE96804,GSM2544311,GSM2544324,0.699698766751707
GSE96804,GSM2544311,GSM2544325,0.7422075949597318
GSE96804,GSM2544311,GSM2544326,0.7466049492172743
GSE96804,GSM2544311,GSM2544327,0.7612830849039737
GSE96804,GSM2544311,GSM2544328,0.7146702751275827
GSE96804,GSM2544311,GSM2544329,0.7240248223346185
GSE96804,GSM2544311,GSM2544330,0.7415258618446648
GSE96804,GSM2544311,GSM2544331,0.7339582588524618
GSE96804,GSM2544311,GSM2544332,0.6885465858483729
GSE96804,GSM2544311,GSM2544333,0.7356692006291361
GSE96804,GSM2544311,GSM2544334,0.6771270871356907
GSE96804,GSM2544311,GSM2544335,0.7140867531833422
GSE96804,GSM2544312,GSM2544313,0.8873748280104238
GSE96804,GSM2544312,GSM2544314,0.9286169713655336
GSE96804,GSM2544312,GSM2544315,0.8248820081124317
GSE96804,GSM2544312,GSM2544316,0.7939826046759465
GSE96804,GSM2544312,GSM2544317,0.8088272109619757
GSE96804,GSM2544312,GSM2544318,0.8108890890138938
GSE96804,GSM2544312,GSM2544319,0.8002165722983842
GSE96804,GSM2544312,GSM2544320,0.7683617974436403
GSE96804,GSM2544312,GSM2544321,0.7976623409512081
GSE96804,GSM2544312,GSM2544322,0.7819164067797699
GSE96804,GSM2544312,GSM2544323,0.805790586905793
GSE96804,GSM2544312,GSM2544324,0.7837347072157489
GSE96804,GSM2544312,GSM2544325,0.8025219625671818
GSE96804,GSM2544312,GSM2544326,0.7640319257932121
GSE96804,GSM2544312,GSM2544327,0.8270674002332546
GSE96804,GSM2544312,GSM2544328,0.7969618638505986
GSE96804,GSM2544312,GSM2544329,0.7900609765479585
GSE96804,GSM2544312,GSM2544330,0.793473161726702
GSE96804,GSM2544312,GSM2544331,0.8264970165721043
GSE96804,GSM2544312,GSM2544332,0.7716940382185844
GSE96804,GSM2544312,GSM2544333,0.7986077108085009
GSE96804,GSM2544312,GSM2544334,0.7716120771987851
GSE96804,GSM2544312,GSM2544335,0.783988098642732
GSE96804,GSM2544313,GSM2544314,0.908321625951943
GSE96804,GSM2544313,GSM2544315,0.8915590431299576
GSE96804,GSM2544313,GSM2544316,0.8749366267876177
GSE96804,GSM2544313,GSM2544317,0.8787816896002483
GSE96804,GSM2544313,GSM2544318,0.8741762368000906
GSE96804,GSM2544313,GSM2544319,0.8447589889075531
GSE96804,GSM2544313,GSM2544320,0.8142430682938621
GSE96804,GSM2544313,GSM2544321,0.8722393751763003
GSE96804,GSM2544313,GSM2544322,0.8497169069417482
GSE96804,GSM2544313,GSM2544323,0.8556934695834837
GSE96804,GSM2544313,GSM2544324,0.8460272985938472
GSE96804,GSM2544313,GSM2544325,0.8710651533791087
GSE96804,GSM2544313,GSM2544326,0.8012835915217402
GSE96804,GSM2544313,GSM2544327,0.8738814880471446
GSE96804,GSM2544313,GSM2544328,0.839738670601005
GSE96804,GSM2544313,GSM2544329,0.8606104652690225
GSE96804,GSM2544313,GSM2544330,0.8709749915341837
GSE96804,GSM2544313,GSM2544331,0.857512438713546
GSE96804,GSM2544313,GSM2544332,0.8411462302053504
GSE96804,GSM2544313,GSM2544333,0.8663655132081418
GSE96804,GSM2544313,GSM2544334,0.8264632173118942
GSE96804,GSM2544313,GSM2544335,0.8616738644188496
GSE96804,GSM2544314,GSM2544315,0.8269220809206842
GSE96804,GSM2544314,GSM2544316,0.8040249296471147
GSE96804,GSM2544314,GSM2544317,0.8089353344601546
GSE96804,GSM2544314,GSM2544318,0.7993925124818484
GSE96804,GSM2544314,GSM2544319,0.7759386412429905
GSE96804,GSM2544314,GSM2544320,0.7640947505815014
GSE96804,GSM2544314,GSM2544321,0.7992676154688136
GSE96804,GSM2544314,GSM2544322,0.7709371561310033
GSE96804,GSM2544314,GSM2544323,0.780944260377745
GSE96804,GSM2544314,GSM2544324,0.7752258569269882
GSE96804,GSM2544314,GSM2544325,0.7885869457311635
GSE96804,GSM2544314,GSM2544326,0.7572438506955363
GSE96804,GSM2544314,GSM2544327,0.8213761628229445
GSE96804,GSM2544314,GSM2544328,0.7844205608549333
GSE96804,GSM2544314,GSM2544329,0.7830912268211362
GSE96804,GSM2544314,GSM2544330,0.7962584604988181
GSE96804,GSM2544314,GSM2544331,0.7906338384899924
GSE96804,GSM2544314,GSM2544332,0.7529217045713478
GSE96804,GSM2544314,GSM2544333,0.7903534607254189
GSE96804,GSM2544314,GSM2544334,0.7469359228525816
GSE96804,GSM2544314,GSM2544335,0.7730829071759113
GSE96804,GSM2544315,GSM2544316,0.9110873583246091
GSE96804,GSM2544315,GSM2544317,0.9071396271675013
GSE96804,GSM2544315,GSM2544318,0.9066311748185899
GSE96804,GSM2544315,GSM2544319,0.894960476883047
GSE96804,GSM2544315,GSM2544320,0.8304421071892871
GSE96804,GSM2544315,GSM2544321,0.9229696125172823
GSE96804,GSM2544315,GSM2544322,0.8953089266434654
GSE96804,GSM2544315,GSM2544323,0.9069473274416118
GSE96804,GSM2544315,GSM2544324,0.9136504345976236
GSE96804,GSM2544315,GSM2544325,0.9226590161117865
GSE96804,GSM2544315,GSM2544326,0.7903536312879826
GSE96804,GSM2544315,GSM2544327,0.9061555488867404
GSE96804,GSM2544315,GSM2544328,0.891115911541788
GSE96804,GSM2544315,GSM2544329,0.8978781719894147
GSE96804,GSM2544315,GSM2544330,0.8973457516672418
GSE96804,GSM2544315,GSM2544331,0.898820740094565
GSE96804,GSM2544315,GSM2544332,0.9096829461885989
GSE96804,GSM2544315,GSM2544333,0.9023020071027134
GSE96804,GSM2544315,GSM2544334,0.8826299162396349
GSE96804,GSM2544315,GSM2544335,0.9041644942293562
GSE96804,GSM2544316,GSM2544317,0.9523574104441974
GSE96804,GSM2544316,GSM2544318,0.9339152835364528
GSE96804,GSM2544316,GSM2544319,0.932124226249063
GSE96804,GSM2544316,GSM2544320,0.8657593304727542
GSE96804,GSM2544316,GSM2544321,0.9378735757273553
GSE96804,GSM2544316,GSM2544322,0.9328782543515303
GSE96804,GSM2544316,GSM2544323,0.9281562928544681
GSE96804,GSM2544316,GSM2544324,0.9251443832815625
GSE96804,GSM2544316,GSM2544325,0.942197887333381
GSE96804,GSM2544316,GSM2544326,0.8505416117285852
GSE96804,GSM2544316,GSM2544327,0.9287160307771862
GSE96804,GSM2544316,GSM2544328,0.9273994490971041
GSE96804,GSM2544316,GSM2544329,0.9396290234553486
GSE96804,GSM2544316,GSM2544330,0.9366238914290146
GSE96804,GSM2544316,GSM2544331,0.9339086750247136
GSE96804,GSM2544316,GSM2544332,0.9147250455768219
GSE96804,GSM2544316,GSM2544333,0.9569308551135419
GSE96804,GSM2544316,GSM2544334,0.899925914686143
GSE96804,GSM2544316,GSM2544335,0.9264084121400579
GSE96804,GSM2544317,GSM2544318,0.9402908607684191
GSE96804,GSM2544317,GSM2544319,0.9305862700030596
GSE96804,GSM2544317,GSM2544320,0.8785099933574817
GSE96804,GSM2544317,GSM2544321,0.939672524925692
GSE96804,GSM2544317,GSM2544322,0.9405535698273171
GSE96804,GSM2544317,GSM2544323,0.9274886709059952
GSE96804,GSM2544317,GSM2544324,0.9248434026360882
GSE96804,GSM2544317,GSM2544325,0.9439738965833967
GSE96804,GSM2544317,GSM2544326,0.872042043109962
GSE96804,GSM2544317,GSM2544327,0.9276742181992044
GSE96804,GSM2544317,GSM2544328,0.9123903004209868
GSE96804,GSM2544317,GSM2544329,0.9480701843436635
GSE96804,GSM2544317,GSM2544330,0.9522365125394018
GSE96804,GSM2544317,GSM2544331,0.9291564255347924
GSE96804,GSM2544317,GSM2544332,0.9250367868377076
GSE96804,GSM2544317,GSM2544333,0.9493996137798917
GSE96804,GSM2544317,GSM2544334,0.9017657515749703
GSE96804,GSM2544317,GSM2544335,0.9386996087218319
GSE96804,GSM2544318,GSM2544319,0.9287441093305682
GSE96804,GSM2544318,GSM2544320,0.8941569139420246
GSE96804,GSM2544318,GSM2544321,0.9500915392831589
GSE96804,GSM2544318,GSM2544322,0.9330368542693845
GSE96804,GSM2544318,GSM2544323,0.9197499135374403
GSE96804,GSM2544318,GSM2544324,0.9460861041020391
GSE96804,GSM2544318,GSM2544325,0.9357147384904523
GSE96804,GSM2544318,GSM2544326,0.8670795721437095
GSE96804,GSM2544318,GSM2544327,0.9195056928745248
GSE96804,GSM2544318,GSM2544328,0.9087011290608058
GSE96804,GSM2544318,GSM2544329,0.953616481908881
GSE96804,GSM2544318,GSM2544330,0.9291303927007037
GSE96804,GSM2544318,GSM2544331,0.9287693838371278
GSE96804,GSM2544318,GSM2544332,0.9420737864704649
GSE96804,GSM2544318,GSM2544333,0.9528315764787249
GSE96804,GSM2544318,GSM2544334,0.9133673965711758
GSE96804,GSM2544318,GSM2544335,0.9421989353144241
GSE96804,GSM2544319,GSM2544320,0.9150920284929381
GSE96804,GSM2544319,GSM2544321,0.9416125194280298
GSE96804,GSM2544319,GSM2544322,0.9238587982644657
GSE96804,GSM2544319,GSM2544323,0.9476042231992398
GSE96804,GSM2544319,GSM2544324,0.9401997090498666
GSE96804,GSM2544319,GSM2544325,0.9291820118018783
GSE96804,GSM2544319,GSM2544326,0.8358073474608628
GSE96804,GSM2544319,GSM2544327,0.9314076096370089
GSE96804,GSM2544319,GSM2544328,0.9308587969840428
GSE96804,GSM2544319,GSM2544329,0.9286194509051311
GSE96804,GSM2544319,GSM2544330,0.9066685806302295
GSE96804,GSM2544319,GSM2544331,0.9422083996081528
GSE96804,GSM2544319,GSM2544332,0.9320245006820937
GSE96804,GSM2544319,GSM2544333,0.9268816899895795
GSE96804,GSM2544319,GSM2544334,0.9319280538880035
GSE96804,GSM2544319,GSM2544335,0.9331196988247268
GSE96804,GSM2544320,GSM2544321,0.8997136898702814
GSE96804,GSM2544320,GSM2544322,0.8770664168036965
GSE96804,GSM2544320,GSM2544323,0.8944897071218761
GSE96804,GSM2544320,GSM2544324,0.8876509733397743
GSE96804,GSM2544320,GSM2544325,0.8572400269842624
GSE96804,GSM2544320,GSM2544326,0.8403918037302147
GSE96804,GSM2544320,GSM2544327,0.8689141175799185
GSE96804,GSM2544320,GSM2544328,0.8933596964912901
GSE96804,GSM2544320,GSM2544329,0.8829954569630731
GSE96804,GSM2544320,GSM2544330,0.8494941293628606
GSE96804,GSM2544320,GSM2544331,0.8929943495854734
GSE96804,GSM2544320,GSM2544332,0.875190245769845
GSE96804,GSM2544320,GSM2544333,0.880065020543146
GSE96804,GSM2544320,GSM2544334,0.9135862363918229
GSE96804,GSM2544320,GSM2544335,0.8802148230395678
GSE96804,GSM2544321,GSM2544322,0.9483688535017701
GSE96804,GSM2544321,GSM2544323,0.9443430202620384
GSE96804,GSM2544321,GSM2544324,0.9666087395500408
GSE96804,GSM2544321,GSM2544325,0.9476026987091039
GSE96804,GSM2544321,GSM2544326,0.8405875566724109
GSE96804,GSM2544321,GSM2544327,0.9390841327959115
GSE96804,GSM2544321,GSM2544328,0.9346536429033053
GSE96804,GSM2544321,GSM2544329,0.9468397720895566
GSE96804,GSM2544321,GSM2544330,0.9298497727350956
GSE96804,GSM2544321,GSM2544331,0.9418183997732438
GSE96804,GSM2544321,GSM2544332,0.9497762929450914
GSE96804,GSM2544321,GSM2544333,0.9475918022365809
GSE96804,GSM2544321,GSM2544334,0.9359302857804873
GSE96804,GSM2544321,GSM2544335,0.9418552556423713
GSE96804,GSM2544322,GSM2544323,0.9287362518461945
GSE96804,GSM2544322,GSM2544324,0.9365813038963218
GSE96804,GSM2544322,GSM2544325,0.947304291136492
GSE96804,GSM2544322,GSM2544326,0.8486332331037726
GSE96804,GSM2544322,GSM2544327,0.9274403739235689
GSE96804,GSM2544322,GSM2544328,0.9075885963467808
GSE96804,GSM2544322,GSM2544329,0.9393062027962387
GSE96804,GSM2544322,GSM2544330,0.9313948533347324
GSE96804,GSM2544322,GSM2544331,0.9259041237520477
GSE96804,GSM2544322,GSM2544332,0.9331488804572419
GSE96804,GSM2544322,GSM2544333,0.9410182128788084
GSE96804,GSM2544322,GSM2544334,0.9108701781026198
GSE96804,GSM2544322,GSM2544335,0.9409527301229456
GSE96804,GSM2544323,GSM2544324,0.93996336074541
GSE96804,GSM2544323,GSM2544325,0.9480229838050362
GSE96804,GSM2544323,GSM2544326,0.8705306888897992
GSE96804,GSM2544323,GSM2544327,0.9167956846251915
GSE96804,GSM2544323,GSM2544328,0.9552339689630365
GSE96804,GSM2544323,GSM2544329,0.929560766118712
GSE96804,GSM2544323,GSM2544330,0.9217443370784381
GSE96804,GSM2544323,GSM2544331,0.9550208336278397
GSE96804,GSM2544323,GSM2544332,0.9304838363845531
GSE96804,GSM2544323,GSM2544333,0.9361399524697452
GSE96804,GSM2544323,GSM2544334,0.9475231086097257
GSE96804,GSM2544323,GSM2544335,0.9265257254833286
GSE96804,GSM2544324,GSM2544325,0.9490574693572201
GSE96804,GSM2544324,GSM2544326,0.8134708073130508
GSE96804,GSM2544324,GSM2544327,0.9409791187148523
GSE96804,GSM2544324,GSM2544328,0.9300623909213539
GSE96804,GSM2544324,GSM2544329,0.9348415987406904
GSE96804,GSM2544324,GSM2544330,0.9067241921931909
GSE96804,GSM2544324,GSM2544331,0.9368360348827601
GSE96804,GSM2544324,GSM2544332,0.9577811467572782
GSE96804,GSM2544324,GSM2544333,0.9432958125846378
GSE96804,GSM2544324,GSM2544334,0.9341567394693951
GSE96804,GSM2544324,GSM2544335,0.9307716571104652
GSE96804,GSM2544325,GSM2544326,0.8576771585622335
GSE96804,GSM2544325,GSM2544327,0.935948795617608
GSE96804,GSM2544325,GSM2544328,0.9322378212079688
GSE96804,GSM2544325,GSM2544329,0.9362195651869427
GSE96804,GSM2544325,GSM2544330,0.9473672936735285
GSE96804,GSM2544325,GSM2544331,0.9425827249235943
GSE96804,GSM2544325,GSM2544332,0.9484208032964828
GSE96804,GSM2544325,GSM2544333,0.9533009985836041
GSE96804,GSM2544325,GSM2544334,0.9270369340336289
GSE96804,GSM2544325,GSM2544335,0.9407067288816003
GSE96804,GSM2544326,GSM2544327,0.7985404998475791
GSE96804,GSM2544326,GSM2544328,0.8632493193974557
GSE96804,GSM2544326,GSM2544329,0.8687110025503643
GSE96804,GSM2544326,GSM2544330,0.8892288538954513
GSE96804,GSM2544326,GSM2544331,0.8638344063605483
GSE96804,GSM2544326,GSM2544332,0.8212686222038658
GSE96804,GSM2544326,GSM2544333,0.8681299167518557
GSE96804,GSM2544326,GSM2544334,0.8464399978965951
GSE96804,GSM2544326,GSM2544335,0.842993165823303
GSE96804,GSM2544327,GSM2544328,0.909077116407616
GSE96804,GSM2544327,GSM2544329,0.9128940175846849
GSE96804,GSM2544327,GSM2544330,0.90190209831211
GSE96804,GSM2544327,GSM2544331,0.929550462051531
GSE96804,GSM2544327,GSM2544332,0.9280864483792797
GSE96804,GSM2544327,GSM2544333,0.9266008070784352
GSE96804,GSM2544327,GSM2544334,0.9038668847043103
GSE96804,GSM2544327,GSM2544335,0.9222774100636482
GSE96804,GSM2544328,GSM2544329,0.9073448614225048
GSE96804,GSM2544328,GSM2544330,0.9055064472017971
GSE96804,GSM2544328,GSM2544331,0.9516798194325583
GSE96804,GSM2544328,GSM2544332,0.9135088486853835
GSE96804,GSM2544328,GSM2544333,0.9340428659857921
GSE96804,GSM2544328,GSM2544334,0.9362611638097323
GSE96804,GSM2544328,GSM2544335,0.8935490488736204
GSE96804,GSM2544329,GSM2544330,0.9431257427782579
GSE96804,GSM2544329,GSM2544331,0.9220767726140304
GSE96804,GSM2544329,GSM2544332,0.9265854561462809
GSE96804,GSM2544329,GSM2544333,0.9497231230184454
GSE96804,GSM2544329,GSM2544334,0.908280620730975
GSE96804,GSM2544329,GSM2544335,0.9478072935596843
GSE96804,GSM2544330,GSM2544331,0.916318134053303
GSE96804,GSM2544330,GSM2544332,0.9139201271247124
GSE96804,GSM2544330,GSM2544333,0.9484112453515042
GSE96804,GSM2544330,GSM2544334,0.8912602809654359
GSE96804,GSM2544330,GSM2544335,0.9426734726486469
GSE96804,GSM2544331,GSM2544332,0.9338919379673585
GSE96804,GSM2544331,GSM2544333,0.9442128056798055
GSE96804,GSM2544331,GSM2544334,0.9448301065858878
GSE96804,GSM2544331,GSM2544335,0.9167964445205281
GSE96804,GSM2544332,GSM2544333,0.9376443761667094
GSE96804,GSM2544332,GSM2544334,0.9367336671817176
GSE96804,GSM2544332,GSM2544335,0.9395499246882422
GSE96804,GSM2544333,GSM2544334,0.9154792765362415
GSE96804,GSM2544333,GSM2544335,0.9460833744501501
GSE96804,GSM2544334,GSM2544335,0.9151288985029367
GSE30528,GSM756992,GSM756993,0.10687744740310325
GSE30528,GSM756992,GSM756994,0.49963434774417265
GSE30528,GSM756992,GSM756995,0.3944180150216294
GSE30528,GSM756992,GSM756996,0.7238490925751936
GSE30528,GSM756992,GSM756997,0.30659960165677863
GSE30528,GSM756992,GSM756998,0.635428866544631
GSE30528,GSM756992,GSM756999,0.5229242992986902
GSE30528,GSM756992,GSM757000,0.40966887304057586
GSE30528,GSM756992,GSM757001,-0.2400743000099293
GSE30528,GSM756992,GSM757002,-0.0006788480421343489
GSE30528,GSM756992,GSM757003,-0.4085170272451326
GSE30528,GSM756992,GSM757004,-0.3577843041304345
GSE30528,GSM756992,GSM757005,-0.4190602008772175
GSE30528,GSM756992,GSM757006,-0.2848283441876919
GSE30528,GSM756992,GSM757007,-0.37681399118539033
GSE30528,GSM756992,GSM757008,-0.20493117568011765
GSE30528,GSM756992,GSM757009,0.06528591941064159
GSE30528,GSM756992,GSM757010,-0.2347979857847456
GSE30528,GSM756992,GSM757011,-0.14124817682333612
GSE30528,GSM756992,GSM757012,-0.3026729963824173
GSE30528,GSM756992,GSM757013,-0.33107144077294787
GSE30528,GSM756993,GSM756994,0.38180286835384897
GSE30528,GSM756993,GSM756995,0.26306416361005397
GSE30528,GSM756993,GSM756996,-0.012465674203433696
GSE30528,GSM756993,GSM756997,-0.17984917232856318
GSE30528,GSM756993,GSM756998,-0.11480640133677245
GSE30528,GSM756993,GSM756999,-0.10081529766281448
GSE30528,GSM756993,GSM757000,0.13092437236075433
GSE30528,GSM756993,GSM757001,-0.1617817518501198
GSE30528,GSM756993,GSM757002,0.13355732986805438
GSE30528,GSM756993,GSM757003,0.06559121189314956
GSE30528,GSM756993,GSM757004,0.07079202416528863
GSE30528,GSM756993,GSM757005,0.15905973164054812
GSE30528,GSM756993,GSM757006,0.12788204888786928
GSE30528,GSM756993,GSM757007,0.18682221733170642
GSE30528,GSM756993,GSM757008,0.11439260240666262
GSE30528,GSM756993,GSM757009,-0.0485464284349835
GSE30528,GSM756993,GSM757010,-0.05179418833520417
GSE30528,GSM756993,GSM757011,-0.054775565222886034
GSE30528,GSM756993,GSM757012,-0.2653287249422009
GSE30528,GSM756993,GSM757013,-0.10087411603513075
GSE30528,GSM756994,GSM756995,0.708593491930366
GSE30528,GSM756994,GSM756996,0.3193738782228872
GSE30528,GSM756994,GSM756997,-0.246847769856984
GSE30528,GSM756994,GSM756998,0.29294272368536406
GSE30528,GSM756994,GSM756999,0.2552960319978483
GSE30528,GSM756994,GSM757000,0.39023492264762694
GSE30528,GSM756994,GSM757001,-0.37949118210372584
GSE30528,GSM756994,GSM757002,0.22085060766076461
GSE30528,GSM756994,GSM757003,-0.09395195567677206
GSE30528,GSM756994,GSM757004,-0.22948229393489455
GSE30528,GSM756994,GSM757005,-0.09005563786157958
GSE30528,GSM756994,GSM757006,-0.01820084476618525
GSE30528,GSM756994,GSM757007,-0.07199179620347014
GSE30528,GSM756994,GSM757008,-0.01807084039639702
GSE30528,GSM756994,GSM757009,0.012457314245566342
GSE30528,GSM756994,GSM757010,0.13707698823472517
GSE30528,GSM756994,GSM757011,-0.28081178393770406
GSE30528,GSM756994,GSM757012,-0.40758235607127347
GSE30528,GSM756994,GSM757013,-0.32468339348438807
GSE30528,GSM756995,GSM756996,0.2166557272574665
GSE30528,GSM756995,GSM756997,-0.19068600672926267
GSE30528,GSM756995,GSM756998,0.25151665703355464
GSE30528,GSM756995,GSM756999,0.19643908091215717
GSE30528,GSM756995,GSM757000,0.33251103407552096
GSE30528,GSM756995,GSM757001,-0.3393490824513685
GSE30528,GSM756995,GSM757002,0.20820832367524325
GSE30528,GSM756995,GSM757003,-0.13080684560569975
GSE30528,GSM756995,GSM757004,-0.14402358024236253
GSE30528,GSM756995,GSM757005,-0.06068910855211916
GSE30528,GSM756995,GSM757006,-0.08336035048483188
GSE30528,GSM756995,GSM757007,-0.15035371267164255
GSE30528,GSM756995,GSM757008,-0.12863417422556286
GSE30528,GSM756995,GSM757009,0.15095891121389995
GSE30528,GSM756995,GSM757010,0.1783854079421706
GSE30528,GSM756995,GSM757011,-0.10838866976074814
GSE30528,GSM756995,GSM757012,-0.3134840440394962
GSE30528,GSM756995,GSM757013,-0.15745306763385333
GSE30528,GSM756996,GSM756997,0.47829079688724757
GSE30528,GSM756996,GSM756998,0.6638676241251122
GSE30528,GSM756996,GSM756999,0.5588638397966492
GSE30528,GSM756996,GSM757000,0.46517713007823724
GSE30528,GSM756996,GSM757001,-0.23624542479522678
GSE30528,GSM756996,GSM757002,-0.028803134910331648
GSE30528,GSM756996,GSM757003,-0.556597115411298
GSE30528,GSM756996,GSM757004,-0.4098524596462889
GSE30528,GSM756996,GSM757005,-0.5357404908538047
GSE30528,GSM756996,GSM757006,-0.35906709366485295
GSE30528,GSM756996,GSM757007,-0.42862457333696025
GSE30528,GSM756996,GSM757008,-0.26171273055328603
GSE30528,GSM756996,GSM757009,0.15540655517818983
GSE30528,GSM756996,GSM757010,-0.22251799201236927
GSE30528,GSM756996,GSM757011,0.0022575923550042128
GSE30528,GSM756996,GSM757012,-0.10872015941162254
GSE30528,GSM756996,GSM757013,-0.1787049874264689
GSE30528,GSM756997,GSM756998,0.5352449397772276
GSE30528,GSM756997,GSM756999,0.40862011121588265
GSE30528,GSM756997,GSM757000,0.10980622748219811
GSE30528,GSM756997,GSM757001,0.01672340898772811
GSE30528,GSM756997,GSM757002,-0.03173553829113854
GSE30528,GSM756997,GSM757003,-0.44534370294536907
GSE30528,GSM756997,GSM757004,-0.12915727398884166
GSE30528,GSM756997,GSM757005,-0.3026109888425837
GSE30528,GSM756997,GSM757006,-0.33931110385025637
GSE30528,GSM756997,GSM757007,-0.3274458209317759
GSE30528,GSM756997,GSM757008,-0.1648462161561574
GSE30528,GSM756997,GSM757009,0.14377498619837198
GSE30528,GSM756997,GSM757010,-0.41652022694849206
GSE30528,GSM756997,GSM757011,0.24629458264589194
GSE30528,GSM756997,GSM757012,0.08258421382011868
GSE30528,GSM756997,GSM757013,0.15404889714005265
GSE30528,GSM756998,GSM756999,0.7865788904478243
GSE30528,GSM756998,GSM757000,0.2899682522928618
GSE30528,GSM756998,GSM757001,-0.22019493838096912
GSE30528,GSM756998,GSM757002,-0.020836858400818756
GSE30528,GSM756998,GSM757003,-0.4514050977906739
GSE30528,GSM756998,GSM757004,-0.2837429887107784
GSE30528,GSM756998,GSM757005,-0.3453365945140125
GSE30528,GSM756998,GSM757006,-0.29752108212062384
GSE30528,GSM756998,GSM757007,-0.3857098398775505
GSE30528,GSM756998,GSM757008,-0.017546203894720853
GSE30528,GSM756998,GSM757009,0.10604342276051414
GSE30528,GSM756998,GSM757010,-0.2632536832174445
GSE30528,GSM756998,GSM757011,-0.13989363350390932
GSE30528,GSM756998,GSM757012,-0.18648502236300543
GSE30528,GSM756998,GSM757013,-0.13527462823523598
GSE30528,GSM756999,GSM757000,0.2821285235228905
GSE30528,GSM756999,GSM757001,-0.26350655397125344
GSE30528,GSM756999,GSM757002,-0.05972126744410716
GSE30528,GSM756999,GSM757003,-0.40652786477163666
GSE30528,GSM756999,GSM757004,-0.43860601392684384
GSE30528,GSM756999,GSM757005,-0.4284901299687862
GSE30528,GSM756999,GSM757006,-0.22022292268236912
GSE30528,GSM756999,GSM757007,-0.4439546955038829
GSE30528,GSM756999,GSM757008,0.06113270942921615
GSE30528,GSM756999,GSM757009,0.06461569021435966
GSE30528,GSM756999,GSM757010,-0.1750685467548098
GSE30528,GSM756999,GSM757011,-0.2489851370111952
GSE30528,GSM756999,GSM757012,-0.03550714866191089
GSE30528,GSM756999,GSM757013,-0.28064538920817744
GSE30528,GSM757000,GSM757001,-0.24799740874278953
GSE30528,GSM757000,GSM757002,0.31776277618248866
GSE30528,GSM757000,GSM757003,-0.2958852749641382
GSE30528,GSM757000,GSM757004,-0.42561264451435243
GSE30528,GSM757000,GSM757005,-0.3514567307618376
GSE30528,GSM757000,GSM757006,-0.1324790443915371
GSE30528,GSM757000,GSM757007,-0.34873844664217085
GSE30528,GSM757000,GSM757008,-0.33174320635202614
GSE30528,GSM757000,GSM757009,0.16830343620123087
GSE30528,GSM757000,GSM757010,0.14476931952560826
GSE30528,GSM757000,GSM757011,0.014714888488036657
GSE30528,GSM757000,GSM757012,-0.08126789499128138
GSE30528,GSM757000,GSM757013,-0.2642992513541081
GSE30528,GSM757001,GSM757002,-0.14316235355501733
GSE30528,GSM757001,GSM757003,0.34555432522411356
GSE30528,GSM757001,GSM757004,0.4281138815391455
GSE30528,GSM757001,GSM757005,0.29164121600664067
GSE30528,GSM757001,GSM757006,0.17000871870067993
GSE30528,GSM757001,GSM757007,0.31980072765433915
GSE30528,GSM757001,GSM757008,0.06497944201130611
GSE30528,GSM757001,GSM757009,-0.11931379724697062
GSE30528,GSM757001,GSM757010,-0.028616440398258756
GSE30528,GSM757001,GSM757011,0.023324813620657137
GSE30528,GSM757001,GSM757012,0.07588294987558802
GSE30528,GSM757001,GSM757013,0.12852909948071825
GSE30528,GSM757002,GSM757003,0.06022816834816847
GSE30528,GSM757002,GSM757004,0.03485216870076146
GSE30528,GSM757002,GSM757005,0.11831301736439157
GSE30528,GSM757002,GSM757006,0.11001130255495357
GSE30528,GSM757002,GSM757007,-0.12338307939383024
GSE30528,GSM757002,GSM757008,-0.1332658880023783
GSE30528,GSM757002,GSM757009,0.32833519777180775
GSE30528,GSM757002,GSM757010,0.2405513644499691
GSE30528,GSM757002,GSM757011,0.16463797974754807
GSE30528,GSM757002,GSM757012,-0.07495360863115157
GSE30528,GSM757002,GSM757013,0.04308113129376987
GSE30528,GSM757003,GSM757004,0.5093019998345557
GSE30528,GSM757003,GSM757005,0.629812147136356
GSE30528,GSM757003,GSM757006,0.5845612336927862
GSE30528,GSM757003,GSM757007,0.5071991007294937
GSE30528,GSM757003,GSM757008,0.32970658222503835
GSE30528,GSM757003,GSM757009,-0.12359210824409374
GSE30528,GSM757003,GSM757010,0.25665781849277647
GSE30528,GSM757003,GSM757011,-0.2012746248493356
GSE30528,GSM757003,GSM757012,0.0490913578919362
GSE30528,GSM757003,GSM757013,-0.014262392223808013
GSE30528,GSM757004,GSM757005,0.6747763969372519
GSE30528,GSM757004,GSM757006,0.3600784783324365
GSE30528,GSM757004,GSM757007,0.5054189426347762
GSE30528,GSM757004,GSM757008,0.15581145873980912
GSE30528,GSM757004,GSM757009,0.005752666085857997
GSE30528,GSM757004,GSM757010,0.060844178790375104
GSE30528,GSM757004,GSM757011,0.10061790706590773
GSE30528,GSM757004,GSM757012,-0.13985038731979885
GSE30528,GSM757004,GSM757013,0.308692308576513
GSE30528,GSM757005,GSM757006,0.5980785716033999
GSE30528,GSM757005,GSM757007,0.587900305748509
GSE30528,GSM757005,GSM757008,0.24533130648148743
GSE30528,GSM757005,GSM757009,-0.033072132761888876
GSE30528,GSM757005,GSM757010,0.20317874573733255
GSE30528,GSM757005,GSM757011,-0.027639485825359588
GSE30528,GSM757005,GSM757012,-0.11154362904137473
GSE30528,GSM757005,GSM757013,0.1314326787661962
GSE30528,GSM757006,GSM757007,0.4701276002480369
GSE30528,GSM757006,GSM757008,0.290717975216481
GSE30528,GSM757006,GSM757009,-0.17903599712586388
GSE30528,GSM757006,GSM757010,0.2643216388889201
GSE30528,GSM757006,GSM757011,-0.3112246134598452
GSE30528,GSM757006,GSM757012,-0.023347119866371696
GSE30528,GSM757006,GSM757013,-0.19997362638563915
GSE30528,GSM757007,GSM757008,0.24421104901862936
GSE30528,GSM757007,GSM757009,-0.31704182978791284
GSE30528,GSM757007,GSM757010,0.1251315271728538
GSE30528,GSM757007,GSM757011,-0.12095003723663769
GSE30528,GSM757007,GSM757012,-0.20377639899376165
GSE30528,GSM757007,GSM757013,0.002537598114968241
GSE30528,GSM757008,GSM757009,-0.2443278864843141
GSE30528,GSM757008,GSM757010,-0.12325950857686988
GSE30528,GSM757008,GSM757011,-0.26225100126065826
GSE30528,GSM757008,GSM757012,0.25283811880586465
GSE30528,GSM757008,GSM757013,-0.009193682904192056
GSE30528,GSM757009,GSM757010,0.0264075227618237
GSE30528,GSM757009,GSM757011,0.3858004946413837
GSE30528,GSM757009,GSM757012,0.08518065180521733
GSE30528,GSM757009,GSM757013,0.24216478037420663
GSE30528,GSM757010,GSM757011,-0.10014451337813406
GSE30528,GSM757010,GSM757012,0.015366517112349936
GSE30528,GSM757010,GSM757013,-0.11152129836193989
GSE30528,GSM757011,GSM757012,0.24901057236076432
GSE30528,GSM757011,GSM757013,0.6104510789223927
GSE30528,GSM757012,GSM757013,0.29438960184274726
