gene_symbol,compartment_model,eligible_cohorts,contributing_cohorts,k,pooled_effect,tau2_reml,hk_scale,pooled_se_hk,pooled_se_modified_hk,ci_95_low_hk,ci_95_high_hk,ci_95_low_modified_hk,ci_95_high_modified_hk,p_value_hk,p_value_modified_hk,prediction_interval_95_low,prediction_interval_95_high,prediction_interval_95_low_modified_hk,prediction_interval_95_high_modified_hk,cochran_q,i2_percent,p_value_for_family,fdr_bh_canonical_union,fdr_lt_0_05
A2M,descriptive whole/cortical-kidney sensitivity including small studies,GSE142025_advanced;GSE166239;GSE111154;GSE199838,GSE142025_advanced;GSE166239;GSE111154;GSE199838,4.0,1.7550967987739825,0.0,0.405782992676492,0.21222592574990637,0.333158974268392,1.0796991854857785,2.4304944120621865,0.6948362520414284,2.815357345506537,0.0037030729797784584,0.013331239177391126,0.8419623400225412,2.6682312575254237,0.32162942869755473,3.1885641688504105,1.217348978029476,0.0,0.013331239177391126,0.4380293061545702,False
ACAN,descriptive whole/cortical-kidney sensitivity including small studies,GSE142025_advanced;GSE166239;GSE111154;GSE199838,GSE142025_advanced;GSE166239;GSE111154;GSE199838,4.0,-0.025460440683558686,0.0,0.920335238109978,0.27293606886358973,0.2845036920483566,-0.8940648246171494,0.8431439432500321,-0.930878164282425,0.8799572829153076,0.9315590480199145,0.9343317020581144,-1.1998095624265703,1.1488886810594527,-1.2495810278992208,1.1986601465321032,2.761005714329934,0.0,0.9343317020581144,1.0,False
ACKR2,descriptive whole/cortical-kidney sensitivity including small studies,GSE142025_advanced;GSE166239;GSE111154;GSE199838,GSE142025_advanced;GSE166239;GSE199838,3.0,0.42985651252264495,0.0,0.4966085294052298,0.2189469517844047,0.3106932485641532,-0.5121961872428478,1.3719092122881378,-0.9069486415266368,1.7666616665719268,0.18859193722970866,0.3006877312192587,-2.352128283211371,3.2118413082566604,-3.5178755138807003,4.37758853892599,0.9932170588104596,0.0,0.3006877312192587,0.5983180274629728,False
ACKR3,descriptive whole/cortical-kidney sensitivity including small studies,GSE142025_advanced;GSE166239;GSE111154;GSE199838,GSE142025_advanced;GSE166239;GSE199838,3.0,-0.6439645303976353,0.0,1.0780250907428097,0.32807859822466046,0.32807859822466046,-2.0555728066213477,0.767643745826077,-2.0555728066213477,0.767643745826077,0.18865612823256728,0.18865612823256728,-4.812598368997371,3.5246693082020997,-4.812598368997371,3.5246693082020997,2.1560501814856194,7.237780587189004,0.18865612823256728,0.5430799573753683,False
ACKR4,descriptive whole/cortical-kidney sensitivity including small studies,GSE142025_advanced;GSE166239;GSE111154;GSE199838,GSE142025_advanced;GSE199838,2.0,-1.4835880096765384,2.040378868931269,1.0000000111388538,1.1175679730880845,1.1175679730880845,-15.68363548232551,12.716459462972434,-15.68363548232551,12.716459462972434,0.4110027748395165,0.4110027748395165,,,,,5.306506423922628,81.15520984782322,0.4110027748395165,0.6554280503041576,False
ACTA1,descriptive whole/cortical-kidney sensitivity including small studies,GSE142025_advanced;GSE166239;GSE111154;GSE199838,GSE142025_advanced;GSE166239;GSE111154;GSE199838,4.0,0.27523726279680494,0.0,0.4028942630064926,0.17959707760687785,0.2829461076359254,-0.2963207932729548,0.8467953188665647,-0.6252235320435522,1.175698057637162,0.22291988351938846,0.40242205248987406,-0.49750659342345394,1.0479811190170638,-0.9421815795948947,1.4926561051885046,1.2086827890194778,0.0,0.40242205248987406,0.6520938763588853,False
ACTA2,descriptive whole/cortical-kidney sensitivity including small studies,GSE142025_advanced;GSE166239;GSE111154;GSE199838,GSE142025_advanced;GSE166239;GSE111154;GSE199838,4.0,1.3858769067724175,0.0,0.2224299194179574,0.14916420686887838,0.3162772987880739,0.9111698277419809,1.8605839858028541,0.3793413857992003,2.3924124277456347,0.0026391790714646486,0.02200523077639122,0.7440751249071245,2.0276786886377103,0.025045523784124946,2.74670828976071,0.6672897582538722,0.0,0.02200523077639122,0.4380293061545702,False
ACTB,descriptive whole/cortical-kidney sensitivity including small studies,GSE142025_advanced;GSE166239;GSE111154;GSE199838,GSE142025_advanced;GSE166239;GSE111154;GSE199838,4.0,0.7068785604968467,0.7393007668893763,1.091369856881846,0.569392476207445,0.569392476207445,-1.1051824216658783,2.5189395426595715,-1.1051824216658783,2.5189395426595715,0.302656088571078,0.302656088571078,-3.7302988152519934,5.144055936245687,-3.7302988152519934,5.144055936245687,7.91142633413897,62.080162624348056,0.302656088571078,0.5983180274629728,False
ACTC1,descriptive whole/cortical-kidney sensitivity including small studies,GSE142025_advanced;GSE166239;GSE111154;GSE199838,GSE142025_advanced;GSE166239;GSE111154;GSE199838,4.0,-0.4165720514917049,0.0,0.23143642399341402,0.13652618386578527,0.28379196558570785,-0.8510593009098574,0.01791519792644758,-1.319724743839142,0.4865806408557322,0.05537451497210531,0.23843730910550628,-1.003996809184103,0.1708527062006931,-1.637630326900016,0.8044862239166064,0.6943092719802421,0.0,0.23843730910550628,0.5816283690467094,False
ACTG1,descriptive whole/cortical-kidney sensitivity including small studies,GSE142025_advanced;GSE166239;GSE111154;GSE199838,GSE142025_advanced;GSE166239;GSE111154;GSE199838,4.0,0.9907658068915051,0.41331566884033116,0.9533662790754754,0.44602192088369014,0.45680022630573064,-0.4286750073003369,2.410206621083347,-0.46297638556792897,2.444507999350939,0.11290238225999,0.11857575011424329,-2.375908664379681,4.357440278162691,-2.4025575299219932,4.384089143705003,5.994301961733358,49.952471210968206,0.11857575011424329,0.4764547983116318,False
ACTG2,descriptive whole/cortical-kidney sensitivity including small studies,GSE142025_advanced;GSE166239;GSE111154;GSE199838,GSE142025_advanced;GSE111154;GSE199838,3.0,0.7131751885562886,0.28611019773279495,0.8613520578443302,0.4440028764790371,0.47840469806968194,-1.1972149999428536,2.6235653770554306,-1.3452340915181957,2.7715844686307727,0.24945390251930902,0.27451817410962,-8.119682218368878,9.546032595481455,-8.40507614053924,9.831426517651817,3.2006826559050516,37.51333027939744,0.27451817410962,0.5917774591808034,False
ACTN1,descriptive whole/cortical-kidney sensitivity including small studies,GSE142025_advanced;GSE166239;GSE111154;GSE199838,GSE142025_advanced;GSE166239;GSE111154;GSE199838,4.0,1.4671516518669327,0.8945441196079268,1.0853262703847244,0.6205660122475869,0.6205660122475869,-0.5077663609950442,3.4420696647289097,-0.5077663609950442,3.4420696647289097,0.0990210583253853,0.0990210583253853,-3.40007159987339,6.334374903607255,-3.40007159987339,6.334374903607255,7.968133750084494,62.35002957915725,0.0990210583253853,0.4580891220256462,False
ADAM10,descriptive whole/cortical-kidney sensitivity including small studies,GSE142025_advanced;GSE166239;GSE111154;GSE199838,GSE142025_advanced;GSE166239;GSE111154;GSE199838,4.0,0.5830750445767007,0.0,0.3333129138454662,0.16547309257903556,0.2866165826126337,0.05646581247468008,1.1096842766787214,-0.329066839791918,1.4952169289453194,0.038814510146256864,0.13477937700048215,-0.12889820890857207,1.2950482980619733,-0.6501365769930098,1.8162866661464112,0.9999387415363985,0.0,0.13477937700048215,0.48096740403921834,False
ADAM12,descriptive whole/cortical-kidney sensitivity including small studies,GSE142025_advanced;GSE166239;GSE111154;GSE199838,GSE142025_advanced;GSE166239;GSE111154;GSE199838,4.0,1.0521565034128868,1.2970399554169778,0.9923054087778885,0.6639396218781486,0.6665088301709955,-1.0607956931646891,3.165108699990463,-1.068972060603764,3.1732850674295374,0.21120444063704477,0.21253965485214674,-4.619934123086892,6.724247129912666,-4.625509617751967,6.72982262457774,11.674422349614444,74.30279708786554,0.21253965485214674,0.5672080005601771,False
ADAM15,descriptive whole/cortical-kidney sensitivity including small studies,GSE142025_advanced;GSE166239;GSE111154;GSE199838,GSE142025_advanced;GSE166239;GSE111154;GSE199838,4.0,1.47790668186547,1.487668171007871,0.9586580131045966,0.6939029815453929,0.7087072901730511,-0.7304022979790143,3.686215661709954,-0.777516215273385,3.733329579004325,0.12302908904472984,0.12834446513647263,-4.559881146550044,7.515694510280984,-4.591631568171812,7.547444931902752,12.851135000190604,76.65575842168411,0.12834446513647263,0.4806586058002525,False
ADAM17,descriptive whole/cortical-kidney sensitivity including small studies,GSE142025_advanced;GSE166239;GSE111154;GSE199838,GSE142025_advanced;GSE166239;GSE111154;GSE199838,4.0,0.4443005160155651,0.0,0.5396956194752275,0.20940591436936015,0.2850457020237268,-0.2221225624737616,1.1107235945048917,-0.462842125226845,1.3514431572579753,0.12398017959027456,0.2169570232171042,-0.4567004130714445,1.3453014451025747,-0.7821521519001748,1.670753183931305,1.6190868584256823,0.0,0.2169570232171042,0.5700582187214516,False
ADAM19,descriptive whole/cortical-kidney sensitivity including small studies,GSE142025_advanced;GSE166239;GSE111154;GSE199838,GSE142025_advanced;GSE166239;GSE111154;GSE199838,4.0,1.6638190809066564,0.18376194284463382,0.9065906191722721,0.386086648960484,0.4054890896767509,0.43511905140299634,2.8925191104103165,0.3733718256320264,2.9542663361812864,0.02300547057415065,0.026195866812290455,-0.8184231689854233,4.146061330798736,-0.8750499125287095,4.2026880743420225,3.903439258421405,23.144698779987316,0.026195866812290455,0.4380293061545702,False
ADAM8,descriptive whole/cortical-kidney sensitivity including small studies,GSE142025_advanced;GSE166239;GSE111154;GSE199838,GSE142025_advanced;GSE166239;GSE111154;GSE199838,4.0,0.4778991759833824,0.681853299476363,1.0624222976543607,0.5456617508142527,0.5456617508142527,-1.2586400468300754,2.2144383987968403,-1.2586400468300754,2.2144383987968403,0.445599612580107,0.445599612580107,-3.7806404588961113,4.736438810862876,-3.7806404588961113,4.736438810862876,7.357308302320252,59.224217924184316,0.445599612580107,0.6658482760500454,False
ADAM9,descriptive whole/cortical-kidney sensitivity including small studies,GSE142025_advanced;GSE166239;GSE111154;GSE199838,GSE142025_advanced;GSE166239;GSE111154;GSE199838,4.0,0.1276000016074619,0.09509112389571389,0.7558060267854909,0.2890397407327336,0.3324699389613061,-0.7922534533675869,1.0474534565825107,-0.9304677272578465,1.1856677304727703,0.6887597758427131,0.7267159846774733,-1.6909267269497301,1.9461267301646539,-1.8234876069779367,2.0786876101928606,3.103817572315657,3.344834865349448,0.7267159846774733,0.8621494181855479,False
ADAMTS1,descriptive whole/cortical-kidney sensitivity including small studies,GSE142025_advanced;GSE166239;GSE111154;GSE199838,GSE142025_advanced;GSE166239;GSE111154;GSE199838,4.0,0.5233059621601017,0.7102254458959489,1.0799530469400203,0.558326619376408,0.558326619376408,-1.253538524815891,2.3001504491360945,-1.253538524815891,2.3001504491360945,0.4177600177226396,0.4177600177226396,-3.8263206978453317,4.872932622165535,-3.8263206978453317,4.872932622165535,7.418738196429694,59.5618564698271,0.4177600177226396,0.6571585925028888,False
ADAMTS13,descriptive whole/cortical-kidney sensitivity including small studies,GSE142025_advanced;GSE166239;GSE111154;GSE199838,GSE142025_advanced;GSE166239;GSE111154;GSE199838,4.0,-1.2463745907642836,0.0,0.12314845361167999,0.10797544233283538,0.3076879657360195,-1.5900006382777896,-0.9027485432507776,-2.2255750205011386,-0.2671741610274283,0.0013960111760482066,0.027097481822889177,-1.7109554224635632,-0.7817937590650039,-2.570249056449427,0.07749987492085952,0.36944536083504,0.0,0.027097481822889177,0.4380293061545702,False
ADAMTS14,descriptive whole/cortical-kidney sensitivity including small studies,GSE142025_advanced;GSE166239;GSE111154;GSE199838,GSE142025_advanced;GSE166239;GSE111154;GSE199838,4.0,0.020107103920217195,0.6751045716902623,0.9942484804748908,0.5246036947470654,0.5261188679967632,-1.6494159861657631,1.6896301940061975,-1.6542379436761288,1.6944521515165631,0.9718339510076627,0.9719150138971316,-4.174292168931585,4.214506376772018,-4.177804062959959,4.218018270800393,7.773451475374085,61.40710455961739,0.9719150138971316,1.0,False
ADAMTS16,descriptive whole/cortical-kidney sensitivity including small studies,GSE142025_advanced;GSE166239;GSE111154;GSE199838,GSE142025_advanced;GSE166239;GSE111154;GSE199838,4.0,0.09267075706592974,0.8201001194004128,1.2477975689301097,0.6364692229232014,0.6364692229232014,-1.932858369852805,2.1181998839846643,-1.932858369852805,2.1181998839846643,0.8934687650838044,0.8934687650838044,-4.669868653888972,4.855210168020832,-4.669868653888972,4.855210168020832,8.468992722996205,64.5766610254136,0.8934687650838044,0.9784420182665998,False
ADAMTS18,descriptive whole/cortical-kidney sensitivity including small studies,GSE142025_advanced;GSE166239;GSE111154;GSE199838,GSE142025_advanced;GSE166239;GSE111154;GSE199838,4.0,-0.4302337114507387,0.17722743818803602,1.1170530543330521,0.39476229419155556,0.39476229419155556,-1.6865435160659747,0.8260760931644975,-1.6865435160659747,0.8260760931644975,0.3554901315451079,0.3554901315451079,-2.9133702646351733,2.052902841733696,-2.9133702646351733,2.052902841733696,4.6198228825496255,35.06244554673629,0.3554901315451079,0.6227041901561957,False
ADAMTS2,descriptive whole/cortical-kidney sensitivity including small studies,GSE142025_advanced;GSE166239;GSE111154;GSE199838,GSE142025_advanced;GSE166239;GSE111154;GSE199838,4.0,1.9156562597512536,0.4549372674396052,1.0292643878963752,0.5115261208283318,0.5115261208283318,0.2877518464650215,3.5435606730374856,0.2877518464650215,3.5435606730374856,0.033230585314593,0.033230585314593,-1.7266256577107053,5.557938177213213,-1.7266256577107053,5.557938177213213,5.45135078248147,44.96776817883674,0.033230585314593,0.4380293061545702,False
ADAMTS3,descriptive whole/cortical-kidney sensitivity including small studies,GSE142025_advanced;GSE166239;GSE111154;GSE199838,GSE142025_advanced;GSE166239;GSE111154;GSE199838,4.0,1.0420506570262962,0.2662374759167442,0.8939361836581466,0.3883994141663721,0.41079515040347087,-0.19400962356183116,2.2781109376144233,-0.2652828516036947,2.349384165656287,0.07486187833721147,0.08492678192500484,-1.7367155392427813,3.8208168532953737,-1.7957115298958732,3.8798128439484656,4.7842720712973135,37.2945360277867,0.08492678192500484,0.44368523825706185,False
ADAMTS4,descriptive whole/cortical-kidney sensitivity including small studies,GSE142025_advanced;GSE166239;GSE111154;GSE199838,GSE142025_advanced;GSE166239;GSE111154;GSE199838,4.0,-0.032710532200545005,0.959724284423086,0.9225062097516329,0.5653394003477392,0.5886058915623107,-1.8318728180685147,1.7664517536674247,-1.9059171770712433,1.8404961126701533,0.9574984314830772,0.9591760884450936,-4.899337779205179,4.833916714804089,-4.950138492288593,4.884717427887503,11.387016277122076,73.6542046925201,0.9591760884450936,1.0,False
ADAMTS5,descriptive whole/cortical-kidney sensitivity including small studies,GSE142025_advanced;GSE166239;GSE111154;GSE199838,GSE142025_advanced;GSE166239;GSE111154;GSE199838,4.0,1.3143313479252663,0.6688965614819115,1.0187296458817456,0.5462226151305418,0.5462226151305418,-0.4239927954593312,3.0526554913098636,-0.4239927954593312,3.0526554913098636,0.09534011472556715,0.09534011472556715,-2.917291424639118,5.545954120489651,-2.917291424639118,5.545954120489651,7.526245168385079,60.13948611982679,0.09534011472556715,0.456914220824969,False
ADAMTS8,descriptive whole/cortical-kidney sensitivity including small studies,GSE142025_advanced;GSE166239;GSE111154;GSE199838,GSE142025_advanced;GSE166239;GSE111154;GSE199838,4.0,-0.6432508334910855,1.5081577964740556,0.9245677102456096,0.6726640541648811,0.6995662666512451,-2.7839680673652714,1.4974664003831002,-2.8695829140964575,1.5830812471142863,0.4094810529923434,0.425645524052382,-6.667939935683535,5.381438268701364,-6.724393706869747,5.4378920398875765,16.595900794976224,81.92324696886514,0.425645524052382,0.659349962513257,False
ADAMTS9,descriptive whole/cortical-kidney sensitivity including small studies,GSE142025_advanced;GSE166239;GSE111154;GSE199838,GSE142025_advanced;GSE166239;GSE111154;GSE199838,4.0,-0.26295775217955597,0.7993394888862675,1.1397224213326187,0.6040747822721887,0.6040747822721887,-2.185393311136743,1.6594778067776312,-2.185393311136743,1.6594778067776312,0.6927560619996448,0.6927560619996448,-4.905529680613459,4.379614176254347,-4.905529680613459,4.379614176254347,8.782648255316161,65.84173801809618,0.6927560619996448,0.8358735147964463,False
ADRM1,descriptive whole/cortical-kidney sensitivity including small studies,GSE142025_advanced;GSE166239;GSE111154;GSE199838,GSE142025_advanced;GSE166239;GSE111154;GSE199838,4.0,0.52845404373021,0.3619199812557103,1.1624008369387713,0.4750060455543387,0.4750060455543387,-0.9832271909316198,2.04013527839204,-0.9832271909316198,2.04013527839204,0.34704004844747083,0.34704004844747083,-2.769609191885705,3.8265172793461253,-2.769609191885705,3.8265172793461253,5.774371690512259,48.04629558347911,0.34704004844747083,0.6199275618356702,False
AGRN,descriptive whole/cortical-kidney sensitivity including small studies,GSE142025_advanced;GSE166239;GSE111154;GSE199838,GSE142025_advanced;GSE166239;GSE111154;GSE199838,4.0,0.6370175617560669,1.0348742931293955,1.1270173326440682,0.6559062442523204,0.6559062442523204,-1.4503688418772434,2.724403965389377,-1.4503688418772434,2.724403965389377,0.4030822939434233,0.4030822939434233,-4.570947311056005,5.844982434568139,-4.570947311056005,5.844982434568139,8.47555701024567,64.60409626914841,0.4030822939434233,0.6520938763588853,False
AJUBA,descriptive whole/cortical-kidney sensitivity including small studies,GSE142025_advanced;GSE166239;GSE111154;GSE199838,GSE142025_advanced;GSE166239;GSE111154;GSE199838,4.0,0.5234701023822577,0.32869161065889757,1.1946005403243678,0.47013250004929646,0.47013250004929646,-0.9727013353934184,2.0196415401579335,-0.9727013353934184,2.0196415401579335,0.34669700316024854,0.34669700316024854,-2.666639134171998,3.713579338936513,-2.666639134171998,3.713579338936513,5.673222386316358,47.11999996270356,0.34669700316024854,0.6199275618356702,False
ANGPT1,descriptive whole/cortical-kidney sensitivity including small studies,GSE142025_advanced;GSE166239;GSE111154;GSE199838,GSE142025_advanced;GSE166239;GSE111154;GSE199838,4.0,0.13360745408266048,0.06971443021302484,1.3035654769439018,0.3736269962000976,0.3736269962000976,-1.0554403995285901,1.322655307693911,-1.0554403995285901,1.322655307693911,0.7443239501805908,0.7443239501805908,-1.8348811508798866,2.1020960590452074,-1.8348811508798866,2.1020960590452074,4.409213498447263,31.960654637012432,0.7443239501805908,0.8711594215118127,False
ANGPT2,descriptive whole/cortical-kidney sensitivity including small studies,GSE142025_advanced;GSE166239;GSE111154;GSE199838,GSE142025_advanced;GSE166239;GSE111154;GSE199838,4.0,0.1766895943467138,0.0,0.17934417948339157,0.1190504524011829,0.28111719248098593,-0.20218207803978464,0.5555612667332123,-0.7179507762161288,1.0713299649095565,0.23442128230270012,0.5742553264849638,-0.33554315965514414,0.6889223483485718,-1.0328600612611054,1.3862392499545328,0.5380325384501747,0.0,0.5742553264849638,0.7469134894314396,False
ANGPT4,descriptive whole/cortical-kidney sensitivity including small studies,GSE142025_advanced;GSE166239;GSE111154;GSE199838,GSE142025_advanced;GSE111154;GSE199838,3.0,-0.025593695895447917,0.0,0.020596497038767602,0.045864666830161736,0.31958144873507366,-0.2229334298312929,0.1717460380403971,-1.4006416886727002,1.3494542968818044,0.6329562615098296,0.9434618998122888,-0.6083595427959234,0.5571721510050276,-4.08626101340661,4.035073621615715,0.041192994077535204,0.0,0.9434618998122888,1.0,False
ANO5,descriptive whole/cortical-kidney sensitivity including small studies,GSE142025_advanced;GSE166239;GSE111154;GSE199838,GSE142025_advanced;GSE166239;GSE111154;GSE199838,4.0,-1.3970506099870061,0.8191773936296125,1.0327164888112932,0.5844114538814701,0.5844114538814701,-3.2569086821575706,0.4628074621835583,-3.2569086821575706,0.4628074621835583,0.09669556630209375,0.09669556630209375,-6.03257566763576,3.2384744476617477,-6.03257566763576,3.2384744476617477,7.883829510390314,61.9474267417095,0.09669556630209375,0.456914220824969,False
ANO6,descriptive whole/cortical-kidney sensitivity including small studies,GSE142025_advanced;GSE166239;GSE111154;GSE199838,GSE142025_advanced;GSE166239;GSE111154;GSE199838,4.0,-0.43784105703546555,0.0,0.6165941721088329,0.2248711300424822,0.286374269627967,-1.153481354004135,0.27779923993320405,-1.3492117933413095,0.4735296792703784,0.14669261162826672,0.22375749344431953,-1.4053834385545978,0.5297013244836666,-1.6700100899802464,0.7943279759093151,1.8497825163264987,0.0,0.22375749344431953,0.5785416041584983,False
APOB,descriptive whole/cortical-kidney sensitivity including small studies,GSE142025_advanced;GSE166239;GSE111154;GSE199838,GSE142025_advanced;GSE166239;GSE111154;GSE199838,4.0,-1.2171869964913307,0.22495653685523084,0.9071711523879041,0.3869714930431926,0.40628833872762166,-2.448702994776759,0.014329001794097795,-2.5101778189549058,0.07580382597224444,0.05144734098068373,0.05785903265975726,-3.850970994169258,1.4165970011865965,-3.904284917525428,1.4699109245427668,4.325758894799038,30.648007136806193,0.05785903265975726,0.43880678261865175,False
APP,descriptive whole/cortical-kidney sensitivity including small studies,GSE142025_advanced;GSE166239;GSE111154;GSE199838,GSE142025_advanced;GSE166239;GSE111154;GSE199838,4.0,0.4618857586295625,0.04755567539084096,0.8568218171319665,0.2917420977103594,0.3151765106973446,-0.46656780232448924,1.3903393195836142,-0.5411465633514129,1.4649180806105377,0.21153542728129604,0.23903457428864275,-1.1053027224210998,2.029074239680225,-1.187169586981374,2.110941104240499,2.947129043781379,0.0,0.23903457428864275,0.5816283690467094,False
ARHGEF18,descriptive whole/cortical-kidney sensitivity including small studies,GSE142025_advanced;GSE166239;GSE111154;GSE199838,GSE142025_advanced;GSE111154;GSE199838,3.0,0.24017450775000546,0.0,0.26672907398290324,0.16633606743450244,0.3220707250354258,-0.475511826852847,0.955860842352858,-1.1455839764960576,1.6259329919960686,0.2855845225912426,0.5335695337729475,-1.873325620082943,2.3536746355829536,-3.8521220640783396,4.33247107957835,0.5334581479658065,0.0,0.5335695337729475,0.7213157033610309,False
ARNT,descriptive whole/cortical-kidney sensitivity including small studies,GSE142025_advanced;GSE166239;GSE111154;GSE199838,GSE142025_advanced;GSE166239;GSE111154;GSE199838,4.0,1.082084100015745,0.0,0.1475376000011023,0.11556161322142092,0.30085846726569776,0.7143154709866092,1.4498527290448808,0.12461818245270595,2.039550017578784,0.0025797536160902254,0.03684922028861426,0.5848626094343469,1.5793055905971434,-0.21240540543324848,2.3765736054647384,0.4426128000033069,0.0,0.03684922028861426,0.4380293061545702,False
ASPN,descriptive whole/cortical-kidney sensitivity including small studies,GSE142025_advanced;GSE166239;GSE111154;GSE199838,GSE142025_advanced;GSE166239;GSE111154;GSE199838,4.0,-0.0975258660020131,0.5242772708982345,1.1510633759293434,0.525049934855147,0.525049934855147,-1.7684690912712269,1.5734173592672007,-1.7684690912712269,1.5734173592672007,0.8644933897132057,0.8644933897132057,-3.9458265132824804,3.7507747812784538,-3.9458265132824804,3.7507747812784538,6.622547047710082,54.70020856949098,0.8644933897132057,0.9574233722000566,False
ATP1B1,descriptive whole/cortical-kidney sensitivity including small studies,GSE142025_advanced;GSE166239;GSE111154;GSE199838,GSE142025_advanced;GSE166239;GSE111154;GSE199838,4.0,-0.4088774522911116,1.224004949855781,0.9117305735101634,0.6130041672196038,0.6419928150753128,-2.359730299382656,1.5419753948004327,-2.4519851146462277,1.6342302100640045,0.5524851177143467,0.5694708646116896,-5.850974711371975,5.033219806789751,-5.912506374130758,5.094751469548535,14.565721076502106,79.40369732302716,0.5694708646116896,0.7451293373470638,False
ATP1B2,descriptive whole/cortical-kidney sensitivity including small studies,GSE142025_advanced;GSE166239;GSE111154;GSE199838,GSE142025_advanced;GSE166239;GSE111154;GSE199838,4.0,-1.15991326228913,0.1334172766329088,0.8547570060871551,0.3390721004206124,0.3667505062152284,-2.2389920154974945,-0.08083450908076562,-2.327077055754713,0.007250531176453245,0.0418170578397739,0.05076624982804053,-3.304288933737895,0.9844624091596352,-3.387022219240278,1.067195694662018,3.5714053632544416,15.999454140197312,0.05076624982804053,0.4380293061545702,False
ATP1B3,descriptive whole/cortical-kidney sensitivity including small studies,GSE142025_advanced;GSE166239;GSE111154;GSE199838,GSE142025_advanced;GSE166239;GSE111154;GSE199838,4.0,-0.36240121978070966,0.1334276011240879,0.9032194427144963,0.3339403319153776,0.3513761141350162,-1.4251483952700181,0.7003459557085989,-1.4806368359746382,0.755834396413219,0.357240103923601,0.3782304179565658,-2.4918611543444293,1.76705871478301,-2.5431831504704374,1.818380710909018,3.817550112860705,21.415569899305623,0.3782304179565658,0.646625365196487,False
ATP1B4,descriptive whole/cortical-kidney sensitivity including small studies,GSE142025_advanced;GSE166239;GSE111154;GSE199838,GSE142025_advanced;GSE111154;GSE199838,3.0,-0.36970059759014073,0.0,0.6580613244927545,0.2653374800255478,0.3270886065164454,-1.5113556303269071,0.7719544351466258,-1.777049283288072,1.0376480881077907,0.29817435730429487,0.3756735752646219,-3.7411329429754145,3.001731747795133,-4.5257553988581805,3.7863542036778988,1.316122648985509,0.0,0.3756735752646219,0.6450710733162258,False
BAMBI,descriptive whole/cortical-kidney sensitivity including small studies,GSE142025_advanced;GSE166239;GSE111154;GSE199838,GSE142025_advanced;GSE166239;GSE111154;GSE199838,4.0,0.18235876092893333,0.0,0.9264195163409511,0.27445658311573623,0.28514765506241,-0.6910845779685323,1.055802099826399,-0.7251083403847466,1.0898258622426131,0.5539194449913915,0.5679686650825196,-0.9985326056116993,1.3632501274695659,-1.0445325755070032,1.4092500973648696,2.7792585490228534,0.0,0.5679686650825196,0.7451293373470638,False
BCAN,descriptive whole/cortical-kidney sensitivity including small studies,GSE142025_advanced;GSE166239;GSE111154;GSE199838,GSE142025_advanced;GSE111154;GSE199838,3.0,0.35038066433919335,0.623820902038831,0.9000208371500569,0.5591778711834113,0.589418406851992,-2.0555675295236044,2.756328858201991,-2.185682052867109,2.8864433815454955,0.5949089542846939,0.6125005495674993,-11.945791173614328,12.646552502292714,-12.171743399499817,12.872504728178203,5.217382627250521,61.66660291399849,0.6125005495674993,0.7736891277700733,False
BGN,descriptive whole/cortical-kidney sensitivity including small studies,GSE142025_advanced;GSE166239;GSE111154;GSE199838,GSE142025_advanced;GSE166239;GSE111154;GSE199838,4.0,0.9838662570727227,0.0,1.267026535646857,0.342041069366408,0.342041069366408,-0.10466108038769073,2.072393594533136,-0.10466108038769073,2.072393594533136,0.06371313664341964,0.06371313664341964,-0.48781768372307777,2.455550197868523,-0.48781768372307777,2.455550197868523,3.8010796069405712,21.075054715450896,0.06371313664341964,0.43880678261865175,False
BMP1,descriptive whole/cortical-kidney sensitivity including small studies,GSE142025_advanced;GSE166239;GSE111154;GSE199838,GSE142025_advanced;GSE166239;GSE111154;GSE199838,4.0,1.0378812883526398,1.2452744357754517,1.0799203504173889,0.6869144805363633,0.6869144805363633,-1.148187162276187,3.2239497389814664,-1.148187162276187,3.2239497389814664,0.22797606395913936,0.22797606395913936,-4.60027836822154,6.67604094492682,-4.60027836822154,6.67604094492682,9.799649813616051,69.38666118628369,0.22797606395913936,0.5795625262337861,False
BMP10,descriptive whole/cortical-kidney sensitivity including small studies,GSE142025_advanced;GSE166239;GSE111154;GSE199838,GSE111154;GSE199838,2.0,-0.9546135642367793,0.0,0.005700075564782245,0.043483524821475515,0.5759495385899382,-1.5071241332689813,-0.40210299520457726,-8.272746319265883,6.363519190792324,0.028978584128071975,0.34559947202945046,,,,,0.005700075564782245,0.0,0.34559947202945046,0.6199275618356702,False
BMP2,descriptive whole/cortical-kidney sensitivity including small studies,GSE142025_advanced;GSE166239;GSE111154;GSE199838,GSE142025_advanced;GSE166239;GSE111154;GSE199838,4.0,-0.14266825971887293,0.5139239249063752,1.0386222724602483,0.4933024039765457,0.4933024039765457,-1.7125766726416016,1.4272401532038559,-1.7125766726416016,1.4272401532038559,0.7912548857895157,0.7912548857895157,-3.886893888397322,3.601557368959576,-3.886893888397322,3.601557368959576,6.808913963363501,55.94011003602042,0.7912548857895157,0.9035022582687413,False
BMP4,descriptive whole/cortical-kidney sensitivity including small studies,GSE142025_advanced;GSE166239;GSE111154;GSE199838,GSE142025_advanced;GSE166239;GSE111154;GSE199838,4.0,1.4426729941998353,0.4072059949261319,0.8782845670610132,0.44164386534383915,0.47125348670454253,0.037165106685119076,2.8481808817145513,-0.05706592341510097,2.9424119118147716,0.04689726464299828,0.054934552592226855,-1.896405358899278,4.781751347298949,-1.9705155260678033,4.855861514467474,5.60708281302073,46.49624234132194,0.054934552592226855,0.4380293061545702,False
BMP7,descriptive whole/cortical-kidney sensitivity including small studies,GSE142025_advanced;GSE166239;GSE111154;GSE199838,GSE142025_advanced;GSE166239;GSE111154;GSE199838,4.0,-1.8797876033872776,0.21067181430452508,0.8366488788642791,0.39178389736651353,0.42832652071374183,-3.12661882003099,-0.6329563867435652,-3.242913756687751,-0.5166614500868043,0.01722742707911612,0.021913691351227987,-4.476275207144039,0.7167000003694837,-4.581001837262019,0.821426630487464,3.7969830915435026,20.989903624235602,0.021913691351227987,0.4380293061545702,False
BSG,descriptive whole/cortical-kidney sensitivity including small studies,GSE142025_advanced;GSE166239;GSE111154;GSE199838,GSE142025_advanced;GSE166239;GSE111154;GSE199838,4.0,-0.14906138491544818,0.5579434281978882,0.9666526526963871,0.48523341049755536,0.4935321770266992,-1.6932906593536061,1.3951678895227095,-1.7197010382326918,1.4215782684017957,0.7787846831273488,0.7823574403198296,-3.9815510731335495,3.6834283033026534,-4.001119077477091,3.7029963076461945,7.295547368478491,58.87902787168581,0.7823574403198296,0.8973346206120634,False
C1QA,descriptive whole/cortical-kidney sensitivity including small studies,GSE142025_advanced;GSE166239;GSE111154;GSE199838,GSE142025_advanced;GSE166239;GSE111154;GSE199838,4.0,2.4322962333234903,2.2525980739445086,1.1413068850665598,0.9308696148436912,0.9308696148436912,-0.5301463331366829,5.3947387997836636,-0.5301463331366829,5.3947387997836636,0.07948401400385144,0.07948401400385144,-5.166627405961804,10.031219872608784,-5.166627405961804,10.031219872608784,10.668893033245652,71.88086907749837,0.07948401400385144,0.43880678261865175,False
C1QB,descriptive whole/cortical-kidney sensitivity including small studies,GSE142025_advanced;GSE166239;GSE111154;GSE199838,GSE142025_advanced;GSE166239;GSE111154;GSE199838,4.0,2.3420334110437735,2.4908632342792076,1.2090893351895,0.9983703885460146,0.9983703885460146,-0.8352267432891503,5.519293565376698,-0.8352267432891503,5.519293565376698,0.10068410637942514,0.10068410637942514,-5.693228641034841,10.377295463122389,-5.693228641034841,10.377295463122389,10.117963982833153,70.34976596981359,0.10068410637942514,0.4580891220256462,False
C1QC,descriptive whole/cortical-kidney sensitivity including small studies,GSE142025_advanced;GSE166239;GSE111154;GSE199838,GSE142025_advanced;GSE166239;GSE111154;GSE199838,4.0,2.148989182779632,1.064397834825161,1.1344471346460745,0.6989417821508812,0.6989417821508812,-0.07535550943484992,4.373333874994114,-0.07535550943484992,4.373333874994114,0.054364288684014966,0.054364288684014966,-3.2128092111185063,7.510787576677771,-3.2128092111185063,7.510787576677771,7.749546887771614,61.28805924467861,0.054364288684014966,0.4380293061545702,False
C1R,descriptive whole/cortical-kidney sensitivity including small studies,GSE142025_advanced;GSE166239;GSE111154;GSE199838,GSE142025_advanced;GSE166239;GSE111154;GSE199838,4.0,2.611714627171793,2.1631354565899494,1.121817830074164,0.9135920961678726,0.9135920961678726,-0.2957431638140511,5.519172418157637,-0.2957431638140511,5.519172418157637,0.06464415117722752,0.06464415117722752,-4.837948028732449,10.061377283076034,-4.837948028732449,10.061377283076034,10.559880259321156,71.59058695431784,0.06464415117722752,0.43880678261865175,False
C1S,descriptive whole/cortical-kidney sensitivity including small studies,GSE142025_advanced;GSE166239;GSE111154;GSE199838,GSE142025_advanced;GSE166239;GSE111154;GSE199838,4.0,2.5229693466960117,0.6744161454113399,0.9521886072512236,0.5669788729165921,0.5810391365996002,0.7185895274086822,4.327349165983341,0.6738434931993786,4.3720952001926445,0.02111633912361034,0.022546235350737756,-1.7708133307132319,6.816752024105256,-1.8054706941210914,6.851409387513115,6.048472386627307,50.400699412420856,0.022546235350737756,0.4380293061545702,False
C2,descriptive whole/cortical-kidney sensitivity including small studies,GSE142025_advanced;GSE166239;GSE111154;GSE199838,GSE166239;GSE111154;GSE199838,3.0,0.627027715732183,0.20421988965901253,0.9640873296399104,0.48514017066834036,0.4940933958038327,-1.4603619639050716,2.7144173953694373,-1.4988845824743593,2.752940013938725,0.3253809688613134,0.3321249684645771,-7.7972998126784425,9.051355244142808,-7.880895295229411,9.134950726693777,2.7074827037669413,26.130645369686583,0.3321249684645771,0.6133345526126506,False
C3,descriptive whole/cortical-kidney sensitivity including small studies,GSE142025_advanced;GSE166239;GSE111154;GSE199838,GSE142025_advanced;GSE166239;GSE111154;GSE199838,4.0,1.4510729288170683,0.5935254086814192,0.9706740066859348,0.5101536024947269,0.5178026369973266,-0.17246351856944853,3.0746093762035853,-0.19680616016123476,3.098952017795371,0.0654102197921517,0.06771980366426857,-2.524592411803553,5.42673826943769,-2.5428573225041893,5.445003180138326,6.872457231654536,56.34749116834077,0.06771980366426857,0.43880678261865175,False
C3AR1,descriptive whole/cortical-kidney sensitivity including small studies,GSE142025_advanced;GSE166239;GSE111154;GSE199838,GSE142025_advanced;GSE166239;GSE111154;GSE199838,4.0,2.0952126044369903,0.0,0.8116804046470872,0.319596414413807,0.3547393513187544,1.0781141762038495,3.112311032670131,0.9662736664938811,3.2241515423800995,0.007217056322201483,0.009692116761530112,0.7201002195412833,3.4703249893326973,0.5688923661357983,3.6215328427381825,2.4350412139412616,0.0,0.009692116761530112,0.4380293061545702,False
C4A,descriptive whole/cortical-kidney sensitivity including small studies,GSE142025_advanced;GSE166239;GSE111154;GSE199838,GSE166239;GSE111154;GSE199838,3.0,-0.18652847859492713,0.0,0.9723526151609336,0.3993545701635183,0.4049922993833424,-1.904812510046912,1.531755552857058,-1.9290697010641766,1.5560127438743225,0.6863898140300881,0.6903341491718737,-5.2608094094196325,4.887752452229778,-5.332443551133832,4.959386593943978,1.9447052303218673,0.0,0.6903341491718737,0.8354430275140297,False
C4B,descriptive whole/cortical-kidney sensitivity including small studies,GSE142025_advanced;GSE166239;GSE111154;GSE199838,GSE166239;GSE111154;GSE199838,3.0,-0.43583459115700907,0.0,1.4367623901060127,0.4992003552049427,0.4992003552049427,-2.583720362171457,1.712051179857439,-2.583720362171457,1.712051179857439,0.47468978581740273,0.47468978581740273,-6.778776508762142,5.9071073264481235,-6.778776508762142,5.9071073264481235,2.8735247802120254,30.399068984105703,0.47468978581740273,0.6770165797723612,False
C4BPA,descriptive whole/cortical-kidney sensitivity including small studies,GSE142025_advanced;GSE166239;GSE111154;GSE199838,GSE111154;GSE199838,2.0,0.5364396368843678,0.0,0.030424081015670828,0.09568018814628952,0.5485462951525436,-0.6792924228981019,1.7521716966668375,-6.433501896593963,7.506381170362699,0.11236684360979145,0.5071033346606457,,,,,0.030424081015670828,0.0,0.5071033346606457,0.7052609432314131,False
C4BPB,descriptive whole/cortical-kidney sensitivity including small studies,GSE142025_advanced;GSE166239;GSE111154;GSE199838,GSE111154;GSE199838,2.0,0.23301261243501678,0.0,0.00026860882260476614,0.00880234708417228,0.5370792237699217,0.12116818822465344,0.34485703664538014,-6.59122596433139,7.057251189201424,0.024037689700472525,0.7394035332730589,,,,,0.00026860882260476614,0.0,0.7394035332730589,0.867995452103156,False
C5,descriptive whole/cortical-kidney sensitivity including small studies,GSE142025_advanced;GSE166239;GSE111154;GSE199838,GSE142025_advanced;GSE166239;GSE111154;GSE199838,4.0,-1.1931913632337192,0.0,0.812539654406052,0.2772206270249457,0.30754116767004047,-2.0754311234576903,-0.310951603009748,-2.171924616007877,-0.21445811045956165,0.02308131252765408,0.030327958511490366,-2.3859754508454594,-0.0004072756219790641,-2.5164342078195556,0.13005148135211742,2.437618963218156,0.0,0.030327958511490366,0.4380293061545702,False
C5AR1,descriptive whole/cortical-kidney sensitivity including small studies,GSE142025_advanced;GSE166239;GSE111154;GSE199838,GSE142025_advanced;GSE166239;GSE111154;GSE199838,4.0,0.14627906551412753,0.7866829156176298,1.0317263867503927,0.5622604384295287,0.5622604384295287,-1.6430845893731236,1.9356427204013786,-1.6430845893731236,1.9356427204013786,0.8115725779175554,0.8115725779175554,-4.372161314170191,4.664719445198446,-4.372161314170191,4.664719445198446,8.246505981641672,63.620956479282455,0.8115725779175554,0.9169716140107445,False
C5AR2,descriptive whole/cortical-kidney sensitivity including small studies,GSE142025_advanced;GSE166239;GSE111154;GSE199838,GSE142025_advanced;GSE166239;GSE111154;GSE199838,4.0,-0.7115425367560632,0.3715598436029309,0.969851718686146,0.43569080323264764,0.44241080261859483,-2.0981051237498938,0.6750200502377673,-2.11949116096721,0.6964060874550836,0.20094670416289193,0.206130560710338,-3.935335981373777,2.5122509078616506,-3.952234655277677,2.5291495817655503,5.715425365793888,47.51046846041193,0.206130560710338,0.5614595538721774,False
C6,descriptive whole/cortical-kidney sensitivity including small studies,GSE142025_advanced;GSE166239;GSE111154;GSE199838,GSE142025_advanced;GSE166239;GSE111154;GSE199838,4.0,1.1352220418393377,0.0,0.7628947775694562,0.26666181978970427,0.3053012044136128,0.2865851186893634,1.9838589649893121,0.1636173518545696,2.106826731824106,0.02376465029354464,0.033845267969131176,-0.01213116499879252,2.282575248677468,-0.17838301872669193,2.4488271024053674,2.288684332708369,0.0,0.033845267969131176,0.4380293061545702,False
C7,descriptive whole/cortical-kidney sensitivity including small studies,GSE142025_advanced;GSE166239;GSE111154;GSE199838,GSE142025_advanced;GSE166239;GSE111154;GSE199838,4.0,2.0308578020427177,0.0,0.21837837973576593,0.16297694673907376,0.34875573474148136,1.5121924200465329,2.5495231840389025,0.9209614025681856,3.14075420151725,0.0011138647279312968,0.010085755656940115,1.3296245972696092,2.732091006815826,0.5302829879415036,3.531432616143932,0.6551351392072978,0.0,0.010085755656940115,0.4380293061545702,False
C8A,descriptive whole/cortical-kidney sensitivity including small studies,GSE142025_advanced;GSE166239;GSE111154;GSE199838,GSE111154;GSE199838,2.0,-2.340858698338301,5.5254191211086825,0.9999999997753926,1.8992497755828186,1.8992497757961115,-26.473115192027436,21.791397795350832,-26.47311519473758,21.791397798060977,0.4339339989063258,0.4339339989413059,,,,,3.830699106768314,73.89510446714182,0.4339339989413059,0.6610317532510556,False
C8B,descriptive whole/cortical-kidney sensitivity including small studies,GSE142025_advanced;GSE166239;GSE111154;GSE199838,GSE111154;GSE199838,2.0,-0.7330900405551106,0.0,0.19849971044952666,0.2507919149259287,0.5629030382080198,-3.9197034577812673,2.453523376671046,-7.885451290640976,6.419271209530756,0.209843824370466,0.4168761001655079,,,,,0.19849971044952666,0.0,0.4168761001655079,0.6571585925028888,False
C8G,descriptive whole/cortical-kidney sensitivity including small studies,GSE142025_advanced;GSE166239;GSE111154;GSE199838,GSE142025_advanced;GSE111154;GSE199838,3.0,0.2518595647724168,0.0,0.24957780871451773,0.1608211362680363,0.32191420613758975,-0.4400979361926598,0.9438170657374934,-1.1332254730106146,1.6369446025554484,0.2578231537571946,0.5159148739409496,-1.7915667185535016,2.2952858480983354,-3.838448245894943,4.342167375439777,0.49915561742903547,0.0,0.5159148739409496,0.7099496419960695,False
C9,descriptive whole/cortical-kidney sensitivity including small studies,GSE142025_advanced;GSE166239;GSE111154;GSE199838,GSE166239;GSE111154;GSE199838,3.0,-0.8163823259454617,0.0,1.0043155183186199,0.42290201526476634,0.42290201526476634,-2.635982836340957,1.0032181844500339,-2.635982836340957,1.0032181844500339,0.19330925465643173,0.19330925465643173,-6.189861915240458,4.557097263349535,-6.189861915240458,4.557097263349535,2.0086310366372397,0.42969746458211844,0.19330925465643173,0.5504041687126766,False
CA9,descriptive whole/cortical-kidney sensitivity including small studies,GSE142025_advanced;GSE166239;GSE111154;GSE199838,GSE111154;GSE199838,2.0,0.12087001046477064,0.8034339138470357,0.9999999762675702,0.8531665115192839,0.8531665216431412,-10.719638358947197,10.961378379876738,-10.719638487583,10.96137850851254,0.9104048978830122,0.9104048989321843,,,,,2.222088190520399,54.99728569432673,0.9104048989321843,0.9886921440553403,False
CAPN1,descriptive whole/cortical-kidney sensitivity including small studies,GSE142025_advanced;GSE166239;GSE111154;GSE199838,GSE142025_advanced;GSE166239;GSE111154;GSE199838,4.0,1.0347846768864497,0.605547426152696,1.0522252735875883,0.5278034611787714,0.5278034611787714,-0.6449214980578843,2.7144908518307838,-0.6449214980578843,2.7144908518307838,0.14477460075305312,0.14477460075305312,-3.0109077778202553,5.080477131593154,-3.0109077778202553,5.080477131593154,7.024725562432726,57.29370530795408,0.14477460075305312,0.4947775897934141,False
CAPN10,descriptive whole/cortical-kidney sensitivity including small studies,GSE142025_advanced;GSE166239;GSE111154;GSE199838,GSE142025_advanced;GSE166239;GSE111154;GSE199838,4.0,0.6821344668108774,0.3550065330385269,1.0466081663242404,0.4472300856128691,0.4472300856128691,-0.741151266759514,2.105420200381269,-0.741151266759514,2.105420200381269,0.22461135850278732,0.22461135850278732,-2.523331081906006,3.8876000155277612,-2.523331081906006,3.8876000155277612,5.622197726771325,46.64008372180076,0.22461135850278732,0.5785416041584983,False
CAPN11,descriptive whole/cortical-kidney sensitivity including small studies,GSE142025_advanced;GSE166239;GSE111154;GSE199838,GSE166239;GSE111154;GSE199838,3.0,0.07920931327176808,0.5887178977480582,0.9569997837522563,0.5986403305082252,0.6119417049447115,-2.496532138927567,2.6549507654711033,-2.5537633339561343,2.7121819604996706,0.9068457416186098,0.9088535675328895,-12.286272659950177,12.444691286493713,-12.390948652309298,12.549367278852834,4.222929700452765,52.639514700290455,0.9088535675328895,0.9883782546920173,False
CAPN12,descriptive whole/cortical-kidney sensitivity including small studies,GSE142025_advanced;GSE166239;GSE111154;GSE199838,GSE142025_advanced;GSE166239;GSE111154;GSE199838,4.0,-0.9628160985173199,0.27416701134094107,0.8799581455232547,0.3911768183374067,0.41700580636949147,-2.207715318747836,0.28208312171319616,-2.289914686279761,0.3642824892451214,0.09076004617643431,0.10413775698667309,-3.7750080490630937,1.8493758520284542,-3.842897723545961,1.9172655265113216,4.838130205272445,37.99257414092137,0.10413775698667309,0.4580891220256462,False
CAPN13,descriptive whole/cortical-kidney sensitivity including small studies,GSE142025_advanced;GSE166239;GSE111154;GSE199838,GSE142025_advanced;GSE166239;GSE111154;GSE199838,4.0,-2.056865728109544,0.0,0.517100265916819,0.25588182762975825,0.35583778601592314,-2.8711959050391105,-1.2425355511799774,-3.189300375496253,-0.9244310807228346,0.004020581689488617,0.01029648229979175,-3.1578363722540046,-0.9558950839650833,-3.5879121494589605,-0.5258193067601273,1.5513007977504571,0.0,0.01029648229979175,0.4380293061545702,False
CAPN14,descriptive whole/cortical-kidney sensitivity including small studies,GSE142025_advanced;GSE166239;GSE111154;GSE199838,GSE166239;GSE111154;GSE199838,3.0,-0.06205795654018089,0.0,0.0475872853598617,0.08571207306849953,0.39291312265471645,-0.4308472417008457,0.30673132862048397,-1.7526266762848817,1.62851076320452,0.5442862375545452,0.8890073531547833,-1.151133105310501,1.0270171922301392,-5.054492536520727,4.930376623440366,0.0951745707197234,0.0,0.8890073531547833,0.9749198284596573,False
CAPN15,descriptive whole/cortical-kidney sensitivity including small studies,GSE142025_advanced;GSE166239;GSE111154;GSE199838,GSE142025_advanced;GSE166239;GSE199838,3.0,-0.22925643497425496,1.2023726044088132,1.1037180311794608,0.7835358493804804,0.7835358493804804,-3.6005390961677417,3.142026226219232,-3.6005390961677417,3.142026226219232,0.7973968955301108,0.7973968955301108,-17.35343562433286,16.894922754384353,-17.35343562433286,16.894922754384353,6.79248464591514,70.5556934721559,0.7973968955301108,0.9075025715117395,False
CAPN2,descriptive whole/cortical-kidney sensitivity including small studies,GSE142025_advanced;GSE166239;GSE111154;GSE199838,GSE142025_advanced;GSE166239;GSE111154;GSE199838,4.0,0.5155849387834858,0.0,1.2203562912710044,0.3209320745198162,0.3209320745198162,-0.5057641560191389,1.5369340335861104,-0.5057641560191389,1.5369340335861104,0.20651385889551352,0.20651385889551352,-0.8652743277133591,1.8964442052803308,-0.8652743277133591,1.8964442052803308,3.6610688738130133,18.056717767358148,0.20651385889551352,0.5614595538721774,False
CAPN3,descriptive whole/cortical-kidney sensitivity including small studies,GSE142025_advanced;GSE166239;GSE111154;GSE199838,GSE142025_advanced;GSE166239;GSE111154;GSE199838,4.0,-0.344834611560255,0.0,0.29403012427270203,0.1537620059833624,0.2835653244668092,-0.834173939395018,0.144504716274508,-1.2472660307162278,0.5575968075957176,0.11068907435054291,0.3109164030375259,-1.0064191263363222,0.31674990321581226,-1.5649177289396634,0.8752485058191535,0.8820903728181061,0.0,0.3109164030375259,0.6058379510653872,False
CAPN5,descriptive whole/cortical-kidney sensitivity including small studies,GSE142025_advanced;GSE166239;GSE111154;GSE199838,GSE142025_advanced;GSE166239;GSE111154;GSE199838,4.0,-0.7212070109112141,0.3129526134085844,0.7928329687173773,0.37509392114224843,0.4212589833186385,-1.914923274384741,0.4725092525623129,-2.0618411059411863,0.6194270841187581,0.1502332369810573,0.18541277181995267,-3.6191899590853653,2.1767759372629376,-3.734329079813956,2.2919150579915284,5.2261052351755275,42.59587465235495,0.18541277181995267,0.5384057585913726,False
CAPN6,descriptive whole/cortical-kidney sensitivity including small studies,GSE142025_advanced;GSE166239;GSE111154;GSE199838,GSE142025_advanced;GSE166239;GSE111154;GSE199838,4.0,0.9174694098341486,1.4802361531028454,0.9492561771197073,0.6759655745224841,0.6937977113028202,-1.2337547353039096,3.0686935549722065,-1.2905045531158041,3.125443372784101,0.26777881209653,0.27781685563907893,-5.071052883756767,6.905991703425064,-5.1086893856328235,6.9436282053011205,15.053959322488227,80.07168788135041,0.27781685563907893,0.5927264249738388,False
CAPN7,descriptive whole/cortical-kidney sensitivity including small studies,GSE142025_advanced;GSE166239;GSE111154;GSE199838,GSE142025_advanced;GSE166239;GSE111154;GSE199838,4.0,-0.48965993033680694,1.3016733350941607,1.0079735396704361,0.6657723191362931,0.6657723191362931,-2.608444587532268,1.6291247268586544,-2.608444587532268,1.6291247268586544,0.5153318364335029,0.5153318364335029,-6.1732770879269845,5.19395722725337,-6.1732770879269845,5.19395722725337,12.358558780698425,75.72532482763772,0.5153318364335029,0.7099496419960695,False
CAPN8,descriptive whole/cortical-kidney sensitivity including small studies,GSE142025_advanced;GSE166239;GSE111154;GSE199838,GSE142025_advanced;GSE166239;GSE111154;GSE199838,4.0,0.6154190385077485,1.0574689595749966,1.1351628323002922,0.6609738291923835,0.6609738291923835,-1.4880946820947767,2.718932759110274,-1.4880946820947767,2.718932759110274,0.4204934395301135,0.4204934395301135,-4.644308388598063,5.875146465613559,-4.644308388598063,5.875146465613559,9.121968717304561,67.11236255054308,0.4204934395301135,0.6585807744276672,False
CAPN9,descriptive whole/cortical-kidney sensitivity including small studies,GSE142025_advanced;GSE166239;GSE111154;GSE199838,GSE111154;GSE199838,2.0,-0.7917508747882804,0.0,0.6298646478023011,0.45567414121001576,0.5741571361265927,-6.581639805983319,4.998138056406758,-8.08710899714849,6.503607247571931,0.33246218096580105,0.3994293933654418,,,,,0.6298646478023011,0.0,0.3994293933654418,0.6520938763588853,False
CAPNS1,descriptive whole/cortical-kidney sensitivity including small studies,GSE142025_advanced;GSE166239;GSE111154;GSE199838,GSE142025_advanced;GSE166239;GSE111154;GSE199838,4.0,0.875095215030515,0.7019650069961446,0.9779690133181589,0.530066286011022,0.5360035119836617,-0.811812278440719,2.562002708501749,-0.8307071813009806,2.5808976113620106,0.19732130725573613,0.20105114159317636,-3.3906877510473423,5.140878181108373,-3.4044002179624053,5.154590648023436,7.884370480110972,61.950037640065645,0.20105114159317636,0.5614595538721774,False
CAPNS2,descriptive whole/cortical-kidney sensitivity including small studies,GSE142025_advanced;GSE166239;GSE111154;GSE199838,GSE166239;GSE111154;GSE199838,3.0,-1.03164100740148,0.0,0.11149147350219589,0.14257779395988948,0.42700313460283285,-1.6451037417846548,-0.4181782730183051,-2.868887210111936,0.8056051953089758,0.018570191413323826,0.13698049949009666,-2.8432636482879676,0.7799816334850076,-6.457230258653435,4.393948243850475,0.22298294700439178,0.0,0.13698049949009666,0.48096740403921834,False
CASK,descriptive whole/cortical-kidney sensitivity including small studies,GSE142025_advanced;GSE166239;GSE111154;GSE199838,GSE142025_advanced;GSE166239;GSE111154;GSE199838,4.0,0.33341734558180103,1.2075129484471352,0.9124032233276355,0.6098189678771361,0.6384215277870012,-1.6072987756307147,2.274133466794317,-1.698324886737521,2.3651595779011227,0.6225946693099834,0.6376059234452714,-5.073892787423488,5.7407274785870905,-5.13466858685326,5.801503278016862,14.46000787715262,79.2531233351531,0.6376059234452714,0.7937129380884699,False
CASP3,descriptive whole/cortical-kidney sensitivity including small studies,GSE142025_advanced;GSE166239;GSE111154;GSE199838,GSE142025_advanced;GSE166239;GSE111154;GSE199838,4.0,0.23889989164820571,0.3367958297471971,0.8223000984958108,0.38462899623603763,0.424157206751734,-0.9851612363281534,1.4629610196245648,-1.110957643838308,1.5887574271347193,0.5785194772906571,0.6126274064079762,-2.756733180537582,3.2345329638339937,-2.853941842462197,3.331741625758609,5.650415938395328,46.90656346881296,0.6126274064079762,0.7736891277700733,False
CAST,descriptive whole/cortical-kidney sensitivity including small studies,GSE142025_advanced;GSE166239;GSE111154;GSE199838,GSE142025_advanced;GSE166239;GSE111154;GSE199838,4.0,0.7867232168713941,0.0,0.6002889157130165,0.22686478036295374,0.2928106825409198,0.06473823480631213,1.5087081989364761,-0.14513105792855674,1.718577491671345,0.040410565964888255,0.0746166695506236,-0.18939714964128085,1.7628435833840692,-0.4731394656630975,2.0465858994058856,1.8008667471390494,0.0,0.0746166695506236,0.43880678261865175,False
CAV1,descriptive whole/cortical-kidney sensitivity including small studies,GSE142025_advanced;GSE166239;GSE111154;GSE199838,GSE142025_advanced;GSE166239;GSE111154;GSE199838,4.0,0.9252512801250325,0.34857066893450755,0.853971945904732,0.40859228767415506,0.44214871076431744,-0.3750717361510001,2.2255742964010654,-0.4818632508328242,2.332365811082889,0.10847565248951267,0.12745759700854606,-2.1640363803588585,4.014538940608923,-2.2484215144967283,4.098924074746794,5.324581173673937,43.657540337017466,0.12745759700854606,0.4806586058002525,False
CBL,descriptive whole/cortical-kidney sensitivity including small studies,GSE142025_advanced;GSE166239;GSE111154;GSE199838,GSE142025_advanced;GSE166239;GSE111154;GSE199838,4.0,0.5860756553232912,1.2844974774294036,0.9348870386004441,0.6323030950398838,0.6539517981494892,-1.42619499330584,2.5983463039524226,-1.495090828531188,2.6672421391777705,0.4223505603706229,0.4361832187567082,-4.9979399478202575,6.170091258466839,-5.043909569667019,6.2160608803136,14.38392991784092,79.14339115154483,0.4361832187567082,0.6616625383252681,False
CCL1,descriptive whole/cortical-kidney sensitivity including small studies,GSE142025_advanced;GSE166239;GSE111154;GSE199838,GSE111154,1.0,,,,,,,,,,,,,,,,,,1.0,1.0,False
CCL11,descriptive whole/cortical-kidney sensitivity including small studies,GSE142025_advanced;GSE166239;GSE111154;GSE199838,GSE142025_advanced;GSE166239;GSE111154;GSE199838,4.0,0.9393007420443585,0.9065213117157,1.1972577388880754,0.6592684139457822,0.6592684139457822,-1.158785586107646,3.0373870701963632,-1.158785586107646,3.0373870701963632,0.24944051690630328,0.24944051690630328,-4.0435280876958855,5.922129571784603,-4.0435280876958855,5.922129571784603,9.285806616569971,67.6926289349309,0.24944051690630328,0.5816283690467094,False
CCL13,descriptive whole/cortical-kidney sensitivity including small studies,GSE142025_advanced;GSE166239;GSE111154;GSE199838,GSE142025_advanced;GSE111154;GSE199838,3.0,0.5243058204689343,1.2215080752529006,0.9354958633494135,0.7228196226666638,0.7473241180843996,-2.585736002114263,3.634347643052131,-2.6911703362145167,3.739781977152385,0.5436214897778655,0.5555905637564154,-16.25546929347452,17.30408093441239,-16.427892418714816,17.476504059652687,8.374396059365631,76.11768077575852,0.5555905637564154,0.7323693794970929,False
CCL16,descriptive whole/cortical-kidney sensitivity including small studies,GSE142025_advanced;GSE166239;GSE111154;GSE199838,GSE111154;GSE199838,2.0,-0.7724538637069169,0.0,0.5874101097592856,0.4358924879013165,0.5687333244725925,-6.310993057941595,4.766085330527761,-7.9988959247409515,6.453988197327117,0.32706506239886585,0.4040337740004504,,,,,0.5874101097592856,0.0,0.4040337740004504,0.6522854536955724,False
CCL17,descriptive whole/cortical-kidney sensitivity including small studies,GSE142025_advanced;GSE166239;GSE111154;GSE199838,GSE142025_advanced;GSE111154;GSE199838,3.0,0.658781270725761,0.0,0.2962083247896087,0.17887871694071183,0.32866998207258946,-0.11087172901327413,1.428434270464796,-0.7553715248255728,2.072934066277095,0.06646237766399803,0.18290796567267648,-1.6140883296671642,2.931650871118686,-3.517366812123427,4.83492935357495,0.5924166495792174,0.0,0.18290796567267648,0.5384057585913726,False
CCL19,descriptive whole/cortical-kidney sensitivity including small studies,GSE142025_advanced;GSE166239;GSE111154;GSE199838,GSE142025_advanced;GSE166239;GSE111154;GSE199838,4.0,2.2527787425470556,1.527942276273137,0.993153509474601,0.763550271533169,0.7661775900400678,-0.17717899799204995,4.6827364830861615,-0.18554029806713368,4.691097783161245,0.06000533297750643,0.060496401313814126,-3.9985940992056963,8.504151584299807,-4.004542326108687,8.5100998112028,9.377382237986307,68.008129306626,0.060496401313814126,0.43880678261865175,False
CCL2,descriptive whole/cortical-kidney sensitivity including small studies,GSE142025_advanced;GSE166239;GSE111154;GSE199838,GSE142025_advanced;GSE166239;GSE111154;GSE199838,4.0,1.1318051403878773,1.2957218652546498,1.1225161019718592,0.7178645972464478,0.7178645972464478,-1.1527603948130576,3.416370675588812,-1.1527603948130576,3.416370675588812,0.21297465155133086,0.21297465155133086,-4.6585031713611285,6.922113452136883,-4.6585031713611285,6.922113452136883,9.017451898224449,66.73117823239284,0.21297465155133086,0.5672080005601771,False
CCL20,descriptive whole/cortical-kidney sensitivity including small studies,GSE142025_advanced;GSE166239;GSE111154;GSE199838,GSE142025_advanced;GSE111154;GSE199838,3.0,-0.3355979567850124,0.0,0.08246044418068196,0.09263949981837423,0.3226066880418052,-0.734193553561165,0.06299763999114022,-1.7236625037235187,1.0524665901534938,0.06846655188670388,0.4074591717085664,-1.5126944081340938,0.8414984945640689,-4.43470458430343,3.763508670733405,0.16492088836136393,0.0,0.4074591717085664,0.6537715808356711,False
CCL21,descriptive whole/cortical-kidney sensitivity including small studies,GSE142025_advanced;GSE166239;GSE111154;GSE199838,GSE142025_advanced;GSE166239;GSE111154;GSE199838,4.0,2.325606505727554,1.898743588736545,1.0570438390064547,0.8339747143302637,0.8339747143302637,-0.3284732425928292,4.979686254047937,-0.3284732425928292,4.979686254047937,0.0684996056141786,0.0684996056141786,-4.604546584116788,9.255759595571897,-4.604546584116788,9.255759595571897,11.137197923314663,73.06324247215015,0.0684996056141786,0.43880678261865175,False
CCL22,descriptive whole/cortical-kidney sensitivity including small studies,GSE142025_advanced;GSE166239;GSE111154;GSE199838,GSE142025_advanced;GSE111154;GSE199838,3.0,0.968287172945727,0.19054441693777982,0.8218428706329084,0.40199699877266415,0.4434334133299807,-0.7613663111745674,2.697940657066021,-0.9396528133806359,2.87622715927209,0.13764920493497856,0.1606555826436446,-6.5718150048334065,8.50838935072486,-6.9379705238144895,8.874544869705943,2.593347895441836,22.879610424992578,0.1606555826436446,0.5072311339111844,False
CCL25,descriptive whole/cortical-kidney sensitivity including small studies,GSE142025_advanced;GSE166239;GSE111154;GSE199838,GSE111154;GSE199838,2.0,-0.8073106566162006,0.0,0.040284372938325846,0.11328450285326028,0.5644197462722998,-2.246726743305492,0.6321054300730907,-7.978943509891816,6.364322196659415,0.08875308601663214,0.38843081623200937,,,,,0.040284372938325846,0.0,0.38843081623200937,0.6484889746474698,False
CCL27,descriptive whole/cortical-kidney sensitivity including small studies,GSE142025_advanced;GSE166239;GSE111154;GSE199838,GSE111154;GSE199838,2.0,0.010933582027000106,0.0,0.12794909750732933,0.1918236165403548,0.5362699492159877,-2.4264165629682144,2.4482837270222144,-6.803022186569345,6.824889350623346,0.963753100223514,0.9870222631295034,,,,,0.12794909750732933,0.0,0.9870222631295034,1.0,False
CCL28,descriptive whole/cortical-kidney sensitivity including small studies,GSE142025_advanced;GSE166239;GSE111154;GSE199838,GSE142025_advanced;GSE166239;GSE111154;GSE199838,4.0,1.8497433742396676,0.0,0.9805153269882695,0.3398138395559745,0.34317359869399783,0.768304076060486,2.9311826724188492,0.7576118230050404,2.941874925474295,0.012174726717696231,0.012511836586744188,0.3876424298675083,3.311844318611827,0.37318655304099146,3.3263001954383435,2.9415459809648086,0.0,0.012511836586744188,0.4380293061545702,False
CCL3,descriptive whole/cortical-kidney sensitivity including small studies,GSE142025_advanced;GSE166239;GSE111154;GSE199838,GSE142025_advanced;GSE166239;GSE111154;GSE199838,4.0,-0.3660203253946842,0.5531201459249642,0.9181339339297189,0.46971758982662465,0.4902118487883756,-1.860871333665194,1.1288306828758254,-1.9260932123775456,1.1940525615881774,0.49266231781171516,0.5094594847173073,-4.150776987981555,3.418736337192186,-4.198589502818492,3.466548852029123,7.673674823058713,60.90530196842241,0.5094594847173073,0.7060296929799144,False
CCL3L1,descriptive whole/cortical-kidney sensitivity including small studies,GSE142025_advanced;GSE166239;GSE111154;GSE199838,GSE111154;GSE199838,2.0,0.14172292137314346,0.0,0.4099998998847965,0.3466864312709053,0.5414333077776529,-4.263345853608736,4.546791696355023,-6.737839538234,7.021285380980287,0.752951210508163,0.8370181392420731,,,,,0.4099998998847965,0.0,0.8370181392420731,0.9362645757522047,False
CCL4,descriptive whole/cortical-kidney sensitivity including small studies,GSE142025_advanced;GSE166239;GSE111154;GSE199838,GSE142025_advanced;GSE166239;GSE111154;GSE199838,4.0,0.27754669335551063,0.0,0.023265880484261148,0.04290135441233039,0.2812621270762464,0.14101543651432288,0.41407795019669835,-0.6175549237745265,1.1726483104855476,0.007494221385471441,0.3965006089940447,0.09295706368334816,0.4621363230276731,-0.9326265654842412,1.4877199521952624,0.06979764145278344,0.0,0.3965006089940447,0.6520938763588853,False
CCL5,descriptive whole/cortical-kidney sensitivity including small studies,GSE142025_advanced;GSE166239;GSE111154;GSE199838,GSE142025_advanced;GSE166239;GSE111154;GSE199838,4.0,1.7661071766697367,0.7755400734567502,1.1426730905960936,0.6205639401318533,0.6205639401318533,-0.20880424179517987,3.741018595134653,-0.20880424179517987,3.741018595134653,0.06532492931786489,0.06532492931786489,-2.8692691861473625,6.4014835394868355,-2.8692691861473625,6.4014835394868355,7.040822891513059,57.391344076895166,0.06532492931786489,0.43880678261865175,False
CCL7,descriptive whole/cortical-kidney sensitivity including small studies,GSE142025_advanced;GSE166239;GSE111154;GSE199838,GSE111154,1.0,,,,,,,,,,,,,,,,,,1.0,1.0,False
CCNC,descriptive whole/cortical-kidney sensitivity including small studies,GSE142025_advanced;GSE166239;GSE111154;GSE199838,GSE142025_advanced;GSE166239;GSE111154;GSE199838,4.0,-0.6005668248966738,0.06399775402428597,1.1338985810461164,0.3465194609521239,0.3465194609521239,-1.7033464031126624,0.5022127533193148,-1.7033464031126624,0.5022127533193148,0.18149002615083148,0.18149002615083148,-2.44656777211792,1.2454341223245726,-2.44656777211792,1.2454341223245726,3.88829394666654,22.84533934035723,0.18149002615083148,0.5362516621739662,False
CCNK,descriptive whole/cortical-kidney sensitivity including small studies,GSE142025_advanced;GSE166239;GSE111154;GSE199838,GSE142025_advanced;GSE166239;GSE111154;GSE199838,4.0,-0.8485395474542905,0.3590258677200012,0.8260375542795327,0.3977790725626749,0.43766521891017257,-2.114450087250555,0.41737099234197417,-2.2413856063261544,0.5443065114175734,0.12263996756939574,0.14788731915928285,-3.9430235982499915,2.2459445033414105,-4.04114472813629,2.344065633227709,5.670946305939227,47.098776145031096,0.14788731915928285,0.496977557518105,False
CCNT1,descriptive whole/cortical-kidney sensitivity including small studies,GSE142025_advanced;GSE166239;GSE111154;GSE199838,GSE142025_advanced;GSE166239;GSE111154;GSE199838,4.0,-0.7385340323002736,0.3187857591180111,1.3778317025323992,0.5114092237433211,0.5114092237433211,-2.3660664268902147,0.8889983622896676,-2.3660664268902147,0.8889983622896676,0.24443482260838106,0.24443482260838106,-4.01625510053515,2.539187035934603,-4.01625510053515,2.539187035934603,5.84926916695464,48.7115413161621,0.24443482260838106,0.5816283690467094,False
CCNT2,descriptive whole/cortical-kidney sensitivity including small studies,GSE142025_advanced;GSE166239;GSE111154;GSE199838,GSE142025_advanced;GSE166239;GSE111154;GSE199838,4.0,0.1004826047657554,0.0,0.4742799238868052,0.19467571628556798,0.28267956254235044,-0.5190624092557097,0.7200276187872205,-0.7991299246263625,1.0000951341578732,0.6413804381787317,0.7457657811606729,-0.7371393973262754,0.9381046068577863,-1.1157893866514723,1.3167545961829832,1.4228397716604155,0.0,0.7457657811606729,0.8715441890280701,False
CCR1,descriptive whole/cortical-kidney sensitivity including small studies,GSE142025_advanced;GSE166239;GSE111154;GSE199838,GSE142025_advanced;GSE166239;GSE111154;GSE199838,4.0,0.1451180018181755,0.12946289956741003,0.7153280624696952,0.29480356922682543,0.3485620537771452,-0.7930785278521849,1.083314531488536,-0.9641620183870014,1.2543980220233524,0.6563117950919414,0.7051586910835523,-1.8562957021659199,2.146531705802271,-2.010328101917973,2.300564105554324,3.3123757986046654,9.430566384896705,0.7051586910835523,0.8442496255633356,False
CCR10,descriptive whole/cortical-kidney sensitivity including small studies,GSE142025_advanced;GSE166239;GSE111154;GSE199838,GSE142025_advanced;GSE111154;GSE199838,3.0,0.2567848613915392,0.0,0.5027870332769453,0.22929696812729186,0.3233748780185412,-0.7298003644446285,1.243370087227707,-1.1345849402473362,1.648154663030415,0.37919712144151274,0.5104026601590741,-2.6567093610179544,3.1702790838010326,-3.852082545247563,4.365652268030641,1.0055740665538906,0.0,0.5104026601590741,0.7060870722695318,False
CCR2,descriptive whole/cortical-kidney sensitivity including small studies,GSE142025_advanced;GSE166239;GSE111154;GSE199838,GSE142025_advanced;GSE166239;GSE111154;GSE199838,4.0,2.1315091226119227,0.6921249108570894,0.9439009479750683,0.5510095034117594,0.5671473121337072,0.3779509643029586,3.885067280920887,0.32659325456042065,3.9364249906634248,0.030560663382084317,0.0329283971485359,-2.1619613791681545,6.424979624392,-2.200689557698616,6.463707802922461,6.664506368749211,54.985413262302316,0.0329283971485359,0.4380293061545702,False
CCR3,descriptive whole/cortical-kidney sensitivity including small studies,GSE142025_advanced;GSE166239;GSE111154;GSE199838,GSE111154;GSE199838,2.0,-0.13570274877247177,0.0,0.0372411777513576,0.10340204006455578,0.5358181291795405,-1.449550239970856,1.1781447424259124,-6.943917599481813,6.67251210193687,0.4145164211028853,0.8420883250068705,,,,,0.0372411777513576,0.0,0.8420883250068705,0.9384930954728508,False
CCR4,descriptive whole/cortical-kidney sensitivity including small studies,GSE142025_advanced;GSE166239;GSE111154;GSE199838,GSE142025_advanced;GSE166239;GSE111154;GSE199838,4.0,1.8314517823548795,0.42706373310606205,0.9562077271433149,0.4781596973125987,0.4889864709651456,0.3097342203068236,3.3531693444029353,0.27527859449813286,3.3876249702116263,0.03135603429994835,0.033220965888400206,-1.652635523770217,5.3155390884799765,-1.6803445450680732,5.343248109777832,5.409121724139222,44.538131086754134,0.033220965888400206,0.4380293061545702,False
CCR5,descriptive whole/cortical-kidney sensitivity including small studies,GSE142025_advanced;GSE166239;GSE111154;GSE199838,GSE142025_advanced;GSE166239;GSE111154;GSE199838,4.0,2.0012097240367788,0.6272631047465288,1.0225381814350494,0.5568193528605019,0.5568193528605019,0.2291620318154095,3.773257416258148,0.2291620318154095,3.773257416258148,0.036918424324196404,0.036918424324196404,-2.164395681062881,6.166815129136438,-2.164395681062881,6.166815129136438,6.333154017336584,52.63023776482143,0.036918424324196404,0.4380293061545702,False
CCR6,descriptive whole/cortical-kidney sensitivity including small studies,GSE142025_advanced;GSE166239;GSE111154;GSE199838,GSE142025_advanced;GSE111154;GSE199838,3.0,1.0262875828750568,0.8253394430111549,0.9088436737606318,0.6270251849134535,0.65771900430072,-1.6715840406144749,3.7241592063645887,-1.8036488863875337,3.856224052137647,0.24332590666755205,0.25904251262216405,-12.999544014435667,15.05211918018578,-13.224692409231432,15.277267574981545,5.936896208220332,66.3123637359406,0.25904251262216405,0.5848621191027763,False
CCR7,descriptive whole/cortical-kidney sensitivity including small studies,GSE142025_advanced;GSE166239;GSE111154;GSE199838,GSE142025_advanced;GSE166239;GSE111154;GSE199838,4.0,1.2906125475959456,1.347631536871065,1.0068199920632006,0.6859945999009649,0.6859945999009649,-0.8925284323034555,3.4737535274953464,-0.8925284323034555,3.4737535274953464,0.15648232387798128,0.15648232387798128,-4.511144331298715,7.092369426490607,-4.511144331298715,7.092369426490607,11.083125836943953,72.93182407078746,0.15648232387798128,0.5021543426084399,False
CCR8,descriptive whole/cortical-kidney sensitivity including small studies,GSE142025_advanced;GSE166239;GSE111154;GSE199838,GSE111154;GSE199838,2.0,-0.7706115904108853,0.0,0.556569943822384,0.42629701703683304,0.5714160291897216,-6.187228767301438,4.646005586479667,-8.031140646827463,6.489917466005692,0.3216785111767857,0.40619218104227334,,,,,0.556569943822384,0.0,0.40619218104227334,0.6530769563780288,False
CCR9,descriptive whole/cortical-kidney sensitivity including small studies,GSE142025_advanced;GSE166239;GSE111154;GSE199838,GSE142025_advanced;GSE111154;GSE199838,3.0,-0.6595375927313499,0.0,1.1268142169229711,0.3561465402696668,0.3561465402696668,-2.1919124764134583,0.8728372909507586,-2.1919124764134583,0.8728372909507586,0.20524403115373768,0.20524403115373768,-5.184808449478021,3.8657332640153217,-5.184808449478021,3.8657332640153217,2.2536284338459422,11.254225853598733,0.20524403115373768,0.5614595538721774,False
CCRL2,descriptive whole/cortical-kidney sensitivity including small studies,GSE142025_advanced;GSE166239;GSE111154;GSE199838,GSE142025_advanced;GSE166239;GSE111154;GSE199838,4.0,0.5729929720729173,0.0,0.28321541954576307,0.15230862774607806,0.28619764641567413,0.08827894243957957,1.057707001706255,-0.33781567034353777,1.4838016144893724,0.032843867198359585,0.13904433791821164,-0.08233816086314005,1.2283241050089746,-0.6584161125253544,1.8044020566711891,0.8496462586372892,0.0,0.13904433791821164,0.4860344490623202,False
CD151,descriptive whole/cortical-kidney sensitivity including small studies,GSE142025_advanced;GSE166239;GSE111154;GSE199838,GSE142025_advanced;GSE166239;GSE111154;GSE199838,4.0,1.1924653259573708,0.5974348331511574,0.9762422876547863,0.5064080540605732,0.5125329564231399,-0.41915111465361266,2.804081766568354,-0.4386432875475863,2.823573939462328,0.09987409327664142,0.10246389203188722,-2.7834371265622493,5.168367778476991,-2.797940322146214,5.182870974060956,7.124863691182242,57.89393130828858,0.10246389203188722,0.4580891220256462,False
CD177,descriptive whole/cortical-kidney sensitivity including small studies,GSE142025_advanced;GSE166239;GSE111154;GSE199838,GSE142025_advanced;GSE111154;GSE199838,3.0,0.0027878073591316955,0.0,1.1688369225982183,0.3530508839440456,0.3530508839440456,-1.5162675421831766,1.52184315690144,-1.5162675421831766,1.52184315690144,0.9944165363964815,0.9944165363964815,-4.483149006321362,4.488724621039626,-4.483149006321362,4.488724621039626,2.3376738451964365,14.444865603912401,0.9944165363964815,1.0,False
CD19,descriptive whole/cortical-kidney sensitivity including small studies,GSE142025_advanced;GSE166239;GSE111154;GSE199838,GSE142025_advanced;GSE111154;GSE199838,3.0,1.2371365949152715,0.29776339866068896,0.855809257393542,0.4567714071959858,0.49375376504206053,-0.7281921471280397,3.202465336958583,-0.8873143900670246,3.3615875798975674,0.1135649888418972,0.1291424571346067,-7.804857218031995,10.279130407862539,-8.113423088902628,10.587696278733173,3.15114237249945,36.530954061157736,0.1291424571346067,0.4806586058002525,False
CD2,descriptive whole/cortical-kidney sensitivity including small studies,GSE142025_advanced;GSE166239;GSE111154;GSE199838,GSE142025_advanced;GSE166239;GSE111154,3.0,2.3906370543994875,1.52091521145635,1.019002131834497,0.8449760768097251,0.8449760768097251,-1.245001569058867,6.026275677857842,-1.245001569058867,6.026275677857842,0.10552164494654524,0.10552164494654524,-16.604606895780396,21.38588100457937,-16.604606895780396,21.38588100457937,7.282384870199975,72.53646936206107,0.10552164494654524,0.4590191555174718,False
CD244,descriptive whole/cortical-kidney sensitivity including small studies,GSE142025_advanced;GSE166239;GSE111154;GSE199838,GSE142025_advanced;GSE166239;GSE111154;GSE199838,4.0,1.0074844786532329,1.358590947638694,0.9229698647754515,0.6475877017863225,0.6740697406197719,-1.0534286102438166,3.0683975675502824,-1.1377062768857074,3.152675234192173,0.21762004776625257,0.2318769478123477,-4.729681091828386,6.744650049134851,-4.785875591473475,6.800844548779942,14.603073127344464,79.45637898380132,0.2318769478123477,0.5802860058245349,False
CD44,descriptive whole/cortical-kidney sensitivity including small studies,GSE142025_advanced;GSE166239;GSE111154;GSE199838,GSE142025_advanced;GSE166239;GSE111154;GSE199838,4.0,1.1341547956768552,0.5218827686605738,0.894121882409872,0.4619981040658343,0.488586914563701,-0.33612936365553714,2.6044389550092477,-0.42074682538636177,2.689056416740072,0.09128127545935485,0.1029622590960013,-2.5554170026479683,4.823726594001679,-2.6182911004765104,4.886600691830221,6.884239176439263,56.42219970701699,0.1029622590960013,0.4580891220256462,False
CD46,descriptive whole/cortical-kidney sensitivity including small studies,GSE142025_advanced;GSE166239;GSE111154;GSE199838,GSE142025_advanced;GSE166239;GSE111154;GSE199838,4.0,0.15028406598224567,1.4647846712312447,0.9415911952610602,0.6751252785362649,0.6957499360121584,-1.9982658822991246,2.298834014263616,-2.063902747281024,2.364470879245515,0.8381397960111047,0.8428387005650712,-5.812545031423416,6.113113163387907,-5.856275616325225,6.156843748289716,15.812857509182475,81.02809692518946,0.8428387005650712,0.9384930954728508,False
CD47,descriptive whole/cortical-kidney sensitivity including small studies,GSE142025_advanced;GSE166239;GSE111154;GSE199838,GSE142025_advanced;GSE166239;GSE111154;GSE199838,4.0,0.7464279664082236,0.0,0.12090475069460732,0.10123516026263418,0.2911452384304377,0.42425250466559944,1.0686034281508479,-0.18012612193566702,1.6729820547521141,0.00515780152360763,0.08294176734043482,0.3108482277575764,1.1820077050588709,-0.5062688884780571,1.9991248212945043,0.36271425208382196,0.0,0.08294176734043482,0.43880678261865175,False
CD48,descriptive whole/cortical-kidney sensitivity including small studies,GSE142025_advanced;GSE166239;GSE111154;GSE199838,GSE142025_advanced;GSE166239;GSE111154;GSE199838,4.0,1.958446345973482,1.5519506713113187,1.0439808192912727,0.7530469149401602,0.7530469149401602,-0.4380850261831253,4.3549777181300895,-0.4380850261831253,4.3549777181300895,0.08032747869804861,0.08032747869804861,-4.3048777006175545,8.221770392564519,-4.3048777006175545,8.221770392564519,10.697009996193934,71.95477987711128,0.08032747869804861,0.43880678261865175,False
CD55,descriptive whole/cortical-kidney sensitivity including small studies,GSE142025_advanced;GSE166239;GSE111154;GSE199838,GSE142025_advanced;GSE166239;GSE111154;GSE199838,4.0,0.052794865892602155,0.9563994030886386,0.8886914816552949,0.5540199954203121,0.5876922054000724,-1.7103440215860668,1.815933753371271,-1.817504021826892,1.9230937536120962,0.9300897525872367,0.9340805486681042,-4.783313224920324,4.888902956705529,-4.856344349619658,4.961934081404863,12.034424486863522,75.07151253244619,0.9340805486681042,1.0,False
CD58,descriptive whole/cortical-kidney sensitivity including small studies,GSE142025_advanced;GSE166239;GSE111154;GSE199838,GSE142025_advanced;GSE166239;GSE111154;GSE199838,4.0,-1.0034768585658813,1.0317570706055472,1.0110082010859884,0.615244362501871,0.615244362501871,-2.9614590068565905,0.9545052897248281,-2.9614590068565905,0.9545052897248281,0.20138289009260732,0.20138289009260732,-6.113106045406244,4.106152328274481,-6.113106045406244,4.106152328274481,9.883622760866382,69.64675734207175,0.20138289009260732,0.5614595538721774,False
CD59,descriptive whole/cortical-kidney sensitivity including small studies,GSE142025_advanced;GSE166239;GSE111154;GSE199838,GSE142025_advanced;GSE166239;GSE111154;GSE199838,4.0,0.9977148015598413,0.0,0.828138515305139,0.2733560310699721,0.3003842575114922,0.12777391045419018,1.8676556926654924,0.041758031077003044,1.9536715720426794,0.03549547472613316,0.04500494083124633,-0.17844127171685276,2.173870874836535,-0.29473434399574605,2.2901639471154285,2.484415545915417,0.0,0.04500494083124633,0.4380293061545702,False
CD74,descriptive whole/cortical-kidney sensitivity including small studies,GSE142025_advanced;GSE166239;GSE111154;GSE199838,GSE142025_advanced;GSE166239;GSE111154;GSE199838,4.0,1.3122924189223528,0.27383953032876873,0.9429187642413425,0.41064563958537853,0.42289259102614496,0.005434720442999863,2.6191501174017056,-0.03354054492065628,2.6581253827653617,0.04949519273955851,0.0531653462777186,-1.549762098304383,4.174346936149089,-1.5825893621841896,4.207174200028895,4.749612015456872,36.83694604449864,0.0531653462777186,0.4380293061545702,False
CD81,descriptive whole/cortical-kidney sensitivity including small studies,GSE142025_advanced;GSE166239;GSE111154;GSE199838,GSE142025_advanced;GSE166239;GSE111154;GSE199838,4.0,1.370905703359491,1.4878351672374526,1.065077803749551,0.7423816236339807,0.7423816236339807,-0.9916839518849911,3.7334953586039727,-0.9916839518849911,3.7334953586039727,0.1619659165875183,0.1619659165875183,-4.772953423327539,7.514764830046521,-4.772953423327539,7.514764830046521,10.146415174423488,70.43290710632233,0.1619659165875183,0.5088543429287531,False
CD84,descriptive whole/cortical-kidney sensitivity including small studies,GSE142025_advanced;GSE166239;GSE111154;GSE199838,GSE142025_advanced;GSE166239;GSE111154;GSE199838,4.0,1.9835765077422358,1.3152550213560996,1.0321056647779858,0.7046545598370337,0.7046545598370337,-0.2589487927124494,4.226101808196921,-0.2589487927124494,4.226101808196921,0.06701690915411593,0.06701690915411593,-3.8079172470937612,7.775070262578233,-3.8079172470937612,7.775070262578233,9.67902083948134,69.00512924031727,0.06701690915411593,0.43880678261865175,False
CD99,descriptive whole/cortical-kidney sensitivity including small studies,GSE142025_advanced;GSE166239;GSE111154;GSE199838,GSE166239;GSE111154;GSE199838,3.0,0.7063648928811729,0.045906261270549815,1.0838194987199494,0.45643092762371296,0.45643092762371296,-1.2574988838010746,2.6702286695634205,-1.2574988838010746,2.6702286695634205,0.2618002343777937,0.2618002343777937,-5.700327980930483,7.11305776669283,-5.700327980930483,7.11305776669283,2.3354339220335056,14.362809363556606,0.2618002343777937,0.5848621191027763,False
CD99L2,descriptive whole/cortical-kidney sensitivity including small studies,GSE142025_advanced;GSE166239;GSE111154;GSE199838,GSE142025_advanced;GSE166239;GSE111154;GSE199838,4.0,0.21253251174756174,0.0,0.34115729203997386,0.1648040731042906,0.2821568587911172,-0.311947601798894,0.7370126252940175,-0.685416541022686,1.1104815645178094,0.28761151566194426,0.5060266411615847,-0.49656218326844415,0.9216272067635676,-1.001490466947572,1.4265554904426956,1.0234718761199215,0.0,0.5060266411615847,0.7050157651770832,False
CDH1,descriptive whole/cortical-kidney sensitivity including small studies,GSE142025_advanced;GSE166239;GSE111154;GSE199838,GSE142025_advanced;GSE166239;GSE111154;GSE199838,4.0,-0.1613349972531738,0.11146638173597231,0.8449300867641881,0.31304673589280374,0.3405640425146914,-1.1575894252763517,0.8349194307700041,-1.2451617760665372,0.9224917815601895,0.6418663599538825,0.6680349648912853,-2.1305432886760665,1.807873294169719,-2.2133451413421774,1.8906751468358296,3.48815888459452,13.994743380253622,0.6680349648912853,0.8198610932756685,False
CDK8,descriptive whole/cortical-kidney sensitivity including small studies,GSE142025_advanced;GSE166239;GSE111154;GSE199838,GSE142025_advanced;GSE166239;GSE111154;GSE199838,4.0,-1.5179581558286832,0.0,0.5865100931032184,0.24744163795050647,0.3230985706437574,-2.3054278822976215,-0.730488429359745,-2.546202008216356,-0.4897143034410103,0.008710645888537417,0.018240568395077348,-2.582613594810108,-0.45330271684725854,-2.9081391027871955,-0.12777720887017097,1.7595302793096552,0.0,0.018240568395077348,0.4380293061545702,False
CDK9,descriptive whole/cortical-kidney sensitivity including small studies,GSE142025_advanced;GSE166239;GSE111154;GSE199838,GSE142025_advanced;GSE166239;GSE111154;GSE199838,4.0,0.5907083858850539,0.7751922884029312,1.0853883220759515,0.5758740671330785,0.5758740671330785,-1.2419799113713137,2.4233966831414215,-1.2419799113713137,2.4233966831414215,0.3804872760812752,0.3804872760812752,-3.935926102229997,5.117342874000105,-3.935926102229997,5.117342874000105,8.187125164104181,63.35710105968248,0.3804872760812752,0.6469885656062351,False
CDKN2B,descriptive whole/cortical-kidney sensitivity including small studies,GSE142025_advanced;GSE166239;GSE111154;GSE199838,GSE142025_advanced;GSE111154;GSE199838,3.0,0.4623173179684305,0.32591588474339944,0.8483335978355333,0.45033624570800707,0.4889377495619501,-1.4753231589322504,2.3999577948691115,-1.6414120248618527,2.5660466607987136,0.41254497152114855,0.4441830071650307,-8.776750417278048,9.70138505321491,-9.088286978035843,10.012921613972704,3.4803345554307645,42.53426019406177,0.4441830071650307,0.6650005633082582,False
CEACAM1,descriptive whole/cortical-kidney sensitivity including small studies,GSE142025_advanced;GSE166239;GSE111154;GSE199838,GSE142025_advanced;GSE166239;GSE111154;GSE199838,4.0,-0.25701206154102374,2.126086989650591,0.9623293783525245,0.7894199210743746,0.8047226207275591,-2.7692985726815236,2.255274449599476,-2.817998592653667,2.303974469571619,0.7661351249576481,0.7703863867566697,-7.391208364432516,6.877184241350469,-7.422789849346415,6.9087657262643685,20.39647903632003,85.29157902862599,0.7703863867566697,0.8883837125632876,False
CEACAM3,descriptive whole/cortical-kidney sensitivity including small studies,GSE142025_advanced;GSE166239;GSE111154;GSE199838,GSE142025_advanced;GSE111154;GSE199838,3.0,-0.5369273353271046,0.31315589761205864,0.8174675742500742,0.44929396578866043,0.49693011697282974,-2.470083243687646,1.3962285730334365,-2.6750450596149697,1.6011903889607604,0.3545600440625594,0.39289344122161224,-9.655530231600977,8.581675560946767,-10.046190508159219,8.972335837505009,3.117615564712197,35.84840855178915,0.39289344122161224,0.6517702637214458,False
CEACAM5,descriptive whole/cortical-kidney sensitivity including small studies,GSE142025_advanced;GSE166239;GSE111154;GSE199838,GSE111154;GSE199838,2.0,-0.4817168322875333,0.0,0.47045132973667403,0.37925509051358125,0.5529349841299127,-5.300609659589562,4.337175995014495,-7.50742194643571,6.543988281860643,0.4245924058799218,0.5437514156010709,,,,,0.47045132973667403,0.0,0.5437514156010709,0.7260448279786658,False
CEACAM6,descriptive whole/cortical-kidney sensitivity including small studies,GSE142025_advanced;GSE166239;GSE111154;GSE199838,GSE111154,1.0,,,,,,,,,,,,,,,,,,1.0,1.0,False
CEACAM8,descriptive whole/cortical-kidney sensitivity including small studies,GSE142025_advanced;GSE166239;GSE111154;GSE199838,GSE111154;GSE199838,2.0,-0.34147668003309783,0.0,0.5430355884814804,0.40409825111291403,0.5483689103780643,-5.476031792203917,4.793078432137722,-7.309164326249815,6.62621096618362,0.5533451145707008,0.6454324891657154,,,,,0.5430355884814804,0.0,0.6454324891657154,0.7971193044428314,False
CFB,descriptive whole/cortical-kidney sensitivity including small studies,GSE142025_advanced;GSE166239;GSE111154;GSE199838,GSE142025_advanced;GSE166239;GSE111154;GSE199838,4.0,0.5693800033453653,1.3397763067992292,0.9467045841104764,0.6560584339199815,0.6742722444707298,-1.5184907357334956,2.6572507424242264,-1.5764552098258615,2.715215216516592,0.4493130691790684,0.46044323272254223,-5.155232715216085,6.293992721906816,-5.194278874143425,6.333038880834156,13.712744007081332,78.12254062023776,0.46044323272254223,0.6716542493251231,False
CFD,descriptive whole/cortical-kidney sensitivity including small studies,GSE142025_advanced;GSE166239;GSE111154;GSE199838,GSE142025_advanced;GSE166239;GSE111154;GSE199838,4.0,1.9763247164137816,1.0395339109138217,0.8849091739761223,0.5997786917542266,0.6375902743668583,0.06756123485264731,3.885088197974916,-0.05277209652985215,4.005421529357415,0.04590221888476709,0.053308932955077756,-3.1133122601557233,7.0659616929832865,-3.1977028873406512,7.150352320168214,9.429021141488544,68.18333573567112,0.053308932955077756,0.4380293061545702,False
CFH,descriptive whole/cortical-kidney sensitivity including small studies,GSE142025_advanced;GSE166239;GSE111154;GSE199838,GSE142025_advanced;GSE166239;GSE111154;GSE199838,4.0,1.182902821251433,0.4713266395570106,0.8085839807293986,0.4314562809871124,0.47981545117348084,-0.1901836260674521,2.5559892685703183,-0.34408408855364647,2.7098897310565127,0.07123946958319433,0.0904384922514175,-2.305912270141431,4.671717912644297,-2.4209368115803462,4.786742454083212,6.438333577262959,53.404091850808555,0.0904384922514175,0.4510403785532477,False
CFHR1,descriptive whole/cortical-kidney sensitivity including small studies,GSE142025_advanced;GSE166239;GSE111154;GSE199838,GSE142025_advanced;GSE166239;GSE111154,3.0,1.3098993686177691,1.4051853133663814,0.9707302408739023,0.7609383829834182,0.772325210646945,-1.9641542420969766,4.583952979332515,-2.0131478072266376,4.632946544462175,0.2273144302891677,0.23196618112781536,-16.588324812011855,19.208123549247397,-16.666895242391476,19.286693979627017,10.189504666201504,80.37196050722679,0.23196618112781536,0.5802860058245349,False
CFHR2,descriptive whole/cortical-kidney sensitivity including small studies,GSE142025_advanced;GSE166239;GSE111154;GSE199838,GSE111154,1.0,,,,,,,,,,,,,,,,,,1.0,1.0,False
CFHR3,descriptive whole/cortical-kidney sensitivity including small studies,GSE142025_advanced;GSE166239;GSE111154;GSE199838,GSE111154;GSE199838,2.0,1.005119994089926,0.0,0.4616838583672602,0.39997367813620655,0.5886525997489285,-4.077027449389554,6.087267437569407,-6.474420456801456,8.484660444981307,0.24110446915340186,0.33728384322526733,,,,,0.4616838583672602,0.0,0.33728384322526733,0.617040301975197,False
CFHR4,descriptive whole/cortical-kidney sensitivity including small studies,GSE142025_advanced;GSE166239;GSE111154;GSE199838,GSE166239;GSE111154;GSE199838,3.0,0.39880047273221225,0.0,0.14746517549101923,0.1532243105882108,0.3990092281192635,-0.26047052548413224,1.0580714709485568,-1.3179976718303625,2.115598617294787,0.12133159527170972,0.4228511572477756,-1.548098988160814,2.3456999336252387,-4.671092471374182,5.468693416838606,0.29493035098203846,0.0,0.4228511572477756,0.6585807744276672,False
CFHR5,descriptive whole/cortical-kidney sensitivity including small studies,GSE142025_advanced;GSE166239;GSE111154;GSE199838,GSE111154,1.0,,,,,,,,,,,,,,,,,,1.0,1.0,False
CFI,descriptive whole/cortical-kidney sensitivity including small studies,GSE142025_advanced;GSE166239;GSE111154;GSE199838,GSE142025_advanced;GSE166239;GSE111154;GSE199838,4.0,-0.05079053242382286,0.972108689039148,0.916155063637892,0.5667123379246316,0.5920769781323637,-1.8543221184107588,1.752741053563113,-1.9350437239247065,1.8334626590770606,0.934234887710262,0.9370428779404923,-4.94385749702425,4.842276432176605,-4.999147655201053,4.897566590353408,11.747019750720925,74.46160759356954,0.9370428779404923,1.0,False
CFP,descriptive whole/cortical-kidney sensitivity including small studies,GSE142025_advanced;GSE166239;GSE111154;GSE199838,GSE142025_advanced;GSE166239;GSE111154;GSE199838,4.0,0.883442251807325,1.7550045458805594,0.9977408507310651,0.7492332422671353,0.7500809938015702,-1.5009523118414527,3.2678368154561026,-1.5036502355800139,3.270534739194664,0.323346120527287,0.3238038694563512,-5.665012856621995,7.431897360236644,-5.666809266458449,7.4336937700730985,14.175658105487019,78.83696137649666,0.3238038694563512,0.611172275670164,False
CGN,descriptive whole/cortical-kidney sensitivity including small studies,GSE142025_advanced;GSE166239;GSE111154;GSE199838,GSE142025_advanced;GSE166239;GSE111154;GSE199838,4.0,-1.0999569143984462,0.0,0.2570761570216172,0.15285035122620225,0.3014640583967277,-1.5863949499195906,-0.6135188788773018,-2.059350093218944,-0.14056373557794832,0.005530284813386167,0.035524209410894805,-1.7576188953450294,-0.4422949334518631,-2.3970520681804777,0.19713823938358543,0.7712284710648516,0.0,0.035524209410894805,0.4380293061545702,False
CITED2,descriptive whole/cortical-kidney sensitivity including small studies,GSE142025_advanced;GSE166239;GSE111154;GSE199838,GSE142025_advanced;GSE166239;GSE111154;GSE199838,4.0,-0.6181066317641836,0.0,0.6081794454196588,0.22566631636455972,0.2893682452381067,-1.336277566505561,0.10006430297719382,-1.5390055346886262,0.3027922711602591,0.0713965548596459,0.12230831987310088,-1.589070423882662,0.35285716035429493,-1.863157702040735,0.626944438512368,1.8245383362589764,0.0,0.12230831987310088,0.4764547983116318,False
CLU,descriptive whole/cortical-kidney sensitivity including small studies,GSE142025_advanced;GSE166239;GSE111154;GSE199838,GSE142025_advanced;GSE166239;GSE111154;GSE199838,4.0,1.4371480777795853,0.14221929136034656,1.0963868329883115,0.403448466832053,0.403448466832053,0.15319499513754176,2.721101160421629,0.15319499513754176,2.721101160421629,0.03776203723143074,0.03776203723143074,-0.9390304356145622,3.813326591173733,-0.9390304356145622,3.813326591173733,4.160313248211227,27.890045267868153,0.03776203723143074,0.4380293061545702,False
CMA1,descriptive whole/cortical-kidney sensitivity including small studies,GSE142025_advanced;GSE166239;GSE111154;GSE199838,GSE142025_advanced;GSE111154;GSE199838,3.0,-0.015619043035247429,0.0,0.5539296009659481,0.23986930577996352,0.3222904162726452,-1.0476933663325159,1.016455280262021,-1.4023227823828348,1.37108469631234,0.9540056074647368,0.9657518447942524,-3.063447552199556,3.032209466129061,-4.110707056702446,4.079468970631951,1.1078592019318962,0.0,0.9657518447942524,1.0,False
COL10A1,descriptive whole/cortical-kidney sensitivity including small studies,GSE142025_advanced;GSE166239;GSE111154;GSE199838,GSE142025_advanced;GSE166239;GSE111154;GSE199838,4.0,-0.1986979091001555,0.210658487602194,1.1945356854109894,0.4246349166172639,0.4246349166172639,-1.5500757305832222,1.1526799123829112,-1.5500757305832222,1.1526799123829112,0.6717335148568871,0.6717335148568871,-2.889054489265889,2.4916586710655784,-2.889054489265889,2.4916586710655784,5.004022901036069,40.04823600269978,0.6717335148568871,0.8205418754024066,False
COL11A1,descriptive whole/cortical-kidney sensitivity including small studies,GSE142025_advanced;GSE166239;GSE111154;GSE199838,GSE142025_advanced;GSE166239;GSE111154;GSE199838,4.0,0.3225236393998291,0.01616665914951041,0.8304303668263534,0.26809574790762686,0.2941970509577764,-0.5306766829910703,1.1757239617907285,-0.6137426784461091,1.2587899572457673,0.3152513782971198,0.3530728247273318,-0.9541539015520509,1.599201180351709,-1.0564652429297317,1.70151252172939,2.625785783072007,0.0,0.3530728247273318,0.6199275618356702,False
COL11A2,descriptive whole/cortical-kidney sensitivity including small studies,GSE142025_advanced;GSE166239;GSE111154;GSE199838,GSE166239;GSE111154;GSE199838,3.0,-0.5934667056039098,0.7561006136363374,0.9473649144665279,0.6461725242211235,0.6638803880838077,-3.373722680833027,2.1867892696252076,-3.449913469619837,2.262980058412017,0.4553472823989962,0.4656871572337896,-14.358688581419258,13.17175517021144,-14.494065043104879,13.307131631897057,4.761957586952195,58.00046591174988,0.4656871572337896,0.6736063414831326,False
COL12A1,descriptive whole/cortical-kidney sensitivity including small studies,GSE142025_advanced;GSE166239;GSE111154;GSE199838,GSE142025_advanced;GSE166239;GSE111154;GSE199838,4.0,0.41358754428084826,0.0,0.7096687788525536,0.24155544136467055,0.28674045850405866,-0.3551496776113228,1.1823247661730194,-0.4989485684607496,1.3261236570224462,0.1853832196514831,0.24488028948072108,-0.6257416348926874,1.452916723454384,-0.8201570722312519,1.6473321607929485,2.129006336557661,0.0,0.24488028948072108,0.5816283690467094,False
COL13A1,descriptive whole/cortical-kidney sensitivity including small studies,GSE142025_advanced;GSE166239;GSE111154;GSE199838,GSE142025_advanced;GSE166239;GSE111154;GSE199838,4.0,0.4523810146051861,0.4779487333773099,0.8310847116397396,0.43137471227010854,0.47318616254219287,-0.9204458446516433,1.8252078738620154,-1.0535085400885915,1.9582705692989637,0.3713526563628093,0.4095854423833595,-3.05377377998395,3.9585358091943226,-3.152240306132221,4.057002335342593,6.911478551365336,56.59394762344504,0.4095854423833595,0.65450081915545,False
COL14A1,descriptive whole/cortical-kidney sensitivity including small studies,GSE142025_advanced;GSE166239;GSE111154;GSE199838,GSE142025_advanced;GSE166239;GSE111154;GSE199838,4.0,2.4638922631401914,0.05314287571804354,0.8255950212433353,0.3661810682955605,0.40300678198727996,1.2985406752781437,3.629243851002239,1.1813448188004956,3.746439707479887,0.006701851365939322,0.008794669412423455,0.6021236853116436,4.325660840968739,0.4662500570596577,4.461534469220725,2.7260292861579694,0.0,0.008794669412423455,0.4380293061545702,False
COL15A1,descriptive whole/cortical-kidney sensitivity including small studies,GSE142025_advanced;GSE166239;GSE111154;GSE199838,GSE142025_advanced;GSE166239;GSE111154;GSE199838,4.0,1.6644047869970329,0.9166588284029006,1.0141819729711445,0.6067366835414023,0.6067366835414023,-0.26650212981939303,3.5953117038134588,-0.26650212981939303,3.5953117038134588,0.07114645930485447,0.07114645930485447,-3.2125875164428788,6.541397090436945,-3.2125875164428788,6.541397090436945,8.29639702111667,63.83972473395193,0.07114645930485447,0.43880678261865175,False
COL16A1,descriptive whole/cortical-kidney sensitivity including small studies,GSE142025_advanced;GSE166239;GSE111154;GSE199838,GSE142025_advanced;GSE166239;GSE111154;GSE199838,4.0,2.5858263569164683,2.5363522056332832,1.1062568829700565,0.9874181919004197,0.9874181919004197,-0.5565790196669416,5.728231733499879,-0.5565790196669416,5.728231733499879,0.07908476474762337,0.07908476474762337,-5.476737426237577,10.648390140070514,-5.476737426237577,10.648390140070514,10.298480152894458,70.86948796850542,0.07908476474762337,0.43880678261865175,False
COL17A1,descriptive whole/cortical-kidney sensitivity including small studies,GSE142025_advanced;GSE166239;GSE111154;GSE199838,GSE142025_advanced;GSE166239;GSE111154;GSE199838,4.0,0.6340626337987652,1.5457989022612166,1.0058330379747928,0.7116353259421886,0.7116353259421886,-1.6306785799553198,2.89880384755285,-1.6306785799553198,2.89880384755285,0.4385732533726873,0.4385732533726873,-5.529738931751307,6.797864199348837,-5.529738931751307,6.797864199348837,13.702469779960895,78.10613671713888,0.4385732533726873,0.6616625383252681,False
COL18A1,descriptive whole/cortical-kidney sensitivity including small studies,GSE142025_advanced;GSE166239;GSE111154;GSE199838,GSE142025_advanced;GSE166239;GSE111154;GSE199838,4.0,0.32131814685145893,2.97467869609082,1.1885008061566726,1.048414100212584,1.048414100212584,-3.015203432777422,3.6578397264803395,-3.015203432777422,3.6578397264803395,0.7792788092734512,0.7792788092734512,-8.36306260577402,9.005698899476938,-8.36306260577402,9.005698899476938,12.48808350828051,75.97709850345908,0.7792788092734512,0.8959989833496509,False
COL19A1,descriptive whole/cortical-kidney sensitivity including small studies,GSE142025_advanced;GSE166239;GSE111154;GSE199838,GSE142025_advanced;GSE166239;GSE111154;GSE199838,4.0,-1.0168552758140914,0.7021349401120457,0.9948958498583745,0.5352380816015376,0.5366093007864239,-2.7202217310540444,0.6865111794258616,-2.72458556248272,0.6908750108545372,0.1536590104610501,0.15439632570707804,-5.29494448876996,3.2612339371417773,-5.298123347792219,3.264412796164037,7.857477016523706,61.819805598015535,0.15439632570707804,0.5016278963844071,False
COL1A1,descriptive whole/cortical-kidney sensitivity including small studies,GSE142025_advanced;GSE166239;GSE111154;GSE199838,GSE142025_advanced;GSE166239;GSE111154;GSE199838,4.0,1.550770930940201,1.0033484836325783,1.021798581806249,0.62488199972195,0.62488199972195,-0.43788248031321375,3.5394243421936156,-0.43788248031321375,3.5394243421936156,0.08913559885726462,0.08913559885726462,-3.528958442996442,6.630500304876843,-3.528958442996442,6.630500304876843,8.895805960311296,66.27624283415666,0.08913559885726462,0.44748037647941746,False
COL1A2,descriptive whole/cortical-kidney sensitivity including small studies,GSE142025_advanced;GSE166239;GSE111154;GSE199838,GSE142025_advanced;GSE166239;GSE111154;GSE199838,4.0,1.8531574480585515,0.8022019852540763,0.9708164471710624,0.5722266882266787,0.5807638109847791,0.03207673832682589,3.674238157790277,0.0049078035475556,3.7014070925695473,0.04790537328786222,0.04967692188594618,-2.7199073820550854,6.4262222781721885,-2.7397879829297818,6.446102879046885,7.625596815593605,60.65881697462301,0.04967692188594618,0.4380293061545702,False
COL20A1,descriptive whole/cortical-kidney sensitivity including small studies,GSE142025_advanced;GSE166239;GSE111154;GSE199838,GSE111154;GSE199838,2.0,-0.6179633954373827,0.04681614130024037,0.99999999480085,0.590827643223789,0.5908276447596899,-8.125140394030423,6.889213603155658,-8.125140413545893,6.889213622671128,0.4857111321767823,0.4857111330034192,,,,,1.066243152318418,6.212762274194224,0.4857111330034192,0.6869015148558355,False
COL21A1,descriptive whole/cortical-kidney sensitivity including small studies,GSE142025_advanced;GSE166239;GSE111154;GSE199838,GSE142025_advanced;GSE166239;GSE111154;GSE199838,4.0,0.4627228881329059,0.1368060733984368,1.3656587932410265,0.4271175570919397,0.4271175570919397,-0.8965558033561407,1.8220015796219526,-0.8965558033561407,1.8220015796219526,0.3579479598307058,0.3579479598307058,-1.9683158118073314,2.893761588073143,-1.9683158118073314,2.893761588073143,4.968741148046592,39.62253394545582,0.3579479598307058,0.6242165981012087,False
COL22A1,descriptive whole/cortical-kidney sensitivity including small studies,GSE142025_advanced;GSE166239;GSE111154;GSE199838,GSE142025_advanced;GSE166239;GSE111154;GSE199838,4.0,0.1712316722778712,0.0,1.3333483395955001,0.3326520019560621,0.3326520019560621,-0.8874154622924274,1.2298788068481699,-0.8874154622924274,1.2298788068481699,0.6422530412066354,0.6422530412066354,-1.2600543719950026,1.6025177165507452,-1.2600543719950026,1.6025177165507452,4.0000450187865,25.000844092746878,0.6422530412066354,0.7957027393430309,False
COL23A1,descriptive whole/cortical-kidney sensitivity including small studies,GSE142025_advanced;GSE166239;GSE111154;GSE199838,GSE142025_advanced;GSE166239;GSE111154;GSE199838,4.0,0.461953417670683,0.20382603386406412,0.8702630131676158,0.3589025786126958,0.3847258037152316,-0.6802347675920863,1.6041416029334523,-0.7624157949101606,1.6863226302515266,0.28836697804782324,0.3160158234873155,-2.0195886093597295,2.943495444701096,-2.090212399875827,3.0141192352171933,4.295354498576258,30.15710342430683,0.3160158234873155,0.6068235488925169,False
COL24A1,descriptive whole/cortical-kidney sensitivity including small studies,GSE142025_advanced;GSE166239;GSE111154;GSE199838,GSE142025_advanced;GSE166239;GSE111154;GSE199838,4.0,-0.7193520604638078,0.7841231229038705,0.9213425886498209,0.5262326935132684,0.5482356247143005,-2.3940593516546027,0.9553552307269869,-2.464082498760739,1.0253783778331234,0.2650531682200604,0.2808458693059276,-5.151385068510044,3.7126809475824283,-5.200488808087513,3.7617846871598974,9.526279828570807,68.50816841425832,0.2808458693059276,0.5951657374497812,False
COL25A1,descriptive whole/cortical-kidney sensitivity including small studies,GSE142025_advanced;GSE166239;GSE111154;GSE199838,GSE142025_advanced;GSE166239;GSE111154;GSE199838,4.0,0.5425783929653324,0.4079828687037477,0.907263688043594,0.43742260661929916,0.45923444992024437,-0.849495565317825,1.9346523512484897,-0.9189105854423453,2.00406737137301,0.3029971148295831,0.3225384611613422,-2.788356852463789,3.873513638394454,-2.842269993441392,3.927426779372057,5.883432891127666,49.009361447394774,0.3225384611613422,0.611172275670164,False
COL26A1,descriptive whole/cortical-kidney sensitivity including small studies,GSE142025_advanced;GSE166239;GSE111154;GSE199838,GSE142025_advanced;GSE166239;GSE111154;GSE199838,4.0,0.30886115642520934,0.0,0.045656338381060285,0.06017805672549932,0.28163564506652966,0.11734772213999065,0.500374590710428,-0.5874291616529617,1.2051514745033804,0.014325598271394858,0.35292863670919034,0.0499358763842217,0.567786436466197,-0.9029192206150451,1.5206415334654637,0.13696901514318086,0.0,0.35292863670919034,0.6199275618356702,False
COL27A1,descriptive whole/cortical-kidney sensitivity including small studies,GSE142025_advanced;GSE166239;GSE111154;GSE199838,GSE142025_advanced;GSE166239;GSE111154;GSE199838,4.0,0.3920759564974703,1.0016872482275638,1.2104878565955215,0.6735615411047797,0.6735615411047797,-1.751497481372636,2.5356493943675766,-1.751497481372636,2.5356493943675766,0.6013615202548872,0.6013615202548872,-4.798593362706107,5.582745275701049,-4.798593362706107,5.582745275701049,8.145874558469405,63.17154188335924,0.6013615202548872,0.7668828507484962,False
COL28A1,descriptive whole/cortical-kidney sensitivity including small studies,GSE142025_advanced;GSE166239;GSE111154;GSE199838,GSE142025_advanced;GSE166239;GSE111154;GSE199838,4.0,-0.003635285603897417,0.0,0.7701274372260789,0.24892895879298,0.28365740432635267,-0.7958383307927369,0.7885677595849422,-0.9063597439686653,0.8990891727608705,0.9892652478008762,0.99057941108921,-1.0746901496682042,1.0674195784604092,-1.2241145906423256,1.2168440194345307,2.3103823116782367,0.0,0.99057941108921,1.0,False
COL2A1,descriptive whole/cortical-kidney sensitivity including small studies,GSE142025_advanced;GSE166239;GSE111154;GSE199838,GSE111154;GSE199838,2.0,-0.7890466717844649,4.353930755877814,0.999999986658721,1.6324117968162648,1.6324118077054957,-21.530805175878733,19.952711832309802,-21.53080531423953,19.9527119706706,0.7133624239679456,0.7133624256318652,,,,,5.277460392317001,81.05149208782669,0.7133624256318652,0.8514676513258392,False
COL3A1,descriptive whole/cortical-kidney sensitivity including small studies,GSE142025_advanced;GSE166239;GSE111154;GSE199838,GSE142025_advanced;GSE166239;GSE111154;GSE199838,4.0,1.774059463169669,1.599163841447553,0.9815772266371455,0.7267562094735543,0.7335445827789819,-0.5388031505114366,4.086922076850774,-0.560406784056181,4.108525710395519,0.09241236301506887,0.09429763382215092,-4.501530908623484,8.049649834962821,-4.5161355531307645,8.064254479470103,12.44784841712257,75.89944945125323,0.09429763382215092,0.456914220824969,False
COL4A1,descriptive whole/cortical-kidney sensitivity including small studies,GSE142025_advanced;GSE166239;GSE111154;GSE199838,GSE142025_advanced;GSE166239;GSE111154;GSE199838,4.0,1.3853912084825029,0.5428490901584886,1.1117447975919088,0.5387040893019746,0.5387040893019746,-0.3290056301577906,3.0997880471227965,-0.3290056301577906,3.0997880471227965,0.08237054307672294,0.08237054307672294,-2.5417104052027772,5.3124928221677825,-2.5417104052027772,5.3124928221677825,6.228105563801643,51.83125961389781,0.08237054307672294,0.43880678261865175,False
COL4A2,descriptive whole/cortical-kidney sensitivity including small studies,GSE142025_advanced;GSE166239;GSE111154;GSE199838,GSE142025_advanced;GSE166239;GSE111154;GSE199838,4.0,1.4945476501702901,1.1029592175964786,1.0678407869546083,0.6711158556785448,0.6711158556785448,-0.641242525151209,3.6303378254917895,-0.641242525151209,3.6303378254917895,0.11231357633210803,0.11231357633210803,-3.868007285638706,6.857102585979286,-3.868007285638706,6.857102585979286,8.198782088017696,63.40919946653515,0.11231357633210803,0.4696704517454301,False
COL4A3,descriptive whole/cortical-kidney sensitivity including small studies,GSE142025_advanced;GSE166239;GSE111154;GSE199838,GSE142025_advanced;GSE166239;GSE111154;GSE199838,4.0,-0.3865401138577506,0.7502537704603137,1.0179470185427038,0.55217246838866,0.55217246838866,-2.1437993457606264,1.3707191180451253,-2.1437993457606264,1.3707191180451253,0.5343079284155785,0.5343079284155785,-4.806242517783646,4.0331622900681445,-4.806242517783646,4.0331622900681445,8.69155881965142,65.48375196843784,0.5343079284155785,0.7213157033610309,False
COL4A4,descriptive whole/cortical-kidney sensitivity including small studies,GSE142025_advanced;GSE166239;GSE111154;GSE199838,GSE142025_advanced;GSE166239;GSE111154;GSE199838,4.0,0.9120854574775865,1.8463289193568437,1.130591946921591,0.8294445340353562,0.8294445340353562,-1.7275772353009995,3.5517481502561727,-1.7275772353009995,3.5517481502561727,0.35181981833016035,0.35181981833016035,-5.937525733949743,7.761696648904916,-5.937525733949743,7.761696648904916,10.246650819925982,70.72214079779025,0.35181981833016035,0.6199275618356702,False
COL4A5,descriptive whole/cortical-kidney sensitivity including small studies,GSE142025_advanced;GSE166239;GSE111154;GSE199838,GSE142025_advanced;GSE166239;GSE111154;GSE199838,4.0,-0.005542622282120817,0.0,1.2209046564976347,0.3162488772416777,0.3162488772416777,-1.011987693210019,1.0009024486457772,-1.011987693210019,1.0009024486457772,0.9871173223656186,0.9871173223656186,-1.366251717226228,1.3551664726619863,-1.366251717226228,1.3551664726619863,3.6627139694929043,18.09352231740487,0.9871173223656186,1.0,False
COL4A6,descriptive whole/cortical-kidney sensitivity including small studies,GSE142025_advanced;GSE166239;GSE111154;GSE199838,GSE142025_advanced;GSE166239;GSE111154;GSE199838,4.0,-0.010349194907948996,0.1661365682649706,1.0439953729734408,0.37444395144883547,0.37444395144883547,-1.2019969647321276,1.1812985749162295,-1.2019969647321276,1.1812985749162295,0.9796859964495106,0.9796859964495106,-2.3917998152718174,2.3711014254559193,-2.3917998152718174,2.3711014254559193,4.400333240423751,31.823345276661346,0.9796859964495106,1.0,False
COL5A1,descriptive whole/cortical-kidney sensitivity including small studies,GSE142025_advanced;GSE166239;GSE111154;GSE199838,GSE142025_advanced;GSE166239;GSE111154;GSE199838,4.0,1.9766411241931008,1.132941787083831,1.0230565453383873,0.6731554511522525,0.6731554511522525,-0.1656399542079725,4.118922202594174,-0.1656399542079725,4.118922202594174,0.06068710835853399,0.06068710835853399,-3.442105525802898,7.3953877741891,-3.442105525802898,7.3953877741891,8.240096283539676,63.592658425693806,0.06068710835853399,0.43880678261865175,False
COL5A2,descriptive whole/cortical-kidney sensitivity including small studies,GSE142025_advanced;GSE166239;GSE111154;GSE199838,GSE142025_advanced;GSE166239;GSE111154;GSE199838,4.0,1.127285415825493,0.3687055505756297,0.8508022241386756,0.41133637228371583,0.4459465467766743,-0.18177050237762216,2.436341334028608,-0.2919155243179623,2.5464863559689483,0.071305767189159,0.08558535056611388,-2.028361060976951,4.2829318926279365,-2.1142255345700622,4.368796366221049,5.595439194481282,46.38490571108581,0.08558535056611388,0.44379688406137197,False
COL5A3,descriptive whole/cortical-kidney sensitivity including small studies,GSE142025_advanced;GSE166239;GSE111154;GSE199838,GSE142025_advanced;GSE166239;GSE111154;GSE199838,4.0,0.5785009265979332,0.0,0.27612571972937233,0.15057937449381914,0.2865576838816005,0.09929015258814666,1.0577117006077197,-0.3334535157217231,1.4904553689175895,0.031110971573061228,0.1368154639693665,-0.06938983011186428,1.2263916833077306,-0.6544572741859186,1.8114591273817848,0.828377159188117,0.0,0.1368154639693665,0.48096740403921834,False
COL6A1,descriptive whole/cortical-kidney sensitivity including small studies,GSE142025_advanced;GSE166239;GSE111154;GSE199838,GSE142025_advanced;GSE166239;GSE111154;GSE199838,4.0,-0.2516788454422699,0.3325805763239639,0.9168305395422921,0.40768813712152663,0.4257783150452079,-1.5491244511326698,1.0457667602481302,-1.6066954710278143,1.1033377801432747,0.5807074917824091,0.5960315689534978,-3.2904307809137197,2.7870730900291796,-3.3360169301825624,2.8326592392980223,5.63502080060851,46.7615097414363,0.5960315689534978,0.7650700303124406,False
COL6A2,descriptive whole/cortical-kidney sensitivity including small studies,GSE142025_advanced;GSE166239;GSE111154;GSE199838,GSE142025_advanced;GSE166239;GSE111154;GSE199838,4.0,1.439789989720368,0.0,0.8994648294293572,0.30518677418133167,0.3217907941527524,0.46854946780553586,2.4110305116352,0.41570806579463104,2.463871913646105,0.018035724671422493,0.020808053444325278,0.12667728270562884,2.7529026967351076,0.0552359508507807,2.8243440285899553,2.6983944882880717,0.0,0.020808053444325278,0.4380293061545702,False
COL6A3,descriptive whole/cortical-kidney sensitivity including small studies,GSE142025_advanced;GSE166239;GSE111154;GSE199838,GSE142025_advanced;GSE166239;GSE111154;GSE199838,4.0,1.8199510608114446,1.0517432510989482,0.961322715213042,0.6176847746799682,0.6299880249862297,-0.14579756819881973,3.7856996898217092,-0.18495200167896253,3.8248541233018516,0.060198521224050186,0.06307126398494434,-3.3311666234382846,6.9710687450611735,-3.3586774416344323,6.998579563257321,9.37985511614717,68.01656355186574,0.06307126398494434,0.43880678261865175,False
COL6A5,descriptive whole/cortical-kidney sensitivity including small studies,GSE142025_advanced;GSE166239;GSE111154;GSE199838,GSE142025_advanced;GSE111154;GSE199838,3.0,1.0776498654065116,1.748512498434095,0.9592988167232903,0.8431396242064721,0.8608402114589577,-2.5500871402454015,4.705386871058424,-2.6262466203054764,4.7815463511185,0.32948695689211493,0.3371816650339175,-18.848810590503003,21.004110321316023,-18.970624877780946,21.125924608593966,10.626071234103982,81.17836822342134,0.3371816650339175,0.617040301975197,False
COL6A6,descriptive whole/cortical-kidney sensitivity including small studies,GSE142025_advanced;GSE166239;GSE111154;GSE199838,GSE142025_advanced;GSE166239;GSE111154;GSE199838,4.0,1.099410852532939,0.0,0.2910807926979886,0.16333387727317794,0.3027397842809721,0.5796095582772512,1.6192121467886267,0.13595774458557253,2.062863960480305,0.006694908704728035,0.035954602225134406,0.3966418996229363,1.8021798054429414,-0.2031733067073489,2.4019950117732267,0.8732423780939658,0.0,0.035954602225134406,0.4380293061545702,False
COL7A1,descriptive whole/cortical-kidney sensitivity including small studies,GSE142025_advanced;GSE166239;GSE111154;GSE199838,GSE142025_advanced;GSE166239;GSE111154;GSE199838,4.0,1.3093062015286143,3.8779453848314396,1.109590433247604,1.1251265577016667,1.1251265577016667,-2.2713486550056317,4.88996105806286,-2.2713486550056317,4.88996105806286,0.32868692140400774,0.32868692140400774,-8.449139742421446,11.067752145478673,-8.449139742421446,11.067752145478673,14.585043768643036,79.4309839066111,0.32868692140400774,0.6116607290425718,False
COL8A1,descriptive whole/cortical-kidney sensitivity including small studies,GSE142025_advanced;GSE166239;GSE111154;GSE199838,GSE142025_advanced;GSE166239;GSE111154;GSE199838,4.0,1.661221194726956,1.0526051447207798,1.0234226169561322,0.6447383569010398,0.6447383569010398,-0.3906240070674467,3.7130663965213584,-0.3906240070674467,3.7130663965213584,0.08202277061433122,0.08202277061433122,-3.5524377024906775,6.874880091944589,-3.5524377024906775,6.874880091944589,8.841575537207483,66.06939580649086,0.08202277061433122,0.43880678261865175,False
COL8A2,descriptive whole/cortical-kidney sensitivity including small studies,GSE142025_advanced;GSE166239;GSE111154;GSE199838,GSE142025_advanced;GSE166239;GSE111154;GSE199838,4.0,1.3647366754606185,1.4486129548856614,0.9663753510532289,0.6851926334221825,0.6970112104145164,-0.8158520891814203,3.5453254401026575,-0.8534640758643841,3.5829374267856213,0.14044430184346657,0.14513751186656784,-4.594246140084193,7.323719491005431,-4.619567440718167,7.349040791639404,12.90712130559388,76.757017084051,0.14513751186656784,0.4947775897934141,False
COL9A1,descriptive whole/cortical-kidney sensitivity including small studies,GSE142025_advanced;GSE166239;GSE111154;GSE199838,GSE166239;GSE111154;GSE199838,3.0,-0.7819380795450546,0.0,0.9274455113449862,0.40715975266353877,0.42278604113815804,-2.533805100786945,0.9699289416968362,-2.6010395935481183,1.0371634344580094,0.19477007819634842,0.20562113959825817,-5.955393257218228,4.391517098128119,-6.153944077843267,4.590067918753158,1.8548910226899724,0.0,0.20562113959825817,0.5614595538721774,False
COL9A2,descriptive whole/cortical-kidney sensitivity including small studies,GSE142025_advanced;GSE166239;GSE111154;GSE199838,GSE142025_advanced;GSE166239;GSE111154;GSE199838,4.0,0.41054293675589937,0.0,0.44971808334227514,0.19142711393175094,0.28545212223200733,-0.19866357470732476,1.0197494482191236,-0.4978931149767457,1.3189789884885443,0.12131970428808977,0.24594808900695225,-0.41310145755061,1.2341873310624087,-0.817658416178424,1.638744289690223,1.3491542500268254,0.0,0.24594808900695225,0.5816283690467094,False
COL9A3,descriptive whole/cortical-kidney sensitivity including small studies,GSE142025_advanced;GSE166239;GSE111154;GSE199838,GSE142025_advanced;GSE166239;GSE111154;GSE199838,4.0,0.10684169704742567,0.0,0.6516884615230331,0.2287034271478728,0.283303967622046,-0.6209946796850438,0.8346780737798951,-0.7947579679835699,1.0084413620784212,0.6722213165543562,0.7311759144068293,-0.8771897280734265,1.090873122168278,-1.1121168925904237,1.3258002866852752,1.955065384569099,0.0,0.7311759144068293,0.8661282011808583,False
COLEC10,descriptive whole/cortical-kidney sensitivity including small studies,GSE142025_advanced;GSE166239;GSE111154;GSE199838,GSE142025_advanced;GSE166239;GSE111154;GSE199838,4.0,0.6815754410643066,0.0,0.4579235145358347,0.1968182210993507,0.2908498402315895,0.05521202051416596,1.3079388616144472,-0.2440385583730721,1.6071894405016853,0.040552641038840376,0.10090982372719275,-0.16526501521324788,1.5284158973418611,-0.5698504179553369,1.93300130008395,1.373770543607504,0.0,0.10090982372719275,0.4580891220256462,False
COLEC11,descriptive whole/cortical-kidney sensitivity including small studies,GSE142025_advanced;GSE166239;GSE111154;GSE199838,GSE142025_advanced;GSE166239;GSE111154;GSE199838,4.0,-0.9889735942594873,0.0,0.9227016132706304,0.29065502215646205,0.302584858179081,-1.913967595633474,-0.06397959288550037,-1.9519336582062983,-0.02601353031267628,0.04238126426360771,0.04683291705630859,-2.2395612187563794,0.2616140302374046,-2.2908911602845636,0.3129439717655893,2.7681048398118913,0.0,0.04683291705630859,0.4380293061545702,False
COLGALT1,descriptive whole/cortical-kidney sensitivity including small studies,GSE142025_advanced;GSE166239;GSE111154;GSE199838,GSE142025_advanced;GSE166239;GSE111154;GSE199838,4.0,1.2187032659433372,1.28924948439124,1.0119991822646413,0.6722620680499879,0.6722620680499879,-0.9207346687047311,3.3581412005914055,-0.9207346687047311,3.3581412005914055,0.16751442013788032,0.16751442013788032,-4.458819053372211,6.896225585258885,-4.458819053372211,6.896225585258885,11.050017128999484,72.85072081809855,0.16751442013788032,0.5118883960563447,False
COLGALT2,descriptive whole/cortical-kidney sensitivity including small studies,GSE142025_advanced;GSE166239;GSE111154;GSE199838,GSE142025_advanced;GSE166239;GSE111154;GSE199838,4.0,-0.357911409622135,0.0,0.3314396905625685,0.16314595292284437,0.2833831656962378,-0.8771146447234308,0.1612918254791607,-1.2597631182717277,0.5439402990274576,0.11584041887874323,0.2958287739047521,-1.0598717893131886,0.3440489700689185,-1.5772107610700965,0.8613879418258266,0.9943190716877055,0.0,0.2958287739047521,0.5983180274629728,False
COMP,descriptive whole/cortical-kidney sensitivity including small studies,GSE142025_advanced;GSE166239;GSE111154;GSE199838,GSE142025_advanced;GSE166239;GSE111154;GSE199838,4.0,1.5464313943743568,0.43061978943082985,1.0099726918754046,0.48204407144837746,0.48204407144837746,0.012352020209552395,3.0805107685391615,0.012352020209552395,3.0805107685391615,0.04902843474757029,0.04902843474757029,-1.956959239663988,5.049822028412702,-1.956959239663988,5.049822028412702,5.681271099643253,47.19491558520451,0.04902843474757029,0.4380293061545702,False
CPB2,descriptive whole/cortical-kidney sensitivity including small studies,GSE142025_advanced;GSE166239;GSE111154;GSE199838,GSE111154;GSE199838,2.0,-0.13731268510780156,0.8638349466925845,1.000000015961732,0.8716646080831596,0.8716646080831596,-11.212861656689903,10.9382362864743,-11.212861656689903,10.9382362864743,0.9005311685887393,0.9005311685887393,,,,,2.308266947883229,56.677454446200905,0.9005311685887393,0.9831283192612434,False
CPN1,descriptive whole/cortical-kidney sensitivity including small studies,GSE142025_advanced;GSE166239;GSE111154;GSE199838,GSE111154;GSE199838,2.0,-1.1510701045643177,3.463185725488249,1.0000000112403418,1.4967856834765614,1.4967856834765614,-20.16953544499268,17.86739523586404,-20.16953544499268,17.86739523586404,0.5826523057714584,0.5826523057714584,,,,,4.164083022440719,75.98510897571241,0.5826523057714584,0.7540772000842265,False
CPN2,descriptive whole/cortical-kidney sensitivity including small studies,GSE142025_advanced;GSE166239;GSE111154;GSE199838,GSE142025_advanced;GSE166239;GSE111154;GSE199838,4.0,-0.7748329020106928,0.0,0.43979618195307846,0.19347947792463077,0.2917488678820603,-1.3905709516801545,-0.15909485234123089,-1.7033080086726602,0.15364220465127454,0.027921958793179123,0.07661159055135348,-1.607307905853606,0.057642101832220516,-2.0301269648047544,0.4804611607833691,1.3193885458592354,0.0,0.07661159055135348,0.43880678261865175,False
CR1,descriptive whole/cortical-kidney sensitivity including small studies,GSE142025_advanced;GSE166239;GSE111154;GSE199838,GSE142025_advanced;GSE166239;GSE111154;GSE199838,4.0,-1.1800072896357106,0.0,0.8241855176469048,0.2804144217367953,0.30887862561938667,-2.0724111300402424,-0.28760344923117886,-2.1629969305192374,-0.19701764875218386,0.024506953627436625,0.0315670216909564,-2.38653316678265,0.026518587511228597,-2.5090047513182268,0.14899017204680565,2.4725565529407145,0.0,0.0315670216909564,0.4380293061545702,False
CR2,descriptive whole/cortical-kidney sensitivity including small studies,GSE142025_advanced;GSE166239;GSE111154;GSE199838,GSE142025_advanced;GSE166239;GSE111154;GSE199838,4.0,-0.8430880914120729,0.06264842181110801,0.7375011967714739,0.28012693546928064,0.3261921501665874,-1.7345770222067327,0.04840083938258688,-1.8811770945222774,0.19500091169813172,0.057226997007609776,0.08145166618988767,-2.4594173826423216,0.7732411998181761,-2.612152111235344,0.9259759284111984,2.7271963530177294,0.0,0.08145166618988767,0.43880678261865175,False
CREBBP,descriptive whole/cortical-kidney sensitivity including small studies,GSE142025_advanced;GSE166239;GSE111154;GSE199838,GSE142025_advanced;GSE166239;GSE111154;GSE199838,4.0,0.3426033299717673,0.0,0.8728918286477834,0.2673692353935322,0.2861746893800869,-0.5082849053529093,1.1934915652964437,-0.5681322529116029,1.2533389128551375,0.29012413201999737,0.31720911788786676,-0.8077936405452404,1.4930003004887749,-0.888706978474668,1.5739136384182024,2.61867548594335,0.0,0.31720911788786676,0.607273201237652,False
CRP,descriptive whole/cortical-kidney sensitivity including small studies,GSE142025_advanced;GSE166239;GSE111154;GSE199838,GSE142025_advanced;GSE111154;GSE199838,3.0,-0.6305209431208222,0.018066278518639872,0.9204879524853529,0.3304106050201528,0.34438555248191743,-2.0521630347489537,0.7911211485073094,-2.112292380593421,0.8512504943517764,0.19657605976469036,0.20860205247936864,-5.1628697042493785,3.9018278180077344,-5.327826065293022,4.0667841790513775,1.9272257460729,0.0,0.20860205247936864,0.5636855662134184,False
CRTAP,descriptive whole/cortical-kidney sensitivity including small studies,GSE142025_advanced;GSE166239;GSE111154;GSE199838,GSE142025_advanced;GSE166239;GSE111154;GSE199838,4.0,0.721844655304055,0.47879012384642516,1.2553146725658724,0.5392195951984653,0.5392195951984653,-0.9941927531718775,2.4378820637799876,-0.9941927531718775,2.4378820637799876,0.27307884278235706,0.27307884278235706,-3.0526092216127787,4.496298532220889,-3.0526092216127787,4.496298532220889,6.379717718338003,52.97597585898301,0.27307884278235706,0.5917774591808034,False
CTRB1,descriptive whole/cortical-kidney sensitivity including small studies,GSE142025_advanced;GSE166239;GSE111154;GSE199838,GSE111154;GSE199838,2.0,-0.09616854939479334,0.0,0.05266344158531937,0.12294477237801814,0.5357416966031605,-1.658329998472287,1.4659928996827005,-6.903412232140138,6.711075133350551,0.5774127822079915,0.8869275057783025,,,,,0.05266344158531937,0.0,0.8869275057783025,0.9749198284596573,False
CTRB2,descriptive whole/cortical-kidney sensitivity including small studies,GSE142025_advanced;GSE166239;GSE111154;GSE199838,GSE111154;GSE199838,2.0,-0.5682054224986024,0.0,0.36114219390405833,0.33386899858428526,0.5555676872363244,-4.810413273572149,3.674002428574945,-7.627362201326409,6.490951356329204,0.3381984141783757,0.49284099882951427,,,,,0.36114219390405833,0.0,0.49284099882951427,0.6903300573944717,False
CTSB,descriptive whole/cortical-kidney sensitivity including small studies,GSE142025_advanced;GSE166239;GSE111154;GSE199838,GSE142025_advanced;GSE166239;GSE111154;GSE199838,4.0,-0.2815873352280761,0.3976530647094812,0.9012160164936297,0.4232080052019405,0.4457993421709898,-1.62842408774948,1.0652494172933276,-1.7003198046180499,1.1371451341618979,0.5534011460003875,0.5724668728351381,-3.5492193251144526,2.9860446546583006,-3.60436677624779,3.041192105791638,6.089262327756766,50.73294861472695,0.5724668728351381,0.7469134894314396,False
CTSD,descriptive whole/cortical-kidney sensitivity including small studies,GSE142025_advanced;GSE166239;GSE111154;GSE199838,GSE142025_advanced;GSE166239;GSE111154;GSE199838,4.0,0.3313391161284568,0.6086001464386513,1.2136711319058253,0.5670875235289846,0.5670875235289846,-1.4733864778988481,2.1360647101557615,-1.4733864778988481,2.1360647101557615,0.600063746056932,0.600063746056932,-3.818409189411075,4.481087421667989,-3.818409189411075,4.481087421667989,6.9144704597690545,56.6127295292516,0.600063746056932,0.7668828507484962,False
CTSG,descriptive whole/cortical-kidney sensitivity including small studies,GSE142025_advanced;GSE166239;GSE111154;GSE199838,GSE142025_advanced;GSE111154;GSE199838,3.0,1.0878762479547222,0.2876935383382654,0.8418558072915139,0.44549381405244765,0.4855375492962259,-0.8289289271645408,3.0046814230739853,-1.001223213920548,3.1769757098299922,0.13464281069863432,0.1543616423740852,-7.771531511860689,9.947284007770133,-8.104957506261744,10.280710002171187,3.1275690736437243,36.0525714090806,0.1543616423740852,0.5016278963844071,False
CTSK,descriptive whole/cortical-kidney sensitivity including small studies,GSE142025_advanced;GSE166239;GSE111154;GSE199838,GSE142025_advanced;GSE166239;GSE111154;GSE199838,4.0,1.762895581998981,0.2635840000934776,0.8183949692057175,0.39347093581540094,0.4349418352886219,0.5106954560767354,3.015095707921227,0.3787165452713914,3.147074618726571,0.020732494394950944,0.02705535736032524,-1.0202369387814303,4.546028102779393,-1.1322443106766291,4.658035474674591,4.224729542216502,28.989537199438054,0.02705535736032524,0.4380293061545702,False
CTSL,descriptive whole/cortical-kidney sensitivity including small studies,GSE142025_advanced;GSE166239;GSE111154;GSE199838,GSE142025_advanced;GSE166239;GSE199838,3.0,-0.9745656764777676,0.0,1.1794920841051255,0.3551329800231344,0.3551329800231344,-2.502579562398368,0.5534482094428329,-2.502579562398368,0.5534482094428329,0.11109410921623143,0.11109410921623143,-5.486958029219551,3.537826676264016,-5.486958029219551,3.537826676264016,2.358984168210251,15.217743851270118,0.11109410921623143,0.4696704517454301,False
CTSS,descriptive whole/cortical-kidney sensitivity including small studies,GSE142025_advanced;GSE166239;GSE111154;GSE199838,GSE142025_advanced;GSE166239;GSE111154;GSE199838,4.0,1.893597600770112,0.9853209356230265,1.0666888801175574,0.6479720959123589,0.6479720959123589,-0.16853880179311487,3.955734003333339,-0.16853880179311487,3.955734003333339,0.06137952277737658,0.06137952277737658,-3.206795279754013,6.993990481294237,-3.206795279754013,6.993990481294237,8.052049570973344,62.74240522792316,0.06137952277737658,0.43880678261865175,False
CTSV,descriptive whole/cortical-kidney sensitivity including small studies,GSE142025_advanced;GSE166239;GSE111154;GSE199838,GSE142025_advanced;GSE166239;GSE199838,3.0,-1.7167357527003517,0.00640817159262128,1.2135650566433969,0.40196888008776693,0.40196888008776693,-3.446268251884316,0.012796746483612731,-3.446268251884316,0.012796746483612731,0.05069225335237512,0.05069225335237512,-6.924530781617354,3.4910592762166504,-6.924530781617354,3.4910592762166504,2.4556369830663956,18.554736966757762,0.05069225335237512,0.4380293061545702,False
CUL2,descriptive whole/cortical-kidney sensitivity including small studies,GSE142025_advanced;GSE166239;GSE111154;GSE199838,GSE142025_advanced;GSE166239;GSE111154;GSE199838,4.0,-0.841601682108518,0.15480489984331494,1.124221216516583,0.3925319634087447,0.3925319634087447,-2.090813578764437,0.4076102145474011,-2.090813578764437,0.4076102145474011,0.12138962010479536,0.12138962010479536,-3.2329100184869457,1.5497066542699098,-3.2329100184869457,1.5497066542699098,4.463386241899669,32.786457693538864,0.12138962010479536,0.4764547983116318,False
CX3CL1,descriptive whole/cortical-kidney sensitivity including small studies,GSE142025_advanced;GSE166239;GSE111154;GSE199838,GSE142025_advanced;GSE166239;GSE111154;GSE199838,4.0,-0.27111768672462894,1.702903976645306,0.9861950782434302,0.7340280305526397,0.7391476991907313,-2.6071224805315536,2.0648871070822956,-2.6234155510731254,2.0811801776238674,0.7363929211998528,0.7381145498656111,-6.713183395350367,6.1709480219011095,-6.724011414582344,6.181776041133087,14.85733813758429,79.80795770938965,0.7381145498656111,0.8677833221392995,False
CX3CR1,descriptive whole/cortical-kidney sensitivity including small studies,GSE142025_advanced;GSE166239;GSE111154;GSE199838,GSE142025_advanced;GSE166239;GSE111154;GSE199838,4.0,1.0179370896933084,1.5597817721375804,0.9912736548866673,0.7136945479105903,0.7168290499191313,-1.2533574874058757,3.2892316667924923,-1.2633328717418617,3.2992070511284783,0.24904074002896015,0.25067457754262124,-5.1712186309804995,7.207092810367117,-5.17792117489264,7.213795354279258,13.080988024919192,77.06595255430996,0.25067457754262124,0.5816283690467094,False
CXADR,descriptive whole/cortical-kidney sensitivity including small studies,GSE142025_advanced;GSE166239;GSE111154;GSE199838,GSE142025_advanced;GSE166239;GSE111154;GSE199838,4.0,0.770749601378457,0.0,0.22064231183737015,0.1374411768734352,0.2925987494273487,0.33335043584374857,1.2081487669131654,-0.16043020766724225,1.7019294104241562,0.011206561178689211,0.07804642183246677,0.17938794652399248,1.3621112562329216,-0.48820120656640376,2.029700409323318,0.6619269355121105,0.0,0.07804642183246677,0.43880678261865175,False
CXCL1,descriptive whole/cortical-kidney sensitivity including small studies,GSE142025_advanced;GSE166239;GSE111154;GSE199838,GSE142025_advanced;GSE166239;GSE111154;GSE199838,4.0,1.0734243096969185,0.0,0.7048811204087748,0.2548455082057144,0.30354217663623473,0.2623921636894939,1.884456455704343,0.10741763116315872,2.039430988230678,0.024445717300090077,0.038464620441219434,-0.023087411848787376,2.1699360312426244,-0.23261226520107026,2.3794608845949075,2.1146433612263245,0.0,0.038464620441219434,0.4380293061545702,False
CXCL10,descriptive whole/cortical-kidney sensitivity including small studies,GSE142025_advanced;GSE166239;GSE111154;GSE199838,GSE142025_advanced;GSE166239;GSE111154;GSE199838,4.0,0.30496037500144907,0.32173262773141076,0.9327628170592374,0.40724789731309113,0.4216705185045459,-0.9910841911371566,1.6010049411400549,-1.0369834086604084,1.6469041586633066,0.5083235989525353,0.5218323281129609,-2.6994606017886675,3.3093813517915653,-2.7360706079058055,3.3459913579087033,5.516289319742531,45.61561538726502,0.5218323281129609,0.7130797782067162,False
CXCL11,descriptive whole/cortical-kidney sensitivity including small studies,GSE142025_advanced;GSE166239;GSE111154;GSE199838,GSE111154;GSE199838,2.0,-0.7018765784291896,2.436715534903744,1.0000000111119665,1.265377299530978,1.265377299530978,-16.780019614777647,15.376266457919268,-16.780019614777647,15.376266457919268,0.677598275074403,0.677598275074403,,,,,4.177262649047677,76.06087804347237,0.677598275074403,0.8251313365213958,False
CXCL12,descriptive whole/cortical-kidney sensitivity including small studies,GSE142025_advanced;GSE166239;GSE111154;GSE199838,GSE142025_advanced;GSE166239;GSE111154;GSE199838,4.0,1.5757219792237185,0.08810208646367211,0.8032195173553154,0.3272479898389939,0.36514037825691986,0.5342728230490921,2.617171135398345,0.4136823315300884,2.7377616269173486,0.017061887388158302,0.022921186175489147,-0.3252196676983945,3.4766636261458315,-0.44894740447781145,3.600391362925248,2.998478987291251,0.0,0.022921186175489147,0.4380293061545702,False
CXCL13,descriptive whole/cortical-kidney sensitivity including small studies,GSE142025_advanced;GSE166239;GSE111154;GSE199838,GSE142025_advanced;GSE111154;GSE199838,3.0,0.605850995904537,0.0,0.04044908164525554,0.06575325710036352,0.3269361451552582,0.3229375647517397,0.8887644270573343,-0.8008417015015011,2.012543693310575,0.011574741042882914,0.20504720987798755,-0.22962335088301433,1.4413253426920882,-3.5482666000939025,4.759968591902976,0.08089816329051108,0.0,0.20504720987798755,0.5614595538721774,False
CXCL16,descriptive whole/cortical-kidney sensitivity including small studies,GSE142025_advanced;GSE166239;GSE111154;GSE199838,GSE142025_advanced;GSE166239;GSE111154;GSE199838,4.0,0.907345849367083,2.6494115274737147,1.0049221449329775,0.8943846039731455,0.8943846039731455,-1.9389851290498858,3.7536768277840515,-1.9389851290498858,3.7536768277840515,0.38505322039911305,0.38505322039911305,-7.083707033266947,8.898398732001112,-7.083707033266947,8.898398732001112,18.721716439146714,83.97582823267709,0.38505322039911305,0.6469885656062351,False
CXCL2,descriptive whole/cortical-kidney sensitivity including small studies,GSE142025_advanced;GSE166239;GSE111154;GSE199838,GSE142025_advanced;GSE166239;GSE111154;GSE199838,4.0,-0.40594926600389414,0.28749812217670956,0.8072619675933055,0.36731139842972804,0.40881531746538335,-1.5748980688251741,0.7629995368173859,-1.7069820626149894,0.8950835306072011,0.34975076506159747,0.39391126290189377,-3.2023947992598787,2.3904962672520904,-3.3070608039611713,2.495162271953383,5.100204888386545,41.17883368114937,0.39391126290189377,0.6520772068756507,False
CXCL3,descriptive whole/cortical-kidney sensitivity including small studies,GSE142025_advanced;GSE166239;GSE111154;GSE199838,GSE142025_advanced;GSE111154;GSE199838,3.0,-0.7055150880663706,0.0,0.6386263172949754,0.2648087291651382,0.33136672180900895,-1.8448950894702385,0.4338649133374971,-2.1312710182060335,0.7202408420732923,0.11672415745952755,0.16701357298949004,-4.070229016764851,2.65919884063211,-4.915928498126682,3.504898321993941,1.2772526345899509,0.0,0.16701357298949004,0.5118883960563447,False
CXCL5,descriptive whole/cortical-kidney sensitivity including small studies,GSE142025_advanced;GSE166239;GSE111154;GSE199838,GSE111154;GSE199838,2.0,0.21253700348674903,0.0,0.06651423180107056,0.1386778175884516,0.5377119752131901,-1.549531739158005,1.9746057461315032,-6.619741442664937,7.044815449638435,0.3680440092216684,0.7603667298449615,,,,,0.06651423180107056,0.0,0.7603667298449615,0.884646581676976,False
CXCL6,descriptive whole/cortical-kidney sensitivity including small studies,GSE142025_advanced;GSE166239;GSE111154;GSE199838,GSE142025_advanced;GSE111154;GSE199838,3.0,0.7471433693765515,1.8888668262443165,0.955685217806833,0.8705821247670971,0.890537703862288,-2.9986691862236854,4.492955924976789,-3.08453111309134,4.578817851844443,0.4812066883221813,0.48978018162263465,-19.9244891607374,21.418775899490505,-20.06127641887599,21.555563157629095,11.317955419391675,82.3289637934667,0.48978018162263465,0.6897443924649692,False
CXCL8,descriptive whole/cortical-kidney sensitivity including small studies,GSE142025_advanced;GSE166239;GSE111154;GSE199838,GSE142025_advanced;GSE166239;GSE199838,3.0,0.0874344709634036,0.14976536259812318,0.9409263993584231,0.38529785598389793,0.3972087122048847,-1.5703684008523298,1.745237342779137,-1.6216166788852118,1.796485620812019,0.8415651294269796,0.846201948153043,-6.851361002397123,7.02622994432393,-6.958956576852776,7.133825518779583,2.7587674363507775,27.503856481445727,0.846201948153043,0.9384930954728508,False
CXCL9,descriptive whole/cortical-kidney sensitivity including small studies,GSE142025_advanced;GSE166239;GSE111154;GSE199838,GSE142025_advanced;GSE166239;GSE111154;GSE199838,4.0,0.17942835656392062,0.0,0.21929248242015972,0.13178496522019442,0.2814193751174191,-0.23997021909302904,0.5988269322208702,-0.7161736940137596,1.0750304071416008,0.26658207407737344,0.5690741645779389,-0.38759658378068673,0.746453296908528,-1.0314214859894306,1.3902781991172717,0.6578774472604791,0.0,0.5690741645779389,0.7451293373470638,False
CXCR1,descriptive whole/cortical-kidney sensitivity including small studies,GSE142025_advanced;GSE166239;GSE111154;GSE199838,GSE142025_advanced;GSE111154;GSE199838,3.0,-0.666094956593413,0.0,0.26234519125048006,0.1690211213443658,0.3299927698752462,-1.3933341457310635,0.06114423254423762,-2.085939248694727,0.7537493355079009,0.05876981447439469,0.18100716626805063,-2.8137119291327517,1.4815220159459255,-4.8590506520856716,3.5268607388988458,0.5246903825009601,0.0,0.18100716626805063,0.5362516621739662,False
CXCR2,descriptive whole/cortical-kidney sensitivity including small studies,GSE142025_advanced;GSE166239;GSE111154;GSE199838,GSE142025_advanced;GSE111154;GSE199838,3.0,-0.5421627282779583,0.0,0.7524479314861084,0.2877959426202794,0.33177712585913405,-1.780448726403923,0.6961232698480063,-1.9696844845241923,0.8853590279682756,0.20027117317060542,0.2438481753909448,-4.198956897451613,3.1146314408956965,-4.757790816223715,3.673465359667799,1.504895862972217,0.0,0.2438481753909448,0.5816283690467094,False
CXCR3,descriptive whole/cortical-kidney sensitivity including small studies,GSE142025_advanced;GSE166239;GSE111154;GSE199838,GSE142025_advanced;GSE111154;GSE199838,3.0,1.1798466571041355,2.4849338164525188,0.9547267426445446,0.9821346023617973,1.0051513689044564,-3.0459374707292537,5.405630784937525,-3.1449706241240327,5.504663938332303,0.35259346590716867,0.3613296992559698,-22.419246824172458,24.77894013838073,-22.575194344674728,24.934887658883,13.503535966168082,85.18906451605844,0.3613296992559698,0.6287136767053875,False
CXCR4,descriptive whole/cortical-kidney sensitivity including small studies,GSE142025_advanced;GSE166239;GSE111154;GSE199838,GSE142025_advanced;GSE166239;GSE111154;GSE199838,4.0,0.4149089618067369,0.0,0.3105923779834796,0.15860701878983707,0.28459482924687557,-0.08984935913304365,0.9196672827465175,-0.49079880103282997,1.3206167246463039,0.07927699671816012,0.2409376384916496,-0.26752196054677974,1.0973398841602535,-0.8096037571249142,1.6394216807383881,0.9317771339504388,0.0,0.2409376384916496,0.5816283690467094,False
CXCR5,descriptive whole/cortical-kidney sensitivity including small studies,GSE142025_advanced;GSE166239;GSE111154;GSE199838,GSE142025_advanced;GSE111154;GSE199838,3.0,1.0504607260952037,0.42447131721603765,0.9048856259356397,0.5078202855012749,0.5338425674665097,-1.134513611539008,3.2354350637294154,-1.2464784540710356,3.347399906261443,0.174484055725472,0.18796585424639636,-9.445454758589047,11.546376210779457,-9.651899449022252,11.752820901212658,3.915148408171507,48.916368129859464,0.18796585424639636,0.5430799573753683,False
CXCR6,descriptive whole/cortical-kidney sensitivity including small studies,GSE142025_advanced;GSE166239;GSE111154;GSE199838,GSE142025_advanced;GSE111154;GSE199838,3.0,0.7324446876721723,0.0,0.5361479505171554,0.24488539106023335,0.3344418001887266,-0.32121210864890515,1.7861014839932499,-0.7065422368521762,2.1714316121965207,0.09596286587002345,0.1599266139284578,-2.3791192280373568,3.844008603381701,-3.5170412978606165,4.981930673204961,1.0722959010343107,0.0,0.1599266139284578,0.5069738409149087,False
DAG1,descriptive whole/cortical-kidney sensitivity including small studies,GSE142025_advanced;GSE166239;GSE111154;GSE199838,GSE142025_advanced;GSE166239;GSE111154;GSE199838,4.0,-0.4612710245264091,0.0,0.3920311103599054,0.17827819708528736,0.2847331069847482,-1.0286318141531225,0.10608976510030432,-1.3674188488419716,0.4448767997891534,0.08125920051877607,0.2036708990519303,-1.2283401958702334,0.30579814681741513,-1.6863787045443814,0.7638366554915632,1.1760933310797161,0.0,0.2036708990519303,0.5614595538721774,False
DCN,descriptive whole/cortical-kidney sensitivity including small studies,GSE142025_advanced;GSE166239;GSE111154;GSE199838,GSE142025_advanced;GSE166239;GSE111154;GSE199838,4.0,1.9584975962850604,0.0,0.6311932183040335,0.2741833722067602,0.34511191336555586,1.0859237364354288,2.831071456134692,0.860197462685456,3.0567977298846647,0.005649381484571158,0.01084042155094762,0.7787817614077308,3.1382134311623897,0.47360088017369173,3.4433943123964292,1.8935796549121007,0.0,0.01084042155094762,0.4380293061545702,False
DDR1,descriptive whole/cortical-kidney sensitivity including small studies,GSE142025_advanced;GSE166239;GSE111154;GSE199838,GSE142025_advanced;GSE166239;GSE111154;GSE199838,4.0,0.5208575123048701,0.8812297527628119,1.1355651702598422,0.6198049082909667,0.6198049082909667,-1.4516383280824243,2.4933533526921643,-1.4516383280824243,2.4933533526921643,0.4624043450581161,0.4624043450581161,-4.319173339655936,5.360888364265676,-4.319173339655936,5.360888364265676,7.953045814692013,62.27860281581721,0.4624043450581161,0.6717302452328477,False
DDR2,descriptive whole/cortical-kidney sensitivity including small studies,GSE142025_advanced;GSE166239;GSE111154;GSE199838,GSE142025_advanced;GSE166239;GSE111154;GSE199838,4.0,1.6186983973019429,0.9615338423034155,0.8471162545763078,0.5656855033410845,0.6146155470479553,-0.18156534275844582,3.418962137362332,-0.33728257957074725,3.574679374174633,0.06449862325173784,0.07807829593187077,-3.252113408298344,6.489510202902229,-3.360655318276664,6.598052112880549,10.016340681186895,70.04894206888625,0.07807829593187077,0.43880678261865175,False
DMD,descriptive whole/cortical-kidney sensitivity including small studies,GSE142025_advanced;GSE166239;GSE111154;GSE199838,GSE142025_advanced;GSE166239;GSE111154;GSE199838,4.0,0.7976666495773114,0.3688878867395557,0.9289773182829145,0.4318870911673483,0.4480924930809414,-0.576790828007944,2.172124127162567,-0.628363649453496,2.2236969486081186,0.1619174200998842,0.173093616948252,-2.4089337468695278,4.00426704602415,-2.4498380464838205,4.045171345638443,5.520538628022584,45.65747652281934,0.173093616948252,0.52329074158487,False
DMP1,descriptive whole/cortical-kidney sensitivity including small studies,GSE142025_advanced;GSE166239;GSE111154;GSE199838,GSE111154;GSE199838,2.0,-2.1545098934485027,3.933655758601967,1.0000000102092397,1.643341001070875,1.643341001070875,-23.03513710440532,18.726117317508315,-23.03513710440532,18.726117317508315,0.4148265013164117,0.4148265013164117,,,,,3.3140470168197957,69.82541300939015,0.4148265013164117,0.6571585925028888,False
DOK2,descriptive whole/cortical-kidney sensitivity including small studies,GSE142025_advanced;GSE166239;GSE111154;GSE199838,GSE142025_advanced;GSE166239;GSE111154;GSE199838,4.0,1.4941922155724068,1.5500958674822318,0.9806144327434202,0.7145181914917922,0.7215462100049013,-0.7797235629986441,3.768107994143458,-0.8020898545491535,3.790474285693967,0.1276322346879015,0.1301400056572842,-4.682223610725653,7.670608041870467,-4.69733074456962,7.685715175714434,12.736850356729187,76.4462962508229,0.1301400056572842,0.4806586058002525,False
DRP2,descriptive whole/cortical-kidney sensitivity including small studies,GSE142025_advanced;GSE166239;GSE111154;GSE199838,GSE142025_advanced;GSE166239;GSE111154;GSE199838,4.0,0.6936056149312906,1.7879729718595898,1.0035601157519412,0.7561629492896232,0.7561629492896232,-1.7128423692279027,3.100053599090484,-1.7128423692279027,3.100053599090484,0.426644039795816,0.426644039795816,-5.915912352532448,7.303123582395029,-5.915912352532448,7.303123582395029,14.431087751097262,79.21154626911685,0.426644039795816,0.659349962513257,False
DSPP,descriptive whole/cortical-kidney sensitivity including small studies,GSE142025_advanced;GSE166239;GSE111154;GSE199838,GSE111154;GSE199838,2.0,-0.5065496417111962,0.0,0.10526412956737621,0.17761150336627884,0.547432892579134,-2.763317766982916,1.7502184835605235,-7.462344054138001,6.449244770715609,0.2146910805343124,0.5246816652519982,,,,,0.10526412956737621,0.0,0.5246816652519982,0.7157242924953217,False
DST,descriptive whole/cortical-kidney sensitivity including small studies,GSE142025_advanced;GSE166239;GSE111154;GSE199838,GSE142025_advanced;GSE166239;GSE111154;GSE199838,4.0,0.6199771817741813,0.3267096331151868,0.9314581462704518,0.40903484164389176,0.42381725101089623,-0.6817542387477284,1.921708602296091,-0.7287984628209432,1.9687528263693057,0.22684717930463974,0.2396952033566125,-2.4042066043633374,3.6441609679117004,-2.4416578852299455,3.6816122487783076,5.492596270754448,45.381021066965694,0.2396952033566125,0.5816283690467094,False
DTNA,descriptive whole/cortical-kidney sensitivity including small studies,GSE142025_advanced;GSE166239;GSE111154;GSE199838,GSE142025_advanced;GSE166239;GSE111154;GSE199838,4.0,0.08157465883264337,0.07541211434994421,0.7638774534162184,0.2826831444178228,0.32343578431300585,-0.8180492696858375,0.9811985873511242,-0.9477423579508204,1.1108916756161071,0.7916986833841456,0.8171688324290693,-1.6141393453877544,1.7772886630530411,-1.7440020095052653,1.907151327170552,2.9462241852073396,0.0,0.8171688324290693,0.9206376917869947,False
DTNB,descriptive whole/cortical-kidney sensitivity including small studies,GSE142025_advanced;GSE166239;GSE111154;GSE199838,GSE142025_advanced;GSE166239;GSE111154;GSE199838,4.0,-0.11391633530624388,0.0,0.07557998265303037,0.07703175046407751,0.2801988657356608,-0.3590657449601839,0.1312330743476961,-1.005634180311383,0.7778015096988954,0.2357290061896605,0.7115991800563889,-0.44535720671788637,0.21752453610539857,-1.3195147498364876,1.091682079224,0.2267399479590911,0.0,0.7115991800563889,0.8506597831819122,False
E2F4,descriptive whole/cortical-kidney sensitivity including small studies,GSE142025_advanced;GSE166239;GSE111154;GSE199838,GSE142025_advanced;GSE166239;GSE111154;GSE199838,4.0,0.6951403395375696,0.6342876136981802,0.9436641791733971,0.49822298825162753,0.5128791301386835,-0.8904275686312305,2.28070824770637,-0.9370699532294055,2.3273506323045448,0.25729101353257094,0.2683165359193422,-3.346866443460345,4.737147122535484,-3.380661134670953,4.770941813746092,8.168979550569698,63.275706819577216,0.2683165359193422,0.5917774591808034,False
E2F5,descriptive whole/cortical-kidney sensitivity including small studies,GSE142025_advanced;GSE166239;GSE111154;GSE199838,GSE142025_advanced;GSE166239;GSE111154;GSE199838,4.0,-0.6435313321627387,0.0,1.3002891169822393,0.33592927009789664,0.33592927009789664,-1.7126081966224427,0.42554553229696523,-1.7126081966224427,0.42554553229696523,0.1512792460569219,0.1512792460569219,-2.088918323152198,0.8018556588267205,-2.088918323152198,0.8018556588267205,3.9008673509467178,23.094026786839663,0.1512792460569219,0.4997959901374255,False
EFEMP1,descriptive whole/cortical-kidney sensitivity including small studies,GSE142025_advanced;GSE166239;GSE111154;GSE199838,GSE142025_advanced;GSE166239;GSE111154;GSE199838,4.0,0.46449141751847745,0.0,0.3270332174957738,0.1631164987546687,0.28523443673015464,-0.05461808127413248,0.9836009163110874,-0.44325186179308274,1.3722346968300376,0.06523725311144984,0.2019137064791589,-0.23734223111547248,1.1663250661524274,-0.7627733102970725,1.6917561453340273,0.9810996524873214,0.0,0.2019137064791589,0.5614595538721774,False
EFEMP2,descriptive whole/cortical-kidney sensitivity including small studies,GSE142025_advanced;GSE166239;GSE111154;GSE199838,GSE142025_advanced;GSE166239;GSE111154;GSE199838,4.0,1.7153645167922056,0.5631416072226005,0.9179725503879608,0.4981168021643015,0.5198958417556861,0.13013454014468873,3.300594493439722,0.06082391606445903,3.369905117519952,0.041124933916674655,0.04575269990417181,-2.1600382980121737,5.5907673315965845,-2.2126376435849004,5.643366677169311,6.381819004794776,52.991459053507384,0.04575269990417181,0.4380293061545702,False
EGLN1,descriptive whole/cortical-kidney sensitivity including small studies,GSE142025_advanced;GSE166239;GSE111154;GSE199838,GSE142025_advanced;GSE166239;GSE111154;GSE199838,4.0,-1.8047852962080813,0.0,0.02606765767813524,0.05427615070947416,0.3361692886145822,-1.977516231498469,-1.6320543609176936,-2.874626006709411,-0.7349445857067518,5.9787311427039554e-05,0.012650833309993606,-2.0383167242184936,-1.571253868197669,-3.2512050035235482,-0.3583655888926145,0.07820297303440572,0.0,0.012650833309993606,0.4380293061545702,False
EGLN2,descriptive whole/cortical-kidney sensitivity including small studies,GSE142025_advanced;GSE166239;GSE111154;GSE199838,GSE166239;GSE111154;GSE199838,3.0,0.6574441519960897,0.07167673162870718,1.1383230973051854,0.47875310108571867,0.47875310108571867,-1.4024641852663975,2.717352489258577,-1.4024641852663975,2.717352489258577,0.30336175849655195,0.30336175849655195,-6.312245191071471,7.62713349506365,-6.312245191071471,7.62713349506365,2.5331807957075823,21.047877696335178,0.30336175849655195,0.5983180274629728,False
EGLN3,descriptive whole/cortical-kidney sensitivity including small studies,GSE142025_advanced;GSE166239;GSE111154;GSE199838,GSE142025_advanced;GSE166239;GSE111154;GSE199838,4.0,0.1786462644687406,0.0,0.24409197426649754,0.13879531822634467,0.28092996619438937,-0.26306238321136644,0.6203549121488476,-0.7153982684900708,1.072690797427552,0.28836922357880274,0.5700287012399632,-0.41854179037428657,0.7758343193117678,-1.0300978214459728,1.387390350383454,0.7322759227994926,0.0,0.5700287012399632,0.7451293373470638,False
ELANE,descriptive whole/cortical-kidney sensitivity including small studies,GSE142025_advanced;GSE166239;GSE111154;GSE199838,GSE111154,1.0,,,,,,,,,,,,,,,,,,1.0,1.0,False
ELN,descriptive whole/cortical-kidney sensitivity including small studies,GSE142025_advanced;GSE166239;GSE111154;GSE199838,GSE142025_advanced;GSE166239;GSE111154;GSE199838,4.0,1.5620039001777835,0.0,0.4187159531663194,0.20935601014713182,0.3235382850062525,0.8957396391961053,2.2282681611594617,0.532360680441808,2.591647119913759,0.004985217159253099,0.016938864993722148,0.6612176916287708,2.462790108726796,0.16993101501717178,2.954076785338395,1.2561478594989581,0.0,0.016938864993722148,0.4380293061545702,False
ELOB,descriptive whole/cortical-kidney sensitivity including small studies,GSE142025_advanced;GSE166239;GSE111154;GSE199838,GSE142025_advanced;GSE166239;GSE199838,3.0,0.9334664375282395,0.0,0.05746138979490706,0.07701777334298837,0.32129420733720176,0.6020857048148053,1.2648471702416737,-0.4489509607238613,2.3158838357803404,0.0067387179623472175,0.10086338354909385,-0.045137158892068374,1.9120700339485475,-3.148963541445208,5.015896416501687,0.11492277958981412,0.0,0.10086338354909385,0.4580891220256462,False
ELOC,descriptive whole/cortical-kidney sensitivity including small studies,GSE142025_advanced;GSE166239;GSE111154;GSE199838,GSE142025_advanced;GSE166239;GSE199838,3.0,0.22144214724246666,0.0,0.7976139300927954,0.2759863960561551,0.30902335995146807,-0.9660314731222651,1.4089157676071984,-1.108178056009068,1.551062350494001,0.5065319828389427,0.548009002984321,-3.285297505446036,3.7281817999309697,-3.705071932561494,4.147956227046428,1.5952278601855907,0.0,0.548009002984321,0.7263749021191817,False
EMILIN1,descriptive whole/cortical-kidney sensitivity including small studies,GSE142025_advanced;GSE166239;GSE111154;GSE199838,GSE142025_advanced;GSE166239;GSE111154;GSE199838,4.0,2.1070757600334464,0.41794957958812834,1.1686337200376136,0.5475135505406901,0.5475135505406901,0.3646432840224627,3.8495082360444304,0.3646432840224627,3.8495082360444304,0.030972691648450606,0.030972691648450606,-1.5380626321097104,5.752214152176603,-1.5380626321097104,5.752214152176603,5.346537739832201,43.888921279845796,0.030972691648450606,0.4380293061545702,False
EMILIN2,descriptive whole/cortical-kidney sensitivity including small studies,GSE142025_advanced;GSE166239;GSE111154;GSE199838,GSE142025_advanced;GSE166239;GSE111154;GSE199838,4.0,1.589049033517882,0.8548267292026728,1.024152528817515,0.5941826539292667,0.5941826539292667,-0.3019053581429809,3.4800034251787446,-0.3019053581429809,3.4800034251787446,0.07541088319999047,0.07541088319999047,-3.1397204801508156,6.3178185471865795,-3.1397204801508156,6.3178185471865795,8.020785959354953,62.597181682663106,0.07541088319999047,0.43880678261865175,False
EMILIN3,descriptive whole/cortical-kidney sensitivity including small studies,GSE142025_advanced;GSE166239;GSE111154;GSE199838,GSE142025_advanced;GSE111154;GSE199838,3.0,-0.256463990604634,0.8368641775780283,1.015224103833042,0.663301991773005,0.663301991773005,-3.110422116155009,2.597494134945741,-3.110422116155009,2.597494134945741,0.7362777622492441,0.7362777622492441,-14.614102640304793,14.101174659095523,-14.614102640304793,14.101174659095523,5.622291634428834,64.42731665229282,0.7362777622492441,0.8669255456258017,False
EP300,descriptive whole/cortical-kidney sensitivity including small studies,GSE142025_advanced;GSE166239;GSE111154;GSE199838,GSE142025_advanced;GSE166239;GSE111154;GSE199838,4.0,0.5351470795056968,0.13002788476236243,1.2334272878142671,0.39523047026796415,0.39523047026796415,-0.722652670334128,1.7929468293455217,-0.722652670334128,1.7929468293455217,0.268700273876887,0.268700273876887,-1.7668123800273419,2.8371065390387358,-1.7668123800273419,2.8371065390387358,4.631054840271169,35.21994224917586,0.268700273876887,0.5917774591808034,False
EPAS1,descriptive whole/cortical-kidney sensitivity including small studies,GSE142025_advanced;GSE166239;GSE111154;GSE199838,GSE142025_advanced;GSE166239;GSE111154;GSE199838,4.0,0.3947227983007804,0.3347285838860891,1.2353908422572184,0.483797276488601,0.483797276488601,-1.1449360567666882,1.934381653368249,-1.1449360567666882,1.934381653368249,0.4743225716687726,0.4743225716687726,-2.8502544509831376,3.6397000475846983,-2.8502544509831376,3.6397000475846983,5.809114219831493,48.35701474489131,0.4743225716687726,0.6770165797723612,False
EPCAM,descriptive whole/cortical-kidney sensitivity including small studies,GSE142025_advanced;GSE166239;GSE111154;GSE199838,GSE142025_advanced;GSE166239;GSE111154;GSE199838,4.0,-0.50421686076194,0.1697347808162086,0.9182615974170779,0.3520473202741467,0.36738196426369435,-1.6245885544534282,0.6161548329295483,-1.6733902355608052,0.6649565140369254,0.24749292832971753,0.26352980164885764,-2.835889825106267,1.8274561035823873,-2.879282291894826,1.870848570370946,4.144546640877712,27.61572591774056,0.26352980164885764,0.5848621191027763,False
EPO,descriptive whole/cortical-kidney sensitivity including small studies,GSE142025_advanced;GSE166239;GSE111154;GSE199838,GSE142025_advanced;GSE111154;GSE199838,3.0,-0.44869113758853785,0.0,0.4543829259972265,0.2189019316448784,0.3247420978960644,-1.390550131327804,0.49316785615072833,-1.8459436115656063,0.9485613363885306,0.17690032998909747,0.3011673847833845,-3.230103898212481,2.332721623035405,-4.574930719910817,3.677548444733741,0.908765851994453,0.0,0.3011673847833845,0.5983180274629728,False
ESAM,descriptive whole/cortical-kidney sensitivity including small studies,GSE142025_advanced;GSE166239;GSE111154;GSE199838,GSE142025_advanced;GSE166239;GSE111154;GSE199838,4.0,0.5137265225727478,0.09427491786519775,0.9694231633085789,0.33448047344082443,0.33971449123929776,-0.5507396243185493,1.5781926694640447,-0.56739660492309,1.5948496500685856,0.22214260461184435,0.2276686194653915,-1.439848896448788,2.467301941594284,-1.4564978312504961,2.4839508763959914,3.623559133888997,17.208471308146144,0.2276686194653915,0.5795625262337861,False
F10,descriptive whole/cortical-kidney sensitivity including small studies,GSE142025_advanced;GSE166239;GSE111154;GSE199838,GSE142025_advanced;GSE166239;GSE111154;GSE199838,4.0,-0.1266191180929766,0.9758361075191319,1.000095551308839,0.5955574568702344,0.5955574568702344,-2.0219487462938153,1.7687105101078622,-2.0219487462938153,1.7687105101078622,0.8452610723369703,0.8452610723369703,-5.0896591805225935,4.8364209443366395,-5.0896591805225935,4.8364209443366395,10.141741831570021,70.41928250765208,0.8452610723369703,0.9384930954728508,False
F11,descriptive whole/cortical-kidney sensitivity including small studies,GSE142025_advanced;GSE166239;GSE111154;GSE199838,GSE142025_advanced;GSE166239;GSE111154;GSE199838,4.0,-1.079579867301235,1.5191237324986473,1.0291484539332358,0.7216203721435006,0.7216203721435006,-3.376097954446773,1.2169382198443028,-3.376097954446773,1.2169382198443028,0.2315342410026312,0.2315342410026312,-7.22478583506143,5.065626100458959,-7.22478583506143,5.065626100458959,11.966247574391726,74.92948410644514,0.2315342410026312,0.5802860058245349,False
F11R,descriptive whole/cortical-kidney sensitivity including small studies,GSE142025_advanced;GSE166239;GSE111154;GSE199838,GSE142025_advanced;GSE166239;GSE111154;GSE199838,4.0,0.41171080920124614,0.0,0.7993853311869222,0.2563229863307037,0.2866879683249216,-0.4040233316061882,1.2274449500086804,-0.5006582563636932,1.3240798747661855,0.20657859709657442,0.24649631327709715,-0.6911579876320902,1.5145796060345824,-0.8218079602983052,1.6452295787007976,2.3981559935607666,0.0,0.24649631327709715,0.5816283690467094,False
F12,descriptive whole/cortical-kidney sensitivity including small studies,GSE142025_advanced;GSE166239;GSE111154;GSE199838,GSE142025_advanced;GSE111154;GSE199838,3.0,-0.2862900268057881,0.0,0.4526457462213591,0.21824689466062067,0.32439104094858845,-1.2253306238766508,0.6527505702650747,-1.6820320246495015,1.1094519710379256,0.31994624252096676,0.47057812106165203,-3.0593797533979856,2.4867996997864097,-4.408069007679382,3.835488954067806,0.9052914924427182,0.0,0.47057812106165203,0.6736063414831326,False
F13A1,descriptive whole/cortical-kidney sensitivity including small studies,GSE142025_advanced;GSE166239;GSE111154;GSE199838,GSE142025_advanced;GSE166239;GSE111154;GSE199838,4.0,1.361115608399174,0.20882101038875153,0.8534180071836804,0.3711765753934492,0.4017904957034425,0.17986608743043186,2.542365129367916,0.08243892984964396,2.639792286948704,0.03507262893631337,0.04284976143411552,-1.1719487650826026,3.8941799818809506,-1.2569932924946468,3.9792245092929948,4.101234773801238,26.851298073349657,0.04284976143411552,0.4380293061545702,False
F13B,descriptive whole/cortical-kidney sensitivity including small studies,GSE142025_advanced;GSE166239;GSE111154;GSE199838,GSE111154,1.0,,,,,,,,,,,,,,,,,,1.0,1.0,False
F2,descriptive whole/cortical-kidney sensitivity including small studies,GSE142025_advanced;GSE166239;GSE111154;GSE199838,GSE111154;GSE199838,2.0,-0.6230000198051248,0.0,0.8743817384163625,0.5300956136818603,0.5668963637101863,-7.358503416995009,6.112503377384759,-7.826101281299706,6.580101241689456,0.44881838263389234,0.47000556943858857,,,,,0.8743817384163625,0.0,0.47000556943858857,0.6736063414831326,False
F2R,descriptive whole/cortical-kidney sensitivity including small studies,GSE142025_advanced;GSE166239;GSE111154;GSE199838,GSE142025_advanced;GSE166239;GSE111154;GSE199838,4.0,0.44048322682019037,0.0,0.21658525636361828,0.13217667098782637,0.28401440306535286,0.019838068590282087,0.8611283850500986,-0.4633773608624996,1.3443438145028803,0.04463485300703386,0.2187109847459756,-0.12822708741477729,1.009193541055158,-0.7815321198171141,1.6624985734574949,0.6497557690908549,0.0,0.2187109847459756,0.5710291116732493,False
F3,descriptive whole/cortical-kidney sensitivity including small studies,GSE142025_advanced;GSE166239;GSE111154;GSE199838,GSE142025_advanced;GSE166239;GSE111154;GSE199838,4.0,-1.2431266726118748,0.8470245416587482,0.9316024287700254,0.5595301350218409,0.5797065074732,-3.0238012835070265,0.5375479382832768,-3.088011505468882,0.6017581602451325,0.11286094599055597,0.12134681728163067,-5.87742225667954,3.3911689114557904,-5.923107977111316,3.4368546318875666,8.974387969641352,66.57153657554777,0.12134681728163067,0.4764547983116318,False
F5,descriptive whole/cortical-kidney sensitivity including small studies,GSE142025_advanced;GSE166239;GSE111154;GSE199838,GSE142025_advanced;GSE166239;GSE111154;GSE199838,4.0,-1.0418645388053864,0.4795110950501047,1.0277593770908846,0.493245169815105,0.493245169815105,-2.6115908070825027,0.5278617294717296,-2.6115908070825027,0.5278617294717296,0.12509759218471228,0.12509759218471228,-4.699883361058408,2.616154283447635,-4.699883361058408,2.616154283447635,6.296074921037121,52.35126586603857,0.12509759218471228,0.48011720805133323,False
F7,descriptive whole/cortical-kidney sensitivity including small studies,GSE142025_advanced;GSE166239;GSE111154;GSE199838,GSE142025_advanced;GSE166239;GSE111154;GSE199838,4.0,-0.8675381155338887,0.5411871986339085,0.9105064899011605,0.46622729254504713,0.48860304624996576,-2.3512814401163005,0.6162052090485229,-2.4224910748224566,0.6874148437546793,0.15970915865075705,0.17389379616494977,-4.6149364362027026,2.8798602051349254,-4.6673435686736235,2.9322673376058463,7.283869019940319,58.8130979320578,0.17389379616494977,0.5236878553736757,False
F8,descriptive whole/cortical-kidney sensitivity including small studies,GSE142025_advanced;GSE166239;GSE111154;GSE199838,GSE142025_advanced;GSE166239;GSE111154;GSE199838,4.0,-0.023672132586154897,1.5368031124234076,0.9927969578302087,0.7095285538887711,0.7120978242194538,-2.2817086574027665,2.234364392230457,-2.2898852222739228,2.242540957101613,0.9754806137281556,0.9755690368992587,-6.169441705793276,6.1220974406209665,-6.174940498558002,6.127596233385693,13.039463419631957,76.99291831684377,0.9755690368992587,1.0,False
F9,descriptive whole/cortical-kidney sensitivity including small studies,GSE142025_advanced;GSE166239;GSE111154;GSE199838,GSE111154,1.0,,,,,,,,,,,,,,,,,,1.0,1.0,False
FBLN1,descriptive whole/cortical-kidney sensitivity including small studies,GSE142025_advanced;GSE166239;GSE111154;GSE199838,GSE142025_advanced;GSE166239;GSE111154;GSE199838,4.0,2.013588955556609,0.0,0.7174846090890914,0.29526089435959546,0.348577729088262,1.0739370132071513,2.9532408979060665,0.9042590495154843,3.1229188615977335,0.006449717734745349,0.01031527362070961,0.7431838624520279,3.2839940486611896,0.5137800379651298,3.513397873148088,2.152453827267274,0.0,0.01031527362070961,0.4380293061545702,False
FBLN2,descriptive whole/cortical-kidney sensitivity including small studies,GSE142025_advanced;GSE166239;GSE111154;GSE199838,GSE142025_advanced;GSE166239;GSE111154;GSE199838,4.0,1.0486574496137577,0.0,0.5076103836904354,0.21472099143686593,0.3013764098575391,0.3653194237486491,1.7319954754788665,0.08954320756296397,2.0077716916645514,0.016414993934735344,0.04006799760347401,0.12478758967341574,1.9725273095540996,-0.2480605829418756,2.3453754821693913,1.5228311510713064,0.0,0.04006799760347401,0.4380293061545702,False
FBLN5,descriptive whole/cortical-kidney sensitivity including small studies,GSE142025_advanced;GSE166239;GSE111154;GSE199838,GSE142025_advanced;GSE166239;GSE111154;GSE199838,4.0,1.5196684284351563,0.0,0.1523555695117076,0.12499032241627574,0.3202190913762799,1.1218934386652601,1.9174434182050524,0.5005883642034084,2.538748492666904,0.0011977792030591794,0.01774853937269331,0.9818784764985021,2.0574583803718105,0.14187688080711314,2.8974599760631996,0.45706670853512277,0.0,0.01774853937269331,0.4380293061545702,False
FBN1,descriptive whole/cortical-kidney sensitivity including small studies,GSE142025_advanced;GSE166239;GSE111154;GSE199838,GSE142025_advanced;GSE166239;GSE111154;GSE199838,4.0,1.6008250743006505,2.179221761468349,0.9704985364104619,0.8102391976762979,0.8224619351136747,-0.9777176667403196,4.179367815341621,-1.016615872338352,4.218266020939653,0.14264686691672285,0.14679213484862597,-5.644654733668507,8.84630488226981,-5.670104778485679,8.871754927086979,17.472861929071012,82.83051733494982,0.14679213484862597,0.4954234551141127,False
FBN2,descriptive whole/cortical-kidney sensitivity including small studies,GSE142025_advanced;GSE166239;GSE111154;GSE199838,GSE142025_advanced;GSE166239;GSE111154;GSE199838,4.0,0.36266715053957455,0.6531688500442665,0.9394660379085292,0.49991350824925723,0.5157679241471609,-1.2282807467496903,1.9536150478288397,-1.2787365740464054,2.0040708751255543,0.5206393152224994,0.5326129704391535,-3.726171528825727,4.451505829904876,-3.762464890772277,4.487799191851426,8.320627015403417,63.94502488278465,0.5326129704391535,0.7213157033610309,False
FBN3,descriptive whole/cortical-kidney sensitivity including small studies,GSE142025_advanced;GSE166239;GSE111154;GSE199838,GSE142025_advanced;GSE166239;GSE111154;GSE199838,4.0,-1.2065131275449996,0.7130790512445011,1.0317351683088107,0.5632266407914981,0.5632266407914981,-2.998951669569257,0.5859254144792576,-2.998951669569257,0.5859254144792576,0.12160634317996531,0.12160634317996531,-5.573871604850399,3.1608453497603994,-5.573871604850399,3.1608453497603994,8.028565897324318,62.633426213767386,0.12160634317996531,0.4764547983116318,False
FCAMR,descriptive whole/cortical-kidney sensitivity including small studies,GSE142025_advanced;GSE166239;GSE111154;GSE199838,GSE142025_advanced;GSE166239;GSE111154;GSE199838,4.0,-0.6223872607993568,0.0,0.21585641839467165,0.13409112125589823,0.28861409639751334,-1.0491250542115398,-0.19564946738717381,-1.540886125532419,0.2961116039337054,0.01884913523855856,0.11997405461061952,-1.1993347897062134,-0.04543973189250017,-1.864193490508292,0.6194189689095784,0.647569255184015,0.0,0.11997405461061952,0.4764547983116318,False
FCER1G,descriptive whole/cortical-kidney sensitivity including small studies,GSE142025_advanced;GSE166239;GSE111154;GSE199838,GSE142025_advanced;GSE166239;GSE111154;GSE199838,4.0,1.9964158627004693,0.23323103507305493,1.1357619913643948,0.4722370073579491,0.4722370073579491,0.4935469434159292,3.4992847819850095,0.4935469434159292,3.4992847819850095,0.024208648444417245,0.024208648444417245,-0.9098304276648459,4.902662153065784,-0.9098304276648459,4.902662153065784,4.580111795764739,34.49941543404856,0.024208648444417245,0.4380293061545702,False
FCN1,descriptive whole/cortical-kidney sensitivity including small studies,GSE142025_advanced;GSE166239;GSE111154;GSE199838,GSE142025_advanced;GSE166239;GSE111154;GSE199838,4.0,0.6774893718688232,1.3009175456103688,1.0182840540888554,0.6720250892094904,0.6720250892094904,-1.4611943903438736,2.81617313408152,-1.4611943903438736,2.81617313408152,0.38765369919328274,0.38765369919328274,-5.0185066625741115,6.373485406311758,-5.0185066625741115,6.373485406311758,11.197408868804377,73.2080873785193,0.38765369919328274,0.6484889746474698,False
FCN2,descriptive whole/cortical-kidney sensitivity including small studies,GSE142025_advanced;GSE166239;GSE111154;GSE199838,GSE142025_advanced;GSE111154;GSE199838,3.0,-0.7942162149357567,0.0,0.4497707989329858,0.22399820439681625,0.33400187828749367,-1.7580027005426961,0.1695702706711827,-2.231310308290889,0.6428778784193755,0.07115871527076502,0.1405179865255361,-3.640383260537211,2.0519508306656973,-5.038112462723553,3.449680032852039,0.8995415978659717,0.0,0.1405179865255361,0.4890025931088656,False
FCN3,descriptive whole/cortical-kidney sensitivity including small studies,GSE142025_advanced;GSE166239;GSE111154;GSE199838,GSE142025_advanced;GSE166239;GSE111154;GSE199838,4.0,-0.6864107223955184,0.27185334057794724,1.013232721602434,0.4125680937249632,0.4125680937249632,-1.9993865279484702,0.6265650831574333,-1.9993865279484702,0.6265650831574333,0.19475009012274358,0.19475009012274358,-3.547159628163652,2.174338183372615,-3.547159628163652,2.174338183372615,5.008831095345737,40.10578630236436,0.19475009012274358,0.5505029623325207,False
FGA,descriptive whole/cortical-kidney sensitivity including small studies,GSE142025_advanced;GSE166239;GSE111154;GSE199838,GSE142025_advanced;GSE111154;GSE199838,3.0,0.05418684587977775,0.0,0.7924769971778404,0.2883350577344498,0.3238949058373943,-1.1864187773638213,1.294792469123377,-1.3394204548734316,1.4477941466329873,0.8682713279605451,0.8825218736161999,-3.6094574303108917,3.7178311220704474,-4.061288140694178,4.169661832453733,1.5849539943556807,0.0,0.8825218736161999,0.9746327602841813,False
FGB,descriptive whole/cortical-kidney sensitivity including small studies,GSE142025_advanced;GSE166239;GSE111154;GSE199838,GSE142025_advanced;GSE166239;GSE111154;GSE199838,4.0,0.07562248995379615,0.0,0.5082376039821421,0.20128583681089948,0.2823448171254449,-0.5649588777109902,0.7162038576185825,-0.8229247301230801,0.9741697100306724,0.7321347085466628,0.8061840264653628,-0.7904405652605252,0.9416855451681175,-1.139209208181612,1.2904541880892042,1.5247128119464264,0.0,0.8061840264653628,0.9148436126411291,False
FGF2,descriptive whole/cortical-kidney sensitivity including small studies,GSE142025_advanced;GSE166239;GSE111154;GSE199838,GSE142025_advanced;GSE166239;GSE111154;GSE199838,4.0,0.9969018657934946,0.4882059179314429,0.8184880667632445,0.4337417929381863,0.4794298765344523,-0.38345810058976737,2.3772618321767567,-0.5288579734261972,2.5226617050131863,0.10514481036832024,0.12908288326273382,-2.5415895393622114,4.535393270949201,-2.6490953895379548,4.642899121124944,6.8118891341785,55.95935369899713,0.12908288326273382,0.4806586058002525,False
FGG,descriptive whole/cortical-kidney sensitivity including small studies,GSE142025_advanced;GSE166239;GSE111154;GSE199838,GSE142025_advanced;GSE111154;GSE199838,3.0,0.1421153618931819,0.2321546974497848,1.1091884654882207,0.48058298014091233,0.48058298014091233,-1.9256663094812458,2.20989703326761,-1.9256663094812458,2.20989703326761,0.7953249511502323,0.7953249511502323,-8.504778561653367,8.789009285439732,-8.504778561653367,8.789009285439732,3.2475424341523156,38.414969456063574,0.7953249511502323,0.906462062227994,False
FKBP1A,descriptive whole/cortical-kidney sensitivity including small studies,GSE142025_advanced;GSE166239;GSE111154;GSE199838,GSE142025_advanced;GSE166239;GSE111154;GSE199838,4.0,0.7892525682496871,1.3140630837386182,1.03014973352365,0.6797728656870663,0.6797728656870663,-1.3740880765882353,2.9525932130876096,-1.3740880765882353,2.9525932130876096,0.32961069284064837,0.32961069284064837,-4.944997558172858,6.523502694672233,-4.944997558172858,6.523502694672233,11.065579408430018,72.8889027020625,0.32961069284064837,0.6116607290425718,False
FMOD,descriptive whole/cortical-kidney sensitivity including small studies,GSE142025_advanced;GSE166239;GSE111154;GSE199838,GSE142025_advanced;GSE166239;GSE111154;GSE199838,4.0,2.298316863989289,0.2644720348157853,0.8514469404016675,0.4260515698158168,0.46172498432127457,0.942430619768619,3.6542031082099586,0.8289018935788706,3.767731834399707,0.012483884085245384,0.01558234500283185,-0.5751078144321715,5.171741542410749,-0.6753796230525597,5.272013351031138,3.988891650239209,24.791138415101006,0.01558234500283185,0.4380293061545702,False
FN1,descriptive whole/cortical-kidney sensitivity including small studies,GSE142025_advanced;GSE166239;GSE111154;GSE199838,GSE142025_advanced;GSE166239;GSE111154;GSE199838,4.0,1.5885815034127517,0.34487855420689456,1.056396424215877,0.4713381849600962,0.4713381849600962,0.08857303814736461,3.088589968678139,0.08857303814736461,3.088589968678139,0.04339913627664774,0.04339913627664774,-1.6513995364955443,4.8285625433210475,-1.6513995364955443,4.8285625433210475,5.184052830156292,42.130219380701135,0.04339913627664774,0.4380293061545702,False
FURIN,descriptive whole/cortical-kidney sensitivity including small studies,GSE142025_advanced;GSE166239;GSE111154;GSE199838,GSE142025_advanced;GSE166239;GSE111154;GSE199838,4.0,0.24720763889732977,0.0,1.0814350141575784,0.29803489674267425,0.29803489674267425,-0.7012724170870053,1.1956876948816648,-0.7012724170870053,1.1956876948816648,0.4676795938626669,0.4676795938626669,-1.0351330231331364,1.5295483009277961,-1.0351330231331364,1.5295483009277961,3.2443050424727353,7.530273487678323,0.4676795938626669,0.6736063414831326,False
FYN,descriptive whole/cortical-kidney sensitivity including small studies,GSE142025_advanced;GSE166239;GSE111154;GSE199838,GSE142025_advanced;GSE166239;GSE111154;GSE199838,4.0,0.8184704931004368,0.0,0.9348641216861734,0.2856628549600046,0.29544696018339117,-0.09063620422382546,1.7275771904246993,-0.12177359374249908,1.7587145799433728,0.06430441403144209,0.06955229224843923,-0.4106375695812515,2.0475785557821253,-0.4527351766288118,2.0896761628296856,2.8045923650585203,0.0,0.06955229224843923,0.43880678261865175,False
GAS6,descriptive whole/cortical-kidney sensitivity including small studies,GSE142025_advanced;GSE166239;GSE111154;GSE199838,GSE142025_advanced;GSE166239;GSE111154;GSE199838,4.0,0.42348445938234747,0.20774313839917763,0.9976509728323343,0.38474720572389454,0.3851998942328661,-0.8009528639418912,1.6479217827065862,-0.8023935208147122,1.649362439579407,0.35142858138240396,0.3519114033157237,-2.142908317947587,2.989877236712282,-2.1441651391529883,2.9911340579176833,4.577520633560901,34.46233801755103,0.3519114033157237,0.6199275618356702,False
GDF5,descriptive whole/cortical-kidney sensitivity including small studies,GSE142025_advanced;GSE166239;GSE111154;GSE199838,GSE142025_advanced;GSE111154;GSE199838,3.0,0.5471873204773965,1.2751155387845214,0.9738042310718004,0.7509865742650772,0.7610204801296803,-2.6840471132894352,3.7784217542442278,-2.7272195257478185,3.821594166702611,0.5419985151718701,0.5467902739294199,-16.68411463336652,17.77848927432131,-16.755042115981595,17.849416756936385,8.12082184727204,75.37195079988311,0.5467902739294199,0.7263749021191817,False
GLG1,descriptive whole/cortical-kidney sensitivity including small studies,GSE142025_advanced;GSE166239;GSE111154;GSE199838,GSE142025_advanced;GSE166239;GSE111154;GSE199838,4.0,-0.13902781550731877,0.18349780132367713,0.9373523311680007,0.36064315328691043,0.3724999851231631,-1.2867552862111127,1.008699655196475,-1.3244890168807655,1.0464333858661279,0.7255772993155758,0.7337905232230986,-2.5483646112256184,2.2703089802109813,-2.5815329243049208,2.3034772932902836,4.33441905250376,30.786572233548533,0.7337905232230986,0.8669255456258017,False
GP1BA,descriptive whole/cortical-kidney sensitivity including small studies,GSE142025_advanced;GSE166239;GSE111154;GSE199838,GSE142025_advanced;GSE111154;GSE199838,3.0,-1.1723419036442226,0.26090096949297725,0.8968878239827747,0.4528947295250559,0.4782205147936148,-3.1209906479243488,0.7763068406359033,-3.2299587070431626,0.8852748997547171,0.12242895530847503,0.13379997116752942,-9.846265912253488,7.501582104965043,-10.063016274073998,7.7183324667855535,3.0273284854221587,33.93515075648946,0.13379997116752942,0.48096740403921834,False
GP1BB,descriptive whole/cortical-kidney sensitivity including small studies,GSE142025_advanced;GSE166239;GSE111154;GSE199838,GSE111154,1.0,,,,,,,,,,,,,,,,,,1.0,1.0,False
GP5,descriptive whole/cortical-kidney sensitivity including small studies,GSE142025_advanced;GSE166239;GSE111154;GSE199838,GSE111154;GSE199838,2.0,-0.6451189015484918,0.0,0.23084058580153444,0.26719111059121176,0.5561166798545109,-4.040103856406323,2.7498660533093395,-7.711251292981624,6.42101348988464,0.24997819420583337,0.4529174520242955,,,,,0.23084058580153444,0.0,0.4529174520242955,0.6686409686297471,False
GP6,descriptive whole/cortical-kidney sensitivity including small studies,GSE142025_advanced;GSE166239;GSE111154;GSE199838,GSE142025_advanced;GSE166239;GSE111154;GSE199838,4.0,-0.5936215147617622,0.0,0.5836696332035739,0.22200496987523663,0.29058898463968513,-1.3001404108958299,0.11289738137230554,-1.518405355284472,0.33116232576094784,0.07543871280598098,0.13368325166585118,-1.5488318044133962,0.36158877488987173,-1.8439250027568277,0.6566819732333035,1.7510088996107216,0.0,0.13368325166585118,0.48096740403921834,False
GP9,descriptive whole/cortical-kidney sensitivity including small studies,GSE142025_advanced;GSE166239;GSE111154;GSE199838,GSE142025_advanced;GSE111154;GSE199838,3.0,-0.26779963061513934,0.0,0.037271871952770444,0.062045642798588874,0.3213813609623409,-0.5347604849715478,-0.0008387762587308556,-1.6505920206503524,1.1149927594200737,0.04971021066565717,0.4923524842254862,-1.0561642710015726,0.5205650097712939,-4.351337001393103,3.815737740162825,0.07454374390554089,0.0,0.4923524842254862,0.6903300573944717,False
GPC1,descriptive whole/cortical-kidney sensitivity including small studies,GSE142025_advanced;GSE166239;GSE111154;GSE199838,GSE142025_advanced;GSE166239;GSE111154;GSE199838,4.0,0.8258616541613096,0.9441911320136539,1.0863902743323735,0.6273462067980081,0.6273462067980081,-1.1706339637967602,2.8223572721193793,-1.1706339637967602,2.8223572721193793,0.2795684959374289,0.2795684959374289,-4.150643847546501,5.8023671558691206,-4.150643847546501,5.8023671558691206,8.301451146618685,63.86173998961677,0.2795684959374289,0.5948427508668663,False
GPC2,descriptive whole/cortical-kidney sensitivity including small studies,GSE142025_advanced;GSE166239;GSE111154;GSE199838,GSE142025_advanced;GSE166239;GSE111154;GSE199838,4.0,0.5598194391033475,1.5292523568520344,1.0070644191913096,0.7111596409523463,0.7111596409523463,-1.7034079327123353,2.8230468109190303,-1.7034079327123353,2.8230468109190303,0.48863022454272154,0.48863022454272154,-5.578062687199279,6.697701565405974,-5.578062687199279,6.697701565405974,12.804661321885838,76.57103202821637,0.48863022454272154,0.6893648032737855,False
GPC3,descriptive whole/cortical-kidney sensitivity including small studies,GSE142025_advanced;GSE166239;GSE111154;GSE199838,GSE142025_advanced;GSE166239;GSE111154;GSE199838,4.0,-0.00031726543410446077,0.09909592305095126,0.9320358929746105,0.3249819171020759,0.33662229576607083,-1.034554766799622,1.0339202359314132,-1.071599646870956,1.0709651160027474,0.9992823495499749,0.9993071658492355,-1.9470437773448999,1.9464092464766911,-1.983324409399608,1.9826898785313993,3.5966065629181005,16.588040767907756,0.9993071658492355,1.0,False
GPC4,descriptive whole/cortical-kidney sensitivity including small studies,GSE142025_advanced;GSE166239;GSE111154;GSE199838,GSE142025_advanced;GSE166239;GSE111154;GSE199838,4.0,0.28645286718133567,0.6255909677457986,1.149616408673953,0.5544701610563274,0.5544701610563274,-1.478118648262436,2.051024382625107,-1.478118648262436,2.051024382625107,0.6410885927042721,0.6410885927042721,-3.869624881507731,4.442530615870402,-3.869624881507731,4.442530615870402,7.029284447855821,57.32140273658857,0.6410885927042721,0.7955188083794692,False
GPC5,descriptive whole/cortical-kidney sensitivity including small studies,GSE142025_advanced;GSE166239;GSE111154;GSE199838,GSE142025_advanced;GSE166239;GSE111154;GSE199838,4.0,-0.5609494717433653,0.10610807272962322,1.0484472020823246,0.3514819724513441,0.3514819724513441,-1.6795219763449754,0.5576230328582447,-1.6795219763449754,0.5576230328582447,0.20877243193089567,0.20877243193089567,-2.622848043415446,1.5009490999287158,-2.622848043415446,1.5009490999287158,3.981207520083285,24.64597776261506,0.20877243193089567,0.5636855662134184,False
GPC6,descriptive whole/cortical-kidney sensitivity including small studies,GSE142025_advanced;GSE166239;GSE111154;GSE199838,GSE142025_advanced;GSE166239;GSE111154;GSE199838,4.0,-0.5892220337998609,0.0,0.5383403382243913,0.21184007077443226,0.28872184967795034,-1.263391684346992,0.08494761674727014,-1.5080638175621321,0.32961974996241017,0.0689075525946164,0.13394419377315558,-1.5006962925877911,0.32225222498806927,-1.8314918884550075,0.6530478208552858,1.615021014673174,0.0,0.13394419377315558,0.48096740403921834,False
GRB14,descriptive whole/cortical-kidney sensitivity including small studies,GSE142025_advanced;GSE166239;GSE111154;GSE199838,GSE142025_advanced;GSE166239;GSE111154;GSE199838,4.0,-1.1001802353883727,1.1087068287940092,0.989861184167994,0.6240366653982027,0.6272244224558884,-3.086143415546448,0.8857829447697028,-3.096288281216822,0.8959278104400767,0.17610179322737635,0.17769889035747186,-6.366543844658977,4.166183373882231,-6.373549941294602,4.1731894705178565,10.664642774135611,71.86966255188838,0.17769889035747186,0.5330966710724155,False
GRB2,descriptive whole/cortical-kidney sensitivity including small studies,GSE142025_advanced;GSE166239;GSE111154;GSE199838,GSE142025_advanced;GSE166239;GSE111154;GSE199838,4.0,0.3958492920668438,1.4698231971252027,1.253808754142791,0.7957981443355908,0.7957981443355908,-2.136735572125588,2.9284341562592755,-2.136735572125588,2.9284341562592755,0.6530625961580996,0.6530625961580996,-5.843913836239717,6.635612420373405,-5.843913836239717,6.635612420373405,9.519563594116587,68.48595032387722,0.6530625961580996,0.8040063094210566,False
GRB7,descriptive whole/cortical-kidney sensitivity including small studies,GSE142025_advanced;GSE166239;GSE111154;GSE199838,GSE142025_advanced;GSE166239;GSE111154;GSE199838,4.0,-0.9978398968393238,0.1704996669300525,0.7694495260503437,0.3292487578921491,0.3753479748330145,-2.045656389912444,0.04997659623379591,-2.1923646725423733,0.19668487886372543,0.056281734660677867,0.07644045095626006,-3.2701310996563215,1.274451305977674,-3.398804047833546,1.4031242541548983,3.731561237435883,19.604696020976206,0.07644045095626006,0.43880678261865175,False
GYPA,descriptive whole/cortical-kidney sensitivity including small studies,GSE142025_advanced;GSE166239;GSE111154;GSE199838,GSE166239;GSE111154;GSE199838,3.0,-1.104389997914712,0.0,0.530698500523604,0.3158352562644663,0.43354749157093975,-2.4633194254321387,0.2545394296027146,-2.969794295998448,0.7610143001690237,0.07294914769598812,0.1257011847388548,-5.117457426913222,2.908677431083798,-6.613133188670045,4.404353192840621,1.061397001047208,0.0,0.1257011847388548,0.48011720805133323,False
GYPB,descriptive whole/cortical-kidney sensitivity including small studies,GSE142025_advanced;GSE166239;GSE111154;GSE199838,GSE111154,1.0,,,,,,,,,,,,,,,,,,1.0,1.0,False
GYPC,descriptive whole/cortical-kidney sensitivity including small studies,GSE142025_advanced;GSE166239;GSE111154;GSE199838,GSE142025_advanced;GSE166239;GSE111154;GSE199838,4.0,1.907748160376155,0.04199173346040876,0.8336416911767687,0.33026253694520413,0.36171756588814413,0.8567053699012661,2.9587909508510437,0.7566014292592147,3.0588948914930953,0.010315902576451407,0.013288713419815896,0.2354322057801217,3.5800641149721883,0.11900686870081145,3.6964894520514986,2.752637635767965,0.0,0.013288713419815896,0.4380293061545702,False
GZMM,descriptive whole/cortical-kidney sensitivity including small studies,GSE142025_advanced;GSE166239;GSE111154;GSE199838,GSE142025_advanced;GSE111154;GSE199838,3.0,0.6004521635637884,3.891930440317577,0.9827157367278812,1.2058484190034362,1.2164065862405473,-4.587894828125419,5.788799155252995,-4.633322955209327,5.8342272823369035,0.6678823389911768,0.6704507629971264,-28.778098076895755,29.97900240402333,-28.848285818321802,30.049190145449376,18.677894373217935,89.29215488621789,0.6704507629971264,0.8202546053542967,False
HAPLN1,descriptive whole/cortical-kidney sensitivity including small studies,GSE142025_advanced;GSE166239;GSE111154;GSE199838,GSE142025_advanced;GSE111154;GSE199838,3.0,-0.03860170003243494,1.2269578628458633,1.0621769459180912,0.7834304168450267,0.7834304168450267,-3.4094307216394477,3.3322273215745777,-3.4094307216394477,3.3322273215745777,0.9651800959528074,0.9651800959528074,-17.277513272218183,17.200309872153316,-17.277513272218183,17.200309872153316,6.478990424467209,69.13099311819917,0.9651800959528074,1.0,False
HDAC1,descriptive whole/cortical-kidney sensitivity including small studies,GSE142025_advanced;GSE166239;GSE111154;GSE199838,GSE142025_advanced;GSE166239;GSE111154;GSE199838,4.0,1.234022907321532,0.28670307367180026,0.7989109719754826,0.3788149975894029,0.4238166085942053,0.02846451785708015,2.439581296785984,-0.1147506928169677,2.582796507460032,0.047217632614907634,0.061911650588794505,-1.5880839548670864,4.05612976951015,-1.7041678537312084,4.1722136683742725,4.696348072288219,36.12057807848347,0.061911650588794505,0.43880678261865175,False
HIF1A,descriptive whole/cortical-kidney sensitivity including small studies,GSE142025_advanced;GSE166239;GSE111154;GSE199838,GSE142025_advanced;GSE166239;GSE111154;GSE199838,4.0,0.26209752480214843,0.0,0.5007465234879711,0.2004497553247481,0.28326737567851196,-0.3758230584261194,0.9000181080304163,-0.639385688333344,1.1635807379376408,0.28220693941884833,0.42307296237179637,-0.6003681621234908,1.1245632117277875,-0.9567036224099674,1.4808986720142643,1.5022395704639133,0.0,0.42307296237179637,0.6585807744276672,False
HIF1AN,descriptive whole/cortical-kidney sensitivity including small studies,GSE142025_advanced;GSE166239;GSE111154;GSE199838,GSE142025_advanced;GSE166239;GSE111154;GSE199838,4.0,0.6227150908083715,2.2500341022267696,1.0129985000566657,0.8339071686567268,0.8339071686567268,-2.031149697032826,3.276579878649569,-2.031149697032826,3.276579878649569,0.5094142902321707,0.5094142902321707,-6.761613886942324,8.007044068559066,-6.761613886942324,8.007044068559066,17.796944293763556,83.14317362306255,0.5094142902321707,0.7060296929799144,False
HIF3A,descriptive whole/cortical-kidney sensitivity including small studies,GSE142025_advanced;GSE166239;GSE111154;GSE199838,GSE142025_advanced;GSE166239;GSE111154;GSE199838,4.0,0.44024348437777805,1.1221643463596258,0.9870391366278141,0.6288414563140724,0.6329566664077936,-1.561010684878168,2.441497653633724,-1.574107120036397,2.454594088791953,0.5342799545405015,0.5367566511881051,-4.860243858467928,5.740730827223484,-4.869304056031536,5.749791024787092,11.387738456712054,73.65587547164144,0.5367566511881051,0.7223906845610706,False
HIGD1A,descriptive whole/cortical-kidney sensitivity including small studies,GSE142025_advanced;GSE166239;GSE111154;GSE199838,GSE142025_advanced;GSE111154;GSE199838,3.0,0.1410502953930677,0.029512282348586282,0.8035832528293148,0.31029769905851795,0.34614902811859555,-1.1940529464960417,1.476153537282177,-1.3483087653415307,1.630409356127666,0.6939933939675802,0.723129107516089,-4.365569240317921,4.647669831104057,-4.769062442340287,5.051163033126423,1.7492862106430516,0.0,0.723129107516089,0.8605016583360149,False
HRAS,descriptive whole/cortical-kidney sensitivity including small studies,GSE142025_advanced;GSE166239;GSE111154;GSE199838,GSE142025_advanced;GSE166239;GSE111154;GSE199838,4.0,0.23653031482570355,0.4856194529482259,0.8921282678345609,0.44374557915784335,0.4698079798150893,-1.175666164051154,1.6487267937025614,-1.25860835472963,1.7316689843810373,0.6309710625214734,0.6492820129633955,-3.3181212617477027,3.7911818913991095,-3.3795901144108202,3.852650744062227,7.166217294902053,58.136909940839246,0.6492820129633955,0.8006107340950215,False
HSPG2,descriptive whole/cortical-kidney sensitivity including small studies,GSE142025_advanced;GSE166239;GSE111154;GSE199838,GSE142025_advanced;GSE166239;GSE111154;GSE199838,4.0,0.869097179834612,0.3575424736435931,1.126919765457994,0.4769843693658527,0.4769843693658527,-0.6488799641318254,2.3870743238010492,-0.6488799641318254,2.3870743238010492,0.16597791874948029,0.16597791874948029,-2.4219584451923293,4.1601528048615535,-2.4219584451923293,4.1601528048615535,5.56072406172305,46.05019118552669,0.16597791874948029,0.5118883960563447,False
HTRA1,descriptive whole/cortical-kidney sensitivity including small studies,GSE142025_advanced;GSE166239;GSE111154;GSE199838,GSE142025_advanced;GSE166239;GSE111154;GSE199838,4.0,-1.2006898358343987,0.4770708320863707,0.898258245661849,0.45858601532920334,0.48386053402867935,-2.6601152059735997,0.25873553430480234,-2.740550004626571,0.33917033295777355,0.07912098126086543,0.08915317845566939,-4.767928799461814,2.3665491277930157,-4.829211165664731,2.427831493995934,6.296840562918184,52.3570595440058,0.08915317845566939,0.44748037647941746,False
IBSP,descriptive whole/cortical-kidney sensitivity including small studies,GSE142025_advanced;GSE166239;GSE111154;GSE199838,GSE111154;GSE199838,2.0,0.3904040020392515,0.0,0.8305487702312551,0.5033960338723715,0.5523663578271405,-6.0058490677214325,6.786657071799936,-6.628076029887527,7.4088840339660305,0.580055264202159,0.6083102322213034,,,,,0.8305487702312551,0.0,0.6083102322213034,0.7732255062163645,False
ICAM1,descriptive whole/cortical-kidney sensitivity including small studies,GSE142025_advanced;GSE166239;GSE111154;GSE199838,GSE142025_advanced;GSE166239;GSE111154;GSE199838,4.0,1.1112659178596687,2.1778222687262607,1.148867790626054,0.8905094736029747,0.8905094736029747,-1.7227326662282576,3.945264501947595,-1.7227326662282576,3.945264501947595,0.3005979717091606,0.3005979717091606,-6.304826806439462,8.527358642158799,-6.304826806439462,8.527358642158799,10.880086912566082,72.42669085175123,0.3005979717091606,0.5983180274629728,False
ICAM2,descriptive whole/cortical-kidney sensitivity including small studies,GSE142025_advanced;GSE166239;GSE111154;GSE199838,GSE142025_advanced;GSE166239;GSE111154;GSE199838,4.0,1.129979459872817,0.4304841585816152,0.8696070631813079,0.4331605189200711,0.46450173023314967,-0.24853063315913704,2.508489552904771,-0.3482723553055598,2.608231275051194,0.07977538540420608,0.09310758057237829,-2.2527709150971695,4.512729834842804,-2.3288984652353015,4.588857384980936,6.067521780731478,50.55641976388041,0.09310758057237829,0.456914220824969,False
ICAM3,descriptive whole/cortical-kidney sensitivity including small studies,GSE142025_advanced;GSE166239;GSE111154;GSE199838,GSE142025_advanced;GSE166239;GSE111154;GSE199838,4.0,1.311239707486705,0.15389959944023368,0.8728619909894587,0.35661745059182137,0.3817067146588372,0.1763238194510679,2.446155595522342,0.0964785837187061,2.526000831254704,0.034832765432374006,0.04138055746007837,-0.9698789293405292,3.592358344313939,-1.0438471076104976,3.6663265225839075,3.7064896216164676,19.06088222927101,0.04138055746007837,0.4380293061545702,False
ICAM4,descriptive whole/cortical-kidney sensitivity including small studies,GSE142025_advanced;GSE166239;GSE111154;GSE199838,GSE142025_advanced;GSE111154;GSE199838,3.0,-1.077623750029939,0.8033032916371275,0.916825767017743,0.6191872912852505,0.6466639172274821,-3.741771639104597,1.5865241390447191,-3.8599940187192447,1.7047465186593667,0.22391905078665195,0.23755141200200416,-14.919202358794777,12.763954858734898,-15.120581429802243,12.965333929742364,5.959256873660635,66.43876841691764,0.23755141200200416,0.5816283690467094,False
ICAM5,descriptive whole/cortical-kidney sensitivity including small studies,GSE142025_advanced;GSE166239;GSE111154;GSE199838,GSE142025_advanced;GSE166239;GSE111154;GSE199838,4.0,0.042737507031106424,0.9508602611645588,0.9276120217769992,0.5658595741789018,0.5875238271588558,-1.7580802041239516,1.8435552181861645,-1.8270255259767378,1.9125005400389508,0.9445501876447782,0.9465899439874766,-4.808123860340668,4.8935988744028815,-4.855572340778854,4.941047354841067,11.233859738813178,73.29501996864934,0.9465899439874766,1.0,False
IGHA1,descriptive whole/cortical-kidney sensitivity including small studies,GSE142025_advanced;GSE166239;GSE111154;GSE199838,GSE111154;GSE199838,2.0,2.000355123909481,0.8837441845645215,1.0000000070896016,1.0051091206421667,1.0051091206421667,-10.7707671451664,14.771477392985362,-10.7707671451664,14.771477392985362,0.2964215848788945,0.2964215848788945,,,,,1.640228993201613,39.032903079705385,0.2964215848788945,0.5983180274629728,False
IGHA2,descriptive whole/cortical-kidney sensitivity including small studies,GSE142025_advanced;GSE166239;GSE111154;GSE199838,GSE111154;GSE199838,2.0,2.129334564995137,2.106079117359249,1.000000007884455,1.3066509420625885,1.3066509420625885,-14.47323982356765,18.731908953557923,-14.47323982356765,18.731908953557923,0.35038957888478933,0.35038957888478933,,,,,2.354924461502968,57.53579291618651,0.35038957888478933,0.6199275618356702,False
IGHG1,descriptive whole/cortical-kidney sensitivity including small studies,GSE142025_advanced;GSE166239;GSE111154;GSE199838,GSE111154;GSE199838,2.0,1.5703894451073024,0.06024534521286986,1.00000000633278,0.685228709475667,0.685228709475667,-7.136266828595291,10.277045718809896,-7.136266828595291,10.277045718809896,0.2619302350490386,0.2619302350490386,,,,,1.0563890177572923,5.337902686361307,0.2619302350490386,0.5848621191027763,False
IGHG2,descriptive whole/cortical-kidney sensitivity including small studies,GSE142025_advanced;GSE166239;GSE111154;GSE199838,GSE111154;GSE199838,2.0,0.9567008043490987,0.0,0.10614256598592509,0.18785939212506034,0.5766179018425481,-1.4302790936052423,3.3436807023034394,-6.369924311005801,8.283325919703998,0.12343723485852606,0.34531110469299836,,,,,0.10614256598592509,0.0,0.34531110469299836,0.6199275618356702,False
IGHG3,descriptive whole/cortical-kidney sensitivity including small studies,GSE142025_advanced;GSE166239;GSE111154;GSE199838,GSE111154;GSE199838,2.0,1.5006134859985458,0.0,0.7418749090078474,0.556694788775614,0.6463262791512622,-5.572864475745932,8.574091447743022,-6.711740543267389,9.71296751526448,0.22615280520945177,0.2589103643562449,,,,,0.7418749090078474,0.0,0.2589103643562449,0.5848621191027763,False
IGHG4,descriptive whole/cortical-kidney sensitivity including small studies,GSE142025_advanced;GSE166239;GSE111154;GSE199838,GSE111154;GSE199838,2.0,1.8680486389504478,1.2961710111749545,0.9999999851650581,1.0986989707024193,1.0986989788519872,-12.092245426218893,15.82834270411979,-12.092245529768972,15.828342807669868,0.3384672727633325,0.3384672748268392,,,,,1.9799713358273245,49.49421833007733,0.3384672748268392,0.6171170695217906,False
IGHM,descriptive whole/cortical-kidney sensitivity including small studies,GSE142025_advanced;GSE166239;GSE111154;GSE199838,GSE111154;GSE199838,2.0,1.2312663465381102,0.0,0.21867050797209509,0.2834428393823276,0.6061364247256742,-2.3702164016564238,4.832749094732645,-6.470427164079248,8.932959857155469,0.1440431427343198,0.2912269338470832,,,,,0.21867050797209509,0.0,0.2912269338470832,0.5983180274629728,False
IGHV1-2,descriptive whole/cortical-kidney sensitivity including small studies,GSE142025_advanced;GSE166239;GSE111154;GSE199838,GSE111154;GSE199838,2.0,1.5193544014730729,0.0,0.8426618413582738,0.5971746649323857,0.6505410563304128,-6.068469154414343,9.107177957360488,-6.746553449548507,9.785262252494654,0.23841178365649754,0.2575458585625341,,,,,0.8426618413582738,0.0,0.2575458585625341,0.5848621191027763,False
IGHV1-46,descriptive whole/cortical-kidney sensitivity including small studies,GSE142025_advanced;GSE166239;GSE111154;GSE199838,GSE111154;GSE199838,2.0,1.989266254239334,3.959757564833415,0.9999999893943826,1.634917631755911,1.6349176404255665,-18.78433190163314,22.762864410111806,-18.784332011791555,22.76286452027022,0.4379527628278565,0.43795276448382636,,,,,3.4974908775118125,71.40807410164224,0.43795276448382636,0.6616625383252681,False
IGHV1-69,descriptive whole/cortical-kidney sensitivity including small studies,GSE142025_advanced;GSE166239;GSE111154;GSE199838,GSE111154;GSE199838,2.0,2.313238326210761,6.469242328310686,1.0000000426541134,2.026215085344703,2.026215085344703,-23.432265387704714,28.058742040126237,-23.432265387704714,28.058742040126237,0.45795348276944847,0.45795348276944847,,,,,4.242719052510551,76.43020931569183,0.45795348276944847,0.67023846169809,False
IGHV2-5,descriptive whole/cortical-kidney sensitivity including small studies,GSE142025_advanced;GSE166239;GSE111154;GSE199838,GSE111154;GSE199838,2.0,2.147603466554333,6.562674980182318,1.000000011757922,2.02711490548514,2.02711490548514,-23.609333546291268,27.904540479399934,-23.609333546291268,27.904540479399934,0.4816313087562918,0.4816313087562918,,,,,4.500324964982858,77.77938242724636,0.4816313087562918,0.6831835412249574,False
IGHV2-70,descriptive whole/cortical-kidney sensitivity including small studies,GSE142025_advanced;GSE166239;GSE111154;GSE199838,GSE111154;GSE199838,2.0,1.6994565946552318,0.6320391358733212,1.0000000002404845,0.9000182124375348,0.9000182124375348,-9.736359078862055,13.135272268172518,-9.736359078862055,13.135272268172518,0.31005917542218236,0.31005917542218236,,,,,1.5373186657343147,34.951677730242054,0.31005917542218236,0.6058379510653872,False
IGHV3-11,descriptive whole/cortical-kidney sensitivity including small studies,GSE142025_advanced;GSE166239;GSE111154;GSE199838,GSE111154;GSE199838,2.0,2.8497940141257696,8.381062939069386,0.9999999883273116,2.302746491997473,2.302746505437094,-26.40937436870218,32.10896239695372,-26.409374539468757,32.1089625677203,0.4326620537126088,0.43266205552895964,,,,,4.226806946011667,76.3414792117823,0.43266205552895964,0.660378926859991,False
IGHV3-13,descriptive whole/cortical-kidney sensitivity including small studies,GSE142025_advanced;GSE166239;GSE111154;GSE199838,GSE111154;GSE199838,2.0,0.9252340167148984,0.5158560774183929,0.999999989167879,0.7947658120584186,0.7947658163629183,-9.173223108611507,11.023691142041303,-9.173223163305362,11.023691196735157,0.4518023868767433,0.4518023885810036,,,,,1.6283514178230538,38.588194842062904,0.4518023885810036,0.6686409686297471,False
IGHV3-23,descriptive whole/cortical-kidney sensitivity including small studies,GSE142025_advanced;GSE166239;GSE111154;GSE199838,GSE111154;GSE199838,2.0,1.628779355717101,0.030409071103974755,1.0000000014802517,0.6802063145598395,0.6802063145598395,-7.014061339919066,10.271620051353269,-7.014061339919066,10.271620051353269,0.2518472845058692,0.2518472845058692,,,,,1.0276908428184897,2.694472079029744,0.2518472845058692,0.5816283690467094,False
IGHV3-30,descriptive whole/cortical-kidney sensitivity including small studies,GSE142025_advanced;GSE166239;GSE111154;GSE199838,GSE111154;GSE199838,2.0,1.6053041089106186,0.0,0.8632622551915163,0.6148398814071766,0.6617449776577969,-6.206977304214336,9.417585522035573,-6.802963060344697,10.013571278165934,0.23285668384103536,0.24891816656611032,,,,,0.8632622551915163,0.0,0.24891816656611032,0.5816283690467094,False
IGHV3-33,descriptive whole/cortical-kidney sensitivity including small studies,GSE142025_advanced;GSE166239;GSE111154;GSE199838,GSE111154;GSE199838,2.0,1.447488483074319,0.0,0.2048229845415882,0.28501397679772617,0.6297625237628257,-2.1739574587889336,5.068934424937572,-6.554403079026225,9.449380045174863,0.12376865297769928,0.2612504014973345,,,,,0.2048229845415882,0.0,0.2612504014973345,0.5848621191027763,False
IGHV3-48,descriptive whole/cortical-kidney sensitivity including small studies,GSE142025_advanced;GSE166239;GSE111154;GSE199838,GSE111154;GSE199838,2.0,1.2591797681087376,0.0,0.40307329083235083,0.38883739388704414,0.6124575787802109,-3.681467767700648,6.1998273039181235,-6.522831620094465,9.041191156311939,0.1906755492313964,0.28820015389569537,,,,,0.40307329083235083,0.0,0.28820015389569537,0.5983180274629728,False
IGHV3-53,descriptive whole/cortical-kidney sensitivity including small studies,GSE142025_advanced;GSE166239;GSE111154;GSE199838,GSE111154;GSE199838,2.0,0.911846605902346,0.0,0.02246910951422203,0.08576709619944421,0.5721735477620564,-0.17792767803498255,2.001620889839675,-6.358307636585773,8.182000848390466,0.059703966829215145,0.3567534600738966,,,,,0.02246910951422203,0.0,0.3567534600738966,0.623522230441654,False
IGHV3-7,descriptive whole/cortical-kidney sensitivity including small studies,GSE142025_advanced;GSE166239;GSE111154;GSE199838,GSE111154;GSE199838,2.0,3.6726256329658984,18.458571846250127,1.000000011696383,3.322420521897675,3.322420521897675,-38.54272973793434,45.88798100386613,-38.54272973793434,45.88798100386613,0.46815439071681425,0.46815439071681425,,,,,5.390193869725822,81.44779159769135,0.46815439071681425,0.6736063414831326,False
IGHV3-9,descriptive whole/cortical-kidney sensitivity including small studies,GSE142025_advanced;GSE166239;GSE111154;GSE199838,GSE111154,1.0,,,,,,,,,,,,,,,,,,1.0,1.0,False
IGHV4-34,descriptive whole/cortical-kidney sensitivity including small studies,GSE142025_advanced;GSE166239;GSE111154;GSE199838,GSE111154;GSE199838,2.0,1.3900109075491274,0.2351301786028477,1.0000000144010492,0.7337254166440149,0.7337254166440149,-7.932854456464806,10.712876271563061,-7.932854456464806,10.712876271563061,0.30919550909351173,0.30919550909351173,,,,,1.2378221131461462,19.212947532636882,0.30919550909351173,0.6058379510653872,False
IGHV4-39,descriptive whole/cortical-kidney sensitivity including small studies,GSE142025_advanced;GSE166239;GSE111154;GSE199838,GSE111154;GSE199838,2.0,1.0955719920614069,0.7394383396085171,1.0000000305369903,0.8791398578212545,0.8791398578212545,-10.074959033146964,12.266103017269778,-10.074959033146964,12.266103017269778,0.43050266983094143,0.43050266983094143,,,,,1.8255976984341866,45.22341911048097,0.43050266983094143,0.659349962513257,False
IGHV4-59,descriptive whole/cortical-kidney sensitivity including small studies,GSE142025_advanced;GSE166239;GSE111154;GSE199838,GSE111154;GSE199838,2.0,0.9351812602182865,0.0,0.0020978961607904705,0.02630099276587275,0.5742224234316857,0.6009954613704578,1.2693670590661152,-6.361006416007109,8.231368936443682,0.017899545586921632,0.3505651679442222,,,,,0.0020978961607904705,0.0,0.3505651679442222,0.6199275618356702,False
IGHV7-81,descriptive whole/cortical-kidney sensitivity including small studies,GSE142025_advanced;GSE166239;GSE111154;GSE199838,GSE111154;GSE199838,2.0,0.3698238318176995,0.0,0.37836213255401197,0.33555382626427105,0.5455170929108207,-3.8937917847029215,4.63343944833832,-6.561628037790022,7.30127570142542,0.4690948223357735,0.6207263803364887,,,,,0.37836213255401197,0.0,0.6207263803364887,0.781889106879075,False
IGKC,descriptive whole/cortical-kidney sensitivity including small studies,GSE142025_advanced;GSE166239;GSE111154;GSE199838,GSE111154,1.0,,,,,,,,,,,,,,,,,,1.0,1.0,False
IGKV1-12,descriptive whole/cortical-kidney sensitivity including small studies,GSE142025_advanced;GSE166239;GSE111154;GSE199838,GSE111154;GSE199838,2.0,2.4586777653494685,4.738642426326997,0.9999999998334776,1.794003391321701,1.7940033914710718,-20.336296622175794,25.25365215287473,-20.33629662407373,25.253652154772663,0.40129781467488135,0.4012978147001201,,,,,3.3778345007097723,70.39523399415,0.4012978147001201,0.6520938763588853,False
IGKV1-16,descriptive whole/cortical-kidney sensitivity including small studies,GSE142025_advanced;GSE166239;GSE111154;GSE199838,GSE111154;GSE199838,2.0,1.3608080323490033,0.0,0.655788178178181,0.5087642657404764,0.6282533431516811,-5.103654890599079,7.825270955297085,-6.621907571922473,9.34352363662048,0.22776915451205404,0.27535187942352374,,,,,0.655788178178181,0.0,0.27535187942352374,0.5917774591808034,False
IGKV1-17,descriptive whole/cortical-kidney sensitivity including small studies,GSE142025_advanced;GSE166239;GSE111154;GSE199838,GSE111154;GSE199838,2.0,2.7599456809839524,7.7358879945929635,1.0000000103908064,2.2193010925777608,2.2193010925777608,-25.438948372525264,30.95883973449317,-25.438948372525264,30.95883973449317,0.4311458247851693,0.4311458247851693,,,,,4.1354602625655765,75.81889471766765,0.4311458247851693,0.659349962513257,False
IGKV1-33,descriptive whole/cortical-kidney sensitivity including small studies,GSE142025_advanced;GSE166239;GSE111154;GSE199838,GSE111154;GSE199838,2.0,2.80382732767232,7.4014749372324475,1.0000000118887375,2.1818938891729567,2.1818938891729567,-24.919763140767724,30.527417796112363,-24.919763140767724,30.527417796112363,0.42099429914326364,0.42099429914326364,,,,,3.978228152537298,74.86318125414189,0.42099429914326364,0.6585807744276672,False
IGKV1-39,descriptive whole/cortical-kidney sensitivity including small studies,GSE142025_advanced;GSE166239;GSE111154;GSE199838,GSE111154;GSE199838,2.0,1.2233227020571025,0.0,0.21256320413414298,0.2790251874994718,0.6052006205840719,-2.3220284568607186,4.768673860974923,-6.466480289544095,8.9131256936583,0.1427630423037353,0.29247181480171514,,,,,0.21256320413414298,0.0,0.29247181480171514,0.5983180274629728,False
IGKV1-5,descriptive whole/cortical-kidney sensitivity including small studies,GSE142025_advanced;GSE166239;GSE111154;GSE199838,GSE111154;GSE199838,2.0,1.686079418636132,2.1321123277149554,0.9999999866896574,1.273669847528782,1.273669856005273,-14.49743043035698,17.869589267629244,-14.497430538061009,17.869589375333273,0.4118613018614819,0.4118613038991957,,,,,2.677882302605412,62.65705931037139,0.4118613038991957,0.6554621970590858,False
IGKV1D-12,descriptive whole/cortical-kidney sensitivity including small studies,GSE142025_advanced;GSE166239;GSE111154;GSE199838,GSE111154;GSE199838,2.0,1.1019036425504876,0.0,0.011587186002491989,0.06342174872950739,0.5891816650481154,0.29605391846713947,1.9077533666338358,-6.384359220351169,8.588166505452143,0.03660124292961638,0.31259071804650884,,,,,0.011587186002491989,0.0,0.31259071804650884,0.6058379510653872,False
IGKV1D-16,descriptive whole/cortical-kidney sensitivity including small studies,GSE142025_advanced;GSE166239;GSE111154;GSE199838,GSE111154;GSE199838,2.0,2.2367754658657857,3.8376607564743987,0.9999999815776003,1.634207679646316,1.6342076946993298,-18.52780189314929,23.001352824880865,-18.527802084415967,23.00135301614754,0.40169100257791807,0.40169100537120495,,,,,3.1876007667898825,68.62844273290021,0.40169100537120495,0.6520938763588853,False
IGKV1D-33,descriptive whole/cortical-kidney sensitivity including small studies,GSE142025_advanced;GSE166239;GSE111154;GSE199838,GSE111154;GSE199838,2.0,3.648317430182932,16.43685491797861,0.9999999979615201,3.1535046100825133,3.1535046132966915,-36.42075778199623,43.7173926423621,-36.42075782283624,43.71739268320211,0.45376919703726915,0.4537691973582875,,,,,5.0736708941849,80.29040470192632,0.4537691973582875,0.6686409686297471,False
IGKV1D-39,descriptive whole/cortical-kidney sensitivity including small studies,GSE142025_advanced;GSE166239;GSE111154;GSE199838,GSE111154;GSE199838,2.0,1.2988010450126142,0.0,0.30199911163752213,0.3378872296984408,0.6148496715801325,-2.994463273274661,5.59206536329989,-6.51360476405432,9.111206854079548,0.1620270782916183,0.28147528602999894,,,,,0.30199911163752213,0.0,0.28147528602999894,0.5951657374497812,False
IGKV2-28,descriptive whole/cortical-kidney sensitivity including small studies,GSE142025_advanced;GSE166239;GSE111154;GSE199838,GSE111154;GSE199838,2.0,3.6708858482963356,16.214611878743582,1.0000000085812129,3.1362146668688635,3.1362146668688635,-36.178499805533356,43.52027150212603,-36.178499805533356,43.52027150212603,0.4500984552870486,0.4500984552870486,,,,,5.006047690434694,80.02416153743901,0.4500984552870486,0.6686409686297471,False
IGKV2-29,descriptive whole/cortical-kidney sensitivity including small studies,GSE142025_advanced;GSE166239;GSE111154;GSE199838,GSE111154;GSE199838,2.0,1.6053210834893226,1.9018174586300092,0.9999999734914926,1.2174537639872636,1.217453780123705,-13.863895698559354,17.074537865537998,-13.863895903592285,17.07453807057093,0.41306874595442483,0.41306875001702476,,,,,2.5720553375823956,61.12058767211632,0.41306875001702476,0.6560503676740982,False
IGKV2-30,descriptive whole/cortical-kidney sensitivity including small studies,GSE142025_advanced;GSE166239;GSE111154;GSE199838,GSE111154;GSE199838,2.0,3.7467882704798043,17.450093912593193,0.9999999828799817,3.2454688690107707,3.2454688967920142,-37.49080364405238,44.984380185011986,-37.49080399704655,44.98438053800616,0.45443464562684915,0.45443464832371566,,,,,5.126752959329648,80.49447656376336,0.45443464832371566,0.6686409686297471,False
IGKV2D-28,descriptive whole/cortical-kidney sensitivity including small studies,GSE142025_advanced;GSE166239;GSE111154;GSE199838,GSE111154;GSE199838,2.0,2.151259692109363,3.214401493008668,0.9999999926288836,1.5206124214583163,1.5206124270626218,-17.169953059310366,21.472472443529092,-17.16995313051982,21.472472514738545,0.3917164737779597,0.39171647488388056,,,,,2.9509952072723644,66.11312693644426,0.39171647488388056,0.6511974518770244,False
IGKV2D-30,descriptive whole/cortical-kidney sensitivity including small studies,GSE142025_advanced;GSE166239;GSE111154;GSE199838,GSE111154;GSE199838,2.0,2.106994065676387,2.9423481045626403,1.0000000063696821,1.467744544026993,1.467744544026993,-16.54246861113396,20.75645674248673,-16.54246861113396,20.75645674248673,0.3873477518108064,0.3873477518108064,,,,,2.8426017453524226,64.82096017723998,0.3873477518108064,0.6484889746474698,False
IGKV2D-40,descriptive whole/cortical-kidney sensitivity including small studies,GSE142025_advanced;GSE166239;GSE111154;GSE199838,GSE111154,1.0,,,,,,,,,,,,,,,,,,1.0,1.0,False
IGKV3-11,descriptive whole/cortical-kidney sensitivity including small studies,GSE142025_advanced;GSE166239;GSE111154;GSE199838,GSE111154,1.0,,,,,,,,,,,,,,,,,,1.0,1.0,False
IGKV3-15,descriptive whole/cortical-kidney sensitivity including small studies,GSE142025_advanced;GSE166239;GSE111154;GSE199838,GSE111154;GSE199838,2.0,1.9976105775444202,2.028936441503905,0.9999999794052921,1.2782798074031583,1.2782798205660582,-14.244474365438066,18.239695520526908,-14.244474532688564,18.239695687777406,0.36239285839137986,0.3623928613675837,,,,,2.391921196750989,58.19260260921945,0.3623928613675837,0.6291654333721021,False
IGKV3-20,descriptive whole/cortical-kidney sensitivity including small studies,GSE142025_advanced;GSE166239;GSE111154;GSE199838,GSE111154;GSE199838,2.0,1.5640014886831075,0.3605789283269576,0.9999999987325914,0.7974624353765929,0.7974624358819483,-8.568719484620363,11.696722461986578,-8.568719491041513,11.696722468407728,0.300182189496528,0.3001821896597862,,,,,1.3326912675523763,24.963866399709953,0.3001821896597862,0.5983180274629728,False
IGKV3D-20,descriptive whole/cortical-kidney sensitivity including small studies,GSE142025_advanced;GSE166239;GSE111154;GSE199838,GSE111154;GSE199838,2.0,1.9317858642608707,1.3361025011155365,1.0000000253803474,1.1147563777919751,1.1147563777919751,-12.23253690292047,16.096108631442213,-12.23253690292047,16.096108631442213,0.33319472925000376,0.33319472925000376,,,,,1.9780145541775782,49.44425470035121,0.33319472925000376,0.6138622894182423,False
IGKV4-1,descriptive whole/cortical-kidney sensitivity including small studies,GSE142025_advanced;GSE166239;GSE111154;GSE199838,GSE111154;GSE199838,2.0,2.1316813717525696,3.535780005473577,1.000000019516662,1.574953897746722,1.574953897746722,-17.880005303053622,22.143368046558763,-17.880005303053622,22.143368046558763,0.4050907326531261,0.4050907326531261,,,,,3.1354356003020434,68.10650488551995,0.4050907326531261,0.6526461803855921,False
IGKV5-2,descriptive whole/cortical-kidney sensitivity including small studies,GSE142025_advanced;GSE166239;GSE111154;GSE199838,GSE111154,1.0,,,,,,,,,,,,,,,,,,1.0,1.0,False
IGLC1,descriptive whole/cortical-kidney sensitivity including small studies,GSE142025_advanced;GSE166239;GSE111154;GSE199838,GSE111154,1.0,,,,,,,,,,,,,,,,,,1.0,1.0,False
IGLC2,descriptive whole/cortical-kidney sensitivity including small studies,GSE142025_advanced;GSE166239;GSE111154;GSE199838,GSE111154;GSE199838,2.0,1.826138981788812,1.4056634191174733,0.9999999728512481,1.1215492876817739,1.1215493029061059,-12.424495889206698,16.07677385278432,-12.424496082650178,16.0767740462278,0.35063065593676884,0.3506306597905605,,,,,2.077860042254351,51.87356320134723,0.3506306597905605,0.6199275618356702,False
IGLC3,descriptive whole/cortical-kidney sensitivity including small studies,GSE142025_advanced;GSE166239;GSE111154;GSE199838,GSE111154;GSE199838,2.0,2.136250003683566,2.924925516647457,0.9999999936129587,1.4670433361842283,1.4670433408692616,-16.504302982714,20.77680299008113,-16.504303042242995,20.776803049610123,0.3830983627608187,0.38309836370956135,,,,,2.80936505367173,64.40476830545609,0.38309836370956135,0.6469885656062351,False
IGLC6,descriptive whole/cortical-kidney sensitivity including small studies,GSE142025_advanced;GSE166239;GSE111154;GSE199838,,0.0,,,,,,,,,,,,,,,,,,1.0,1.0,False
IGLC7,descriptive whole/cortical-kidney sensitivity including small studies,GSE142025_advanced;GSE166239;GSE111154;GSE199838,GSE111154;GSE199838,2.0,0.877343620670684,0.0,0.6084157947739338,0.4497691871937056,0.576619678257583,-4.837515755835421,6.5922029971767895,-6.449304066177345,8.203991307518713,0.3015765893158575,0.370158450276512,,,,,0.6084157947739338,0.0,0.370158450276512,0.638401027679535,False
IGLL1,descriptive whole/cortical-kidney sensitivity including small studies,GSE142025_advanced;GSE166239;GSE111154;GSE199838,GSE111154;GSE199838,2.0,0.11670911037748131,0.20351150850280925,0.9999999870169216,0.640375774821234,0.6403757789782586,-8.020036592587621,8.253454813342584,-8.020036645407627,8.25345486616259,0.8852350173154115,0.8852350180443769,,,,,1.3254009138843725,24.55113094276623,0.8852350180443769,0.9749198284596573,False
IGLV1-36,descriptive whole/cortical-kidney sensitivity including small studies,GSE142025_advanced;GSE166239;GSE111154;GSE199838,GSE111154;GSE199838,2.0,1.026916925191968,0.0,0.01184097753305998,0.06336795567189997,0.5823390557598538,0.22175070671196462,1.8320831436719716,-6.372402343163385,8.426236193547322,0.039234144421992086,0.3284054916887814,,,,,0.01184097753305998,0.0,0.3284054916887814,0.6116607290425718,False
IGLV1-40,descriptive whole/cortical-kidney sensitivity including small studies,GSE142025_advanced;GSE166239;GSE111154;GSE199838,GSE111154;GSE199838,2.0,2.895059431757913,8.490102462795662,1.0000000238836524,2.318873677069979,2.318873677069979,-26.569024266419483,32.35914312993531,-26.569024266419483,32.35914312993531,0.42993218527672056,0.42993218527672056,,,,,4.205165366954337,76.21972234770242,0.42993218527672056,0.659349962513257,False
IGLV1-44,descriptive whole/cortical-kidney sensitivity including small studies,GSE142025_advanced;GSE166239;GSE111154;GSE199838,GSE111154;GSE199838,2.0,1.7072039680364022,0.9386586239142356,1.0000000289819266,0.9897024052838949,0.9897024052838949,-10.868157421385309,14.282565357458115,-10.868157421385309,14.282565357458115,0.33446422738933185,0.33446422738933185,,,,,1.7813292510671936,43.86214679847084,0.33446422738933185,0.614754671469124,False
IGLV1-47,descriptive whole/cortical-kidney sensitivity including small studies,GSE142025_advanced;GSE166239;GSE111154;GSE199838,GSE111154;GSE199838,2.0,1.1603351051999782,0.0,0.15730144780459146,0.23709680077761763,0.5978047121330644,-1.8522653877724549,4.172935598172411,-6.435493959412714,8.75616416981267,0.12831714956477594,0.3028614030274903,,,,,0.15730144780459146,0.0,0.3028614030274903,0.5983180274629728,False
IGLV1-51,descriptive whole/cortical-kidney sensitivity including small studies,GSE142025_advanced;GSE166239;GSE111154;GSE199838,GSE111154;GSE199838,2.0,1.3762607538531306,0.0,0.9220377618709373,0.6097024673924862,0.6349559520876845,-6.370743624986675,9.123265132692936,-6.691619571825719,9.444141079531981,0.2654889133985666,0.27518730898256505,,,,,0.9220377618709373,0.0,0.27518730898256505,0.5917774591808034,False
IGLV10-54,descriptive whole/cortical-kidney sensitivity including small studies,GSE142025_advanced;GSE166239;GSE111154;GSE199838,GSE111154;GSE199838,2.0,0.9427344978646606,0.0,0.32218894036785745,0.3297013001054021,0.5808518079010898,-3.246517723057554,5.131986718786875,-6.437687494703801,8.323156490433123,0.21417996136158984,0.3515408897467062,,,,,0.32218894036785745,0.0,0.3515408897467062,0.6199275618356702,False
IGLV11-55,descriptive whole/cortical-kidney sensitivity including small studies,GSE142025_advanced;GSE166239;GSE111154;GSE199838,GSE111154,1.0,,,,,,,,,,,,,,,,,,1.0,1.0,False
IGLV2-11,descriptive whole/cortical-kidney sensitivity including small studies,GSE142025_advanced;GSE166239;GSE111154;GSE199838,GSE111154;GSE199838,2.0,1.5197970867061157,0.3319422905424563,1.0000000100024047,0.782706732706135,0.782706732706135,-8.425434907440398,11.465029080852627,-8.425434907440398,11.465029080852627,0.3027644681597121,0.3027644681597121,,,,,1.3134737065743196,23.86600546362612,0.3027644681597121,0.5983180274629728,False
IGLV2-14,descriptive whole/cortical-kidney sensitivity including small studies,GSE142025_advanced;GSE166239;GSE111154;GSE199838,GSE111154;GSE199838,2.0,2.024973723207739,2.3295041497166733,0.9999999916108867,1.342817281247395,1.3428172868799182,-15.037137575595139,19.08708502201062,-15.037137647163128,19.087085093578608,0.3727720253877319,0.37277202661766057,,,,,2.5560282579020925,60.87680185426555,0.37277202661766057,0.6414955974541279,False
IGLV2-18,descriptive whole/cortical-kidney sensitivity including small studies,GSE142025_advanced;GSE166239;GSE111154;GSE199838,GSE111154;GSE199838,2.0,1.6455352716383667,0.48073283465199146,0.9999999851774114,0.846590813071275,0.8465908193456089,-9.111420927009853,12.402491470286588,-9.111421006732822,12.402491550009557,0.3024977701448912,0.3024977720642557,,,,,1.423235355079687,29.737552089969693,0.3024977720642557,0.5983180274629728,False
IGLV2-23,descriptive whole/cortical-kidney sensitivity including small studies,GSE142025_advanced;GSE166239;GSE111154;GSE199838,GSE111154;GSE199838,2.0,2.800513965842263,7.653379230410984,1.0000000263528444,2.2124284128195475,2.2124284128195475,-25.311054411572933,30.91208234325746,-25.311054411572933,30.91208234325746,0.42565574986651794,0.42565574986651794,,,,,4.061815807966349,75.38046904936648,0.42565574986651794,0.659349962513257,False
IGLV2-33,descriptive whole/cortical-kidney sensitivity including small studies,GSE142025_advanced;GSE166239;GSE111154;GSE199838,GSE111154,1.0,,,,,,,,,,,,,,,,,,1.0,1.0,False
IGLV2-8,descriptive whole/cortical-kidney sensitivity including small studies,GSE142025_advanced;GSE166239;GSE111154;GSE199838,GSE111154;GSE199838,2.0,1.2811138505619368,0.0,0.4741461396807435,0.42423681148718906,0.6161014635954907,-4.109325932816236,6.67155363394011,-6.5471974841392475,9.10942518526312,0.2035791792989059,0.2853711438149807,,,,,0.4741461396807435,0.0,0.2853711438149807,0.5983180274629728,False
IGLV3-1,descriptive whole/cortical-kidney sensitivity including small studies,GSE142025_advanced;GSE166239;GSE111154;GSE199838,GSE111154;GSE199838,2.0,1.6068742892671297,0.7140315443646382,1.0000000009601295,0.9153952629989931,0.9153952629989931,-10.024325336922555,13.238073915456816,-10.024325336922555,13.238073915456816,0.32965622944567735,0.32965622944567735,,,,,1.6318360927416464,38.71933557248995,0.32965622944567735,0.6116607290425718,False
IGLV3-12,descriptive whole/cortical-kidney sensitivity including small studies,GSE142025_advanced;GSE166239;GSE111154;GSE199838,GSE111154,1.0,,,,,,,,,,,,,,,,,,1.0,1.0,False
IGLV3-16,descriptive whole/cortical-kidney sensitivity including small studies,GSE142025_advanced;GSE166239;GSE111154;GSE199838,GSE111154,1.0,,,,,,,,,,,,,,,,,,1.0,1.0,False
IGLV3-19,descriptive whole/cortical-kidney sensitivity including small studies,GSE142025_advanced;GSE166239;GSE111154;GSE199838,GSE111154;GSE199838,2.0,1.3093843951912292,0.0,0.5837438708743963,0.4746032526005517,0.6211829736808261,-4.7210217008058155,7.339790491188273,-6.583493647023163,9.202262437405622,0.22137445959728094,0.28200062400238673,,,,,0.5837438708743963,0.0,0.28200062400238673,0.5951657374497812,False
IGLV3-21,descriptive whole/cortical-kidney sensitivity including small studies,GSE142025_advanced;GSE166239;GSE111154;GSE199838,GSE111154;GSE199838,2.0,1.1188134119798898,0.0,0.09249741149296409,0.18020803415426034,0.592528657062442,-1.170946765087704,3.4085735890474833,-6.409977016706142,8.647603840665921,0.10166756629342914,0.31006552594447584,,,,,0.09249741149296409,0.0,0.31006552594447584,0.6058379510653872,False
IGLV3-22,descriptive whole/cortical-kidney sensitivity including small studies,GSE142025_advanced;GSE166239;GSE111154;GSE199838,GSE111154,1.0,,,,,,,,,,,,,,,,,,1.0,1.0,False
IGLV3-25,descriptive whole/cortical-kidney sensitivity including small studies,GSE142025_advanced;GSE166239;GSE111154;GSE199838,GSE111154;GSE199838,2.0,1.359501709003785,0.0,0.7482618134066272,0.5448018714071277,0.6298132595461854,-5.562862409746296,8.281865827753867,-6.643034512347578,9.362037930355148,0.24264194479768716,0.27618629808978995,,,,,0.7482618134066272,0.0,0.27618629808978995,0.5917774591808034,False
IGLV3-27,descriptive whole/cortical-kidney sensitivity including small studies,GSE142025_advanced;GSE166239;GSE111154;GSE199838,GSE111154;GSE199838,2.0,0.6108019640719846,0.0,0.0006809700096121337,0.01439952764100618,0.5518032486324318,0.4278386177611535,0.7937653103828157,-6.400523087138003,7.622127015281972,0.015005397591661902,0.46772115236699446,,,,,0.0006809700096121337,0.0,0.46772115236699446,0.6736063414831326,False
IGLV4-3,descriptive whole/cortical-kidney sensitivity including small studies,GSE142025_advanced;GSE166239;GSE111154;GSE199838,GSE111154,1.0,,,,,,,,,,,,,,,,,,1.0,1.0,False
IGLV4-60,descriptive whole/cortical-kidney sensitivity including small studies,GSE142025_advanced;GSE166239;GSE111154;GSE199838,GSE111154;GSE199838,2.0,-0.060458985931522075,0.0,0.6613454891993726,0.44223642385222883,0.5438013877963457,-5.679605529191671,5.558687557328628,-6.970110755087821,6.849192783224777,0.9135027177809913,0.9295110898391008,,,,,0.6613454891993726,0.0,0.9295110898391008,0.9997351419560658,False
IGLV4-69,descriptive whole/cortical-kidney sensitivity including small studies,GSE142025_advanced;GSE166239;GSE111154;GSE199838,GSE111154;GSE199838,2.0,0.844173147600828,0.0,0.7766504916111727,0.5116448932404271,0.580571660856231,-5.656891618130282,7.345237913331938,-6.5326892392594225,8.221035534461079,0.3468848220775253,0.38353178242606983,,,,,0.7766504916111727,0.0,0.38353178242606983,0.6469885656062351,False
IGLV5-37,descriptive whole/cortical-kidney sensitivity including small studies,GSE142025_advanced;GSE166239;GSE111154;GSE199838,GSE111154,1.0,,,,,,,,,,,,,,,,,,1.0,1.0,False
IGLV5-45,descriptive whole/cortical-kidney sensitivity including small studies,GSE142025_advanced;GSE166239;GSE111154;GSE199838,GSE111154;GSE199838,2.0,1.2541098777577429,0.0,0.3838135379793944,0.3788832934974735,0.6115687860379067,-3.5600588205373223,6.0682785760528075,-6.5166083278937155,9.0248280834092,0.1867807313992381,0.2888472766927136,,,,,0.3838135379793944,0.0,0.2888472766927136,0.5983180274629728,False
IGLV6-57,descriptive whole/cortical-kidney sensitivity including small studies,GSE142025_advanced;GSE166239;GSE111154;GSE199838,GSE111154;GSE199838,2.0,1.0665322980069623,0.0,0.12592955379171145,0.20875276071683263,0.5882587494980641,-1.585923018902799,3.7189876149167236,-6.408003810961542,8.541068406975468,0.12305019564077141,0.32088291028745386,,,,,0.12592955379171145,0.0,0.32088291028745386,0.611172275670164,False
IGLV7-43,descriptive whole/cortical-kidney sensitivity including small studies,GSE142025_advanced;GSE166239;GSE111154;GSE199838,GSE111154;GSE199838,2.0,1.9009819136843868,3.5715021253086325,1.000000013742667,1.563126980569822,1.563126980569822,-17.960429530074336,21.76239335744311,-17.960429530074336,21.76239335744311,0.4381061534048883,0.4381061534048883,,,,,3.38036533178569,70.41739865815786,0.4381061534048883,0.6616625383252681,False
IGLV7-46,descriptive whole/cortical-kidney sensitivity including small studies,GSE142025_advanced;GSE166239;GSE111154;GSE199838,GSE111154;GSE199838,2.0,1.6356570195285483,2.609075750784853,1.0000000096674078,1.3670705700139052,1.3670705700139052,-15.734621531867173,19.00593557092427,-15.734621531867173,19.00593557092427,0.4432071006227653,0.4432071006227653,,,,,3.047018196240658,67.18102959694244,0.4432071006227653,0.664810650934148,False
IGLV8-61,descriptive whole/cortical-kidney sensitivity including small studies,GSE142025_advanced;GSE166239;GSE111154;GSE199838,GSE111154;GSE199838,2.0,1.2677179298917498,0.0,0.42770558284515586,0.4014310043073186,0.6138163499762344,-3.8329465982852664,6.368382458068766,-6.531558283317743,9.066994143101242,0.1952302721855053,0.28706446351837245,,,,,0.42770558284515586,0.0,0.28706446351837245,0.5983180274629728,False
INPP5D,descriptive whole/cortical-kidney sensitivity including small studies,GSE142025_advanced;GSE166239;GSE111154;GSE199838,GSE142025_advanced;GSE166239;GSE111154;GSE199838,4.0,1.9341469930051451,2.204853660495492,1.1951087599315555,0.932073841380141,0.932073841380141,-1.0321279597466775,4.9004219457569675,-1.0321279597466775,4.9004219457569675,0.1296081368379538,0.1296081368379538,-5.609147280098019,9.47744126610831,-5.609147280098019,9.47744126610831,10.119731721042271,70.35494534146585,0.1296081368379538,0.4806586058002525,False
ITGA1,descriptive whole/cortical-kidney sensitivity including small studies,GSE142025_advanced;GSE166239;GSE111154;GSE199838,GSE142025_advanced;GSE166239;GSE111154;GSE199838,4.0,0.7744787795424786,0.08004134984459137,0.87202087738434,0.3175272290755694,0.34003023231341395,-0.23603457745604084,1.784992136540998,-0.30764917696810645,1.8566067360530636,0.092575040530976,0.10716429581159183,-1.0553625428297593,2.604320101914716,-1.1287431721872538,2.677700731272211,3.206058522089442,6.427160348749659,0.10716429581159183,0.4615703471688667,False
ITGA10,descriptive whole/cortical-kidney sensitivity including small studies,GSE142025_advanced;GSE166239;GSE111154;GSE199838,GSE142025_advanced;GSE166239;GSE111154;GSE199838,4.0,0.6583179464838167,0.0,0.4096729774929752,0.18509707110709067,0.2891884127339567,0.06925645642022027,1.2473794365474131,-0.26200864915222366,1.5786445421198572,0.03791161604903106,0.10728710496134578,-0.13809047178373723,1.4547263647513706,-0.585959366977856,1.9025952599454894,1.2290189324789256,0.0,0.10728710496134578,0.4615703471688667,False
ITGA11,descriptive whole/cortical-kidney sensitivity including small studies,GSE142025_advanced;GSE166239;GSE111154;GSE199838,GSE142025_advanced;GSE166239;GSE111154;GSE199838,4.0,1.669301593578434,2.5248790884321584,1.1721250797166014,0.9716791169408134,0.9716791169408134,-1.4230150220511935,4.761618209208062,-1.4230150220511935,4.761618209208062,0.18430167111881848,0.18430167111881848,-6.344542906195637,9.683146093352505,-6.344542906195637,9.683146093352505,10.74049932977238,72.06833771979223,0.18430167111881848,0.5384057585913726,False
ITGA2,descriptive whole/cortical-kidney sensitivity including small studies,GSE142025_advanced;GSE166239;GSE111154;GSE199838,GSE142025_advanced;GSE166239;GSE111154;GSE199838,4.0,-0.3533109151233032,0.30441899859737753,0.9341306692045747,0.4050620093264415,0.4191000351115869,-1.6423990101150316,0.9357771798684253,-1.687074273408445,0.9804524431618387,0.4472699090589116,0.46112196433997404,-3.298332068056778,2.591710237810171,-3.3344743906989796,2.627852560452373,5.293574433225617,43.32751833675525,0.46112196433997404,0.6716542493251231,False
ITGA2B,descriptive whole/cortical-kidney sensitivity including small studies,GSE142025_advanced;GSE166239;GSE111154;GSE199838,GSE142025_advanced;GSE166239;GSE111154;GSE199838,4.0,0.23750904187972527,0.0,0.5808061473017848,0.21604846571874295,0.2834885903014806,-0.450053599609102,0.9250716833685526,-0.6646781749153083,1.139696258674759,0.35193254267407914,0.46363353433729854,-0.6920724789032071,1.1670905626626578,-0.9822439150337672,1.4572619987932176,1.7424184419053546,0.0,0.46363353433729854,0.6722686247890829,False
ITGA3,descriptive whole/cortical-kidney sensitivity including small studies,GSE142025_advanced;GSE166239;GSE111154;GSE199838,GSE142025_advanced;GSE166239;GSE111154;GSE199838,4.0,0.5830123575841063,1.0680274061341408,1.1837099590391642,0.6829097380021837,0.6829097380021837,-1.590311214963208,2.7563359301314208,-1.590311214963208,2.7563359301314208,0.45600801691990417,0.45600801691990417,-4.746710370652223,5.912735085820436,-4.746710370652223,5.912735085820436,8.307411633136631,63.887668837383835,0.45600801691990417,0.6686409686297471,False
ITGA4,descriptive whole/cortical-kidney sensitivity including small studies,GSE142025_advanced;GSE166239;GSE111154;GSE199838,GSE142025_advanced;GSE166239;GSE111154;GSE199838,4.0,1.6107738899628814,0.40050763348074686,1.1029978870532917,0.5010448739591004,0.5010448739591004,0.01622548205040153,3.2053222978753615,0.01622548205040153,3.2053222978753615,0.04877614537318597,0.04877614537318597,-1.8622787782957497,5.083826558221513,-1.8622787782957497,5.083826558221513,5.517497004675885,45.627519191082385,0.04877614537318597,0.4380293061545702,False
ITGA5,descriptive whole/cortical-kidney sensitivity including small studies,GSE142025_advanced;GSE166239;GSE111154;GSE199838,GSE142025_advanced;GSE166239;GSE111154;GSE199838,4.0,1.0888202890490177,1.5517176509106356,1.1393284710125158,0.7721481514559909,0.7721481514559909,-1.3684997426837455,3.546140320781781,-1.3684997426837455,3.546140320781781,0.2533017545912234,0.2533017545912234,-5.217069839676669,7.3947104177747045,-5.217069839676669,7.3947104177747045,9.775205304956256,69.31010749739517,0.2533017545912234,0.5816283690467094,False
ITGA6,descriptive whole/cortical-kidney sensitivity including small studies,GSE142025_advanced;GSE166239;GSE111154;GSE199838,GSE142025_advanced;GSE166239;GSE111154;GSE199838,4.0,-1.5604224198577463,0.04636895738811432,0.8063689940217363,0.31012659631379025,0.34536005325946467,-2.54738366046678,-0.5734611792487126,-2.659512245345914,-0.4613325943695785,0.01512903800089727,0.02026864188034565,-3.1849086769465718,0.06406383723107889,-3.311567848411964,0.19072300869647107,2.7323407660609584,0.0,0.02026864188034565,0.4380293061545702,False
ITGA7,descriptive whole/cortical-kidney sensitivity including small studies,GSE142025_advanced;GSE166239;GSE111154;GSE199838,GSE142025_advanced;GSE166239;GSE111154;GSE199838,4.0,0.01720618877008068,0.0,0.9898868138995541,0.28363792931956844,0.28508314196529605,-0.8854562914313013,0.9198686689714628,-0.8900556030760464,0.9244679806162078,0.9554431003304417,0.9556686128574108,-1.2031893220772454,1.2376016996174068,-1.2094075702124536,1.243819947752615,2.9696604416986623,0.0,0.9556686128574108,1.0,False
ITGA8,descriptive whole/cortical-kidney sensitivity including small studies,GSE142025_advanced;GSE166239;GSE111154;GSE199838,GSE142025_advanced;GSE166239;GSE111154;GSE199838,4.0,-0.22398500171279348,0.9057242510393341,1.0727408494044341,0.6050497574990614,0.6050497574990614,-2.149523366978485,1.7015533635528979,-2.149523366978485,1.7015533635528979,0.7358303410920066,0.7358303410920066,-5.0762813921999745,4.628311388774388,-5.0762813921999745,4.628311388774388,8.75154990775792,65.72035774668196,0.7358303410920066,0.8669255456258017,False
ITGA9,descriptive whole/cortical-kidney sensitivity including small studies,GSE142025_advanced;GSE166239;GSE111154;GSE199838,GSE142025_advanced;GSE166239;GSE111154;GSE199838,4.0,1.8079259706664685,0.046946184737451754,0.890131715225205,0.340693267258283,0.36110742103429044,0.7236879410453112,2.892164000287626,0.6587209927853626,2.9571309485475745,0.013064986662114727,0.015336744395226783,0.07070848667426799,3.5451434546586693,-0.004020939309155258,3.6198728806420926,2.94878594652048,0.0,0.015336744395226783,0.4380293061545702,False
ITGAD,descriptive whole/cortical-kidney sensitivity including small studies,GSE142025_advanced;GSE166239;GSE111154;GSE199838,GSE142025_advanced;GSE166239;GSE111154;GSE199838,4.0,0.38349924882482983,1.5450905614361747,0.9766011803243888,0.698884033716599,0.7072069117809096,-1.840661662098335,2.6076601597479945,-1.8671487746434268,2.6341472722930863,0.621390079984931,0.6253191461119081,-5.752164186355515,6.519162684005174,-5.769793870248049,6.536792367897708,14.95702932812145,79.94254116785375,0.6253191461119081,0.781889106879075,False
ITGAE,descriptive whole/cortical-kidney sensitivity including small studies,GSE142025_advanced;GSE166239;GSE111154;GSE199838,GSE142025_advanced;GSE166239;GSE111154;GSE199838,4.0,0.9479768298203813,0.13661258671927784,0.827002177862796,0.32874620936721777,0.3614992721714276,-0.0982403295563451,1.9941939891971079,-0.20247519326432772,2.0984288529050903,0.06334198646555739,0.07884200937008642,-1.1803652857556495,3.0763189453964124,-1.276516729257724,3.172470388898487,3.5794906417092758,16.189192812990786,0.07884200937008642,0.43880678261865175,False
ITGAL,descriptive whole/cortical-kidney sensitivity including small studies,GSE142025_advanced;GSE166239;GSE111154;GSE199838,GSE142025_advanced;GSE166239;GSE111154;GSE199838,4.0,1.774885340546364,1.5673607406558965,1.093223335035795,0.7712255861030046,0.7712255861030046,-0.6794986764874051,4.229269357580133,-0.6794986764874051,4.229269357580133,0.10485533782896829,0.10485533782896829,-4.551842747935885,8.101613429028614,-4.551842747935885,8.101613429028614,10.33230084200579,70.96484078547586,0.10485533782896829,0.4586688800004591,False
ITGAM,descriptive whole/cortical-kidney sensitivity including small studies,GSE142025_advanced;GSE166239;GSE111154;GSE199838,GSE142025_advanced;GSE166239;GSE111154;GSE199838,4.0,1.8627944783440755,1.2727762230198887,1.0487412001769167,0.699730877517017,0.699730877517017,-0.3640614675028817,4.089650424191033,-0.3640614675028817,4.089650424191033,0.07619816350301305,0.07619816350301305,-3.8492092033028857,7.574798159991037,-3.8492092033028857,7.574798159991037,9.542123588866884,68.5604575117828,0.07619816350301305,0.43880678261865175,False
ITGAV,descriptive whole/cortical-kidney sensitivity including small studies,GSE142025_advanced;GSE166239;GSE111154;GSE199838,GSE142025_advanced;GSE166239;GSE111154;GSE199838,4.0,0.3334880433799102,0.16897080180442087,1.0228052119354603,0.3739559386672454,0.3739559386672454,-0.8566066519705658,1.5235827387303864,-0.8566066519705658,1.5235827387303864,0.438210005732591,0.438210005732591,-2.057540041031721,2.7245161277915417,-2.057540041031721,2.7245161277915417,4.370856618155061,31.36356869866163,0.438210005732591,0.6616625383252681,False
ITGAX,descriptive whole/cortical-kidney sensitivity including small studies,GSE142025_advanced;GSE166239;GSE111154;GSE199838,GSE142025_advanced;GSE166239;GSE111154;GSE199838,4.0,1.2486675269056555,2.1807190584797613,1.0676305737861171,0.857103999272664,0.857103999272664,-1.4790199288235237,3.9763549826348346,-1.4790199288235237,3.9763549826348346,0.2412019046908284,0.2412019046908284,-6.097847512882213,8.595182566693524,-6.097847512882213,8.595182566693524,13.327565429914324,77.49026245058708,0.2412019046908284,0.5816283690467094,False
ITGB1,descriptive whole/cortical-kidney sensitivity including small studies,GSE142025_advanced;GSE166239;GSE111154;GSE199838,GSE142025_advanced;GSE166239;GSE111154;GSE199838,4.0,1.0485702621921487,0.0,0.384243986072905,0.18705016054699883,0.3017550492277684,0.45329316985662793,1.6438473545276695,0.08825102067653368,2.0088895037077634,0.01121786856111392,0.040203227429435356,0.24375837831452907,1.8533821460697681,-0.24977692408339225,2.3469174484676896,1.152731958218715,0.0,0.040203227429435356,0.4380293061545702,False
ITGB2,descriptive whole/cortical-kidney sensitivity including small studies,GSE142025_advanced;GSE166239;GSE111154;GSE199838,GSE142025_advanced;GSE166239;GSE111154;GSE199838,4.0,2.516075804353518,9.302684624366579,1.1701926139245162,1.7502447400925303,1.7502447400925303,-3.053984102096199,8.086135710803234,-3.053984102096199,8.086135710803234,0.2461190001273013,0.2461190001273013,-12.614367102930473,17.64651871163751,-12.614367102930473,17.64651871163751,15.929299984891875,81.16678069441001,0.2461190001273013,0.5816283690467094,False
ITGB3,descriptive whole/cortical-kidney sensitivity including small studies,GSE142025_advanced;GSE166239;GSE111154;GSE199838,GSE142025_advanced;GSE166239;GSE111154;GSE199838,4.0,0.7558866510674522,0.7809351199996755,0.9710410081565826,0.5417597608523457,0.5497787622530869,-0.9682346982084804,2.4800080003433846,-0.9937547395883339,2.505528041723238,0.257289969810485,0.2628558321366404,-3.7040339634423547,5.21580726557726,-3.7221637630974063,5.233937065232311,8.981146340085896,66.59669170949833,0.2628558321366404,0.5848621191027763,False
ITGB4,descriptive whole/cortical-kidney sensitivity including small studies,GSE142025_advanced;GSE166239;GSE111154;GSE199838,GSE142025_advanced;GSE166239;GSE111154;GSE199838,4.0,1.034934125412793,0.2966365739467444,1.20647525852182,0.47504716631067656,0.47504716631067656,-0.4768779738481146,2.5467462246737007,-0.4768779738481146,2.5467462246737007,0.117504126184766,0.117504126184766,-2.07462602720937,4.144494278034957,-2.07462602720937,4.144494278034957,5.300663314470677,43.403309698805515,0.117504126184766,0.4764547983116318,False
ITGB5,descriptive whole/cortical-kidney sensitivity including small studies,GSE142025_advanced;GSE166239;GSE111154;GSE199838,GSE142025_advanced;GSE166239;GSE111154;GSE199838,4.0,0.7825065461710816,0.9165618880058103,1.085601587254029,0.6132186491775952,0.6132186491775952,-1.1690288782352223,2.7340419705773855,-1.1690288782352223,2.7340419705773855,0.2917629948351253,0.2917629948351253,-4.1092879381250516,5.674301030467214,-4.1092879381250516,5.674301030467214,8.527542903381761,64.81987796496114,0.2917629948351253,0.5983180274629728,False
ITGB6,descriptive whole/cortical-kidney sensitivity including small studies,GSE142025_advanced;GSE166239;GSE111154;GSE199838,GSE142025_advanced;GSE166239;GSE111154;GSE199838,4.0,1.1166002027491724,1.4887616227870686,1.0166754677237937,0.71152615387912,0.71152615387912,-1.14779357677616,3.3809939822745045,-1.14779357677616,3.3809939822745045,0.21459171352648473,0.21459171352648473,-4.960706149149858,7.193906554648202,-4.960706149149858,7.193906554648202,12.121971692330574,75.25155085209394,0.21459171352648473,0.5695773277669068,False
ITGB7,descriptive whole/cortical-kidney sensitivity including small studies,GSE142025_advanced;GSE166239;GSE111154;GSE199838,GSE142025_advanced;GSE166239;GSE111154;GSE199838,4.0,0.7154882725538192,0.6095089129275334,0.8605093182712004,0.47058248947698256,0.5072919539510656,-0.7821152324134133,2.2130917775210515,-0.8989411319979024,2.3299176771055405,0.2257365374801258,0.2532249503965998,-3.206673624960391,4.63765017006803,-3.290496405841803,4.721472950949441,8.24899234727352,63.63192164929613,0.2532249503965998,0.5816283690467094,False
ITGB8,descriptive whole/cortical-kidney sensitivity including small studies,GSE142025_advanced;GSE166239;GSE111154;GSE199838,GSE142025_advanced;GSE166239;GSE111154;GSE199838,4.0,0.5278679210084799,0.7016061354199596,1.0961444243623293,0.5605127517105191,0.5605127517105191,-1.2559338147370656,2.3116696567540256,-1.2559338147370656,2.3116696567540256,0.41579247372476014,0.41579247372476014,-3.8086013125800653,4.864337154597025,-3.8086013125800653,4.864337154597025,7.4157519532980105,59.54557246664906,0.41579247372476014,0.6571585925028888,False
JAM2,descriptive whole/cortical-kidney sensitivity including small studies,GSE142025_advanced;GSE166239;GSE111154;GSE199838,GSE142025_advanced;GSE166239;GSE111154;GSE199838,4.0,0.5888476161767041,0.0,0.3348740845260136,0.1667291697186238,0.2881182828653914,0.05824098602264949,1.1194542463307586,-0.3280733486129469,1.5057685809663552,0.03859051516910856,0.13356134775399248,-0.12853010104199392,1.3062253333954021,-0.6508253000847998,1.828520532438208,1.0046222535780407,0.0,0.13356134775399248,0.48096740403921834,False
JAM3,descriptive whole/cortical-kidney sensitivity including small studies,GSE142025_advanced;GSE166239;GSE111154;GSE199838,GSE142025_advanced;GSE166239;GSE111154;GSE199838,4.0,0.9684418528069602,0.9564286303569302,0.8914222235421376,0.5673263448413889,0.6008848062982448,-0.8370437772236287,2.773927482837549,-0.9438417788980055,2.8807254845119257,0.18635582603249462,0.20541905940207644,-3.8961971703456553,5.833080875959576,-3.970229806386326,5.9071135120002465,10.616483179329016,71.74205479041125,0.20541905940207644,0.5614595538721774,False
JAML,descriptive whole/cortical-kidney sensitivity including small studies,GSE142025_advanced;GSE166239;GSE111154;GSE199838,GSE142025_advanced;GSE166239;GSE199838,3.0,2.327713749900367,1.508734174658899,1.0798972632300918,0.8799001626419596,0.8799001626419596,-1.458191086798056,6.11361858659879,-1.458191086798056,6.11361858659879,0.1181067457540954,0.1181067457540954,-16.870678229531727,21.526105729332457,-16.870678229531727,21.526105729332457,6.207234434164915,67.77953175101774,0.1181067457540954,0.4764547983116318,False
JCHAIN,descriptive whole/cortical-kidney sensitivity including small studies,GSE142025_advanced;GSE166239;GSE111154;GSE199838,GSE142025_advanced;GSE166239;GSE199838,3.0,1.5355328169285107,0.0,0.8229790274802251,0.32073724801012243,0.35355339716803696,0.15551182124542717,2.915553812611594,0.014315327491260854,3.0567503063657604,0.04096715745237859,0.04913934095159905,-2.539820322805345,5.610885956662366,-2.9567890326586532,6.027854666515674,1.6459580549604502,0.0,0.04913934095159905,0.4380293061545702,False
JUNB,descriptive whole/cortical-kidney sensitivity including small studies,GSE142025_advanced;GSE166239;GSE111154;GSE199838,GSE142025_advanced;GSE166239;GSE111154;GSE199838,4.0,-0.6142382538629898,3.8769619830845095,0.9879649207245115,1.0483796485408845,1.0547458357881212,-3.9506501928965596,2.7221736851705804,-3.970910241980272,2.742433734254293,0.599109767674493,0.6012055026086485,-10.212203677344814,8.983727169618835,-10.225107434098128,8.996630926372148,26.618689139905644,88.72972299938495,0.6012055026086485,0.7668828507484962,False
KDR,descriptive whole/cortical-kidney sensitivity including small studies,GSE142025_advanced;GSE166239;GSE111154;GSE199838,GSE142025_advanced;GSE166239;GSE111154;GSE199838,4.0,-1.4159714090658826,0.48802008012685605,0.9459688234501132,0.47949193797636697,0.4929954348763867,-2.9419287554920963,0.10998593736033113,-2.984902909309974,0.15296009117820897,0.059876758344141065,0.06393624597014631,-5.06164793616521,2.2297051180334444,-5.094839079031658,2.2628962608998924,6.0445205538345,50.368272003031386,0.06393624597014631,0.43880678261865175,False
KLK2,descriptive whole/cortical-kidney sensitivity including small studies,GSE142025_advanced;GSE166239;GSE111154;GSE199838,GSE111154;GSE199838,2.0,-1.0253968682280752,0.0,0.08339141214015236,0.16856543388165593,0.5837244150900552,-3.167223782570514,1.1164300461143635,-8.442318795866138,6.391525059409988,0.10372646371093797,0.32946026191492217,,,,,0.08339141214015236,0.0,0.32946026191492217,0.6116607290425718,False
KLK7,descriptive whole/cortical-kidney sensitivity including small studies,GSE142025_advanced;GSE166239;GSE111154;GSE199838,GSE142025_advanced;GSE166239;GSE111154;GSE199838,4.0,-0.8554920776149363,0.08810269632682169,1.0787414320942257,0.35716853254517295,0.35716853254517295,-1.9921617543769257,0.281177599147053,-1.9921617543769257,0.281177599147053,0.09628891839082648,0.09628891839082648,-2.853665763826,1.1426816085961273,-2.853665763826,1.1426816085961273,3.871624496791225,22.51314654904217,0.09628891839082648,0.456914220824969,False
KLKB1,descriptive whole/cortical-kidney sensitivity including small studies,GSE142025_advanced;GSE166239;GSE111154;GSE199838,GSE142025_advanced;GSE166239;GSE111154;GSE199838,4.0,-1.1608980294616826,0.3097803414007602,1.1267424319679533,0.4612728191105796,0.4612728191105796,-2.628874008367947,0.30707794944458144,-2.628874008367947,0.30707794944458144,0.08642483604526935,0.08642483604526935,-4.271192077506462,1.9493960185830967,-4.271192077506462,1.9493960185830967,5.281203101641292,43.19476183243815,0.08642483604526935,0.4452016225226704,False
KNG1,descriptive whole/cortical-kidney sensitivity including small studies,GSE142025_advanced;GSE166239;GSE111154;GSE199838,GSE142025_advanced;GSE166239;GSE111154;GSE199838,4.0,-0.9020876367491855,1.3485240319781513,0.9904155032258849,0.6688281177116786,0.6720565338631709,-3.0305972088305735,1.2264219353322028,-3.0408714698838084,1.2366961963854377,0.2701926489339771,0.2720450903442844,-6.668051807552168,4.863876534053797,-6.674997093077277,4.8708218195789055,12.655480877791735,76.29485573112831,0.2720450903442844,0.5917774591808034,False
KRAS,descriptive whole/cortical-kidney sensitivity including small studies,GSE142025_advanced;GSE166239;GSE111154;GSE199838,GSE142025_advanced;GSE166239;GSE111154;GSE199838,4.0,-0.5426024672060082,0.0,0.3453299732951047,0.16815349986484354,0.2861467208596294,-1.077741951571404,-0.00746298284061242,-1.4532490417747843,0.3680441073627678,0.04833230947311763,0.1542023303724196,-1.2661085824164031,0.18090364800438663,-1.7737924368215499,0.6885875024095335,1.035989919885314,0.0,0.1542023303724196,0.5016278963844071,False
L1CAM,descriptive whole/cortical-kidney sensitivity including small studies,GSE142025_advanced;GSE166239;GSE111154;GSE199838,GSE142025_advanced;GSE166239;GSE111154;GSE199838,4.0,-0.009162651106898661,0.0,1.2659601167876222,0.32247695367853846,0.32247695367853846,-1.0354282408803088,1.0171029386665114,-1.0354282408803088,1.0171029386665114,0.9791169438448135,0.9791169438448135,-1.396668996133153,1.3783436939193556,-1.396668996133153,1.3783436939193556,3.797880350362867,21.008569958941276,0.9791169438448135,1.0,False
LAMA1,descriptive whole/cortical-kidney sensitivity including small studies,GSE142025_advanced;GSE166239;GSE111154;GSE199838,GSE142025_advanced;GSE166239;GSE111154;GSE199838,4.0,-0.38528869401587595,0.4735030687938021,1.006997421150691,0.4761411020166041,0.4761411020166041,-1.9005821849223306,1.1300047968905786,-1.9005821849223306,1.1300047968905786,0.4776285464338996,0.4776285464338996,-3.9856949662069705,3.2151175781752186,-3.9856949662069705,3.2151175781752186,6.677102538352946,55.07033203746462,0.4776285464338996,0.6787353028271205,False
LAMA2,descriptive whole/cortical-kidney sensitivity including small studies,GSE142025_advanced;GSE166239;GSE111154;GSE199838,GSE142025_advanced;GSE166239;GSE111154;GSE199838,4.0,1.372261565420556,0.14599486104510645,0.7680238493295999,0.33207686057981345,0.37892325688327433,0.3154447873981159,2.4290783434429963,0.1663586465663105,2.5781644842748017,0.025712078976171605,0.03620976335074955,-0.8058749559103475,3.5503980867514597,-0.9431001566704267,3.687623287511539,3.392941417449848,11.581143589127594,0.03620976335074955,0.4380293061545702,False
LAMA3,descriptive whole/cortical-kidney sensitivity including small studies,GSE142025_advanced;GSE166239;GSE111154;GSE199838,GSE142025_advanced;GSE166239;GSE111154;GSE199838,4.0,0.7076819267458502,0.22903759121634826,0.7742168901508536,0.34379090926447714,0.3907176838787204,-0.3864141822330115,1.8017780357247117,-0.5357561227229913,1.9511199762146916,0.13168951072744353,0.16778312778323995,-1.8277081030668598,3.2430719565585604,-1.9505702636015898,3.3659341170932904,4.4012920735585155,31.838197741454326,0.16778312778323995,0.5118883960563447,False
LAMA4,descriptive whole/cortical-kidney sensitivity including small studies,GSE142025_advanced;GSE166239;GSE111154;GSE199838,GSE142025_advanced;GSE166239;GSE111154;GSE199838,4.0,1.3190720252064252,1.8825303131126072,0.9604088789032802,0.7540349175707415,0.7694198286392141,-1.0806036122714864,3.7187476626843368,-1.1295652656584654,3.7677093160713158,0.17854222535023068,0.18497239534475798,-5.417155056127548,8.055299106540398,-5.449285439740882,8.087429490153733,16.908208165334617,82.25713824513569,0.18497239534475798,0.5384057585913726,False
LAMA5,descriptive whole/cortical-kidney sensitivity including small studies,GSE142025_advanced;GSE166239;GSE111154;GSE199838,GSE142025_advanced;GSE166239;GSE111154;GSE199838,4.0,-0.10507548083615044,1.1613173795332228,1.1257343784450715,0.6850989412791568,0.6850989412791568,-2.2853660752637825,2.075215113591482,-2.2853660752637825,2.075215113591482,0.8878401572433092,0.8878401572433092,-5.599476994796499,5.389326033124197,-5.599476994796499,5.389326033124197,9.355193649389028,67.93225119187217,0.8878401572433092,0.9749198284596573,False
LAMB1,descriptive whole/cortical-kidney sensitivity including small studies,GSE142025_advanced;GSE166239;GSE111154;GSE199838,GSE142025_advanced;GSE166239;GSE111154;GSE199838,4.0,0.6707900791225777,0.0,1.1907172086041975,0.32116139319588866,0.32116139319588866,-0.35128881005344625,1.6928689682986016,-0.35128881005344625,1.6928689682986016,0.1279430099935162,0.1279430099935162,-0.7110558660018528,2.052636024247008,-0.7110558660018528,2.052636024247008,3.5721516258125927,16.017002796807084,0.1279430099935162,0.4806586058002525,False
LAMB2,descriptive whole/cortical-kidney sensitivity including small studies,GSE142025_advanced;GSE166239;GSE111154;GSE199838,GSE142025_advanced;GSE166239;GSE111154;GSE199838,4.0,0.15744950189736062,0.5139707854973861,1.0287149334969652,0.48988689592075074,0.48988689592075074,-1.401589240032537,1.716488243827258,-1.401589240032537,1.716488243827258,0.7689980970182867,0.7689980970182867,-3.5785811918593824,3.893480195654104,-3.5785811918593824,3.893480195654104,6.861751309514121,56.2793831388152,0.7689980970182867,0.8880907226627115,False
LAMB3,descriptive whole/cortical-kidney sensitivity including small studies,GSE142025_advanced;GSE166239;GSE111154;GSE199838,GSE142025_advanced;GSE166239;GSE111154;GSE199838,4.0,0.1332250495202277,0.0,0.5925399679126144,0.21762582257055668,0.28271678978883247,-0.5593574454537681,0.8258075444942236,-0.7665059535849128,1.0329560526253683,0.5836975976926511,0.669625281664651,-0.8031432900269501,1.0695933890674054,-1.0832071178106972,1.3496572168511525,1.7776199037378433,0.0,0.669625281664651,0.8202546053542967,False
LAMC1,descriptive whole/cortical-kidney sensitivity including small studies,GSE142025_advanced;GSE166239;GSE111154;GSE199838,GSE142025_advanced;GSE166239;GSE111154;GSE199838,4.0,1.2811460796644303,0.665419652110489,0.9624358601724214,0.5203245801042817,0.5303815940583229,-0.37475895783673785,2.9370511171655984,-0.4067648647369626,2.9690570240658234,0.09068965709332724,0.09454793235723417,-2.8818951705755778,5.444187329904438,-2.905324606755295,5.467616766084156,7.635411292796707,60.70938571665133,0.09454793235723417,0.456914220824969,False
LAMC2,descriptive whole/cortical-kidney sensitivity including small studies,GSE142025_advanced;GSE166239;GSE111154;GSE199838,GSE142025_advanced;GSE166239;GSE111154;GSE199838,4.0,1.2659380199801495,1.1892797348963546,0.9749218497584319,0.6388521845793105,0.6470166881086907,-0.7671747544567025,3.2990507944170018,-0.7931578485482544,3.3250338885085533,0.1418391163329366,0.14533696762769507,-4.172131383667633,6.704007423627932,-4.1899721087117925,6.721848148672091,11.0788048439274,72.92126684906466,0.14533696762769507,0.4947775897934141,False
LAMC3,descriptive whole/cortical-kidney sensitivity including small studies,GSE142025_advanced;GSE166239;GSE111154;GSE199838,GSE142025_advanced;GSE166239;GSE111154;GSE199838,4.0,0.9147680551575927,0.0,0.9640581186452687,0.29446182708792273,0.29990064121939686,-0.022340898505456952,1.8518770088206424,-0.03964963244329167,1.8691857427584773,0.05302282083217421,0.05541765101313365,-0.35219892896927196,2.1817350392844572,-0.3756002574386592,2.2051363677538447,2.892174355935806,0.0,0.05541765101313365,0.4380293061545702,False
LCK,descriptive whole/cortical-kidney sensitivity including small studies,GSE142025_advanced;GSE166239;GSE111154;GSE199838,GSE142025_advanced;GSE166239;GSE111154;GSE199838,4.0,1.7537587715508811,0.5170880325830242,0.9305779898386025,0.4894001696729696,0.5073267094636796,0.19626900976991934,3.3112485333318427,0.1392187594464529,3.3682987836553093,0.03719433803794698,0.04073289490294387,-1.9888085748509121,5.496326117952674,-2.0327428992041323,5.540260442305894,6.096938266173162,50.794974968919995,0.04073289490294387,0.4380293061545702,False
LIMD1,descriptive whole/cortical-kidney sensitivity including small studies,GSE142025_advanced;GSE166239;GSE111154;GSE199838,GSE142025_advanced;GSE166239;GSE111154;GSE199838,4.0,1.0846500178198661,1.5279239607251147,1.00577669334279,0.7126255454586405,0.7126255454586405,-1.1832425163757712,3.352542552015503,-1.1832425163757712,3.352542552015503,0.22535784070030906,0.22535784070030906,-5.054376237065233,7.2236762727049655,-5.054376237065233,7.2236762727049655,12.757266264739958,76.48399008264212,0.22535784070030906,0.5785416041584983,False
LOX,descriptive whole/cortical-kidney sensitivity including small studies,GSE142025_advanced;GSE166239;GSE111154;GSE199838,GSE142025_advanced;GSE166239;GSE111154;GSE199838,4.0,-0.8954080215442958,0.8758559734127449,0.9363512996283214,0.5543472312455314,0.5728784345002857,-2.6595883194658905,0.8687722763772988,-2.718562878796445,0.9277468357078532,0.20467004345974113,0.21599459407218402,-5.575533015815509,3.784716972726917,-5.616666482418274,3.825850439329682,9.853459918379784,69.55384174848002,0.21599459407218402,0.5700582187214516,False
LOXL1,descriptive whole/cortical-kidney sensitivity including small studies,GSE142025_advanced;GSE166239;GSE111154;GSE199838,GSE142025_advanced;GSE166239;GSE111154;GSE199838,4.0,2.0304728973431616,1.5522235801137798,1.0509924609237353,0.7578981205593738,0.7578981205593738,-0.3814971762124837,4.4424429708988065,-0.3814971762124837,4.4424429708988065,0.07510738227003042,0.07510738227003042,-4.244077097738909,8.305022892425233,-4.244077097738909,8.305022892425233,10.380889316801202,71.10074186857405,0.07510738227003042,0.43880678261865175,False
LOXL2,descriptive whole/cortical-kidney sensitivity including small studies,GSE142025_advanced;GSE166239;GSE111154;GSE199838,GSE142025_advanced;GSE166239;GSE111154;GSE199838,4.0,0.8794979587072342,1.0681457501545992,1.0491685998923772,0.6362049224587935,0.6362049224587935,-1.1451900461750606,2.904185963589529,-1.1451900461750606,2.904185963589529,0.2607841092879254,0.2607841092879254,-4.342338763637071,6.101334681051539,-4.342338763637071,6.101334681051539,9.491930241498533,68.39420514402794,0.2607841092879254,0.5848621191027763,False
LOXL3,descriptive whole/cortical-kidney sensitivity including small studies,GSE142025_advanced;GSE166239;GSE111154;GSE199838,GSE142025_advanced;GSE166239;GSE111154;GSE199838,4.0,1.6496074532262395,0.09000277710396686,0.9166587957501829,0.3537606282042572,0.3694925118819707,0.5237832490427579,2.775431657409721,0.4737173739574654,2.825497532495014,0.018614520786401436,0.020930657697148795,-0.34614340040984826,3.6453583068623274,-0.39823600448456253,3.6974509109370413,3.3270205804616664,9.829232268118044,0.020930657697148795,0.4380293061545702,False
LOXL4,descriptive whole/cortical-kidney sensitivity including small studies,GSE142025_advanced;GSE166239;GSE111154;GSE199838,GSE142025_advanced;GSE166239;GSE111154;GSE199838,4.0,1.4236418716868977,0.9009027943172158,0.9758368400230658,0.58301668156319,0.5901907198117893,-0.4317774124726441,3.2790611558464393,-0.4546084039908631,3.3018921473646587,0.0923473524174469,0.09483198601024133,-3.3691564627409454,6.216440206114741,-3.385384175584198,6.232667918957993,8.896198174966525,66.27772964363749,0.09483198601024133,0.456914220824969,False
LRP4,descriptive whole/cortical-kidney sensitivity including small studies,GSE142025_advanced;GSE166239;GSE111154;GSE199838,GSE142025_advanced;GSE166239;GSE111154;GSE199838,4.0,-0.2277536822950661,0.6823025567473447,0.8542134525364716,0.4855112344165572,0.5253104984328214,-1.7728671164377707,1.3173597518476385,-1.8995261371593415,1.4440187725692093,0.6709839808025139,0.6938924452333207,-4.350278184516563,3.8947708199264315,-4.439639046238398,3.984131681648266,9.228724994325866,67.49280098990378,0.6938924452333207,0.8358735147964463,False
LTBP1,descriptive whole/cortical-kidney sensitivity including small studies,GSE142025_advanced;GSE166239;GSE111154;GSE199838,GSE142025_advanced;GSE166239;GSE111154;GSE199838,4.0,1.4629562671759908,0.0,0.4769510137186416,0.21970073753962122,0.318122675818344,0.7637704667249177,2.162142067627064,0.4505479328909352,2.475364601461046,0.0069038059263336815,0.01932699037704372,0.5176602890731695,2.408252245278812,0.09418486767098977,2.831727666680992,1.4308530411559248,0.0,0.01932699037704372,0.4380293061545702,False
LTBP2,descriptive whole/cortical-kidney sensitivity including small studies,GSE142025_advanced;GSE166239;GSE111154;GSE199838,GSE142025_advanced;GSE166239;GSE111154;GSE199838,4.0,0.48608445747411355,0.13161445291024693,0.8127461316779656,0.31614562033423815,0.3506789634758635,-0.5200320038902085,1.4922009188384355,-0.6299325141803686,1.6021014291285955,0.2217652622930711,0.2597683277193758,-1.5843925682772588,2.556561483225486,-1.6849020604403684,2.6570709753885957,3.591391138895502,16.46690978575446,0.2597683277193758,0.5848621191027763,False
LTBP3,descriptive whole/cortical-kidney sensitivity including small studies,GSE142025_advanced;GSE166239;GSE111154;GSE199838,GSE142025_advanced;GSE166239;GSE111154;GSE199838,4.0,0.6993320820366715,0.5158511506963371,1.0155006720648294,0.49499924542832674,0.49499924542832674,-0.8759764376949302,2.274640601768273,-0.8759764376949302,2.274640601768273,0.25259140489634896,0.25259140489634896,-3.053793253038103,4.452457417111446,-3.053793253038103,4.452457417111446,6.615252940810931,54.650260136050896,0.25259140489634896,0.5816283690467094,False
LTBP4,descriptive whole/cortical-kidney sensitivity including small studies,GSE142025_advanced;GSE166239;GSE111154;GSE199838,GSE142025_advanced;GSE166239;GSE111154;GSE199838,4.0,0.7501829456162347,0.0,1.0367562457496131,0.3014286568317456,0.3014286568317456,-0.2090975696245847,1.709463460857054,-0.2090975696245847,1.709463460857054,0.0885812276514394,0.0885812276514394,-0.5467598875255891,2.0471257787580583,-0.5467598875255891,2.0471257787580583,3.1102687372488393,3.5453122081784025,0.0885812276514394,0.44748037647941746,False
LUM,descriptive whole/cortical-kidney sensitivity including small studies,GSE142025_advanced;GSE166239;GSE111154;GSE199838,GSE142025_advanced;GSE166239;GSE111154,3.0,2.4931353303668926,0.3342270861313067,0.9447299272065959,0.5190070835190829,0.5339731855090581,0.2600280857042039,4.726242575029581,0.19563414612332775,4.7906365146104575,0.040708667192404055,0.042939012642411886,-7.378493633246371,12.364764293980155,-7.5065303323257,12.492800993059486,3.199339408376931,37.487095155851954,0.042939012642411886,0.4380293061545702,False
LYN,descriptive whole/cortical-kidney sensitivity including small studies,GSE142025_advanced;GSE166239;GSE111154;GSE199838,GSE142025_advanced;GSE166239;GSE111154;GSE199838,4.0,1.5153402003505627,0.07313050864879247,0.8509917325035715,0.327683967709871,0.3552160029927865,0.4725035680115779,2.5581768326895475,0.3848843440485228,2.6457960566526024,0.019038488754165712,0.023634509654747338,-0.3126912780124509,3.3433716787135763,-0.40553725930270534,3.4362176600038308,3.053255569202593,1.7442224535596824,0.023634509654747338,0.4380293061545702,False
MADCAM1,descriptive whole/cortical-kidney sensitivity including small studies,GSE142025_advanced;GSE166239;GSE111154;GSE199838,GSE111154;GSE199838,2.0,-1.0314497315430309,0.0,0.08305528957015756,0.16795267106598222,0.5827781584206387,-3.1654907560948047,1.102591293008743,-8.436348328206517,6.373448865120455,0.10275998953358374,0.32740921964987846,,,,,0.08305528957015756,0.0,0.32740921964987846,0.6116607290425718,False
MAG,descriptive whole/cortical-kidney sensitivity including small studies,GSE142025_advanced;GSE166239;GSE111154;GSE199838,GSE111154;GSE199838,2.0,0.06944470925043203,0.0,0.8513947096214445,0.5043175385763212,0.5465609483113819,-6.338517187943984,6.477406606444849,-6.87527060079178,7.014160019292645,0.9128850747888874,0.919543738592648,,,,,0.8513947096214445,0.0,0.919543738592648,0.9958544222932827,False
MAPK1,descriptive whole/cortical-kidney sensitivity including small studies,GSE142025_advanced;GSE166239;GSE111154;GSE199838,GSE142025_advanced;GSE166239;GSE111154;GSE199838,4.0,0.615551371104041,0.2484365397879245,1.095104652626832,0.42411376386560334,0.42411376386560334,-0.7341679097300153,1.9652706519380974,-0.7341679097300153,1.9652706519380974,0.24258342935027363,0.24258342935027363,-2.2003335864840325,3.431436328692115,-2.2003335864840325,3.431436328692115,4.917876789115873,38.99806504629135,0.24258342935027363,0.5816283690467094,False
MAPK3,descriptive whole/cortical-kidney sensitivity including small studies,GSE142025_advanced;GSE166239;GSE111154;GSE199838,GSE142025_advanced;GSE166239;GSE111154;GSE199838,4.0,1.3136719738124558,0.08544823650603876,0.7173258189732955,0.29801673762896513,0.35187014890541907,0.3652497082324516,2.26209423939246,0.19386411848877683,2.433479829136135,0.021657058575839917,0.03349631375737617,-0.4824586062317118,3.1098025538566234,-0.6545780961479137,3.281922043772825,2.790300590332324,0.0,0.03349631375737617,0.4380293061545702,False
MASP1,descriptive whole/cortical-kidney sensitivity including small studies,GSE142025_advanced;GSE166239;GSE111154;GSE199838,GSE142025_advanced;GSE166239;GSE111154;GSE199838,4.0,-0.5199001521732519,0.0,0.20084271885121352,0.12773954357265319,0.28503442438341975,-0.9264243906546692,-0.11337591369183458,-1.4270069029309345,0.38720659858443063,0.02676249201240606,0.16565951707039975,-1.0695190480230785,0.029718743676574677,-1.7463042963191393,0.7065039919726356,0.6025281565536406,0.0,0.16565951707039975,0.5118883960563447,False
MASP2,descriptive whole/cortical-kidney sensitivity including small studies,GSE142025_advanced;GSE166239;GSE111154;GSE199838,GSE142025_advanced;GSE111154;GSE199838,3.0,0.8765204961202778,0.0,0.6110516028395722,0.2628407305415473,0.33624336384577597,-0.2543918906336534,2.007432882874209,-0.5702179311908916,2.3232589234314474,0.07936375253637268,0.12101815178593253,-2.4631876391463465,4.216228631386902,-3.395856526084232,5.148897518324787,1.2221032056791443,0.0,0.12101815178593253,0.4764547983116318,False
MATN1,descriptive whole/cortical-kidney sensitivity including small studies,GSE142025_advanced;GSE166239;GSE111154;GSE199838,GSE111154;GSE199838,2.0,-1.1803066841021397,0.0,0.19538829252387052,0.26433641350141307,0.5980090058525775,-4.539019273277226,2.1784059050729474,-8.77873154654128,6.418118178337002,0.14026022336527993,0.2985478788976666,,,,,0.19538829252387052,0.0,0.2985478788976666,0.5983180274629728,False
MATN3,descriptive whole/cortical-kidney sensitivity including small studies,GSE142025_advanced;GSE166239;GSE111154;GSE199838,GSE142025_advanced;GSE166239;GSE111154;GSE199838,4.0,0.9186696851819312,1.0507644323751453,1.0694080776404857,0.6470506788916475,0.6470506788916475,-1.1405343571881073,2.9778737275519696,-1.1405343571881073,2.9778737275519696,0.25074700679974393,0.25074700679974393,-4.297024008868019,6.134363379231881,-4.297024008868019,6.134363379231881,8.762779502492108,65.76428747126629,0.25074700679974393,0.5816283690467094,False
MATN4,descriptive whole/cortical-kidney sensitivity including small studies,GSE142025_advanced;GSE166239;GSE111154;GSE199838,GSE111154;GSE199838,2.0,-0.36102367317702766,0.0,0.3127562752557502,0.30510541749163406,0.545565504993908,-4.237755573941786,3.51570822758773,-7.29309067662416,6.571043330270105,0.44668390725777735,0.6278412815810877,,,,,0.3127562752557502,0.0,0.6278412815810877,0.7828021074490312,False
MBL2,descriptive whole/cortical-kidney sensitivity including small studies,GSE142025_advanced;GSE166239;GSE111154;GSE199838,GSE111154;GSE199838,2.0,-1.2352125783999048,2.8910401621737036,1.0000000132190365,1.3957371745774876,1.3957371745774876,-18.969734876471463,16.49930971967165,-18.969734876471463,16.49930971967165,0.5387945846534677,0.5387945846534677,,,,,3.6438479331418154,72.5564837405886,0.5387945846534677,0.7223906845610706,False
MEN1,descriptive whole/cortical-kidney sensitivity including small studies,GSE142025_advanced;GSE166239;GSE111154;GSE199838,GSE142025_advanced;GSE166239;GSE111154;GSE199838,4.0,-0.8444870561202582,0.0,0.183224199793505,0.12611162879336701,0.29462101273297076,-1.2458305432270196,-0.4431435690134969,-1.782102609551245,0.09312849731072881,0.006794299796405858,0.06424190125092047,-1.3871016000011895,-0.30187251223932676,-2.112138960797326,0.42316484855680936,0.5496725993805149,0.0,0.06424190125092047,0.43880678261865175,False
MERTK,descriptive whole/cortical-kidney sensitivity including small studies,GSE142025_advanced;GSE166239;GSE111154;GSE199838,GSE142025_advanced;GSE166239;GSE111154;GSE199838,4.0,0.11600874821169115,0.5633652374200501,0.8791262792311917,0.4625970563542049,0.49337510713567384,-1.3561815446178673,1.5881990410412496,-1.4541310386111874,1.6861485350345697,0.8181811202843488,0.8292415492817031,-3.6775581404275655,3.9095756368509478,-3.7486842165908536,3.980701713014236,7.813937476603316,61.60706418521169,0.8292415492817031,0.9302236863718819,False
MFAP2,descriptive whole/cortical-kidney sensitivity including small studies,GSE142025_advanced;GSE166239;GSE111154;GSE199838,GSE142025_advanced;GSE166239;GSE111154;GSE199838,4.0,0.9853370238519825,0.9543120354728268,0.9414703261208638,0.5742622395871281,0.5918435817195911,-0.8422217187860206,2.8128957664899854,-0.8981733960974063,2.8688474438013714,0.1846989956106221,0.1945296660933456,-3.890328269655599,5.861002317359564,-3.9290964579159637,5.899770505619928,10.295000137848398,70.85964099241883,0.1945296660933456,0.5505029623325207,False
MFAP3,descriptive whole/cortical-kidney sensitivity including small studies,GSE142025_advanced;GSE166239;GSE111154;GSE199838,GSE142025_advanced;GSE166239;GSE111154;GSE199838,4.0,-0.29252694941131174,0.1030534521585941,0.9540538754242437,0.330577945457981,0.33844447299495956,-1.3445735105423426,0.759519611719719,-1.3696083120378124,0.7845544132151888,0.44138433244606906,0.45098417333223145,-2.275182745283189,1.6901288464605657,-2.2996031359081717,1.714549237085548,3.718044174079427,19.31241643349253,0.45098417333223145,0.6686409686297471,False
MFAP4,descriptive whole/cortical-kidney sensitivity including small studies,GSE142025_advanced;GSE166239;GSE111154;GSE199838,GSE142025_advanced;GSE166239;GSE111154;GSE199838,4.0,2.430484714897611,0.5659470552475281,0.8718963887034096,0.5158278146813263,0.5524237189048037,0.788890391902455,4.072079037892768,0.6724258917179331,4.1885435380772895,0.018097257079313943,0.021767517828469612,-1.494198291490815,6.355167721286037,-1.5853427304750802,6.446312160270303,5.543294420972254,45.88055816321187,0.021767517828469612,0.4380293061545702,False
MFAP5,descriptive whole/cortical-kidney sensitivity including small studies,GSE142025_advanced;GSE166239;GSE111154;GSE199838,GSE142025_advanced;GSE111154;GSE199838,3.0,0.5773823327688842,0.08845637660545405,1.0112379620352123,0.38858972793179924,0.38858972793179924,-1.0945843208694725,2.249348986407241,-1.0945843208694725,2.249348986407241,0.275649665872404,0.275649665872404,-5.640333141914348,6.795097807452117,-5.640333141914348,6.795097807452117,2.4474103307341415,18.28096928069815,0.275649665872404,0.5917774591808034,False
MIF,descriptive whole/cortical-kidney sensitivity including small studies,GSE142025_advanced;GSE166239;GSE111154;GSE199838,GSE166239;GSE111154;GSE199838,3.0,0.1364786279657655,0.0,0.83279132337692,0.3667792058304539,0.4019172164542041,-1.441644923215977,1.714602179147508,-1.592831580544221,1.865788836475752,0.7455458605934122,0.7665244949020943,-4.523893054287541,4.796850310219073,-4.970363811294792,5.243321067226324,1.66558264675384,0.0,0.7665244949020943,0.8870458640817985,False
MMP1,descriptive whole/cortical-kidney sensitivity including small studies,GSE142025_advanced;GSE166239;GSE111154;GSE199838,GSE142025_advanced;GSE111154;GSE199838,3.0,0.3435300010463626,0.8953597961074109,0.936071303753629,0.6462791190743625,0.6679833822978346,-2.437184614819021,3.1242446169117457,-2.530570522224694,3.217630524317419,0.6481684501347973,0.6582453246748192,-14.216231051645606,14.90329105373833,-14.373533287389415,15.06059328948214,6.508796472218733,69.27235306040787,0.6582453246748192,0.8091147397494246,False
MMP10,descriptive whole/cortical-kidney sensitivity including small studies,GSE142025_advanced;GSE166239;GSE111154;GSE199838,GSE111154;GSE199838,2.0,-0.3887769668991847,0.0,0.13352957614241995,0.19842442581589476,0.543008211362877,-2.9099983459738508,2.1324444121754813,-7.288350473899922,6.510796540101553,0.3004323154215133,0.6044279580110008,,,,,0.13352957614241995,0.0,0.6044279580110008,0.7695399855652254,False
MMP11,descriptive whole/cortical-kidney sensitivity including small studies,GSE142025_advanced;GSE166239;GSE111154;GSE199838,GSE142025_advanced;GSE166239;GSE111154;GSE199838,4.0,1.0911120135918255,1.5756703223828123,1.0055348686757413,0.7218438991199788,0.7218438991199788,-1.2061174361541365,3.3883414633377873,-1.2061174361541365,3.3883414633377873,0.2278267825111842,0.2278267825111842,-5.139166188558585,7.321390215742236,-5.139166188558585,7.321390215742236,12.997582763969818,76.91878517353086,0.2278267825111842,0.5795625262337861,False
MMP12,descriptive whole/cortical-kidney sensitivity including small studies,GSE142025_advanced;GSE166239;GSE111154;GSE199838,GSE142025_advanced;GSE166239;GSE111154;GSE199838,4.0,-1.0755314744567888,0.0,0.8358679133777077,0.2792166023960425,0.3054023756765123,-1.9641233191259442,-0.18693962978763323,-2.047458136553372,-0.10360481236020536,0.030899470155248205,0.03887018775867464,-2.276903550947491,0.12584060203391378,-2.3895718398333052,0.2385088909197275,2.5076037401331233,0.0,0.03887018775867464,0.4380293061545702,False
MMP13,descriptive whole/cortical-kidney sensitivity including small studies,GSE142025_advanced;GSE166239;GSE111154;GSE199838,GSE142025_advanced;GSE111154;GSE199838,3.0,-0.952732889639262,0.2924438481165987,0.9724369450448637,0.4861740892088956,0.49301607983248685,-3.044571161707375,1.139105382428851,-3.0740098713408903,1.1685440920623664,0.18910636257175162,0.1930134329531473,-10.192591084508429,8.287125305229903,-10.25093785992454,8.345472080646019,3.2259868878903992,38.003467791281714,0.1930134329531473,0.5504041687126766,False
MMP14,descriptive whole/cortical-kidney sensitivity including small studies,GSE142025_advanced;GSE166239;GSE111154;GSE199838,GSE142025_advanced;GSE166239;GSE111154;GSE199838,4.0,1.2313621491269002,1.1485252174598923,1.033123451235779,0.6525364559886158,0.6525364559886158,-0.8453000842969949,3.308024382550795,-0.8453000842969949,3.308024382550795,0.15560872763474687,0.15560872763474687,-4.167273883890218,6.629998182144018,-4.167273883890218,6.629998182144018,9.877495107548153,69.627927249415,0.15560872763474687,0.5021543426084399,False
MMP15,descriptive whole/cortical-kidney sensitivity including small studies,GSE142025_advanced;GSE166239;GSE111154;GSE199838,GSE142025_advanced;GSE166239;GSE111154;GSE199838,4.0,-0.4439701492244214,0.17579613532453145,1.3265399042659025,0.43750800826176467,0.43750800826176467,-1.8363158936491084,0.9483755952002655,-1.8363158936491084,0.9483755952002655,0.38493972610061616,0.38493972610061616,-3.0512832443768727,2.16334294592803,-3.0512832443768727,2.16334294592803,5.12522698388351,41.466007077664564,0.38493972610061616,0.6469885656062351,False
MMP16,descriptive whole/cortical-kidney sensitivity including small studies,GSE142025_advanced;GSE166239;GSE111154;GSE199838,GSE166239;GSE111154;GSE199838,3.0,-0.04883965436558797,0.86492503046322,0.9948362752188877,0.6867965988834368,0.6885767101698734,-3.0038869153340535,2.9062076066028775,-3.011546116019898,2.913866807288722,0.9497794933850741,0.9499089974618796,-14.738743362105636,14.641064053374459,-14.752191178090754,14.654511869359578,5.131242685753597,61.023086950207826,0.9499089974618796,1.0,False
MMP17,descriptive whole/cortical-kidney sensitivity including small studies,GSE142025_advanced;GSE166239;GSE111154;GSE199838,GSE142025_advanced;GSE166239;GSE111154;GSE199838,4.0,0.2562815395276683,1.5855826652654104,1.0367117302834952,0.7352845046214251,0.7352845046214251,-2.0837219155371476,2.596284994592484,-2.0837219155371476,2.596284994592484,0.7504552947013513,0.7504552947013513,-6.017667752211552,6.530230831266889,-6.017667752211552,6.530230831266889,11.763873487051036,74.49819565551925,0.7504552947013513,0.8757175793608912,False
MMP19,descriptive whole/cortical-kidney sensitivity including small studies,GSE142025_advanced;GSE166239;GSE111154;GSE199838,GSE142025_advanced;GSE166239;GSE111154;GSE199838,4.0,1.0104322360079119,0.09464985071073356,1.1993890970837666,0.3865082786799526,0.3865082786799526,-0.21960960743866886,2.2404740794544926,-0.21960960743866886,2.2404740794544926,0.0793930601627122,0.0793930601627122,-1.1150891006056851,3.135953572621509,-1.1150891006056851,3.135953572621509,4.211459456723764,28.765786995518155,0.0793930601627122,0.43880678261865175,False
MMP2,descriptive whole/cortical-kidney sensitivity including small studies,GSE142025_advanced;GSE166239;GSE111154;GSE199838,GSE142025_advanced;GSE166239;GSE111154;GSE199838,4.0,1.8812389115562165,0.2112691424635463,0.9173463901281922,0.4065455377703528,0.4244656205575351,0.5874295669493792,3.1750482561630538,0.5303998656929325,3.2320779574195004,0.019005366643318984,0.021344825395797996,-0.7590211615385241,4.5214989846509575,-0.8107236189968354,4.573201442109268,4.025082782922299,25.4673714357265,0.021344825395797996,0.4380293061545702,False
MMP20,descriptive whole/cortical-kidney sensitivity including small studies,GSE142025_advanced;GSE166239;GSE111154;GSE199838,GSE111154;GSE199838,2.0,-1.0794572094769648,0.03054030645307596,1.000000000163027,0.6188573961085284,0.6188573961085284,-8.942785986927888,6.783871567973957,-8.942785986927888,6.783871567973957,0.33139811262615904,0.33139811262615904,,,,,1.036151659726243,3.4890316863261583,0.33139811262615904,0.6133345526126506,False
MMP24,descriptive whole/cortical-kidney sensitivity including small studies,GSE142025_advanced;GSE166239;GSE111154;GSE199838,GSE142025_advanced;GSE166239;GSE111154;GSE199838,4.0,-0.8240530855155083,0.0,1.091348203488067,0.3114699558877364,0.3114699558877364,-1.8152894958373145,0.16718332480629794,-1.8152894958373145,0.16718332480629794,0.07727831712837575,0.07727831712837575,-2.164200141450822,0.5160939704198052,-2.164200141450822,0.5160939704198052,3.274044610464201,8.370216141476043,0.07727831712837575,0.43880678261865175,False
MMP25,descriptive whole/cortical-kidney sensitivity including small studies,GSE142025_advanced;GSE166239;GSE111154;GSE199838,GSE142025_advanced;GSE111154;GSE199838,3.0,0.27389005312259196,0.08557854133069692,0.7827142896345374,0.3353377511482524,0.37903631068439764,-1.168951837243482,1.716731943488666,-1.3569715637177966,1.9047516699629807,0.4998795910569465,0.5450009991590712,-5.380441704470506,5.928221810715691,-5.809809276303445,6.357589382548629,2.0110363009734313,0.5487867607406824,0.5450009991590712,0.7260448279786658,False
MMP3,descriptive whole/cortical-kidney sensitivity including small studies,GSE142025_advanced;GSE166239;GSE111154;GSE199838,GSE142025_advanced;GSE111154;GSE199838,3.0,-0.9413357032482326,0.0,0.6902291842211338,0.28520040039701994,0.3432839286974214,-2.16845398454211,0.2857825780456449,-2.4183672361373123,0.5356958296408474,0.08082127579833623,0.11123551137683317,-4.565150381531766,2.682478975035301,-5.303171583916065,3.4205001774195996,1.3804583684422675,0.0,0.11123551137683317,0.4696704517454301,False
MMP7,descriptive whole/cortical-kidney sensitivity including small studies,GSE142025_advanced;GSE166239;GSE111154;GSE199838,GSE142025_advanced;GSE166239;GSE111154;GSE199838,4.0,1.6644290973795974,0.7769302373920873,0.9854234593766739,0.5653180059557648,0.5694837942089036,-0.13466510198467918,3.4635232967438743,-0.14792249941947522,3.47678069417867,0.06030396801712568,0.06136196176762427,-2.8410763745628196,6.169934569322015,-2.8507780992880947,6.17963629404729,7.699771020928003,61.03780239898057,0.06136196176762427,0.43880678261865175,False
MMP8,descriptive whole/cortical-kidney sensitivity including small studies,GSE142025_advanced;GSE166239;GSE111154;GSE199838,GSE111154,1.0,,,,,,,,,,,,,,,,,,1.0,1.0,False
MMP9,descriptive whole/cortical-kidney sensitivity including small studies,GSE142025_advanced;GSE166239;GSE111154;GSE199838,GSE142025_advanced;GSE166239;GSE111154;GSE199838,4.0,1.177343354778131,0.922999862110434,1.0165956520042008,0.6086604852200664,0.6086604852200664,-0.7596859575826584,3.1143726671389205,-0.7596859575826584,3.1143726671389205,0.14853606950408763,0.14853606950408763,-3.716094159997337,6.070780869553599,-3.716094159997337,6.070780869553599,8.381227009034145,64.20571836598278,0.14853606950408763,0.4970245402636778,False
MTMR4,descriptive whole/cortical-kidney sensitivity including small studies,GSE142025_advanced;GSE166239;GSE111154;GSE199838,GSE142025_advanced;GSE166239;GSE111154;GSE199838,4.0,-0.5317541564010634,0.02889441394507859,1.1965446937108155,0.33664524148326097,0.33664524148326097,-1.6031095613508088,0.5396012485486822,-1.6031095613508088,0.5396012485486822,0.21232923905639103,0.21232923905639103,-2.154398723917756,1.090890411115629,-2.154398723917756,1.090890411115629,3.8061722871317825,21.18065674161297,0.21232923905639103,0.5672080005601771,False
MUSK,descriptive whole/cortical-kidney sensitivity including small studies,GSE142025_advanced;GSE166239;GSE111154;GSE199838,GSE142025_advanced;GSE111154;GSE199838,3.0,0.7558773118401947,1.2564655596628356,0.9347280213425171,0.7288743787809553,0.7538935942615821,-2.380216023666126,3.8919706473465157,-2.4878650194500347,3.9996196431304245,0.40865209636756117,0.42163827600474735,-16.233052169875513,17.744806793555902,-16.408418759370218,17.920173383050606,8.679019631663202,76.95592261707178,0.42163827600474735,0.6585807744276672,False
MYC,descriptive whole/cortical-kidney sensitivity including small studies,GSE142025_advanced;GSE166239;GSE111154;GSE199838,GSE142025_advanced;GSE166239;GSE111154;GSE199838,4.0,0.890754454093129,1.7099826043139439,1.1322860375572412,0.7972933186927958,0.7972933186927958,-1.6465887222081448,3.428097630394403,-1.6465887222081448,3.428097630394403,0.3453119271322012,0.3453119271322012,-5.698992771769675,7.480501679955933,-5.698992771769675,7.480501679955933,10.284012831667738,70.82850781008317,0.3453119271322012,0.6199275618356702,False
NCAM1,descriptive whole/cortical-kidney sensitivity including small studies,GSE142025_advanced;GSE166239;GSE111154;GSE199838,GSE142025_advanced;GSE166239;GSE111154;GSE199838,4.0,1.066855652933492,0.0,0.07445275944878903,0.082001522044645,0.3005256285375634,0.805890212074871,1.327821093792113,0.11044897675105936,2.0232623291159246,0.0009805258508784839,0.03809163032258092,0.7140315802644895,1.4196797256024944,-0.22620176305332795,2.359913068920312,0.22335827834636707,0.0,0.03809163032258092,0.4380293061545702,False
NCAN,descriptive whole/cortical-kidney sensitivity including small studies,GSE142025_advanced;GSE166239;GSE111154;GSE199838,GSE111154;GSE199838,2.0,-0.42522061124486527,0.0,0.5349069051511213,0.4033028217642097,0.5514322457662804,-5.549668835257885,4.699227612768155,-7.431831624079824,6.581390401590094,0.4831627639652318,0.5818161472607165,,,,,0.5349069051511213,0.0,0.5818161472607165,0.7540772000842265,False
NCOR1,descriptive whole/cortical-kidney sensitivity including small studies,GSE142025_advanced;GSE166239;GSE111154;GSE199838,GSE142025_advanced;GSE166239;GSE111154;GSE199838,4.0,0.7295306517648034,0.43897240339220217,0.9342066834421988,0.4444524967055342,0.4598369492818645,-0.6849155542498434,2.14397685777945,-0.7338757485101982,2.192937052039805,0.19924960367732167,0.21081682978325297,-2.7031946877630526,4.1622559912926596,-2.740505887002818,4.1995671905324246,6.325704338129517,52.5744511655901,0.21081682978325297,0.5672080005601771,False
NCOR2,descriptive whole/cortical-kidney sensitivity including small studies,GSE142025_advanced;GSE166239;GSE111154;GSE199838,GSE142025_advanced;GSE166239;GSE111154;GSE199838,4.0,0.1645191094090366,0.4375252647187349,1.0684640693596583,0.47730693733773666,0.47730693733773666,-1.3544845898077256,1.6835228086257987,-1.3544845898077256,1.6835228086257987,0.7530821931850888,0.7530821931850888,-3.3451037861852786,3.674142005003352,-3.3451037861852786,3.674142005003352,6.322512652951553,52.550510142522164,0.7530821931850888,0.8774752340236973,False
NCSTN,descriptive whole/cortical-kidney sensitivity including small studies,GSE142025_advanced;GSE166239;GSE111154;GSE199838,GSE142025_advanced;GSE166239;GSE111154;GSE199838,4.0,-0.6831536897245893,0.8146140129868497,1.1761961183850635,0.6232150635711098,0.6232150635711098,-2.666502166183619,1.3001947867344401,-2.666502166183619,1.3001947867344401,0.3531132727697432,0.3531132727697432,-5.402383207836214,4.036075828387036,-5.402383207836214,4.036075828387036,7.912285353642524,62.08427949809835,0.3531132727697432,0.6199275618356702,False
NEDD4L,descriptive whole/cortical-kidney sensitivity including small studies,GSE142025_advanced;GSE166239;GSE111154;GSE199838,GSE142025_advanced;GSE166239;GSE111154;GSE199838,4.0,-1.5398306611165338,0.4666864499594783,0.9304825722342018,0.46854897494866987,0.48573664685273177,-3.0309626152863967,-0.04869870694667089,-3.085661458233907,0.006000136000839484,0.04620348958118171,0.05047704885167819,-5.104091131543626,2.0244298093105586,-5.146435577597718,2.066774255364651,5.994244481176744,49.95199129063446,0.05047704885167819,0.4380293061545702,False
NEDD8,descriptive whole/cortical-kidney sensitivity including small studies,GSE142025_advanced;GSE166239;GSE111154;GSE199838,GSE142025_advanced;GSE166239;GSE111154;GSE199838,4.0,0.6454351576277629,0.027931915740275436,1.1332175554488704,0.3287862200486427,0.3287862200486427,-0.4009093335942363,1.6917796488497623,-0.4009093335942363,1.6917796488497623,0.14441699247078726,0.14441699247078726,-0.9414931479689342,2.23236346322446,-0.9414931479689342,2.23236346322446,3.6112274642954163,16.92575364854987,0.14441699247078726,0.4947775897934141,False
NID1,descriptive whole/cortical-kidney sensitivity including small studies,GSE142025_advanced;GSE166239;GSE111154;GSE199838,GSE142025_advanced;GSE166239;GSE111154;GSE199838,4.0,1.0570088614901458,0.0,0.6597277265983315,0.24623594937313953,0.30315803958119303,0.27337617417957183,1.8406415488007197,0.09222467850792604,2.0217930444723655,0.02324562877973189,0.03986288366421616,-0.0024589182426433265,2.1164766412229348,-0.24737490505936965,2.3613926280396615,1.9791831797949944,0.0,0.03986288366421616,0.4380293061545702,False
NID2,descriptive whole/cortical-kidney sensitivity including small studies,GSE142025_advanced;GSE166239;GSE111154;GSE199838,GSE142025_advanced;GSE166239;GSE111154;GSE199838,4.0,1.1672367818742475,0.31361279912220635,0.955289974852665,0.42128665157264006,0.4310325708141399,-0.17348536588844565,2.5079589296369407,-0.20450123057015013,2.538974794318645,0.06953090042211868,0.07328818299662535,-1.8479842827048802,4.182457846453375,-1.8733778432166237,4.207851406965119,5.171562769060629,41.99045561338271,0.07328818299662535,0.43880678261865175,False
NRAS,descriptive whole/cortical-kidney sensitivity including small studies,GSE142025_advanced;GSE166239;GSE111154;GSE199838,GSE142025_advanced;GSE166239;GSE111154;GSE199838,4.0,0.4758828640650041,0.3473075635666705,0.807543812310252,0.38462535206429144,0.4280109302825999,-0.7481666665304454,1.6999323946604536,-0.8862389396338985,1.8380046677639068,0.3040058184887955,0.34728815440740685,-2.552048351757979,3.5038140798879867,-2.657975510845247,3.609741238975255,5.733114348140869,47.67241994793216,0.34728815440740685,0.6199275618356702,False
NRXN1,descriptive whole/cortical-kidney sensitivity including small studies,GSE142025_advanced;GSE166239;GSE111154;GSE199838,GSE142025_advanced;GSE166239;GSE111154;GSE199838,4.0,-1.0938396122356278,0.0,0.43721013217062116,0.20032437378923637,0.3029623667316787,-1.7313611754594556,-0.45631804901180006,-2.058001076880866,-0.1296781475903892,0.01207006111591024,0.03649128613759415,-1.955765825955237,-0.23191339851601833,-2.397381466465043,0.20970224199378706,1.3116303965118634,0.0,0.03649128613759415,0.4380293061545702,False
NTN4,descriptive whole/cortical-kidney sensitivity including small studies,GSE142025_advanced;GSE166239;GSE111154;GSE199838,GSE142025_advanced;GSE166239;GSE111154;GSE199838,4.0,0.34649069830584683,0.47869233856158805,1.0015270726077845,0.4733628816902562,0.4733628816902562,-1.1599612555877579,1.8529426521994516,-1.1599612555877579,1.8529426521994516,0.5171811613989336,0.5171811613989336,-3.2604689350358593,3.9534503316475527,-3.2604689350358593,3.9534503316475527,6.5936988124758145,54.50201646572397,0.5171811613989336,0.7104435953953772,False
OLR1,descriptive whole/cortical-kidney sensitivity including small studies,GSE142025_advanced;GSE166239;GSE111154;GSE199838,GSE142025_advanced;GSE166239;GSE111154;GSE199838,4.0,-1.2331364331344405,0.6618311531237715,0.963199631675221,0.5186687225457787,0.528484075447061,-2.883771792866474,0.41749892659759325,-2.915008626442216,0.44873576017333505,0.09783819830008057,0.10183675487264975,-5.384356650843962,2.9180837845750816,-5.407212054284779,2.940939188015898,7.667981104375133,60.8762729176747,0.10183675487264975,0.4580891220256462,False
OPTC,descriptive whole/cortical-kidney sensitivity including small studies,GSE142025_advanced;GSE166239;GSE111154;GSE199838,GSE111154;GSE199838,2.0,-1.7395214816741276,0.0,0.45082619777134125,0.4476150333239724,0.6666533893249017,-7.42700973807818,3.9479667747299243,-10.210155934501106,6.73111297115285,0.16033705508901655,0.2329867461139501,,,,,0.45082619777134125,0.0,0.2329867461139501,0.5809828732714106,False
P3H1,descriptive whole/cortical-kidney sensitivity including small studies,GSE142025_advanced;GSE166239;GSE111154;GSE199838,GSE142025_advanced;GSE166239;GSE199838,3.0,1.0529011476452166,1.4296113967973927,1.0524230485415755,0.8114309094402973,0.8114309094402973,-2.4384042698611665,4.5442065651516,-2.4384042698611665,4.5442065651516,0.323929111625949,0.323929111625949,-17.30759335142136,19.41339564671179,-17.30759335142136,19.41339564671179,7.764343233436563,74.2412211842059,0.323929111625949,0.611172275670164,False
P3H2,descriptive whole/cortical-kidney sensitivity including small studies,GSE142025_advanced;GSE166239;GSE111154;GSE199838,GSE142025_advanced;GSE166239;GSE199838,3.0,-0.03204390991225754,0.0,0.12866215095492717,0.10938259885470884,0.30494592475726,-0.5026792474615609,0.43859142763704584,-1.3441203254950564,1.2800325056705413,0.7971576063180701,0.9259010413939647,-1.4218816055350558,1.3577937857105407,-3.9067492633401266,3.842661443515612,0.25732430190985434,0.0,0.9259010413939647,0.9993500123061376,False
P3H3,descriptive whole/cortical-kidney sensitivity including small studies,GSE142025_advanced;GSE166239;GSE111154;GSE199838,GSE142025_advanced;GSE166239;GSE199838,3.0,1.6459062640924849,0.5139140519383117,1.0332262960047112,0.5749592375716078,0.5749592375716078,-0.8279436689396631,4.119756197124633,-0.8279436689396631,4.119756197124633,0.1034394999621619,0.1034394999621619,-10.030620099880823,13.322432628065792,-10.030620099880823,13.322432628065792,4.2901273202891606,53.38133694677394,0.1034394999621619,0.4580891220256462,False
P4HA1,descriptive whole/cortical-kidney sensitivity including small studies,GSE142025_advanced;GSE166239;GSE111154;GSE199838,GSE142025_advanced;GSE166239;GSE111154;GSE199838,4.0,-0.7867515967510224,1.7107871535122452,1.1494709990658558,0.8073639143669284,0.8073639143669284,-3.356143903047446,1.782640709545401,-3.356143903047446,1.782640709545401,0.4016942722362736,0.4016942722362736,-7.4002852555295116,5.826782062027466,-7.4002852555295116,5.826782062027466,10.314315891226432,70.91421252133783,0.4016942722362736,0.6520938763588853,False
P4HA2,descriptive whole/cortical-kidney sensitivity including small studies,GSE142025_advanced;GSE166239;GSE111154;GSE199838,GSE142025_advanced;GSE166239;GSE111154;GSE199838,4.0,-1.1852477587707797,0.21482673218377485,1.0835218745794,0.41859991151627446,0.41859991151627446,-2.5174195005678346,0.14692398302627496,-2.5174195005678346,0.14692398302627496,0.066110181120323,0.066110181120323,-3.872434784181819,1.5019392666402596,-3.872434784181819,1.5019392666402596,4.649117686950639,35.47162704827756,0.066110181120323,0.43880678261865175,False
P4HA3,descriptive whole/cortical-kidney sensitivity including small studies,GSE142025_advanced;GSE166239;GSE111154;GSE199838,GSE142025_advanced;GSE166239;GSE111154;GSE199838,4.0,0.5984265428175477,0.05847085412071476,0.7050479423952724,0.2681258410518352,0.3193223723111896,-0.2548695493889519,1.4517226350240473,-0.41779976113862616,1.6146528467737216,0.11180038570184388,0.1576199565521434,-0.9550773180959973,2.1519304037310927,-1.1249866626926759,2.321839748327771,2.6118411494549685,0.0,0.1576199565521434,0.5037405142054215,False
P4HB,descriptive whole/cortical-kidney sensitivity including small studies,GSE142025_advanced;GSE166239;GSE111154;GSE199838,GSE142025_advanced;GSE166239;GSE111154;GSE199838,4.0,0.6057074147505012,2.247810431530044,1.1391163885213726,0.8983620333514234,0.8983620333514234,-2.253281519095895,3.4646963485968976,-2.253281519095895,3.4646963485968976,0.5484661074895036,0.5484661074895036,-6.914542797922429,8.125957627423432,-6.914542797922429,8.125957627423432,12.202296209857217,75.4144634058584,0.5484661074895036,0.7263749021191817,False
PARD3,descriptive whole/cortical-kidney sensitivity including small studies,GSE142025_advanced;GSE166239;GSE111154;GSE199838,GSE142025_advanced;GSE166239;GSE111154;GSE199838,4.0,-0.2501574406920804,1.8104608452910476,1.0096178681385408,0.7712159075429674,0.7712159075429674,-2.7045106562282184,2.2041957748440577,-2.7045106562282184,2.2041957748440577,0.7669604725202779,0.7669604725202779,-6.923063894301567,6.422749012917405,-6.923063894301567,6.422749012917405,13.15958832278638,77.20293426804717,0.7669604725202779,0.8870458640817985,False
PARD6A,descriptive whole/cortical-kidney sensitivity including small studies,GSE142025_advanced;GSE166239;GSE111154;GSE199838,GSE142025_advanced;GSE166239;GSE111154;GSE199838,4.0,0.11928179453101292,0.0240544554932281,0.6928184946927315,0.24685520085917914,0.29657363845680024,-0.6663216273833492,0.9048852164453751,-0.8245478854203772,1.063111474482403,0.6620214150255809,0.7144786337585546,-1.135086825728471,1.3736504147904969,-1.320727939160886,1.5592915282229118,2.283196567764154,0.0,0.7144786337585546,0.8515019333834828,False
PARP1,descriptive whole/cortical-kidney sensitivity including small studies,GSE142025_advanced;GSE166239;GSE111154;GSE199838,GSE142025_advanced;GSE166239;GSE111154;GSE199838,4.0,-0.2072579178512797,0.556436538106246,0.8293419629892932,0.4473458330219306,0.49122060551964963,-1.6309120113359852,1.2163961756334258,-1.7705411189665143,1.356025283263955,0.6746877656586533,0.7014908612723537,-3.949712168854581,3.5351963331520215,-4.050213870967248,3.6356980352646886,7.966473998545797,62.34218550706848,0.7014908612723537,0.8437286395948586,False
PCOLCE,descriptive whole/cortical-kidney sensitivity including small studies,GSE142025_advanced;GSE166239;GSE111154;GSE199838,GSE142025_advanced;GSE166239;GSE111154;GSE199838,4.0,1.9602145190168805,0.3767151700310339,0.9979673893362945,0.48072457260439483,0.48121388160818707,0.4303343790729346,3.4900946589608264,0.42877717944167393,3.4916518585920873,0.026631149791045472,0.026702481719841617,-1.3942304753149062,5.314659513348667,-1.3955290542671739,5.315958092300935,5.072476680049955,40.85729340464005,0.026702481719841617,0.4380293061545702,False
PCOLCE2,descriptive whole/cortical-kidney sensitivity including small studies,GSE142025_advanced;GSE166239;GSE111154;GSE199838,GSE142025_advanced;GSE166239;GSE111154;GSE199838,4.0,-1.0042129830453272,0.5304770296573792,0.9840926284145791,0.4928673280657415,0.49683483766918,-2.5727367902431997,0.564310824152545,-2.58536317652184,0.5769372104311854,0.13437071371685372,0.1364951781019311,-4.788090244405603,2.7796642783149483,-4.797683761687731,2.789257795597076,6.51164498791408,53.92869228024345,0.1364951781019311,0.48096740403921834,False
PDGFA,descriptive whole/cortical-kidney sensitivity including small studies,GSE142025_advanced;GSE166239;GSE111154;GSE199838,GSE142025_advanced;GSE166239;GSE111154;GSE199838,4.0,0.07160517382773754,0.4202586598003907,1.0568470366871343,0.4681124834155023,0.4681124834155023,-1.4181376694751089,1.5613480171305838,-1.4181376694751089,1.5613480171305838,0.8881346956166254,0.8881346956166254,-3.3688707357959227,3.5120810834513976,-3.3688707357959227,3.5120810834513976,6.006194114007819,50.051564384119494,0.8881346956166254,0.9749198284596573,False
PDGFB,descriptive whole/cortical-kidney sensitivity including small studies,GSE142025_advanced;GSE166239;GSE111154;GSE199838,GSE142025_advanced;GSE166239;GSE111154;GSE199838,4.0,-0.026209758699818047,0.26884975921326,1.0448794231491159,0.4147381813417012,0.4147381813417012,-1.3460917515707993,1.2936722341711633,-1.3460917515707993,1.2936722341711633,0.9535855347041035,0.9535855347041035,-2.883046489695988,2.8306269722963515,-2.883046489695988,2.8306269722963515,5.085173986157769,41.004968400958774,0.9535855347041035,1.0,False
PECAM1,descriptive whole/cortical-kidney sensitivity including small studies,GSE142025_advanced;GSE166239;GSE111154;GSE199838,GSE142025_advanced;GSE166239;GSE111154;GSE199838,4.0,1.7437250597655012,0.651086683331716,0.9496909170672305,0.5264735672056928,0.5402383734479311,0.06825120098221027,3.4191989185487923,0.0244454442136528,3.4630046753173493,0.04532141520274232,0.04830042227455567,-2.401721977509272,5.889172097040275,-2.4343793456227676,5.92182946515377,6.972093482107789,56.97131704130499,0.04830042227455567,0.4380293061545702,False
PF4,descriptive whole/cortical-kidney sensitivity including small studies,GSE142025_advanced;GSE166239;GSE111154;GSE199838,GSE142025_advanced;GSE111154;GSE199838,3.0,-0.11943583995909052,0.3875906735030951,0.8406374605326701,0.4723272437050822,0.515155839042103,-2.151695944421802,1.9128242645036209,-2.3359725170599694,2.0971008371417885,0.8239877186506683,0.8382210266376948,-10.048858844297298,9.809987164379118,-10.386931523852004,10.148059843933824,3.738669834036868,46.50503818786054,0.8382210266376948,0.9362725589975963,False
PF4V1,descriptive whole/cortical-kidney sensitivity including small studies,GSE142025_advanced;GSE166239;GSE111154;GSE199838,GSE111154;GSE199838,2.0,0.4843936296156714,0.3861216845322515,0.9999999873425695,0.7241620575896517,0.7241620621726672,-8.716957736287974,9.685744995519315,-8.716957794520708,9.685745053752049,0.6246816290340332,0.6246816308959519,,,,,1.5526635107200648,35.59454491615901,0.6246816308959519,0.781889106879075,False
PHYKPL,descriptive whole/cortical-kidney sensitivity including small studies,GSE142025_advanced;GSE166239;GSE111154;GSE199838,GSE142025_advanced;GSE166239;GSE111154;GSE199838,4.0,0.23018394687964333,0.24301501548762355,1.127728851687858,0.4222079221640589,0.4222079221640589,-1.113470095072877,1.5738379888321639,-1.113470095072877,1.5738379888321639,0.6235417480113437,0.6235417480113437,-2.562481453536452,3.0228493472957387,-2.562481453536452,3.0228493472957387,5.06909453058465,40.81783281216514,0.6235417480113437,0.781889106879075,False
PICK1,descriptive whole/cortical-kidney sensitivity including small studies,GSE142025_advanced;GSE166239;GSE111154;GSE199838,GSE142025_advanced;GSE166239;GSE111154;GSE199838,4.0,-0.8797746199041931,0.1275227060552268,0.9843596575264546,0.35672633206846854,0.3595491489350402,-2.0150370173929,0.2554877775845137,-2.0240204805004134,0.2644712406920271,0.09036494862246429,0.09193434849750205,-3.051554864709825,1.2920056249014387,-3.0601554976692062,1.30060625786082,3.8898971258793402,22.877137802922547,0.09193434849750205,0.45559870173129186,False
PIK3CA,descriptive whole/cortical-kidney sensitivity including small studies,GSE142025_advanced;GSE166239;GSE111154;GSE199838,GSE142025_advanced;GSE166239;GSE111154;GSE199838,4.0,-0.9963790843955305,1.4175104296654792,0.9658233560445552,0.6724035664252009,0.6841969856706522,-3.1362673300249995,1.1435091612339383,-3.1737992535293476,1.1810410847382868,0.23499402943987763,0.24134558460705413,-6.87959707647879,4.8868389076877286,-6.904715550765082,4.9119573819740205,13.609358707687555,77.95634559690619,0.24134558460705413,0.5816283690467094,False
PIK3CB,descriptive whole/cortical-kidney sensitivity including small studies,GSE142025_advanced;GSE166239;GSE111154;GSE199838,GSE142025_advanced;GSE166239;GSE111154;GSE199838,4.0,-1.782273982329598,0.12596129633154915,0.9359663134719329,0.3800101461440947,0.3927942151902564,-2.991635867896194,-0.5729120967630021,-3.032320481198643,-0.5322274834605529,0.018325627622866113,0.020038935767084726,-4.019525177021663,0.45497721236246624,-4.060034259291638,0.49548629463244165,3.5484781211905583,15.456714187279166,0.020038935767084726,0.4380293061545702,False
PIK3R1,descriptive whole/cortical-kidney sensitivity including small studies,GSE142025_advanced;GSE166239;GSE111154;GSE199838,GSE142025_advanced;GSE166239;GSE111154;GSE199838,4.0,0.14717127653541417,0.6281550612695224,0.9125375577549001,0.4868821106606028,0.5096809994829983,-1.4023048976451546,1.6966474507159828,-1.474861137142561,1.7692036902133892,0.7821890671190138,0.7915741368740186,-3.85501107424333,4.1493536273141585,-3.9072195151218514,4.20156206819268,8.232468833896052,63.55892672623411,0.7915741368740186,0.9035022582687413,False
PIK3R2,descriptive whole/cortical-kidney sensitivity including small studies,GSE142025_advanced;GSE166239;GSE111154;GSE199838,GSE142025_advanced;GSE111154;GSE199838,3.0,-0.7991126969564739,0.49464639359629,0.8564922563206725,0.5305848606258035,0.5733147741269876,-3.082035095891825,1.4838097019788772,-3.2658870748596533,1.6676616809467055,0.2710056683427635,0.29804042116665325,-11.993320086418478,10.39509469250553,-12.328453062894374,10.730227668981426,3.8470506371377486,48.012121787717774,0.29804042116665325,0.5983180274629728,False
PLCG1,descriptive whole/cortical-kidney sensitivity including small studies,GSE142025_advanced;GSE166239;GSE111154;GSE199838,GSE142025_advanced;GSE166239;GSE111154;GSE199838,4.0,0.9798193506974785,0.8164600141869854,1.0626197839573701,0.584085588086567,0.584085588086567,-0.8790016710780783,2.8386403724730354,-0.8790016710780783,2.8386403724730354,0.19203242118479827,0.19203242118479827,-3.6495150524292455,5.609153753824202,-3.6495150524292455,5.609153753824202,8.09802025211342,62.95390840474793,0.19203242118479827,0.5504041687126766,False
PLEC,descriptive whole/cortical-kidney sensitivity including small studies,GSE142025_advanced;GSE166239;GSE111154;GSE199838,GSE142025_advanced;GSE166239;GSE111154;GSE199838,4.0,0.6113092988337839,0.38422931167159885,1.279936419935961,0.5143812873218192,0.5143812873218192,-1.0256815285106171,2.2483001261781848,-1.0256815285106171,2.2483001261781848,0.3201673230929852,0.3201673230929852,-2.854443209611961,4.077061807279529,-2.854443209611961,4.077061807279529,5.987687138592941,49.8971818239492,0.3201673230929852,0.611172275670164,False
PLG,descriptive whole/cortical-kidney sensitivity including small studies,GSE142025_advanced;GSE166239;GSE111154;GSE199838,GSE142025_advanced;GSE166239;GSE111154;GSE199838,4.0,-1.3942532581001652,0.0,1.2261007889668736,0.3544223112675704,0.3544223112675704,-2.522183233103757,-0.2663232830965736,-2.522183233103757,-0.2663232830965736,0.029254809044920085,0.029254809044920085,-2.91920938315969,0.13070286695935995,-2.91920938315969,0.13070286695935995,3.6783023669006205,18.440636446975017,0.029254809044920085,0.4380293061545702,False
PLOD1,descriptive whole/cortical-kidney sensitivity including small studies,GSE142025_advanced;GSE166239;GSE111154;GSE199838,GSE142025_advanced;GSE166239;GSE111154;GSE199838,4.0,-0.6486220679041423,0.5480101273020009,1.0500567484868562,0.5083439411516499,0.5083439411516499,-2.266399365235569,0.9691552294272845,-2.266399365235569,0.9691552294272845,0.2917979840685931,0.2917979840685931,-4.512451389535004,3.215207253726719,-4.512451389535004,3.215207253726719,6.655147538938081,54.922111306360456,0.2917979840685931,0.5983180274629728,False
PLOD2,descriptive whole/cortical-kidney sensitivity including small studies,GSE142025_advanced;GSE166239;GSE111154;GSE199838,GSE142025_advanced;GSE166239;GSE111154;GSE199838,4.0,-0.2867395504874516,0.0,0.3250303001400661,0.16111080589757945,0.2825938756429083,-0.799466039457484,0.22598693848258078,-1.1860793859230285,0.6126002849481255,0.17315835425450737,0.3849805741812927,-0.9799433992748076,0.4064642982999044,-1.502642860932891,0.9291637599579877,0.9750909004201984,0.0,0.3849805741812927,0.6469885656062351,False
PLOD3,descriptive whole/cortical-kidney sensitivity including small studies,GSE142025_advanced;GSE166239;GSE111154;GSE199838,GSE142025_advanced;GSE166239;GSE111154;GSE199838,4.0,0.044437796539850284,0.0,1.7261933613190636,0.38144258796550845,0.38144258796550845,-1.1694827582088376,1.2583583512885383,-1.1694827582088376,1.2583583512885383,0.9146179980222233,0.9146179980222233,-1.5967771958126438,1.6856527888923445,-1.5967771958126438,1.6856527888923445,5.178580083957191,42.06906234213216,0.9146179980222233,0.9918918177997242,False
PMEPA1,descriptive whole/cortical-kidney sensitivity including small studies,GSE142025_advanced;GSE166239;GSE111154;GSE199838,GSE142025_advanced;GSE166239;GSE111154;GSE199838,4.0,0.4967008761726369,1.4763737865207633,1.0451868653710665,0.7165889875417459,0.7165889875417459,-1.7838050996365853,2.777206851981859,-1.7838050996365853,2.777206851981859,0.5380600967714688,0.5380600967714688,-5.572744907907667,6.566146660252942,-5.572744907907667,6.566146660252942,11.953638318123573,74.90303855478433,0.5380600967714688,0.7223906845610706,False
PPBP,descriptive whole/cortical-kidney sensitivity including small studies,GSE142025_advanced;GSE166239;GSE111154;GSE199838,GSE142025_advanced;GSE111154;GSE199838,3.0,-0.014194498864318502,0.0,0.9537649960299747,0.31741830952617256,0.3250208971010718,-1.3799352548195645,1.3515462570909273,-1.412646549001864,1.384257551273227,0.9683949792123551,0.9691335418025141,-4.047376526714338,4.018987528985701,-4.143976560965705,4.115587563237068,1.9075299920599493,0.0,0.9691335418025141,1.0,False
PPIA,descriptive whole/cortical-kidney sensitivity including small studies,GSE142025_advanced;GSE166239;GSE111154;GSE199838,GSE142025_advanced;GSE166239;GSE111154;GSE199838,4.0,0.9198719946297574,0.24994759141008743,1.061001459328393,0.41824388468317014,0.41824388468317014,-0.4111667108877025,2.2509107001472173,-0.4111667108877025,2.2509107001472173,0.11524005948157563,0.11524005948157563,-1.8847036567406872,3.724447646000202,-1.8847036567406872,3.724447646000202,4.954144691478448,39.4446430852079,0.11524005948157563,0.4764547983116318,False
PPIB,descriptive whole/cortical-kidney sensitivity including small studies,GSE142025_advanced;GSE166239;GSE111154;GSE199838,GSE142025_advanced;GSE166239;GSE111154;GSE199838,4.0,1.366538830274104,0.0,0.7515078166628234,0.2730102941262308,0.314928722710194,0.4976982284276624,2.2353794321205456,0.3642950802573297,2.368782580290878,0.015346553318979324,0.02258738681127775,0.19187034300217354,2.5412073175460343,0.011509901828576252,2.7215677587196314,2.2545234499884703,0.0,0.02258738681127775,0.4380293061545702,False
PPIL2,descriptive whole/cortical-kidney sensitivity including small studies,GSE142025_advanced;GSE166239;GSE111154;GSE199838,GSE142025_advanced;GSE166239;GSE111154;GSE199838,4.0,-0.4863056808375247,0.0,0.21681762846386068,0.1323656741666097,0.2842680700649828,-0.9075523315354388,-0.06505903013961056,-1.3909735501259592,0.4183621884509099,0.03490375264029096,0.18565715813495606,-1.0558292101156157,0.08321784844056634,-1.709412468483234,0.7368011068081847,0.6504528853915821,0.0,0.18565715813495606,0.5384057585913726,False
PPM1A,descriptive whole/cortical-kidney sensitivity including small studies,GSE142025_advanced;GSE166239;GSE111154;GSE199838,GSE142025_advanced;GSE166239;GSE111154;GSE199838,4.0,-0.8866816019784652,0.540383678539842,0.8477239801101352,0.4510767717628723,0.4899178119482509,-2.3222092076745207,0.5488460037175901,-2.4458187325058547,0.6724555285489241,0.14404917687719462,0.16801445438886412,-4.597589084159927,2.824225880202997,-4.6876634852618455,2.914300281304915,7.443150041470978,59.694484414731555,0.16801445438886412,0.5118883960563447,False
PPP1CA,descriptive whole/cortical-kidney sensitivity including small studies,GSE142025_advanced;GSE166239;GSE111154;GSE199838,GSE142025_advanced;GSE166239;GSE111154;GSE199838,4.0,0.19633182436302352,0.9846168621333492,0.9530858176758931,0.5814384350560124,0.5955767467855392,-1.6540647750309245,2.0467284237569716,-1.699059192957506,2.091722841683553,0.7578617988264794,0.7633401030561149,-4.7520695918813285,5.144733240607376,-4.783100729878282,5.17576437860433,10.881628591420991,72.43059736145395,0.7633401030561149,0.8867882799598487,False
PPP1CB,descriptive whole/cortical-kidney sensitivity including small studies,GSE142025_advanced;GSE166239;GSE111154;GSE199838,GSE142025_advanced;GSE166239;GSE111154;GSE199838,4.0,0.3426568005590859,0.0,0.4654843227435798,0.1941420691907877,0.28455559202954034,-0.27518991023727035,0.9605035113554421,-0.5629260919431428,1.2482396930613144,0.17575217473548682,0.3148616990579402,-0.4926691034038657,1.1779827045220375,-0.8816870942522902,1.5670006953704618,1.3964529682307394,0.0,0.3148616990579402,0.6068235488925169,False
PPP1CC,descriptive whole/cortical-kidney sensitivity including small studies,GSE142025_advanced;GSE166239;GSE111154;GSE199838,GSE142025_advanced;GSE166239;GSE111154;GSE199838,4.0,-0.0480842958526625,0.08557402393232352,1.156697268027842,0.3574717877764934,0.3574717877764934,-1.1857190661051258,1.0895504743998006,-1.1857190661051258,1.0895504743998006,0.9015148572536051,0.9015148572536051,-2.0355191479225345,1.9393505562172095,-2.0355191479225345,1.9393505562172095,4.106065638834881,26.937358925142107,0.9015148572536051,0.9831283192612434,False
PPP1R15A,descriptive whole/cortical-kidney sensitivity including small studies,GSE142025_advanced;GSE166239;GSE111154;GSE199838,GSE142025_advanced;GSE166239;GSE111154;GSE199838,4.0,0.028263728338898206,2.851611480328068,1.0112112765627737,0.9228513680813756,0.9228513680813756,-2.9086611983376907,2.9651886550154867,-2.9086611983376907,2.9651886550154867,0.9774909755779141,0.9774909755779141,-8.25170614702771,8.308233603705505,-8.25170614702771,8.308233603705505,20.357207813371737,85.26320491737853,0.9774909755779141,1.0,False
PRKCA,descriptive whole/cortical-kidney sensitivity including small studies,GSE142025_advanced;GSE166239;GSE111154;GSE199838,GSE142025_advanced;GSE166239;GSE111154;GSE199838,4.0,0.13072716790580025,0.49566365935405476,1.1095908092548992,0.5069180126902415,0.5069180126902415,-1.4825121886620185,1.7439665244736189,-1.4825121886620185,1.7439665244736189,0.8131734587153382,0.8131734587153382,-3.6020058012486107,3.863460137060211,-3.6020058012486107,3.863460137060211,6.766402280297358,55.66329231214196,0.8131734587153382,0.9174565103373341,False
PRKCZ,descriptive whole/cortical-kidney sensitivity including small studies,GSE142025_advanced;GSE166239;GSE111154;GSE199838,GSE142025_advanced;GSE166239;GSE111154;GSE199838,4.0,-1.4824456467356952,0.6440756713248662,1.1704126189790187,0.584624948792724,0.584624948792724,-3.3429831549977767,0.37809186152638596,-3.3429831549977767,0.37809186152638596,0.0849971720798969,0.0849971720798969,-5.754574658696645,2.7896833652252537,-5.754574658696645,2.7896833652252537,6.6405623611286,54.82310327268527,0.0849971720798969,0.44368523825706185,False
PROC,descriptive whole/cortical-kidney sensitivity including small studies,GSE142025_advanced;GSE166239;GSE111154;GSE199838,GSE142025_advanced;GSE166239;GSE111154;GSE199838,4.0,-0.5438368239425112,0.0,0.022678541039614045,0.042954526646606775,0.2852340585822749,-0.6805372985642155,-0.4071363493208069,-1.4515788998187487,0.36390525193372625,0.0010627303822576554,0.1526308990176663,-0.7286552352736299,-0.35901841261139256,-1.7710999247190542,0.6834262768340319,0.06803562311884213,0.0,0.1526308990176663,0.5016278963844071,False
PROCR,descriptive whole/cortical-kidney sensitivity including small studies,GSE142025_advanced;GSE166239;GSE111154;GSE199838,GSE142025_advanced;GSE166239;GSE111154;GSE199838,4.0,0.8195588792959067,1.2479988523807453,0.952107287723256,0.6334757170815156,0.6492127300923426,-1.1964435760171104,2.8355613346089235,-1.2465257749296184,2.8856435335214314,0.28635405543570863,0.29601864968684677,-4.70610994659193,6.345227705183744,-4.7398214758054085,6.378939234397222,12.992840811015757,76.91036130099815,0.29601864968684677,0.5983180274629728,False
PROS1,descriptive whole/cortical-kidney sensitivity including small studies,GSE142025_advanced;GSE166239;GSE111154;GSE199838,GSE142025_advanced;GSE166239;GSE111154;GSE199838,4.0,-0.5542431713391989,0.21898088621197348,1.0178248017229474,0.3928211251409256,0.3928211251409256,-1.8043753096813266,0.6958889670029289,-1.8043753096813266,0.6958889670029289,0.2530860256956985,0.2530860256956985,-3.183052450855581,2.074566108177183,-3.183052450855581,2.074566108177183,4.697162113892715,36.13164870067074,0.2530860256956985,0.5816283690467094,False
PROZ,descriptive whole/cortical-kidney sensitivity including small studies,GSE142025_advanced;GSE166239;GSE111154;GSE199838,GSE142025_advanced;GSE166239;GSE111154;GSE199838,4.0,-0.8103381554148169,1.0397174393594317,0.9705690007812419,0.6012973192472881,0.6103459393669399,-2.7239345874303473,1.1032582766007133,-2.7527313350980487,1.132055024268415,0.27050872239863133,0.27627150870249717,-5.903624847457535,4.282948536627901,-5.923511175134907,4.302834864305273,10.549577068918179,71.56284104659714,0.27627150870249717,0.5917774591808034,False
PRSS1,descriptive whole/cortical-kidney sensitivity including small studies,GSE142025_advanced;GSE166239;GSE111154;GSE199838,GSE111154;GSE199838,2.0,-0.7137372563017641,0.0,0.92280665957799,0.55091850409463,0.5734981213262591,-7.713820562275228,6.2863460496717005,-8.000721801684767,6.573247289081239,0.41848646179393556,0.4309152950795538,,,,,0.92280665957799,0.0,0.4309152950795538,0.659349962513257,False
PRSS2,descriptive whole/cortical-kidney sensitivity including small studies,GSE142025_advanced;GSE166239;GSE111154;GSE199838,GSE111154,1.0,,,,,,,,,,,,,,,,,,1.0,1.0,False
PRTN3,descriptive whole/cortical-kidney sensitivity including small studies,GSE142025_advanced;GSE166239;GSE111154;GSE199838,GSE111154;GSE199838,2.0,-0.41427593695369114,0.695246984967223,0.9999999924830284,0.8282117690941494,0.8282117722069715,-10.937704239973394,10.109152366066011,-10.93770427952555,10.109152405618167,0.7047282022315067,0.704728203188833,,,,,1.9872825166846333,49.68002829973609,0.704728203188833,0.8442496255633356,False
PSEN1,descriptive whole/cortical-kidney sensitivity including small studies,GSE142025_advanced;GSE166239;GSE111154;GSE199838,GSE142025_advanced;GSE166239;GSE111154;GSE199838,4.0,-0.12927696079834985,0.0,0.16926511992279594,0.11548966849793264,0.2807109785391557,-0.49681662960803585,0.23826270801133612,-1.0226245773028602,0.7640706557061605,0.3445216615680428,0.6764636952847585,-0.6261888982188402,0.3676349766221405,-1.337078818880491,1.078524897283791,0.5077953597683879,0.0,0.6764636952847585,0.8250328246229998,False
PSG1,descriptive whole/cortical-kidney sensitivity including small studies,GSE142025_advanced;GSE166239;GSE111154;GSE199838,GSE111154;GSE199838,2.0,-0.5673056549271315,0.0,0.182837135239662,0.23632193091708364,0.5526775484376726,-3.5700604928077286,2.435449182953466,-7.589739738463305,6.455128428609043,0.25127883445669136,0.4916855785801279,,,,,0.182837135239662,0.0,0.4916855785801279,0.6903300573944717,False
PSG11,descriptive whole/cortical-kidney sensitivity including small studies,GSE142025_advanced;GSE166239;GSE111154;GSE199838,GSE111154;GSE199838,2.0,-1.2315900093998688,0.0,0.23904753002195173,0.2951691296914229,0.6037106043605024,-4.982069403057589,2.518889384257851,-8.902460549804172,6.439280531004433,0.149750978056234,0.2901504219300416,,,,,0.23904753002195173,0.0,0.2901504219300416,0.5983180274629728,False
PSG2,descriptive whole/cortical-kidney sensitivity including small studies,GSE142025_advanced;GSE166239;GSE111154;GSE199838,GSE111154;GSE199838,2.0,-0.7898756848144991,0.0,0.9136942237765935,0.5532103425909285,0.5787484637366263,-7.819079559944179,6.239328190315182,-8.143572155798648,6.56382078616965,0.38896104646148594,0.40256158318554747,,,,,0.9136942237765935,0.0,0.40256158318554747,0.6520938763588853,False
PSG3,descriptive whole/cortical-kidney sensitivity including small studies,GSE142025_advanced;GSE166239;GSE111154;GSE199838,GSE111154;GSE199838,2.0,-3.1628968452243282,14.42729563143149,1.000000011251245,2.942808187427641,2.942808187427641,-40.55482017397109,34.229026483522425,-40.55482017397109,34.229026483522425,0.477062083264071,0.477062083264071,,,,,5.327522965936343,81.22955064869919,0.477062083264071,0.6787353028271205,False
PSG4,descriptive whole/cortical-kidney sensitivity including small studies,GSE142025_advanced;GSE166239;GSE111154;GSE199838,GSE142025_advanced;GSE111154;GSE199838,3.0,-0.7557440997456719,0.0,2.755456516441729,0.5816931359257311,0.5816931359257311,-3.2585676589130435,1.7470794594216998,-3.2585676589130435,1.7470794594216998,0.32346878564005277,0.32346878564005277,-8.146856178445507,6.635367978954163,-8.146856178445507,6.635367978954163,5.510913032883458,63.70837303971124,0.32346878564005277,0.611172275670164,False
PSG5,descriptive whole/cortical-kidney sensitivity including small studies,GSE142025_advanced;GSE166239;GSE111154;GSE199838,GSE111154;GSE199838,2.0,-1.104812751085575,0.0,0.5145558618726952,0.42954489098380577,0.598814479071926,-6.562698079303651,4.353072577132501,-8.713472121159263,6.5038466189881134,0.23606441498578246,0.3161992438673651,,,,,0.5145558618726952,0.0,0.3161992438673651,0.6068235488925169,False
PSG6,descriptive whole/cortical-kidney sensitivity including small studies,GSE142025_advanced;GSE166239;GSE111154;GSE199838,GSE111154;GSE199838,2.0,-0.7934300233814138,0.0,0.2801636118286271,0.3008954363236412,0.5684728620662813,-4.616669041490215,3.0298089947273867,-8.016562595754781,6.429702548991954,0.23076019540059964,0.3957850605269571,,,,,0.2801636118286271,0.0,0.3957850605269571,0.6520938763588853,False
PSG7,descriptive whole/cortical-kidney sensitivity including small studies,GSE142025_advanced;GSE166239;GSE111154;GSE199838,GSE111154;GSE199838,2.0,-0.9960331040371943,0.0,0.9273068349580187,0.5738292865413321,0.5958966983167934,-8.287225502444414,6.295159294370025,-8.567618554460896,6.575552346386508,0.3327430642131091,0.343231290699686,,,,,0.9273068349580187,0.0,0.343231290699686,0.6199275618356702,False
PSG8,descriptive whole/cortical-kidney sensitivity including small studies,GSE142025_advanced;GSE166239;GSE111154;GSE199838,GSE111154;GSE199838,2.0,-0.46783735392024245,0.0,0.6327886970664267,0.44134716027157656,0.5548185589536977,-6.075684732060201,5.140010024219715,-7.517475555415335,6.58180084757485,0.4814565568273045,0.5540171935837885,,,,,0.6327886970664267,0.0,0.5540171935837885,0.7315269183408203,False
PSG9,descriptive whole/cortical-kidney sensitivity including small studies,GSE142025_advanced;GSE166239;GSE111154;GSE199838,GSE111154,1.0,,,,,,,,,,,,,,,,,,1.0,1.0,False
PSMA1,descriptive whole/cortical-kidney sensitivity including small studies,GSE142025_advanced;GSE166239;GSE111154;GSE199838,GSE142025_advanced;GSE166239;GSE111154;GSE199838,4.0,-0.14474660590254362,0.0,0.5952271989954409,0.2185657147098539,0.283296137496521,-0.840320257142611,0.5508270453375238,-1.046321351979492,0.7568281401744049,0.5551376896886941,0.6446203091294477,-1.0851589749285386,0.7956657631234514,-1.3636715052294286,1.0741782934243411,1.7856815969863225,0.0,0.6446203091294477,0.7971193044428314,False
PSMA2,descriptive whole/cortical-kidney sensitivity including small studies,GSE142025_advanced;GSE166239;GSE111154;GSE199838,GSE142025_advanced;GSE166239;GSE111154;GSE199838,4.0,0.20613828754943794,0.0,0.6133882525989699,0.22209804630062097,0.28358092261612416,-0.5006768193107031,0.912953394409579,-0.6963427718791915,1.1086193469780674,0.4217953531115714,0.5198672901933084,-0.7494724776379512,1.161749052736827,-1.0140119432496997,1.4262885183485756,1.8401647577969098,0.0,0.5198672901933084,0.7128828164997556,False
PSMA3,descriptive whole/cortical-kidney sensitivity including small studies,GSE142025_advanced;GSE166239;GSE111154;GSE199838,GSE142025_advanced;GSE166239;GSE111154;GSE199838,4.0,-0.3103536561035285,0.0,1.1053827248882284,0.30185072001143315,0.30185072001143315,-1.2709773647511409,0.6502700525440839,-1.2709773647511409,0.6502700525440839,0.3795175610066297,0.3795175610066297,-1.6091124805375618,0.9884051683305048,-1.6091124805375618,0.9884051683305048,3.316148174664685,9.533596148689966,0.3795175610066297,0.6469885656062351,False
PSMA4,descriptive whole/cortical-kidney sensitivity including small studies,GSE142025_advanced;GSE166239;GSE111154;GSE199838,GSE142025_advanced;GSE166239;GSE111154;GSE199838,4.0,-0.07435360866417023,0.0,0.7536630535542477,0.24616036257674112,0.2835499076190197,-0.857745745053818,0.7090385277254774,-0.9767359645298561,0.8280287472015158,0.7823409486723002,0.8101237367524227,-1.1334961646611028,0.9847889473327622,-1.2943703927013532,1.1456631753730127,2.260989160662743,0.0,0.8101237367524227,0.9166573495334495,False
PSMA5,descriptive whole/cortical-kidney sensitivity including small studies,GSE142025_advanced;GSE166239;GSE111154;GSE199838,GSE142025_advanced;GSE166239;GSE111154;GSE199838,4.0,0.26036723049832167,0.33663562901224875,0.8544872096962274,0.393063890360968,0.4252167512697832,-0.9905374951213813,1.5112719561180246,-1.0928622485249413,1.6135967095215844,0.5550550706160843,0.5836153042797462,-2.754975427083868,3.2757098880805113,-2.8346876686522102,3.355422129648854,5.59423152618295,46.373331422574196,0.5836153042797462,0.7540772000842265,False
PSMA6,descriptive whole/cortical-kidney sensitivity including small studies,GSE142025_advanced;GSE166239;GSE111154;GSE199838,GSE142025_advanced;GSE166239;GSE111154;GSE199838,4.0,0.851874926807019,0.0,0.27666800671072483,0.15466095697287102,0.2940364850422848,0.35967473571706315,1.344075117896975,-0.08388039863440844,1.7876302522484466,0.011781752673538369,0.06264604957398905,0.18642253810203147,1.5173273155120066,-0.41326195820610445,2.1170118118201424,0.8300040201321744,0.0,0.06264604957398905,0.43880678261865175,False
PSMA7,descriptive whole/cortical-kidney sensitivity including small studies,GSE142025_advanced;GSE166239;GSE111154;GSE199838,GSE142025_advanced;GSE166239;GSE111154;GSE199838,4.0,0.2396041371410992,0.379198629062867,1.0060851458553877,0.4429110004468278,0.4429110004468278,-1.1699363398004186,1.6491446140826171,-1.1699363398004186,1.6491446140826171,0.6261104342441635,0.6261104342441635,-3.024089937889196,3.5032982121713947,-3.024089937889196,3.5032982121713947,6.0904617063870345,50.74265064578083,0.6261104342441635,0.781889106879075,False
PSMB1,descriptive whole/cortical-kidney sensitivity including small studies,GSE142025_advanced;GSE166239;GSE111154;GSE199838,GSE142025_advanced;GSE166239;GSE111154;GSE199838,4.0,0.06784017628416739,0.0,0.5336719693611572,0.2065339007614545,0.2827184500971239,-0.5894428731099555,0.7251232256782902,-0.8318961106629608,0.9675764632312955,0.7641481334308657,0.8258253420764349,-0.8208034756129093,0.9564838281812441,-1.1485991347767597,1.2842794873450945,1.6010159080834718,0.0,0.8258253420764349,0.9277205779710883,False
PSMB2,descriptive whole/cortical-kidney sensitivity including small studies,GSE142025_advanced;GSE166239;GSE111154;GSE199838,GSE142025_advanced;GSE166239;GSE111154;GSE199838,4.0,0.32781335226160196,0.18417488404126,0.9211663767772654,0.3569030755765476,0.3718615298793728,-0.8080115219513737,1.4636382264745778,-0.8556159995801551,1.5112427041033591,0.42609557312657276,0.44293481841082855,-2.073801946810877,2.729428651334081,-2.115456558432597,2.771083262955801,4.3334152519988685,30.770539504235277,0.44293481841082855,0.664810650934148,False
PSMB3,descriptive whole/cortical-kidney sensitivity including small studies,GSE142025_advanced;GSE166239;GSE111154;GSE199838,GSE142025_advanced;GSE166239;GSE111154;GSE199838,4.0,0.44457249303275487,0.2405926700534771,0.7795244302828159,0.3458684453828235,0.3917383381167263,-0.6561352630900317,1.5452802491555413,-0.8021137337448008,1.6912587198103104,0.28890058322617096,0.33890209437339713,-2.137799426147887,3.026944412213397,-2.256354470475535,3.145499456541045,4.591560691978633,34.66273885389467,0.33890209437339713,0.6171170695217906,False
PSMB4,descriptive whole/cortical-kidney sensitivity including small studies,GSE142025_advanced;GSE166239;GSE111154;GSE199838,GSE142025_advanced;GSE166239;GSE111154;GSE199838,4.0,0.7481688843044568,0.0,0.2176843067674662,0.1353045779841142,0.2900006227321612,0.31756933001094134,1.1787684385979724,-0.17474252603948404,1.6710802946483976,0.011654669543284861,0.08178781564076971,0.16600027249350902,1.3303374961154046,-0.49960308672312037,1.9959408553320341,0.6530529203023986,0.0,0.08178781564076971,0.43880678261865175,False
PSMB5,descriptive whole/cortical-kidney sensitivity including small studies,GSE142025_advanced;GSE166239;GSE111154;GSE199838,GSE142025_advanced;GSE166239;GSE111154;GSE199838,4.0,0.19719563266407944,0.13482388648202984,0.7459331541673393,0.3018893870321164,0.3495408116580032,-0.7635511317006426,1.1579423970288014,-0.9151992319428012,1.30959049727096,0.560220174144021,0.6120732841646003,-1.8480860286231875,2.2424772939513464,-1.9840526837030332,2.378443949031192,3.468336783406497,13.503209539718068,0.6120732841646003,0.7736891277700733,False
PSMB6,descriptive whole/cortical-kidney sensitivity including small studies,GSE142025_advanced;GSE166239;GSE111154;GSE199838,GSE142025_advanced;GSE166239;GSE111154;GSE199838,4.0,0.23715217086156914,0.0,0.29455294152424133,0.15281592266416852,0.28157035336603753,-0.2491762976095348,0.7234806393326731,-0.658930359885605,1.1332347016087434,0.21849312352277295,0.4614942351684754,-0.4203616759385982,0.8946660176617365,-0.9743472786653329,1.4486516203884712,0.8836588245727239,0.0,0.4614942351684754,0.6716542493251231,False
PSMB7,descriptive whole/cortical-kidney sensitivity including small studies,GSE142025_advanced;GSE166239;GSE111154;GSE199838,GSE142025_advanced;GSE166239;GSE111154;GSE199838,4.0,-0.168241288197655,0.0,0.21611411457642074,0.13063731158407121,0.2810125192770669,-0.5839875177805789,0.24750494138526896,-1.0625485419094232,0.7260659655141133,0.28814660577326623,0.5915652828401528,-0.73032827349199,0.39384569709668,-1.3773405713589,1.04085799496359,0.6483423437292622,0.0,0.5915652828401528,0.7605839350801964,False
PSMC1,descriptive whole/cortical-kidney sensitivity including small studies,GSE142025_advanced;GSE166239;GSE111154;GSE199838,GSE142025_advanced;GSE166239;GSE111154;GSE199838,4.0,0.20087862370582757,0.01617615196066545,0.7673216573651135,0.2568156971443709,0.2931789851373749,-0.6164235428101353,1.0181807902217905,-0.7321477543314383,1.1339050017430934,0.4911617867747154,0.5424279646014836,-1.032193295672548,1.433950543084203,-1.1741543365061489,1.575911583917804,2.4368564757330606,0.0,0.5424279646014836,0.7260189680050626,False
PSMC2,descriptive whole/cortical-kidney sensitivity including small studies,GSE142025_advanced;GSE166239;GSE111154;GSE199838,GSE142025_advanced;GSE166239;GSE111154;GSE199838,4.0,-0.02159277873092645,0.0,0.929028157581072,0.2742521303127092,0.28453491850599855,-0.8943854575607937,0.8511999000989408,-0.9271098788545424,0.8839243213926895,0.9422023132420828,0.9442856254741083,-1.2016044558605097,1.1584188983986567,-1.2458477225498017,1.2026621650879488,2.7870844727432162,0.0,0.9442856254741083,1.0,False
PSMC3,descriptive whole/cortical-kidney sensitivity including small studies,GSE142025_advanced;GSE166239;GSE111154;GSE199838,GSE142025_advanced;GSE166239;GSE111154;GSE199838,4.0,0.007154565694702845,0.8816948110651386,0.939174011892918,0.5542434524660911,0.5719097993413804,-1.7566954618336952,1.7710045932231007,-1.81291766217482,1.8272267935642255,0.9905110946554196,0.9908041871125531,-4.6842773531344095,4.6985864845238146,-4.72336826713699,4.737677398526395,10.281627921068422,70.82174123562086,0.9908041871125531,1.0,False
PSMC4,descriptive whole/cortical-kidney sensitivity including small studies,GSE142025_advanced;GSE166239;GSE111154;GSE199838,GSE142025_advanced;GSE166239;GSE111154;GSE199838,4.0,-0.03862492854014757,0.0,0.3496109708846693,0.16625137523968941,0.28117242094880074,-0.5677110034200324,0.49046114633973736,-0.9334410607363338,0.8561912036560387,0.8312300571133059,0.8994389717503282,-0.7539468620397993,0.6766970049595042,-1.24841221306577,1.1711623559854747,1.048832912654008,0.0,0.8994389717503282,0.9831283192612434,False
PSMC5,descriptive whole/cortical-kidney sensitivity including small studies,GSE142025_advanced;GSE166239;GSE111154;GSE199838,GSE142025_advanced;GSE166239;GSE111154;GSE199838,4.0,0.21787187811563966,0.32160414263345527,1.3589356055708697,0.5007194928431201,0.5007194928431201,-1.3756410218664799,1.8113847780977592,-1.3756410218664799,1.8113847780977592,0.6928789802069786,0.6928789802069786,-3.037175636492041,3.4729193927233197,-3.037175636492041,3.4729193927233197,5.984642114079893,49.87168918686069,0.6928789802069786,0.8358735147964463,False
PSMC6,descriptive whole/cortical-kidney sensitivity including small studies,GSE142025_advanced;GSE166239;GSE111154;GSE199838,GSE142025_advanced;GSE166239;GSE111154;GSE199838,4.0,-0.7906457258638661,0.0,0.9977184938832169,0.29523561194733383,0.295572980265401,-1.730217208293833,0.14892575656610096,-1.7312908648511858,0.14999941312345366,0.07517564296582296,0.07537141514283474,-2.060942037528315,0.47965058580058273,-2.0623936162429777,0.48110216451524546,2.9931554816496506,0.0,0.07537141514283474,0.43880678261865175,False
PSMD1,descriptive whole/cortical-kidney sensitivity including small studies,GSE142025_advanced;GSE166239;GSE111154;GSE199838,GSE142025_advanced;GSE166239;GSE111154;GSE199838,4.0,-0.41140432213547923,0.0,0.5327317372149234,0.20826285452670612,0.2853366325163847,-1.0741896740518335,0.251381029780875,-1.3194728340493427,0.4966641897783843,0.14269334926101163,0.24502260758786423,-1.3074870616702263,0.4846784173992679,-1.639108762929621,0.8163001186586625,1.5981952116447702,0.0,0.24502260758786423,0.5816283690467094,False
PSMD11,descriptive whole/cortical-kidney sensitivity including small studies,GSE142025_advanced;GSE166239;GSE111154;GSE199838,GSE142025_advanced;GSE166239;GSE111154;GSE199838,4.0,-0.7434498155962971,0.26117739662014805,0.9003163819464621,0.382651695582638,0.40327942556747187,-1.9612182904138096,0.4743186592212153,-2.026864933490434,0.5399653022978398,0.14729460009354284,0.16246945815094288,-3.4904154865346784,2.003515855342084,-3.5445120747742846,2.0576124435816903,4.854915638360319,38.206959225079174,0.16246945815094288,0.5088543429287531,False
PSMD12,descriptive whole/cortical-kidney sensitivity including small studies,GSE142025_advanced;GSE166239;GSE111154;GSE199838,GSE142025_advanced;GSE166239;GSE111154;GSE199838,4.0,-1.7144665561991164,0.6542002516828647,0.9131574118794442,0.52493843567107,0.5493328220698004,-3.3850549413019224,-0.043878171096310314,-3.462688766166225,0.03375565376799239,0.046917253248841634,0.05243084365209629,-5.863260519150234,2.434327406752002,-5.921323079153156,2.492389966754923,6.9130211133459145,56.6036331900049,0.05243084365209629,0.4380293061545702,False
PSMD13,descriptive whole/cortical-kidney sensitivity including small studies,GSE142025_advanced;GSE166239;GSE111154;GSE199838,GSE142025_advanced;GSE166239;GSE111154;GSE199838,4.0,0.28372444709180755,0.1871035871830565,0.8082549542951544,0.33381738293320434,0.3713083881150106,-0.7786314498634453,1.3460803440470603,-0.897944560785657,1.4653934549692722,0.45780923182201677,0.500397298959227,-2.0671846544419292,2.634633548625544,-2.16906502470443,2.7365139188880447,4.127411653752561,27.315221943697825,0.500397298959227,0.6996626519376334,False
PSMD14,descriptive whole/cortical-kidney sensitivity including small studies,GSE142025_advanced;GSE166239;GSE111154;GSE199838,GSE142025_advanced;GSE166239;GSE111154;GSE199838,4.0,-0.429764511044385,0.0,0.96293366792779,0.28221464389129114,0.28759501858730036,-1.3278974617931818,0.46836843970441183,-1.3450202153655382,0.4854911932767682,0.2251751469350965,0.23194705482932584,-1.644036118958521,0.784507096869751,-1.66718600283138,0.8076569807426099,2.88880100378337,0.0,0.23194705482932584,0.5802860058245349,False
PSMD2,descriptive whole/cortical-kidney sensitivity including small studies,GSE142025_advanced;GSE166239;GSE111154;GSE199838,GSE142025_advanced;GSE166239;GSE111154;GSE199838,4.0,0.0041124500855920796,1.6217204282478728,1.138380564294916,0.7845358177431689,0.7845358177431689,-2.4926306644538885,2.5008555646250725,-2.4926306644538885,2.5008555646250725,0.9961466833124534,0.9961466833124534,-6.431506751102643,6.439731651273827,-6.431506751102643,6.439731651273827,12.66295020206931,76.30883836604082,0.9961466833124534,1.0,False
PSMD3,descriptive whole/cortical-kidney sensitivity including small studies,GSE142025_advanced;GSE166239;GSE111154;GSE199838,GSE142025_advanced;GSE166239;GSE111154;GSE199838,4.0,-0.2999447160025128,0.2274713767090974,0.9539044754163175,0.3844658269258876,0.3936455085888832,-1.5234865664106492,0.9235971344056235,-1.5527004104027302,0.9528109783977046,0.4921923117612743,0.5015079263358209,-2.935772916608375,2.3358834846033494,-2.960738571843751,2.3608491398387255,4.710350852576307,36.310476779895026,0.5015079263358209,0.6999656084152367,False
PSMD6,descriptive whole/cortical-kidney sensitivity including small studies,GSE142025_advanced;GSE166239;GSE111154;GSE199838,GSE142025_advanced;GSE166239;GSE111154;GSE199838,4.0,-0.5287861813094092,0.48188829931705757,1.1807657835368726,0.519913534645239,0.519913534645239,-2.183383088708143,1.1258107260893246,-2.183383088708143,1.1258107260893246,0.38400568101434296,0.38400568101434296,-4.260449838615797,3.2028774759969787,-4.260449838615797,3.2028774759969787,6.317269867032664,52.511131182541135,0.38400568101434296,0.6469885656062351,False
PSMD7,descriptive whole/cortical-kidney sensitivity including small studies,GSE142025_advanced;GSE166239;GSE111154;GSE199838,GSE142025_advanced;GSE166239;GSE111154;GSE199838,4.0,0.02339821480848368,0.22629106023529072,0.9166210561653068,0.37134924510779266,0.3878712865341909,-1.158400818254705,1.2051972478716724,-1.2109813279478905,1.2577777575648579,0.9537228288122641,0.9556908295348877,-2.573178103720599,2.6199745333375666,-2.617516598041318,2.6643130276582854,4.627979776761348,35.176899106949115,0.9556908295348877,1.0,False
PSMD8,descriptive whole/cortical-kidney sensitivity including small studies,GSE142025_advanced;GSE166239;GSE111154;GSE199838,GSE142025_advanced;GSE166239;GSE111154;GSE199838,4.0,0.34998913792897457,0.2070654765099631,0.903150936212627,0.3634561013156108,0.38244747283276614,-0.806690388835712,1.5066686646936611,-0.8671294089527533,1.5671076848107024,0.4066088566254384,0.42760452480435146,-2.1557873565728265,2.855765632430775,-2.2075807032207546,2.9075589790787033,4.4668102003314445,32.83797910693866,0.42760452480435146,0.659349962513257,False
PTPN11,descriptive whole/cortical-kidney sensitivity including small studies,GSE142025_advanced;GSE166239;GSE111154;GSE199838,GSE142025_advanced;GSE166239;GSE111154;GSE199838,4.0,-0.04368018906747295,0.4132693276718565,0.8885098181838563,0.42462895759502606,0.4504830886282951,-1.3950390462822357,1.3076786681472898,-1.4773184300653839,1.389958051930438,0.9245593878304709,0.9288705013158967,-3.358619548278724,3.2712591701437783,-3.4212059640501606,3.3338455859152147,6.4157873055340895,53.24034514965484,0.9288705013158967,0.9997351419560658,False
PTPN6,descriptive whole/cortical-kidney sensitivity including small studies,GSE142025_advanced;GSE166239;GSE111154;GSE199838,GSE142025_advanced;GSE166239;GSE111154;GSE199838,4.0,1.5849777213346095,0.5297022149485213,0.9896011136479439,0.5050719007492471,0.5077186538423007,-0.022386483107451616,3.1923419257766703,-0.03080963270943826,3.200765075378657,0.051738680864001955,0.0523996363466149,-2.226696264474742,5.396651707143961,-2.2332003994065257,5.403155842075745,6.255774347276663,52.04430605291901,0.0523996363466149,0.4380293061545702,False
PTPRS,descriptive whole/cortical-kidney sensitivity including small studies,GSE142025_advanced;GSE166239;GSE111154;GSE199838,GSE142025_advanced;GSE166239;GSE111154;GSE199838,4.0,0.5982178927200432,0.39717142270248773,1.0794747815413224,0.4721982600235642,0.4721982600235642,-0.9045277152533442,2.100963500693431,-0.9045277152533442,2.100963500693431,0.29461441178876996,0.29461441178876996,-2.7900838952898743,3.9865196807299608,-2.7900838952898743,3.9865196807299608,5.900769901404699,49.159176681574394,0.29461441178876996,0.5983180274629728,False
PXDN,descriptive whole/cortical-kidney sensitivity including small studies,GSE142025_advanced;GSE166239;GSE111154;GSE199838,GSE142025_advanced;GSE166239;GSE111154;GSE199838,4.0,1.2735802987191558,0.9838913058205462,0.9701260783228145,0.5944784304760081,0.6035621711159362,-0.6183153859200738,3.1654759833583856,-0.6472239027577684,3.19438450019608,0.12158290385060325,0.1253544364585427,-3.702072337529998,6.24923293496831,-3.722276829457045,6.269437426895357,9.792076471179842,69.36298435955197,0.1253544364585427,0.48011720805133323,False
RBL1,descriptive whole/cortical-kidney sensitivity including small studies,GSE142025_advanced;GSE166239;GSE111154;GSE199838,GSE142025_advanced;GSE166239;GSE111154;GSE199838,4.0,0.2585421275051181,0.8771548446043681,0.9286423430084675,0.551541705321533,0.5723400228385219,-1.4967097348052703,2.0137939898155066,-1.562899263543329,2.0799835185535653,0.6711997571216046,0.6821244974806963,-4.418014068332441,4.935098323342677,-4.4640537939668805,4.981138048977116,10.649273973033257,71.82906545932818,0.6821244974806963,0.8293532321853807,False
RBX1,descriptive whole/cortical-kidney sensitivity including small studies,GSE142025_advanced;GSE166239;GSE111154;GSE199838,GSE142025_advanced;GSE166239;GSE111154;GSE199838,4.0,0.37228828081844456,1.0079518087145765,1.0419539810118532,0.6193956203868861,0.6193956203868861,-1.5989050227907113,2.3434815844276002,-1.5989050227907113,2.3434815844276002,0.5901856028886533,0.5901856028886533,-4.7033882072261015,5.44796476886299,-4.7033882072261015,5.44796476886299,9.81576119785368,69.43690927754047,0.5901856028886533,0.7600581037200914,False
RHOA,descriptive whole/cortical-kidney sensitivity including small studies,GSE142025_advanced;GSE166239;GSE111154;GSE199838,GSE142025_advanced;GSE166239;GSE111154;GSE199838,4.0,1.1719319043584782,1.018683044916689,0.9822713496212939,0.6035323087872652,0.6089544179093601,-0.7487772618608997,3.092641070577856,-0.7660328330033559,3.1098966417203124,0.14745339389045733,0.14997365838913404,-3.8879114075598262,6.231775216276782,-3.8999239670209342,6.243787775737891,10.089504895458887,70.26613266870757,0.14997365838913404,0.49969946603698706,False
RNF111,descriptive whole/cortical-kidney sensitivity including small studies,GSE142025_advanced;GSE166239;GSE111154;GSE199838,GSE142025_advanced;GSE166239;GSE111154;GSE199838,4.0,-0.30158279677241384,0.0,0.2924471255114602,0.15294819579623337,0.2828268781748914,-0.7883322173839458,0.18516662383911814,-1.2016641502550223,0.5984985567101946,0.14319599058318758,0.36447952990513083,-0.9596657689253325,0.3565001753805048,-1.5184886361981287,0.915323042653301,0.8773413765343805,0.0,0.36447952990513083,0.6312325242390219,False
RPS27A,descriptive whole/cortical-kidney sensitivity including small studies,GSE142025_advanced;GSE166239;GSE111154;GSE199838,GSE142025_advanced;GSE166239;GSE111154;GSE199838,4.0,0.990539674936023,0.03873354422039412,0.796430371625878,0.2853226099207274,0.31971446174405044,0.08251578917989955,1.8985635606921465,-0.0269344325870996,2.0080137824591455,0.04029820147772509,0.053370459787468585,-0.5008278867473143,2.48190723661936,-0.6248235554400378,2.605902905312084,2.688854848407321,0.0,0.053370459787468585,0.4380293061545702,False
SCUBE1,descriptive whole/cortical-kidney sensitivity including small studies,GSE142025_advanced;GSE166239;GSE111154;GSE199838,GSE142025_advanced;GSE166239;GSE111154;GSE199838,4.0,-0.3735666457672338,0.821617385382484,0.8837474078334998,0.5218665277735623,0.5551308538877378,-2.034378848931445,1.2872455573969772,-2.1402407806712547,1.3931074891367872,0.5257842740452304,0.5491876654592025,-4.873824775159501,4.1266914836250335,-4.946919462682491,4.199786171148023,10.703943516016167,71.97294627432272,0.5491876654592025,0.7263749021191817,False
SCUBE3,descriptive whole/cortical-kidney sensitivity including small studies,GSE142025_advanced;GSE166239;GSE111154;GSE199838,GSE142025_advanced;GSE166239;GSE111154;GSE199838,4.0,-0.09421808162433298,0.2856079173353417,0.9289269425020875,0.3945414121525939,0.40935661713895377,-1.349824941010772,1.1613887777621061,-1.3969735353816337,1.2085373721329677,0.826641180869106,0.8327677957795266,-2.9523937092614956,2.76395754601283,-2.99070802987704,2.8022718666283737,5.122068865299127,41.42991672126218,0.8327677957795266,0.9328428957015299,False
SDC1,descriptive whole/cortical-kidney sensitivity including small studies,GSE142025_advanced;GSE166239;GSE111154;GSE199838,GSE142025_advanced;GSE166239;GSE111154;GSE199838,4.0,-0.49170735340032684,0.7640658048801048,0.8973332302139116,0.5126898870673866,0.5412250328898761,-2.1233153902542528,1.139900683453599,-2.2141269596477664,1.2307122528471126,0.40827371877039725,0.4305888789505106,-4.851882236922127,3.8684675301214737,-4.915266154715645,3.9318514479149913,9.853780172879969,69.55483126915355,0.4305888789505106,0.659349962513257,False
SDC2,descriptive whole/cortical-kidney sensitivity including small studies,GSE142025_advanced;GSE166239;GSE111154;GSE199838,GSE142025_advanced;GSE166239;GSE111154;GSE199838,4.0,0.061325100972445735,0.1790664043591928,0.7768795110443372,0.32513698224721954,0.3688837605698429,-0.9734058868913126,1.096056088836204,-1.1126276599322107,1.2352778618771023,0.8624340538839266,0.8785367840205702,-2.2347780262548924,2.3574282281997836,-2.354075588565042,2.476725790509933,3.958574430694811,24.215142281070147,0.8785367840205702,0.9716021213108849,False
SDC3,descriptive whole/cortical-kidney sensitivity including small studies,GSE142025_advanced;GSE166239;GSE111154;GSE199838,GSE142025_advanced;GSE166239;GSE111154;GSE199838,4.0,1.531484025282108,1.909469948280029,1.0641787232430096,0.8137703458583359,0.8137703458583359,-1.0582964052441979,4.121264455808414,-1.0582964052441979,4.121264455808414,0.1563915826228732,0.1563915826228732,-5.3684634170755485,8.431431467639765,-5.3684634170755485,8.431431467639765,12.28028805677203,75.57060562316667,0.1563915826228732,0.5021543426084399,False
SDC4,descriptive whole/cortical-kidney sensitivity including small studies,GSE142025_advanced;GSE166239;GSE111154;GSE199838,GSE142025_advanced;GSE166239;GSE111154;GSE199838,4.0,-0.19959569472321176,1.3398454550182164,1.2174608400610505,0.7592220450781975,0.7592220450781975,-2.615779086972262,2.2165876975258385,-2.615779086972262,2.2165876975258385,0.8096524220518668,0.8096524220518668,-6.155722246731904,5.7565308572854805,-6.155722246731904,5.7565308572854805,9.703993598387056,69.08489304343067,0.8096524220518668,0.9166573495334495,False
SELE,descriptive whole/cortical-kidney sensitivity including small studies,GSE142025_advanced;GSE166239;GSE111154;GSE199838,GSE142025_advanced;GSE166239;GSE111154;GSE199838,4.0,-0.14636922651866713,0.0,0.6252132244181247,0.22390997800545903,0.28317790829756917,-0.8589507087382965,0.5662122557009622,-1.0475677145182347,0.7548292614809005,0.5599431061603908,0.6409297169552799,-1.1097761046019974,0.8170376515646631,-1.364785426659946,1.0720469736226117,1.875639673254374,0.0,0.6409297169552799,0.7955188083794692,False
SELL,descriptive whole/cortical-kidney sensitivity including small studies,GSE142025_advanced;GSE166239;GSE111154;GSE199838,GSE142025_advanced;GSE166239;GSE111154;GSE199838,4.0,0.983230782457438,0.36991185597065007,0.8133495129976733,0.398961349991096,0.4423766742189284,-0.2864422917727256,2.2529038566876016,-0.4246092299542852,2.391070794869161,0.09050696261637022,0.11276889518281079,-2.146433796337644,4.112895361252519,-2.25266437771534,4.219125942630217,5.6974622164448165,47.34497771058528,0.11276889518281079,0.4696704517454301,False
SELP,descriptive whole/cortical-kidney sensitivity including small studies,GSE142025_advanced;GSE166239;GSE111154;GSE199838,GSE142025_advanced;GSE166239;GSE111154;GSE199838,4.0,0.9174846143600165,0.0,0.6348806791349003,0.23890154462810903,0.29982849330769706,0.1571932763317201,1.677775952388313,-0.036703466385844874,1.871672695105878,0.031140438869380664,0.054991686961996626,-0.11042576877547983,1.9453949974955127,-0.3725732708270145,2.2075424995470474,1.904642037404701,0.0,0.054991686961996626,0.4380293061545702,False
SELPLG,descriptive whole/cortical-kidney sensitivity including small studies,GSE142025_advanced;GSE166239;GSE111154;GSE199838,GSE142025_advanced;GSE166239;GSE111154;GSE199838,4.0,1.5487270967794102,1.0259420603779223,0.9803547565623969,0.6147202642084042,0.6208488766879178,-0.40758713683365033,3.505041330392471,-0.427091116975594,3.5245453105344144,0.08622208195942271,0.08813073821220326,-3.549186634179811,6.646640827738631,-3.562917402970647,6.660371596529467,9.444319113207717,68.23487258277252,0.08813073821220326,0.44748037647941746,False
SEM1,descriptive whole/cortical-kidney sensitivity including small studies,GSE142025_advanced;GSE166239;GSE111154;GSE199838,GSE142025_advanced;GSE166239;GSE199838,3.0,0.09445973516013824,0.0,0.8581959015503002,0.28598805504225583,0.3087128279518799,-1.1360475505431633,1.3249670208634396,-1.2338243567356937,1.42274382705597,0.7725683279505238,0.7885329179526538,-3.5393630443071618,3.728282514627438,-3.8281086614799213,4.017028131800198,1.7163918031006005,0.0,0.7885329179526538,0.9026626823931695,False
SERPINA10,descriptive whole/cortical-kidney sensitivity including small studies,GSE142025_advanced;GSE166239;GSE111154;GSE199838,GSE111154;GSE199838,2.0,0.47533454265447306,0.2845092210358318,0.9999999918731353,0.679405802165822,0.6794058049265416,-8.157334678609462,9.108003763918408,-8.15733471368773,9.108003798996675,0.6113567189198007,0.6113567201348864,,,,,1.444630284626102,30.77813675636607,0.6113567201348864,0.7736891277700733,False
SERPINA5,descriptive whole/cortical-kidney sensitivity including small studies,GSE142025_advanced;GSE166239;GSE111154;GSE199838,GSE142025_advanced;GSE166239;GSE111154;GSE199838,4.0,-0.9677433672925807,0.5431589333867787,0.9519905122314595,0.4802952637351275,0.49225710579794446,-2.496257254811701,0.5607705202265397,-2.5343251748889,0.5988384403037389,0.13733219051511364,0.14401677977771896,-4.752714545754778,2.817227811169617,-4.7810589914619674,2.8455722568768063,7.040732797007857,57.39079884873733,0.14401677977771896,0.4947775897934141,False
SERPINC1,descriptive whole/cortical-kidney sensitivity including small studies,GSE142025_advanced;GSE166239;GSE111154;GSE199838,GSE142025_advanced;GSE166239;GSE111154;GSE199838,4.0,-1.1855262537551143,0.0,1.0757967707648113,0.32051034068938633,0.32051034068938633,-2.205533203287274,-0.16551930422295436,-2.205533203287274,-0.16551930422295436,0.03430481882525895,0.03430481882525895,-2.564570946035232,0.19351843852500372,-2.564570946035232,0.19351843852500372,3.2273903122944336,7.045640294209599,0.03430481882525895,0.4380293061545702,False
SERPIND1,descriptive whole/cortical-kidney sensitivity including small studies,GSE142025_advanced;GSE166239;GSE111154;GSE199838,GSE142025_advanced;GSE111154;GSE199838,3.0,-0.011246877182647202,0.07796840509303286,0.7884926136214032,0.3331130843727982,0.3751395706670507,-1.4445167989745302,1.4220230446092357,-1.6253421749502743,1.6028484205849798,0.9761327967601608,0.9788053372574319,-5.534175763636507,5.511682009271213,-5.9533249875722065,5.930831233206912,1.9710034196883386,0.0,0.9788053372574319,1.0,False
SERPINE1,descriptive whole/cortical-kidney sensitivity including small studies,GSE142025_advanced;GSE166239;GSE111154;GSE199838,GSE142025_advanced;GSE166239;GSE111154;GSE199838,4.0,0.5413852684620509,3.0614461522879606,1.0782158282285972,0.9892390469963307,0.9892390469963307,-2.606814881693798,3.6895854186178996,-2.606814881693798,3.6895854186178996,0.6222747231492185,0.6222747231492185,-8.106882546910144,9.189653083834246,-8.106882546910144,9.189653083834246,15.589401985096933,80.75615727358931,0.6222747231492185,0.781889106879075,False
SERPINE2,descriptive whole/cortical-kidney sensitivity including small studies,GSE142025_advanced;GSE166239;GSE111154;GSE199838,GSE142025_advanced;GSE166239;GSE111154;GSE199838,4.0,0.4964119735294697,0.05838232941496969,1.117422456241466,0.33931904845549843,0.33931904845549843,-0.5834526785401148,1.5762766255990541,-0.5834526785401148,1.5762766255990541,0.23966405109799763,0.23966405109799763,-1.2958882006137142,2.2887121476726535,-1.2958882006137142,2.2887121476726535,3.800035772142599,21.053374760509417,0.23966405109799763,0.5816283690467094,False
SERPING1,descriptive whole/cortical-kidney sensitivity including small studies,GSE142025_advanced;GSE166239;GSE111154;GSE199838,GSE142025_advanced;GSE166239;GSE111154;GSE199838,4.0,1.1192265759095794,0.2376668246909136,1.1377524670972214,0.4364010939634018,0.4364010939634018,-0.269596473196017,2.508049625015176,-0.269596473196017,2.508049625015176,0.08287616673451272,0.08287616673451272,-1.6960130774197277,3.9344662292388866,-1.6960130774197277,3.9344662292388866,4.917194414580408,38.98959961590221,0.08287616673451272,0.43880678261865175,False
SERPINH1,descriptive whole/cortical-kidney sensitivity including small studies,GSE142025_advanced;GSE166239;GSE111154;GSE199838,GSE142025_advanced;GSE166239;GSE111154;GSE199838,4.0,0.8315844059157043,0.9267583913688909,1.0194415192283512,0.5937232963408519,0.5937232963408519,-1.0579081048851036,2.721076916716512,-1.0579081048851036,2.721076916716512,0.2558389877275312,0.2558389877275312,-4.03491506563736,5.698083877468768,-4.03491506563736,5.698083877468768,9.160873767864112,67.25203210938405,0.2558389877275312,0.5848621191027763,False
SGCA,descriptive whole/cortical-kidney sensitivity including small studies,GSE142025_advanced;GSE166239;GSE111154;GSE199838,GSE142025_advanced;GSE166239;GSE111154;GSE199838,4.0,-0.8244306841481961,0.07121243583722565,1.121068662911169,0.35288236716638083,0.35288236716638083,-1.9474598697366134,0.29859850144022126,-1.9474598697366134,0.29859850144022126,0.1015653753827433,0.1015653753827433,-2.728024622786462,1.07916325449007,-2.728024622786462,1.07916325449007,3.894785454702536,22.973934382500538,0.1015653753827433,0.4580891220256462,False
SGCB,descriptive whole/cortical-kidney sensitivity including small studies,GSE142025_advanced;GSE166239;GSE111154;GSE199838,GSE142025_advanced;GSE166239;GSE111154;GSE199838,4.0,-0.9630456266166272,0.5890198437264628,1.0093391413649142,0.5159942026663863,0.5159942026663863,-2.6051694704400807,0.6790782172068266,-2.6051694704400807,0.6790782172068266,0.15882074666010704,0.15882074666010704,-4.942173348251707,3.0160820950184526,-4.942173348251707,3.0160820950184526,6.789373299836962,55.81330017496546,0.15882074666010704,0.5055148155888772,False
SGCD,descriptive whole/cortical-kidney sensitivity including small studies,GSE142025_advanced;GSE166239;GSE111154;GSE199838,GSE142025_advanced;GSE166239;GSE111154;GSE199838,4.0,0.46134883203654237,0.2034415574717916,0.8575942356368141,0.35273864194962185,0.3809009991946556,-0.6612229557668243,1.5839206198399092,-0.7508481455293619,1.6735458096024467,0.2821000845052192,0.3125247056771658,-2.0023326390669913,2.925030303140076,-2.0787732470608224,3.0014709111339073,4.313718151107108,30.45442713427961,0.3125247056771658,0.6058379510653872,False
SGCE,descriptive whole/cortical-kidney sensitivity including small studies,GSE142025_advanced;GSE166239;GSE111154;GSE199838,GSE142025_advanced;GSE166239;GSE111154;GSE199838,4.0,0.40062235002361346,0.8535953895136946,0.9777029241684952,0.5648308338247988,0.571235171543068,-1.3969214501924334,2.1981661502396603,-1.4173029111017283,2.2185476111489555,0.5293059200978388,0.5336068706657585,-4.258634567661321,5.059879267708547,-4.273066737374615,5.074311437421841,9.917749627517965,69.75120251396399,0.5336068706657585,0.7213157033610309,False
SGCG,descriptive whole/cortical-kidney sensitivity including small studies,GSE142025_advanced;GSE166239;GSE111154;GSE199838,GSE166239;GSE111154;GSE199838,3.0,-0.3119910984001376,0.0,0.3060430444261069,0.22021806471249356,0.39807204962338544,-1.2595129556754916,0.6355307588752165,-2.02475688934916,1.400774692548885,0.2922631824641754,0.5152642004099939,-3.1101269152412487,2.4861447184409733,-5.369976060663566,4.745993863863291,0.6120860888522138,0.0,0.5152642004099939,0.7099496419960695,False
SGCZ,descriptive whole/cortical-kidney sensitivity including small studies,GSE142025_advanced;GSE166239;GSE111154;GSE199838,GSE111154;GSE199838,2.0,-0.23146139132825305,0.0,1.2420930856967363e-05,0.001892684782701211,0.5370333028444174,-0.25551023167829695,-0.20741255097820915,-7.055116487413528,6.5921937047570225,0.005205592578446737,0.740932826582137,,,,,1.2420930856967363e-05,0.0,0.740932826582137,0.8684886275655888,False
SH3PXD2A,descriptive whole/cortical-kidney sensitivity including small studies,GSE142025_advanced;GSE166239;GSE111154;GSE199838,GSE142025_advanced;GSE166239;GSE111154;GSE199838,4.0,0.616553584680409,0.6012226951774754,1.012044643795692,0.5087765181412272,0.5087765181412272,-1.0026003656932487,2.2357075350540665,-1.0026003656932487,2.2357075350540665,0.3123153253264743,0.3123153253264743,-3.37373927040839,4.606846439769208,-3.37373927040839,4.606846439769208,7.4647440975984924,59.811080449962915,0.3123153253264743,0.6058379510653872,False
SHC1,descriptive whole/cortical-kidney sensitivity including small studies,GSE142025_advanced;GSE166239;GSE111154;GSE199838,GSE142025_advanced;GSE166239;GSE111154;GSE199838,4.0,1.094955860927411,1.4896941305972575,0.9965947413896675,0.7009209880389491,0.7021174532274307,-1.1356875477529484,3.3255992696077703,-1.1394952339714324,3.3294069558262542,0.21618025539982003,0.21677621602728644,-4.960917976407717,7.150829698262538,-4.96348330757348,7.153395029428301,12.876202789126577,76.70120571156757,0.21677621602728644,0.5700582187214516,False
SIRPA,descriptive whole/cortical-kidney sensitivity including small studies,GSE142025_advanced;GSE166239;GSE111154;GSE199838,GSE142025_advanced;GSE166239;GSE111154;GSE199838,4.0,-0.08955967025691686,2.200229683357158,1.1374400063559564,0.8949599543831379,0.8949599543831379,-2.93772167046041,2.758602329946576,-2.93772167046041,2.758602329946576,0.9266003945520509,0.9266003945520509,-7.543442032244067,7.364322691730233,-7.543442032244067,7.364322691730233,12.309250384351206,75.62808533154943,0.9266003945520509,0.9993500123061376,False
SIRPG,descriptive whole/cortical-kidney sensitivity including small studies,GSE142025_advanced;GSE166239;GSE111154;GSE199838,GSE142025_advanced;GSE166239;GSE111154;GSE199838,4.0,1.1335816523580373,0.599626129687165,0.8997344586862576,0.4827684394876688,0.5089577055576548,-0.4028029841970755,2.66996628891315,-0.4861489172395945,2.753312221955669,0.10048035469793956,0.11228206626130936,-2.7926720589130243,5.059835363629099,-2.853434012881375,5.12059731759745,7.615423227578894,60.60626034367148,0.11228206626130936,0.4696704517454301,False
SKI,descriptive whole/cortical-kidney sensitivity including small studies,GSE142025_advanced;GSE166239;GSE111154;GSE199838,GSE142025_advanced;GSE166239;GSE111154;GSE199838,4.0,0.44094709097356577,0.2505658916292387,1.2873290286329409,0.4601189308342182,0.4601189308342182,-1.0233567004508817,1.9052508823980132,-1.0233567004508817,1.9052508823980132,0.4085928010473476,0.4085928010473476,-2.484462293421629,3.366356475368761,-2.484462293421629,3.366356475368761,5.437883717916362,44.83147938386751,0.4085928010473476,0.6542498225359369,False
SKIL,descriptive whole/cortical-kidney sensitivity including small studies,GSE142025_advanced;GSE166239;GSE111154;GSE199838,GSE142025_advanced;GSE166239;GSE111154;GSE199838,4.0,-0.0354921251216386,0.0,0.15084915633584564,0.10882079763397738,0.2801821490376804,-0.38180847048991595,0.3108242202466388,-0.9271567701330538,0.8561725198897766,0.7657365541478841,0.9072108805228595,-0.5037102271149851,0.432725976871708,-1.2410186135056849,1.1700343632624075,0.45254746900753695,0.0,0.9072108805228595,0.9879640047974951,False
SLC16A1,descriptive whole/cortical-kidney sensitivity including small studies,GSE142025_advanced;GSE166239;GSE111154;GSE199838,GSE142025_advanced;GSE166239;GSE111154;GSE199838,4.0,-1.2592584306133634,0.0,0.48386890231133584,0.21484664519120925,0.30886217179464914,-1.942996342804727,-0.5755205184219998,-2.2421957080831465,-0.2763211531435804,0.009903189703663039,0.02664036413910536,-2.183668935022834,-0.3348479262038928,-2.5881850972019578,0.06966823597523097,1.4516067069340075,0.0,0.02664036413910536,0.4380293061545702,False
SLC16A3,descriptive whole/cortical-kidney sensitivity including small studies,GSE142025_advanced;GSE166239;GSE111154;GSE199838,GSE142025_advanced;GSE166239;GSE111154;GSE199838,4.0,0.5932461300380548,0.0,0.6577474586214099,0.23432540543051,0.28892810404856134,-0.1524818907083786,1.3389741507844883,-0.32625204718391587,1.5127443072600255,0.08529553734278532,0.13234833910060217,-0.41497471528717844,1.6014669753632882,-0.6499111655478241,1.8364034256239337,1.9732423758642297,0.0,0.13234833910060217,0.48096740403921834,False
SLC16A8,descriptive whole/cortical-kidney sensitivity including small studies,GSE142025_advanced;GSE166239;GSE111154;GSE199838,GSE142025_advanced;GSE111154;GSE199838,3.0,-0.8889825250977251,0.22157608882281607,0.8315969952357648,0.42839202849147345,0.4697696174495805,-2.732204655889473,0.9542396056940224,-2.910238051970523,1.1322730017750726,0.1736486650646814,0.19897079776620108,-8.976118201456456,7.198153151261006,-9.3389390515061,7.56097400131065,2.568746794017283,22.141022047868546,0.19897079776620108,0.5604105562983289,False
SLC3A2,descriptive whole/cortical-kidney sensitivity including small studies,GSE142025_advanced;GSE166239;GSE111154;GSE199838,GSE142025_advanced;GSE166239;GSE111154;GSE199838,4.0,-1.0056652458310424,0.27223681454064874,1.0619728687037433,0.4350528899105134,0.4350528899105134,-2.3901977079297554,0.3788672162676705,-2.3901977079297554,0.3788672162676705,0.1038794616615121,0.1038794616615121,-3.928645172367287,1.9173146807052024,-3.928645172367287,1.9173146807052024,5.047091094065479,40.559820615730715,0.1038794616615121,0.4580891220256462,False
SLC7A10,descriptive whole/cortical-kidney sensitivity including small studies,GSE142025_advanced;GSE166239;GSE111154;GSE199838,GSE142025_advanced;GSE166239;GSE111154;GSE199838,4.0,-0.8435270635136974,0.0,0.5840778515359052,0.22582392789607494,0.2954844209080011,-1.5621995884912154,-0.12485453853617934,-1.7838903671012614,0.0968362400738666,0.03345182632659392,0.06485689830154348,-1.81516900331849,0.12811487629109508,-2.1148939137319474,0.42783978670455236,1.7522335546077157,0.0,0.06485689830154348,0.43880678261865175,False
SLC7A11,descriptive whole/cortical-kidney sensitivity including small studies,GSE142025_advanced;GSE166239;GSE111154;GSE199838,GSE142025_advanced;GSE111154;GSE199838,3.0,0.5454204978061631,1.5123944569835233,1.128549452135882,0.8852850676549304,0.8852850676549304,-3.2636537151457605,4.354494710758087,-3.2636537151457605,4.354494710758087,0.600608613028237,0.600608613028237,-18.708249687959047,19.79909068357137,-18.708249687959047,19.79909068357137,6.155610622398569,67.50931592842225,0.600608613028237,0.7668828507484962,False
SLC7A5,descriptive whole/cortical-kidney sensitivity including small studies,GSE142025_advanced;GSE166239;GSE111154;GSE199838,GSE142025_advanced;GSE166239;GSE111154;GSE199838,4.0,-0.9368311906000296,0.0,0.2862003607303536,0.1588534641211441,0.29693514373684604,-1.4423738105738826,-0.43128857062617654,-1.8818113416942421,0.008148960494182789,0.00973320353387929,0.0510676730231989,-1.6203224816310284,-0.2533398995690308,-2.214439997357919,0.34077761615785984,0.8586010821910608,0.0,0.0510676730231989,0.4380293061545702,False
SLC7A6,descriptive whole/cortical-kidney sensitivity including small studies,GSE142025_advanced;GSE166239;GSE111154;GSE199838,GSE142025_advanced;GSE166239;GSE111154;GSE199838,4.0,1.0248111129004003,0.20095084520843554,0.814571461689794,0.35248811035014066,0.3905529092481426,-0.0969633715398408,2.1465855973406414,-0.21810255015415447,2.267724775954955,0.062129430874100375,0.07873000615489378,-1.428828104157418,3.4784503299582186,-1.5333047168296843,3.582926942630485,4.060032819068704,26.10897168343225,0.07873000615489378,0.43880678261865175,False
SLC7A7,descriptive whole/cortical-kidney sensitivity including small studies,GSE142025_advanced;GSE166239;GSE111154;GSE199838,GSE142025_advanced;GSE166239;GSE111154;GSE199838,4.0,-1.0297366991906334,0.0,0.3483233892278286,0.17679379027363032,0.29955438958848024,-1.5923734438440509,-0.46709995453721587,-1.9830524595680088,-0.07642093881325807,0.010079179115313863,0.04130937105276592,-1.7904189835142228,-0.26905441486704407,-2.3186152112619416,0.25914181288067484,1.0449701676834857,0.0,0.04130937105276592,0.4380293061545702,False
SLC7A8,descriptive whole/cortical-kidney sensitivity including small studies,GSE142025_advanced;GSE166239;GSE111154;GSE199838,GSE142025_advanced;GSE166239;GSE111154;GSE199838,4.0,-1.040218109918654,0.0,0.5034321739457471,0.21353054681456868,0.3009466604896382,-1.7197676096938879,-0.3606686101434201,-1.9979646976813736,-0.08247152215593456,0.016528321546663408,0.04074402854808334,-1.9589659000552533,-0.1214703197820548,-2.3350870801833805,0.2546508603460722,1.5102965218372415,0.0,0.04074402854808334,0.4380293061545702,False
SLC7A9,descriptive whole/cortical-kidney sensitivity including small studies,GSE142025_advanced;GSE166239;GSE111154;GSE199838,GSE142025_advanced;GSE166239;GSE111154;GSE199838,4.0,-0.9682748284458047,0.0043529509168166005,0.8877244923317096,0.2840290790153463,0.301455841898247,-1.8721821215513277,-0.06436753534028161,-1.9276418587010702,-0.008907798190539107,0.04217947986017831,0.04888172867911195,-2.222890801566095,0.2863411446744857,-2.2960359238633243,0.3594862669717147,2.696450278527176,0.0,0.04888172867911195,0.4380293061545702,False
SMAD2,descriptive whole/cortical-kidney sensitivity including small studies,GSE142025_advanced;GSE166239;GSE111154;GSE199838,GSE142025_advanced;GSE166239;GSE111154;GSE199838,4.0,0.7353806621727598,0.11665820321895069,0.7181233543294522,0.29496773405638416,0.34807672697280656,-0.20333831325288731,1.674099637598407,-0.3723548315370945,1.8431161558826141,0.088243067830109,0.12504627627139214,-1.2063706543208932,2.677131978666413,-1.362865682528744,2.8336270068742637,3.165605097448957,5.231388387086314,0.12504627627139214,0.48011720805133323,False
SMAD3,descriptive whole/cortical-kidney sensitivity including small studies,GSE142025_advanced;GSE166239;GSE111154;GSE199838,GSE142025_advanced;GSE166239;GSE111154;GSE199838,4.0,-0.18410043857974426,0.0,1.0621742053496561,0.29583528962654265,0.29583528962654265,-1.1255803630242704,0.757379485864782,-1.1255803630242704,0.757379485864782,0.5778332883183595,0.5778332883183595,-1.4569769550476106,1.0887760778881221,-1.4569769550476106,1.0887760778881221,3.1865226160489684,5.853484770813941,0.5778332883183595,0.7503208370701085,False
SMAD4,descriptive whole/cortical-kidney sensitivity including small studies,GSE142025_advanced;GSE166239;GSE111154;GSE199838,GSE142025_advanced;GSE166239;GSE111154;GSE199838,4.0,0.24721048991280745,0.0014347101395583664,0.7075214179959991,0.23923525803341134,0.2844168943335574,-0.5141428731092169,1.0085638529348318,-0.6579310046192889,1.1523519844449037,0.37744620085073366,0.44870121131962903,-0.7949575411312421,1.289378520956857,-0.9873410730569822,1.481762052882597,2.134491754977392,0.0,0.44870121131962903,0.6686409686297471,False
SMAD7,descriptive whole/cortical-kidney sensitivity including small studies,GSE142025_advanced;GSE166239;GSE111154;GSE199838,GSE142025_advanced;GSE166239;GSE111154;GSE199838,4.0,0.20821905964620535,0.48494374772932886,0.9000503126984672,0.44868169523655554,0.4729388146268831,-1.2196863436078016,1.636124462900212,-1.296883323588375,1.713321442880786,0.674199555243921,0.6895348466306978,-3.35613079731123,3.772568916603641,-3.413722395300606,3.830160514593017,7.013926683653238,57.2279532520372,0.6895348466306978,0.8354430275140297,False
SMPD1,descriptive whole/cortical-kidney sensitivity including small studies,GSE142025_advanced;GSE166239;GSE111154;GSE199838,GSE142025_advanced;GSE166239;GSE111154;GSE199838,4.0,-0.8973822314432215,0.0,0.3175357115903429,0.1664344155378103,0.29535671401873304,-1.4270508222435792,-0.3677136406428638,-1.8373391147128753,0.042574651826432164,0.012500914365001111,0.05594244012191191,-1.6134917237812372,-0.1812727391052058,-2.1681996032657542,0.37343514037931136,0.9526071347710287,0.0,0.05594244012191191,0.4380293061545702,False
SMURF1,descriptive whole/cortical-kidney sensitivity including small studies,GSE142025_advanced;GSE166239;GSE111154;GSE199838,GSE142025_advanced;GSE166239;GSE111154;GSE199838,4.0,1.044766224052001,1.87845229798809,1.0836961486470347,0.8098486513486737,0.8098486513486737,-1.5325336242715792,3.6220660723755813,-1.5325336242715792,3.6220660723755813,0.28746893342595964,0.28746893342595964,-5.8048449426199635,7.894377390723966,-5.8048449426199635,7.894377390723966,11.85739116544391,74.6993250189559,0.28746893342595964,0.5983180274629728,False
SMURF2,descriptive whole/cortical-kidney sensitivity including small studies,GSE142025_advanced;GSE166239;GSE111154;GSE199838,GSE142025_advanced;GSE166239;GSE111154;GSE199838,4.0,-0.3292725062746153,0.5200279370179811,0.9029005142242142,0.4600556827321969,0.4841617202462729,-1.793375014010469,1.1348300014612382,-1.8700911840321708,1.21154617148294,0.5258404718029963,0.5452290662215268,-4.009686221395775,3.3511412088465447,-4.066493628853713,3.407948616304482,7.250128891401471,58.62142528861868,0.5452290662215268,0.7260448279786658,False
SNTA1,descriptive whole/cortical-kidney sensitivity including small studies,GSE142025_advanced;GSE166239;GSE111154;GSE199838,GSE142025_advanced;GSE166239;GSE111154;GSE199838,4.0,-1.2703252945542354,0.0,0.8608584035703076,0.29005535745862715,0.3126187554672549,-2.1934108952261884,-0.34723969388228226,-2.2652176978533918,-0.27543289125507897,0.02203539574311955,0.026875225538083775,-2.5183327701020533,-0.022317819006417272,-2.6154152361362994,0.07476464702782848,2.5825752107109228,0.0,0.026875225538083775,0.4380293061545702,False
SNTB1,descriptive whole/cortical-kidney sensitivity including small studies,GSE142025_advanced;GSE166239;GSE111154;GSE199838,GSE142025_advanced;GSE166239;GSE111154;GSE199838,4.0,-0.698931447499348,0.6700125665555114,0.8982903333217164,0.4938123880224581,0.5210190678604518,-2.2704628572647443,0.8725999622660483,-2.357046654994204,0.9591837599955084,0.2519074072251114,0.27227744813655036,-4.812103721562046,3.4142408265633506,-4.873776202864609,3.4759133078659135,8.640220603526814,65.27866431123942,0.27227744813655036,0.5917774591808034,False
SNTB2,descriptive whole/cortical-kidney sensitivity including small studies,GSE142025_advanced;GSE166239;GSE111154;GSE199838,GSE142025_advanced;GSE166239;GSE111154;GSE199838,4.0,-0.3567084429386005,0.0,0.8386518426966528,0.263430997298081,0.28765771296489673,-1.195063446987081,0.4816465611098798,-1.2721636687500975,0.5587467828728965,0.2686792846174119,0.30311078295448723,-1.4901605425638118,0.7767436566866108,-1.5943996868605006,0.8809828009832996,2.5159555280899584,0.0,0.30311078295448723,0.5983180274629728,False
SNTG2,descriptive whole/cortical-kidney sensitivity including small studies,GSE142025_advanced;GSE166239;GSE111154;GSE199838,GSE166239;GSE111154;GSE199838,3.0,-0.17259639181488207,0.0,0.11465437160892333,0.13359631862950114,0.394547396282684,-0.747414956850584,0.4022221732208199,-1.870196823446115,1.525004039816351,0.3255352646375118,0.7044880424321508,-1.8700985683205529,1.5249057846907887,-5.185796387107316,4.840603603477551,0.22930874321784667,0.0,0.7044880424321508,0.8442496255633356,False
SNW1,descriptive whole/cortical-kidney sensitivity including small studies,GSE142025_advanced;GSE166239;GSE111154;GSE199838,GSE142025_advanced;GSE166239;GSE111154;GSE199838,4.0,0.553597048271326,0.0,0.7303605595526799,0.2466570640632709,0.28861898927813157,-0.23137581392895723,1.3385699104716093,-0.3649173877915818,1.472111484334234,0.1105098644743793,0.15092067739432793,-0.5076826417324943,1.6148767382751466,-0.6882302338037575,1.7954243303464095,2.1910816786580396,0.0,0.15092067739432793,0.4997959901374255,False
SOS1,descriptive whole/cortical-kidney sensitivity including small studies,GSE142025_advanced;GSE166239;GSE111154;GSE199838,GSE142025_advanced;GSE166239;GSE111154;GSE199838,4.0,-1.4657469699519095,0.4973596792947683,1.1139872896819443,0.5277565222799216,0.5277565222799216,-3.145303764371025,0.21380982446720598,-3.145303764371025,0.21380982446720598,0.06914514942637341,0.06914514942637341,-5.2557139681402685,2.32422002823645,-5.2557139681402685,2.32422002823645,6.027923810250653,50.23162046443891,0.06914514942637341,0.43880678261865175,False
SP1,descriptive whole/cortical-kidney sensitivity including small studies,GSE142025_advanced;GSE166239;GSE111154;GSE199838,GSE142025_advanced;GSE166239;GSE111154;GSE199838,4.0,0.6229999336104192,0.9246640957064394,0.9946821216230936,0.583712391482948,0.5852706650289241,-1.2346334100128056,2.480633277233644,-1.239592531901819,2.485592399122657,0.364096863950261,0.36519582819958735,-4.217023984827313,5.463023852048152,-4.220506482120887,5.466506349341725,9.498965412014035,68.41761318337173,0.36519582819958735,0.6312325242390219,False
SPARC,descriptive whole/cortical-kidney sensitivity including small studies,GSE142025_advanced;GSE166239;GSE111154;GSE199838,GSE142025_advanced;GSE166239;GSE111154;GSE199838,4.0,0.9989694657028741,0.0826013339537899,1.0572862460581323,0.35218900252703755,0.35218900252703755,-0.12185312415085103,2.119792055556599,-0.12185312415085103,2.119792055556599,0.06583828093098877,0.06583828093098877,-0.9569088839195693,2.9548478153253175,-0.9569088839195693,2.9548478153253175,3.7745981980649574,20.5213418069784,0.06583828093098877,0.43880678261865175,False
SPN,descriptive whole/cortical-kidney sensitivity including small studies,GSE142025_advanced;GSE166239;GSE111154;GSE199838,GSE142025_advanced;GSE166239;GSE111154;GSE199838,4.0,1.98630865316551,5.051979895477768,1.1191767172175553,1.2823531005680473,1.2823531005680473,-2.094711233806379,6.0673285401373995,-2.094711233806379,6.0673285401373995,0.21915587119953106,0.21915587119953106,-9.147847118487912,13.120464424818932,-9.147847118487912,13.120464424818932,17.38553761405056,82.74427822366866,0.21915587119953106,0.5710291116732493,False
SPOCK3,descriptive whole/cortical-kidney sensitivity including small studies,GSE142025_advanced;GSE166239;GSE111154;GSE199838,GSE111154;GSE199838,2.0,-0.08019952821668964,0.2985740142707363,0.9999999836029829,0.6795974305009677,0.6795974360726531,-8.715303618340238,8.554904561906858,-8.715303689135213,8.554904632701833,0.9252181485872298,0.9252181491947049,,,,,1.4666628790023346,31.818005738290168,0.9252181491947049,0.9993500123061376,False
SPP1,descriptive whole/cortical-kidney sensitivity including small studies,GSE142025_advanced;GSE166239;GSE111154;GSE199838,GSE142025_advanced;GSE166239;GSE111154;GSE199838,4.0,0.22963162645555926,0.5541127231439462,1.0678790575364001,0.5114379258765084,0.5114379258765084,-1.3979921111320976,1.8572553640432163,-1.3979921111320976,1.8572553640432163,0.6838890946872823,0.6838890946872823,-3.6563128849126674,4.115576137823786,-3.6563128849126674,4.115576137823786,6.779810828204109,55.750977777728586,0.6838890946872823,0.830209552155259,False
SRC,descriptive whole/cortical-kidney sensitivity including small studies,GSE142025_advanced;GSE166239;GSE111154;GSE199838,GSE142025_advanced;GSE166239;GSE111154;GSE199838,4.0,-0.273268310302369,1.0345667185954295,1.3632973418319778,0.7354300859688104,0.7354300859688104,-2.613735070188289,2.067198449583551,-2.613735070188289,2.067198449583551,0.7349005476416164,0.7349005476416164,-5.673781633053347,5.127245012448608,-5.673781633053347,5.127245012448608,8.25978521378448,63.67944295944403,0.7349005476416164,0.8669255456258017,False
SSPN,descriptive whole/cortical-kidney sensitivity including small studies,GSE142025_advanced;GSE166239;GSE111154;GSE199838,GSE142025_advanced;GSE166239;GSE111154;GSE199838,4.0,1.5317207786633225,0.16140564781992972,0.7377742859732531,0.3366474456841967,0.3919345654065213,0.4603583589624529,2.603083198364192,0.2844100690723632,2.7790314882542817,0.01989100146198116,0.029759864662848502,-0.7235307717217705,3.7869723290484156,-0.8832074184780827,3.9466489758047274,3.3681937771397483,10.931490332851824,0.029759864662848502,0.4380293061545702,False
STAT1,descriptive whole/cortical-kidney sensitivity including small studies,GSE142025_advanced;GSE166239;GSE111154;GSE199838,GSE142025_advanced;GSE166239;GSE111154;GSE199838,4.0,1.2865753331913323,0.1480824995496072,1.1746478975296197,0.41431578785724216,0.41431578785724216,-0.03196241509565634,2.605113081478321,-0.03196241509565634,2.605113081478321,0.05307555163763458,0.05307555163763458,-1.1463838848410672,3.719534551223732,-1.1463838848410672,3.719534551223732,4.441877400667565,32.46099049133744,0.05307555163763458,0.4380293061545702,False
STRAP,descriptive whole/cortical-kidney sensitivity including small studies,GSE142025_advanced;GSE166239;GSE111154;GSE199838,GSE142025_advanced;GSE166239;GSE111154;GSE199838,4.0,-1.1686589688691205,0.0,0.8270983173924198,0.2809615879217869,0.3089359010831271,-2.062804136277455,-0.2745138014607862,-2.151830885840611,-0.1854870518976297,0.025271594182608482,0.03238038361551133,-2.3775391120955405,0.04022117435729933,-2.497902866982047,0.16058492924380596,2.4812949521772594,0.0,0.03238038361551133,0.4380293061545702,False
STUB1,descriptive whole/cortical-kidney sensitivity including small studies,GSE142025_advanced;GSE166239;GSE111154;GSE199838,GSE142025_advanced;GSE166239;GSE111154;GSE199838,4.0,0.09835971486962217,0.19983670479711663,1.1081516451480875,0.4009807481074671,0.4009807481074671,-1.1777399854348836,1.374459415174128,-1.1777399854348836,1.374459415174128,0.8220486855693538,0.8220486855693538,-2.4854621187031984,2.6821815484424425,-2.4854621187031984,2.6821815484424425,4.729356128941867,36.56641796034059,0.8220486855693538,0.9248047712655231,False
TEK,descriptive whole/cortical-kidney sensitivity including small studies,GSE142025_advanced;GSE166239;GSE111154;GSE199838,GSE142025_advanced;GSE166239;GSE111154;GSE199838,4.0,-0.17647744829163337,0.823498986537086,1.0732036281438846,0.5853546705562844,0.5853546705562844,-2.0393372568840427,1.686382360300776,-2.0393372568840427,1.686382360300776,0.7827324979285304,0.7827324979285304,-4.822822616620148,4.4698677200368815,-4.822822616620148,4.4698677200368815,8.298572011368627,63.84920205680989,0.7827324979285304,0.8973346206120634,False
TFDP1,descriptive whole/cortical-kidney sensitivity including small studies,GSE142025_advanced;GSE166239;GSE111154;GSE199838,GSE142025_advanced;GSE166239;GSE111154;GSE199838,4.0,0.7428591776226054,0.28958815197763804,0.9051658259803309,0.3931307777153162,0.41321204349372825,-0.5082584134108132,1.9939767686560241,-0.5721659634927407,2.0578843187379516,0.15521607551745045,0.17005974733060705,-2.1245932402568384,3.610311595502049,-2.176395877481043,3.662114232726254,5.084090852569184,40.992399880423335,0.17005974733060705,0.5161115587591679,False
TFDP2,descriptive whole/cortical-kidney sensitivity including small studies,GSE142025_advanced;GSE166239;GSE111154;GSE199838,GSE142025_advanced;GSE166239;GSE111154;GSE199838,4.0,-0.9431139741387402,0.0,0.9215921471580456,0.2913123815963908,0.30345169033654057,-1.8701999866335717,-0.01602796164390874,-1.9088326848823596,0.02260473660487916,0.04794307354591742,0.0529658855076767,-2.1965299880242677,0.3103020397467875,-2.248761217912345,0.36253326963486443,2.7647764414741367,0.0,0.0529658855076767,0.4380293061545702,False
TFPI,descriptive whole/cortical-kidney sensitivity including small studies,GSE142025_advanced;GSE166239;GSE111154;GSE199838,GSE142025_advanced;GSE166239;GSE111154;GSE199838,4.0,0.14468306809872586,0.7354040155772931,0.8629447918382908,0.498644390731971,0.5367838390097944,-1.4422259308366807,1.7315920670341325,-1.563602677093999,1.8529688132914508,0.7905994127452661,0.8049926897468687,-4.123518607373678,4.412884743571129,-4.208319237114152,4.497685373311603,9.814160896075293,69.4319256453223,0.8049926897468687,0.9148175269547144,False
TGFB1,descriptive whole/cortical-kidney sensitivity including small studies,GSE142025_advanced;GSE166239;GSE111154;GSE199838,GSE142025_advanced;GSE166239;GSE111154;GSE199838,4.0,1.598502822934057,4.4439665484285,1.1168288917104694,1.2050630514096827,1.2050630514096827,-2.236545632658599,5.433551278526712,-2.236545632658599,5.433551278526712,0.27661628360175483,0.27661628360175483,-8.849188139665687,12.0461937855338,-8.849188139665687,12.0461937855338,14.790744269351709,79.71704502919181,0.27661628360175483,0.5917774591808034,False
TGFB2,descriptive whole/cortical-kidney sensitivity including small studies,GSE142025_advanced;GSE166239;GSE111154;GSE199838,GSE142025_advanced;GSE166239;GSE111154;GSE199838,4.0,0.9550761331395842,0.08719170334878068,1.0546971205350841,0.3578609653488185,0.3578609653488185,-0.18379717384002425,2.0939494401191925,-0.18379717384002425,2.0939494401191925,0.07576479825341424,0.07576479825341424,-1.0411700718953574,2.951322338174526,-1.0411700718953574,2.951322338174526,3.7544196870629034,20.09417566348553,0.07576479825341424,0.43880678261865175,False
TGFB3,descriptive whole/cortical-kidney sensitivity including small studies,GSE142025_advanced;GSE166239;GSE111154;GSE199838,GSE142025_advanced;GSE166239;GSE111154;GSE199838,4.0,0.5881441492260717,0.0,0.8345547480924451,0.26496086420295306,0.29003760845849275,-0.2550795741013945,1.431367872553538,-0.3348849662059812,1.5111732646581246,0.11307058744468222,0.13562873845148965,-0.5518904364135409,1.7281787348656843,-0.6597869585378677,1.8360752569900112,2.5036642442773354,0.0,0.13562873845148965,0.48096740403921834,False
TGFBR1,descriptive whole/cortical-kidney sensitivity including small studies,GSE142025_advanced;GSE166239;GSE111154;GSE199838,GSE142025_advanced;GSE166239;GSE111154;GSE199838,4.0,0.09131234910847584,0.0,0.33127599254770984,0.16186278057186781,0.2812237627411644,-0.4238072588854124,0.6064319571023641,-0.8036671755851248,0.9862918738020765,0.6120864614924848,0.7667348622251331,-0.6051269855639093,0.787751683780861,-1.1186958413202102,1.3013205395371616,0.9938279776431296,0.0,0.7667348622251331,0.8870458640817985,False
TGFBR2,descriptive whole/cortical-kidney sensitivity including small studies,GSE142025_advanced;GSE166239;GSE111154;GSE199838,GSE142025_advanced;GSE166239;GSE111154;GSE199838,4.0,0.6063580455204328,0.43269548653062156,1.177218733535678,0.5033149808594716,0.5033149808594716,-0.9954148557097325,2.208130946750598,-0.9954148557097325,2.208130946750598,0.3146791708092588,0.3146791708092588,-2.957374841763572,4.170090932804437,-2.957374841763572,4.170090932804437,6.128025238699013,51.04458805008277,0.3146791708092588,0.6068235488925169,False
TGFBR3,descriptive whole/cortical-kidney sensitivity including small studies,GSE142025_advanced;GSE166239;GSE111154;GSE199838,GSE142025_advanced;GSE166239;GSE111154;GSE199838,4.0,-1.5531428256550757,1.5475724225345806,1.0039384646406224,0.7260552463130474,0.7260552463130474,-3.863774661715886,0.7574890104057346,-3.863774661715886,0.7574890104057346,0.12195071555952021,0.12195071555952021,-7.750648693743084,4.644363042432934,-7.750648693743084,4.644363042432934,12.035686597732106,75.0741266346592,0.12195071555952021,0.4764547983116318,False
TGIF1,descriptive whole/cortical-kidney sensitivity including small studies,GSE142025_advanced;GSE166239;GSE111154;GSE199838,GSE142025_advanced;GSE166239;GSE111154;GSE199838,4.0,0.5015592377190072,0.0,0.948575037340874,0.28110779089111665,0.2886270539078222,-0.3930512127888921,1.3961696882269066,-0.41698086359486297,1.4200993390328773,0.17238501932871061,0.18064771016776293,-0.7079499661124968,1.7110684415505113,-0.7403027436570289,1.7434212190950433,2.845725112022622,0.0,0.18064771016776293,0.5362516621739662,False
TGIF2,descriptive whole/cortical-kidney sensitivity including small studies,GSE142025_advanced;GSE166239;GSE111154;GSE199838,GSE142025_advanced;GSE166239;GSE111154;GSE199838,4.0,0.6572892654172473,0.9981193681772871,1.175947444744767,0.6682566125885012,0.6682566125885012,-1.4694015222964345,2.783980053130929,-1.4694015222964345,2.783980053130929,0.3978443146543442,0.3978443146543442,-4.514288596809017,5.8288671276435124,-4.514288596809017,5.8288671276435124,8.239387419591973,63.58952617197645,0.3978443146543442,0.6520938763588853,False
THBD,descriptive whole/cortical-kidney sensitivity including small studies,GSE142025_advanced;GSE166239;GSE111154;GSE199838,GSE142025_advanced;GSE166239;GSE111154;GSE199838,4.0,0.20789866490300674,1.2647540874204155,1.016137012160349,0.6624466715312075,0.6624466715312075,-1.9003022973589745,2.316099627164988,-1.9003022973589745,2.316099627164988,0.7742032967975836,0.7742032967975836,-5.40799395997266,5.823791289778673,-5.40799395997266,5.823791289778673,11.578519607471701,74.0899518962331,0.7742032967975836,0.8914723255772176,False
THBS1,descriptive whole/cortical-kidney sensitivity including small studies,GSE142025_advanced;GSE166239;GSE111154;GSE199838,GSE142025_advanced;GSE166239;GSE111154;GSE199838,4.0,0.584807015988859,0.017649429632892955,1.2343635984366081,0.33740784167082083,0.33740784167082083,-0.488975323110195,1.658589355087913,-0.488975323110195,1.658589355087913,0.18147267110330628,0.18147267110330628,-0.9754222034076172,2.1450362353853354,-0.9754222034076172,2.1450362353853354,3.8333887968553144,21.740262754953978,0.18147267110330628,0.5362516621739662,False
TIMP1,descriptive whole/cortical-kidney sensitivity including small studies,GSE142025_advanced;GSE166239;GSE111154;GSE199838,GSE142025_advanced;GSE166239;GSE111154;GSE199838,4.0,1.8027732715185816,2.0600303545280196,1.0249886864048279,0.8258780479748868,0.8258780479748868,-0.8255392708740179,4.4310858139111815,-0.8255392708740179,4.4310858139111815,0.11703509810493792,0.11703509810493792,-5.322119424318993,8.927665967356155,-5.322119424318993,8.927665967356155,13.617958812024648,77.97026675281906,0.11703509810493792,0.4764547983116318,False
TIMP2,descriptive whole/cortical-kidney sensitivity including small studies,GSE142025_advanced;GSE166239;GSE111154;GSE199838,GSE142025_advanced;GSE166239;GSE111154;GSE199838,4.0,1.6018986691366544,0.05235879536282464,1.1731247082690335,0.384614390717922,0.384614390717922,0.3778840224374591,2.82591331583585,0.3778840224374591,2.82591331583585,0.025184303876247986,0.025184303876247986,-0.3236863700678687,3.5274837083411774,-0.3236863700678687,3.5274837083411774,3.8321997236380634,21.71597995023136,0.025184303876247986,0.4380293061545702,False
TLL1,descriptive whole/cortical-kidney sensitivity including small studies,GSE142025_advanced;GSE166239;GSE111154;GSE199838,GSE142025_advanced;GSE166239;GSE111154;GSE199838,4.0,-0.4103901230565552,0.7705047016573772,1.0955104963449227,0.5775223057693872,0.5775223057693872,-2.2483238512712695,1.427543605158159,-2.2483238512712695,1.427543605158159,0.5285912408311546,0.5285912408311546,-4.9313229416523505,4.110542695539241,-4.9313229416523505,4.110542695539241,7.721373970174559,61.1468112852954,0.5285912408311546,0.7198033766448593,False
TLL2,descriptive whole/cortical-kidney sensitivity including small studies,GSE142025_advanced;GSE166239;GSE111154;GSE199838,GSE142025_advanced;GSE166239;GSE111154;GSE199838,4.0,0.6139101260109883,0.9630774486269837,0.9999782024384759,0.5933800598402915,0.5933865270651998,-1.2744900530567729,2.5023103050787494,-1.2745106346527877,2.5023308866747644,0.37694187644814703,0.37694637915534474,-4.320422869723793,5.548243121745769,-4.320437267545175,5.5482575195671515,9.750460039807184,69.2322209644241,0.37694637915534474,0.6458402951392449,False
TMPRSS6,descriptive whole/cortical-kidney sensitivity including small studies,GSE142025_advanced;GSE166239;GSE111154;GSE199838,GSE111154;GSE199838,2.0,-0.5203453598154877,0.0,0.5906828464488507,0.42784864361034697,0.5566894359662545,-5.956677821623197,4.915987101992222,-7.59375530766833,6.553064588037355,0.4380933523281434,0.5214743120955291,,,,,0.5906828464488507,0.0,0.5214743120955291,0.7130797782067162,False
TNC,descriptive whole/cortical-kidney sensitivity including small studies,GSE142025_advanced;GSE166239;GSE111154;GSE199838,GSE142025_advanced;GSE166239;GSE111154;GSE199838,4.0,1.6879472397951618,0.08920849201684623,1.0237906234009244,0.376923452647939,0.376923452647939,0.48840859054094987,2.8874858890493735,0.48840859054094987,2.8874858890493735,0.020759204492523563,0.020759204492523563,-0.3812654310287198,3.7571599106190434,-0.3812654310287198,3.7571599106190434,3.6158540081112767,17.03204849337833,0.020759204492523563,0.4380293061545702,False
TNFRSF10A,descriptive whole/cortical-kidney sensitivity including small studies,GSE142025_advanced;GSE166239;GSE111154;GSE199838,GSE142025_advanced;GSE166239;GSE111154;GSE199838,4.0,0.4745494641288725,0.8986966126016472,1.064249274839451,0.598876745354036,0.598876745354036,-1.4313436214434112,2.380442549701156,-1.4313436214434112,2.380442549701156,0.48600694665406496,0.48600694665406496,-4.350084645609656,5.299183573867402,-4.350084645609656,5.299183573867402,9.178470847871328,67.31481692622296,0.48600694665406496,0.6869015148558355,False
TNFRSF10B,descriptive whole/cortical-kidney sensitivity including small studies,GSE142025_advanced;GSE166239;GSE111154;GSE199838,GSE142025_advanced;GSE166239;GSE111154;GSE199838,4.0,0.3252039301756844,0.421601020218171,1.057625179248831,0.46877067332800443,0.46877067332800443,-1.1666335671823793,1.817041427533748,-1.1666335671823793,1.817041427533748,0.5377370264984119,0.5377370264984119,-3.120538549784875,3.7709464101362435,-3.120538549784875,3.7709464101362435,6.023046433489693,50.19131874329865,0.5377370264984119,0.7223906845610706,False
TNFRSF10D,descriptive whole/cortical-kidney sensitivity including small studies,GSE142025_advanced;GSE166239;GSE111154;GSE199838,GSE142025_advanced;GSE166239;GSE111154;GSE199838,4.0,-0.060197640205871074,0.0,0.4174821555051084,0.18214983228879233,0.28190956871035205,-0.6398797009813852,0.5194844205696432,-0.9573597055722545,0.8369644251605124,0.7627690503444035,0.8445982004984783,-0.8439251133266501,0.723529832914908,-1.2731566155599607,1.1527613351482187,1.2524464665153252,0.0,0.8445982004984783,0.9384930954728508,False
TNN,descriptive whole/cortical-kidney sensitivity including small studies,GSE142025_advanced;GSE166239;GSE111154;GSE199838,GSE142025_advanced;GSE166239;GSE111154;GSE199838,4.0,-1.078974198036014,0.12126305604037521,0.835932387836044,0.3287068669361293,0.35952012068803746,-2.125066152238282,-0.03288224383374572,-2.2231276777948112,0.06517928172278364,0.04633922249877769,0.057616030798278456,-3.1393620754910825,0.9814136794190547,-3.2325272089674324,1.0745788128954046,3.441595774219141,12.831134252520815,0.057616030798278456,0.43880678261865175,False
TNR,descriptive whole/cortical-kidney sensitivity including small studies,GSE142025_advanced;GSE166239;GSE111154;GSE199838,GSE111154;GSE199838,2.0,-0.6771735684916821,0.0,0.269915377005117,0.29117539747597154,0.5604551491026295,-4.376907782958421,3.022560645975057,-7.798431438433007,6.444084301449643,0.258522724687362,0.44013864586167084,,,,,0.269915377005117,0.0,0.44013864586167084,0.662747230210939,False
TNXB,descriptive whole/cortical-kidney sensitivity including small studies,GSE142025_advanced;GSE166239;GSE111154;GSE199838,GSE142025_advanced;GSE166239;GSE111154;GSE199838,4.0,0.9235489849625903,1.0109523909304272,0.8633634173326126,0.5734602090046802,0.6171723590455143,-0.901457338411577,2.7485553083367575,-1.0405689088050365,2.887666878730217,0.20567434389694916,0.23144497824056776,-4.056776665029532,5.903874634954712,-4.152585897990936,5.999683867916116,11.317554595059843,73.49250692981404,0.23144497824056776,0.5802860058245349,False
TPSAB1,descriptive whole/cortical-kidney sensitivity including small studies,GSE142025_advanced;GSE166239;GSE111154;GSE199838,GSE142025_advanced;GSE111154;GSE199838,3.0,1.3955614795257014,0.03674043669159862,0.7887310045722213,0.3385804119778011,0.3812390446534721,-0.06123245431028179,2.8523554133616846,-0.2447777366396373,3.03590069569104,0.05412618742120059,0.06719270226576211,-3.548068820174339,6.339191779225742,-4.026336222177606,6.817459181229009,1.7389833534845307,0.0,0.06719270226576211,0.43880678261865175,False
TRAPPC4,descriptive whole/cortical-kidney sensitivity including small studies,GSE142025_advanced;GSE166239;GSE111154;GSE199838,GSE142025_advanced;GSE166239;GSE111154;GSE199838,4.0,0.43314365581112413,0.20926523302249786,1.2249755634979838,0.431700705919565,0.431700705919565,-0.9407206607309639,1.8070079723532122,-0.9407206607309639,1.8070079723532122,0.38962242417388604,0.38962242417388604,-2.273189793781964,3.1394771054042128,-2.273189793781964,3.1394771054042128,5.20025447196249,42.31051545314378,0.38962242417388604,0.6490943789960697,False
TREM1,descriptive whole/cortical-kidney sensitivity including small studies,GSE142025_advanced;GSE166239;GSE111154;GSE199838,GSE142025_advanced;GSE111154;GSE199838,3.0,-0.5855412071089409,0.0,0.9833282583700832,0.32887249147774555,0.3316486917855142,-2.0005653303051694,0.8294829160872877,-2.0125103561377213,0.8414279419198397,0.2169590591804749,0.21951438392547643,-4.764262415921043,3.5931800017031614,-4.799537385420183,3.6284549712023013,1.9666565167401664,0.0,0.21951438392547643,0.5710291116732493,False
TRIM33,descriptive whole/cortical-kidney sensitivity including small studies,GSE142025_advanced;GSE166239;GSE111154;GSE199838,GSE142025_advanced;GSE166239;GSE111154;GSE199838,4.0,-1.1156150470961048,0.8573875876430783,0.9189080887397986,0.5488710533369214,0.5725775159703186,-2.8623677028653676,0.6311376086731577,-2.937812247284368,0.7065821530921588,0.13501006347957462,0.14650149009215646,-5.7470105532496065,3.515780459057397,-5.799843732732194,3.5686136385399845,9.561240947198554,68.6233197493156,0.14650149009215646,0.4954234551141127,False
TSPAN7,descriptive whole/cortical-kidney sensitivity including small studies,GSE142025_advanced;GSE166239;GSE111154;GSE199838,GSE142025_advanced;GSE166239;GSE111154;GSE199838,4.0,-0.9767740763996237,1.1884152940136268,0.9849568623465075,0.6361827895389174,0.6410225550923733,-3.001391644452834,1.0478434916535866,-3.016793938456869,1.0632457856576214,0.22226402119603575,0.22495396250238087,-6.40757382245682,4.4540256696575735,-6.418099333830053,4.4645511810308065,11.563402067276662,74.05607811139147,0.22495396250238087,0.5785416041584983,False
TTR,descriptive whole/cortical-kidney sensitivity including small studies,GSE142025_advanced;GSE166239;GSE111154;GSE199838,GSE142025_advanced;GSE166239;GSE111154;GSE199838,4.0,-0.481183569551419,0.0,1.3586513901609012,0.33891824961051215,0.33891824961051215,-1.5597727008176148,0.5974055617147767,-1.5597727008176148,0.5974055617147767,0.25075152332317596,0.25075152332317596,-1.9394311013999987,0.9770639622971606,-1.9394311013999987,0.9770639622971606,4.075954170482704,26.397602266349367,0.25075152332317596,0.5816283690467094,False
UBA52,descriptive whole/cortical-kidney sensitivity including small studies,GSE142025_advanced;GSE166239;GSE111154;GSE199838,GSE142025_advanced;GSE166239;GSE111154;GSE199838,4.0,1.0188053456907376,0.3466551111237033,0.8723832991006056,0.40860091554210554,0.4374673687464585,-0.28154512831177647,2.3191558196932514,-0.3734110656586145,2.4110217570400896,0.08821883792399891,0.10225294510034884,-2.064758566153124,4.1023692575345985,-2.1372214030246477,4.174832094406122,5.403400437548799,44.479406353956605,0.10225294510034884,0.4580891220256462,False
UBB,descriptive whole/cortical-kidney sensitivity including small studies,GSE142025_advanced;GSE166239;GSE111154;GSE199838,GSE142025_advanced;GSE166239;GSE111154;GSE199838,4.0,0.33399778380205053,0.1876630884750369,1.0821573279175065,0.3911589708725999,0.3911589708725999,-0.9108446378300326,1.5788402054341335,-0.9108446378300326,1.5788402054341335,0.4559370823657618,0.4559370823657618,-2.177323278883958,2.845318846488059,-2.177323278883958,2.845318846488059,4.605822619999772,34.86505565861005,0.4559370823657618,0.6686409686297471,False
UBC,descriptive whole/cortical-kidney sensitivity including small studies,GSE142025_advanced;GSE166239;GSE111154;GSE199838,GSE142025_advanced;GSE166239;GSE111154;GSE199838,4.0,0.24982376925790395,0.0,1.7108485339184083,0.3804692143721562,0.3804692143721562,-0.9609990762949594,1.4606466148107673,-0.9609990762949594,1.4606466148107673,0.5582983870465342,0.5582983870465342,-1.3872031345460871,1.886850673061895,-1.3872031345460871,1.886850673061895,5.132545601755225,41.54947207923371,0.5582983870465342,0.7347019110209014,False
UBE2D1,descriptive whole/cortical-kidney sensitivity including small studies,GSE142025_advanced;GSE166239;GSE111154;GSE199838,GSE142025_advanced;GSE166239;GSE111154;GSE199838,4.0,-0.48501747289170644,0.49747583101219417,1.0388569518304187,0.49168882587041196,0.49168882587041196,-2.049790760132283,1.0797558143488704,-2.049790760132283,1.0797558143488704,0.3966507888366514,0.3966507888366514,-4.1843824733692445,3.2143475275858315,-4.1843824733692445,3.2143475275858315,6.624680199974506,54.71479513816312,0.3966507888366514,0.6520938763588853,False
UBE2D2,descriptive whole/cortical-kidney sensitivity including small studies,GSE142025_advanced;GSE166239;GSE111154;GSE199838,GSE142025_advanced;GSE166239;GSE111154;GSE199838,4.0,0.6557198542849503,0.141009614048104,0.7346273218633751,0.3059207868143365,0.3569237517881723,-0.31785662342181975,1.6292963319917204,-0.4801708208613178,1.7916105294312183,0.12145880405559932,0.16350224538359662,-1.4282798529964844,2.739719561566385,-1.5733872279406467,2.8848269365105472,3.4493338204287034,13.02668410252208,0.16350224538359662,0.5100488371926539,False
UBE2D3,descriptive whole/cortical-kidney sensitivity including small studies,GSE142025_advanced;GSE166239;GSE111154;GSE199838,GSE142025_advanced;GSE166239;GSE111154;GSE199838,4.0,-0.338960423366074,0.7508010979759996,1.0441293299893302,0.5588850563978411,0.5588850563978411,-2.11758210617766,1.4396612594455123,-2.11758210617766,1.4396612594455123,0.5870044333900525,0.5870044333900525,-4.775397265345057,4.097476418612909,-4.775397265345057,4.097476418612909,8.546759791506904,64.89897840604854,0.5870044333900525,0.7572067073219294,False
UBE2M,descriptive whole/cortical-kidney sensitivity including small studies,GSE142025_advanced;GSE166239;GSE111154;GSE199838,GSE142025_advanced;GSE166239;GSE111154;GSE199838,4.0,-0.1538275287923613,0.0,0.4555999371496595,0.19097964391185346,0.28294058784760734,-0.7616099909440375,0.4539549333593149,-1.0542707572027796,0.7466156996180571,0.47947637179662084,0.6244651670637039,-0.9755466149962778,0.6678915574115553,-1.3712226214517866,1.0635675638670639,1.3667998114489786,0.0,0.6244651670637039,0.781889106879075,False
UCHL5,descriptive whole/cortical-kidney sensitivity including small studies,GSE142025_advanced;GSE166239;GSE111154;GSE199838,GSE142025_advanced;GSE166239;GSE111154;GSE199838,4.0,-1.3276209766747757,1.1830878589154339,0.9787791389748909,0.6393867197250532,0.6462808080762149,-3.362434880511241,0.7071929271616897,-3.384374946512695,0.7291329931631436,0.1294475140533917,0.1322235973219744,-6.756305797785624,4.101063844436073,-6.7713979168049345,4.116155963455384,10.922666648216875,72.53417964110669,0.1322235973219744,0.48096740403921834,False
USP15,descriptive whole/cortical-kidney sensitivity including small studies,GSE142025_advanced;GSE166239;GSE111154;GSE199838,GSE142025_advanced;GSE166239;GSE111154;GSE199838,4.0,-0.5018918062846871,0.7653727830481034,1.112671626398158,0.5822663104695451,0.5822663104695451,-2.354923074729667,1.351139462160293,-2.354923074729667,1.351139462160293,0.45209984112113843,0.45209984112113843,-5.0235823739957866,4.019798761426413,-5.0235823739957866,4.019798761426413,7.692815064914582,61.00257220945801,0.45209984112113843,0.6686409686297471,False
USP9X,descriptive whole/cortical-kidney sensitivity including small studies,GSE142025_advanced;GSE166239;GSE111154;GSE199838,GSE142025_advanced;GSE166239;GSE111154;GSE199838,4.0,-0.6913886984112222,0.0,0.35868589658336153,0.17335871265118064,0.28945997678510177,-1.243093492976712,-0.13968390384573237,-1.612579532058477,0.22980213523603277,0.02822584553310762,0.09686814898715818,-1.4372910366256773,0.05451363980323276,-1.9368344576788563,0.5540570608564118,1.0760576897500846,0.0,0.09686814898715818,0.456914220824969,False
UTRN,descriptive whole/cortical-kidney sensitivity including small studies,GSE142025_advanced;GSE166239;GSE111154;GSE199838,GSE142025_advanced;GSE166239;GSE111154;GSE199838,4.0,1.4236108421886466,0.0,0.7641697101128638,0.27703620512633126,0.3169141422285942,0.5419579947545343,2.305263689622759,0.4150486011611014,2.432173083216192,0.014277577193345504,0.0205873648763773,0.2316202579624056,2.6156014264148877,0.06003934303257652,2.7871823413447165,2.2925091303385914,0.0,0.0205873648763773,0.4380293061545702,False
VCAM1,descriptive whole/cortical-kidney sensitivity including small studies,GSE142025_advanced;GSE166239;GSE111154;GSE199838,GSE142025_advanced;GSE166239;GSE111154;GSE199838,4.0,0.9894855989191138,1.521110562753042,1.0748535221528521,0.7394704407247318,0.7394704407247318,-1.363839373031824,3.3428105708700517,-1.363839373031824,3.3428105708700517,0.27324707559977174,0.27324707559977174,-5.197853340546267,7.176824538384494,-5.197853340546267,7.176824538384494,10.968893060405197,72.64992936407407,0.27324707559977174,0.5917774591808034,False
VCAN,descriptive whole/cortical-kidney sensitivity including small studies,GSE142025_advanced;GSE166239;GSE111154;GSE199838,GSE142025_advanced;GSE166239;GSE111154;GSE199838,4.0,2.04876802151378,2.5067261423313414,1.0533684043923568,0.9152425803464783,0.9152425803464783,-0.863942346748197,4.961478389775757,-0.863942346748197,4.961478389775757,0.11111636886426476,0.11111636886426476,-5.819788811854739,9.917324854882299,-5.819788811854739,9.917324854882299,14.230333553097298,78.9182734979038,0.11111636886426476,0.4696704517454301,False
VEGFA,descriptive whole/cortical-kidney sensitivity including small studies,GSE142025_advanced;GSE166239;GSE111154;GSE199838,GSE142025_advanced;GSE166239;GSE111154;GSE199838,4.0,-1.2526591662466315,0.8839546590721032,0.8949580405738699,0.5488813108930156,0.5801991743302145,-2.999444466137387,0.49412613364412405,-3.099111884922481,0.5937935524292175,0.10671858359050791,0.11968654761335239,-5.936873531371516,3.4315551988782524,-6.006235161537285,3.5009168290440225,10.030035256510104,70.08983594496523,0.11968654761335239,0.4764547983116318,False
VHL,descriptive whole/cortical-kidney sensitivity including small studies,GSE142025_advanced;GSE166239;GSE111154;GSE199838,GSE142025_advanced;GSE166239;GSE111154;GSE199838,4.0,0.4924558717130203,1.330386482335258,1.079506450665202,0.6998535284233889,0.6998535284233889,-1.7347904040577602,2.719702147483801,-1.7347904040577602,2.719702147483801,0.5323442607238895,0.5323442607238895,-5.312429343844535,6.297341087270576,-5.312429343844535,6.297341087270576,11.118928110290573,73.01898195363366,0.5323442607238895,0.7213157033610309,False
VPREB1,descriptive whole/cortical-kidney sensitivity including small studies,GSE142025_advanced;GSE166239;GSE111154;GSE199838,GSE111154,1.0,,,,,,,,,,,,,,,,,,1.0,1.0,False
VPREB3,descriptive whole/cortical-kidney sensitivity including small studies,GSE142025_advanced;GSE166239;GSE111154;GSE199838,GSE142025_advanced;GSE111154;GSE199838,3.0,0.3629759212740861,0.4771736850912167,0.9113636597477458,0.5201520582453627,0.544859424941806,-1.8750577520201246,2.6010095945682967,-1.9813649707814973,2.7073168133296694,0.5575003533344259,0.5738518839312479,-10.624268566794552,11.350220409342725,-10.815924505483828,11.541876348032002,4.303076527631576,53.52162604691567,0.5738518839312479,0.7469134894314396,False
VTN,descriptive whole/cortical-kidney sensitivity including small studies,GSE142025_advanced;GSE166239;GSE111154;GSE199838,GSE142025_advanced;GSE166239;GSE111154;GSE199838,4.0,-1.0883687769029864,0.0,0.3760902371139417,0.18502756871525827,0.3017104914753261,-1.6772090793364876,-0.49952847446948534,-2.0485462157639693,-0.12819133804200333,0.009804262431662287,0.0365724969681525,-1.8844781505145987,-0.29225940329137423,-2.38652424664335,0.20978669283737705,1.128270711341825,0.0,0.0365724969681525,0.4380293061545702,False
VWF,descriptive whole/cortical-kidney sensitivity including small studies,GSE142025_advanced;GSE166239;GSE111154;GSE199838,GSE142025_advanced;GSE166239;GSE111154;GSE199838,4.0,1.5500547823416235,0.34443448214239997,1.058596383076548,0.47229067019521365,0.47229067019521365,0.04701508395889964,3.053094480724347,0.04701508395889964,3.053094480724347,0.04635625027991739,0.04635625027991739,-1.6912251034030967,4.791334668086344,-1.6912251034030967,4.791334668086344,5.24492827777942,42.801887058975566,0.04635625027991739,0.4380293061545702,False
WTIP,descriptive whole/cortical-kidney sensitivity including small studies,GSE142025_advanced;GSE166239;GSE111154;GSE199838,GSE142025_advanced;GSE166239;GSE111154;GSE199838,4.0,0.9370057221383197,0.0,0.11500012387973413,0.10037366808605877,0.2959856399609631,0.6175719129900687,1.2564395312865706,-0.004952684172481181,1.8789641284491205,0.0026028397306277627,0.05064758775081519,0.5051326851528725,1.368878759123767,-0.3365176996063597,2.210529143882999,0.3450003716392024,0.0,0.05064758775081519,0.4380293061545702,False
WWTR1,descriptive whole/cortical-kidney sensitivity including small studies,GSE142025_advanced;GSE166239;GSE111154;GSE199838,GSE142025_advanced;GSE166239;GSE111154;GSE199838,4.0,-0.506242381432661,1.05202459112361,0.9255524445588961,0.5894484197456853,0.6126963478891666,-2.382130327007637,1.3696455641423153,-2.4561156100333603,1.4436308471680386,0.45357617650008314,0.46924100677416997,-5.596253338399408,4.583768575534086,-5.646825644300793,4.634340881435471,11.907435103005069,74.80565735568953,0.46924100677416997,0.6736063414831326,False
XCL1,descriptive whole/cortical-kidney sensitivity including small studies,GSE142025_advanced;GSE166239;GSE111154;GSE199838,GSE111154;GSE199838,2.0,0.24912407328722633,0.0,0.39406043313205447,0.3411061931305956,0.5433856802660306,-4.085041053407267,4.58328919998172,-6.65524563087852,7.153493777452972,0.5984198498796593,0.7263348358672341,,,,,0.39406043313205447,0.0,0.7263348358672341,0.8621494181855479,False
XCL2,descriptive whole/cortical-kidney sensitivity including small studies,GSE142025_advanced;GSE166239;GSE111154;GSE199838,GSE142025_advanced;GSE111154;GSE199838,3.0,0.6965135535415986,0.9816001732859556,0.9169206638542035,0.658881063015493,0.6880835028366823,-2.1384228508222396,3.531449957905437,-2.264070808234224,3.6570979153174212,0.4012855329594958,0.417962936227891,-14.421864870323557,15.814891977406752,-14.630451338541185,16.02347844562438,7.244672443256217,72.39350687467282,0.417962936227891,0.6571585925028888,False
XCR1,descriptive whole/cortical-kidney sensitivity including small studies,GSE142025_advanced;GSE166239;GSE111154;GSE199838,GSE142025_advanced;GSE166239;GSE111154;GSE199838,4.0,1.0477951139849984,0.031416210497165524,1.0598872532682075,0.330137531794121,0.330137531794121,-0.002849854308684563,2.0984400822786813,-0.002849854308684563,2.0984400822786813,0.05033277045923996,0.05033277045923996,-0.5644485391517859,2.6600387671217827,-0.5644485391517859,2.6600387671217827,3.404533343401298,11.882196547887206,0.05033277045923996,0.4380293061545702,False
XPO1,descriptive whole/cortical-kidney sensitivity including small studies,GSE142025_advanced;GSE166239;GSE111154;GSE199838,GSE142025_advanced;GSE166239;GSE111154;GSE199838,4.0,-0.8861539604837585,1.3287373313717983,1.216625429676824,0.7618669779882952,0.7618669779882952,-3.3107547097002725,1.5384467887327555,-3.3107547097002725,1.5384467887327555,0.3288831206892908,0.3288831206892908,-6.831259610020574,5.058951689053057,-6.831259610020574,5.058951689053057,8.567332204360252,64.9832651700703,0.3288831206892908,0.6116607290425718,False
YBX1,descriptive whole/cortical-kidney sensitivity including small studies,GSE142025_advanced;GSE166239;GSE111154;GSE199838,GSE142025_advanced;GSE166239;GSE111154;GSE199838,4.0,0.7971944160477398,0.8975627100776403,0.9785777938680038,0.5748125805796113,0.5810701774498956,-1.0321157572484376,2.6265045893439174,-1.052030223288229,2.6464190553837086,0.2595626343470933,0.2636734713196424,-3.9707432064047206,5.5651320385002,-3.984764732363513,5.579153564458992,9.346474859020741,67.90233702811972,0.2636734713196424,0.5848621191027763,False
YES1,descriptive whole/cortical-kidney sensitivity including small studies,GSE142025_advanced;GSE166239;GSE111154;GSE199838,GSE142025_advanced;GSE166239;GSE111154;GSE199838,4.0,-0.90596081989268,1.1473841403478025,0.9500172018297124,0.6132762963029768,0.6292025073351881,-2.857679703180165,1.0457580633948047,-2.908364014636794,1.0964423748514345,0.23611684051182932,0.2455272146447939,-6.216717181590972,4.404795541805611,-6.251095471939955,4.439173832154594,12.207457346247512,75.42485781511104,0.2455272146447939,0.5816283690467094,False
ZFYVE9,descriptive whole/cortical-kidney sensitivity including small studies,GSE142025_advanced;GSE166239;GSE111154;GSE199838,GSE142025_advanced;GSE166239;GSE111154;GSE199838,4.0,-0.992499609137519,0.0,0.6358597807468042,0.23945974743504417,0.30029758674132656,-1.7545673976263452,-0.23043182064869283,-1.9481805545480675,-0.03681866372697051,0.025509841050393486,0.045560571297552845,-2.0228117451040286,0.0378125268289905,-2.2845758404672636,0.2995766221922255,1.9075793422404126,0.0,0.045560571297552845,0.4380293061545702,False
