gene_symbol,compartment_model,eligible_cohorts,contributing_cohorts,k,pooled_effect,tau2_reml,hk_scale,pooled_se_hk,pooled_se_modified_hk,ci_95_low_hk,ci_95_high_hk,ci_95_low_modified_hk,ci_95_high_modified_hk,p_value_hk,p_value_modified_hk,prediction_interval_95_low,prediction_interval_95_high,prediction_interval_95_low_modified_hk,prediction_interval_95_high_modified_hk,cochran_q,i2_percent,p_value_for_family,fdr_bh_canonical_union,fdr_lt_0_05
A2M,primary glomerular three-source-study synthesis,GSE96804;GSE30528;GSE104948_H7,GSE96804;GSE30528;GSE104948_H7,3.0,0.7312100221432959,0.26371627203530745,1.1332783539776425,0.40032001136725853,0.40032001136725853,-0.9912279675393746,2.4536480118259663,-0.9912279675393746,2.4536480118259663,0.20929718229516953,0.20929718229516953,-7.542201622235071,9.004621666521663,-7.542201622235071,9.004621666521663,4.926771267824506,59.40546270005485,0.20929718229516953,0.754127183883559,False
ACAN,primary glomerular three-source-study synthesis,GSE96804;GSE30528;GSE104948_H7,GSE96804;GSE30528;GSE104948_H7,3.0,0.3210242641927338,0.1311653901870757,1.0444364862843125,0.3101973851546824,0.3101973851546824,-1.013647361804206,1.6556958901896732,-1.013647361804206,1.6556958901896732,0.4094480909829863,0.4094480909829863,-5.737954584086784,6.380003112472251,-5.737954584086784,6.380003112472251,3.796174373922579,47.315381144270134,0.4094480909829863,0.861544738058117,False
ACKR2,primary glomerular three-source-study synthesis,GSE96804;GSE30528;GSE104948_H7,GSE30528;GSE104948_H7,2.0,-0.511350673946114,1.2988659129051867,1.0000000130017777,0.8701567568338846,0.8701567568338846,-11.56774057884323,10.545039230951003,-11.56774057884323,10.545039230951003,0.6617691775816391,0.6617691775816391,,,,,7.016375163066302,85.74762642020728,0.6617691775816391,1.0,False
ACKR3,primary glomerular three-source-study synthesis,GSE96804;GSE30528;GSE104948_H7,GSE30528;GSE104948_H7,2.0,-0.0914821288910253,0.0,0.47500928998306197,0.2149008017862832,0.3118078065194342,-2.822055714355636,2.6390914565735852,-4.053375956864502,3.8704116990824518,0.7437867042753659,0.818318860404386,,,,,0.47500928998306197,0.0,0.818318860404386,1.0,False
ACKR4,primary glomerular three-source-study synthesis,GSE96804;GSE30528;GSE104948_H7,GSE30528,1.0,,,,,,,,,,,,,,,,,,1.0,1.0,False
ACTA1,primary glomerular three-source-study synthesis,GSE96804;GSE30528;GSE104948_H7,GSE96804;GSE30528;GSE104948_H7,3.0,-0.44138216530761554,0.16434535719809343,0.8964716830690213,0.304766726299849,0.32188390544403095,-1.752687552158468,0.8699232215432369,-1.826336829728793,0.9435724991135619,0.2845328944784243,0.30388350619694227,-6.8856720209727165,6.002907690357485,-7.018664157775455,6.135899827160224,4.266215517579274,53.120043003949434,0.30388350619694227,0.8038540045682628,False
ACTA2,primary glomerular three-source-study synthesis,GSE96804;GSE30528;GSE104948_H7,GSE96804;GSE30528;GSE104948_H7,3.0,1.4709100680165186,3.2323427030489666,1.0353482288462503,1.0957228069544105,1.0957228069544105,-3.2436046583746183,6.1854247944076555,-3.2436046583746183,6.1854247944076555,0.3115449991148086,0.3115449991148086,-25.28146365361984,28.22328378965288,-25.28146365361984,28.22328378965288,20.37642490110818,90.184735498467,0.3115449991148086,0.8104310109863626,False
ACTB,primary glomerular three-source-study synthesis,GSE96804;GSE30528;GSE104948_H7,GSE30528;GSE104948_H7,2.0,0.839404985525884,0.07650700802023282,1.0000000098345319,0.3813175717780556,0.3813175717780556,-4.00569415098708,5.684504122038848,-4.00569415098708,5.684504122038848,0.2714548220981537,0.2714548220981537,,,,,1.356258246498362,26.267729425289225,0.2714548220981537,0.7814306092016704,False
ACTC1,primary glomerular three-source-study synthesis,GSE96804;GSE30528;GSE104948_H7,GSE96804;GSE30528;GSE104948_H7,3.0,0.9913913392028812,1.7499271130404699,1.0063989247207856,0.8090173173229804,0.8090173173229804,-2.489529229591427,4.47231190799719,-2.489529229591427,4.47231190799719,0.3451381761258469,0.3451381761258469,-18.71116017767305,20.693942856078813,-18.71116017767305,20.693942856078813,20.497894164029052,90.24290015356932,0.3451381761258469,0.8264317795306977,False
ACTG1,primary glomerular three-source-study synthesis,GSE96804;GSE30528;GSE104948_H7,GSE96804;GSE104948_H7,2.0,-0.25809324698962893,0.8273681437403251,1.0000000000604123,0.6949710779764299,0.6949710779764299,-9.088538049478176,8.572351555498917,-9.088538049478176,8.572351555498917,0.7736264526892268,0.7736264526892268,,,,,6.80848690824117,85.31244880871293,0.7736264526892268,1.0,False
ACTG2,primary glomerular three-source-study synthesis,GSE96804;GSE30528;GSE104948_H7,GSE96804;GSE30528;GSE104948_H7,3.0,0.33554549426944397,0.4932105434447577,1.0255630983297999,0.47304095935202933,0.47304095935202933,-1.6997854807698694,2.370876469308757,-1.6997854807698694,2.370876469308757,0.5516590188821395,0.5516590188821395,-10.423378820949443,11.094469809488333,-10.423378820949443,11.094469809488333,7.935815080822002,74.79779985255355,0.5516590188821395,0.9731320219898325,False
ACTN1,primary glomerular three-source-study synthesis,GSE96804;GSE30528;GSE104948_H7,GSE96804;GSE30528;GSE104948_H7,3.0,2.333918724885324,1.2188083198014448,0.944957237432271,0.688873487285908,0.7086526125293915,-0.6300646656374194,5.297902115408068,-0.7151673728583501,5.3830048226289975,0.07716865980775904,0.0811310606349571,-14.200535200293332,18.868372650063982,-14.334940774516669,19.00277822428732,13.133654459432176,84.77194594864902,0.0811310606349571,0.734378198964584,False
ADAM10,primary glomerular three-source-study synthesis,GSE96804;GSE30528;GSE104948_H7,GSE96804;GSE30528;GSE104948_H7,3.0,1.290541296997943,0.019671291494080742,0.949692376556387,0.2353839886898011,0.24153798669860102,0.27776573552245387,2.3033168584734325,0.25128721919101826,2.329795374804868,0.03169369362134339,0.03328966246770356,-2.1909799844340387,4.772062578429924,-2.258379034790047,4.8394616287859336,2.134541154997234,6.303048066431331,0.03328966246770356,0.734378198964584,False
ADAM12,primary glomerular three-source-study synthesis,GSE96804;GSE30528;GSE104948_H7,GSE96804;GSE30528;GSE104948_H7,3.0,1.8149262171914449,1.9929605525177534,1.0557155649642649,0.8888527142594546,0.8888527142594546,-2.0094983401622155,5.639350774545106,-2.0094983401622155,5.639350774545106,0.17792233411896227,0.17792233411896227,-19.382053740308972,23.011906174691863,-19.382053740308972,23.011906174691863,13.27870765016366,84.93829329863023,0.17792233411896227,0.7521577393329717,False
ADAM15,primary glomerular three-source-study synthesis,GSE96804;GSE30528;GSE104948_H7,GSE96804;GSE30528;GSE104948_H7,3.0,1.2281662763358698,0.3028188566627188,0.9363754781549304,0.3837481786344353,0.39657132769320264,-0.4229688720019673,2.8793014246737068,-0.4781424293036569,2.934474981975397,0.08531993676959554,0.09035451663906421,-7.2961870055934686,9.752519558265208,-7.390422280140768,9.846754832812508,5.887266105006185,66.02837438757325,0.09035451663906421,0.734378198964584,False
ADAM17,primary glomerular three-source-study synthesis,GSE96804;GSE30528;GSE104948_H7,GSE96804;GSE30528;GSE104948_H7,3.0,0.46252925911376935,0.4355722863516446,0.9563765715294579,0.4336410815637867,0.4434206912416101,-1.4032777242081667,2.3283362424357055,-1.4453559884843377,2.3704145067118763,0.3978496714557287,0.4064169282859547,-9.57148647821815,10.496544996445687,-9.640255513861648,10.565314032089185,8.384718184077084,76.1470814392059,0.4064169282859547,0.8600660941835204,False
ADAM19,primary glomerular three-source-study synthesis,GSE96804;GSE30528;GSE104948_H7,GSE96804;GSE30528;GSE104948_H7,3.0,0.9770335304439677,0.0,0.5748152789929524,0.16427536594163814,0.21667474372535847,0.27021367874458657,1.6838533821433488,0.044757352886289015,1.9093097080016463,0.027125042921219915,0.04582674937326015,-1.1102829023205059,3.064349963208441,-1.7760801244886204,3.7301471853765555,1.1496305579859047,0.0,0.04582674937326015,0.734378198964584,False
ADAM8,primary glomerular three-source-study synthesis,GSE96804;GSE30528;GSE104948_H7,GSE96804;GSE30528;GSE104948_H7,3.0,0.959255257253224,0.6082254353579654,1.0034160540128312,0.51429967769868,0.51429967769868,-1.25359765490627,3.1721081694127182,-1.25359765490627,3.1721081694127182,0.20315623795931043,0.20315623795931043,-10.910880893359105,12.829391407865552,-10.910880893359105,12.829391407865552,8.983383512062634,77.73667352268266,0.20315623795931043,0.754127183883559,False
ADAM9,primary glomerular three-source-study synthesis,GSE96804;GSE30528;GSE104948_H7,GSE96804;GSE30528;GSE104948_H7,3.0,0.4250849607763439,0.3696517359745298,1.0082695820696577,0.41983773868994106,0.41983773868994106,-1.3813310316497724,2.23150095320246,-1.3813310316497724,2.23150095320246,0.4178691436462269,0.4178691436462269,-8.963033192112807,9.813203113665494,-8.963033192112807,9.813203113665494,6.8101460036228145,70.6320540127032,0.4178691436462269,0.8656729649971135,False
ADAMTS1,primary glomerular three-source-study synthesis,GSE96804;GSE30528;GSE104948_H7,GSE96804;GSE30528;GSE104948_H7,3.0,1.5424398624500018,2.7769566667290793,1.027607772959965,1.0161846998080333,1.0161846998080333,-2.82985001010867,5.914729735008674,-2.82985001010867,5.914729735008674,0.2683515089522186,0.2683515089522186,-23.25774136962613,26.342621094526137,-23.25774136962613,26.342621094526137,21.354203132143162,90.63416233505093,0.2683515089522186,0.778219375961434,False
ADAMTS13,primary glomerular three-source-study synthesis,GSE96804;GSE30528;GSE104948_H7,GSE96804;GSE30528;GSE104948_H7,3.0,0.3936603170942482,0.0,0.3728892500342483,0.12662433443601975,0.207361078963697,-0.15116022111960092,0.9384808553080973,-0.4985423953526964,1.2858630295411928,0.08975319465594266,0.19805599960633194,-1.2152544008316744,2.002575035020171,-2.241112006532573,3.0284326407210695,0.7457785000684966,0.0,0.19805599960633194,0.754127183883559,False
ADAMTS14,primary glomerular three-source-study synthesis,GSE96804;GSE30528;GSE104948_H7,GSE96804,1.0,,,,,,,,,,,,,,,,,,1.0,1.0,False
ADAMTS16,primary glomerular three-source-study synthesis,GSE96804;GSE30528;GSE104948_H7,GSE96804,1.0,,,,,,,,,,,,,,,,,,1.0,1.0,False
ADAMTS18,primary glomerular three-source-study synthesis,GSE96804;GSE30528;GSE104948_H7,GSE96804,1.0,,,,,,,,,,,,,,,,,,1.0,1.0,False
ADAMTS2,primary glomerular three-source-study synthesis,GSE96804;GSE30528;GSE104948_H7,GSE96804;GSE30528;GSE104948_H7,3.0,1.1964306376933154,0.0,0.5295961770792689,0.16148190705056695,0.221897009306823,0.5016300695170446,1.8912312058695862,0.24168486487607166,2.1511764105105593,0.017733692734405265,0.03271876610763264,-0.8553915344791201,3.248252809865751,-1.6230381929040392,4.0158994682906695,1.0591923541585377,0.0,0.03271876610763264,0.734378198964584,False
ADAMTS3,primary glomerular three-source-study synthesis,GSE96804;GSE30528;GSE104948_H7,GSE96804;GSE30528;GSE104948_H7,3.0,0.8030928101908342,0.0,0.4946651312093767,0.14971716374582558,0.21287072639145846,0.15891184690951066,1.447273773472158,-0.11281600180112528,1.7190016221827937,0.03304167517979334,0.06362669504231523,-1.099244124883017,2.7054297452646856,-1.9016862216772625,3.507871842058931,0.9893302624187534,0.0,0.06362669504231523,0.734378198964584,False
ADAMTS4,primary glomerular three-source-study synthesis,GSE96804;GSE30528;GSE104948_H7,GSE96804,1.0,,,,,,,,,,,,,,,,,,1.0,1.0,False
ADAMTS5,primary glomerular three-source-study synthesis,GSE96804;GSE30528;GSE104948_H7,GSE96804;GSE30528;GSE104948_H7,3.0,0.781022342716651,0.3945159650686372,0.9808279446164675,0.42571908536162356,0.42985967404405045,-1.050699042020983,2.612743727454285,-1.0685145572181964,2.6305592426514988,0.20799943702139626,0.21086893813128507,-8.860238711041728,10.42228339647503,-8.889854508325765,10.451899193759068,7.2374404029402895,72.36592097963972,0.21086893813128507,0.754127183883559,False
ADAMTS8,primary glomerular three-source-study synthesis,GSE96804;GSE30528;GSE104948_H7,GSE96804;GSE30528;GSE104948_H7,3.0,0.27504286003434436,0.06296737140975327,0.9010124119515864,0.2459308723689422,0.2590882177221139,-0.7831122792935512,1.33319799936224,-0.8397237671936317,1.3898094872623206,0.3797100520940484,0.39966715667593655,-4.189328154331085,4.739413874399774,-4.3079017596683284,4.857987479737017,2.7018156482509146,25.97570447507223,0.39966715667593655,0.8526958683304041,False
ADAMTS9,primary glomerular three-source-study synthesis,GSE96804;GSE30528;GSE104948_H7,GSE96804;GSE30528,2.0,-0.3772723900443884,0.0,0.016924386741689345,0.030293763439124315,0.23286100059842002,-0.7621911505311456,0.007646370442368766,-3.3360519387184113,2.5815071586296345,0.05100908635897115,0.3520424155729932,,,,,0.016924386741689345,0.0,0.3520424155729932,0.8277754095905515,False
ADRM1,primary glomerular three-source-study synthesis,GSE96804;GSE30528;GSE104948_H7,GSE96804;GSE30528;GSE104948_H7,3.0,-0.21756859595432418,0.9851596056186582,0.9885613400691033,0.6145973705232622,0.6181429019385396,-2.8619676499330797,2.4268304580244315,-2.8772228403554356,2.4420856484467874,0.7571748740007658,0.7584862047953168,-15.051155388133914,14.616018196225266,-15.074921638879244,14.639784446970596,15.600981924793881,87.18029410173537,0.7584862047953168,1.0,False
AGRN,primary glomerular three-source-study synthesis,GSE96804;GSE30528;GSE104948_H7,GSE30528;GSE104948_H7,2.0,0.3305205027485863,0.7457056924801279,0.999999985512863,0.690437032928285,0.6904370379295129,-8.442313795075192,9.103354800572363,-8.44231385862182,9.103354864118991,0.7157666852038969,0.7157666869998572,,,,,4.5894984103803615,78.21112656367336,0.7157666869998572,1.0,False
AJUBA,primary glomerular three-source-study synthesis,GSE96804;GSE30528;GSE104948_H7,GSE96804,1.0,,,,,,,,,,,,,,,,,,1.0,1.0,False
ANGPT1,primary glomerular three-source-study synthesis,GSE96804;GSE30528;GSE104948_H7,GSE96804;GSE30528;GSE104948_H7,3.0,0.2435665018424273,0.0,0.25870424772900813,0.10476922922829786,0.20598327985521864,-0.20721910829045556,0.6943521119753102,-0.6427080195093765,1.129841023194231,0.14565845500760252,0.35855306428567907,-1.0876527747835432,1.5747857784683978,-2.3736992242267494,2.8608322279116036,0.5174084954580163,0.0,0.35855306428567907,0.8379026840233824,False
ANGPT2,primary glomerular three-source-study synthesis,GSE96804;GSE30528;GSE104948_H7,GSE96804;GSE30528;GSE104948_H7,3.0,1.3654670037531125,0.1219841918887535,0.9446325228199355,0.30255023881296444,0.3112906333986969,0.06369839283815937,2.6672356146680656,0.026091510214770297,2.7048424972914544,0.045751541566369056,0.04824215284692293,-4.505856124265219,7.236790131771444,-4.579163850353118,7.3100978578593425,3.359512402594744,40.46755122989617,0.04824215284692293,0.734378198964584,False
ANGPT4,primary glomerular three-source-study synthesis,GSE96804;GSE30528;GSE104948_H7,GSE96804;GSE30528;GSE104948_H7,3.0,0.04714783711519025,1.0014283899745138,1.0424074734852824,0.6376510786916897,0.6376510786916897,-2.696443317245297,2.7907389914756777,-2.696443317245297,2.7907389914756777,0.9477879308572416,0.9477879308572416,-15.030076079486697,15.124371753717078,-15.030076079486697,15.124371753717078,11.587809423442685,82.74048245948966,0.9477879308572416,1.0,False
ANO5,primary glomerular three-source-study synthesis,GSE96804;GSE30528;GSE104948_H7,GSE96804,1.0,,,,,,,,,,,,,,,,,,1.0,1.0,False
ANO6,primary glomerular three-source-study synthesis,GSE96804;GSE30528;GSE104948_H7,GSE96804,1.0,,,,,,,,,,,,,,,,,,1.0,1.0,False
APOB,primary glomerular three-source-study synthesis,GSE96804;GSE30528;GSE104948_H7,GSE96804;GSE30528;GSE104948_H7,3.0,-0.7236779206267736,0.45862754314085863,1.080658223637554,0.4741309438424258,0.4741309438424258,-2.763698720409076,1.3163428791555287,-2.763698720409076,1.3163428791555287,0.26646689006281515,0.26646689006281515,-11.22785745330153,9.780501612047983,-11.22785745330153,9.780501612047983,6.704735094556218,70.1703352661336,0.26646689006281515,0.7756266725620232,False
APP,primary glomerular three-source-study synthesis,GSE96804;GSE30528;GSE104948_H7,GSE96804;GSE30528;GSE104948_H7,3.0,0.20676987455364315,0.18586199140644916,1.00602334405025,0.33501161436607074,0.33501161436607074,-1.2346687624963053,1.6482085116035914,-1.2346687624963053,1.6482085116035914,0.6000061471695224,0.6000061471695224,-6.73057091754039,7.144110666647676,-6.73057091754039,7.144110666647676,4.481201867269103,55.36911616037455,0.6000061471695224,1.0,False
ARHGEF18,primary glomerular three-source-study synthesis,GSE96804;GSE30528;GSE104948_H7,GSE96804;GSE30528;GSE104948_H7,3.0,-1.2001627637049637,0.00540190039748163,0.8566315314036212,0.2104257544099811,0.2273536154068465,-2.1055517103266586,-0.29477381708326866,-2.178386417653641,-0.22193910975628617,0.029392377829896257,0.034062891406229444,-4.032275713223419,1.6319501858134917,-4.23616320193522,1.8358376745252925,1.7794888197552798,0.0,0.034062891406229444,0.734378198964584,False
ARNT,primary glomerular three-source-study synthesis,GSE96804;GSE30528;GSE104948_H7,GSE96804;GSE30528;GSE104948_H7,3.0,-0.4189103556294653,0.6559741027755186,1.0167393136937393,0.5262947266697034,0.5262947266697034,-2.683373797987612,1.8455530867286813,-2.683373797987612,1.8455530867286813,0.5095204534536117,0.5095204534536117,-12.691816620178312,11.85399590891938,-12.691816620178312,11.85399590891938,9.932386219810269,79.86385189078759,0.5095204534536117,0.9483059645013017,False
ASPN,primary glomerular three-source-study synthesis,GSE96804;GSE30528;GSE104948_H7,GSE96804;GSE30528;GSE104948_H7,3.0,1.4313711472004547,0.8058016336482666,1.03501530148654,0.587680231762395,0.587680231762395,-1.0972128062118107,3.95995510061272,-1.0972128062118107,3.95995510061272,0.13520754399905335,0.13520754399905335,-12.201443237805398,15.064185532206308,-12.201443237805398,15.064185532206308,9.665473617089294,79.30779101746398,0.13520754399905335,0.7521577393329717,False
ATP1B1,primary glomerular three-source-study synthesis,GSE96804;GSE30528;GSE104948_H7,GSE96804;GSE30528;GSE104948_H7,3.0,-0.014327239785389871,0.09722658954908163,0.9887137092401037,0.28050410327632713,0.2821005550066169,-1.221238985453204,1.192584505882424,-1.2281079628484484,1.1994534832776684,0.9639068117271203,0.9641108049595111,-5.343503117791446,5.314848638220667,-5.357090865007688,5.328436385436909,3.3134190205926304,39.63938796843495,0.9641108049595111,1.0,False
ATP1B2,primary glomerular three-source-study synthesis,GSE96804;GSE30528;GSE104948_H7,GSE96804;GSE30528;GSE104948_H7,3.0,-0.49444484005875217,0.03519944765123001,0.9047913604742625,0.2281044087513496,0.23980567518552318,-1.4758988970406335,0.4870092169231292,-1.5262453830051563,0.5373557028876519,0.16248577055073024,0.17534003546802,-4.247210501626534,3.25832082150903,-4.36319122952904,3.3743015494115354,2.2978280655640506,12.961285921579272,0.17534003546802,0.7521577393329717,False
ATP1B3,primary glomerular three-source-study synthesis,GSE96804;GSE30528;GSE104948_H7,GSE96804;GSE30528;GSE104948_H7,3.0,0.7525244020683814,0.9008880908922102,1.0453151473048548,0.6122791776219837,0.6122791776219837,-1.8819002728956025,3.3869490770323654,-1.8819002728956025,3.3869490770323654,0.3440330018536271,0.3440330018536271,-13.599154277708031,15.104203081844794,-13.599154277708031,15.104203081844794,10.603328430637152,81.13799819478174,0.3440330018536271,0.8264317795306977,False
ATP1B4,primary glomerular three-source-study synthesis,GSE96804;GSE30528;GSE104948_H7,GSE96804;GSE30528;GSE104948_H7,3.0,-0.15030951322776395,0.0,0.6742258621373559,0.1691546684332788,0.20600667121486677,-0.8781233091120761,0.5775042826565482,-1.0366846794770104,0.7360656530214824,0.4679752682757596,0.541497254172566,-2.299623362420751,1.9990043359652234,-2.767872454701687,2.4672534282461593,1.3484517242747118,0.0,0.541497254172566,0.9702342105654901,False
BAMBI,primary glomerular three-source-study synthesis,GSE96804;GSE30528;GSE104948_H7,GSE96804;GSE30528;GSE104948_H7,3.0,-0.18537398807711716,0.9379811949638064,1.0461917015687796,0.6214571537789061,0.6214571537789061,-2.8592883072062585,2.488540331052024,-2.8592883072062585,2.488540331052024,0.7936184704138322,0.7936184704138322,-14.806843795329419,14.436095819175184,-14.806843795329419,14.436095819175184,10.922763378424035,81.68961524928167,0.7936184704138322,1.0,False
BCAN,primary glomerular three-source-study synthesis,GSE96804;GSE30528;GSE104948_H7,GSE96804;GSE30528;GSE104948_H7,3.0,0.004404111920470095,0.4369321124846382,1.0509969921188584,0.4556907265182799,0.4556907265182799,-1.9562748364549225,1.9650830602958627,-1.9562748364549225,1.9650830602958627,0.9931661881525696,0.9931661881525696,-10.196915020195377,10.205723244036317,-10.196915020195377,10.205723244036317,7.104027754732398,71.84695683842611,0.9931661881525696,1.0,False
BGN,primary glomerular three-source-study synthesis,GSE96804;GSE30528;GSE104948_H7,GSE96804;GSE30528;GSE104948_H7,3.0,0.28518937847719034,3.5194704701126116,1.0203206485531646,1.1264247012116775,1.1264247012116775,-4.561424937048456,5.131803694002836,-4.561424937048456,5.131803694002836,0.8237757191110024,0.8237757191110024,-27.51877123377644,28.089149990730824,-27.51877123377644,28.089149990730824,26.929053109798662,92.57307714517351,0.8237757191110024,1.0,False
BMP1,primary glomerular three-source-study synthesis,GSE96804;GSE30528;GSE104948_H7,GSE96804;GSE30528;GSE104948_H7,3.0,0.2976265671998438,0.33992328760568297,1.057282075935527,0.4177365606862942,0.4177365606862942,-1.4997487859531917,2.0950019203528796,-1.4997487859531917,2.0950019203528796,0.5500768110932645,0.5500768110932645,-8.815717722264566,9.410970856664253,-8.815717722264566,9.410970856664253,6.07726606663852,67.09046505337149,0.5500768110932645,0.9731320219898325,False
BMP10,primary glomerular three-source-study synthesis,GSE96804;GSE30528;GSE104948_H7,GSE96804;GSE30528;GSE104948_H7,3.0,-0.15492415733593168,0.1110578518605756,1.128922718190529,0.30944535349914987,0.30944535349914987,-1.4863600522773361,1.1765117376054728,-1.4863600522773361,1.1765117376054728,0.6662809120133851,0.6662809120133851,-5.9333042901875075,5.623455975515643,-5.9333042901875075,5.623455975515643,3.6260999981425464,44.84432307370202,0.6662809120133851,1.0,False
BMP2,primary glomerular three-source-study synthesis,GSE96804;GSE30528;GSE104948_H7,GSE96804;GSE30528;GSE104948_H7,3.0,0.018106924634827062,2.7662948838764447,1.0207402608669232,1.0044075447548122,1.0044075447548122,-4.303509939585421,4.339723788855075,-4.303509939585421,4.339723788855075,0.9872536908589569,0.9872536908589569,-24.669657813368758,24.705871662638415,-24.669657813368758,24.705871662638415,23.847298250323405,91.61330571284788,0.9872536908589569,1.0,False
BMP4,primary glomerular three-source-study synthesis,GSE96804;GSE30528;GSE104948_H7,GSE96804;GSE30528;GSE104948_H7,3.0,0.18078696131785116,0.18210894223253069,1.0041987152112155,0.3321702438507681,0.3321702438507681,-1.2484262451282007,1.610000167763903,-1.2484262451282007,1.610000167763903,0.6408302630904034,0.6408302630904034,-6.690509735521543,7.052083658157246,-6.690509735521543,7.052083658157246,4.455549288400622,55.11215631242795,0.6408302630904034,1.0,False
BMP7,primary glomerular three-source-study synthesis,GSE96804;GSE30528;GSE104948_H7,GSE96804;GSE30528;GSE104948_H7,3.0,-1.0873048801007184,0.8000565438499171,1.0307091893697315,0.5804757792826134,0.5804757792826134,-3.5848905763845007,1.4102808161830642,-3.5848905763845007,1.4102808161830642,0.20192001153352113,0.20192001153352113,-14.636008350888266,12.461398590686828,-14.636008350888266,12.461398590686828,10.214532586913275,80.42005365412047,0.20192001153352113,0.754127183883559,False
BSG,primary glomerular three-source-study synthesis,GSE96804;GSE30528;GSE104948_H7,GSE96804;GSE30528;GSE104948_H7,3.0,-0.3157061043735438,2.3054158753214535,0.9965414368587171,0.9076341398730573,0.9092077779374768,-4.220940613912159,3.5895284051650713,-4.227711432025671,3.5962992232785833,0.7611622379960238,0.7615520907958022,-22.792460119767053,22.161047911019967,-22.802725875751676,22.17131366700459,30.766259114248093,93.49937217725055,0.7615520907958022,1.0,False
C1QA,primary glomerular three-source-study synthesis,GSE96804;GSE30528;GSE104948_H7,GSE96804;GSE30528;GSE104948_H7,3.0,2.3191548535476825,1.371526419345591,0.9399226149585054,0.7220976773371436,0.7448175452812237,-0.7877806889927244,5.426090396088089,-0.8855363908218679,5.523846097917232,0.08479733616803083,0.08951077638175022,-15.162622687392254,19.80093239448762,-15.31584705440713,19.954156761502496,14.887975767053977,86.56634030513499,0.08951077638175022,0.734378198964584,False
C1QB,primary glomerular three-source-study synthesis,GSE96804;GSE30528;GSE104948_H7,GSE96804;GSE30528;GSE104948_H7,3.0,2.0347520376413555,1.5474547834360934,0.948109983569914,0.7577974678967981,0.7782583517461966,-1.225787306202033,5.295291381484744,-1.3138233839497344,5.383327459232445,0.11521897571576913,0.12043050815120729,-16.47322889017214,20.54273296545485,-16.60980495640986,20.67930903169257,18.146379645604693,88.97851781424386,0.12043050815120729,0.7521577393329717,False
C1QC,primary glomerular three-source-study synthesis,GSE96804;GSE30528;GSE104948_H7,GSE96804,1.0,,,,,,,,,,,,,,,,,,1.0,1.0,False
C1R,primary glomerular three-source-study synthesis,GSE96804;GSE30528;GSE104948_H7,GSE96804;GSE30528;GSE104948_H7,3.0,0.516273931468258,2.1918439933151803,1.0294065083519883,0.9046079151271453,0.9046079151271453,-3.3759397839065235,4.40848764684304,-3.3759397839065235,4.40848764684304,0.6257675563869963,0.6257675563869963,-21.528751343835847,22.561299206772365,-21.528751343835847,22.561299206772365,19.281574722642098,89.6274032138494,0.6257675563869963,1.0,False
C1S,primary glomerular three-source-study synthesis,GSE96804;GSE30528;GSE104948_H7,GSE96804;GSE30528;GSE104948_H7,3.0,0.8874221086383389,0.0,0.9827112745381672,0.21306349703489122,0.21492952630316964,-0.029316128488802162,1.80416034576548,-0.03734500441375266,1.8121892216904305,0.05309523021784341,0.053955078251078474,-1.8198063064923387,3.5946505237690163,-1.8435164564187787,3.6183606736954568,1.9654225490763344,0.0,0.053955078251078474,0.734378198964584,False
C2,primary glomerular three-source-study synthesis,GSE96804;GSE30528;GSE104948_H7,GSE96804;GSE30528;GSE104948_H7,3.0,1.2202770197959145,0.5724066512420724,0.9256831634766487,0.4854376088798843,0.5045477078548911,-0.8683924331741713,3.3089464727660003,-0.950616552694767,3.391170592286596,0.12845700559682577,0.1367480537577178,-10.20157858345275,12.642132623044578,-10.334512795367718,12.775066834959546,9.433230083653578,78.79835451627847,0.1367480537577178,0.7521577393329717,False
C3,primary glomerular three-source-study synthesis,GSE96804;GSE30528;GSE104948_H7,GSE96804;GSE30528;GSE104948_H7,3.0,1.5926383664011274,0.3119958972216953,0.9308991365239269,0.3989738454462766,0.41351675669649807,-0.1240075388069346,3.3092842716091893,-0.18658063559620408,3.3718573683984587,0.057405336098938546,0.061282589673415766,-7.12918810218104,10.314464834983294,-7.23787231035258,10.423149043154835,5.2910542061490045,62.20034945633901,0.061282589673415766,0.734378198964584,False
C3AR1,primary glomerular three-source-study synthesis,GSE96804;GSE30528;GSE104948_H7,GSE96804;GSE30528;GSE104948_H7,3.0,1.6033235236796708,1.065723235378715,0.9807832059140433,0.6494192576269338,0.6557505333672622,-1.1909020179007248,4.397549065260066,-1.2181432987476453,4.424790346106986,0.1322778408754073,0.1343704337919766,-13.893395305651943,17.100042353011286,-13.936380439158306,17.14302748651765,13.248776634662107,84.90426659645314,0.1343704337919766,0.7521577393329717,False
C4A,primary glomerular three-source-study synthesis,GSE96804;GSE30528;GSE104948_H7,GSE30528,1.0,,,,,,,,,,,,,,,,,,1.0,1.0,False
C4B,primary glomerular three-source-study synthesis,GSE96804;GSE30528;GSE104948_H7,GSE96804,1.0,,,,,,,,,,,,,,,,,,1.0,1.0,False
C4BPA,primary glomerular three-source-study synthesis,GSE96804;GSE30528;GSE104948_H7,GSE96804;GSE30528;GSE104948_H7,3.0,0.10586517932797618,0.0,0.8170230310956931,0.1862648679901916,0.20606953895121388,-0.6955678633864448,0.9072982220423973,-0.7807804849586772,0.9925108436146297,0.627098033428726,0.6585646929558252,-2.2608543685119504,2.4725847271679027,-2.5124965724752735,2.7242269311312257,1.6340460621913862,0.0,0.6585646929558252,1.0,False
C4BPB,primary glomerular three-source-study synthesis,GSE96804;GSE30528;GSE104948_H7,GSE96804;GSE30528;GSE104948_H7,3.0,0.5503351967892208,0.2163590985531941,1.0068145226161782,0.35154883721172386,0.35154883721172386,-0.962257367280052,2.0629277608584937,-0.962257367280052,2.0629277608584937,0.25795650319415364,0.25795650319415364,-6.857999833445439,7.958670227023881,-6.857999833445439,7.958670227023881,4.844851986293927,58.719069113814115,0.25795650319415364,0.7741604574072911,False
C5,primary glomerular three-source-study synthesis,GSE96804;GSE30528;GSE104948_H7,GSE96804;GSE30528;GSE104948_H7,3.0,-0.22408047473408021,0.0,0.6837922178037099,0.17055354537150075,0.20625224042962323,-0.9579131522952166,0.5097522028270561,-1.111512240035541,0.6633512905673805,0.3193697528324657,0.39078876317850647,-2.3911687407048285,1.943007791236668,-2.844763668927601,2.39660271945944,1.3675844356074198,0.0,0.39078876317850647,0.8515761775154824,False
C5AR1,primary glomerular three-source-study synthesis,GSE96804;GSE30528;GSE104948_H7,GSE96804;GSE30528;GSE104948_H7,3.0,-0.224920849947088,0.9001896642011704,0.9965049735981717,0.5937454336296164,0.5947857393303974,-2.7796012607298346,2.329759560835659,-2.784077334893074,2.3342356349988984,0.741257686908863,0.7416800151975964,-14.446356063134663,13.996514363240488,-14.453372598328803,14.003530898434628,13.878532647862716,85.5892546370311,0.7416800151975964,1.0,False
C5AR2,primary glomerular three-source-study synthesis,GSE96804;GSE30528;GSE104948_H7,GSE96804;GSE30528;GSE104948_H7,3.0,-0.3753001432063411,0.0,0.6434066149683991,0.16621928857631774,0.20722333476859686,-1.0904840189362481,0.33988373252356596,-1.266910190216231,0.5163099038035488,0.15251663142123398,0.21182772533600133,-2.487316454958338,1.7367161685456556,-3.008322260889001,2.2577219744763184,1.2868132299367983,0.0,0.21182772533600133,0.754127183883559,False
C6,primary glomerular three-source-study synthesis,GSE96804;GSE30528;GSE104948_H7,GSE96804;GSE30528;GSE104948_H7,3.0,-0.1261732348696281,0.4927190478845771,1.0657304104873868,0.48087120254249843,0.48087120254249843,-2.1951950271470158,1.9428485574077594,-2.1951950271470158,1.9428485574077594,0.8175791749389343,0.8175791749389343,-10.937325478638932,10.684979008899678,-10.937325478638932,10.684979008899678,7.337078305259958,72.74119319993902,0.8175791749389343,1.0,False
C7,primary glomerular three-source-study synthesis,GSE96804;GSE30528;GSE104948_H7,GSE96804;GSE30528;GSE104948_H7,3.0,1.1926016391797964,0.1383105817660339,1.2170757890502708,0.35436221958024433,0.35436221958024433,-0.3320959322172201,2.717299210576813,-0.3320959322172201,2.717299210576813,0.07808722840958074,0.07808722840958074,-5.334519764315111,7.719723042674703,-5.334519764315111,7.719723042674703,3.7594632076372836,46.80091572815409,0.07808722840958074,0.734378198964584,False
C8A,primary glomerular three-source-study synthesis,GSE96804;GSE30528;GSE104948_H7,GSE96804;GSE30528;GSE104948_H7,3.0,0.22220329328036525,0.1285119780930701,1.1401672390986675,0.32303910895208393,0.32303910895208393,-1.1677218106681524,1.612128397228883,-1.1677218106681524,1.612128397228883,0.5626079040832559,0.5626079040832559,-5.909330385202647,6.353736971763379,-5.909330385202647,6.353736971763379,3.805895759389519,47.44995327142622,0.5626079040832559,0.9789377531048653,False
C8B,primary glomerular three-source-study synthesis,GSE96804;GSE30528;GSE104948_H7,GSE96804;GSE30528;GSE104948_H7,3.0,-0.2539162305143179,0.0,0.4414578565231113,0.13695877010392418,0.20613190754214072,-0.8432022565650963,0.3353697955364605,-1.1408302451889734,0.6329977841603376,0.20491402962465347,0.3431950291145188,-1.9941424038694604,1.4863099428408246,-2.8730704504029907,2.3652379893743545,0.8829157130462226,0.0,0.3431950291145188,0.8264317795306977,False
C8G,primary glomerular three-source-study synthesis,GSE96804;GSE30528;GSE104948_H7,GSE96804;GSE30528;GSE104948_H7,3.0,0.7735813345445907,0.0,0.9203860695024237,0.20460411998696995,0.21326979730701837,-0.106759140835332,1.6539218099245132,-0.14404454101156638,1.6912072101007478,0.06337695417071779,0.06830970204726647,-1.8261605038747022,3.3733231729638837,-1.9362683740808628,3.4834310431700444,1.8407721390048475,0.0,0.06830970204726647,0.734378198964584,False
C9,primary glomerular three-source-study synthesis,GSE96804;GSE30528;GSE104948_H7,GSE96804;GSE30528;GSE104948_H7,3.0,-0.019836538415161118,0.0,0.0983607830398786,0.0643169542463197,0.20507583159696882,-0.2965700571722598,0.25689698034193753,-0.9022066250415,0.8625335482111778,0.7869233981024738,0.9317625273909149,-0.8370609270760795,0.7973878502457573,-2.6255720411275303,2.585898964297208,0.1967215660797572,0.0,0.9317625273909149,1.0,False
CA9,primary glomerular three-source-study synthesis,GSE96804;GSE30528;GSE104948_H7,GSE96804;GSE30528;GSE104948_H7,3.0,-0.5294643619856885,0.0,1.2327283252345553,0.23245178971124392,0.23245178971124392,-1.52962368952192,0.470694965550543,-1.52962368952192,0.470694965550543,0.1504341980778146,0.1504341980778146,-3.48304439334698,2.424115669375603,-3.48304439334698,2.424115669375603,2.4654566504691107,18.879125308512183,0.1504341980778146,0.7521577393329717,False
CAPN1,primary glomerular three-source-study synthesis,GSE96804;GSE30528;GSE104948_H7,GSE96804;GSE30528;GSE104948_H7,3.0,0.8725106416223619,2.0101185826595276,0.9842016999271864,0.8519873550199258,0.8587981371410766,-2.793295077166146,4.53831636041087,-2.822599507451444,4.567620790696168,0.41348904609279225,0.4165528857084705,-20.144646801128246,21.88966808437297,-20.189352061176344,21.93437334442107,27.15686137486873,92.63537868978179,0.4165528857084705,0.8656729649971135,False
CAPN10,primary glomerular three-source-study synthesis,GSE96804;GSE30528;GSE104948_H7,GSE96804;GSE30528;GSE104948_H7,3.0,0.06401605579429459,0.3326962476644931,0.9285345140593577,0.3867318737578155,0.4013386095205387,-1.5999568965108946,1.7279890080994837,-1.6628046080131045,1.7908367196016937,0.8837456600791611,0.887922603047108,-8.759780262241058,8.887812373829647,-8.864467992520666,8.992500104109254,7.0484240800908875,71.62486284488418,0.887922603047108,1.0,False
CAPN11,primary glomerular three-source-study synthesis,GSE96804;GSE30528;GSE104948_H7,GSE96804;GSE30528;GSE104948_H7,3.0,-0.07051637703595645,0.13271411006101,1.1232698727190615,0.3222891310984633,0.3222891310984633,-1.4572145867253419,1.316181832653429,-1.4572145867253419,1.316181832653429,0.8471051544033856,0.8471051544033856,-6.250806969023978,6.109774214952065,-6.250806969023978,6.109774214952065,3.858841290440993,48.17097026109002,0.8471051544033856,1.0,False
CAPN12,primary glomerular three-source-study synthesis,GSE96804;GSE30528;GSE104948_H7,GSE96804,1.0,,,,,,,,,,,,,,,,,,1.0,1.0,False
CAPN13,primary glomerular three-source-study synthesis,GSE96804;GSE30528;GSE104948_H7,GSE96804,1.0,,,,,,,,,,,,,,,,,,1.0,1.0,False
CAPN14,primary glomerular three-source-study synthesis,GSE96804;GSE30528;GSE104948_H7,GSE96804,1.0,,,,,,,,,,,,,,,,,,1.0,1.0,False
CAPN15,primary glomerular three-source-study synthesis,GSE96804;GSE30528;GSE104948_H7,GSE30528;GSE104948_H7,2.0,0.7099426357583213,0.26893160481684275,1.0000000060334908,0.4903118934798101,0.4903118934798101,-5.520060667377623,6.939945938894266,-5.520060667377623,6.939945938894266,0.38478169226867054,0.38478169226867054,,,,,2.267282966749436,55.89434514062077,0.38478169226867054,0.8515761775154824,False
CAPN2,primary glomerular three-source-study synthesis,GSE96804;GSE30528;GSE104948_H7,GSE96804;GSE30528;GSE104948_H7,3.0,-0.33697191007991895,0.0,0.2556722455765048,0.10449997194221147,0.2066685445072399,-0.7865989996158174,0.11265517945597942,-1.226194887257343,0.5522510670975049,0.08420237465562927,0.24456742880856785,-1.664769948502169,0.9908261283423312,-2.9629447491161414,2.289000928956303,0.5113444911530096,0.0,0.24456742880856785,0.7663284375949244,False
CAPN3,primary glomerular three-source-study synthesis,GSE96804;GSE30528;GSE104948_H7,GSE96804;GSE30528;GSE104948_H7,3.0,-0.14132883257694018,1.0321699555476045,1.0298852658472943,0.6420008228450936,0.6420008228450936,-2.9036354254927828,2.620977760338903,-2.9036354254927828,2.620977760338903,0.8461911374382955,0.8461911374382955,-15.411707915403442,15.129050250249561,-15.411707915403442,15.129050250249561,12.702072636273593,84.25453815868951,0.8461911374382955,1.0,False
CAPN5,primary glomerular three-source-study synthesis,GSE96804;GSE30528;GSE104948_H7,GSE96804;GSE30528;GSE104948_H7,3.0,-0.03988936899605897,0.3430808696675962,0.9274872364821325,0.3908222963449862,0.40581244491342455,-1.721461989211767,1.6416832512196493,-1.7859593928691082,1.7061806548769904,0.9280162070793312,0.9306621608797127,-8.986924768411457,8.907146030419339,-9.094026399542747,9.014247661550629,7.228339727758414,72.33112892688814,0.9306621608797127,1.0,False
CAPN6,primary glomerular three-source-study synthesis,GSE96804;GSE30528;GSE104948_H7,GSE96804;GSE30528;GSE104948_H7,3.0,1.1284897821617907,1.3101401942589899,1.0439132879455413,0.7237798059369447,0.7237798059369447,-1.9856833755903402,4.242662939913922,-1.9856833755903402,4.242662939913922,0.2593022709960378,0.2593022709960378,-16.078908338182096,18.335887902505675,-16.078908338182096,18.335887902505675,12.732574740543951,84.29225792304631,0.2593022709960378,0.7741604574072911,False
CAPN7,primary glomerular three-source-study synthesis,GSE96804;GSE30528;GSE104948_H7,GSE96804;GSE30528;GSE104948_H7,3.0,0.18886823207050032,0.0,1.1819514231824164,0.22466233046331563,0.22466233046331563,-0.7777757573693603,1.155512221510361,-0.7777757573693603,1.155512221510361,0.4890178924229746,0.4890178924229746,-2.665737335302525,3.0434737994435257,-2.665737335302525,3.0434737994435257,2.363902846364833,15.39415407551271,0.4890178924229746,0.933904901871193,False
CAPN8,primary glomerular three-source-study synthesis,GSE96804;GSE30528;GSE104948_H7,GSE96804,1.0,,,,,,,,,,,,,,,,,,1.0,1.0,False
CAPN9,primary glomerular three-source-study synthesis,GSE96804;GSE30528;GSE104948_H7,GSE96804;GSE30528;GSE104948_H7,3.0,-0.6633439578996719,0.36809383669949414,1.0505334452654547,0.431317385968871,0.431317385968871,-2.519152886027037,1.192464970227693,-2.519152886027037,1.192464970227693,0.26390228202439175,0.26390228202439175,-10.12181856073894,8.795130644939597,-10.12181856073894,8.795130644939597,6.26280507937234,68.06542795675767,0.26390228202439175,0.7741604574072911,False
CAPNS1,primary glomerular three-source-study synthesis,GSE96804;GSE30528;GSE104948_H7,GSE96804;GSE30528;GSE104948_H7,3.0,-0.10353008013006183,0.9623456092393787,1.0134792867625944,0.6168044025911643,0.6168044025911643,-2.757425226660421,2.5503650664002975,-2.757425226660421,2.5503650664002975,0.8821399688564039,0.8821399688564039,-14.827347672620522,14.620287512360399,-14.827347672620522,14.620287512360399,13.434506129740807,85.11296224300739,0.8821399688564039,1.0,False
CAPNS2,primary glomerular three-source-study synthesis,GSE96804;GSE30528;GSE104948_H7,GSE96804,1.0,,,,,,,,,,,,,,,,,,1.0,1.0,False
CASK,primary glomerular three-source-study synthesis,GSE96804;GSE30528;GSE104948_H7,GSE96804;GSE30528;GSE104948_H7,3.0,0.7218122120612791,0.0,0.6932804939675415,0.1766584336050032,0.21216800108639938,-0.038287679522551965,1.4819121036451102,-0.19107301697860402,1.6346974411011623,0.05500367991159236,0.076603551392823,-1.522846013695815,2.9664704378183733,-1.9740378482074465,3.4176622723300047,1.386560987935083,0.0,0.076603551392823,0.734378198964584,False
CASP3,primary glomerular three-source-study synthesis,GSE96804;GSE30528;GSE104948_H7,GSE96804;GSE30528;GSE104948_H7,3.0,1.898320778273979,0.8087280371455565,1.057820235055766,0.6033091026615356,0.6033091026615356,-0.6975087791753753,4.494150335723333,-0.6975087791753753,4.494150335723333,0.08789223172249346,0.08789223172249346,-11.861448334786298,15.658089891334255,-11.861448334786298,15.658089891334255,8.398641735238325,76.186625611037,0.08789223172249346,0.734378198964584,False
CAST,primary glomerular three-source-study synthesis,GSE96804;GSE30528;GSE104948_H7,GSE96804;GSE30528;GSE104948_H7,3.0,-0.5337832865603852,0.2701920616569602,1.1167707957178843,0.3994610708180287,0.3994610708180287,-2.2525255533442192,1.184958980223449,-2.2525255533442192,1.184958980223449,0.3132101109067863,0.3132101109067863,-8.863485105981118,7.795918532860347,-8.863485105981118,7.795918532860347,5.049209650791575,60.38984042410566,0.3132101109067863,0.8120646252980586,False
CAV1,primary glomerular three-source-study synthesis,GSE96804;GSE30528;GSE104948_H7,GSE96804;GSE30528;GSE104948_H7,3.0,1.1676365374793638,1.8635294705507408,1.03311424288935,0.8441469452888469,0.8441469452888469,-2.4644346209773627,4.799707695936091,-2.4644346209773627,4.799707695936091,0.300771716819112,0.300771716819112,-19.226172513995074,21.561445588953802,-19.226172513995074,21.561445588953802,16.629247325715365,87.97299744945634,0.300771716819112,0.7992778828604795,False
CBL,primary glomerular three-source-study synthesis,GSE96804;GSE30528;GSE104948_H7,GSE96804;GSE30528;GSE104948_H7,3.0,-0.5480018413402604,0.053376858687206256,0.9588804867067786,0.24892837468254908,0.25420972633545397,-1.619054192180227,0.5230505094997063,-1.641778014286365,0.5457743316058442,0.1586476634515776,0.1638685570665559,-4.863291511931814,3.7672878292512926,-4.9127162142223035,3.8167125315417825,2.646446976011503,24.426976314702973,0.1638685570665559,0.7521577393329717,False
CCL1,primary glomerular three-source-study synthesis,GSE96804;GSE30528;GSE104948_H7,GSE96804;GSE30528;GSE104948_H7,3.0,-0.14572976203290586,1.8128924483423274,1.0280485601752989,0.8268025577425686,0.8268025577425686,-3.7031740440678056,3.411714520001994,-3.7031740440678056,3.411714520001994,0.8763243024733343,0.8763243024733343,-20.221914901499826,19.93045537743401,-20.221914901499826,19.93045537743401,17.767167830337463,88.74328188319922,0.8763243024733343,1.0,False
CCL11,primary glomerular three-source-study synthesis,GSE96804;GSE30528;GSE104948_H7,GSE96804;GSE30528;GSE104948_H7,3.0,0.9381722550172091,0.0,0.25525775808811424,0.10880851122271172,0.21536414081324945,0.47000701718483356,1.4063374928495846,0.011535146656933892,1.8648093633774843,0.013185728640738595,0.04886611865562099,-0.4443709656169279,2.320715475651346,-1.7982886109862946,3.6746331210207126,0.5105155161762285,0.0,0.04886611865562099,0.734378198964584,False
CCL13,primary glomerular three-source-study synthesis,GSE96804;GSE30528;GSE104948_H7,GSE96804;GSE30528;GSE104948_H7,3.0,0.8898889237077149,0.0,0.8020128230984207,0.1924940938854697,0.21494470592660672,0.06165368519074943,1.7181241622246803,-0.03494350199259488,1.8147213494080248,0.04374375295093989,0.05368696490270031,-1.5559804437054967,3.3357582911209263,-1.8412425167526125,3.621020364168042,1.6040256461968414,0.0,0.05368696490270031,0.734378198964584,False
CCL16,primary glomerular three-source-study synthesis,GSE96804;GSE30528;GSE104948_H7,GSE96804;GSE30528;GSE104948_H7,3.0,-0.03309148294534002,0.10204323561764145,1.075223823338774,0.2957514333580717,0.2957514333580717,-1.305607195010763,1.2394242291200832,-1.305607195010763,1.2394242291200832,0.9211286364980049,0.9211286364980049,-5.564482672081408,5.4982997061907275,-5.564482672081408,5.4982997061907275,3.4730131362167804,42.413117326166,0.9211286364980049,1.0,False
CCL17,primary glomerular three-source-study synthesis,GSE96804;GSE30528;GSE104948_H7,GSE96804;GSE30528;GSE104948_H7,3.0,0.2361431360326585,0.19554807309974148,1.0144057884887947,0.34066125123449,0.34066125123449,-1.229603926511287,1.701890198576604,-1.229603926511287,1.701890198576604,0.5598691283001349,0.5598691283001349,-6.856584645165604,7.328870917230921,-6.856584645165604,7.328870917230921,4.6292964465647035,56.79689077842153,0.5598691283001349,0.9782358647312983,False
CCL19,primary glomerular three-source-study synthesis,GSE96804;GSE30528;GSE104948_H7,GSE96804;GSE30528;GSE104948_H7,3.0,1.1512777048551495,0.0,0.47355405992821054,0.15214262609217744,0.22108848619886026,0.49666081938839046,1.8058945903219086,0.20001072619544713,2.102544683514852,0.017019354393891753,0.0349561739239881,-0.781877651371331,3.08443306108163,-1.6579178655985023,3.960473275308801,0.9471081198564211,0.0,0.0349561739239881,0.734378198964584,False
CCL2,primary glomerular three-source-study synthesis,GSE96804;GSE30528;GSE104948_H7,GSE96804;GSE30528;GSE104948_H7,3.0,1.4666662007936246,0.7348411004015785,1.0899337500393402,0.5841231239511869,0.5841231239511869,-1.046612752984733,3.9799451545719826,-1.046612752984733,3.9799451545719826,0.12869750924516496,0.12869750924516496,-11.713783961611037,14.647116363198288,-11.713783961611037,14.647116363198288,7.638938392985732,73.81835148930575,0.12869750924516496,0.7521577393329717,False
CCL20,primary glomerular three-source-study synthesis,GSE96804;GSE30528;GSE104948_H7,GSE96804;GSE30528;GSE104948_H7,3.0,0.5198454108178324,0.5765381485327058,1.0554772538464539,0.5108337760322909,0.5108337760322909,-1.678094930075729,2.7177857517113937,-1.678094930075729,2.7177857517113937,0.4159193497249586,0.4159193497249586,-11.108166854367187,12.147857676002854,-11.108166854367187,12.147857676002854,8.109849479249,75.33862983379062,0.4159193497249586,0.8656729649971135,False
CCL21,primary glomerular three-source-study synthesis,GSE96804;GSE30528;GSE104948_H7,GSE96804;GSE30528;GSE104948_H7,3.0,1.2646241368465403,0.0,0.035913374427320045,0.042334061799165004,0.2233890250595835,1.0824753702849805,1.4467729034081,0.3034587383778524,2.2257895353152284,0.001118736166899146,0.029814869924595304,0.7267188803124777,1.802529393380603,-1.5738025513749871,4.103050825068068,0.07182674885464009,0.0,0.029814869924595304,0.734378198964584,False
CCL22,primary glomerular three-source-study synthesis,GSE96804;GSE30528;GSE104948_H7,GSE96804;GSE30528;GSE104948_H7,3.0,0.19673164489699946,0.49435609071335457,1.0575994207127042,0.4796695016150498,0.4796695016150498,-1.8671196456045585,2.2605829353985576,-1.8671196456045585,2.2605829353985576,0.7214642378076142,0.7214642378076142,-10.61802463197368,11.01148792176768,-10.61802463197368,11.01148792176768,7.467319562687368,73.21662769069665,0.7214642378076142,1.0,False
CCL25,primary glomerular three-source-study synthesis,GSE96804;GSE30528;GSE104948_H7,GSE96804;GSE30528;GSE104948_H7,3.0,-0.11470419672069145,0.172214509164414,1.0982197339573152,0.34192701453795155,0.34192701453795155,-1.5858973991974925,1.3564890057561096,-1.5858973991974925,1.3564890057561096,0.7691957370735233,0.7691957370735233,-6.946916763491535,6.717508370050151,-6.946916763491535,6.717508370050151,4.274524044343144,53.21116505013518,0.7691957370735233,1.0,False
CCL27,primary glomerular three-source-study synthesis,GSE96804;GSE30528;GSE104948_H7,GSE96804;GSE30528;GSE104948_H7,3.0,0.10807200159977398,0.11691681874587122,1.1397508360039041,0.3150255318998364,0.3150255318998364,-1.2473734631698332,1.4635174663693813,-1.2473734631698332,1.4635174663693813,0.7642583175427021,0.7642583175427021,-5.799396431502108,6.015540434701655,-5.799396431502108,6.015540434701655,3.693394540615353,45.84927285708334,0.7642583175427021,1.0,False
CCL28,primary glomerular three-source-study synthesis,GSE96804;GSE30528;GSE104948_H7,GSE96804,1.0,,,,,,,,,,,,,,,,,,1.0,1.0,False
CCL3,primary glomerular three-source-study synthesis,GSE96804;GSE30528;GSE104948_H7,GSE30528,1.0,,,,,,,,,,,,,,,,,,1.0,1.0,False
CCL3L1,primary glomerular three-source-study synthesis,GSE96804;GSE30528;GSE104948_H7,,0.0,,,,,,,,,,,,,,,,,,1.0,1.0,False
CCL4,primary glomerular three-source-study synthesis,GSE96804;GSE30528;GSE104948_H7,GSE30528;GSE104948_H7,2.0,1.2437252783746624,1.2318666608407687,0.9999999870895167,0.8587358715181544,0.858735877061502,-9.667548519432415,12.154999076181738,-9.667548589867323,12.15499914661665,0.3847035376913888,0.38470353961283127,,,,,6.0309937723554885,83.41898470226016,0.38470353961283127,0.8515761775154824,False
CCL5,primary glomerular three-source-study synthesis,GSE96804;GSE30528;GSE104948_H7,GSE96804;GSE30528;GSE104948_H7,3.0,1.4330797161181654,3.1145203793660214,0.9979904168509102,1.0574256337241046,1.0584897301531178,-3.1166555733319075,5.982815005568238,-3.121234010736918,5.987393442973248,0.30810383616988113,0.3084666798930679,-24.707969849735164,27.574129281971494,-24.714921696903556,27.581081129139886,32.32167612789842,93.8122020897496,0.3084666798930679,0.8050980345209073,False
CCL7,primary glomerular three-source-study synthesis,GSE96804;GSE30528;GSE104948_H7,GSE96804;GSE30528;GSE104948_H7,3.0,-0.11616939949573397,0.22336595861146694,0.9773241210108468,0.34813629788283956,0.3521518691537738,-1.6140789919062055,1.3817401929147375,-1.631356600596594,1.399017801605126,0.7703521084558566,0.7728349004195796,-7.57466656137896,7.342327762387493,-7.605039800556751,7.372701001565284,5.073354204892254,60.578348776212145,0.7728349004195796,1.0,False
CCNC,primary glomerular three-source-study synthesis,GSE96804;GSE30528;GSE104948_H7,GSE96804;GSE30528;GSE104948_H7,3.0,0.6557998202035504,0.27199412744525275,0.9931334927386057,0.3759250735334258,0.3772224045930273,-0.9616752236163113,2.273274864023412,-0.9672571886412944,2.2788568290483955,0.22319137936316885,0.22425414719886486,-7.5129537697036115,8.824553410110713,-7.522603613988852,8.834203254395952,5.581053037579662,64.16446884605595,0.22425414719886486,0.754127183883559,False
CCNK,primary glomerular three-source-study synthesis,GSE96804;GSE30528;GSE104948_H7,GSE96804;GSE30528;GSE104948_H7,3.0,0.4283907924625823,0.0,0.9610336276706521,0.20392258953279496,0.20801566677131686,-0.449017294048277,1.3057988789734416,-0.46662838400167855,1.3234099689268433,0.17045722600042548,0.1756526762839799,-2.162691380472025,3.01947296539719,-2.2146988578656606,3.0714804427908255,1.9220672553413043,0.0,0.1756526762839799,0.7521577393329717,False
CCNT1,primary glomerular three-source-study synthesis,GSE96804;GSE30528;GSE104948_H7,GSE96804;GSE30528;GSE104948_H7,3.0,-0.6328618695479968,0.15718769473707192,0.8977834767187575,0.3026061712534358,0.31936842502455365,-1.9348711383306256,0.669147399234632,-2.006993295275679,0.7412695561796854,0.17161776975443718,0.18602993676184407,-6.9701658977090375,5.704442158613043,-7.10160412372071,5.835880384624717,4.105061239959591,51.279654965154975,0.18602993676184407,0.754127183883559,False
CCNT2,primary glomerular three-source-study synthesis,GSE96804;GSE30528;GSE104948_H7,GSE96804;GSE30528;GSE104948_H7,3.0,0.6513569352531303,1.3810745330523502,0.9821649334262081,0.7113575462234328,0.7177872352484583,-2.409367552833002,3.7120814233392627,-2.437032271867968,3.7397461423742286,0.4565085883573686,0.4599525855177267,-16.803398856723405,18.106112727229664,-16.845843843447373,18.148557713953632,21.698190159765577,90.782641384955,0.4599525855177267,0.911529979194098,False
CCR1,primary glomerular three-source-study synthesis,GSE96804;GSE30528;GSE104948_H7,GSE96804;GSE30528;GSE104948_H7,3.0,1.4725330000837513,2.969489036819419,1.013246368488212,1.0423308455721882,1.0423308455721882,-3.012254657919489,5.957320658086991,-3.012254657919489,5.957320658086991,0.29326417444761343,0.29326417444761343,-24.116964073165686,27.062030073333187,-24.116964073165686,27.062030073333187,26.561334554012557,92.47025786323728,0.29326417444761343,0.7992778828604795,False
CCR10,primary glomerular three-source-study synthesis,GSE96804;GSE30528;GSE104948_H7,GSE96804;GSE30528;GSE104948_H7,3.0,0.8937014703532157,0.0,0.40477384003168854,0.13659806013102063,0.2147030991788406,0.30596745405199866,1.4814354866544326,-0.030091405414292227,1.8174943461207236,0.022573654818822977,0.05315544663577097,-0.8419414482358344,2.6293443889422656,-1.8343600653043537,3.621763006010785,0.8095476800633771,0.0,0.05315544663577097,0.734378198964584,False
CCR2,primary glomerular three-source-study synthesis,GSE96804;GSE30528;GSE104948_H7,GSE96804;GSE30528;GSE104948_H7,3.0,1.3360830740667053,0.35759430135593306,0.9579610361367776,0.41780784912715707,0.42687691769360286,-0.46159900849100843,3.133765156624419,-0.5006200611147114,3.1727862092481223,0.08544179904227275,0.08870687950984947,-7.932983985615243,10.605150133748653,-7.999460533594856,10.671626681728267,6.065919100792119,67.02890416492977,0.08870687950984947,0.734378198964584,False
CCR3,primary glomerular three-source-study synthesis,GSE96804;GSE30528;GSE104948_H7,GSE96804;GSE30528;GSE104948_H7,3.0,-0.17150912090330905,0.00424398893246768,0.952816812864591,0.20550476038755233,0.21053154644642044,-1.0557247391613203,0.712706497354702,-1.0773532539193758,0.7343350121127575,0.49176579671535725,0.5008496973883316,-2.9107557362410246,2.5677374944344065,-2.971707611141075,2.628689369334457,1.9642147101718472,0.0,0.5008496973883316,0.9404443958155004,False
CCR4,primary glomerular three-source-study synthesis,GSE96804;GSE30528;GSE104948_H7,GSE96804;GSE30528;GSE104948_H7,3.0,-0.20296959923328728,1.458771859048779,1.033480674967134,0.7506270235101284,0.7506270235101284,-3.432657010962855,3.02671781249628,-3.432657010962855,3.02671781249628,0.8122002644956624,0.8122002644956624,-18.271768111688864,17.865828913222288,-18.271768111688864,17.865828913222288,15.081942249390748,86.73910848530936,0.8122002644956624,1.0,False
CCR5,primary glomerular three-source-study synthesis,GSE96804;GSE30528;GSE104948_H7,GSE96804;GSE30528;GSE104948_H7,3.0,1.4382196323695868,0.5688379922237715,0.9419000241821286,0.4920383430641499,0.5069866730015468,-0.6788504875567798,3.5552897522959537,-0.743167960167116,3.6196072249062894,0.09982469348227924,0.10504515745087281,-10.003996216361966,12.880435481101138,-10.108871910605119,12.985311175344291,8.682106352358154,76.96411540205588,0.10504515745087281,0.734378198964584,False
CCR6,primary glomerular three-source-study synthesis,GSE96804;GSE30528;GSE104948_H7,GSE96804;GSE30528;GSE104948_H7,3.0,0.7162134758159935,0.1898128214576661,0.8827167276279917,0.3198115209713952,0.34039519934160956,-0.6598244378969074,2.0922513895288946,-0.748388857824795,2.180815809456782,0.15447721977711373,0.17004996165807254,-6.150925732748153,7.58335268438014,-6.308855265379889,7.741282217011876,4.455536404384161,55.1120265108363,0.17004996165807254,0.7521577393329717,False
CCR7,primary glomerular three-source-study synthesis,GSE96804;GSE30528;GSE104948_H7,GSE96804;GSE30528;GSE104948_H7,3.0,0.7311291094631354,0.25369111856133014,1.1131464763971415,0.39316195363888534,0.39316195363888534,-0.960510243594846,2.422768462521117,-0.960510243594846,2.422768462521117,0.20402499845829525,0.20402499845829525,-7.387603195676591,8.849861414602861,-7.387603195676591,8.849861414602861,4.861951875362034,58.86425758068462,0.20402499845829525,0.754127183883559,False
CCR8,primary glomerular three-source-study synthesis,GSE96804;GSE30528;GSE104948_H7,GSE96804;GSE30528;GSE104948_H7,3.0,-0.1179943192515836,0.8719617408687375,1.0367579643316958,0.5986807261410537,0.5986807261410537,-2.6939095798307786,2.457920941327611,-2.6939095798307786,2.457920941327611,0.8619699166587642,0.8619699166587642,-14.21203571162136,13.976047073118194,-14.21203571162136,13.976047073118194,11.15154151259872,82.06525978726393,0.8619699166587642,1.0,False
CCR9,primary glomerular three-source-study synthesis,GSE96804;GSE30528;GSE104948_H7,GSE96804;GSE30528;GSE104948_H7,3.0,0.205471700459548,0.0,0.649790866305329,0.1662823446366191,0.2062810523689104,-0.509983483600342,0.9209268845194379,-0.682084032611136,1.093027433530232,0.3420255158332079,0.424162867152742,-1.9073458145044944,2.31828921542359,-2.4155775841334015,2.8265209850524973,1.299581732610658,0.0,0.424162867152742,0.8717047899753201,False
CCRL2,primary glomerular three-source-study synthesis,GSE96804;GSE30528;GSE104948_H7,GSE30528;GSE104948_H7,2.0,0.6814932361289371,1.2813728306760088,1.0000000253207852,0.8662980880272271,0.8662980880272271,-10.325867632901698,11.688854105159571,-10.325867632901698,11.688854105159571,0.5756536586628026,0.5756536586628026,,,,,6.818265323650073,85.33351296067396,0.5756536586628026,0.9928123672532476,False
CD151,primary glomerular three-source-study synthesis,GSE96804;GSE30528;GSE104948_H7,GSE96804;GSE30528;GSE104948_H7,3.0,-0.21958910473201615,1.013279250690067,1.0308451805245724,0.6370839761745805,0.6370839761745805,-2.9607402138992156,2.5215620044351836,-2.9607402138992156,2.5215620044351836,0.7632070358470495,0.7632070358470495,-15.356275107034065,14.917096897570033,-15.356275107034065,14.917096897570033,12.489355781611405,83.98636378871774,0.7632070358470495,1.0,False
CD177,primary glomerular three-source-study synthesis,GSE96804;GSE30528;GSE104948_H7,GSE96804;GSE30528;GSE104948_H7,3.0,-0.9451477333988216,0.30001615867249054,1.0501769028388257,0.40319260219429587,0.40319260219429587,-2.6799454838448975,0.7896500170472545,-2.6799454838448975,0.7896500170472545,0.14375330398083483,0.14375330398083483,-9.587052539857035,7.696757073059393,-9.587052539857035,7.696757073059393,5.494645734220622,63.600929036352404,0.14375330398083483,0.7521577393329717,False
CD19,primary glomerular three-source-study synthesis,GSE96804;GSE30528;GSE104948_H7,GSE96804;GSE30528;GSE104948_H7,3.0,0.6260076904934134,0.0,0.34006869332544687,0.12243220355429504,0.20994828903417037,0.09922443566128414,1.1527909453255427,-0.27732688842568876,1.5293422694125156,0.036186593051513914,0.09647544189620498,-0.9296409541684746,2.1816563351553016,-2.0416382539843356,3.2936536349711627,0.6801373866508937,0.0,0.09647544189620498,0.734378198964584,False
CD2,primary glomerular three-source-study synthesis,GSE96804;GSE30528;GSE104948_H7,GSE96804;GSE30528;GSE104948_H7,3.0,1.4114134399600924,0.6322471062547522,0.9321917358779782,0.5094267761138503,0.5276295909997812,-0.7804730688936337,3.6032999488138184,-0.8587934600517086,3.6816203399718934,0.10932228537364203,0.11594338905276494,-10.587461081689167,13.410287961609352,-10.71379553043327,13.536622410353456,9.72958713088845,79.4441431779709,0.11594338905276494,0.7521577393329717,False
CD244,primary glomerular three-source-study synthesis,GSE96804;GSE30528;GSE104948_H7,GSE96804;GSE30528;GSE104948_H7,3.0,1.18285564763947,1.8207303070726746,1.0374966894460091,0.8383649515251177,0.8383649515251177,-2.424337599566353,4.7900488948452935,-2.424337599566353,4.7900488948452935,0.2937211104842223,0.2937211104842223,-19.001965802869705,21.367677098148647,-19.001965802869705,21.367677098148647,15.881180321030179,87.40647760701036,0.2937211104842223,0.7992778828604795,False
CD44,primary glomerular three-source-study synthesis,GSE96804;GSE30528;GSE104948_H7,GSE96804;GSE30528;GSE104948_H7,3.0,1.928109422294657,2.026745330525795,1.0475671498356898,0.8942603686766578,0.8942603686766578,-1.9195823940987249,5.7758012386880395,-1.9195823940987249,5.7758012386880395,0.16382347142823767,0.16382347142823767,-19.433612985973532,23.289831830562846,-19.433612985973532,23.289831830562846,14.239654410999973,85.95471531629994,0.16382347142823767,0.7521577393329717,False
CD46,primary glomerular three-source-study synthesis,GSE96804;GSE30528;GSE104948_H7,GSE96804;GSE30528;GSE104948_H7,3.0,-0.40722124562149953,0.16560307211474842,0.8883391790319577,0.30535664415310204,0.3239798245174273,-1.7210648441339793,0.9066223528909801,-1.8011939219651598,0.9867514307221606,0.31393515293328866,0.33567890088173763,-6.871742535898837,6.057300044655837,-7.016475488472116,6.202032997229116,4.218196791517796,52.58637520132488,0.33567890088173763,0.8211675093902182,False
CD47,primary glomerular three-source-study synthesis,GSE96804;GSE30528;GSE104948_H7,GSE96804;GSE30528;GSE104948_H7,3.0,-0.012779068271591983,0.0,0.06899104123110106,0.05385712364147758,0.20504387725483328,-0.24450756832404977,0.21894943178086582,-0.895011666460514,0.8694535299173299,0.8345324841088907,0.9559733063961394,-0.6970987077616806,0.6715405712184965,-2.618108552570577,2.592550416027393,0.13798208246220212,0.0,0.9559733063961394,1.0,False
CD48,primary glomerular three-source-study synthesis,GSE96804;GSE30528;GSE104948_H7,GSE96804;GSE30528;GSE104948_H7,3.0,2.1607037925691444,3.0457275750266573,1.0184819476497475,1.0663755769687642,1.0663755769687642,-2.4275399946136664,6.748947579751955,-2.4275399946136664,6.748947579751955,0.1799825942522042,0.1799825942522042,-23.826154755536685,28.147562340674973,-23.826154755536685,28.147562340674973,22.452287346414934,91.09222161135689,0.1799825942522042,0.7521577393329717,False
CD55,primary glomerular three-source-study synthesis,GSE96804;GSE30528;GSE104948_H7,GSE96804;GSE30528;GSE104948_H7,3.0,0.15471310862828083,1.2695167300679366,1.0377302410574332,0.7066098977346637,0.7066098977346637,-2.885583896727758,3.1950101139843192,-2.885583896727758,3.1950101139843192,0.8470009199366055,0.8470009199366055,-16.744129709658736,17.0535559269153,-16.744129709658736,17.0535559269153,13.5077139877819,85.19364563234714,0.8470009199366055,1.0,False
CD58,primary glomerular three-source-study synthesis,GSE96804;GSE30528;GSE104948_H7,GSE96804;GSE30528;GSE104948_H7,3.0,1.4083864284645922,0.15895068223651104,0.9058097262842932,0.3159015049753382,0.33191983434772215,0.04917195575048994,2.767600901178694,-0.019749352849623758,2.836522209778808,0.046806543039405644,0.051305262457162756,-5.05486966947995,7.871642526409134,-5.183200941207677,7.999973798136861,3.8002334619675393,47.37165439924008,0.051305262457162756,0.734378198964584,False
CD59,primary glomerular three-source-study synthesis,GSE96804;GSE30528;GSE104948_H7,GSE30528;GSE104948_H7,2.0,0.46218259586360716,0.0,0.07203571590725336,0.0844680331487904,0.31471572504930834,-0.6110855269869144,1.5354507187141289,-3.536659840306567,4.461025032033781,0.11507798069740387,0.38058077375165505,,,,,0.07203571590725336,0.0,0.38058077375165505,0.8515761775154824,False
CD74,primary glomerular three-source-study synthesis,GSE96804;GSE30528;GSE104948_H7,GSE96804;GSE30528;GSE104948_H7,3.0,0.43128170116558584,0.30063758805980156,0.9207208112686033,0.37414617982266235,0.38992163724381035,-1.1785393807737254,2.041102783104897,-1.2464156957098742,2.108979098041046,0.36819960344692265,0.3839346241333076,-8.003025335576728,8.8655887379079,-8.117609889131314,8.980173291462487,6.345599479535825,68.4820952464794,0.3839346241333076,0.8515761775154824,False
CD81,primary glomerular three-source-study synthesis,GSE96804;GSE30528;GSE104948_H7,GSE96804;GSE30528;GSE104948_H7,3.0,-0.568434867364132,0.15029986037849932,1.0681669706734964,0.3270783394329129,0.3270783394329129,-1.9757393773670757,0.8388696426388118,-1.9757393773670757,0.8388696426388118,0.22435722141089132,0.22435722141089132,-7.013375886185683,5.87650615145742,-7.013375886185683,5.87650615145742,3.986832760980901,49.834865922293424,0.22435722141089132,0.754127183883559,False
CD84,primary glomerular three-source-study synthesis,GSE96804;GSE30528;GSE104948_H7,GSE96804;GSE30528;GSE104948_H7,3.0,0.8521301885929171,0.0,0.3920847619033161,0.13381953190851092,0.2137123030022375,0.2763512143329674,1.4279091628528668,-0.06739963530070425,1.7716600124865385,0.02378556588106035,0.05752557642152442,-0.848208181535685,2.552468558721519,-1.8633420879929146,3.567602465178749,0.7841695238066322,0.0,0.05752557642152442,0.734378198964584,False
CD99,primary glomerular three-source-study synthesis,GSE96804;GSE30528;GSE104948_H7,GSE96804;GSE30528;GSE104948_H7,3.0,0.548838385959909,0.1853602159335764,1.1292226406957866,0.3569522654426139,0.3569522654426139,-0.9870032533370082,2.084680025256826,-0.9870032533370082,2.084680025256826,0.2639857498438656,0.2639857498438656,-6.557272163386058,7.654948935305876,-6.557272163386058,7.654948935305876,4.32457509410591,53.75268190565453,0.2639857498438656,0.7741604574072911,False
CD99L2,primary glomerular three-source-study synthesis,GSE96804;GSE30528;GSE104948_H7,GSE96804,1.0,,,,,,,,,,,,,,,,,,1.0,1.0,False
CDH1,primary glomerular three-source-study synthesis,GSE96804;GSE30528;GSE104948_H7,GSE96804;GSE30528;GSE104948_H7,3.0,0.2218201139274189,0.0,0.38308359252197843,0.1274509143306651,0.20591888580533768,-0.3265569105264821,0.77019713838132,-0.6641773421898849,1.1078175700447228,0.22390991990736547,0.3940547392431403,-1.3975972973706732,1.841237525225511,-2.394627408160179,2.8382676360150163,0.7661671850439569,0.0,0.3940547392431403,0.8515761775154824,False
CDK8,primary glomerular three-source-study synthesis,GSE96804;GSE30528;GSE104948_H7,GSE96804;GSE30528;GSE104948_H7,3.0,0.685194264775499,0.9242869875236218,1.0113534326849762,0.6090201295844188,0.6090201295844188,-1.9352078582532712,3.305596387804269,-1.9352078582532712,3.305596387804269,0.3774310410500753,0.3774310410500753,-13.775295763010924,15.14568429256192,-13.775295763010924,15.14568429256192,12.690259517853297,84.23988101120943,0.3774310410500753,0.8515761775154824,False
CDK9,primary glomerular three-source-study synthesis,GSE96804;GSE30528;GSE104948_H7,GSE30528;GSE104948_H7,2.0,0.2508940552894924,0.06719046615370004,1.0000000043261694,0.3641910673402001,0.3641910673402001,-4.376592209421075,4.87838032000006,-4.376592209421075,4.87838032000006,0.6159637977247805,0.6159637977247805,,,,,1.3392066440560346,25.328924819898198,0.6159637977247805,1.0,False
CDKN2B,primary glomerular three-source-study synthesis,GSE96804;GSE30528;GSE104948_H7,GSE96804;GSE30528;GSE104948_H7,3.0,1.5692245463613983,2.1451328893532158,1.0498565723460822,0.9130820629313827,0.9130820629313827,-2.3594504841955857,5.497899576918382,-2.3594504841955857,5.497899576918382,0.227826048602133,0.227826048602133,-20.360859362175518,23.499308454898312,-20.360859362175518,23.499308454898312,14.604980872042029,86.306041633861,0.227826048602133,0.754127183883559,False
CEACAM1,primary glomerular three-source-study synthesis,GSE96804;GSE30528;GSE104948_H7,GSE96804;GSE30528;GSE104948_H7,3.0,-0.7450171692775166,0.0,0.7215758359258619,0.18041864101376737,0.21239310630475836,-1.521295927533091,0.03126158897805775,-1.6588709478996528,0.16883660934461964,0.053943480440642524,0.07254085356370131,-3.0374533602208493,1.547419021665816,-3.4437274625378924,1.953693123982859,1.4431516718517239,0.0,0.07254085356370131,0.734378198964584,False
CEACAM3,primary glomerular three-source-study synthesis,GSE96804;GSE30528;GSE104948_H7,GSE96804;GSE30528;GSE104948_H7,3.0,-0.35341916564934306,0.0,1.1888685877835075,0.22632380833216678,0.22632380833216678,-1.3272119173770345,0.6203735860783484,-1.3272119173770345,0.6203735860783484,0.2587877630022302,0.2587877630022302,-3.2291358109886144,2.522297479689928,-3.2291358109886144,2.522297479689928,2.377737175567015,15.886414169258911,0.2587877630022302,0.7741604574072911,False
CEACAM5,primary glomerular three-source-study synthesis,GSE96804;GSE30528;GSE104948_H7,GSE96804;GSE30528;GSE104948_H7,3.0,-0.2422592439742181,0.13492397863227718,0.8830470699926981,0.28628633626942196,0.30465526911958934,-1.474049930213819,0.9895314422653827,-1.5530850692841762,1.06856658133574,0.4865375000484941,0.5098809847446335,-6.159639125580555,5.675120637632118,-6.305912713704819,5.821394225756382,3.806402745848265,47.45695257335951,0.5098809847446335,0.9483059645013017,False
CEACAM6,primary glomerular three-source-study synthesis,GSE96804;GSE30528;GSE104948_H7,GSE96804;GSE30528;GSE104948_H7,3.0,-0.5166576348614133,0.5335733866178786,1.0676055045965405,0.4978861734220166,0.4978861734220166,-2.6588889380401666,1.6255736683173403,-2.6588889380401666,1.6255736683173403,0.4084093375374938,0.4084093375374938,-11.749000319035632,10.715685049312805,-11.749000319035632,10.715685049312805,7.519134186068474,73.40119286997671,0.4084093375374938,0.861544738058117,False
CEACAM8,primary glomerular three-source-study synthesis,GSE96804;GSE30528;GSE104948_H7,GSE96804;GSE30528;GSE104948_H7,3.0,-0.011966749627198781,0.18524626328685762,0.9198245170082381,0.31870142514546107,0.3323008980606718,-1.3832283065043605,1.359294807249963,-1.4417421157661459,1.4178086165117485,0.973458578521226,0.9745440720029802,-6.816810986273797,6.7928774870194,-6.921036701714492,6.8971032024600945,4.610805385493057,56.62363008656611,0.9745440720029802,1.0,False
CFB,primary glomerular three-source-study synthesis,GSE96804;GSE30528;GSE104948_H7,GSE96804;GSE30528;GSE104948_H7,3.0,1.4229783197085688,0.4182977970493632,0.9036475122473433,0.4305507930902884,0.4529235106368481,-0.4295322254771563,3.275488864894294,-0.5257942597007752,3.371750899117913,0.08063123024253566,0.08812414267016015,-8.449274912970061,11.2952315523872,-8.609594275787908,11.455550915205047,6.990249228388651,71.38871684463491,0.08812414267016015,0.734378198964584,False
CFD,primary glomerular three-source-study synthesis,GSE96804;GSE30528;GSE104948_H7,GSE96804;GSE30528;GSE104948_H7,3.0,1.5414096589374249,2.588816420115641,1.0293674861470108,0.9861903743619309,0.9861903743619309,-2.7018250473635805,5.78464436523843,-2.7018250473635805,5.78464436523843,0.25848218628401015,0.25848218628401015,-22.43728219855333,25.52010151642818,-22.43728219855333,25.52010151642818,20.158432242388255,90.07859353370502,0.25848218628401015,0.7741604574072911,False
CFH,primary glomerular three-source-study synthesis,GSE96804;GSE30528;GSE104948_H7,GSE96804;GSE30528;GSE104948_H7,3.0,0.6540109862641078,1.1682498696757144,1.0274573526400603,0.6785165271788011,0.6785165271788011,-2.265410001581886,3.5734319741101013,-2.265410001581886,3.5734319741101013,0.4368039339181881,0.4368039339181881,-15.561389167006467,16.869411139534684,-15.561389167006467,16.869411139534684,13.68848446402544,85.38917872715436,0.4368039339181881,0.8860556483366355,False
CFHR1,primary glomerular three-source-study synthesis,GSE96804;GSE30528;GSE104948_H7,GSE96804,1.0,,,,,,,,,,,,,,,,,,1.0,1.0,False
CFHR2,primary glomerular three-source-study synthesis,GSE96804;GSE30528;GSE104948_H7,GSE96804;GSE30528;GSE104948_H7,3.0,-0.08530840045106325,0.9360614745396209,1.0447984032612372,0.6202226011965335,0.6202226011965335,-2.7539108685416402,2.5832940676395135,-2.7539108685416402,2.5832940676395135,0.9031978932961034,0.9031978932961034,-14.68770405493647,14.517087254034342,-14.68770405493647,14.517087254034342,11.014100457191912,81.8414585215259,0.9031978932961034,1.0,False
CFHR3,primary glomerular three-source-study synthesis,GSE96804;GSE30528;GSE104948_H7,GSE96804,1.0,,,,,,,,,,,,,,,,,,1.0,1.0,False
CFHR4,primary glomerular three-source-study synthesis,GSE96804;GSE30528;GSE104948_H7,GSE96804;GSE30528,2.0,0.8767990375328183,0.0,0.42778328840562874,0.15815658861850654,0.24181062609465612,-1.1327709578288823,2.886369032894519,-2.195696285008469,3.9492943600741057,0.11361149711012464,0.1713135098876174,,,,,0.42778328840562874,0.0,0.1713135098876174,0.7521577393329717,False
CFHR5,primary glomerular three-source-study synthesis,GSE96804;GSE30528;GSE104948_H7,GSE96804;GSE30528;GSE104948_H7,3.0,-0.36091175964508976,0.0,0.21882068307608982,0.09672258765493037,0.20676818813847878,-0.7770754654470076,0.05525194615682799,-1.2505634687644658,0.5287399494742862,0.06490699686715924,0.22301599500886377,-1.589888761001238,0.8680652417110586,-2.988150691060489,2.2663271717703095,0.43764136615217963,0.0,0.22301599500886377,0.754127183883559,False
CFI,primary glomerular three-source-study synthesis,GSE96804;GSE30528;GSE104948_H7,GSE96804;GSE30528;GSE104948_H7,3.0,0.5616935910253117,0.16023627325822912,0.8908370479829887,0.3044577451529363,0.32257290961188684,-0.7482823572503355,1.8716695393009588,-0.8262256190594995,1.9496128011101228,0.20635033070575026,0.2237581455843256,-5.828539512866069,6.951926694916692,-5.970451895551421,7.093839077602044,4.075379984591723,50.92482154887055,0.2237581455843256,0.754127183883559,False
CFP,primary glomerular three-source-study synthesis,GSE96804;GSE30528;GSE104948_H7,GSE96804;GSE30528;GSE104948_H7,3.0,0.6286729886727372,2.311371698318593,1.0163796596589616,0.9215445759092321,0.9215445759092321,-3.3364132964489306,4.593759273794405,-3.3364132964489306,4.593759273794405,0.5655241396344186,0.5655241396344186,-21.960572396886704,23.217918374232177,-21.960572396886704,23.217918374232177,23.756614496691576,91.58129202172924,0.5655241396344186,0.9796579675525438,False
CGN,primary glomerular three-source-study synthesis,GSE96804;GSE30528;GSE104948_H7,GSE96804,1.0,,,,,,,,,,,,,,,,,,1.0,1.0,False
CITED2,primary glomerular three-source-study synthesis,GSE96804;GSE30528;GSE104948_H7,GSE96804;GSE30528;GSE104948_H7,3.0,-1.316610168528866,0.0,0.5557949326591985,0.16835974662094558,0.22582965550719306,-2.041003691907405,-0.5922166451503268,-2.2882767522552707,-0.34494358480246123,0.01596123076967232,0.028182545275848157,-3.455823578425096,0.8226032413673641,-4.186048006903062,1.5528276698453298,1.111589865318397,0.0,0.028182545275848157,0.734378198964584,False
CLU,primary glomerular three-source-study synthesis,GSE96804;GSE30528;GSE104948_H7,GSE96804;GSE30528;GSE104948_H7,3.0,1.4178543641551486,0.4919005464829481,1.0411638231031888,0.489100513234052,0.489100513234052,-0.6865752942332082,3.5222840225435057,-0.6865752942332082,3.5222840225435057,0.10124561821677033,0.10124561821677033,-9.446655511467187,12.282364239777484,-9.446655511467187,12.282364239777484,6.819741162466244,70.6733737783571,0.10124561821677033,0.734378198964584,False
CMA1,primary glomerular three-source-study synthesis,GSE96804;GSE30528;GSE104948_H7,GSE96804;GSE30528;GSE104948_H7,3.0,0.6003997259586002,0.0,0.15994550397187152,0.08380799059463422,0.2095556668743714,0.23980304645178013,0.9609964054654203,-0.30124553615288274,1.5020449880700832,0.018932941440368424,0.10328851524611574,-0.46448176106422534,1.6652812129814258,-2.062257480972784,3.2630569328899846,0.31989100794374303,0.0,0.10328851524611574,0.734378198964584,False
COL10A1,primary glomerular three-source-study synthesis,GSE96804;GSE30528;GSE104948_H7,GSE96804;GSE30528;GSE104948_H7,3.0,1.4101264125435558,0.0535239140266873,0.9431998532610375,0.2620101657827642,0.2697840559925044,0.28278765751623625,2.5374651675708755,0.24933930758452516,2.5709135175025866,0.03283309548440406,0.03470854574463075,-3.031110046341605,5.851362871428717,-3.1056264111490837,5.925879236236195,2.513654457321014,20.43456911211468,0.03470854574463075,0.734378198964584,False
COL11A1,primary glomerular three-source-study synthesis,GSE96804;GSE30528;GSE104948_H7,GSE96804;GSE30528;GSE104948_H7,3.0,1.1332075371420807,0.5878258336308991,1.0536893005305652,0.519124638985183,0.519124638985183,-1.100405507867721,3.3668205821518824,-1.100405507867721,3.3668205821518824,0.16073438126147774,0.16073438126147774,-10.631641809002284,12.898056883286445,-10.631641809002284,12.898056883286445,7.843869483473665,74.5023804359083,0.16073438126147774,0.7521577393329717,False
COL11A2,primary glomerular three-source-study synthesis,GSE96804;GSE30528;GSE104948_H7,GSE96804;GSE30528;GSE104948_H7,3.0,0.21388939337760346,1.1687152270927965,1.0007018747220218,0.6669693798382589,0.6669693798382589,-2.6558482294427868,3.0836270161979935,-2.6558482294427868,3.0836270161979935,0.7788534724672248,0.7788534724672248,-15.926308804595665,16.354087591350872,-15.926308804595665,16.354087591350872,16.792893063972535,88.0901998697842,0.7788534724672248,1.0,False
COL12A1,primary glomerular three-source-study synthesis,GSE96804;GSE30528;GSE104948_H7,GSE96804,1.0,,,,,,,,,,,,,,,,,,1.0,1.0,False
COL13A1,primary glomerular three-source-study synthesis,GSE96804;GSE30528;GSE104948_H7,GSE96804;GSE30528;GSE104948_H7,3.0,1.08280963516624,0.7097245219208279,0.9943414022438785,0.5412720639245023,0.5428100144367138,-1.2460960882156453,3.4117153585481255,-1.2527133551852316,3.4183326255177118,0.18343668348404232,0.18420981391416086,-11.64053671846908,13.806155988801562,-11.651110356945354,13.816729627277835,10.633458467322527,81.19144391125276,0.18420981391416086,0.7521577393329717,False
COL14A1,primary glomerular three-source-study synthesis,GSE96804;GSE30528;GSE104948_H7,GSE96804;GSE30528;GSE104948_H7,3.0,1.2962716126606277,0.0,0.8954047419204185,0.21359855595969324,0.22572965473266338,0.37723120279011046,2.215312022531145,0.32503529753973015,2.2675079277815255,0.0260940899248835,0.02901080374758948,-1.417755370714502,4.010298596035757,-1.5718955953986182,4.164438820719874,1.790809483840837,0.0,0.02901080374758948,0.734378198964584,False
COL15A1,primary glomerular three-source-study synthesis,GSE96804;GSE30528;GSE104948_H7,GSE96804;GSE30528;GSE104948_H7,3.0,1.9865958953574747,1.026688073240912,1.0909364854967938,0.6797848283793305,0.6797848283793305,-0.9382821521111211,4.9114739428260705,-0.9382821521111211,4.9114739428260705,0.09985937535763952,0.09985937535763952,-13.517033224597137,17.490225015312085,-13.517033224597137,17.490225015312085,8.27694719938742,75.83650164944848,0.09985937535763952,0.734378198964584,False
COL16A1,primary glomerular three-source-study synthesis,GSE96804;GSE30528;GSE104948_H7,GSE96804;GSE30528;GSE104948_H7,3.0,1.874795132397507,0.0,0.7592142932681445,0.21273041996060682,0.24414476112945466,0.9594900102532526,2.7901002545417612,0.8243250094698285,2.9252652553251854,0.012631693001887476,0.016538946222364993,-0.8282011372343869,4.577791402029401,-1.227358187777809,4.976948452572823,1.518428586536289,0.0,0.016538946222364993,0.734378198964584,False
COL17A1,primary glomerular three-source-study synthesis,GSE96804;GSE30528;GSE104948_H7,GSE30528;GSE104948_H7,2.0,-0.48173724959078335,0.2754713442934037,0.9999999992261688,0.4892714305677829,0.4892714307570897,-6.698520217946115,5.735045718764548,-6.698520220351485,5.735045721169918,0.5049395153983625,0.5049395155215067,,,,,2.35153145082427,57.474521565532314,0.5049395155215067,0.9435981877168014,False
COL18A1,primary glomerular three-source-study synthesis,GSE96804;GSE30528;GSE104948_H7,GSE96804;GSE30528;GSE104948_H7,3.0,0.30549911657979417,0.010360930436710714,1.0773775546534012,0.2254563158277588,0.2254563158277588,-0.664561116155769,1.2755593493153574,-0.664561116155769,1.2755593493153574,0.30816443165376767,0.30816443165376767,-2.83762354838219,3.448621781541778,-2.83762354838219,3.448621781541778,2.293759896855467,12.806915722006677,0.30816443165376767,0.8050980345209073,False
COL19A1,primary glomerular three-source-study synthesis,GSE96804;GSE30528;GSE104948_H7,GSE96804;GSE30528;GSE104948_H7,3.0,-0.26633057754277817,0.0,0.8420451298153865,0.1896269920424711,0.20664860216916103,-1.0822296724884959,0.5495685174029397,-1.1554677497648294,0.6228065946792731,0.2953348717082698,0.32642339222328526,-2.6757699619393853,2.1431088068538293,-2.892050025148452,2.359388870062896,1.684090259630773,0.0,0.32642339222328526,0.8197589673563219,False
COL1A1,primary glomerular three-source-study synthesis,GSE96804;GSE30528;GSE104948_H7,GSE96804;GSE30528;GSE104948_H7,3.0,1.946103368722299,0.3025415880905459,0.9307758227612271,0.4036850527692843,0.41842740614853446,0.2091867744654825,3.683019962979116,0.1457555474553205,3.7464511899892776,0.04043633064559382,0.04325129751170875,-6.723060033490374,10.615266770934973,-6.835190321483533,10.727397058928132,4.793277723587245,58.27489840285702,0.04325129751170875,0.734378198964584,False
COL1A2,primary glomerular three-source-study synthesis,GSE96804;GSE30528;GSE104948_H7,GSE96804;GSE30528;GSE104948_H7,3.0,2.0099921088626425,0.35709325730305647,0.9222269421595766,0.42501359077440276,0.4425719804829227,0.18130622233653781,3.838677995388747,0.10575856892716962,3.9142256487981153,0.0419198886061513,0.045218766212271624,-7.307475791721966,11.32746000944725,-7.438531873106221,11.458516090831505,5.297272005318234,62.24471769635228,0.045218766212271624,0.734378198964584,False
COL20A1,primary glomerular three-source-study synthesis,GSE96804;GSE30528;GSE104948_H7,GSE96804,1.0,,,,,,,,,,,,,,,,,,1.0,1.0,False
COL21A1,primary glomerular three-source-study synthesis,GSE96804;GSE30528;GSE104948_H7,GSE96804;GSE30528;GSE104948_H7,3.0,1.1923367995393594,0.8109775934669786,1.0724211556443735,0.5982137007680909,0.5982137007680909,-1.3815690130439944,3.7662426121227135,-1.3815690130439944,3.7662426121227135,0.1844371468096176,0.1844371468096176,-12.54469381686111,14.929367415939831,-12.54469381686111,14.929367415939831,8.684156707340659,76.96955424227416,0.1844371468096176,0.7521577393329717,False
COL22A1,primary glomerular three-source-study synthesis,GSE96804;GSE30528;GSE104948_H7,GSE96804,1.0,,,,,,,,,,,,,,,,,,1.0,1.0,False
COL23A1,primary glomerular three-source-study synthesis,GSE96804;GSE30528;GSE104948_H7,GSE96804,1.0,,,,,,,,,,,,,,,,,,1.0,1.0,False
COL24A1,primary glomerular three-source-study synthesis,GSE96804;GSE30528;GSE104948_H7,GSE96804,1.0,,,,,,,,,,,,,,,,,,1.0,1.0,False
COL25A1,primary glomerular three-source-study synthesis,GSE96804;GSE30528;GSE104948_H7,GSE96804,1.0,,,,,,,,,,,,,,,,,,1.0,1.0,False
COL26A1,primary glomerular three-source-study synthesis,GSE96804;GSE30528;GSE104948_H7,,0.0,,,,,,,,,,,,,,,,,,1.0,1.0,False
COL27A1,primary glomerular three-source-study synthesis,GSE96804;GSE30528;GSE104948_H7,GSE96804,1.0,,,,,,,,,,,,,,,,,,1.0,1.0,False
COL28A1,primary glomerular three-source-study synthesis,GSE96804;GSE30528;GSE104948_H7,GSE96804,1.0,,,,,,,,,,,,,,,,,,1.0,1.0,False
COL2A1,primary glomerular three-source-study synthesis,GSE96804;GSE30528;GSE104948_H7,GSE96804;GSE30528;GSE104948_H7,3.0,0.560418328192529,1.1400282695885497,1.0008659569917946,0.6605924646380472,0.6605924646380472,-2.2818816430342896,3.4027182994193477,-2.2818816430342896,3.4027182994193477,0.4855804916687331,0.4855804916687331,-15.392881677778815,16.513718334163872,-15.392881677778815,16.513718334163872,16.045688862159857,87.53559278644278,0.4855804916687331,0.933904901871193,False
COL3A1,primary glomerular three-source-study synthesis,GSE96804;GSE30528;GSE104948_H7,GSE30528;GSE104948_H7,2.0,1.3045656867977542,0.48097348876861395,0.9999999903927723,0.5998613916745889,0.5998613945560913,-6.31739596914625,8.926527342741759,-6.3173960057592105,8.926527379354718,0.27437524953476977,0.2743752506955079,,,,,2.997179843043104,66.63530210503893,0.2743752506955079,0.7869444003464566,False
COL4A1,primary glomerular three-source-study synthesis,GSE96804;GSE30528;GSE104948_H7,GSE96804;GSE30528;GSE104948_H7,3.0,0.9695047691187919,0.40888872260990183,1.1031169083587236,0.46203072639603604,0.46203072639603604,-1.0184529970372393,2.957462535274823,-1.0184529970372393,2.957462535274823,0.17075268296000798,0.17075268296000798,-9.05440327389745,10.993412812135034,-9.05440327389745,10.993412812135034,6.015808834751406,66.7542627277875,0.17075268296000798,0.7521577393329717,False
COL4A2,primary glomerular three-source-study synthesis,GSE96804;GSE30528;GSE104948_H7,GSE96804;GSE30528;GSE104948_H7,3.0,0.8741438653092894,1.140577467519532,1.033094687414264,0.6747603960311239,0.6747603960311239,-2.0291157946008536,3.777403525219433,-2.0291157946008536,3.777403525219433,0.3245232180390324,0.3245232180390324,-15.177364038135554,16.925651768754133,-15.177364038135554,16.925651768754133,12.858445632135066,84.44602048165356,0.3245232180390324,0.8197589673563219,False
COL4A3,primary glomerular three-source-study synthesis,GSE96804;GSE30528;GSE104948_H7,GSE96804;GSE30528;GSE104948_H7,3.0,-0.6152995096700675,0.0,0.8777458623030643,0.19743103001778167,0.2107322556671177,-1.4647766699133238,0.23417765057318873,-1.522007224762453,0.29140820542231793,0.08937057950153598,0.10000990445603955,-3.123898598349853,1.893299579009718,-3.292906694692375,2.0623076753522396,1.7554917246061286,0.0,0.10000990445603955,0.734378198964584,False
COL4A4,primary glomerular three-source-study synthesis,GSE96804;GSE30528;GSE104948_H7,GSE96804;GSE30528;GSE104948_H7,3.0,-0.3904920863956749,0.27948299577537916,1.103025443064172,0.39967501132646743,0.39967501132646743,-2.110154864892147,1.3291706921007973,-2.110154864892147,1.3291706921007973,0.4315952966780126,0.4315952966780126,-8.811390737261949,8.0304065644706,-8.811390737261949,8.0304065644706,5.224322025586817,61.71752066192069,0.4315952966780126,0.88004978463251,False
COL4A5,primary glomerular three-source-study synthesis,GSE96804;GSE30528;GSE104948_H7,GSE96804;GSE30528;GSE104948_H7,3.0,-1.0743361068609607,0.7512904244131114,0.9865825262100333,0.5566496210315773,0.5604220418838545,-3.4694061183064804,1.320733904584559,-3.4856375351842943,1.336965321462373,0.1933712693680412,0.19528067281006123,-14.163264129788793,12.01459191606687,-14.189227930360833,12.040555716638913,10.813249789280361,81.50417276050827,0.19528067281006123,0.754127183883559,False
COL4A6,primary glomerular three-source-study synthesis,GSE96804;GSE30528;GSE104948_H7,GSE96804;GSE30528;GSE104948_H7,3.0,0.3428488712048551,0.06522041327420292,1.0977086314564721,0.2741521028743153,0.2741521028743153,-0.8367324225938729,1.5224301650035832,-0.8367324225938729,1.5224301650035832,0.3375616475828763,0.3375616475828763,-4.417821820428812,5.103519562838522,-4.417821820428812,5.103519562838522,3.0422735970582653,34.25969308171673,0.3375616475828763,0.8211675093902182,False
COL5A1,primary glomerular three-source-study synthesis,GSE96804;GSE30528;GSE104948_H7,GSE96804;GSE30528;GSE104948_H7,3.0,1.5283531090171767,0.6098709772478679,1.0595603799453315,0.5340008588795245,0.5340008588795245,-0.7692671441293668,3.82597336216372,-0.7692671441293668,3.82597336216372,0.10347445297239566,0.10347445297239566,-10.492468003958349,13.549174221992702,-10.492468003958349,13.549174221992702,7.52162300644439,73.40999411581201,0.10347445297239566,0.734378198964584,False
COL5A2,primary glomerular three-source-study synthesis,GSE96804;GSE30528;GSE104948_H7,GSE96804;GSE30528;GSE104948_H7,3.0,1.7864741014662733,1.268679423172173,1.0742517362967758,0.7337863282009108,0.7337863282009108,-1.3707536466202104,4.943701849552757,-1.3707536466202104,4.943701849552757,0.13529998205133473,0.13529998205133473,-15.294379138578238,18.867327341510784,-15.294379138578238,18.867327341510784,9.869347196448919,79.73523516611496,0.13529998205133473,0.7521577393329717,False
COL5A3,primary glomerular three-source-study synthesis,GSE96804;GSE30528;GSE104948_H7,GSE96804;GSE30528;GSE104948_H7,3.0,0.7427514902436955,0.2002439658925272,0.9118518804811958,0.3274587627840541,0.34292130484707517,-0.6661898493294965,2.1516928298168874,-0.7327197981458199,2.2182227786332107,0.15142553959471097,0.1626787986066961,-6.302872917758772,7.788375898246163,-6.420652309833457,7.906155290320848,4.739932261512374,57.80530417618546,0.1626787986066961,0.7521577393329717,False
COL6A1,primary glomerular three-source-study synthesis,GSE96804;GSE30528;GSE104948_H7,GSE96804;GSE30528;GSE104948_H7,3.0,0.7150555138998891,0.15760314886720142,1.1499240168698446,0.3455335522822763,0.3455335522822763,-0.7716553680474754,2.2017663958472538,-0.7716553680474754,2.2017663958472538,0.17437524231620194,0.17437524231620194,-5.972279122702122,7.4023901505019,-5.972279122702122,7.4023901505019,4.040209226950903,50.497613176598385,0.17437524231620194,0.7521577393329717,False
COL6A2,primary glomerular three-source-study synthesis,GSE96804;GSE30528;GSE104948_H7,GSE96804;GSE30528;GSE104948_H7,3.0,1.4563025364679318,0.4138510113649725,1.0641218516835436,0.46214453558155477,0.46214453558155477,-0.532144911090842,3.4447499840267057,-0.532144911090842,3.4447499840267057,0.08766515666494695,0.08766515666494695,-8.608331747047645,11.52093681998351,-8.608331747047645,11.52093681998351,6.076797059358092,67.08792509501271,0.08766515666494695,0.734378198964584,False
COL6A3,primary glomerular three-source-study synthesis,GSE96804;GSE30528;GSE104948_H7,GSE96804;GSE30528;GSE104948_H7,3.0,1.6866521296771055,0.12004615569377036,0.8401961483081288,0.29566076267004193,0.3225546816211218,0.4145265420950419,2.958777717259169,0.29881134830651734,3.0744929110476935,0.02938065587806763,0.03468120462973487,-4.1007618003150395,7.474066059669251,-4.328198371368369,7.70150263072258,2.9475699676598084,32.147497024883904,0.03468120462973487,0.734378198964584,False
COL6A5,primary glomerular three-source-study synthesis,GSE96804;GSE30528;GSE104948_H7,GSE96804,1.0,,,,,,,,,,,,,,,,,,1.0,1.0,False
COL6A6,primary glomerular three-source-study synthesis,GSE96804;GSE30528;GSE104948_H7,GSE96804,1.0,,,,,,,,,,,,,,,,,,1.0,1.0,False
COL7A1,primary glomerular three-source-study synthesis,GSE96804;GSE30528;GSE104948_H7,GSE96804;GSE30528;GSE104948_H7,3.0,1.2083539751490007,0.006066460280837914,1.407090077076127,0.2710744631045133,0.2710744631045133,0.04201469650699674,2.374693253791005,0.04201469650699674,2.374693253791005,0.046819500488765084,0.046819500488765084,-2.375332463422767,4.792040413720768,-2.375332463422767,4.792040413720768,2.8833818440754624,30.637005150412637,0.046819500488765084,0.734378198964584,False
COL8A1,primary glomerular three-source-study synthesis,GSE96804;GSE30528;GSE104948_H7,GSE96804;GSE30528,2.0,0.8041518147252953,0.39311372089307306,1.0000000108371294,0.513347601723673,0.513347601723673,-5.718547913599959,7.32685154305055,-5.718547913599959,7.32685154305055,0.3617000091952787,0.3617000091952787,,,,,3.832847060845902,73.90973383166242,0.3617000091952787,0.8379026840233824,False
COL8A2,primary glomerular three-source-study synthesis,GSE96804;GSE30528;GSE104948_H7,GSE96804;GSE30528;GSE104948_H7,3.0,0.9985308804563883,0.9447402868858625,0.9778864931265925,0.6077104386590468,0.614543277840496,-1.6162360973372025,3.6132978582499793,-1.6456354314932038,3.6426971924059806,0.24207595411362015,0.24569668190848137,-13.56686081706396,15.563922577976735,-13.613072703598801,15.610134464511576,13.916947124602574,85.62903212828644,0.24569668190848137,0.7663284375949244,False
COL9A1,primary glomerular three-source-study synthesis,GSE96804;GSE30528;GSE104948_H7,GSE96804;GSE30528;GSE104948_H7,3.0,-0.05125768166781368,0.4578185965946485,0.9387970564135205,0.43754796425997994,0.45158531210743463,-1.9338746244873364,1.831359261151709,-1.99427245752163,1.8917570941860027,0.917446903660138,0.919996347007835,-10.289548293621035,10.187032930285408,-10.387486899024534,10.284971535688907,9.082517586121963,77.97967379599694,0.919996347007835,1.0,False
COL9A2,primary glomerular three-source-study synthesis,GSE96804;GSE30528;GSE104948_H7,GSE96804;GSE30528;GSE104948_H7,3.0,1.03413866994734,0.0,0.7524401879402673,0.18933246978374996,0.21826751729803134,0.21950680200208084,1.8487705378925994,0.09500934082932755,1.9732679990653526,0.03192276611960003,0.04177559580016232,-1.3715584543305959,3.439835794225276,-1.7392130920979978,3.8074904319926777,1.5048803758805347,0.0,0.04177559580016232,0.734378198964584,False
COL9A3,primary glomerular three-source-study synthesis,GSE96804;GSE30528;GSE104948_H7,GSE96804;GSE30528;GSE104948_H7,3.0,0.2997309681771508,0.6641372850867099,0.9619321739148802,0.5128905887571571,0.5229407731469867,-1.9070591236016399,2.5065210599559413,-1.9503015769010257,2.549763513255327,0.6180925561640038,0.6243880689140944,-11.93518989983017,12.534651836184473,-12.003683451587635,12.603145387941938,12.088787186520463,83.45574316809804,0.6243880689140944,1.0,False
COLEC10,primary glomerular three-source-study synthesis,GSE96804;GSE30528;GSE104948_H7,GSE96804;GSE30528;GSE104948_H7,3.0,0.07376887475928803,0.48394566582610754,0.9480337951603633,0.4488495870709553,0.4609872569670674,-1.8574750262984767,2.0050127758170526,-1.9096992048097812,2.0572369543283573,0.8845632078814478,0.8875636905288166,-10.445645903278182,10.593183652796759,-10.530051279526319,10.677589029044896,9.421940550658473,78.77295033600879,0.8875636905288166,1.0,False
COLEC11,primary glomerular three-source-study synthesis,GSE96804;GSE30528;GSE104948_H7,GSE96804;GSE30528;GSE104948_H7,3.0,-0.4525050945125659,0.7375386408794747,0.9741478484895305,0.5394707918449463,0.546582217358678,-2.7736605696643277,1.868650380639196,-2.804258564063395,1.8992483750382634,0.4898636877590973,0.49479862636887567,-13.338923302104236,12.433913113079106,-13.387214078694067,12.482203889668936,12.672990111069005,84.21840479262164,0.49479862636887567,0.9362378868402997,False
COLGALT1,primary glomerular three-source-study synthesis,GSE96804;GSE30528;GSE104948_H7,GSE30528;GSE104948_H7,2.0,2.123755672444649,2.6160412997907376,0.9999999852401689,1.2125654676386008,1.2125654765872316,-13.283349415386825,17.530860760276124,-13.283349529089959,17.530860873979258,0.33027058100131945,0.3302705830243044,,,,,8.9432449370654,88.81837624892184,0.3302705830243044,0.8197589673563219,False
COLGALT2,primary glomerular three-source-study synthesis,GSE96804;GSE30528;GSE104948_H7,GSE30528;GSE104948_H7,2.0,-0.45380085529362263,7.470471412217029,0.999999989957349,1.970048969067197,1.9700489789594542,-25.485646396551314,24.57804468596407,-25.48564652224436,24.578044811657115,0.8558687652738501,0.8558687659731012,,,,,26.58665261597197,96.2387141606565,0.8558687659731012,1.0,False
COMP,primary glomerular three-source-study synthesis,GSE96804;GSE30528;GSE104948_H7,GSE96804;GSE30528;GSE104948_H7,3.0,1.5871177399990442,0.3777687092921793,1.1110980404192685,0.4631958790888982,0.4631958790888982,-0.40585327357150547,3.5800887535695938,-0.40585327357150547,3.5800887535695938,0.0756377576592913,0.0756377576592913,-8.19186611452987,11.366101594527958,-8.19186611452987,11.366101594527958,5.364416804624316,62.71728926290869,0.0756377576592913,0.734378198964584,False
CPB2,primary glomerular three-source-study synthesis,GSE96804;GSE30528;GSE104948_H7,GSE96804;GSE30528;GSE104948_H7,3.0,-0.15404483647374603,0.6842598124716731,1.0409531139499741,0.5418399233921108,0.5418399233921108,-2.485393861944051,2.1773041889965588,-2.485393861944051,2.1773041889965588,0.8029128823539523,0.8029128823539523,-12.71874238408004,12.410652711132547,-12.71874238408004,12.410652711132547,9.489679827054502,78.92447336001662,0.8029128823539523,1.0,False
CPN1,primary glomerular three-source-study synthesis,GSE96804;GSE30528;GSE104948_H7,GSE96804;GSE30528;GSE104948_H7,3.0,-0.1722434447934038,1.4865889981641973,1.0333528378500345,0.757048679438923,0.757048679438923,-3.429561011934511,3.085074122347703,-3.429561011934511,3.085074122347703,0.8411617593755387,0.8411617593755387,-18.407801861338157,18.063314971751353,-18.407801861338157,18.063314971751353,15.212488376598202,86.85290696375054,0.8411617593755387,1.0,False
CPN2,primary glomerular three-source-study synthesis,GSE96804;GSE30528;GSE104948_H7,GSE96804;GSE30528;GSE104948_H7,3.0,-0.35407887509687547,0.1454621490535584,1.108222615814402,0.32865756639038474,0.32865756639038474,-1.7681782502792793,1.0600205000855283,-1.7681782502792793,1.0600205000855283,0.39400914625896105,0.39400914625896105,-6.751220088747482,6.043062338553732,-6.751220088747482,6.043062338553732,3.974979153910962,49.68527072570406,0.39400914625896105,0.8515761775154824,False
CR1,primary glomerular three-source-study synthesis,GSE96804;GSE30528;GSE104948_H7,GSE96804;GSE30528;GSE104948_H7,3.0,-1.1901384958852246,0.6959593330174033,1.064693260605459,0.5593430067993386,0.5593430067993386,-3.5967972109566704,1.2165202191862212,-3.5967972109566704,1.2165202191862212,0.16717693608111547,0.16717693608111547,-13.952279453731208,11.57200246196076,-13.952279453731208,11.57200246196076,8.288021448132326,75.86878831677382,0.16717693608111547,0.7521577393329717,False
CR2,primary glomerular three-source-study synthesis,GSE96804;GSE30528;GSE104948_H7,GSE96804;GSE30528;GSE104948_H7,3.0,-0.5496091166519967,0.5802354760712841,0.9979940867420714,0.4962451768943731,0.4967436393138922,-2.6847797816415757,1.5855615483375822,-2.686924492331597,1.5877062590276037,0.38342952139678294,0.3838132388351265,-12.101043059434302,11.001824826130308,-12.104501478160046,11.005283244856052,9.542457611717676,79.04103867808544,0.3838132388351265,0.8515761775154824,False
CREBBP,primary glomerular three-source-study synthesis,GSE96804;GSE30528;GSE104948_H7,GSE96804;GSE30528;GSE104948_H7,3.0,0.07332637021657448,0.44628166751922493,0.9938876564061309,0.44666252862899763,0.44803389596503507,-1.8485073778657792,1.9951601182989283,-1.8544078952776701,2.001060635710819,0.8846920816181713,0.8850403511423807,-10.137507212319123,10.28415995275227,-10.14720257078384,10.293855311216987,7.995402910629021,74.985625835801,0.8850403511423807,1.0,False
CRP,primary glomerular three-source-study synthesis,GSE96804;GSE30528;GSE104948_H7,GSE96804;GSE30528;GSE104948_H7,3.0,-0.452827560584977,1.0939354301737256,1.0378538394781835,0.6619992301163601,0.6619992301163601,-3.301180355137176,2.3955252339672217,-3.301180355137176,2.3955252339672217,0.5645765572755893,0.5645765572755893,-16.180719556911498,15.275064435741543,-16.180719556911498,15.275064435741543,12.427352293277213,83.90646734073891,0.5645765572755893,0.9796579675525438,False
CRTAP,primary glomerular three-source-study synthesis,GSE96804;GSE30528;GSE104948_H7,GSE30528;GSE104948_H7,2.0,0.8133856537794617,1.006614622164859,0.9999999876080877,0.783397872157582,0.783397877011481,-9.140628099738386,10.767399407297308,-9.14062816141302,10.767399468971941,0.4880456113949859,0.4880456133658293,,,,,5.539808453535852,81.94883436156105,0.4880456133658293,0.933904901871193,False
CTRB1,primary glomerular three-source-study synthesis,GSE96804;GSE30528;GSE104948_H7,GSE96804;GSE30528,2.0,-0.10120569487503406,0.08430781126656442,1.0000000012064552,0.3178146562070656,0.3178146562070656,-4.139423784798984,3.9370123950489155,-4.139423784798984,3.9370123950489155,0.8037368192783089,0.8037368192783089,,,,,1.6340931289826015,38.80397743165303,0.8037368192783089,1.0,False
CTRB2,primary glomerular three-source-study synthesis,GSE96804;GSE30528;GSE104948_H7,GSE96804;GSE30528;GSE104948_H7,3.0,-0.15682771978729132,0.9049682067571657,1.0228996496310532,0.6040760031802231,0.6040760031802231,-2.755956983846823,2.44230154427224,-2.755956983846823,2.44230154427224,0.8194410809801357,0.8194410809801357,-14.475294317194649,14.161638877620067,-14.475294317194649,14.161638877620067,12.153602498042387,83.54397389315518,0.8194410809801357,1.0,False
CTSB,primary glomerular three-source-study synthesis,GSE96804;GSE30528;GSE104948_H7,GSE96804;GSE30528;GSE104948_H7,3.0,0.08092360564346168,0.22815256598280273,0.9061558436838729,0.33721982588160976,0.3542514626523794,-1.3700161987116848,1.5318634099986081,-1.443297417155538,1.6051446284424613,0.8327049756819124,0.8405386067700812,-7.348347439681539,7.5101946509684625,-7.475227464605808,7.637074675892732,5.326957396656379,62.455115536396846,0.8405386067700812,1.0,False
CTSD,primary glomerular three-source-study synthesis,GSE96804;GSE30528;GSE104948_H7,GSE96804;GSE30528;GSE104948_H7,3.0,-0.15263474547298475,1.2749660052588685,0.9762295814021351,0.6840703494410785,0.6923485467486455,-3.095951901836309,2.79068241089034,-3.1315701100791173,2.826300619133148,0.8441530158096877,0.8459719600713589,-16.927319117946606,16.62204962700064,-16.982061750913896,16.67679225996793,21.18185727321508,90.55795733960949,0.8459719600713589,1.0,False
CTSG,primary glomerular three-source-study synthesis,GSE96804;GSE30528;GSE104948_H7,GSE96804;GSE30528;GSE104948_H7,3.0,0.87565337884398,0.38684839511322217,1.0936671843089276,0.4517392609740785,0.4517392609740785,-1.0680237855211434,2.8193305432091034,-1.0680237855211434,2.8193305432091034,0.19214996458368286,0.19214996458368286,-8.891747238704708,10.643053996392668,-8.891747238704708,10.643053996392668,5.914538956916569,66.18502279605136,0.19214996458368286,0.754127183883559,False
CTSK,primary glomerular three-source-study synthesis,GSE96804;GSE30528;GSE104948_H7,GSE96804;GSE30528;GSE104948_H7,3.0,1.7596612457672909,0.5744770439178946,1.1201422994879318,0.5433026533481091,0.5433026533481091,-0.5779813987410765,4.097303890275658,-0.5779813987410765,4.097303890275658,0.08355491850836484,0.08355491850836484,-10.089546186890551,13.608868678425132,-10.089546186890551,13.608868678425132,6.24970699078265,67.99849972247195,0.08355491850836484,0.734378198964584,False
CTSL,primary glomerular three-source-study synthesis,GSE96804;GSE30528;GSE104948_H7,GSE30528;GSE104948_H7,2.0,0.14868899032947427,0.0,0.7228106448908199,0.265517277967498,0.3123061361004818,-3.2250279045173618,3.5224058851763105,-3.819536715326886,4.116914695985835,0.6750142916145324,0.7171208328889055,,,,,0.7228106448908199,0.0,0.7171208328889055,1.0,False
CTSS,primary glomerular three-source-study synthesis,GSE96804;GSE30528;GSE104948_H7,GSE96804;GSE30528;GSE104948_H7,3.0,1.5242946511040647,3.148732174143146,1.015579096088111,1.0731989519245637,1.0731989519245637,-3.0933077489584213,6.14189705116655,-3.0933077489584213,6.14189705116655,0.29136952536303806,0.29136952536303806,-24.82534784826202,27.873937150470148,-24.82534784826202,27.873937150470148,26.746991368775706,92.52252347778155,0.29136952536303806,0.7992778828604795,False
CTSV,primary glomerular three-source-study synthesis,GSE96804;GSE30528;GSE104948_H7,GSE30528;GSE104948_H7,2.0,-2.1790308276049077,0.16855093137336744,0.9999999881344146,0.48736921976951114,0.4873692226609717,-8.371643916106036,4.01358226089622,-8.371643952845526,4.013582297635709,0.14008295160070197,0.1400829524052172,,,,,1.5415294433506475,35.12936101782048,0.1400829524052172,0.7521577393329717,False
CUL2,primary glomerular three-source-study synthesis,GSE96804;GSE30528;GSE104948_H7,GSE96804;GSE30528;GSE104948_H7,3.0,-0.18432201688997446,0.3858815625120498,1.0684631229568669,0.43966775490944165,0.43966775490944165,-2.076059682733901,1.707415648953952,-2.076059682733901,1.707415648953952,0.7157845361594907,0.7157845361594907,-9.854313974118671,9.485669940338724,-9.854313974118671,9.485669940338724,6.388448277157816,68.69349311082176,0.7157845361594907,1.0,False
CX3CL1,primary glomerular three-source-study synthesis,GSE96804;GSE30528;GSE104948_H7,GSE96804;GSE30528;GSE104948_H7,3.0,-0.9131968681923652,0.6903805552249679,0.9713311386057325,0.5262244161539376,0.533933707838417,-3.1773577888179214,1.350964052433191,-3.2105281937285817,1.3841344573438512,0.2248096486932341,0.22933513559635166,-13.409881270453258,11.583487534068528,-13.462565123760871,11.636171387376141,11.518316921029303,82.63635204941664,0.22933513559635166,0.754127183883559,False
CX3CR1,primary glomerular three-source-study synthesis,GSE96804;GSE30528;GSE104948_H7,GSE96804;GSE30528;GSE104948_H7,3.0,1.789143608019077,4.08767794102826,1.0371245857695288,1.2296091259743593,1.2296091259743593,-3.5014374543793503,7.079724670417504,-3.5014374543793503,7.079724670417504,0.2829018681297745,0.2829018681297745,-28.27819530239197,31.856482518430127,-28.27819530239197,31.856482518430127,21.319851061721607,90.61907142685969,0.2829018681297745,0.7992778828604795,False
CXADR,primary glomerular three-source-study synthesis,GSE96804;GSE30528;GSE104948_H7,GSE96804;GSE30528;GSE104948_H7,3.0,-1.634352083683445,1.7972103652518647,1.018358287294344,0.8332744410706974,0.8332744410706974,-5.219642632186738,1.950938464819848,-5.219642632186738,1.950938464819848,0.18886463324084157,0.18886463324084157,-21.690671277132054,18.421967109765163,-21.690671277132054,18.421967109765163,16.797199821408864,88.09325351091614,0.18886463324084157,0.754127183883559,False
CXCL1,primary glomerular three-source-study synthesis,GSE96804;GSE30528;GSE104948_H7,GSE96804;GSE30528;GSE104948_H7,3.0,1.1977304936741633,2.234900226776169,1.0290240691560215,0.9174878021019927,0.9174878021019927,-2.7499009025518095,5.145361889900136,-2.7499009025518095,5.145361889900136,0.32171490849091866,0.32171490849091866,-21.08956145189921,23.48502243924754,-21.08956145189921,23.48502243924754,19.292855793063048,89.63346836024596,0.32171490849091866,0.8197589673563219,False
CXCL10,primary glomerular three-source-study synthesis,GSE96804;GSE30528;GSE104948_H7,GSE96804;GSE30528;GSE104948_H7,3.0,0.28087461733868463,0.0,0.34493605633266167,0.12111920328852357,0.20622613786979577,-0.2402592533157613,0.8020084879931306,-0.6064448377124809,1.1681940723898503,0.146235454393709,0.306321681865775,-1.258090777127659,1.8198400118050284,-2.33947691238553,2.901226147062899,0.6898721126653233,0.0,0.306321681865775,0.8048653587278586,False
CXCL11,primary glomerular three-source-study synthesis,GSE96804;GSE30528;GSE104948_H7,GSE96804;GSE30528;GSE104948_H7,3.0,0.2503043649357437,0.0,0.39610565451521845,0.12971347892399154,0.20610075667123684,-0.30780768924186785,0.8084164191133553,-0.6364756183591831,1.1370843482306705,0.1934198978146758,0.34849991431796173,-1.397861655313974,1.8984703851854614,-2.3684540456095142,2.8690627754810016,0.7922113090304369,0.0,0.34849991431796173,0.826607895212109,False
CXCL12,primary glomerular three-source-study synthesis,GSE96804;GSE30528;GSE104948_H7,GSE96804;GSE30528;GSE104948_H7,3.0,0.08484010217131038,0.05975845933350179,0.9125098376171676,0.24496220297699392,0.25643677202479237,-0.9691471891530943,1.138827393495715,-1.018518274989303,1.1881984793319236,0.7621302681938353,0.7722095098670062,-4.31240526389476,4.482085468237381,-4.416785105344445,4.586465309687066,2.6716268911956758,25.139247303170087,0.7722095098670062,1.0,False
CXCL13,primary glomerular three-source-study synthesis,GSE96804;GSE30528;GSE104948_H7,GSE96804;GSE30528;GSE104948_H7,3.0,-0.034407657558123535,0.320113877266183,1.0992427525335262,0.4166128349985766,0.4166128349985766,-1.8269480093134114,1.7581326941971642,-1.8269480093134114,1.7581326941971642,0.9417000545324,0.9417000545324,-8.962088854840552,8.893273539724305,-8.962088854840552,8.893273539724305,5.622676685295952,64.42975273271063,0.9417000545324,1.0,False
CXCL16,primary glomerular three-source-study synthesis,GSE96804;GSE30528;GSE104948_H7,GSE96804,1.0,,,,,,,,,,,,,,,,,,1.0,1.0,False
CXCL2,primary glomerular three-source-study synthesis,GSE96804;GSE30528;GSE104948_H7,GSE96804;GSE30528;GSE104948_H7,3.0,-0.117186492897701,0.43731711420255587,1.0140177783230817,0.4472715967920738,0.4472715967920738,-2.041640849774518,1.8072678639791158,-2.041640849774518,1.8072678639791158,0.8178357315318777,0.8178357315318777,-10.261234963118202,10.026861977322799,-10.261234963118202,10.026861977322799,7.639660627012561,73.82082663556632,0.8178357315318777,1.0,False
CXCL3,primary glomerular three-source-study synthesis,GSE96804;GSE30528;GSE104948_H7,GSE96804;GSE30528;GSE104948_H7,3.0,0.7923071675655524,0.9365065199244046,0.9743932038878529,0.6020916659027358,0.6099517654546062,-1.7982841822902549,3.38289851742136,-1.8321034610832123,3.416717796214317,0.31879144290453865,0.3235386808335608,-13.689538574499545,15.274152909630649,-13.742545172975086,15.32715950810619,14.54973842611123,86.25404841360748,0.3235386808335608,0.8197589673563219,False
CXCL5,primary glomerular three-source-study synthesis,GSE96804;GSE30528;GSE104948_H7,GSE96804;GSE30528;GSE104948_H7,3.0,0.4261542673673823,0.13469705014273128,0.9091289002854448,0.2925010448410334,0.30677127396132714,-0.8323761516724597,1.6846846864072245,-0.893775991951042,1.7460845266858067,0.28245181367619215,0.29924066546815753,-5.537022229061398,6.389330763796162,-5.6516853409621275,6.503993875696891,3.735439851437321,46.45878184250669,0.29924066546815753,0.7992778828604795,False
CXCL6,primary glomerular three-source-study synthesis,GSE96804;GSE30528;GSE104948_H7,GSE96804;GSE30528;GSE104948_H7,3.0,1.613886554253775,0.9448953156953773,0.9981593388808478,0.6230601600775796,0.6236343742052707,-1.0669249443021596,4.29469805280971,-1.0693955882861303,4.297168696793681,0.12229616817880416,0.12248194605846068,-13.056687082805905,16.284460191313453,-13.060625577307482,16.288398685815032,11.355016367226796,82.38663921460771,0.12248194605846068,0.7521577393329717,False
CXCL8,primary glomerular three-source-study synthesis,GSE96804;GSE30528;GSE104948_H7,GSE30528;GSE104948_H7,2.0,0.42702297389777366,0.08728531238948252,1.0000000004173097,0.3790634843973654,0.3790634843973654,-4.389435266862913,5.243481214658461,-4.389435266862913,5.243481214658461,0.46216781831424886,0.46216781831424886,,,,,1.4350441925196353,30.315734859411496,0.46216781831424886,0.911529979194098,False
CXCL9,primary glomerular three-source-study synthesis,GSE96804;GSE30528;GSE104948_H7,GSE96804;GSE30528;GSE104948_H7,3.0,-0.02207080313555223,0.08519035070601005,0.862431122253495,0.25430881880456735,0.27384146562568756,-1.1162733365643853,1.0721317302932807,-1.2003155327285104,1.1561739264574058,0.9387472668404959,0.9431016345243791,-4.940920275272195,4.89677866900109,-5.1074028372960685,5.063261231024964,2.9847727157565096,32.99322291971946,0.9431016345243791,1.0,False
CXCR1,primary glomerular three-source-study synthesis,GSE96804;GSE30528;GSE104948_H7,GSE96804;GSE30528;GSE104948_H7,3.0,-1.093589099351438,2.036851924653876,0.9908392010229595,0.8552127861916072,0.8591571231418915,-4.7732727283753995,2.5860945296725237,-4.790243840521592,2.6030656418187164,0.3293154764641609,0.33101478428514775,-22.234212229333842,20.047034030630968,-22.260016850542407,20.072838651839533,27.637679635998712,92.7635024852269,0.33101478428514775,0.8197589673563219,False
CXCR2,primary glomerular three-source-study synthesis,GSE96804;GSE30528;GSE104948_H7,GSE96804;GSE30528;GSE104948_H7,3.0,-1.2944974155452451,2.426923511615329,0.9950661175142528,0.9306246699535161,0.9329289968064792,-5.298652192092933,2.709657361002443,-5.30856691031707,2.7195720792265794,0.29876905551766497,0.2996510114611911,-24.351920950215327,21.762926119124838,-24.366950133925506,21.777955302835018,30.19491874171092,93.37636899404129,0.2996510114611911,0.7992778828604795,False
CXCR3,primary glomerular three-source-study synthesis,GSE96804;GSE30528;GSE104948_H7,GSE96804;GSE30528;GSE104948_H7,3.0,0.9531630811722586,0.0,0.4335224450480278,0.14247511940382634,0.21638803139686905,0.34014211974800457,1.5661840425965126,0.022120527197407647,1.8842056351471095,0.02162112548760359,0.04786819488366766,-0.8571549557836947,2.7634811181282117,-1.7963075482141573,3.7026337105586746,0.8670448900960556,0.0,0.04786819488366766,0.734378198964584,False
CXCR4,primary glomerular three-source-study synthesis,GSE96804;GSE30528;GSE104948_H7,GSE96804;GSE30528;GSE104948_H7,3.0,0.1723485641204919,1.2447173296995044,0.9728457055992967,0.6766552348114626,0.6860337203306219,-2.7390639290403107,3.083761057281295,-2.7794162953602375,3.1241134236012216,0.8227471233443416,0.8250956490023016,-16.407080321620377,16.751777449861358,-16.46918851400286,16.81388564224384,20.700277706591578,90.33829387050618,0.8250956490023016,1.0,False
CXCR5,primary glomerular three-source-study synthesis,GSE96804;GSE30528;GSE104948_H7,GSE96804;GSE30528;GSE104948_H7,3.0,-0.018368925421378145,0.7128098051623857,1.0567237969604601,0.5555722356592692,0.5555722356592692,-2.4088033217537443,2.3720654709109876,-2.4088033217537443,2.3720654709109876,0.9766272635300289,0.9766272635300289,-12.860252367077015,12.82351451623426,-12.860252367077015,12.82351451623426,9.082938669336615,77.98069465390243,0.9766272635300289,1.0,False
CXCR6,primary glomerular three-source-study synthesis,GSE96804;GSE30528;GSE104948_H7,GSE96804;GSE30528;GSE104948_H7,3.0,1.2566331270881688,0.0,0.5135820834195028,0.16051567784762596,0.2239816938999457,0.5659899076294956,1.947276346546842,0.2929176804156589,2.2203485737606785,0.015927390479883646,0.030331338870498385,-0.7829119390096277,3.2961781931859653,-1.589324132759752,4.10259038693609,1.0271641668390057,0.0,0.030331338870498385,0.734378198964584,False
DAG1,primary glomerular three-source-study synthesis,GSE96804;GSE30528;GSE104948_H7,GSE96804;GSE30528;GSE104948_H7,3.0,-0.4339353286792347,0.0,0.6882102921841639,0.17266976093788985,0.20814007471494972,-1.1768733469238335,0.30900268956536414,-1.32948978932177,0.46161913196330073,0.1285131210921984,0.17243420886359886,-2.6279126629024026,1.7600420055439334,-3.0786057318100832,2.2107350744516143,1.3764205843683277,0.0,0.17243420886359886,0.7521577393329717,False
DCN,primary glomerular three-source-study synthesis,GSE96804;GSE30528;GSE104948_H7,GSE96804;GSE30528;GSE104948_H7,3.0,-1.3360769390044656,0.06732324495819221,1.2980074314995655,0.3199677507354472,0.3199677507354472,-2.712787055138133,0.04063317712920167,-2.712787055138133,0.04063317712920167,0.052846925732884784,0.052846925732884784,-6.5703949568745275,3.8982410788655963,-6.5703949568745275,3.8982410788655963,3.257654268040972,38.60613080949431,0.052846925732884784,0.734378198964584,False
DDR1,primary glomerular three-source-study synthesis,GSE96804;GSE30528;GSE104948_H7,GSE96804;GSE30528;GSE104948_H7,3.0,0.3275107320378318,0.29940258003961895,0.9799154148470808,0.38473270352653344,0.3886554924977673,-1.3278604850144977,1.9828819490901615,-1.3447388836898082,1.999760347765472,0.48428416906731186,0.4881204093619643,-8.171618547895768,8.826640011971431,-8.20038494094899,8.855406405024652,6.075709183460062,67.0820320787471,0.4881204093619643,0.933904901871193,False
DDR2,primary glomerular three-source-study synthesis,GSE96804;GSE30528;GSE104948_H7,GSE96804;GSE30528;GSE104948_H7,3.0,1.0391399959061607,0.0,0.3153625961221078,0.1222391128983543,0.21767326846965435,0.5131875431119038,1.5650924487004176,0.10256751313171497,1.9757124786806064,0.013557200016243534,0.04118760211850609,-0.5140551993487019,2.5923351911610233,-1.7266611188615872,3.8049411106739086,0.6307251922442156,0.0,0.04118760211850609,0.734378198964584,False
DMD,primary glomerular three-source-study synthesis,GSE96804;GSE30528;GSE104948_H7,GSE96804;GSE30528;GSE104948_H7,3.0,-0.001195777124191537,0.8871438636049435,1.0066010968890822,0.5933996057115005,0.5933996057115005,-2.554388210471034,2.5519966562226504,-2.554388210471034,2.5519966562226504,0.9985750896246252,0.9985750896246252,-14.146043737839385,14.143652183591001,-14.146043737839385,14.143652183591001,13.110485429418704,84.7450347222675,0.9985750896246252,1.0,False
DMP1,primary glomerular three-source-study synthesis,GSE96804;GSE30528;GSE104948_H7,GSE96804;GSE30528;GSE104948_H7,3.0,0.1283260246623181,0.24241031594882875,1.1092512001583767,0.38134174783789,0.38134174783789,-1.5124550876398102,1.7691071369644464,-1.5124550876398102,1.7691071369644464,0.768513348856775,0.768513348856775,-7.784608674931416,8.041260724256052,-7.784608674931416,8.041260724256052,4.92586336453591,59.39798057739204,0.768513348856775,1.0,False
DOK2,primary glomerular three-source-study synthesis,GSE96804;GSE30528;GSE104948_H7,GSE96804;GSE30528;GSE104948_H7,3.0,1.389932938323933,1.9541370786316492,0.9813267310073469,0.8446083147415729,0.8526063012319662,-2.2441233326679884,5.023989209315855,-2.2785358910733784,5.058401767721245,0.24157590860862466,0.24462270146791593,-19.362455414287464,22.14232129093533,-19.41519049201133,22.1950563686592,24.27006796462652,91.75939678902017,0.24462270146791593,0.7663284375949244,False
DRP2,primary glomerular three-source-study synthesis,GSE96804;GSE30528;GSE104948_H7,GSE96804;GSE30528;GSE104948_H7,3.0,0.3226177823381299,0.42360516264543574,1.0439030741253257,0.44934643746180136,0.44934643746180136,-1.6107638934100854,2.2559994580863454,-1.6107638934100854,2.2559994580863454,0.5473147528319324,0.5473147528319324,-9.726675953727879,10.371911518404138,-9.726675953727879,10.371911518404138,7.018516493340795,71.50394956116993,0.5473147528319324,0.9731320219898325,False
DSPP,primary glomerular three-source-study synthesis,GSE96804;GSE30528;GSE104948_H7,GSE96804;GSE30528;GSE104948_H7,3.0,-0.004306026566627439,0.10325643190987073,1.1933495518374824,0.31288036964400706,0.31288036964400706,-1.3505216031004352,1.3419095499671803,-1.3505216031004352,1.3419095499671803,0.9902688800160176,0.9902688800160176,-5.703014877728929,5.694402824595674,-5.703014877728929,5.694402824595674,3.6081369317535907,44.56973119842267,0.9902688800160176,1.0,False
DST,primary glomerular three-source-study synthesis,GSE96804;GSE30528;GSE104948_H7,GSE30528;GSE104948_H7,2.0,-1.401244728417644,1.0371949242961287,1.0000000205705186,0.8047476823621899,0.8047476823621899,-11.62653354147371,8.824044084638421,-11.62653354147371,8.824044084638421,0.33187939838532793,0.33187939838532793,,,,,4.985755277527303,79.94285831662495,0.33187939838532793,0.8197589673563219,False
DTNA,primary glomerular three-source-study synthesis,GSE96804;GSE30528;GSE104948_H7,GSE96804;GSE30528;GSE104948_H7,3.0,-0.42857434926019944,0.5652548151540584,1.0347395702085025,0.5003940393257182,0.5003940393257182,-2.5815961285153604,1.7244474299949617,-2.5815961285153604,1.7244474299949617,0.48197495866551626,0.48197495866551626,-11.9039657025521,11.046817004031702,-11.9039657025521,11.046817004031702,8.514649316737133,76.51107020850962,0.48197495866551626,0.933904901871193,False
DTNB,primary glomerular three-source-study synthesis,GSE96804;GSE30528;GSE104948_H7,GSE96804;GSE30528;GSE104948_H7,3.0,0.25009725452191817,0.11676811521087595,1.0535736592326794,0.30246455446423426,0.30246455446423426,-1.0513026863960742,1.5514971954399106,-1.0513026863960742,1.5514971954399106,0.4952608010050258,0.4952608010050258,-5.548345856898558,6.048540365942395,-5.548345856898558,6.048540365942395,3.629374195760091,44.894081124607084,0.4952608010050258,0.9362378868402997,False
E2F4,primary glomerular three-source-study synthesis,GSE96804;GSE30528;GSE104948_H7,GSE96804;GSE30528;GSE104948_H7,3.0,0.0419269644284389,0.7210769728582296,1.0406070129655696,0.5539007371650873,0.5539007371650873,-2.341315554345163,2.425169483202041,-2.341315554345163,2.425169483202041,0.9465527595513387,0.9465527595513387,-12.840203419474859,12.924057348331738,-12.840203419474859,12.924057348331738,9.738886680393747,79.46377172632695,0.9465527595513387,1.0,False
E2F5,primary glomerular three-source-study synthesis,GSE96804;GSE30528;GSE104948_H7,GSE96804;GSE30528;GSE104948_H7,3.0,0.49625497114265754,0.0,0.179792246592318,0.08826229316796044,0.20815638030377515,0.11649297450958529,0.8760169677757298,-0.39936964678614767,1.3918795890714628,0.030207038096632263,0.13993700664428077,-0.6252237963337208,1.617733738619036,-2.148622614138151,3.141132556423466,0.359584493184636,0.0,0.13993700664428077,0.7521577393329717,False
EFEMP1,primary glomerular three-source-study synthesis,GSE96804;GSE30528;GSE104948_H7,GSE96804;GSE30528;GSE104948_H7,3.0,-1.4310126035377333,2.2132180873575424,1.0499097126547854,0.9269005539691897,0.9269005539691897,-5.419143802279556,2.5571185952040896,-5.419143802279556,2.5571185952040896,0.26260816855484925,0.26260816855484925,-23.702647194849582,20.840621987774114,-23.702647194849582,20.840621987774114,14.69377458513862,86.3887935097166,0.26260816855484925,0.7741604574072911,False
EFEMP2,primary glomerular three-source-study synthesis,GSE96804;GSE30528;GSE104948_H7,GSE96804;GSE30528;GSE104948_H7,3.0,-0.2707842705963814,1.635702956508759,1.021779505295226,0.7860265873712075,0.7860265873712075,-3.652783712404761,3.1112151712119984,-3.652783712404761,3.1112151712119984,0.763324306912299,0.763324306912299,-19.345081988611224,18.803513447418464,-19.345081988611224,18.803513447418464,17.775257551309554,88.74840494306844,0.763324306912299,1.0,False
EGLN1,primary glomerular three-source-study synthesis,GSE96804;GSE30528;GSE104948_H7,GSE96804;GSE30528;GSE104948_H7,3.0,-0.5830019185293963,0.0469599749985005,1.0209473071363497,0.2525672807440746,0.2525672807440746,-1.6697112184682874,0.5037073814094949,-1.6697112184682874,0.5037073814094949,0.1473077380292943,0.1473077380292943,-4.811519306886128,3.6455154698273353,-4.811519306886128,3.6455154698273353,2.665944285400702,24.97967752167813,0.1473077380292943,0.7521577393329717,False
EGLN2,primary glomerular three-source-study synthesis,GSE96804;GSE30528;GSE104948_H7,GSE96804;GSE30528,2.0,0.30922879855704827,0.0,0.2912122778389587,0.12546225600401303,0.23249212760384594,-1.2849203128923041,1.9033779100064008,-2.6448637743262706,3.263321371440367,0.24537431564266113,0.41041658658451813,,,,,0.2912122778389587,0.0,0.41041658658451813,0.861544738058117,False
EGLN3,primary glomerular three-source-study synthesis,GSE96804;GSE30528;GSE104948_H7,GSE96804;GSE30528;GSE104948_H7,3.0,0.5855202467425539,0.5087363088331119,0.9331486135853291,0.45777202030649744,0.4738859545227414,-1.3841137860321235,2.555154279517231,-1.453446449074649,2.6244869425597566,0.32921973751718037,0.3420579874419968,-10.183252743446385,11.354293236931493,-10.295207334463557,11.466247827948665,9.542879805155334,79.04196593863057,0.3420579874419968,0.8264317795306977,False
ELANE,primary glomerular three-source-study synthesis,GSE96804;GSE30528;GSE104948_H7,GSE96804;GSE30528;GSE104948_H7,3.0,-0.3707928630462396,0.0,0.4337155531633534,0.1363120310540666,0.20698157659240513,-0.9572961955587127,0.2157104694662335,-1.2613627085793988,0.5197769824869196,0.11274601633223674,0.21510173559978407,-2.102801437623013,1.3612157115305337,-3.0007431518455627,2.2591574257530835,0.8674311063267068,0.0,0.21510173559978407,0.754127183883559,False
ELN,primary glomerular three-source-study synthesis,GSE96804;GSE30528;GSE104948_H7,GSE96804;GSE30528;GSE104948_H7,3.0,1.5562711583725848,0.5471922270616124,0.9796798442630534,0.490549289743121,0.4956105752675215,-0.5543920822173145,3.666934398962484,-0.5761690361949177,3.6887113529400875,0.08663888475199559,0.08820508392675001,-9.721735213147593,12.834277529892763,-9.757404243007606,12.869946559752776,8.235147146994265,75.713852293095,0.08820508392675001,0.734378198964584,False
ELOB,primary glomerular three-source-study synthesis,GSE96804;GSE30528;GSE104948_H7,,0.0,,,,,,,,,,,,,,,,,,1.0,1.0,False
ELOC,primary glomerular three-source-study synthesis,GSE96804;GSE30528;GSE104948_H7,,0.0,,,,,,,,,,,,,,,,,,1.0,1.0,False
EMILIN1,primary glomerular three-source-study synthesis,GSE96804;GSE30528;GSE104948_H7,GSE96804;GSE30528;GSE104948_H7,3.0,1.0624228851592856,0.3186576534320027,1.1257028451571989,0.42906577391738226,0.42906577391738226,-0.7836981382284047,2.908543908546976,-0.7836981382284047,2.908543908546976,0.13164838308041404,0.13164838308041404,-7.94694015898744,10.071785929306012,-7.94694015898744,10.071785929306012,5.232343369612211,61.77620888538461,0.13164838308041404,0.7521577393329717,False
EMILIN2,primary glomerular three-source-study synthesis,GSE96804;GSE30528;GSE104948_H7,GSE96804;GSE30528,2.0,0.008237324605803053,0.13799542036549128,0.9999999994328937,0.3600444611975122,0.36004446129960394,-4.566561313495493,4.583035962707099,-4.566561314792691,4.583035964004297,0.9854375511877566,0.9854375511918848,,,,,2.029735610086007,50.732499591036564,0.9854375511918848,1.0,False
EMILIN3,primary glomerular three-source-study synthesis,GSE96804;GSE30528;GSE104948_H7,GSE96804,1.0,,,,,,,,,,,,,,,,,,1.0,1.0,False
EP300,primary glomerular three-source-study synthesis,GSE96804;GSE30528;GSE104948_H7,GSE30528;GSE104948_H7,2.0,-0.46663552105943024,0.0,0.1171422849016954,0.10775612175163549,0.3148365225749979,-1.835806865611878,0.9025358234930176,-4.46701283532264,3.533741793203779,0.14447659592423645,0.37785924442802094,,,,,0.1171422849016954,0.0,0.37785924442802094,0.8515761775154824,False
EPAS1,primary glomerular three-source-study synthesis,GSE96804;GSE30528;GSE104948_H7,GSE96804;GSE30528;GSE104948_H7,3.0,-0.7634020299699632,0.0,0.13396473741957712,0.07763623611800663,0.21211394614670318,-1.0974437932305783,-0.42936026670934824,-1.6760546793760058,0.14925061943607953,0.010184691628271497,0.06927609303950678,-1.749863941031356,0.2230598810914295,-3.458565257107907,1.931761197167981,0.26792947483915425,0.0,0.06927609303950678,0.734378198964584,False
EPCAM,primary glomerular three-source-study synthesis,GSE96804;GSE30528;GSE104948_H7,GSE96804;GSE30528;GSE104948_H7,3.0,0.11351413235458666,0.0,0.3887225154961212,0.12817515062410606,0.2055814799894632,-0.4379790293642718,0.665007294073445,-0.7710315837080115,0.9980598484171848,0.4692540630462984,0.636301432484494,-1.5151055735653345,1.742133838274508,-2.4986462423573337,2.725674507066507,0.7774450309922424,0.0,0.636301432484494,1.0,False
EPO,primary glomerular three-source-study synthesis,GSE96804;GSE30528;GSE104948_H7,GSE96804;GSE30528;GSE104948_H7,3.0,0.10195187772396043,1.2190920980960933,1.030147595827359,0.6909288233644029,0.6909288233644029,-2.8708749101874713,3.074778665635392,-2.8708749101874713,3.074778665635392,0.8962242950349889,0.8962242950349889,-16.447726082187355,16.651629837635273,-16.447726082187355,16.651629837635273,14.030716059561001,85.74556001625353,0.8962242950349889,1.0,False
ESAM,primary glomerular three-source-study synthesis,GSE96804;GSE30528;GSE104948_H7,GSE96804,1.0,,,,,,,,,,,,,,,,,,1.0,1.0,False
F10,primary glomerular three-source-study synthesis,GSE96804;GSE30528;GSE104948_H7,GSE96804;GSE30528;GSE104948_H7,3.0,0.7409170193083596,0.0,0.5526676050259053,0.15752903669504945,0.2118988563805288,0.06312427955760203,1.4187097590591171,-0.17081017352811179,1.652644212144831,0.042353405141574464,0.07295541911216336,-1.260679172831315,2.742513211448034,-1.9515132332239167,3.4333472718406357,1.1053352100518106,0.0,0.07295541911216336,0.734378198964584,False
F11,primary glomerular three-source-study synthesis,GSE96804;GSE30528;GSE104948_H7,GSE96804;GSE30528;GSE104948_H7,3.0,-0.8195809149422325,0.04953763363507875,0.8513642202480389,0.2348791088847522,0.25455796669799546,-1.8301841539463326,0.1910223240618677,-1.9148554452348354,0.2756936153503703,0.07322399748144016,0.08443136396077283,-4.931090239886292,3.2919284100018276,-5.116033169053537,3.4768713391690724,2.382035237660232,16.03818581775005,0.08443136396077283,0.734378198964584,False
F11R,primary glomerular three-source-study synthesis,GSE96804;GSE30528;GSE104948_H7,GSE30528;GSE104948_H7,2.0,1.448393432020848,0.15612159405947482,1.0000000140473857,0.4476482236163316,0.4476482236163316,-4.2395165470331735,7.136303411074869,-4.2395165470331735,7.136303411074869,0.19082852118606616,0.19082852118606616,,,,,1.6313986376438,38.702903329361476,0.19082852118606616,0.754127183883559,False
F12,primary glomerular three-source-study synthesis,GSE96804;GSE30528;GSE104948_H7,GSE96804;GSE30528;GSE104948_H7,3.0,0.5652000201158673,0.606454569108213,1.0315946006467727,0.5165318173932467,0.5165318173932467,-1.6572570139936362,2.787657054225371,-1.6572570139936362,2.787657054225371,0.38805548188566963,0.38805548188566963,-11.30854052791795,12.438940568149684,-11.30854052791795,12.438940568149684,8.792558009722544,77.25349098876049,0.38805548188566963,0.8515761775154824,False
F13A1,primary glomerular three-source-study synthesis,GSE96804;GSE30528;GSE104948_H7,GSE96804;GSE30528;GSE104948_H7,3.0,0.6709130241622508,0.3142426441357127,0.9927135233543036,0.3967964413503907,0.3982500137589815,-1.0363642673688802,2.3781903156933817,-1.0426184846605917,2.384444532985093,0.23293868857693087,0.2340948121116128,-8.055669722362648,9.39749577068715,-8.066353403114775,9.408179451439278,6.014118587927549,66.74491913054885,0.2340948121116128,0.7605653024207171,False
F13B,primary glomerular three-source-study synthesis,GSE96804;GSE30528;GSE104948_H7,GSE96804;GSE30528;GSE104948_H7,3.0,-0.2906356187977148,0.7441437125239583,1.0170755592375542,0.5542770226160838,0.5542770226160838,-2.675497163194212,2.0942259255987823,-2.675497163194212,2.0942259255987823,0.6523544882483348,0.6523544882483348,-13.319092017050275,12.737820779454845,-13.319092017050275,12.737820779454845,10.888229529239073,81.63154078788261,0.6523544882483348,1.0,False
F2,primary glomerular three-source-study synthesis,GSE96804;GSE30528;GSE104948_H7,GSE96804;GSE30528;GSE104948_H7,3.0,-0.06488479169695978,0.26927142814793026,1.047856524292461,0.3830464769950832,0.3830464769950832,-1.713000761560769,1.5832311781668496,-1.713000761560769,1.5832311781668496,0.8810722430038637,0.8810722430038637,-8.260101510302746,8.130331926908827,-8.260101510302746,8.130331926908827,5.426684180242164,63.14508208747923,0.8810722430038637,1.0,False
F2R,primary glomerular three-source-study synthesis,GSE96804;GSE30528;GSE104948_H7,GSE96804;GSE30528;GSE104948_H7,3.0,-1.4316624917854786,1.1944770894098242,1.066728796312136,0.7094909506598644,0.7094909506598644,-4.484355667374685,1.6210306838037278,-4.484355667374685,1.6210306838037278,0.18109282360853204,0.18109282360853204,-17.98806910074343,15.124744117172474,-17.98806910074343,15.124744117172474,10.238833677149815,80.46652516230013,0.18109282360853204,0.7521577393329717,False
F3,primary glomerular three-source-study synthesis,GSE96804;GSE30528;GSE104948_H7,GSE96804;GSE30528;GSE104948_H7,3.0,-1.2371231629584374,0.31267638570609546,1.1153557633671063,0.43005611038542796,0.43005611038542796,-3.087505260253735,0.6132589343368602,-3.087505260253735,0.6132589343368602,0.10258395838612562,0.10258395838612562,-10.200399558715223,7.726153232798349,-10.200399558715223,7.726153232798349,5.074703307027251,60.58882896207,0.10258395838612562,0.734378198964584,False
F5,primary glomerular three-source-study synthesis,GSE96804;GSE30528;GSE104948_H7,GSE96804;GSE30528;GSE104948_H7,3.0,-1.1068072190981348,1.2347965396075022,1.054383973240619,0.7111896153224638,0.7111896153224638,-4.166809158834804,1.9531947206385338,-4.166809158834804,1.9531947206385338,0.2599220287894187,0.2599220287894187,-17.87027031422515,15.65665587602888,-17.87027031422515,15.65665587602888,11.434581811136239,82.50919856070134,0.2599220287894187,0.7741604574072911,False
F7,primary glomerular three-source-study synthesis,GSE96804;GSE30528;GSE104948_H7,GSE96804;GSE30528;GSE104948_H7,3.0,-0.058173596884620406,0.7274391924371525,1.0536677017780585,0.5593430950369086,0.5593430950369086,-2.464832691611688,2.348485497842447,-2.464832691611688,2.348485497842447,0.9266565401938418,0.9266565401938418,-13.017903792280205,12.901556598510965,-13.017903792280205,12.901556598510965,9.310383341869231,78.5186073810097,0.9266565401938418,1.0,False
F8,primary glomerular three-source-study synthesis,GSE96804;GSE30528;GSE104948_H7,GSE96804;GSE30528;GSE104948_H7,3.0,-0.2885564643171242,0.0,0.6284155659632502,0.16390161461056113,0.20675678234864492,-0.9937681938315992,0.4166552651973509,-1.1781590982837367,0.6010461696494882,0.22038046836149702,0.2975845863856674,-2.3711239361485155,1.7940110075142672,-2.9156504714317166,2.3385375427974684,1.2568311319265004,0.0,0.2975845863856674,0.7992778828604795,False
F9,primary glomerular three-source-study synthesis,GSE96804;GSE30528;GSE104948_H7,GSE96804;GSE30528;GSE104948_H7,3.0,-0.347277266405315,0.15336305284850338,0.9965766187710436,0.3162799938498723,0.31682276132011283,-1.708120245308611,1.013565712497981,-1.7104555852460608,1.0159010524354308,0.38673407476423394,0.3873901964766751,-6.743385456900948,6.048830924090319,-6.747720832758776,6.053166299948146,4.0460901611399684,50.56956418794908,0.3873901964766751,0.8515761775154824,False
FBLN1,primary glomerular three-source-study synthesis,GSE96804;GSE30528;GSE104948_H7,GSE96804;GSE30528;GSE104948_H7,3.0,1.2979869364451955,0.18345356573600183,1.103064923705746,0.3656008819842248,0.3656008819842248,-0.27506669642304016,2.871040569313431,-0.27506669642304016,2.871040569313431,0.07099189596435629,0.07099189596435629,-5.857282660267694,8.453256533158086,-5.857282660267694,8.453256533158086,4.020427444567344,50.254045681074864,0.07099189596435629,0.734378198964584,False
FBLN2,primary glomerular three-source-study synthesis,GSE96804;GSE30528;GSE104948_H7,GSE96804;GSE30528;GSE104948_H7,3.0,0.8871453925441037,0.04790214660898171,1.2666965580711982,0.2881616008251578,0.2881616008251578,-0.3527139058552362,2.1270046909434437,-0.3527139058552362,2.1270046909434437,0.09129001238330714,0.09129001238330714,-3.7106620755030693,5.484952860591276,-3.7106620755030693,5.484952860591276,3.0823306767780765,35.114035133615964,0.09129001238330714,0.734378198964584,False
FBLN5,primary glomerular three-source-study synthesis,GSE96804;GSE30528;GSE104948_H7,GSE96804;GSE30528;GSE104948_H7,3.0,1.1194080808386402,0.0,0.1298960631608755,0.07921433733397078,0.21978892206009532,0.7785762960733361,1.4602398656039441,0.17373267536807935,2.065083486309201,0.004970309391462465,0.03645585452593899,0.11289449263280082,2.1259216690444793,-1.6732749616000735,3.912091123277354,0.259792126321751,0.0,0.03645585452593899,0.734378198964584,False
FBN1,primary glomerular three-source-study synthesis,GSE96804;GSE30528;GSE104948_H7,GSE96804;GSE30528;GSE104948_H7,3.0,1.5183784915442862,1.5231562613127625,1.035278481639726,0.7744252327412334,0.7744252327412334,-1.8137043500966443,4.850461333185216,-1.8137043500966443,4.850461333185216,0.18896496063418017,0.18896496063418017,-16.994743647384993,20.031500630473566,-16.994743647384993,20.031500630473566,14.203713743096605,85.91917553272252,0.18896496063418017,0.754127183883559,False
FBN2,primary glomerular three-source-study synthesis,GSE96804;GSE30528;GSE104948_H7,GSE96804;GSE30528;GSE104948_H7,3.0,1.3822660255440442,0.8924058193643083,1.0713564751303188,0.6257895335664118,0.6257895335664118,-1.3102890193041197,4.074821070392208,-1.3102890193041197,4.074821070392208,0.15782537405609656,0.15782537405609656,-13.015710649808243,15.780242700896332,-13.015710649808243,15.780242700896332,8.951494636127734,77.65736247075307,0.15782537405609656,0.7521577393329717,False
FBN3,primary glomerular three-source-study synthesis,GSE96804;GSE30528;GSE104948_H7,GSE96804,1.0,,,,,,,,,,,,,,,,,,1.0,1.0,False
FCAMR,primary glomerular three-source-study synthesis,GSE96804;GSE30528;GSE104948_H7,GSE96804,1.0,,,,,,,,,,,,,,,,,,1.0,1.0,False
FCER1G,primary glomerular three-source-study synthesis,GSE96804;GSE30528;GSE104948_H7,GSE96804;GSE30528;GSE104948_H7,3.0,1.9064379123659583,3.032155868689005,1.0193748190341017,1.0610300654837184,1.0610300654837184,-2.658805995233813,6.471681819965729,-2.658805995233813,6.471681819965729,0.21420408630525173,0.21420408630525173,-24.002821112117243,27.81569693684916,-24.002821112117243,27.81569693684916,23.38572479009607,91.44777415302943,0.21420408630525173,0.754127183883559,False
FCN1,primary glomerular three-source-study synthesis,GSE96804;GSE30528;GSE104948_H7,GSE96804;GSE30528;GSE104948_H7,3.0,1.1108836207119135,4.142738704563868,1.0132661937584604,1.2168870887308192,1.2168870887308192,-4.124958933412621,6.346726174836448,-4.124958933412621,6.346726174836448,0.45766600751393527,0.45766600751393527,-29.020650292301767,31.242417533725593,-29.020650292301767,31.242417533725593,34.94282246114478,94.27636390213203,0.45766600751393527,0.911529979194098,False
FCN2,primary glomerular three-source-study synthesis,GSE96804;GSE30528;GSE104948_H7,GSE96804;GSE30528;GSE104948_H7,3.0,0.20485934187656213,0.0,0.07349313216508067,0.055723768332938024,0.20554981944898348,-0.03490068205308028,0.44461936580620454,-0.6795501498751157,1.08926883362824,0.06667462768512417,0.4239448506519386,-0.5031782672329164,0.9128969509860407,-2.406898747525965,2.8166174312790893,0.14698626433016135,0.0,0.4239448506519386,0.8717047899753201,False
FCN3,primary glomerular three-source-study synthesis,GSE96804;GSE30528;GSE104948_H7,GSE96804;GSE30528;GSE104948_H7,3.0,-0.5209535580771736,0.0,0.19978589179217113,0.09321363649045022,0.20854368480051827,-0.9220194655726832,-0.1198876505816639,-1.4182446127561348,0.3763374966017877,0.030555744589172103,0.12977604074494192,-1.7053451075281985,0.6634379913738513,-3.1707523135888414,2.1288451974344946,0.39957178358434225,0.0,0.12977604074494192,0.7521577393329717,False
FGA,primary glomerular three-source-study synthesis,GSE96804;GSE30528;GSE104948_H7,GSE96804;GSE30528;GSE104948_H7,3.0,0.008246120275643887,0.0,0.8095787455426519,0.1851321143792786,0.20575585970860608,-0.7883130770226487,0.8048053175739365,-0.8770498911615374,0.8935421317128251,0.9685197911036514,0.9716725073323702,-2.344080428268381,2.360572668819669,-2.6061299588495426,2.6226221994008303,1.6191574910853037,0.0,0.9716725073323702,1.0,False
FGB,primary glomerular three-source-study synthesis,GSE96804;GSE30528;GSE104948_H7,GSE96804;GSE30528;GSE104948_H7,3.0,0.2817242366067107,0.0,0.26999154321571733,0.10717141689701079,0.20625471810403265,-0.1793971528563304,0.7428456260697518,-0.6057181892673111,1.1691666624807324,0.11935359485689448,0.30528523613414715,-1.0800177283526404,1.643466201566062,-2.338990439425125,2.9024389126385466,0.5399830864314347,0.0,0.30528523613414715,0.8048428952627517,False
FGF2,primary glomerular three-source-study synthesis,GSE96804;GSE30528;GSE104948_H7,GSE96804;GSE30528;GSE104948_H7,3.0,1.0629664689348142,0.0,0.8361907958198573,0.1999360792198273,0.21864446108403654,0.2027109519042195,1.9232219859654087,0.12221528160698436,2.003717656262644,0.033605580516577985,0.03980067026884433,-1.4774622877803545,3.603395225649983,-1.7151748180295343,3.841107755899163,1.6723815916397147,0.0,0.03980067026884433,0.734378198964584,False
FGG,primary glomerular three-source-study synthesis,GSE96804;GSE30528;GSE104948_H7,GSE96804;GSE30528;GSE104948_H7,3.0,0.5948976915652114,0.08465731471481376,0.8453562847851201,0.25535439485843436,0.2777304155344815,-0.5038035925259531,1.6935989756563758,-0.6000798389686778,1.7898752220991008,0.14517281536123192,0.16547937346315916,-4.323949411799051,5.513744794929474,-4.515958929265302,5.705754312395726,2.869615065386661,30.30424100695493,0.16547937346315916,0.7521577393329717,False
FKBP1A,primary glomerular three-source-study synthesis,GSE96804;GSE30528;GSE104948_H7,GSE96804;GSE30528;GSE104948_H7,3.0,0.4475380174694619,0.0,0.28707858992032875,0.11129385301333686,0.20771639461570438,-0.0313207830027073,0.9263968179416311,-0.44619349483751497,1.3412695297764388,0.056638911562007996,0.16400223440414932,-0.9665844647957291,1.8616604997346529,-2.1917490195777325,3.0868250545166567,0.5741571798406575,0.0,0.16400223440414932,0.7521577393329717,False
FMOD,primary glomerular three-source-study synthesis,GSE96804;GSE30528;GSE104948_H7,GSE96804;GSE30528;GSE104948_H7,3.0,1.9215300969509437,0.6670185836359996,0.9144525130114637,0.5253725579218312,0.5493976601144727,-0.33896557352688084,4.182025767428768,-0.4423372450585592,4.285397438960446,0.06729648378400321,0.07291958666293986,-10.417463348269779,14.260523542171667,-10.585251011162834,14.428311205064722,9.009664716573552,77.80161567698586,0.07291958666293986,0.734378198964584,False
FN1,primary glomerular three-source-study synthesis,GSE96804;GSE30528;GSE104948_H7,GSE96804;GSE30528;GSE104948_H7,3.0,2.682729657708376,7.13137924095965,1.0355277059388555,1.6130119346512273,1.6130119346512273,-4.257500546037188,9.62295986145394,-4.257500546037188,9.62295986145394,0.23817604333255546,0.23817604333255546,-36.95815854523452,42.323617860651275,-36.95815854523452,42.323617860651275,25.709829902667288,92.22087424315278,0.23817604333255546,0.7662008616695927,False
FURIN,primary glomerular three-source-study synthesis,GSE96804;GSE30528;GSE104948_H7,GSE96804;GSE30528;GSE104948_H7,3.0,-0.08366352365676936,0.0,0.7254799644970995,0.1752787655854335,0.2057863643326737,-0.8378271828700509,0.6705001355565122,-0.969090785897965,0.8017637385844264,0.6802094104555932,0.7237121370792228,-2.3107914050892586,2.1434643577757195,-2.6984272007807593,2.53110015346722,1.450959928994199,0.0,0.7237121370792228,1.0,False
FYN,primary glomerular three-source-study synthesis,GSE96804;GSE30528;GSE104948_H7,GSE96804;GSE30528;GSE104948_H7,3.0,-1.1909078828231041,1.1440799049093582,0.965130070062705,0.65857228958449,0.6703637623129972,-4.024515742341164,1.642699976694955,-4.075250354664242,1.693434589018033,0.21228541334296153,0.21763086214840438,-17.151223016426286,14.769407250780077,-17.230283242917224,14.848467477271015,16.38623108711093,87.79463081310284,0.21763086214840438,0.754127183883559,False
GAS6,primary glomerular three-source-study synthesis,GSE96804;GSE30528;GSE104948_H7,GSE96804;GSE30528;GSE104948_H7,3.0,-1.1121877856258238,0.8915957512101371,0.978310381237191,0.5890766574863635,0.5955709181224582,-3.6467800739912146,1.4224045027395669,-3.674722622244812,1.4503470509931644,0.1996337788517553,0.20280365912225384,-15.253269256691695,13.028893685440046,-15.297118806577686,13.072743235326037,13.680092782015063,85.38021611498601,0.20280365912225384,0.754127183883559,False
GDF5,primary glomerular three-source-study synthesis,GSE96804;GSE30528;GSE104948_H7,GSE96804;GSE30528;GSE104948_H7,3.0,0.17036754715435395,0.6611418436891451,1.0222868766341535,0.5288581149116995,0.5288581149116995,-2.1051252646206247,2.4458603589293326,-2.1051252646206247,2.4458603589293326,0.7779002919429533,0.7779002919429533,-12.154210575183345,12.494945669492054,-12.154210575183345,12.494945669492054,9.907648451909628,79.81357524232186,0.7779002919429533,1.0,False
GLG1,primary glomerular three-source-study synthesis,GSE96804;GSE30528;GSE104948_H7,GSE96804;GSE30528;GSE104948_H7,3.0,0.3274424855460097,1.8486132231900492,1.0265438965973388,0.8346989408851812,0.8346989408851812,-3.2639771909725996,3.918862162064619,-3.2639771909725996,3.918862162064619,0.7327034161781358,0.7327034161781358,-19.944173476304616,20.599058447396633,-19.944173476304616,20.599058447396633,18.176111158065776,88.99654616651877,0.7327034161781358,1.0,False
GP1BA,primary glomerular three-source-study synthesis,GSE96804;GSE30528;GSE104948_H7,GSE96804;GSE30528;GSE104948_H7,3.0,-0.091870040463705,0.17548722837209163,0.9573432471022263,0.32044024088537393,0.32750143739026444,-1.4706131176307342,1.2868730367033243,-1.5009949940477987,1.3172549131203888,0.801314582011477,0.8054345159584557,-6.793344259477118,6.6096041785497075,-6.848231411080495,6.664491330153084,4.414047979778838,54.690116438194934,0.8054345159584557,1.0,False
GP1BB,primary glomerular three-source-study synthesis,GSE96804;GSE30528;GSE104948_H7,GSE30528,1.0,,,,,,,,,,,,,,,,,,1.0,1.0,False
GP5,primary glomerular three-source-study synthesis,GSE96804;GSE30528;GSE104948_H7,GSE96804;GSE30528;GSE104948_H7,3.0,-0.3087249044591335,0.0,1.0657040767713817,0.21377965772188018,0.21377965772188018,-1.2285445323210868,0.6110947234028199,-1.2285445323210868,0.6110947234028199,0.2855323277856328,0.2855323277856328,-3.0250530039026926,2.4076031949844254,-3.0250530039026926,2.4076031949844254,2.1314081535427634,6.165320955741895,0.2855323277856328,0.7992778828604795,False
GP6,primary glomerular three-source-study synthesis,GSE96804;GSE30528;GSE104948_H7,GSE96804;GSE30528;GSE104948_H7,3.0,0.03749527407741487,0.0,0.3987741325620662,0.12970355648408027,0.20539430380130239,-0.5205740872870267,0.5955646354418563,-0.8462450878482491,0.9212356360030788,0.7997278213946485,0.8719779765859205,-1.610544669619308,1.6855352177741376,-2.5722868016659977,2.6472773498208273,0.7975482651241323,0.0,0.8719779765859205,1.0,False
GP9,primary glomerular three-source-study synthesis,GSE96804;GSE30528;GSE104948_H7,GSE96804;GSE30528;GSE104948_H7,3.0,0.08870782878868892,0.22663223510575153,1.1249192095393628,0.37598310322226847,0.37598310322226847,-1.5290168966302782,1.706432554207656,-1.5290168966302782,1.706432554207656,0.8354426129856611,0.8354426129856611,-7.619210777906896,7.796626435484273,-7.619210777906896,7.796626435484273,4.747649087331263,57.87388740804693,0.8354426129856611,1.0,False
GPC1,primary glomerular three-source-study synthesis,GSE96804;GSE30528;GSE104948_H7,GSE96804;GSE30528;GSE104948_H7,3.0,1.0761387536156766,0.1346125680335926,0.956321469963566,0.3090164536243902,0.3159945927396248,-0.25345173410880384,2.4057292413401568,-0.28347624342153965,2.435753750652893,0.07348356199819545,0.0764644819025173,-5.0189170262526375,7.171194533483991,-5.076409089081873,7.228686596313227,3.5356684152702575,43.43360957260114,0.0764644819025173,0.734378198964584,False
GPC2,primary glomerular three-source-study synthesis,GSE96804;GSE30528;GSE104948_H7,GSE96804,1.0,,,,,,,,,,,,,,,,,,1.0,1.0,False
GPC3,primary glomerular three-source-study synthesis,GSE96804;GSE30528;GSE104948_H7,GSE96804;GSE30528;GSE104948_H7,3.0,0.46281094560867947,0.26952474766749074,1.0307673565796756,0.3820294709820755,0.3820294709820755,-1.1809292005570906,2.1065510917744494,-1.1809292005570906,2.1065510917744494,0.349434499763995,0.349434499763995,-7.727235123870623,8.652857015087982,-7.727235123870623,8.652857015087982,5.4113556650614765,63.040684741662076,0.349434499763995,0.826607895212109,False
GPC4,primary glomerular three-source-study synthesis,GSE96804;GSE30528;GSE104948_H7,GSE96804;GSE30528;GSE104948_H7,3.0,0.213722684403227,0.053731807496647715,0.8793146416300551,0.23694807286529465,0.25268591149280945,-0.8057825881195075,1.2332279569259614,-0.8734970424505406,1.3009424112569945,0.46226465419285184,0.4867204403567916,-3.998076518112903,4.425521886919357,-4.143263958966779,4.570709327773233,2.5172451826039035,20.54806524920436,0.4867204403567916,0.933904901871193,False
GPC5,primary glomerular three-source-study synthesis,GSE96804;GSE30528;GSE104948_H7,GSE96804;GSE30528;GSE104948_H7,3.0,-0.4701683785764964,0.05748459519932766,1.106231110401538,0.2704773661730764,0.2704773661730764,-1.633938556476528,0.6936017993235354,-1.633938556476528,0.6936017993235354,0.2242906572903301,0.2242906572903301,-5.062764531881567,4.122427774728574,-5.062764531881567,4.122427774728574,2.9525959115553926,32.26299636287095,0.2242906572903301,0.754127183883559,False
GPC6,primary glomerular three-source-study synthesis,GSE96804;GSE30528;GSE104948_H7,GSE96804,1.0,,,,,,,,,,,,,,,,,,1.0,1.0,False
GRB14,primary glomerular three-source-study synthesis,GSE96804;GSE30528;GSE104948_H7,GSE96804;GSE30528;GSE104948_H7,3.0,0.2973888748400694,0.11987832234169382,0.8836290896837469,0.2791662898318546,0.2969805261913779,-0.9037667241589892,1.4985444738391278,-0.9804151968596942,1.575192946539833,0.39833316753560005,0.42212085625303464,-5.353832487248057,5.948610236928196,-5.498587262166968,6.093365011847107,3.519928284270039,43.18066055670338,0.42212085625303464,0.8717047899753201,False
GRB2,primary glomerular three-source-study synthesis,GSE96804;GSE30528;GSE104948_H7,GSE96804;GSE30528;GSE104948_H7,3.0,-0.02150535312387585,3.548124227222965,0.9985210697115883,1.115281834141629,1.1161074620815168,-4.820175781233343,4.77716507498559,-4.823728171542658,4.780717465294906,0.986366524354344,0.9863766076921132,-27.83613280815369,27.79312210190594,-27.84147902347181,27.79846831722406,42.9481197410475,95.34321872049615,0.9863766076921132,1.0,False
GRB7,primary glomerular three-source-study synthesis,GSE96804;GSE30528;GSE104948_H7,GSE96804;GSE30528;GSE104948_H7,3.0,0.30297521394250176,1.081289476594211,0.9738501539989143,0.6369739491746229,0.6454693168351713,-2.4377024872529844,3.0436529151379883,-2.474255104107868,3.080205531992872,0.6812139089830384,0.684990781865938,-15.19143415408668,15.797384581971682,-15.248091172841606,15.854041600726609,17.716095231479894,88.71083060986157,0.684990781865938,1.0,False
GYPA,primary glomerular three-source-study synthesis,GSE96804;GSE30528;GSE104948_H7,GSE96804;GSE30528;GSE104948_H7,3.0,-0.939418838019509,0.6936388970575464,1.00683305845784,0.5387158650425065,0.5387158650425065,-3.257326125303992,1.3784884492649743,-3.257326125303992,1.3784884492649743,0.22331233973625114,0.22331233973625114,-13.542626906115814,11.663789230076794,-13.542626906115814,11.663789230076794,10.22762408455565,80.44511625119148,0.22331233973625114,0.754127183883559,False
GYPB,primary glomerular three-source-study synthesis,GSE96804;GSE30528;GSE104948_H7,GSE96804;GSE30528;GSE104948_H7,3.0,-0.19922442908595167,0.4085040722138885,1.0340779896280154,0.4408219905192899,0.4408219905192899,-2.095928369927366,1.6974795117554624,-2.095928369927366,1.6974795117554624,0.6955968993748216,0.6955968993748216,-10.064576590638717,9.666127732466814,-10.064576590638717,9.666127732466814,7.014578053172434,71.487950025797,0.6955968993748216,1.0,False
GYPC,primary glomerular three-source-study synthesis,GSE96804;GSE30528;GSE104948_H7,GSE96804;GSE30528;GSE104948_H7,3.0,1.1491789527554743,0.5776247933584132,0.9355698202921421,0.4885248980297431,0.5050665432682548,-0.9527740333027774,3.2511319388137263,-1.023946988342807,3.3223048938537554,0.14295854892964588,0.15068732829047135,-10.33065988220061,12.629017787711557,-10.445655866420683,12.74401377193163,9.538796881403165,79.03299519985377,0.15068732829047135,0.7521577393329717,False
GZMM,primary glomerular three-source-study synthesis,GSE96804;GSE30528;GSE104948_H7,GSE96804;GSE30528;GSE104948_H7,3.0,0.7691317935673369,0.5972221688895057,0.969057690062026,0.49489462563383535,0.5027336107904931,-1.3602279183544228,2.8984915054890967,-1.3939563492371816,2.9322199363718555,0.26038355644518024,0.26567490825147644,-10.891141624138553,12.429405211273226,-10.945156923629185,12.483420510763857,10.390736883936032,80.75208695648931,0.26567490825147644,0.7756266725620232,False
HAPLN1,primary glomerular three-source-study synthesis,GSE96804;GSE30528;GSE104948_H7,GSE96804;GSE30528;GSE104948_H7,3.0,0.2329324958204377,1.6768888820070451,1.0291849604495276,0.7988337188988817,0.7988337188988817,-3.2041715854157498,3.670036577056625,-3.2041715854157498,3.670036577056625,0.7980620033937226,0.7980620033937226,-19.099816652488858,19.565681644129736,-19.099816652488858,19.565681644129736,16.758555842233758,88.06579744204606,0.7980620033937226,1.0,False
HDAC1,primary glomerular three-source-study synthesis,GSE96804;GSE30528;GSE104948_H7,GSE96804;GSE30528;GSE104948_H7,3.0,-0.662042258744659,2.150594995865031,1.0323374911144176,0.8996677005290336,0.8996677005290336,-4.532999946293327,3.2089154288040085,-4.532999946293327,3.2089154288040085,0.5384087172653649,0.5384087172653649,-22.522612269816126,21.198527752326807,-22.522612269816126,21.198527752326807,17.97116985798084,88.87106395518366,0.5384087172653649,0.9702342105654901,False
HIF1A,primary glomerular three-source-study synthesis,GSE96804;GSE30528;GSE104948_H7,GSE96804;GSE30528;GSE104948_H7,3.0,0.8994232360668176,0.0,0.32490407900217905,0.12248936187298537,0.21489226837784475,0.3723940488387475,1.4264524232948879,-0.02518356907117003,1.8240300412048054,0.01804625462779531,0.052618909743581646,-0.6569516738947251,2.45579814602836,-1.831041922163077,3.6298883942967124,0.6498081580043581,0.0,0.052618909743581646,0.734378198964584,False
HIF1AN,primary glomerular three-source-study synthesis,GSE96804;GSE30528;GSE104948_H7,GSE96804;GSE30528;GSE104948_H7,3.0,0.3517743720396984,0.10646498230629187,0.8605003105383422,0.26830386834643477,0.2892353818096159,-0.8026439995034294,1.5061927435828262,-0.8927050330435733,1.5962537771229701,0.3201321796697672,0.3479613104709221,-5.015780532727686,5.719329276807083,-5.188511022679346,5.892059766758742,3.2749575332574317,38.93050582519454,0.3479613104709221,0.826607895212109,False
HIF3A,primary glomerular three-source-study synthesis,GSE96804;GSE30528;GSE104948_H7,GSE96804;GSE30528;GSE104948_H7,3.0,-0.2514045350362,1.3260991948500205,1.0293230608797193,0.7173833843772527,0.7173833843772527,-3.338056112103894,2.8352470420314937,-3.338056112103894,2.8352470420314937,0.7594718303299303,0.7594718303299303,-17.49039587201444,16.987586801942037,-17.49039587201444,16.987586801942037,14.94080967272496,86.613844605416,0.7594718303299303,1.0,False
HIGD1A,primary glomerular three-source-study synthesis,GSE96804;GSE30528;GSE104948_H7,GSE96804;GSE30528;GSE104948_H7,3.0,-0.07387200097228853,0.020284479631004736,1.032623575662583,0.22906550271715467,0.22906550271715467,-1.059461311529687,0.9117173095851098,-1.059461311529687,0.9117173095851098,0.7776704788288722,0.7776704788288722,-3.5011451339727677,3.3534011320281905,-3.5011451339727677,3.3534011320281905,2.341138424962434,14.571476053062005,0.7776704788288722,1.0,False
HRAS,primary glomerular three-source-study synthesis,GSE96804;GSE30528;GSE104948_H7,GSE96804;GSE30528;GSE104948_H7,3.0,-0.3349558556837108,0.5450922117476585,0.9709281219723129,0.47608124280446645,0.48315617105873765,-2.383368114618865,1.7134564032514432,-2.4138090739848863,1.7438973626174645,0.554579240623389,0.5598303514718994,-11.497236028495873,10.82732431712845,-11.546207741628587,10.876296030261164,9.897489875865961,79.79285631928961,0.5598303514718994,0.9782358647312983,False
HSPG2,primary glomerular three-source-study synthesis,GSE96804;GSE30528;GSE104948_H7,GSE96804;GSE30528;GSE104948_H7,3.0,1.3890523178102674,1.650075645048148,1.0363259736113921,0.8019068476679757,0.8019068476679757,-2.0612743693131343,4.839379004933669,-2.0612743693131343,4.839379004933669,0.22537903631448078,0.22537903631448078,-17.85206153459316,20.6301661702137,-17.85206153459316,20.6301661702137,14.926305803211768,86.60083729780177,0.22537903631448078,0.754127183883559,False
HTRA1,primary glomerular three-source-study synthesis,GSE96804;GSE30528;GSE104948_H7,GSE96804;GSE30528;GSE104948_H7,3.0,-1.5064540733931935,0.28306999982164094,1.1602528739403986,0.42951625770323615,0.42951625770323615,-3.354513372071796,0.34160522528540893,-3.354513372071796,0.34160522528540893,0.07255565782085496,0.07255565782085496,-10.194694637209963,7.181786490423576,-10.194694637209963,7.181786490423576,4.657025086527597,57.054128701478525,0.07255565782085496,0.734378198964584,False
IBSP,primary glomerular three-source-study synthesis,GSE96804;GSE30528;GSE104948_H7,GSE96804;GSE30528;GSE104948_H7,3.0,0.19931511829634396,0.027405313632760036,1.2252186940986096,0.25686464514192436,0.25686464514192436,-0.9058842482996838,1.3045144848923718,-0.9058842482996838,1.3045144848923718,0.5189684643107249,0.5189684643107249,-3.6835638303835054,4.082194066976194,-3.6835638303835054,4.082194066976194,2.808523116439432,28.788195180122116,0.5189684643107249,0.954662526352791,False
ICAM1,primary glomerular three-source-study synthesis,GSE96804;GSE30528;GSE104948_H7,GSE96804;GSE30528;GSE104948_H7,3.0,0.3553623070576053,0.45293079376182754,1.0307905077417123,0.4584969944146453,0.4584969944146453,-1.617391037542492,2.3281156516577024,-1.617391037542492,2.3281156516577024,0.5193949377091813,0.5193949377091813,-9.991813544781735,10.702538158896946,-9.991813544781735,10.702538158896946,7.491697391304244,73.30378023114712,0.5193949377091813,0.954662526352791,False
ICAM2,primary glomerular three-source-study synthesis,GSE96804;GSE30528;GSE104948_H7,GSE96804;GSE30528;GSE104948_H7,3.0,0.21245262395450853,0.6361250804213634,1.0353082810754526,0.5245372789332251,0.5245372789332251,-2.0444491311028874,2.469354379011904,-2.0444491311028874,2.469354379011904,0.7246707985848435,0.7246707985848435,-11.916912229177157,12.341817477086174,-11.916912229177157,12.341817477086174,9.250905415124828,78.38049455429426,0.7246707985848435,1.0,False
ICAM3,primary glomerular three-source-study synthesis,GSE96804;GSE30528;GSE104948_H7,GSE96804;GSE30528;GSE104948_H7,3.0,0.4744739457638937,2.988774372097489,0.9927829087745964,1.0270938079823437,1.030820305868586,-3.944754030860107,4.893701922387894,-3.960787857162754,4.909735748690541,0.6894926972414119,0.6905075095028386,-25.076361291163792,26.02530918269158,-25.10057821431045,26.049526105838236,38.173039314824806,94.76070012789555,0.6905075095028386,1.0,False
ICAM4,primary glomerular three-source-study synthesis,GSE96804;GSE30528;GSE104948_H7,GSE96804;GSE30528;GSE104948_H7,3.0,-0.26593911414439375,0.22732257685727464,1.0552763861714467,0.36427559748759586,0.36427559748759586,-1.8332905080555144,1.3014122797667267,-1.8332905080555144,1.3014122797667267,0.5412913220201523,0.5412913220201523,-7.889866181871941,7.357987953583153,-7.889866181871941,7.357987953583153,4.920111905557324,59.35051806970129,0.5412913220201523,0.9702342105654901,False
ICAM5,primary glomerular three-source-study synthesis,GSE96804;GSE30528;GSE104948_H7,GSE96804;GSE30528;GSE104948_H7,3.0,-0.23335000625569133,0.13413421376130544,1.043802166071019,0.3115367441208961,0.3115367441208961,-1.5737844287647245,1.107084416253342,-1.5737844287647245,1.107084416253342,0.5319524213690265,0.5319524213690265,-6.3427669795967025,5.876066967085319,-6.3427669795967025,5.876066967085319,3.8389172153899516,47.90197631816234,0.5319524213690265,0.9686482463533669,False
IGHA1,primary glomerular three-source-study synthesis,GSE96804;GSE30528;GSE104948_H7,GSE96804;GSE30528,2.0,0.9016415020512377,0.0,0.44551601947816166,0.1618062553216,0.24241731953009316,-1.1543019056587682,2.9575849097612434,-2.178562591492806,3.9818455955952814,0.11304287566575225,0.16720884694914,,,,,0.44551601947816166,0.0,0.16720884694914,0.7521577393329717,False
IGHA2,primary glomerular three-source-study synthesis,GSE96804;GSE30528;GSE104948_H7,,0.0,,,,,,,,,,,,,,,,,,1.0,1.0,False
IGHG1,primary glomerular three-source-study synthesis,GSE96804;GSE30528;GSE104948_H7,GSE30528,1.0,,,,,,,,,,,,,,,,,,1.0,1.0,False
IGHG2,primary glomerular three-source-study synthesis,GSE96804;GSE30528;GSE104948_H7,,0.0,,,,,,,,,,,,,,,,,,1.0,1.0,False
IGHG3,primary glomerular three-source-study synthesis,GSE96804;GSE30528;GSE104948_H7,,0.0,,,,,,,,,,,,,,,,,,1.0,1.0,False
IGHG4,primary glomerular three-source-study synthesis,GSE96804;GSE30528;GSE104948_H7,GSE96804,1.0,,,,,,,,,,,,,,,,,,1.0,1.0,False
IGHM,primary glomerular three-source-study synthesis,GSE96804;GSE30528;GSE104948_H7,GSE96804;GSE30528;GSE104948_H7,3.0,0.7830608364889003,0.23336965114560432,0.9552395279327592,0.3551879340491951,0.36341434106568654,-0.7451894975219407,2.3113111704997413,-0.7805848701274779,2.3467065431052787,0.15829159455555228,0.16398236320358542,-6.835663859756054,8.401785532733856,-6.898043648091327,8.464165321069128,4.952033786002596,59.61255341889641,0.16398236320358542,0.7521577393329717,False
IGHV1-2,primary glomerular three-source-study synthesis,GSE96804;GSE30528;GSE104948_H7,GSE104948_H7,1.0,,,,,,,,,,,,,,,,,,1.0,1.0,False
IGHV1-46,primary glomerular three-source-study synthesis,GSE96804;GSE30528;GSE104948_H7,GSE96804;GSE104948_H7,2.0,0.2642461901018744,0.08112486974975315,1.0000000148491974,0.31760819572918797,0.31760819572918797,-3.771348570720233,4.299840950923982,-3.771348570720233,4.299840950923982,0.5582216871885146,0.5582216871885146,,,,,1.5889426096532033,37.06506491016335,0.5582216871885146,0.9782358647312983,False
IGHV1-69,primary glomerular three-source-study synthesis,GSE96804;GSE30528;GSE104948_H7,GSE96804,1.0,,,,,,,,,,,,,,,,,,1.0,1.0,False
IGHV2-5,primary glomerular three-source-study synthesis,GSE96804;GSE30528;GSE104948_H7,GSE96804,1.0,,,,,,,,,,,,,,,,,,1.0,1.0,False
IGHV2-70,primary glomerular three-source-study synthesis,GSE96804;GSE30528;GSE104948_H7,GSE96804,1.0,,,,,,,,,,,,,,,,,,1.0,1.0,False
IGHV3-11,primary glomerular three-source-study synthesis,GSE96804;GSE30528;GSE104948_H7,GSE96804,1.0,,,,,,,,,,,,,,,,,,1.0,1.0,False
IGHV3-13,primary glomerular three-source-study synthesis,GSE96804;GSE30528;GSE104948_H7,GSE96804,1.0,,,,,,,,,,,,,,,,,,1.0,1.0,False
IGHV3-23,primary glomerular three-source-study synthesis,GSE96804;GSE30528;GSE104948_H7,GSE96804;GSE104948_H7,2.0,0.6771316592404735,0.0,0.8063730485396445,0.21467079554978308,0.239058925861775,-2.0505194198925696,3.4047827383735165,-2.360399996769247,3.7146633152501938,0.19544619369473745,0.21605997836791965,,,,,0.8063730485396445,0.0,0.21605997836791965,0.754127183883559,False
IGHV3-30,primary glomerular three-source-study synthesis,GSE96804;GSE30528;GSE104948_H7,GSE96804,1.0,,,,,,,,,,,,,,,,,,1.0,1.0,False
IGHV3-33,primary glomerular three-source-study synthesis,GSE96804;GSE30528;GSE104948_H7,GSE96804,1.0,,,,,,,,,,,,,,,,,,1.0,1.0,False
IGHV3-48,primary glomerular three-source-study synthesis,GSE96804;GSE30528;GSE104948_H7,GSE96804,1.0,,,,,,,,,,,,,,,,,,1.0,1.0,False
IGHV3-53,primary glomerular three-source-study synthesis,GSE96804;GSE30528;GSE104948_H7,GSE96804,1.0,,,,,,,,,,,,,,,,,,1.0,1.0,False
IGHV3-7,primary glomerular three-source-study synthesis,GSE96804;GSE30528;GSE104948_H7,GSE96804;GSE104948_H7,2.0,0.7316591203885253,0.1280343090365441,0.9999999995967515,0.36064965897714213,0.36064965904985785,-3.8508292846066263,5.314147525383677,-3.8508292855305672,5.314147526307618,0.2915513908838355,0.291551390934738,,,,,1.8357757241106512,45.527114948398506,0.291551390934738,0.7992778828604795,False
IGHV3-9,primary glomerular three-source-study synthesis,GSE96804;GSE30528;GSE104948_H7,GSE96804,1.0,,,,,,,,,,,,,,,,,,1.0,1.0,False
IGHV4-34,primary glomerular three-source-study synthesis,GSE96804;GSE30528;GSE104948_H7,GSE96804;GSE104948_H7,2.0,0.040515620119481385,0.7723142359946131,0.9999999991831208,0.6749292582407166,0.6749292585163844,-8.535273717521584,8.616304957760548,-8.535273721024277,8.616304961263241,0.961829881678591,0.9618298816941443,,,,,6.386189829305481,84.34121085140444,0.9618298816941443,1.0,False
IGHV4-39,primary glomerular three-source-study synthesis,GSE96804;GSE30528;GSE104948_H7,GSE96804,1.0,,,,,,,,,,,,,,,,,,1.0,1.0,False
IGHV4-59,primary glomerular three-source-study synthesis,GSE96804;GSE30528;GSE104948_H7,GSE96804,1.0,,,,,,,,,,,,,,,,,,1.0,1.0,False
IGHV7-81,primary glomerular three-source-study synthesis,GSE96804;GSE30528;GSE104948_H7,GSE96804,1.0,,,,,,,,,,,,,,,,,,1.0,1.0,False
IGKC,primary glomerular three-source-study synthesis,GSE96804;GSE30528;GSE104948_H7,GSE30528;GSE104948_H7,2.0,1.0409217247598876,0.0,0.09061418928997696,0.09964182622007131,0.33101187476825905,-0.22514771947867818,2.3069911689984535,-3.16498292615063,5.246826375670405,0.06075506047990503,0.19600669262501477,,,,,0.09061418928997696,0.0,0.19600669262501477,0.754127183883559,False
IGKV1-12,primary glomerular three-source-study synthesis,GSE96804;GSE30528;GSE104948_H7,,0.0,,,,,,,,,,,,,,,,,,1.0,1.0,False
IGKV1-16,primary glomerular three-source-study synthesis,GSE96804;GSE30528;GSE104948_H7,,0.0,,,,,,,,,,,,,,,,,,1.0,1.0,False
IGKV1-17,primary glomerular three-source-study synthesis,GSE96804;GSE30528;GSE104948_H7,GSE96804;GSE30528,2.0,0.8377541415895775,0.0,0.3255479998316831,0.13739589101164978,0.24080540415391505,-0.9080261795135891,2.583534462692744,-2.221968625167359,3.8974769083465146,0.10348754908686719,0.178187260919139,,,,,0.3255479998316831,0.0,0.178187260919139,0.7521577393329717,False
IGKV1-33,primary glomerular three-source-study synthesis,GSE96804;GSE30528;GSE104948_H7,,0.0,,,,,,,,,,,,,,,,,,1.0,1.0,False
IGKV1-39,primary glomerular three-source-study synthesis,GSE96804;GSE30528;GSE104948_H7,,0.0,,,,,,,,,,,,,,,,,,1.0,1.0,False
IGKV1-5,primary glomerular three-source-study synthesis,GSE96804;GSE30528;GSE104948_H7,GSE96804,1.0,,,,,,,,,,,,,,,,,,1.0,1.0,False
IGKV1D-12,primary glomerular three-source-study synthesis,GSE96804;GSE30528;GSE104948_H7,GSE96804,1.0,,,,,,,,,,,,,,,,,,1.0,1.0,False
IGKV1D-16,primary glomerular three-source-study synthesis,GSE96804;GSE30528;GSE104948_H7,GSE96804,1.0,,,,,,,,,,,,,,,,,,1.0,1.0,False
IGKV1D-33,primary glomerular three-source-study synthesis,GSE96804;GSE30528;GSE104948_H7,GSE96804,1.0,,,,,,,,,,,,,,,,,,1.0,1.0,False
IGKV1D-39,primary glomerular three-source-study synthesis,GSE96804;GSE30528;GSE104948_H7,GSE96804,1.0,,,,,,,,,,,,,,,,,,1.0,1.0,False
IGKV2-28,primary glomerular three-source-study synthesis,GSE96804;GSE30528;GSE104948_H7,GSE96804,1.0,,,,,,,,,,,,,,,,,,1.0,1.0,False
IGKV2-29,primary glomerular three-source-study synthesis,GSE96804;GSE30528;GSE104948_H7,GSE96804,1.0,,,,,,,,,,,,,,,,,,1.0,1.0,False
IGKV2-30,primary glomerular three-source-study synthesis,GSE96804;GSE30528;GSE104948_H7,,0.0,,,,,,,,,,,,,,,,,,1.0,1.0,False
IGKV2D-28,primary glomerular three-source-study synthesis,GSE96804;GSE30528;GSE104948_H7,GSE96804,1.0,,,,,,,,,,,,,,,,,,1.0,1.0,False
IGKV2D-30,primary glomerular three-source-study synthesis,GSE96804;GSE30528;GSE104948_H7,GSE96804,1.0,,,,,,,,,,,,,,,,,,1.0,1.0,False
IGKV2D-40,primary glomerular three-source-study synthesis,GSE96804;GSE30528;GSE104948_H7,GSE96804,1.0,,,,,,,,,,,,,,,,,,1.0,1.0,False
IGKV3-11,primary glomerular three-source-study synthesis,GSE96804;GSE30528;GSE104948_H7,GSE96804,1.0,,,,,,,,,,,,,,,,,,1.0,1.0,False
IGKV3-15,primary glomerular three-source-study synthesis,GSE96804;GSE30528;GSE104948_H7,,0.0,,,,,,,,,,,,,,,,,,1.0,1.0,False
IGKV3-20,primary glomerular three-source-study synthesis,GSE96804;GSE30528;GSE104948_H7,,0.0,,,,,,,,,,,,,,,,,,1.0,1.0,False
IGKV3D-20,primary glomerular three-source-study synthesis,GSE96804;GSE30528;GSE104948_H7,GSE96804,1.0,,,,,,,,,,,,,,,,,,1.0,1.0,False
IGKV4-1,primary glomerular three-source-study synthesis,GSE96804;GSE30528;GSE104948_H7,GSE96804;GSE104948_H7,2.0,0.6518137521385533,0.0,0.011666403714588491,0.025718637659453,0.23811100021610926,0.3250274765020507,0.978600027775056,-2.3736733665426675,3.6773008708197743,0.025106104804798083,0.2229723908370035,,,,,0.011666403714588491,0.0,0.2229723908370035,0.754127183883559,False
IGKV5-2,primary glomerular three-source-study synthesis,GSE96804;GSE30528;GSE104948_H7,GSE96804,1.0,,,,,,,,,,,,,,,,,,1.0,1.0,False
IGLC1,primary glomerular three-source-study synthesis,GSE96804;GSE30528;GSE104948_H7,GSE30528,1.0,,,,,,,,,,,,,,,,,,1.0,1.0,False
IGLC2,primary glomerular three-source-study synthesis,GSE96804;GSE30528;GSE104948_H7,,0.0,,,,,,,,,,,,,,,,,,1.0,1.0,False
IGLC3,primary glomerular three-source-study synthesis,GSE96804;GSE30528;GSE104948_H7,,0.0,,,,,,,,,,,,,,,,,,1.0,1.0,False
IGLC6,primary glomerular three-source-study synthesis,GSE96804;GSE30528;GSE104948_H7,,0.0,,,,,,,,,,,,,,,,,,1.0,1.0,False
IGLC7,primary glomerular three-source-study synthesis,GSE96804;GSE30528;GSE104948_H7,GSE96804,1.0,,,,,,,,,,,,,,,,,,1.0,1.0,False
IGLL1,primary glomerular three-source-study synthesis,GSE96804;GSE30528;GSE104948_H7,GSE96804;GSE30528;GSE104948_H7,3.0,0.5017068683576239,0.011249714531641603,1.0745924566405125,0.22796180833389848,0.22796180833389848,-0.479133628548848,1.4825473652640957,-0.479133628548848,1.4825473652640957,0.1587153939750279,0.1587153939750279,-2.692995381282432,3.69640911799768,-2.692995381282432,3.69640911799768,2.2997968390534793,13.035796639187739,0.1587153939750279,0.7521577393329717,False
IGLV1-36,primary glomerular three-source-study synthesis,GSE96804;GSE30528;GSE104948_H7,,0.0,,,,,,,,,,,,,,,,,,1.0,1.0,False
IGLV1-40,primary glomerular three-source-study synthesis,GSE96804;GSE30528;GSE104948_H7,GSE104948_H7,1.0,,,,,,,,,,,,,,,,,,1.0,1.0,False
IGLV1-44,primary glomerular three-source-study synthesis,GSE96804;GSE30528;GSE104948_H7,GSE30528,1.0,,,,,,,,,,,,,,,,,,1.0,1.0,False
IGLV1-47,primary glomerular three-source-study synthesis,GSE96804;GSE30528;GSE104948_H7,,0.0,,,,,,,,,,,,,,,,,,1.0,1.0,False
IGLV1-51,primary glomerular three-source-study synthesis,GSE96804;GSE30528;GSE104948_H7,,0.0,,,,,,,,,,,,,,,,,,1.0,1.0,False
IGLV10-54,primary glomerular three-source-study synthesis,GSE96804;GSE30528;GSE104948_H7,GSE96804,1.0,,,,,,,,,,,,,,,,,,1.0,1.0,False
IGLV11-55,primary glomerular three-source-study synthesis,GSE96804;GSE30528;GSE104948_H7,GSE96804,1.0,,,,,,,,,,,,,,,,,,1.0,1.0,False
IGLV2-11,primary glomerular three-source-study synthesis,GSE96804;GSE30528;GSE104948_H7,,0.0,,,,,,,,,,,,,,,,,,1.0,1.0,False
IGLV2-14,primary glomerular three-source-study synthesis,GSE96804;GSE30528;GSE104948_H7,GSE104948_H7,1.0,,,,,,,,,,,,,,,,,,1.0,1.0,False
IGLV2-18,primary glomerular three-source-study synthesis,GSE96804;GSE30528;GSE104948_H7,GSE96804,1.0,,,,,,,,,,,,,,,,,,1.0,1.0,False
IGLV2-23,primary glomerular three-source-study synthesis,GSE96804;GSE30528;GSE104948_H7,,0.0,,,,,,,,,,,,,,,,,,1.0,1.0,False
IGLV2-33,primary glomerular three-source-study synthesis,GSE96804;GSE30528;GSE104948_H7,GSE96804,1.0,,,,,,,,,,,,,,,,,,1.0,1.0,False
IGLV2-8,primary glomerular three-source-study synthesis,GSE96804;GSE30528;GSE104948_H7,,0.0,,,,,,,,,,,,,,,,,,1.0,1.0,False
IGLV3-1,primary glomerular three-source-study synthesis,GSE96804;GSE30528;GSE104948_H7,GSE96804,1.0,,,,,,,,,,,,,,,,,,1.0,1.0,False
IGLV3-12,primary glomerular three-source-study synthesis,GSE96804;GSE30528;GSE104948_H7,GSE96804,1.0,,,,,,,,,,,,,,,,,,1.0,1.0,False
IGLV3-16,primary glomerular three-source-study synthesis,GSE96804;GSE30528;GSE104948_H7,GSE96804,1.0,,,,,,,,,,,,,,,,,,1.0,1.0,False
IGLV3-19,primary glomerular three-source-study synthesis,GSE96804;GSE30528;GSE104948_H7,GSE104948_H7,1.0,,,,,,,,,,,,,,,,,,1.0,1.0,False
IGLV3-21,primary glomerular three-source-study synthesis,GSE96804;GSE30528;GSE104948_H7,,0.0,,,,,,,,,,,,,,,,,,1.0,1.0,False
IGLV3-22,primary glomerular three-source-study synthesis,GSE96804;GSE30528;GSE104948_H7,GSE96804,1.0,,,,,,,,,,,,,,,,,,1.0,1.0,False
IGLV3-25,primary glomerular three-source-study synthesis,GSE96804;GSE30528;GSE104948_H7,GSE96804;GSE104948_H7,2.0,0.4221914875399512,0.0,0.06849081243985024,0.061492571918279934,0.23496679811341425,-0.35914572100766023,1.2035286960875626,-2.563344755492516,3.4077277305724185,0.09207677724200124,0.32330804074713015,,,,,0.06849081243985024,0.0,0.32330804074713015,0.8197589673563219,False
IGLV3-27,primary glomerular three-source-study synthesis,GSE96804;GSE30528;GSE104948_H7,GSE96804,1.0,,,,,,,,,,,,,,,,,,1.0,1.0,False
IGLV4-3,primary glomerular three-source-study synthesis,GSE96804;GSE30528;GSE104948_H7,GSE96804,1.0,,,,,,,,,,,,,,,,,,1.0,1.0,False
IGLV4-60,primary glomerular three-source-study synthesis,GSE96804;GSE30528;GSE104948_H7,GSE96804;GSE30528;GSE104948_H7,3.0,-0.027083477923195518,0.5411458841353244,1.0418380739470003,0.4930975130247313,0.4930975130247313,-2.1487108383717266,2.0945438825253357,-2.1487108383717266,2.0945438825253357,0.9611912792025603,0.9611912792025603,-11.279724802434371,11.22555784658798,-11.279724802434371,11.22555784658798,8.188732244034028,75.57619494205447,0.9611912792025603,1.0,False
IGLV4-69,primary glomerular three-source-study synthesis,GSE96804;GSE30528;GSE104948_H7,GSE96804,1.0,,,,,,,,,,,,,,,,,,1.0,1.0,False
IGLV5-37,primary glomerular three-source-study synthesis,GSE96804;GSE30528;GSE104948_H7,GSE96804,1.0,,,,,,,,,,,,,,,,,,1.0,1.0,False
IGLV5-45,primary glomerular three-source-study synthesis,GSE96804;GSE30528;GSE104948_H7,GSE104948_H7,1.0,,,,,,,,,,,,,,,,,,1.0,1.0,False
IGLV6-57,primary glomerular three-source-study synthesis,GSE96804;GSE30528;GSE104948_H7,GSE96804;GSE30528;GSE104948_H7,3.0,0.7277069537527328,0.0,0.24037582937045968,0.10361616830304922,0.2113402078988376,0.28188256435743836,1.1735313431480272,-0.18161656866901954,1.637030476174485,0.01967768033111568,0.07498042578393738,-0.5888612946837455,2.044275202189211,-1.957624996795622,3.4130389043010876,0.48075165874091935,0.0,0.07498042578393738,0.734378198964584,False
IGLV7-43,primary glomerular three-source-study synthesis,GSE96804;GSE30528;GSE104948_H7,GSE96804,1.0,,,,,,,,,,,,,,,,,,1.0,1.0,False
IGLV7-46,primary glomerular three-source-study synthesis,GSE96804;GSE30528;GSE104948_H7,GSE96804,1.0,,,,,,,,,,,,,,,,,,1.0,1.0,False
IGLV8-61,primary glomerular three-source-study synthesis,GSE96804;GSE30528;GSE104948_H7,,0.0,,,,,,,,,,,,,,,,,,1.0,1.0,False
INPP5D,primary glomerular three-source-study synthesis,GSE96804;GSE30528;GSE104948_H7,GSE96804;GSE30528;GSE104948_H7,3.0,1.8390691750596033,0.6811128450782328,1.0970725836343163,0.5762547660961148,0.5762547660961148,-0.6403549673149829,4.318493317434189,-0.6403549673149829,4.318493317434189,0.0857431029554491,0.0857431029554491,-10.950610501785762,14.628748851904968,-10.950610501785762,14.628748851904968,6.942169832917019,71.19056364024988,0.0857431029554491,0.734378198964584,False
ITGA1,primary glomerular three-source-study synthesis,GSE96804;GSE30528;GSE104948_H7,GSE96804;GSE30528,2.0,0.11850099932322265,0.9331261694837937,1.0000000075004054,0.7311576039706646,0.7311576039706646,-9.171737211138979,9.408739209785423,-9.171737211138979,9.408739209785423,0.8977104905405948,0.8977104905405948,,,,,7.6964798392599985,87.00704710614629,0.8977104905405948,1.0,False
ITGA10,primary glomerular three-source-study synthesis,GSE96804;GSE30528;GSE104948_H7,GSE30528;GSE104948_H7,2.0,0.4013293712861741,0.5574947887132048,0.9999999769018766,0.6174404539767391,0.6174404611075971,-7.443995449338922,8.24665419191127,-7.443995539945063,8.246654282517412,0.6330731568324528,0.6330731601920317,,,,,3.715289349883994,73.08419598513306,0.6330731601920317,1.0,False
ITGA11,primary glomerular three-source-study synthesis,GSE96804;GSE30528;GSE104948_H7,GSE96804,1.0,,,,,,,,,,,,,,,,,,1.0,1.0,False
ITGA2,primary glomerular three-source-study synthesis,GSE96804;GSE30528;GSE104948_H7,GSE96804;GSE30528;GSE104948_H7,3.0,0.7379722317571602,0.0,0.43731415369679866,0.140287623069244,0.21214001252076506,0.1343633074082139,1.3415811561061064,-0.1747925722043946,1.650737035718715,0.03428963978450172,0.07362540025741568,-1.0445510289119582,2.520495492426279,-1.957522200066344,3.4334666635806643,0.8746283073935973,0.0,0.07362540025741568,0.734378198964584,False
ITGA2B,primary glomerular three-source-study synthesis,GSE96804;GSE30528;GSE104948_H7,GSE96804;GSE30528;GSE104948_H7,3.0,0.6693041317883923,0.0,0.48471016847150383,0.1468332184788635,0.2109032406594856,0.03753178348241115,1.3010764800943735,-0.23813927234815113,1.5767475359249357,0.04491100474693842,0.08659091201719728,-1.1963888042755166,2.5349970678523013,-2.010475623553755,3.34908388713054,0.9694203369430077,0.0,0.08659091201719728,0.734378198964584,False
ITGA3,primary glomerular three-source-study synthesis,GSE96804;GSE30528;GSE104948_H7,GSE96804;GSE30528;GSE104948_H7,3.0,-1.1238809383763226,1.6960860922345875,1.0371042101356869,0.8114159356433618,0.8114159356433618,-4.615121928834447,2.3673600520818017,-4.615121928834447,2.3673600520818017,0.30028873040938175,0.30028873040938175,-20.62068953417874,18.372927657426093,-20.62068953417874,18.372927657426093,15.036570217639657,86.69909446734225,0.30028873040938175,0.7992778828604795,False
ITGA4,primary glomerular three-source-study synthesis,GSE96804;GSE30528;GSE104948_H7,GSE96804;GSE30528;GSE104948_H7,3.0,1.3597567391215564,0.3565302265774055,1.0378925741349063,0.4346592741517745,0.4346592741517745,-0.5104311733184961,3.229944651561609,-0.5104311733184961,3.229944651561609,0.08878464984003814,0.08878464984003814,-8.024434929407388,10.7439484076505,-8.024434929407388,10.7439484076505,5.6876551620064975,64.83612414901684,0.08878464984003814,0.734378198964584,False
ITGA5,primary glomerular three-source-study synthesis,GSE96804;GSE30528;GSE104948_H7,GSE96804;GSE30528;GSE104948_H7,3.0,1.1906289705813622,1.0345941929271816,1.0108484792843166,0.6412892997316537,0.6412892997316537,-1.5686161854681586,3.949874126630883,-1.5686161854681586,3.949874126630883,0.20449554009747933,0.20449554009747933,-14.087736400600672,16.4689943417634,-14.087736400600672,16.4689943417634,13.1349973247974,84.77350279908909,0.20449554009747933,0.754127183883559,False
ITGA6,primary glomerular three-source-study synthesis,GSE96804;GSE30528;GSE104948_H7,GSE96804;GSE30528;GSE104948_H7,3.0,0.13874636714604502,0.496115013117021,1.02787875635901,0.47284917831457346,0.47284917831457346,-1.8957594406889444,2.1732521749810343,-1.8957594406889444,2.1732521749810343,0.7968431232895911,0.7968431232895911,-10.640589650312533,10.918082384604622,-10.640589650312533,10.918082384604622,8.061546340912546,75.1908639431873,0.7968431232895911,1.0,False
ITGA7,primary glomerular three-source-study synthesis,GSE96804;GSE30528;GSE104948_H7,GSE96804;GSE30528;GSE104948_H7,3.0,1.0490855090710862,0.3758089510642027,1.0968021562588826,0.44900266696708235,0.44900266696708235,-0.8828170416196193,2.980988059761792,-0.8828170416196193,2.980988059761792,0.14450456399997114,0.14450456399997114,-8.606061298488504,10.704232316630675,-8.606061298488504,10.704232316630675,5.778983349653581,65.39183660877151,0.14450456399997114,0.7521577393329717,False
ITGA8,primary glomerular three-source-study synthesis,GSE96804;GSE30528;GSE104948_H7,GSE96804;GSE30528;GSE104948_H7,3.0,-0.7868347932279338,0.19743842828140987,1.1366475095517212,0.3678615910143187,0.3678615910143187,-2.3696154719756723,0.7959458855198047,-2.3696154719756723,0.7959458855198047,0.16584116489222567,0.16584116489222567,-8.11646027285752,6.542790686401652,-8.11646027285752,6.542790686401652,4.354657023094215,54.072157935898844,0.16584116489222567,0.7521577393329717,False
ITGA9,primary glomerular three-source-study synthesis,GSE96804;GSE30528;GSE104948_H7,GSE96804;GSE30528;GSE104948_H7,3.0,0.04576421363433309,0.8413265739140511,0.9776915400007316,0.5714031993078988,0.5778854222288136,-2.412785321655374,2.50431374892404,-2.440676075800892,2.532204503069558,0.9434577610567234,0.9440900095824158,-13.685335662625867,13.776864089894534,-13.729063547487177,13.820591974755844,14.140075654358093,85.85580410679357,0.9440900095824158,1.0,False
ITGAD,primary glomerular three-source-study synthesis,GSE96804;GSE30528;GSE104948_H7,GSE96804,1.0,,,,,,,,,,,,,,,,,,1.0,1.0,False
ITGAE,primary glomerular three-source-study synthesis,GSE96804;GSE30528;GSE104948_H7,GSE96804;GSE30528;GSE104948_H7,3.0,0.6628944137029774,0.5762226702038798,1.0776994755113218,0.5171305767958626,0.5171305767958626,-1.5621388741846545,2.887927701590609,-1.5621388741846545,2.887927701590609,0.3284117049042465,0.3284117049042465,-11.00778544162051,12.333574269026464,-11.00778544162051,12.333574269026464,7.555306866521969,73.528540463894,0.3284117049042465,0.8197589673563219,False
ITGAL,primary glomerular three-source-study synthesis,GSE96804;GSE30528;GSE104948_H7,GSE96804;GSE30528;GSE104948_H7,3.0,1.360405719796983,1.1338897489077135,0.9899461353248187,0.6660153834045944,0.6693888564234451,-1.5052271876639298,4.226038627257896,-1.519742070557224,4.24055351015119,0.1778272239429465,0.17917672143549596,-14.598234563916481,17.319046003510447,-14.621005772095208,17.341817211689175,14.42465894939907,86.13485416178024,0.17917672143549596,0.7521577393329717,False
ITGAM,primary glomerular three-source-study synthesis,GSE96804;GSE30528;GSE104948_H7,GSE96804;GSE30528;GSE104948_H7,3.0,1.0676276618661056,0.4740018687748169,0.9478736473158513,0.4548417464568418,0.467180915955708,-0.8893984201304372,3.0246537438626486,-0.9424895814575753,3.0777449051897863,0.1434524249937872,0.14965687886876342,-9.416976945525533,11.552232269257743,-9.504208629774789,11.639463953506999,8.05264899710688,75.16345241524185,0.14965687886876342,0.7521577393329717,False
ITGAV,primary glomerular three-source-study synthesis,GSE96804;GSE30528;GSE104948_H7,GSE96804;GSE30528;GSE104948_H7,3.0,-0.6206307194228026,0.5735992832569946,1.065877213551667,0.5141486842993652,0.5141486842993652,-2.8328339594205607,1.5915725205749558,-2.8328339594205607,1.5915725205749558,0.3507848780170327,0.3507848780170327,-12.251828022718673,11.010566583873068,-12.251828022718673,11.010566583873068,7.724231545474132,74.10745666768803,0.3507848780170327,0.8273028900220981,False
ITGAX,primary glomerular three-source-study synthesis,GSE96804;GSE30528;GSE104948_H7,GSE96804;GSE30528;GSE104948_H7,3.0,1.1003536969106549,0.4177985619006587,0.9158573027720261,0.42750481683853453,0.44671147235725794,-0.7390510702407094,2.9397584640620193,-0.8216906390377023,3.0223980328590123,0.12357853105633758,0.13276762583507742,-8.746413349135459,10.94712074295677,-8.883115219717386,11.083822613538697,7.460751362105034,73.19304848894328,0.13276762583507742,0.7521577393329717,False
ITGB1,primary glomerular three-source-study synthesis,GSE96804;GSE30528;GSE104948_H7,GSE96804;GSE30528,2.0,0.5707178704711299,0.0,0.8936619123909679,0.22290167081762707,0.23579071503302032,-2.261516394973056,3.402952135915316,-2.4252872296274504,3.5667229705697103,0.237042343307988,0.2494205463214379,,,,,0.8936619123909679,0.0,0.2494205463214379,0.7663284375949244,False
ITGB2,primary glomerular three-source-study synthesis,GSE96804;GSE30528;GSE104948_H7,GSE96804;GSE30528;GSE104948_H7,3.0,1.856033027816823,2.5065938865782447,1.0058133686708526,0.9646445442349236,0.9646445442349236,-2.294497453673497,6.006563509307142,-2.294497453673497,6.006563509307142,0.1942419296183381,0.1942419296183381,-21.700643401322488,25.412709456956136,-21.700643401322488,25.412709456956136,22.926475263676593,91.27646104777088,0.1942419296183381,0.754127183883559,False
ITGB3,primary glomerular three-source-study synthesis,GSE96804;GSE30528;GSE104948_H7,GSE96804;GSE30528;GSE104948_H7,3.0,-0.047249733922602566,1.200730747317335,1.0357151752094071,0.6886645604120138,0.6886645604120138,-3.010334184661067,2.915834716815862,-3.010334184661067,2.915834716815862,0.9515419276822784,0.9515419276822784,-16.491796544915967,16.397297077070764,-16.491796544915967,16.397297077070764,13.297465115637948,84.9595394114027,0.9515419276822784,1.0,False
ITGB4,primary glomerular three-source-study synthesis,GSE96804;GSE30528;GSE104948_H7,GSE96804;GSE30528;GSE104948_H7,3.0,0.7211467520006202,0.0,0.2800900417278437,0.11184921672178673,0.21134117271169944,0.23989841435228537,1.202395089648955,-0.1881809216758259,1.6304744256770662,0.023221112380381097,0.07619874367509435,-0.7000322952471761,2.1423257992484164,-1.9641974576574897,3.4064909616587298,0.5601800834556874,0.0,0.07619874367509435,0.734378198964584,False
ITGB5,primary glomerular three-source-study synthesis,GSE96804;GSE30528;GSE104948_H7,GSE96804;GSE30528;GSE104948_H7,3.0,-0.9609629009354199,0.0550716574904033,1.081506703160213,0.27273011777002476,0.27273011777002476,-2.134425886643509,0.21250008477266924,-2.134425886643509,0.21250008477266924,0.07196135623944018,0.07196135623944018,-5.532608301474793,3.6106824996039535,-5.532608301474793,3.6106824996039535,2.8312398042989813,29.35956901414069,0.07196135623944018,0.734378198964584,False
ITGB6,primary glomerular three-source-study synthesis,GSE96804;GSE30528;GSE104948_H7,GSE96804;GSE30528;GSE104948_H7,3.0,1.260094111672985,0.06941736549351997,0.8217233909366939,0.25352715476679105,0.2796801589113116,0.16925480715003705,2.3509334161959328,0.05672751247646679,2.4634607108695032,0.03817714040423289,0.045897602811548296,-3.3858160382166886,5.906004261562659,-3.6221045834272347,6.142292806773205,2.461258449885092,18.740756376341807,0.045897602811548296,0.734378198964584,False
ITGB7,primary glomerular three-source-study synthesis,GSE96804;GSE30528;GSE104948_H7,GSE96804;GSE30528;GSE104948_H7,3.0,1.1096327738061649,1.97483242399358,1.0022638593265476,0.8556616577844983,0.8556616577844983,-2.5719821938022567,4.791247741414587,-2.5719821938022567,4.791247741414587,0.3241479097037857,0.3241479097037857,-19.795797864805035,22.015063412417366,-19.795797864805035,22.015063412417366,22.30461933460147,91.0332475529077,0.3241479097037857,0.8197589673563219,False
ITGB8,primary glomerular three-source-study synthesis,GSE96804;GSE30528;GSE104948_H7,GSE96804;GSE30528;GSE104948_H7,3.0,-0.25261419204190694,0.0,1.1257723625911158,0.21976402301712616,0.21976402301712616,-1.1981824655772684,0.6929540814934545,-1.1981824655772684,0.6929540814934545,0.3692650091922054,0.3692650091922054,-3.0449808621429195,2.539752478059106,-3.0449808621429195,2.539752478059106,2.2515447251822316,11.172095422704627,0.3692650091922054,0.844380444677696,False
JAM2,primary glomerular three-source-study synthesis,GSE96804;GSE30528;GSE104948_H7,GSE96804;GSE30528;GSE104948_H7,3.0,0.43609744301903575,0.5401917448347254,0.9836022677700601,0.47814629592990154,0.48211543430005466,-1.621200022383349,2.4933949084214206,-1.6382778464264418,2.5104727324645135,0.45801464327187513,0.4611774084198531,-10.704973751015556,11.577168637053626,-10.732555598712654,11.604750484750724,9.443180515952116,78.82069503361232,0.4611774084198531,0.911529979194098,False
JAM3,primary glomerular three-source-study synthesis,GSE96804;GSE30528;GSE104948_H7,GSE96804;GSE30528;GSE104948_H7,3.0,-1.036242213267573,1.0815636938945077,1.033364047792807,0.6638027437628291,0.6638027437628291,-3.8923549007338925,1.8198704741987464,-3.8923549007338925,1.8198704741987464,0.2588936087792972,0.2588936087792972,-16.712824647023535,14.640340220488387,-16.712824647023535,14.640340220488387,12.043194855894454,83.39311101471455,0.2588936087792972,0.7741604574072911,False
JAML,primary glomerular three-source-study synthesis,GSE96804;GSE30528;GSE104948_H7,,0.0,,,,,,,,,,,,,,,,,,1.0,1.0,False
JCHAIN,primary glomerular three-source-study synthesis,GSE96804;GSE30528;GSE104948_H7,GSE104948_H7,1.0,,,,,,,,,,,,,,,,,,1.0,1.0,False
JUNB,primary glomerular three-source-study synthesis,GSE96804;GSE30528;GSE104948_H7,GSE96804;GSE30528;GSE104948_H7,3.0,-1.0993171363287764,0.8815701530537443,0.9740724505982981,0.5843408723385163,0.5920666984363951,-3.6135329858002754,1.4148987131427226,-3.6467745325498835,1.4481402598923308,0.20066185369602219,0.20447542360166887,-15.15116409272112,12.952529820063566,-15.203279534177916,13.004645261520363,13.920902597448691,85.63311548227811,0.20447542360166887,0.754127183883559,False
KDR,primary glomerular three-source-study synthesis,GSE96804;GSE30528;GSE104948_H7,GSE96804;GSE30528;GSE104948_H7,3.0,-0.9010010773922262,0.20501794507188453,1.0596470754077223,0.3595503929389745,0.3595503929389745,-2.4480215570535964,0.646019402269144,-2.4480215570535964,0.646019402269144,0.12911421012050744,0.12911421012050744,-8.247499999218402,6.445497844433949,-8.247499999218402,6.445497844433949,4.4838735232761415,55.39570887497513,0.12911421012050744,0.7521577393329717,False
KLK2,primary glomerular three-source-study synthesis,GSE96804;GSE30528;GSE104948_H7,GSE96804;GSE30528;GSE104948_H7,3.0,-0.30274027600992337,0.7623719762818424,1.0555044275205376,0.5714093929523105,0.5714093929523105,-2.761316460400665,2.1558359083808183,-2.761316460400665,2.1558359083808183,0.6491766053251458,0.6491766053251458,-13.561594419808014,12.956113867788165,-13.561594419808014,12.956113867788165,9.455178125013221,78.84756930481198,0.6491766053251458,1.0,False
KLK7,primary glomerular three-source-study synthesis,GSE96804;GSE30528;GSE104948_H7,GSE96804;GSE30528;GSE104948_H7,3.0,-1.406861087295082,0.4184185351899195,1.1084616114442434,0.4771979699393594,0.4771979699393594,-3.4600782352855686,0.6463560606954046,-3.4600782352855686,0.6463560606954046,0.09836859242212206,0.09836859242212206,-11.620440391751599,8.806718217161434,-11.620440391751599,8.806718217161434,5.702646894500405,64.9285667340058,0.09836859242212206,0.734378198964584,False
KLKB1,primary glomerular three-source-study synthesis,GSE96804;GSE30528;GSE104948_H7,GSE96804;GSE30528;GSE104948_H7,3.0,0.18399065694380803,0.03170227246092169,0.8367463343356014,0.2148157967613103,0.23483850414959676,-0.7402871173845493,1.1082684312721653,-0.8264378739857349,1.194419187873351,0.481961423917954,0.5153957376296481,-3.3612021119036823,3.729183425791298,-3.560599137477178,3.9285804513647937,2.1264659871659513,5.947237714086312,0.5153957376296481,0.954662526352791,False
KNG1,primary glomerular three-source-study synthesis,GSE96804;GSE30528;GSE104948_H7,GSE96804;GSE30528;GSE104948_H7,3.0,-0.4832095574359183,0.28411251568205953,0.9342236551783147,0.3681576731187713,0.38089776695759053,-2.06726417465861,1.1008450597867732,-2.1220803741914693,1.155661259319633,0.31974129904024773,0.3322532681711145,-8.714364970934241,7.747945856062405,-8.807428449723385,7.841009334851549,6.127343348137108,67.35942664926623,0.3322532681711145,0.8197589673563219,False
KRAS,primary glomerular three-source-study synthesis,GSE96804;GSE30528;GSE104948_H7,GSE96804;GSE30528;GSE104948_H7,3.0,0.3130294702414475,0.2009156738910235,1.0731299025524568,0.3540292736195142,0.3540292736195142,-1.2102355503087743,1.8362944907916694,-1.2102355503087743,1.8362944907916694,0.4698685111355075,0.4698685111355075,-6.944565152498306,7.570624092981202,-6.944565152498306,7.570624092981202,4.587701117184787,56.405180962893965,0.4698685111355075,0.9220727925290786,False
L1CAM,primary glomerular three-source-study synthesis,GSE96804;GSE30528;GSE104948_H7,GSE96804;GSE30528;GSE104948_H7,3.0,1.0035664740988386,0.0,0.1731765577953881,0.09019625993191199,0.21674244990246183,0.6154832900896055,1.3916496581080717,0.07099898037342522,1.936133967824252,0.007981071882986353,0.04361509146363283,-0.14248567103326537,2.1496186192309423,-1.7504074693819285,3.7575404175796057,0.3463531155907762,0.0,0.04361509146363283,0.734378198964584,False
LAMA1,primary glomerular three-source-study synthesis,GSE96804;GSE30528;GSE104948_H7,GSE96804;GSE30528,2.0,0.30646894741003344,0.09572194198244781,1.0000000059871836,0.32778054644994076,0.32778054644994076,-3.8583777843181335,4.4713156791382005,-3.8583777843181335,4.4713156791382005,0.5213831983274728,0.5213831983274728,,,,,1.7212704738186804,41.90337804485336,0.5213831983274728,0.9558471507418196,False
LAMA2,primary glomerular three-source-study synthesis,GSE96804;GSE30528;GSE104948_H7,GSE96804;GSE30528;GSE104948_H7,3.0,1.1585463213795664,0.0,1.01563974320319,0.22302087281235902,0.22302087281235902,0.19896495418236226,2.1181276885767706,0.19896495418236226,2.1181276885767706,0.0351161890095847,0.0351161890095847,-1.675202549014644,3.992295191773777,-1.675202549014644,3.992295191773777,2.03127948640638,1.5398908232819277,0.0351161890095847,0.734378198964584,False
LAMA3,primary glomerular three-source-study synthesis,GSE96804;GSE30528;GSE104948_H7,GSE96804;GSE30528;GSE104948_H7,3.0,-0.182780532368872,0.48017487905637246,1.0158902705173982,0.46450236189092675,0.46450236189092675,-2.1813728877339402,1.8158118229961964,-2.1813728877339402,1.8158118229961964,0.7319384860526759,0.7319384860526759,-10.782659663340997,10.417098598603253,-10.782659663340997,10.417098598603253,8.088865519162153,75.27465384036746,0.7319384860526759,1.0,False
LAMA4,primary glomerular three-source-study synthesis,GSE96804;GSE30528;GSE104948_H7,GSE96804;GSE30528;GSE104948_H7,3.0,1.2200428920035453,0.5022872399490229,1.0512638113538966,0.4890144087500434,0.4890144087500434,-0.8840162886916481,3.3241020726987385,-0.8840162886916481,3.3241020726987385,0.13004302025707368,0.13004302025707368,-9.72074706299265,12.160832846999742,-9.72074706299265,12.160832846999742,7.130676868882257,71.95217176748183,0.13004302025707368,0.7521577393329717,False
LAMA5,primary glomerular three-source-study synthesis,GSE96804;GSE30528;GSE104948_H7,GSE30528;GSE104948_H7,2.0,-0.2816657841517209,0.1098450540531183,1.0000000099778292,0.39300087099310166,0.39300087099310166,-5.275215312485049,4.711883744181607,-5.275215312485049,4.711883744181607,0.6041181392823837,0.6041181392823837,,,,,1.5518333408812965,35.56009052930302,0.6041181392823837,1.0,False
LAMB1,primary glomerular three-source-study synthesis,GSE96804;GSE30528;GSE104948_H7,GSE96804;GSE30528;GSE104948_H7,3.0,0.766602910045604,0.0,0.30264970010844633,0.1167178351274235,0.21216175525755554,0.2644065981241477,1.2687992219670603,-0.1462554453617546,1.6794612654529626,0.0224049578983137,0.06878483286994845,-0.7164377994465214,2.2496436195377294,-1.9291677894430843,3.4623736095342923,0.6052994002168927,0.0,0.06878483286994845,0.734378198964584,False
LAMB2,primary glomerular three-source-study synthesis,GSE96804;GSE30528;GSE104948_H7,GSE96804;GSE30528;GSE104948_H7,3.0,-0.6642902707078658,0.9323643415484741,1.0291473238090787,0.6159251370462993,0.6159251370462993,-3.3144022429414366,1.9858217015257051,-3.3144022429414366,1.9858217015257051,0.39359102582894623,0.39359102582894623,-15.216795452690674,13.888214911274941,-15.216795452690674,13.888214911274941,11.65695670708764,82.84286327679365,0.39359102582894623,0.8515761775154824,False
LAMB3,primary glomerular three-source-study synthesis,GSE96804;GSE30528;GSE104948_H7,GSE30528;GSE104948_H7,2.0,1.1709892093699141,0.0,0.5028373566975368,0.23809127964187546,0.33576059190279894,-1.8542473356575775,4.196225754397406,-3.095253613686249,5.437232032426077,0.12769990279463755,0.177770161723565,,,,,0.5028373566975368,0.0,0.177770161723565,0.7521577393329717,False
LAMC1,primary glomerular three-source-study synthesis,GSE96804;GSE30528;GSE104948_H7,GSE96804;GSE30528;GSE104948_H7,3.0,1.9112956794061164,2.1287721672992728,1.0566812271138364,0.9174928038879455,0.9174928038879455,-2.03635723776784,5.858948596580073,-2.03635723776784,5.858948596580073,0.17264092320298485,0.17264092320298485,-19.988264577595157,23.81085593640739,-19.988264577595157,23.81085593640739,13.374770127826096,85.04647197009378,0.17264092320298485,0.7521577393329717,False
LAMC2,primary glomerular three-source-study synthesis,GSE96804;GSE30528;GSE104948_H7,GSE96804;GSE30528;GSE104948_H7,3.0,1.3310136857019954,0.07674217037032428,0.9478223642961896,0.2785233548572702,0.2860870119574817,0.1326244126263838,2.529402958777607,0.1000806227572697,2.5619467486467213,0.041107176747040154,0.04322546416643566,-3.660397400313177,6.322424771717167,-3.7289912424041978,6.391018613808188,2.75063216720966,27.28944190204567,0.04322546416643566,0.734378198964584,False
LAMC3,primary glomerular three-source-study synthesis,GSE96804;GSE30528;GSE104948_H7,GSE96804;GSE30528;GSE104948_H7,3.0,1.4668314958090944,0.0035068046620005153,0.8522116042580553,0.21563653743972336,0.23358697785421711,0.5390223593603467,2.3946406322578424,0.46178784791072003,2.471875143707469,0.020935199377744598,0.024433674570433963,-1.374530477228186,4.308193468846375,-1.5950654431200257,4.528728434738214,1.7411892993528455,0.0,0.024433674570433963,0.734378198964584,False
LCK,primary glomerular three-source-study synthesis,GSE96804;GSE30528;GSE104948_H7,GSE96804;GSE30528;GSE104948_H7,3.0,1.7521137661789583,1.4333825591562663,0.9502858012485295,0.7290158404763786,0.7478419874448747,-1.3845882298773302,4.888815762235247,-1.465590602521995,4.969818134879912,0.13813650339892025,0.1438768118123951,-16.05855306637706,19.562780598734975,-16.184125229507302,19.688352761865218,18.354061497592483,89.10322927564374,0.1438768118123951,0.7521577393329717,False
LIMD1,primary glomerular three-source-study synthesis,GSE96804;GSE30528;GSE104948_H7,GSE96804;GSE30528;GSE104948_H7,3.0,0.40422426174121245,0.3568017617896008,0.9457976207921133,0.40050442905074923,0.411820739931564,-1.3190072131907435,2.1274557366731686,-1.3676973690927745,2.1761458925751995,0.4190913955633101,0.4298153791644865,-8.73369762186278,9.542146145345205,-8.814546137244552,9.622994660726977,7.265966999174886,72.47441393241783,0.4298153791644865,0.8787087255503732,False
LOX,primary glomerular three-source-study synthesis,GSE96804;GSE30528;GSE104948_H7,GSE96804;GSE30528;GSE104948_H7,3.0,-1.2868081150487898,0.4939573700343459,1.0026190601453981,0.4742422703503872,0.4742422703503872,-3.3273079141344657,0.7536916840368861,-3.3273079141344657,0.7536916840368861,0.11321788460308058,0.11321788460308058,-12.059864797282618,9.486248567185037,-12.059864797282618,9.486248567185037,7.663267879642059,73.90147347826476,0.11321788460308058,0.7521577393329717,False
LOXL1,primary glomerular three-source-study synthesis,GSE96804;GSE30528;GSE104948_H7,GSE96804;GSE30528;GSE104948_H7,3.0,0.13764405379532635,0.7454592433778813,1.0518555938876042,0.5647267503398974,0.5647267503398974,-2.292179040117176,2.567467147707829,-2.292179040117176,2.567467147707829,0.8301568663707435,0.8301568663707435,-12.971166673492762,13.246454781083417,-12.971166673492762,13.246454781083417,9.476534366878006,78.89523825302298,0.8301568663707435,1.0,False
LOXL2,primary glomerular three-source-study synthesis,GSE96804;GSE30528;GSE104948_H7,GSE96804;GSE30528;GSE104948_H7,3.0,1.2232029445104942,1.002633538448902,1.0583892915070428,0.6498287453615795,0.6498287453615795,-1.572784480589174,4.019190369610162,-1.572784480589174,4.019190369610162,0.2005004999268507,0.2005004999268507,-13.944147062484136,16.390552951505125,-13.944147062484136,16.390552951505125,10.175433522057656,80.3448177842789,0.2005004999268507,0.754127183883559,False
LOXL3,primary glomerular three-source-study synthesis,GSE96804;GSE30528;GSE104948_H7,GSE96804,1.0,,,,,,,,,,,,,,,,,,1.0,1.0,False
LOXL4,primary glomerular three-source-study synthesis,GSE96804;GSE30528;GSE104948_H7,GSE96804,1.0,,,,,,,,,,,,,,,,,,1.0,1.0,False
LRP4,primary glomerular three-source-study synthesis,GSE96804;GSE30528;GSE104948_H7,GSE96804;GSE30528;GSE104948_H7,3.0,-0.4165699109723971,1.2767482495538234,1.0391504488140904,0.7103277093075798,0.7103277093075798,-3.4728633684413377,2.6397235464965436,-3.4728633684413377,2.6397235464965436,0.6169480423117444,0.6169480423117444,-17.375015933384347,16.54187611143955,-17.375015933384347,16.54187611143955,13.310171068223692,84.97389710659135,0.6169480423117444,1.0,False
LTBP1,primary glomerular three-source-study synthesis,GSE96804;GSE30528;GSE104948_H7,GSE96804;GSE30528;GSE104948_H7,3.0,1.5894818483442257,0.0,0.5557985102628471,0.17411293895380203,0.2335459589586084,0.8403343362699479,2.3386293604185036,0.5846146905090135,2.5943490061794376,0.011787423295261555,0.020914162148538282,-0.622832801219869,3.8017964979083203,-1.3780009214901052,4.556964618178556,1.1115970205256942,0.0,0.020914162148538282,0.734378198964584,False
LTBP2,primary glomerular three-source-study synthesis,GSE96804;GSE30528;GSE104948_H7,GSE96804;GSE30528;GSE104948_H7,3.0,0.7655813926232818,0.0,0.3029979092372755,0.11671701468170756,0.21203832019807065,0.2633886107948248,1.267774174451739,-0.1467458645884373,1.6779086498350009,0.022462481706925892,0.06887784362698113,-0.717448892117602,2.2486116773641656,-1.9286209157279695,3.4597837009745334,0.605995818474551,0.0,0.06887784362698113,0.734378198964584,False
LTBP3,primary glomerular three-source-study synthesis,GSE96804;GSE30528;GSE104948_H7,GSE96804;GSE30528;GSE104948_H7,3.0,0.10527522807150183,0.315445727599712,1.0983308994309804,0.41433555642326825,0.41433555642326825,-1.6774667848053355,1.8880172409483393,-1.6774667848053355,1.8880172409483393,0.8231681560912191,0.8231681560912191,-8.76288818358087,8.973438639723874,-8.76288818358087,8.973438639723874,5.592769286419539,64.23954042130013,0.8231681560912191,1.0,False
LTBP4,primary glomerular three-source-study synthesis,GSE96804;GSE30528;GSE104948_H7,GSE96804;GSE30528;GSE104948_H7,3.0,0.19328871350660715,0.0,0.3725093773805329,0.1256268883783823,0.20583252325433582,-0.3472401607045703,0.7338175877177846,-0.6923371545448804,1.0789145815580947,0.2637609072055232,0.4468304073056763,-1.4029522505976835,1.789529677610898,-2.4220614683264228,2.808638895339637,0.7450187547610658,0.0,0.4468304073056763,0.8970979715906271,False
LUM,primary glomerular three-source-study synthesis,GSE96804;GSE30528;GSE104948_H7,GSE96804;GSE30528;GSE104948_H7,3.0,1.5565765169430912,0.0,0.45634731495383224,0.15751900758982873,0.2331767351481384,0.8788269289492884,2.234326104936894,0.5532980009438861,2.559855032942296,0.010085923202592679,0.021712173544924353,-0.44489224333232835,3.5580452772185107,-1.4062148195619373,4.51936785344812,0.9126946299076645,0.0,0.021712173544924353,0.734378198964584,False
LYN,primary glomerular three-source-study synthesis,GSE96804;GSE30528;GSE104948_H7,GSE96804;GSE30528;GSE104948_H7,3.0,0.8994009419257467,1.0216515810332645,1.014563290511493,0.6389031754412616,0.6389031754412616,-1.8495775499321971,3.6483794337836906,-1.8495775499321971,3.6483794337836906,0.2945205722464134,0.2945205722464134,-14.294206939269,16.093008823120492,-14.294206939269,16.093008823120492,13.117956848840938,84.75372328902947,0.2945205722464134,0.7992778828604795,False
MADCAM1,primary glomerular three-source-study synthesis,GSE96804;GSE30528;GSE104948_H7,GSE96804;GSE30528;GSE104948_H7,3.0,-0.3374835403783627,0.40852940281074474,1.0384040237277086,0.4420839729718973,0.4420839729718973,-2.239617353464384,1.5646502727076586,-2.239617353464384,1.5646502727076586,0.5249873969947774,0.5249873969947774,-10.212155671953195,9.537188591196468,-10.212155671953195,9.537188591196468,6.940253011708872,71.18260679220472,0.5249873969947774,0.9581937805289293,False
MAG,primary glomerular three-source-study synthesis,GSE96804;GSE30528;GSE104948_H7,GSE96804;GSE30528;GSE104948_H7,3.0,-0.06738190534415758,0.0,0.23088067013576125,0.09862475047204172,0.20525423670718118,-0.4917299571835474,0.3569661464952323,-0.9505196072049529,0.8157557965166378,0.5649973286102599,0.7738797618031168,-1.3205281768960615,1.1857643662077464,-2.6753842599128648,2.5406204492245497,0.4617613402715225,0.0,0.7738797618031168,1.0,False
MAPK1,primary glomerular three-source-study synthesis,GSE96804;GSE30528;GSE104948_H7,GSE96804;GSE30528;GSE104948_H7,3.0,0.8092121978720669,1.7244699818686398,0.9747754188144324,0.7891649156696422,0.7993104389759528,-2.5862903807564233,4.204714776500557,-2.6299430443050573,4.248367440049191,0.41299553388233134,0.41791108655033066,-18.657635809193387,20.276060204937522,-18.724349882539542,20.342774278283677,25.68016020445245,92.21188659230701,0.41791108655033066,0.8656729649971135,False
MAPK3,primary glomerular three-source-study synthesis,GSE96804;GSE30528;GSE104948_H7,GSE96804;GSE30528;GSE104948_H7,3.0,0.0725848600042783,0.9667048107847513,0.9697559250941219,0.6041538574010067,0.6135024929761871,-2.5268793837308303,2.672049103739387,-2.567103316107813,2.71227303611637,0.9153509803956053,0.9166318398724028,-14.590324174327575,14.735493894336132,-14.65286007431045,14.798029794319007,16.583164660334596,87.93957582304049,0.9166318398724028,1.0,False
MASP1,primary glomerular three-source-study synthesis,GSE96804;GSE30528;GSE104948_H7,GSE96804;GSE30528;GSE104948_H7,3.0,-0.2965863193664371,1.0960457088417486,1.016712241661242,0.6545847692614817,0.6545847692614817,-3.1130372636817727,2.519864624948899,-3.1130372636817727,2.519864624948899,0.69489295102418,0.69489295102418,-15.98515773198754,15.391985093254666,-15.98515773198754,15.391985093254666,14.285611777505762,85.9998995412348,0.69489295102418,1.0,False
MASP2,primary glomerular three-source-study synthesis,GSE96804;GSE30528;GSE104948_H7,GSE96804;GSE30528;GSE104948_H7,3.0,-0.05040361264014853,1.887126784738034,1.0066358581486696,0.8319832901770753,0.8319832901770753,-3.63013878722648,3.529331561946183,-3.63013878722648,3.529331561946183,0.9572009688568912,0.9572009688568912,-20.45691249575581,20.35610527047551,-20.45691249575581,20.35610527047551,23.413400241861545,91.45788318082847,0.9572009688568912,1.0,False
MATN1,primary glomerular three-source-study synthesis,GSE96804;GSE30528;GSE104948_H7,GSE96804;GSE30528;GSE104948_H7,3.0,0.178425652537221,1.2253672609687631,1.0381397607602376,0.6959267849877204,0.6959267849877204,-2.815905628595961,3.172756933670403,-2.815905628595961,3.172756933670403,0.8216157183296128,0.8216157183296128,-16.435544890966355,16.792396196040798,-16.435544890966355,16.792396196040798,13.163320995118056,84.80626582955966,0.8216157183296128,1.0,False
MATN3,primary glomerular three-source-study synthesis,GSE96804;GSE30528;GSE104948_H7,GSE96804;GSE30528;GSE104948_H7,3.0,-0.7608259844798994,0.0057371672332909435,1.2642851211381172,0.24625484137204398,0.24625484137204398,-1.8203750499233453,0.2987230809635465,-1.8203750499233453,0.2987230809635465,0.0907293367860793,0.0907293367860793,-4.034458602588127,2.512806633628328,-4.034458602588127,2.512806633628328,2.601370279320082,23.11744253022148,0.0907293367860793,0.734378198964584,False
MATN4,primary glomerular three-source-study synthesis,GSE96804;GSE30528;GSE104948_H7,GSE96804;GSE30528;GSE104948_H7,3.0,0.41780147411849206,0.01918759318795348,0.8378325797118484,0.20693216494002806,0.2260733549330781,-0.4725557702336856,1.3081587184706698,-0.5549136636079353,1.3905166118449195,0.1809387233002553,0.2058446911431353,-2.7462352169947186,3.5818381652317024,-2.9510625940304087,3.7866655422673925,1.9362623374228467,0.0,0.2058446911431353,0.754127183883559,False
MBL2,primary glomerular three-source-study synthesis,GSE96804;GSE30528;GSE104948_H7,GSE96804;GSE30528;GSE104948_H7,3.0,0.5095388213978108,0.0,0.573210360657389,0.1580819203236313,0.20879744842749368,-0.1706327846066984,1.18971042740232,-0.3888440900434673,1.407921732839089,0.08426445765590763,0.13478585931036216,-1.4990824233219038,2.518160066117525,-2.143484306712801,3.1625619495084223,1.146420721314778,0.0,0.13478585931036216,0.7521577393329717,False
MEN1,primary glomerular three-source-study synthesis,GSE96804;GSE30528;GSE104948_H7,GSE96804;GSE30528;GSE104948_H7,3.0,0.5402108716354539,0.0,0.9854748648284968,0.20774434211322623,0.20926973712656782,-0.35364088904802504,1.4340626323189327,-0.3602041340661255,1.4406258773370333,0.12151334770503418,0.12298741644034863,-2.0994312720371173,3.1798530153080247,-2.118813253380176,3.199234996651083,1.9709497296569936,0.0,0.12298741644034863,0.7521577393329717,False
MERTK,primary glomerular three-source-study synthesis,GSE96804;GSE30528;GSE104948_H7,GSE96804;GSE30528;GSE104948_H7,3.0,0.6217395781826063,0.10059387356755456,1.0563348798277106,0.2951443061105397,0.2951443061105397,-0.6481638761739181,1.8916430325391307,-0.6481638761739181,1.8916430325391307,0.16974386936060987,0.16974386936060987,-4.883201224682561,6.126680381047774,-4.883201224682561,6.126680381047774,3.3950375589187907,41.09048971355312,0.16974386936060987,0.7521577393329717,False
MFAP2,primary glomerular three-source-study synthesis,GSE96804;GSE30528;GSE104948_H7,GSE96804;GSE30528;GSE104948_H7,3.0,1.4315748872122487,0.0,0.14097572969619027,0.08578344943131734,0.2284711301860204,1.0624784943492662,1.8006712800752311,0.44854295524842336,2.414606819176074,0.003571473255361892,0.024536768764838478,0.341592815762642,2.521556958661855,-1.4714260692365488,4.334575843661046,0.28195145939238053,0.0,0.024536768764838478,0.734378198964584,False
MFAP3,primary glomerular three-source-study synthesis,GSE96804;GSE30528;GSE104948_H7,GSE96804;GSE30528;GSE104948_H7,3.0,-0.34182879253873244,1.1786584459499887,1.0326529556084103,0.6822046972035614,0.6822046972035614,-3.277118695209541,2.593461110132076,-3.277118695209541,2.593461110132076,0.6660358700022554,0.6660358700022554,-16.633847656661395,15.95019007158393,-16.633847656661395,15.95019007158393,13.374985749880626,85.04671304028977,0.6660358700022554,1.0,False
MFAP4,primary glomerular three-source-study synthesis,GSE96804;GSE30528;GSE104948_H7,GSE96804;GSE30528;GSE104948_H7,3.0,1.493475781346999,0.16860404048385913,1.1755631566567448,0.3739547758286387,0.3739547758286387,-0.11552175567494127,3.102473318368939,-0.11552175567494127,3.102473318368939,0.057355411473071986,0.057355411473071986,-5.563287859544594,8.550239422238592,-5.563287859544594,8.550239422238592,3.856685941524031,48.14200507055889,0.057355411473071986,0.734378198964584,False
MFAP5,primary glomerular three-source-study synthesis,GSE96804;GSE30528;GSE104948_H7,GSE96804;GSE30528;GSE104948_H7,3.0,0.12161276277267834,0.6164186437306959,0.9664130013960246,0.4996767467576229,0.5082855429537699,-2.0283227556563386,2.271548281201695,-2.0653634161095473,2.3085889416549037,0.8303956306670516,0.8331876053403448,-11.703321598056021,11.946547123601377,-11.762410503900226,12.005636029445581,11.040771228924445,81.88532342051948,0.8331876053403448,1.0,False
MIF,primary glomerular three-source-study synthesis,GSE96804;GSE30528;GSE104948_H7,GSE96804;GSE30528;GSE104948_H7,3.0,-0.16213252015926355,1.0059150750231136,0.9727596853243926,0.6148483378523787,0.623397737190041,-2.8076113994017198,2.483346359083193,-2.844396495799631,2.520131455481104,0.8166986224589503,0.8191296631815295,-15.109909392707841,14.785644352389316,-15.166970411328233,14.842705371009707,17.220084167120284,88.38565490975495,0.8191296631815295,1.0,False
MMP1,primary glomerular three-source-study synthesis,GSE96804;GSE30528;GSE104948_H7,GSE96804;GSE30528;GSE104948_H7,3.0,0.8116601729635834,0.09639478362321302,0.8452945934127231,0.26519495149601485,0.2884437987951843,-0.329381609006521,1.952701954933688,-0.42941332530182075,2.0527336712289874,0.09222364783392363,0.10649546390527054,-4.376505036630536,5.999825382557703,-4.573052030416461,6.1963723763436285,2.986430200425779,33.03041203792884,0.10649546390527054,0.737928745467494,False
MMP10,primary glomerular three-source-study synthesis,GSE96804;GSE30528;GSE104948_H7,GSE96804;GSE30528;GSE104948_H7,3.0,0.5679172044400786,0.09667558679868582,0.932720769220624,0.2739401647601282,0.283648106587322,-0.6107521932531044,1.7465866021332617,-0.6525220956561286,1.788356504536286,0.173903768100434,0.18320581870245212,-4.69740281479145,5.833237223671607,-4.779747383392669,5.915581792272826,3.2167546100500677,37.8255340413153,0.18320581870245212,0.7521577393329717,False
MMP11,primary glomerular three-source-study synthesis,GSE96804;GSE30528;GSE104948_H7,GSE96804;GSE30528;GSE104948_H7,3.0,1.8510727449264042,0.7051708352698365,1.0510100103632818,0.5745224641341652,0.5745224641341652,-0.620897903682849,4.323043393535658,-0.620897903682849,4.323043393535658,0.08432526987762805,0.08432526987762805,-11.077119978869693,14.7792654687225,-11.077119978869693,14.7792654687225,7.639429326960747,73.82003400513588,0.08432526987762805,0.734378198964584,False
MMP12,primary glomerular three-source-study synthesis,GSE96804;GSE30528;GSE104948_H7,GSE96804;GSE30528;GSE104948_H7,3.0,0.4129353555018834,0.33942054668397537,0.9873484137661956,0.40261839801210675,0.40518970290430456,-1.319391793752263,2.1452625047560296,-1.330455225765696,2.1563259367694627,0.4129124366688313,0.41536196021686067,-8.585373499868965,9.41124421087273,-8.603988095707741,9.429858806711508,6.614820546770872,69.76486382572644,0.41536196021686067,0.8656729649971135,False
MMP13,primary glomerular three-source-study synthesis,GSE96804;GSE30528;GSE104948_H7,GSE96804;GSE30528;GSE104948_H7,3.0,0.5660513803738619,0.25010816106086137,0.9286049671828047,0.3524518020882705,0.36574991532511497,-0.9504263279863522,2.082529088734076,-1.0076434912053784,2.1397462519531025,0.2494949006352884,0.26178663817955244,-7.207928596198569,8.340031356946293,-7.3064772554976205,8.438580016245345,5.569220261339556,64.08833003277657,0.26178663817955244,0.7741604574072911,False
MMP14,primary glomerular three-source-study synthesis,GSE96804;GSE30528;GSE104948_H7,GSE96804;GSE30528;GSE104948_H7,3.0,0.35140338318581693,0.5156496194144232,1.0286510894883072,0.48075504252630663,0.48075504252630663,-1.717118612880815,2.4199253792524487,-1.717118612880815,2.4199253792524487,0.5408492569803635,0.5408492569803635,-10.628809062828026,11.33161582919966,-10.628809062828026,11.33161582919966,8.182394655347673,75.55727773784557,0.5408492569803635,0.9702342105654901,False
MMP15,primary glomerular three-source-study synthesis,GSE96804;GSE30528;GSE104948_H7,GSE96804;GSE30528;GSE104948_H7,3.0,-0.23283251223170537,1.3931775919513396,0.9790412751501295,0.7127111514051863,0.720299400424462,-3.299381093348112,2.8337160688847014,-3.3320306937049176,2.866365669241507,0.7749254978294347,0.7771783042783691,-17.75235650203322,17.286691477569807,-17.80238882589741,17.336723801433997,22.762485545613977,91.21361331128722,0.7771783042783691,1.0,False
MMP16,primary glomerular three-source-study synthesis,GSE96804;GSE30528;GSE104948_H7,GSE96804;GSE30528;GSE104948_H7,3.0,-0.17975891636424568,0.4340371418769527,1.079509610793466,0.46127212355893554,0.46127212355893554,-2.164452677952431,1.8049348452239393,-2.164452677952431,1.8049348452239393,0.7343404628327399,0.7343404628327399,-10.398653386108311,10.039135553379818,-10.398653386108311,10.039135553379818,6.67662559120415,70.04474831365684,0.7343404628327399,1.0,False
MMP17,primary glomerular three-source-study synthesis,GSE96804;GSE30528;GSE104948_H7,GSE96804;GSE30528;GSE104948_H7,3.0,0.4742262108767676,0.5311337100753485,1.0586923251282239,0.49491934932418913,0.49491934932418913,-1.6552398784987823,2.6036923002523173,-1.6552398784987823,2.6036923002523173,0.43908234751573444,0.43908234751573444,-10.71934790427621,11.667800326029747,-10.71934790427621,11.667800326029747,7.642542224994494,73.83069741559143,0.43908234751573444,0.8883759124155558,False
MMP19,primary glomerular three-source-study synthesis,GSE96804;GSE30528;GSE104948_H7,GSE96804;GSE30528;GSE104948_H7,3.0,0.7138399577594743,0.0,0.3220831909951215,0.12000565291695513,0.21145486134097705,0.19749730765097084,1.2301826078679778,-0.19597687860807456,1.6236567941270232,0.027117596417230952,0.07766287464289016,-0.8109764377016775,2.238656353220626,-1.9729488028984117,3.4006287184173605,0.644166381990243,0.0,0.07766287464289016,0.734378198964584,False
MMP2,primary glomerular three-source-study synthesis,GSE96804;GSE30528;GSE104948_H7,GSE96804;GSE30528;GSE104948_H7,3.0,1.9266900319652818,0.23523151263909048,1.0415847383336652,0.39579409358143186,0.39579409358143186,0.22372549479841997,3.6296545691321436,0.22372549479841997,3.6296545691321436,0.03970393429283021,0.03970393429283021,-6.027480164716794,9.880860228647357,-6.027480164716794,9.880860228647357,4.139496941419668,51.68495041056639,0.03970393429283021,0.734378198964584,False
MMP20,primary glomerular three-source-study synthesis,GSE96804;GSE30528;GSE104948_H7,GSE96804;GSE30528;GSE104948_H7,3.0,-0.04306927272486741,0.0,0.2080581484368163,0.09360556370859204,0.20521509281607717,-0.44582150693537814,0.35968296148564327,-0.926038552015751,0.8399000065660163,0.6906128691707816,0.853204480737154,-1.2324407296512816,1.1463021842015468,-2.650574256999037,2.5644357115493017,0.4161162968736326,0.0,0.853204480737154,1.0,False
MMP24,primary glomerular three-source-study synthesis,GSE96804;GSE30528;GSE104948_H7,GSE96804;GSE30528;GSE104948_H7,3.0,-0.10628756922538782,0.0,0.45359730197537407,0.13842792629680012,0.20553627514316136,-0.7018948641798722,0.48931972572909654,-0.9906387845326475,0.7780636460818718,0.522858747158396,0.6565778091095525,-1.8651811419566309,1.6526060035058554,-2.7178735619051295,2.505298423454354,0.9071946039507481,0.0,0.6565778091095525,1.0,False
MMP25,primary glomerular three-source-study synthesis,GSE96804;GSE30528;GSE104948_H7,GSE96804;GSE30528;GSE104948_H7,3.0,-0.2443363447566395,0.5601521423882561,0.9765216559587226,0.4828400666552785,0.48861001198210363,-2.3218294755833857,1.8331567860701068,-2.346655546594355,1.857982857081076,0.6630946784776905,0.6666286594158053,-11.56132623347974,11.07265354396646,-11.601237712696884,11.112565023183604,9.97518229580511,79.95024110144769,0.6666286594158053,1.0,False
MMP3,primary glomerular three-source-study synthesis,GSE96804;GSE30528;GSE104948_H7,GSE96804;GSE30528;GSE104948_H7,3.0,0.876074472823363,0.0,0.3080082303751121,0.11905696605805717,0.21452289561220322,0.3638136928179744,1.3883352528287518,-0.04694304957624207,1.7990919952229683,0.017971964245155077,0.05505549108617199,-0.6366877131781127,2.3888366588248386,-1.849697359422323,3.6018463050690492,0.6160164607502242,0.0,0.05505549108617199,0.734378198964584,False
MMP7,primary glomerular three-source-study synthesis,GSE96804;GSE30528;GSE104948_H7,GSE96804;GSE30528;GSE104948_H7,3.0,1.1560181657821216,0.0,0.6939133271057906,0.18457700951218148,0.22157715972117528,0.3618473919555415,1.9501889396087018,0.20264859465767426,2.109387736906569,0.024558082448761683,0.03483035665513983,-1.1892551066705204,3.5012914382347633,-1.6593865904952125,3.971422922059456,1.3878266542115811,0.0,0.03483035665513983,0.734378198964584,False
MMP8,primary glomerular three-source-study synthesis,GSE96804;GSE30528;GSE104948_H7,GSE96804;GSE30528;GSE104948_H7,3.0,-0.119595059050882,0.23423583890429034,0.9096980494086304,0.34029065255583685,0.35678072845469805,-1.5837475641784793,1.3445574460767151,-1.6546986342584902,1.415508516156726,0.7588232960326554,0.769363752238533,-7.637047613713906,7.397857495612143,-7.7594834593412525,7.520293341239489,5.44881938956386,63.294801001651734,0.769363752238533,1.0,False
MMP9,primary glomerular three-source-study synthesis,GSE96804;GSE30528;GSE104948_H7,GSE96804;GSE30528;GSE104948_H7,3.0,0.056756595615921376,0.0,0.9605557767344852,0.2019910058814624,0.20609655757012305,-0.8123405572247925,0.9258537484566353,-0.8300053204051356,0.9435185116369784,0.8051223783773106,0.8088612278460964,-2.5097824799798065,2.6232956712116495,-2.5619484602908766,2.6754616515227196,1.9211115534689704,0.0,0.8088612278460964,1.0,False
MTMR4,primary glomerular three-source-study synthesis,GSE96804;GSE30528;GSE104948_H7,GSE96804;GSE30528;GSE104948_H7,3.0,-0.24081533472567893,0.2892847096208517,0.9224328739550847,0.36723892417040627,0.3823678071494937,-1.8209168942777332,1.3392862248263753,-1.8860112239257638,1.404380554474406,0.5793391623899409,0.5931815308390821,-8.515951386430364,8.034320716979005,-8.625850095095648,8.14421942564429,6.34009321499506,68.45472247521903,0.5931815308390821,1.0,False
MUSK,primary glomerular three-source-study synthesis,GSE96804;GSE30528;GSE104948_H7,GSE96804;GSE30528;GSE104948_H7,3.0,-0.24077852575803346,0.27126853175624943,1.0860730851123415,0.3916778930876045,0.3916778930876045,-1.9260324816339327,1.4444754301178657,-1.9260324816339327,1.4444754301178657,0.6013499171840675,0.6013499171840675,-8.521092528562047,8.03953547704598,-8.521092528562047,8.03953547704598,5.266597844400942,62.0248202143201,0.6013499171840675,1.0,False
MYC,primary glomerular three-source-study synthesis,GSE96804;GSE30528;GSE104948_H7,GSE96804;GSE30528;GSE104948_H7,3.0,0.5714150892737493,0.07330286197790978,0.9926090365565277,0.26865131447419216,0.26964964790186385,-0.5844982222994148,1.7273284008469134,-0.5887937043471865,1.731623882894685,0.16726894259841502,0.16821773002642107,-4.274905142287231,5.41773532083473,-4.28384827831767,5.426678456865169,2.941833864271708,32.015195545546966,0.16821773002642107,0.7521577393329717,False
NCAM1,primary glomerular three-source-study synthesis,GSE96804;GSE30528;GSE104948_H7,GSE96804;GSE30528;GSE104948_H7,3.0,0.29539007537946094,1.595434780536412,0.9948235159715276,0.7651220459160087,0.7671100885827193,-2.996664384072547,3.5874445348314694,-3.0052182412793282,3.5959983920382497,0.7366447503655307,0.7372800967810602,-18.46873852552983,19.059518676288754,-18.48183854663602,19.072618697394944,22.540583180252536,91.12711510608932,0.7372800967810602,1.0,False
NCAN,primary glomerular three-source-study synthesis,GSE96804;GSE30528;GSE104948_H7,GSE96804;GSE30528;GSE104948_H7,3.0,0.10994650437699509,0.4615046028335274,1.0548706923731008,0.46625598440563515,0.46625598440563515,-1.8961910796879335,2.116084088441924,-1.8961910796879335,2.116084088441924,0.8355298183750542,0.8355298183750542,-10.35937440102698,10.579267409780968,-10.35937440102698,10.579267409780968,7.255305433435623,72.43396548430442,0.8355298183750542,1.0,False
NCOR1,primary glomerular three-source-study synthesis,GSE96804;GSE30528;GSE104948_H7,GSE96804;GSE30528;GSE104948_H7,3.0,0.3963539611612671,0.10371369846527509,0.9350118032252805,0.27735808471470863,0.2868350921886902,-0.7970215591545565,1.5897294814770908,-0.8377978312323392,1.6305057535548735,0.28921723097001706,0.30113279111601715,-5.004025295632019,5.796733217954554,-5.083366334268645,5.876074256591179,3.3417971582844412,40.15196299266924,0.30113279111601715,0.7992778828604795,False
NCOR2,primary glomerular three-source-study synthesis,GSE96804;GSE30528;GSE104948_H7,GSE96804;GSE30528;GSE104948_H7,3.0,-0.2616138348392976,0.0,0.6825559198589763,0.17068507438520214,0.20659814934860163,-0.9960124360702776,0.4727847663916824,-1.1505339260952454,0.6273062564166503,0.2650501906515622,0.3329289292711499,-2.430373335386883,1.9071456657082877,-2.8866922185774264,2.363464548898831,1.3651118397179527,0.0,0.3329289292711499,0.8197589673563219,False
NCSTN,primary glomerular three-source-study synthesis,GSE96804;GSE30528;GSE104948_H7,GSE96804;GSE30528;GSE104948_H7,3.0,-0.8298060523956774,0.7883937388415532,1.00549522659033,0.566965678095599,0.566965678095599,-3.2692624749279613,1.6096503701366063,-3.2692624749279613,1.6096503701366063,0.2808664331372569,0.2808664331372569,-14.215681593741927,12.556069488950573,-14.215681593741927,12.556069488950573,11.365704558462909,82.4032026372637,0.2808664331372569,0.7992778828604795,False
NEDD4L,primary glomerular three-source-study synthesis,GSE96804;GSE30528;GSE104948_H7,GSE96804;GSE30528;GSE104948_H7,3.0,-1.0897557018403594,1.0068726252404216,1.0290365807317996,0.6393587950965072,0.6393587950965072,-3.8406945668516728,1.661183163170954,-3.8406945668516728,1.661183163170954,0.23041210815005006,0.23041210815005006,-16.207748962920803,14.028237559240086,-16.207748962920803,14.028237559240086,11.94255859655711,83.25316988122985,0.23041210815005006,0.754127183883559,False
NEDD8,primary glomerular three-source-study synthesis,GSE96804;GSE30528;GSE104948_H7,GSE96804;GSE30528;GSE104948_H7,3.0,0.3091057673628194,0.07089683741406941,1.0351335487110356,0.2701920422841122,0.2701920422841122,-0.853436760927498,1.471648295653137,-0.853436760927498,1.471648295653137,0.3710731701491465,0.3710731701491465,-4.5108951038904275,5.129106638616066,-4.5108951038904275,5.129106638616066,3.0088151036031183,33.528650610502496,0.3710731701491465,0.8446229425197143,False
NID1,primary glomerular three-source-study synthesis,GSE96804;GSE30528;GSE104948_H7,GSE96804;GSE30528;GSE104948_H7,3.0,0.6823852590706447,0.0,0.6744398768875325,0.17367113889219926,0.2114735384269783,-0.06486134076257433,1.4296318589038637,-0.22751193831197114,1.5922824564532605,0.05909034885083456,0.08410171118387044,-1.5243157884582705,2.88908630659956,-2.004640816465848,3.369411334607138,1.348879753775065,0.0,0.08410171118387044,0.734378198964584,False
NID2,primary glomerular three-source-study synthesis,GSE96804;GSE30528;GSE104948_H7,GSE96804;GSE30528;GSE104948_H7,3.0,0.5648477099633585,1.7928864668948352,1.0103990992142868,0.8153275283849664,0.8153275283849664,-2.9432235056820986,4.072918925608816,-2.9432235056820986,4.072918925608816,0.560076098204551,0.560076098204551,-19.35451608930188,20.4842115092286,-19.35451608930188,20.4842115092286,20.882973282092465,90.42281971545194,0.560076098204551,0.9782358647312983,False
NRAS,primary glomerular three-source-study synthesis,GSE96804;GSE30528;GSE104948_H7,GSE96804;GSE30528;GSE104948_H7,3.0,1.3765026466983703,3.724597948755916,1.0340549730179422,1.1706337137218898,1.1706337137218898,-3.660327697183869,6.41333299058061,-3.660327697183869,6.41333299058061,0.3606663922698472,0.3606663922698472,-27.30402543403938,30.05703072743612,-27.30402543403938,30.05703072743612,21.778142319016165,90.81648025482116,0.3606663922698472,0.8379026840233824,False
NRXN1,primary glomerular three-source-study synthesis,GSE96804;GSE30528;GSE104948_H7,GSE96804;GSE30528;GSE104948_H7,3.0,-0.628445127976085,0.16435752344065754,0.9806258628105626,0.3206269527478786,0.32377876036323,-2.0079915614479966,0.7511013054958267,-2.0215526950878333,0.7646624391356633,0.18905010807689246,0.19177889765111755,-7.195957334075901,5.939067078123731,-7.220874395485112,5.963984139532942,4.178034805456707,52.13060462330502,0.19177889765111755,0.754127183883559,False
NTN4,primary glomerular three-source-study synthesis,GSE96804;GSE30528;GSE104948_H7,GSE96804,1.0,,,,,,,,,,,,,,,,,,1.0,1.0,False
OLR1,primary glomerular three-source-study synthesis,GSE96804;GSE30528;GSE104948_H7,GSE96804;GSE30528;GSE104948_H7,3.0,0.7909069524844384,0.2313758310403294,0.9851331643972542,0.35996159921583293,0.3626675535694673,-0.7578828049865468,2.339696709955424,-0.7695255868727892,2.351339491841666,0.15912265174923554,0.1609751002730525,-6.842849136562514,8.42466304153139,-6.863498771180035,8.445312676148912,4.8664254006634415,58.90207215079596,0.1609751002730525,0.7521577393329717,False
OPTC,primary glomerular three-source-study synthesis,GSE96804;GSE30528;GSE104948_H7,GSE96804,1.0,,,,,,,,,,,,,,,,,,1.0,1.0,False
P3H1,primary glomerular three-source-study synthesis,GSE96804;GSE30528;GSE104948_H7,GSE104948_H7,1.0,,,,,,,,,,,,,,,,,,1.0,1.0,False
P3H2,primary glomerular three-source-study synthesis,GSE96804;GSE30528;GSE104948_H7,GSE104948_H7,1.0,,,,,,,,,,,,,,,,,,1.0,1.0,False
P3H3,primary glomerular three-source-study synthesis,GSE96804;GSE30528;GSE104948_H7,GSE104948_H7,1.0,,,,,,,,,,,,,,,,,,1.0,1.0,False
P4HA1,primary glomerular three-source-study synthesis,GSE96804;GSE30528;GSE104948_H7,GSE96804;GSE30528;GSE104948_H7,3.0,-0.709752288103108,0.0,0.72185794618034,0.179729815891818,0.21154085662211647,-1.4830672710674069,0.06356269486119093,-1.619939132301797,0.20043455609558103,0.05854976121071255,0.07851369032522,-2.9934361260195317,1.5739315498133157,-3.397633722409496,1.9781291462032802,1.44371589236068,0.0,0.07851369032522,0.734378198964584,False
P4HA2,primary glomerular three-source-study synthesis,GSE96804;GSE30528;GSE104948_H7,GSE104948_H7,1.0,,,,,,,,,,,,,,,,,,1.0,1.0,False
P4HA3,primary glomerular three-source-study synthesis,GSE96804;GSE30528;GSE104948_H7,GSE96804,1.0,,,,,,,,,,,,,,,,,,1.0,1.0,False
P4HB,primary glomerular three-source-study synthesis,GSE96804;GSE30528;GSE104948_H7,GSE96804;GSE30528;GSE104948_H7,3.0,0.6046338823598081,0.09093000066920874,0.958120004815638,0.2758690803144004,0.28183379786729607,-0.5823349691084203,1.7916027338280365,-0.6079990773695714,1.8172668420891875,0.15973590556924125,0.1650827122923082,-4.588361838806227,5.797629603525843,-4.639817148216558,5.849084912936174,3.118418857142081,35.86493374937682,0.1650827122923082,0.7521577393329717,False
PARD3,primary glomerular three-source-study synthesis,GSE96804;GSE30528;GSE104948_H7,GSE96804;GSE30528;GSE104948_H7,3.0,-0.11816813785345302,0.8842753751998653,1.0421267220585202,0.6044771085241506,0.6044771085241506,-2.719023218915951,2.4826869432090453,-2.719023218915951,2.4826869432090453,0.8630709898359143,0.8630709898359143,-14.32224993841888,14.085913662711972,-14.32224993841888,14.085913662711972,10.842581122543686,81.55420764303402,0.8630709898359143,1.0,False
PARD6A,primary glomerular three-source-study synthesis,GSE96804;GSE30528;GSE104948_H7,GSE96804;GSE30528;GSE104948_H7,3.0,-0.01194197726080312,1.195817185918964,0.9970477801142952,0.6730945232965525,0.6740902901501215,-2.9080339653021277,2.8841500107805214,-2.91231840427283,2.8884344497512235,0.9874555677131076,0.9874740954515024,-16.32778461113897,16.303900656617362,-16.334420341531928,16.31053638701032,17.364272759921445,88.482097536407,0.9874740954515024,1.0,False
PARP1,primary glomerular three-source-study synthesis,GSE96804;GSE30528;GSE104948_H7,GSE96804;GSE30528;GSE104948_H7,3.0,0.4273617915858029,0.19484705373279432,0.8961647444925889,0.3215096124878162,0.3396252997196569,-0.955982420225591,1.810706003397197,-1.0339279313449579,1.8886515145165639,0.3151244217855221,0.33526604502032953,-6.511383473258955,7.36610705643056,-6.6493486179740104,7.504072201145616,4.6783018271492,57.24944490768923,0.33526604502032953,0.8211675093902182,False
PCOLCE,primary glomerular three-source-study synthesis,GSE96804;GSE30528;GSE104948_H7,GSE96804;GSE30528;GSE104948_H7,3.0,2.021905408386425,0.5132458016355382,0.9274287078030765,0.48297238363907213,0.5015128105116141,-0.0561570364718329,4.099967853244683,-0.13593005476569608,4.179740871538546,0.0525976287133806,0.05637169501655123,-8.956344639932876,13.000155456705727,-9.089748009068657,13.133558825841508,6.87074160340131,70.89106074066423,0.05637169501655123,0.734378198964584,False
PCOLCE2,primary glomerular three-source-study synthesis,GSE96804;GSE30528;GSE104948_H7,GSE96804;GSE30528;GSE104948_H7,3.0,-1.4678512976493867,0.0,0.9028660573666694,0.2194610603104589,0.2309648070870575,-2.412116027867894,-0.5235865674308795,-2.4616126553385724,-0.4740899399602009,0.021631110436091113,0.023875560563371125,-4.25636846157206,1.3206658662732862,-4.402537423348631,1.4668348280498578,1.8057321147333387,0.0,0.023875560563371125,0.734378198964584,False
PDGFA,primary glomerular three-source-study synthesis,GSE96804;GSE30528;GSE104948_H7,GSE96804;GSE30528;GSE104948_H7,3.0,-0.29759700179957416,0.0,0.9945221426230639,0.20664814753550184,0.2072164780692055,-1.1867322178908708,0.5915382142917224,-1.1891775468131107,0.5939835432139624,0.2865061076158943,0.28746881277992836,-2.9233106727368945,2.3281166691377466,-2.9305319968559527,2.335337993256805,1.9890442852461279,0.0,0.28746881277992836,0.7992778828604795,False
PDGFB,primary glomerular three-source-study synthesis,GSE96804;GSE30528;GSE104948_H7,GSE96804;GSE30528;GSE104948_H7,3.0,1.5173290945852376,0.0,0.4216188293805399,0.150054455582069,0.23109412058216103,0.871696881663979,2.162961307506496,0.5230113458333511,2.511646843337124,0.009638812787452824,0.022419159882943136,-0.38929353961576285,3.423951728786238,-1.4190001148579428,4.4536583040284174,0.8432376587610798,0.0,0.022419159882943136,0.734378198964584,False
PECAM1,primary glomerular three-source-study synthesis,GSE96804;GSE30528;GSE104948_H7,GSE96804;GSE30528;GSE104948_H7,3.0,0.6725215819245367,0.5062241634498422,1.045888472333282,0.48328358079861705,0.48328358079861705,-1.4068798362417274,2.751923000090801,-1.4068798362417274,2.751923000090801,0.2986233502197086,0.2986233502197086,-10.256197185389988,11.601240349239061,-10.256197185389988,11.601240349239061,7.637432237764135,73.8131882845287,0.2986233502197086,0.7992778828604795,False
PF4,primary glomerular three-source-study synthesis,GSE96804;GSE30528;GSE104948_H7,GSE96804;GSE30528;GSE104948_H7,3.0,-0.18419844056623672,0.0,1.0565358029012444,0.21223607587068588,0.21223607587068588,-1.0973765717625572,0.7289796906300838,-1.0973765717625572,0.7289796906300838,0.4769482111286572,0.4769482111286572,-2.880913472981477,2.5125165918490038,-2.880913472981477,2.5125165918490038,2.1130716058024888,5.351054147526021,0.4769482111286572,0.9266760528876888,False
PF4V1,primary glomerular three-source-study synthesis,GSE96804;GSE30528;GSE104948_H7,GSE96804;GSE30528;GSE104948_H7,3.0,0.2569545844663931,0.09990265236811749,0.8658203991520389,0.26460455268378535,0.2843697559860742,-0.8815469164426314,1.3954560853754177,-0.9665897223852776,1.4804988913180637,0.4339394381312194,0.46158199510466325,-4.980687602354121,5.494596771286907,-5.1453317483270995,5.659240917259885,3.1956578886347704,37.41507790577583,0.46158199510466325,0.911529979194098,False
PHYKPL,primary glomerular three-source-study synthesis,GSE96804;GSE30528;GSE104948_H7,,0.0,,,,,,,,,,,,,,,,,,1.0,1.0,False
PICK1,primary glomerular three-source-study synthesis,GSE96804;GSE30528;GSE104948_H7,GSE96804;GSE30528;GSE104948_H7,3.0,0.04849982797446913,0.14525813390994266,0.9721216363503218,0.30671215832846566,0.31107899520031707,-1.2711760773048528,1.368175733253791,-1.289965059891895,1.3869647158408331,0.8888789827983187,0.8904200050052806,-6.167555288205434,6.264554944154372,-6.202491577203348,6.2994912331522865,3.9670775818906354,49.585054521498996,0.8904200050052806,1.0,False
PIK3CA,primary glomerular three-source-study synthesis,GSE96804;GSE30528;GSE104948_H7,GSE96804;GSE30528;GSE104948_H7,3.0,-0.5186802684572953,0.15089310453599386,1.168042195950826,0.34311309715471433,0.34311309715471433,-1.9949767725428194,0.9576162356282287,-1.9949767725428194,0.9576162356282287,0.269741349205047,0.269741349205047,-7.1041200121942945,6.066759475279704,-7.1041200121942945,6.066759475279704,3.9967000444414094,49.958716497086385,0.269741349205047,0.7793633816514827,False
PIK3CB,primary glomerular three-source-study synthesis,GSE96804;GSE30528;GSE104948_H7,GSE96804;GSE30528;GSE104948_H7,3.0,-0.5067775701646321,0.0,0.8234832450169133,0.1895708473288574,0.2089027550831996,-1.3224350939050589,0.3088799535757947,-1.4056135795755442,0.39205843924628003,0.11606762555188863,0.13608228277167173,-2.9155035683352097,1.9019484280059458,-3.161138746202725,2.147583605873461,1.6469664900338266,0.0,0.13608228277167173,0.7521577393329717,False
PIK3R1,primary glomerular three-source-study synthesis,GSE96804;GSE30528;GSE104948_H7,GSE96804;GSE30528;GSE104948_H7,3.0,0.00047417861447427773,0.23311116284091038,1.078755626940934,0.3709806348530636,0.3709806348530636,-1.5957266626202482,1.5966750198491966,-1.5957266626202482,1.5966750198491966,0.9990961933175418,0.9990961933175418,-7.736110435996181,7.737058793225129,-7.736110435996181,7.737058793225129,4.936196055675919,59.482970744237626,0.9990961933175418,1.0,False
PIK3R2,primary glomerular three-source-study synthesis,GSE96804;GSE30528;GSE104948_H7,GSE96804;GSE30528;GSE104948_H7,3.0,-0.18103515524327182,0.1008725118287098,1.1200963132874597,0.3014987733931039,0.3014987733931039,-1.4782796755992247,1.116209365112681,-1.4782796755992247,1.116209365112681,0.6091846716280295,0.6091846716280295,-5.7453377229230105,5.383267412436466,-5.7453377229230105,5.383267412436466,3.503261453230774,42.91034150033072,0.6091846716280295,1.0,False
PLCG1,primary glomerular three-source-study synthesis,GSE96804;GSE30528;GSE104948_H7,GSE96804;GSE30528;GSE104948_H7,3.0,1.0865743921687678,0.32797274938167204,0.9371647427048926,0.3921616325572466,0.4050952315911569,-0.6007609266566747,2.7739097109942104,-0.656409711845414,2.8295584961829494,0.10931300934459519,0.11542086630571902,-7.732698752275192,9.905847536612727,-7.826580496935119,9.999729281272653,6.404112709782477,68.77006869437294,0.11542086630571902,0.7521577393329717,False
PLEC,primary glomerular three-source-study synthesis,GSE96804;GSE30528;GSE104948_H7,GSE96804;GSE30528;GSE104948_H7,3.0,0.1841212761666929,0.11273315797702874,1.0560965740751536,0.3000761597157873,0.3000761597157873,-1.107002231567175,1.4752447839005607,-1.107002231567175,1.4752447839005607,0.6019797581941146,0.6019797581941146,-5.537606442065455,5.905848994398841,-5.537606442065455,5.905848994398841,3.585079484758225,44.21323129646375,0.6019797581941146,1.0,False
PLG,primary glomerular three-source-study synthesis,GSE96804;GSE30528;GSE104948_H7,GSE96804;GSE30528;GSE104948_H7,3.0,-0.9565060637403927,0.2937358584749552,1.086588568850385,0.4079399724800007,0.4079399724800007,-2.711730099905388,0.7987179724246026,-2.711730099905388,0.7987179724246026,0.14369842748323017,0.14369842748323017,-9.575686593558485,7.662674466077699,-9.575686593558485,7.662674466077699,5.265541019961172,62.01719837680141,0.14369842748323017,0.7521577393329717,False
PLOD1,primary glomerular three-source-study synthesis,GSE96804;GSE30528;GSE104948_H7,GSE96804;GSE30528;GSE104948_H7,3.0,0.12182353395014374,1.4988444300616508,0.9792337058202727,0.7377162820034602,0.7454975009098206,-3.052313440592668,3.2959605084929553,-3.085793323360898,3.329440391261185,0.884019216548773,0.8852137465417917,-18.03991608187393,18.28356314977422,-18.09114127573312,18.33478834363341,24.07451509798227,91.69245988191213,0.8852137465417917,1.0,False
PLOD2,primary glomerular three-source-study synthesis,GSE96804;GSE30528;GSE104948_H7,GSE96804;GSE30528;GSE104948_H7,3.0,0.5384588923450867,0.0,0.17009125978997858,0.08599684453611554,0.2085170236229541,0.16844433445192908,0.9084734502382443,-0.35871744854544974,1.4356352332356233,0.024570835945877886,0.12291557447382963,-0.5542346209957835,1.631152405685957,-2.1110011007859435,3.1879188854761167,0.34018251957995715,0.0,0.12291557447382963,0.7521577393329717,False
PLOD3,primary glomerular three-source-study synthesis,GSE96804;GSE30528;GSE104948_H7,GSE96804;GSE30528;GSE104948_H7,3.0,-0.07294983229761408,1.0697081784435438,1.0158217377346763,0.6468000740276891,0.6468000740276891,-2.8559059364150046,2.710006271819777,-2.8559059364150046,2.710006271819777,0.9205008494310098,0.9205008494310098,-15.57274123448005,15.426841569884823,-15.57274123448005,15.426841569884823,14.303059651885011,86.01697784476193,0.9205008494310098,1.0,False
PMEPA1,primary glomerular three-source-study synthesis,GSE96804;GSE30528;GSE104948_H7,GSE96804;GSE30528;GSE104948_H7,3.0,-1.231799194858208,1.4273657173941714,1.0544603848511318,0.7590263463145136,0.7590263463145136,-4.49762597578011,2.0340275860636945,-4.49762597578011,2.0340275860636945,0.24609060046902798,0.24609060046902798,-19.21674286953904,16.753144479822623,-19.21674286953904,16.753144479822623,12.032600598303167,83.37848926621865,0.24609060046902798,0.7663284375949244,False
PPBP,primary glomerular three-source-study synthesis,GSE96804;GSE30528;GSE104948_H7,GSE96804;GSE30528;GSE104948_H7,3.0,-0.42568375144518955,0.5621211092883464,0.974392784708133,0.48304332992217525,0.48934939966378044,-2.5040514535221066,1.6526839506317277,-2.5311842817098147,1.6798167788194358,0.47113639216346076,0.4760720431054085,-11.758108116496624,10.906740613606244,-11.801703929677508,10.950336426787128,10.021617774998454,80.0431422859738,0.4760720431054085,0.9266760528876888,False
PPIA,primary glomerular three-source-study synthesis,GSE96804;GSE30528;GSE104948_H7,GSE30528,1.0,,,,,,,,,,,,,,,,,,1.0,1.0,False
PPIB,primary glomerular three-source-study synthesis,GSE96804;GSE30528;GSE104948_H7,GSE96804;GSE30528;GSE104948_H7,3.0,0.6259756720495163,1.4923125560662498,0.989137857824665,0.7430141988106694,0.7470827366871998,-2.5709563987058197,3.8229077428048526,-2.5884619043063624,3.840413248405395,0.4882077230320667,0.49026924958714135,-17.54159853480568,18.793549878904713,-17.56851611602164,18.820467460120675,21.288140332673215,90.60509763302159,0.49026924958714135,0.9340165995784226,False
PPIL2,primary glomerular three-source-study synthesis,GSE96804;GSE30528;GSE104948_H7,GSE30528;GSE104948_H7,2.0,0.9150605722013609,1.3189134365911894,0.9999999623725462,0.8810769325447138,0.881076949121055,-10.280083321032553,12.110204465435274,-10.28008353165494,12.110204676057661,0.4879563363956726,0.48795634237998176,,,,,6.623983956995663,84.90334507915152,0.48795634237998176,0.933904901871193,False
PPM1A,primary glomerular three-source-study synthesis,GSE96804;GSE30528;GSE104948_H7,GSE96804;GSE30528;GSE104948_H7,3.0,-0.7359208563982496,0.9750776006419548,1.0474767671694676,0.6347231168112911,0.6347231168112911,-3.4669140075814378,1.9950722947849389,-3.4669140075814378,1.9950722947849389,0.36599204778698724,0.36599204778698724,-15.651246568076441,14.179404855279941,-15.651246568076441,14.179404855279941,11.01651278399024,81.84543476492397,0.36599204778698724,0.8420737246546067,False
PPP1CA,primary glomerular three-source-study synthesis,GSE96804;GSE30528;GSE104948_H7,GSE96804;GSE30528;GSE104948_H7,3.0,0.9345148444977399,3.7608965094550175,1.0027247038873202,1.1542923261221987,1.1542923261221987,-4.032004183420794,5.901033872416274,-4.032004183420794,5.901033872416274,0.5031775859818309,0.5031775859818309,-27.741245052232802,29.610274741228285,-27.741245052232802,29.610274741228285,39.118523782880544,94.88733263274301,0.5031775859818309,0.9425551431190756,False
PPP1CB,primary glomerular three-source-study synthesis,GSE96804;GSE30528;GSE104948_H7,GSE96804;GSE30528;GSE104948_H7,3.0,-0.019484435873773083,0.45768584260368683,1.0782070109321382,0.4702501203369978,0.4702501203369978,-2.0428073998067693,2.0038385280592235,-2.0428073998067693,2.0038385280592235,0.970714165436577,0.970714165436577,-10.48820214949969,10.449233277752144,-10.48820214949969,10.449233277752144,6.862642576917559,70.8567074915575,0.970714165436577,1.0,False
PPP1CC,primary glomerular three-source-study synthesis,GSE96804;GSE30528;GSE104948_H7,GSE96804;GSE30528;GSE104948_H7,3.0,0.058657978245784115,0.14017648101142008,0.9007942164010635,0.29200879472590774,0.30766857296598904,-1.1977544594924932,1.3150704159840614,-1.2651330470844502,1.3824490035760184,0.8593697863469628,0.8663964838866469,-5.974389558083523,6.091705514575091,-6.098759290231315,6.216075246722883,3.8926960786141844,48.6217274708996,0.8663964838866469,1.0,False
PPP1R15A,primary glomerular three-source-study synthesis,GSE96804;GSE30528;GSE104948_H7,GSE96804;GSE30528;GSE104948_H7,3.0,-0.7965798201318074,0.23421381664650917,1.0296602813324007,0.36712728699859865,0.36712728699859865,-2.376201043701842,0.7830414034382273,-2.376201043701842,0.7830414034382273,0.162239204579855,0.162239204579855,-8.514971825283789,6.921812185020174,-8.514971825283789,6.921812185020174,4.9071540198698465,59.24317859391244,0.162239204579855,0.7521577393329717,False
PRKCA,primary glomerular three-source-study synthesis,GSE96804;GSE30528;GSE104948_H7,GSE96804;GSE30528;GSE104948_H7,3.0,-0.7572806803272703,1.1736509527085728,1.0401347303374686,0.6851902819732206,0.6851902819732206,-3.7054165174571514,2.190855156802611,-3.7054165174571514,2.190855156802611,0.38423214447678417,0.38423214447678417,-17.044715605319162,15.530154244664622,-17.044715605319162,15.530154244664622,12.587795872366504,84.11159491082532,0.38423214447678417,0.8515761775154824,False
PRKCZ,primary glomerular three-source-study synthesis,GSE96804;GSE30528;GSE104948_H7,GSE96804;GSE30528;GSE104948_H7,3.0,-0.526620080874586,0.6075632738733004,0.9586121713945919,0.49414369447961093,0.5046982379440502,-2.652748796815768,1.599508635066596,-2.698161332064297,1.6449211703151252,0.39817193899714076,0.4062909023147219,-12.253154779880969,11.199914618131796,-12.325503452350144,11.272263290600971,11.139534911449596,82.04592906348064,0.4062909023147219,0.8600660941835204,False
PROC,primary glomerular three-source-study synthesis,GSE96804;GSE30528;GSE104948_H7,GSE96804;GSE30528;GSE104948_H7,3.0,-0.6032835298038359,0.11695769152516682,0.8823423860557613,0.27820716849319027,0.2961759191726653,-1.8003123627569295,0.5937453031492577,-1.8776256569181602,0.6710585973104883,0.16238849503826766,0.178572055908651,-6.204932022733468,4.9983649631257965,-6.351740564556844,5.145173504949173,3.4711126581943192,42.38158778054745,0.178572055908651,0.7521577393329717,False
PROCR,primary glomerular three-source-study synthesis,GSE96804;GSE30528;GSE104948_H7,GSE96804;GSE30528;GSE104948_H7,3.0,1.4087785788774836,0.28434232324145586,0.9195317004035544,0.38115336884144174,0.39748103288223224,-0.23119200402134932,3.0487491617763167,-0.30144427227688864,3.119001430031856,0.06603259044564005,0.0712080123775396,-6.919556735040698,9.737113892795666,-7.04188401569315,9.859441173448118,5.179420203485266,61.38563929116647,0.0712080123775396,0.734378198964584,False
PROS1,primary glomerular three-source-study synthesis,GSE96804;GSE30528;GSE104948_H7,GSE96804;GSE30528;GSE104948_H7,3.0,0.9804737317062094,0.32155009094558723,1.090778592445607,0.421793802360089,0.421793802360089,-0.8343585234098326,2.7953059868222514,-0.8343585234098326,2.7953059868222514,0.14568398290260284,0.14568398290260284,-7.999317705028042,9.960265168440461,-7.999317705028042,9.960265168440461,5.466003687392822,63.41019665586868,0.14568398290260284,0.7521577393329717,False
PROZ,primary glomerular three-source-study synthesis,GSE96804;GSE30528;GSE104948_H7,GSE96804;GSE30528;GSE104948_H7,3.0,-0.35082487695046444,0.12930532344471735,1.005391813080793,0.3031692144384751,0.3031692144384751,-1.6552567250301693,0.9536069711292403,-1.6552567250301693,0.9536069711292403,0.36672687114587593,0.36672687114587593,-6.327023127163189,5.62537337326226,-6.327023127163189,5.62537337326226,3.754030132593566,46.7239225749568,0.36672687114587593,0.8420737246546067,False
PRSS1,primary glomerular three-source-study synthesis,GSE96804;GSE30528;GSE104948_H7,GSE96804;GSE30528;GSE104948_H7,3.0,-0.1801310398193085,0.2548976636132247,1.0529436380275556,0.3773026401554257,0.3773026401554257,-1.8035332744257297,1.4432711947871126,-1.8035332744257297,1.4432711947871126,0.6801486786848712,0.6801486786848712,-8.188618600727954,7.828356521089338,-8.188618600727954,7.828356521089338,5.236095292858047,61.80359813680303,0.6801486786848712,1.0,False
PRSS2,primary glomerular three-source-study synthesis,GSE96804;GSE30528;GSE104948_H7,GSE30528,1.0,,,,,,,,,,,,,,,,,,1.0,1.0,False
PRTN3,primary glomerular three-source-study synthesis,GSE96804;GSE30528;GSE104948_H7,GSE96804;GSE30528;GSE104948_H7,3.0,0.12040681122591299,0.0,0.2452319565542389,0.10171165338641616,0.20539136564676386,-0.3172231118644816,0.5580367343163076,-0.7633209088411054,1.0041345312929313,0.358123047411463,0.6170686469160092,-1.171962280756727,1.4127759032085527,-2.489337931724386,2.7301515541762122,0.4904639131084778,0.0,0.6170686469160092,1.0,False
PSEN1,primary glomerular three-source-study synthesis,GSE96804;GSE30528;GSE104948_H7,GSE96804;GSE30528;GSE104948_H7,3.0,0.6020849270524741,0.0,0.15633171055683143,0.08286277611590138,0.2095732938571946,0.24555517720277248,0.9586146769021757,-0.29963617784477037,1.5038060319497184,0.018419323934674423,0.10281181868660824,-0.4507864712839754,1.6549563253889237,-2.060796251931543,3.264966106036491,0.31266342111366285,0.0,0.10281181868660824,0.734378198964584,False
PSG1,primary glomerular three-source-study synthesis,GSE96804;GSE30528;GSE104948_H7,GSE96804;GSE30528;GSE104948_H7,3.0,-0.13797773427785992,0.2693714300152798,1.1140511349843156,0.39559756871853435,0.39559756871853435,-1.840096693206912,1.5641412246511923,-1.840096693206912,1.5641412246511923,0.7605479483880135,0.7605479483880135,-8.429872747860713,8.153917279304995,-8.429872747860713,8.153917279304995,5.139101969160457,61.08269475869677,0.7605479483880135,1.0,False
PSG11,primary glomerular three-source-study synthesis,GSE96804;GSE30528;GSE104948_H7,GSE96804;GSE30528;GSE104948_H7,3.0,-0.2792533046449407,0.8227756519549335,1.052078415079654,0.5890234005348156,0.5890234005348156,-2.8136164468423757,2.2551098375524945,-2.8136164468423757,2.2551098375524945,0.6821490189196142,0.6821490189196142,-14.021495228513906,13.462988619224024,-14.021495228513906,13.462988619224024,9.980833468512628,79.9615933247502,0.6821490189196142,1.0,False
PSG2,primary glomerular three-source-study synthesis,GSE96804;GSE30528;GSE104948_H7,GSE30528;GSE104948_H7,2.0,-0.46975035152082917,0.7697357260236808,0.9999999883839357,0.6994150448568223,0.6994150489190474,-9.356661107032421,8.417160403990762,-9.356661158647885,8.417160455606226,0.623482005478144,0.6234820071895246,,,,,4.682435931295032,78.64359460176473,0.6234820071895246,1.0,False
PSG3,primary glomerular three-source-study synthesis,GSE96804;GSE30528;GSE104948_H7,GSE96804;GSE30528;GSE104948_H7,3.0,0.01412807879472736,0.6238296961493053,1.0245665601418155,0.5170462434675624,0.5170462434675624,-2.210542352067685,2.23879850965714,-2.210542352067685,2.23879850965714,0.9806821996277479,0.9806821996277479,-11.98073454926991,12.008990706859363,-11.98073454926991,12.008990706859363,9.480908954431452,78.90497620415199,0.9806821996277479,1.0,False
PSG4,primary glomerular three-source-study synthesis,GSE96804;GSE30528;GSE104948_H7,GSE96804;GSE30528;GSE104948_H7,3.0,-0.3027772794428109,0.4225148381059814,1.028886860017032,0.4459339332031827,0.4459339332031827,-2.221476134427399,1.6159215755417773,-2.221476134427399,1.6159215755417773,0.5671907600649206,0.5671907600649206,-10.318715968752954,9.713161409867332,-10.318715968752954,9.713161409867332,7.20993732617052,72.26050783076255,0.5671907600649206,0.9803760819665185,False
PSG5,primary glomerular three-source-study synthesis,GSE96804;GSE30528;GSE104948_H7,GSE96804;GSE30528;GSE104948_H7,3.0,-0.4884020743730233,0.0,0.5313922114928252,0.15179288815673034,0.20823025548367785,-1.1415141589571338,0.16471001021108722,-1.3843445515462975,0.40754040280025106,0.08452656228458325,0.1436236509913361,-2.417113588787706,1.4403094400416594,-3.134218332814597,2.157414184068551,1.0627844229856505,0.0,0.1436236509913361,0.7521577393329717,False
PSG6,primary glomerular three-source-study synthesis,GSE96804;GSE30528;GSE104948_H7,GSE96804;GSE30528,2.0,-0.8385132969371736,0.403802022854119,1.0000000000863272,0.5242723076110543,0.5242723076110543,-7.500024574949987,5.82299798107564,-7.500024574949987,5.82299798107564,0.35572536623926054,0.35572536623926054,,,,,3.5559160924732187,71.87785161419605,0.35572536623926054,0.833931023249524,False
PSG7,primary glomerular three-source-study synthesis,GSE96804;GSE30528;GSE104948_H7,GSE96804;GSE30528,2.0,0.06743478177870509,0.0,0.25988458432495387,0.11784087451892666,0.231156280295595,-1.4298754961486486,1.5647450597060588,-2.8696842417097095,3.0045538052671192,0.6691058547429646,0.8192950176287549,,,,,0.25988458432495387,0.0,0.8192950176287549,1.0,False
PSG8,primary glomerular three-source-study synthesis,GSE96804;GSE30528;GSE104948_H7,GSE96804,1.0,,,,,,,,,,,,,,,,,,1.0,1.0,False
PSG9,primary glomerular three-source-study synthesis,GSE96804;GSE30528;GSE104948_H7,GSE96804;GSE30528;GSE104948_H7,3.0,-0.2417101695832246,0.15367229476818664,1.151675287285057,0.3397630815690408,0.3397630815690408,-1.703592719964347,1.2201723807978977,-1.703592719964347,1.2201723807978977,0.5506141191817233,0.5506141191817233,-6.833172473168245,6.349752134001797,-6.833172473168245,6.349752134001797,4.066490415556001,50.817540541859486,0.5506141191817233,0.9731320219898325,False
PSMA1,primary glomerular three-source-study synthesis,GSE96804;GSE30528;GSE104948_H7,GSE96804;GSE30528;GSE104948_H7,3.0,0.33226319431049806,0.0,0.6520881789255741,0.16704533873989036,0.20686222795740014,-0.3864748884106148,1.0510012770316108,-0.557793135492465,1.2223195241134612,0.18500034860111791,0.2494609993093761,-1.7902490799422028,2.454775468563199,-2.2961706262974686,2.960697014918465,1.3041763578511483,0.0,0.2494609993093761,0.7663284375949244,False
PSMA2,primary glomerular three-source-study synthesis,GSE96804;GSE30528;GSE104948_H7,GSE96804;GSE30528;GSE104948_H7,3.0,-0.4402346267992745,0.0,0.23357792254027493,0.10030060039270661,0.2075332259688276,-0.8717932788744636,-0.008675974724085489,-1.3331780280277625,0.4527087744292134,0.04818739491334624,0.16795542073272418,-1.7146745905502485,0.8342053369516995,-3.077194285518005,2.196725031919456,0.46715584508054986,0.0,0.16795542073272418,0.7521577393329717,False
PSMA3,primary glomerular three-source-study synthesis,GSE96804;GSE30528;GSE104948_H7,GSE96804;GSE30528;GSE104948_H7,3.0,0.23259123255500297,0.41288195496407704,1.083505024697627,0.4537143238983232,0.4537143238983232,-1.719583941692549,2.184766406802555,-1.719583941692549,2.184766406802555,0.6592091094622553,0.6592091094622553,-9.762102003989936,10.22728446909994,-9.762102003989936,10.22728446909994,6.465679291358389,69.0674419519528,0.6592091094622553,1.0,False
PSMA4,primary glomerular three-source-study synthesis,GSE96804;GSE30528;GSE104948_H7,GSE96804;GSE30528;GSE104948_H7,3.0,0.5647472096458951,0.15443458411867442,1.0472198332146778,0.32569008000211264,0.32569008000211264,-0.8365841021275154,1.9660785214193055,-0.8365841021275154,1.9660785214193055,0.22505466663721974,0.22505466663721974,-5.920505317988519,7.049999737280309,-5.920505317988519,7.049999737280309,4.0464790747026145,50.574315026033226,0.22505466663721974,0.754127183883559,False
PSMA5,primary glomerular three-source-study synthesis,GSE96804;GSE30528;GSE104948_H7,GSE96804;GSE30528;GSE104948_H7,3.0,-0.945516305859718,0.0,0.27180074282639477,0.11239679374765377,0.21558999526694048,-1.4291206772931477,-0.4619119344262883,-1.873125187501693,-0.01790742421774305,0.013838259874183727,0.04825757675069225,-2.373652978907007,0.4826203671875706,-3.684846924792397,1.7938143130729611,0.5436014856527895,0.0,0.04825757675069225,0.734378198964584,False
PSMA6,primary glomerular three-source-study synthesis,GSE96804;GSE30528;GSE104948_H7,GSE96804;GSE104948_H7,2.0,0.70885277482059,0.0,0.33723666614257936,0.13896836074108465,0.239303219224827,-1.0569076686062133,2.474613218247393,-2.3317829226757576,3.749488472316938,0.12324423410271317,0.2072698314628257,,,,,0.33723666614257936,0.0,0.2072698314628257,0.754127183883559,False
PSMA7,primary glomerular three-source-study synthesis,GSE96804;GSE30528;GSE104948_H7,GSE96804;GSE30528;GSE104948_H7,3.0,0.2879629758813753,1.128787326948924,1.0078964146143008,0.6603663039501637,0.6603663039501637,-2.5533639044443595,3.1292898562071096,-2.5533639044443595,3.1292898562071096,0.7053445304014998,0.7053445304014998,-15.606838851191956,16.182764802954708,-15.606838851191956,16.182764802954708,15.553207484492612,87.14091609724805,0.7053445304014998,1.0,False
PSMB1,primary glomerular three-source-study synthesis,GSE96804;GSE30528;GSE104948_H7,GSE96804;GSE30528;GSE104948_H7,3.0,-0.23455254458995417,0.6463453729464556,0.9634842878674466,0.5075452946372694,0.5170737461311108,-2.4183436920324963,1.9492386028525879,-2.4593413098627583,1.9902362206828499,0.6893873247647455,0.6945726932230171,-12.315123949294314,11.846018860114405,-12.380186495191605,11.911081406011697,11.777098746798762,83.01788884513142,0.6945726932230171,1.0,False
PSMB2,primary glomerular three-source-study synthesis,GSE96804;GSE30528;GSE104948_H7,GSE30528;GSE104948_H7,2.0,0.19815975628526625,0.07530801542556353,0.9999999915429217,0.36935495351220293,0.3693549550740348,-4.494939903361071,4.891259415931603,-4.494939923206027,4.891259435776559,0.6865149191620911,0.6865149202835462,,,,,1.3812164423093498,27.60005098635867,0.6865149202835462,1.0,False
PSMB3,primary glomerular three-source-study synthesis,GSE96804;GSE30528;GSE104948_H7,GSE96804;GSE30528;GSE104948_H7,3.0,-0.08276412443002963,1.2302767521362,0.980144609853179,0.6747263673010709,0.6815262752856774,-2.9858773705319206,2.8203491216718617,-3.0151350131839325,2.8496067643238736,0.9135884229485083,0.9144442494106295,-16.578982775646306,16.41345452678625,-16.624050754878564,16.458522506018507,20.033276299597723,90.01661051297854,0.9144442494106295,1.0,False
PSMB4,primary glomerular three-source-study synthesis,GSE96804;GSE30528;GSE104948_H7,GSE96804;GSE30528;GSE104948_H7,3.0,0.35306776492055136,0.18023601638922812,0.9712134797741454,0.326618011725492,0.3314231036431418,-1.0522561148154785,1.7583916446565813,-1.0729307566716515,1.7790662865127542,0.3927189044899167,0.3983211952139005,-6.452944613579924,7.1590801434210265,-6.4903446544911105,7.196480184332213,4.419682657382033,54.74788225667122,0.3983211952139005,0.8526958683304041,False
PSMB5,primary glomerular three-source-study synthesis,GSE96804;GSE30528;GSE104948_H7,GSE96804;GSE30528;GSE104948_H7,3.0,-0.08835788229145997,1.6225497375674263,0.9851175421711581,0.7666005778291625,0.7723695004846902,-3.3867739511156207,3.2100581865327005,-3.411595621927141,3.234879857344221,0.9187686711703889,0.9193714388882812,-18.978455778648232,18.80174001406531,-19.016357323751986,18.839641559169063,25.154991336459773,92.04929163660181,0.9193714388882812,1.0,False
PSMB6,primary glomerular three-source-study synthesis,GSE96804;GSE30528;GSE104948_H7,GSE96804;GSE30528;GSE104948_H7,3.0,-0.024430758107497348,0.9916304957633225,0.9675928225013082,0.6096912089171417,0.619817185934251,-2.6477203024590863,2.5988587862440915,-2.691288865113132,2.642427348898137,0.9716770979566856,0.9721394481457951,-14.860544215152842,14.811682698937847,-14.92813101593363,14.879269499718635,17.302719793193667,88.44112356956312,0.9721394481457951,1.0,False
PSMB7,primary glomerular three-source-study synthesis,GSE96804;GSE30528;GSE104948_H7,GSE96804;GSE30528;GSE104948_H7,3.0,-0.1318499924508127,0.76562537409502,0.981197086558084,0.5497051855059107,0.5549472566088479,-2.4970405094252537,2.2333405245236286,-2.519595320965847,2.255895336064222,0.8327842808325647,0.8343202535666288,-13.2617386745912,12.998038689689576,-13.297292114248096,13.033592129346472,12.928001284137487,84.52970450696058,0.8343202535666288,1.0,False
PSMC1,primary glomerular three-source-study synthesis,GSE96804;GSE30528;GSE104948_H7,GSE96804;GSE30528,2.0,-0.489959791713574,0.0,0.4342607228949543,0.15443773407858302,0.23435711630823067,-2.4522772599069533,1.4723576764798054,-3.467749292905458,2.48782970947831,0.19439008442980815,0.28402977124752354,,,,,0.4342607228949543,0.0,0.28402977124752354,0.7992778828604795,False
PSMC2,primary glomerular three-source-study synthesis,GSE96804;GSE30528;GSE104948_H7,GSE96804;GSE30528;GSE104948_H7,3.0,-1.0190591129703916,0.6964496852645644,1.070962987248066,0.5594389665433671,0.5594389665433671,-3.426130709496428,1.3880124835556447,-3.426130709496428,1.3880124835556447,0.21010891739422127,0.21010891739422127,-13.7849801820179,11.746861956077115,-13.7849801820179,11.746861956077115,8.24220902078827,75.73466051448518,0.21010891739422127,0.754127183883559,False
PSMC3,primary glomerular three-source-study synthesis,GSE96804;GSE30528;GSE104948_H7,GSE96804;GSE30528;GSE104948_H7,3.0,-0.002331082027568239,1.1625672346425588,1.0024471709895622,0.6661928505419863,0.6661928505419863,-2.8687275689516207,2.8640654048964844,-2.8687275689516207,2.8640654048964844,0.9975257632043741,0.9975257632043741,-16.106562886989426,16.101900722934293,-16.106562886989426,16.101900722934293,16.589901306272534,87.94447318837386,0.9975257632043741,1.0,False
PSMC4,primary glomerular three-source-study synthesis,GSE96804;GSE30528;GSE104948_H7,GSE96804;GSE30528;GSE104948_H7,3.0,0.20185785952261528,2.0842554553087758,0.9962239921545926,0.8667419182257807,0.8683829793272404,-3.527431620919825,3.9311473399650554,-3.534492536947706,3.9382082559929366,0.8375086012560993,0.8378075903425448,-21.19403653118596,21.597752250231192,-21.204776864499532,21.608492583544763,28.181154092270162,92.90305857080358,0.8378075903425448,1.0,False
PSMC5,primary glomerular three-source-study synthesis,GSE96804;GSE30528;GSE104948_H7,GSE96804;GSE30528;GSE104948_H7,3.0,-0.1464175107670878,0.5101381023391646,1.002285564587843,0.47161892200003674,0.47161892200003674,-2.175629952912044,1.8827949313778687,-2.175629952912044,1.8827949313778687,0.7855794474996692,0.7855794474996692,-11.021641071662398,10.72880605012822,-11.021641071662398,10.72880605012822,8.737793604154675,77.11092650381404,0.7855794474996692,1.0,False
PSMC6,primary glomerular three-source-study synthesis,GSE96804;GSE30528;GSE104948_H7,GSE96804;GSE30528,2.0,-0.9605478725862306,0.09518714236389182,0.999999977138724,0.33824074840851476,0.33824075227482236,-5.258304071981774,3.3372083268093125,-5.25830412110787,3.3372083759354085,0.21554284589793804,0.21554284817771346,,,,,1.5989220788369247,37.45786531840175,0.21554284817771346,0.754127183883559,False
PSMD1,primary glomerular three-source-study synthesis,GSE96804;GSE30528;GSE104948_H7,GSE96804;GSE30528;GSE104948_H7,3.0,-0.6781471188172087,0.7774246690777709,1.0641352643511708,0.581631316466499,0.581631316466499,-3.1807046903195637,1.8244104526851466,-3.1807046903195637,1.8244104526851466,0.3638723605298606,0.3638723605298606,-14.099410257688149,12.74311602005373,-14.099410257688149,12.74311602005373,8.987170858945198,77.74605566768167,0.3638723605298606,0.8404485495424214,False
PSMD11,primary glomerular three-source-study synthesis,GSE96804;GSE30528;GSE104948_H7,GSE96804;GSE30528;GSE104948_H7,3.0,-0.0028118373916249596,0.0,0.29759465254992146,0.11199126745865441,0.20529179791451918,-0.4846713700307064,0.47904769524745655,-0.8861111520837058,0.880487477300456,0.9822490087119119,0.9903153654300845,-1.4257958103849866,1.4201721356017365,-2.6112914523509065,2.605667777567657,0.5951893050998429,0.0,0.9903153654300845,1.0,False
PSMD12,primary glomerular three-source-study synthesis,GSE96804;GSE30528;GSE104948_H7,GSE96804;GSE30528;GSE104948_H7,3.0,-0.10891080020097271,1.127471055187334,1.037726047845113,0.6704902443065262,0.6704902443065262,-2.993797480136831,2.7759758797348852,-2.993797480136831,2.7759758797348852,0.8858916289737913,0.8858916289737913,-16.065335302700507,15.847513702298563,-16.065335302700507,15.847513702298563,12.677114924951633,84.22353972619183,0.8858916289737913,1.0,False
PSMD13,primary glomerular three-source-study synthesis,GSE96804;GSE30528;GSE104948_H7,GSE96804;GSE30528;GSE104948_H7,3.0,0.1672415776651725,1.1641721498271043,0.9813348610501006,0.659592180087574,0.6658354051559139,-2.670754516510027,3.0052376718403715,-2.6976169458927597,3.0321001012231044,0.8235248761645781,0.8251287668369318,-15.901129596585772,16.23561275191612,-15.942647377814037,16.277130533144383,18.678830285315037,89.29269140813189,0.8251287668369318,1.0,False
PSMD14,primary glomerular three-source-study synthesis,GSE96804;GSE30528;GSE104948_H7,GSE96804;GSE30528;GSE104948_H7,3.0,0.4283585998269467,0.2908976832963772,1.0819967366684966,0.4007747867025788,0.4007747867025788,-1.2960361301936625,2.1527533298475556,-1.2960361301936625,2.1527533298475556,0.39705584118067283,0.39705584118067283,-8.10958806260802,8.966305262261914,-8.10958806260802,8.966305262261914,5.436365189355119,63.21071285063454,0.39705584118067283,0.8526958683304041,False
PSMD2,primary glomerular three-source-study synthesis,GSE96804;GSE30528;GSE104948_H7,GSE96804;GSE30528;GSE104948_H7,3.0,0.3624607493441528,0.30430332269964033,1.105048916455559,0.411396090749997,0.411396090749997,-1.4076337635295793,2.1325552622178847,-1.4076337635295793,2.1325552622178847,0.4712242463046033,0.4712242463046033,-8.381310750292126,9.106232248980433,-8.381310750292126,9.106232248980433,5.440882983780016,63.2412605460867,0.4712242463046033,0.922421462141261,False
PSMD3,primary glomerular three-source-study synthesis,GSE96804;GSE30528;GSE104948_H7,GSE96804;GSE30528;GSE104948_H7,3.0,-0.4121824015767002,0.686517300637471,0.9635595281331031,0.5203724570265114,0.5301210218544721,-2.6511643742882542,1.8267995711348537,-2.693109063356419,1.8687442602030184,0.5113348623770362,0.5182203380974739,-12.844181384401836,12.019816581248435,-12.910500380355737,12.086135577202336,12.377758358233532,83.8419854216202,0.5182203380974739,0.954662526352791,False
PSMD6,primary glomerular three-source-study synthesis,GSE96804;GSE30528;GSE104948_H7,GSE96804;GSE30528;GSE104948_H7,3.0,-0.26661784450388076,0.11633250500270317,1.1846073619259183,0.32150196190553887,0.32150196190553887,-1.649929138516555,1.1166934495087937,-1.649929138516555,1.1166934495087937,0.4941594559802744,0.4941594559802744,-6.222237301711359,5.6890016127035965,-6.222237301711359,5.6890016127035965,3.715827289197554,46.176185157628595,0.4941594559802744,0.9362378868402997,False
PSMD7,primary glomerular three-source-study synthesis,GSE96804;GSE30528;GSE104948_H7,GSE96804;GSE30528;GSE104948_H7,3.0,0.37561406768654904,1.1569907306205007,1.0241128497876382,0.6733466189112698,0.6733466189112698,-2.5215626002395966,3.2727907356126944,-2.5215626002395966,3.2727907356126944,0.6330671111371531,0.6330671111371531,-15.748686903290327,16.499915038663424,-15.748686903290327,16.499915038663424,14.069566928572044,85.7849213827722,0.6330671111371531,1.0,False
PSMD8,primary glomerular three-source-study synthesis,GSE96804;GSE30528;GSE104948_H7,GSE96804;GSE30528;GSE104948_H7,3.0,0.007776588453512579,1.764996234175749,0.9885571391783465,0.798536022340222,0.8031443781337435,-3.4280466078719214,3.443599784778946,-3.447874762506573,3.463427939413598,0.993113963674686,0.9931534731507773,-19.687480205150536,19.703033382057562,-19.717709551468083,19.73326272837511,26.36060995029435,92.4129221449306,0.9931534731507773,1.0,False
PTPN11,primary glomerular three-source-study synthesis,GSE96804;GSE30528;GSE104948_H7,GSE96804;GSE30528;GSE104948_H7,3.0,-0.37923363477509847,0.0,0.5896231086592348,0.1591000208555928,0.20719677362797168,-1.063785773812611,0.3053185042624142,-1.2707293984207721,0.5122621288705751,0.1399774917705772,0.2086910878479256,-2.4007910732959243,1.6423238037457275,-3.011918261166948,2.2534509916167513,1.1792462173184697,0.0,0.2086910878479256,0.754127183883559,False
PTPN6,primary glomerular three-source-study synthesis,GSE96804;GSE30528;GSE104948_H7,GSE96804;GSE30528;GSE104948_H7,3.0,1.114211727357635,2.9970130673548483,0.9983239906648803,1.0354608290893774,1.0363296423542459,-3.3410166354724153,5.569440090187685,-3.344754837238144,5.573178291953415,0.3944703611220678,0.3947920209937677,-24.517047934371945,26.745471389087214,-24.52271627586529,26.751139730580558,33.33209199695341,93.99977655113035,0.3947920209937677,0.8515761775154824,False
PTPRS,primary glomerular three-source-study synthesis,GSE96804;GSE30528;GSE104948_H7,GSE96804;GSE30528;GSE104948_H7,3.0,0.18629316218091133,0.0,0.43946361906967396,0.13645691751437802,0.2058420472676024,-0.4008335664555245,0.7734198908173471,-0.699373684392256,1.0719600087540786,0.30546647033763175,0.46097461287356806,-1.5475563694240781,1.920142693785901,-2.4291780337145936,2.8017643580764164,0.8789272381393479,0.0,0.46097461287356806,0.911529979194098,False
PXDN,primary glomerular three-source-study synthesis,GSE96804;GSE30528;GSE104948_H7,GSE96804;GSE30528;GSE104948_H7,3.0,1.3301279771312216,1.7081764508191095,1.0368030736178593,0.8142382964108428,0.8142382964108428,-2.173256651587443,4.833512605849886,-2.173256651587443,4.833512605849886,0.24395355155708093,0.24395355155708093,-18.235613934039257,20.895869888301704,-18.235613934039257,20.895869888301704,15.213074791103434,86.85341374138518,0.24395355155708093,0.7663284375949244,False
RBL1,primary glomerular three-source-study synthesis,GSE96804;GSE30528;GSE104948_H7,GSE96804;GSE30528;GSE104948_H7,3.0,-0.0712854426678188,0.5139469485752929,1.06001480650561,0.48738654571220436,0.48738654571220436,-2.168340494019596,2.0257696086839583,-2.168340494019596,2.0257696086839583,0.8971268528823565,0.8971268528823565,-11.086125650184474,10.943554764848837,-11.086125650184474,10.943554764848837,7.61098232553357,73.7221830973075,0.8971268528823565,1.0,False
RBX1,primary glomerular three-source-study synthesis,GSE96804;GSE30528;GSE104948_H7,GSE30528;GSE104948_H7,2.0,0.569336852435852,0.6891277441314201,1.0000000111827843,0.6704676403811204,0.6704676403811204,-7.949762255226611,9.088435960098314,-7.949762255226611,9.088435960098314,0.5518143266455755,0.5518143266455755,,,,,4.274124965930544,76.6033981698922,0.5518143266455755,0.9731320219898325,False
RHOA,primary glomerular three-source-study synthesis,GSE96804;GSE30528;GSE104948_H7,GSE96804;GSE30528;GSE104948_H7,3.0,0.0988888012239401,0.896614760559545,0.9961420975118762,0.593023295008988,0.5941705285372008,-2.4526844978515023,2.6504621002993827,-2.457620645323327,2.6553982477712075,0.8828986038160046,0.8831216133650496,-14.097367651892313,14.295145254340191,-14.105110182144864,14.302887784592743,13.856933776378526,85.56679253667694,0.8831216133650496,1.0,False
RNF111,primary glomerular three-source-study synthesis,GSE96804;GSE30528;GSE104948_H7,GSE96804;GSE30528;GSE104948_H7,3.0,-0.4373720547411956,0.9153004544825447,1.0452505145488307,0.6153051679039968,0.6153051679039968,-3.084816515052278,2.2100724055698873,-3.084816515052278,2.2100724055698873,0.5509099229361591,0.5509099229361591,-14.890650084660967,14.015905975178574,-14.890650084660967,14.015905975178574,10.752256003489745,81.39925240478945,0.5509099229361591,0.9731320219898325,False
RPS27A,primary glomerular three-source-study synthesis,GSE96804;GSE30528;GSE104948_H7,GSE30528,1.0,,,,,,,,,,,,,,,,,,1.0,1.0,False
SCUBE1,primary glomerular three-source-study synthesis,GSE96804;GSE30528;GSE104948_H7,GSE96804,1.0,,,,,,,,,,,,,,,,,,1.0,1.0,False
SCUBE3,primary glomerular three-source-study synthesis,GSE96804;GSE30528;GSE104948_H7,GSE30528,1.0,,,,,,,,,,,,,,,,,,1.0,1.0,False
SDC1,primary glomerular three-source-study synthesis,GSE96804;GSE30528;GSE104948_H7,GSE96804;GSE30528;GSE104948_H7,3.0,-0.6019221266360985,1.6156727464332155,0.9985702730889782,0.7718084987358199,0.7723608287576557,-3.922746070565608,2.718901817293411,-3.9251225548417823,2.721278301569585,0.517098507870937,0.5173633768942707,-19.49686930719068,18.293025053918484,-19.500512714473654,18.29666846120146,21.60914792702407,90.7446605171376,0.5173633768942707,0.954662526352791,False
SDC2,primary glomerular three-source-study synthesis,GSE96804;GSE30528;GSE104948_H7,GSE96804;GSE30528;GSE104948_H7,3.0,-0.5993583610318087,1.3568464111132577,1.042390879191272,0.7320383345788547,0.7320383345788547,-3.749065099588768,2.5503483775251503,-3.749065099588768,2.5503483775251503,0.49896488578507936,0.49896488578507936,-18.08009718607664,16.881380464013024,-18.08009718607664,16.881380464013024,13.24437915129862,84.8992544146254,0.49896488578507936,0.9391574653118201,False
SDC3,primary glomerular three-source-study synthesis,GSE96804;GSE30528;GSE104948_H7,GSE96804;GSE30528;GSE104948_H7,3.0,0.11259165786540097,0.32507372575912885,0.9864123102817476,0.3959618747798902,0.39867970669603653,-1.5910947835330083,1.8162780992638101,-1.6027886704460155,1.8279719861768173,0.8028794255089613,0.8041715098195031,-8.707560476859936,8.932743792590738,-8.727304411025699,8.952487726756502,6.462340386046537,69.05145998935009,0.8041715098195031,1.0,False
SDC4,primary glomerular three-source-study synthesis,GSE96804;GSE30528;GSE104948_H7,GSE96804;GSE30528;GSE104948_H7,3.0,-0.5549275005208832,0.8625406466472553,0.9754576455806119,0.5766200593867402,0.5838288312532347,-3.035923373069538,1.9260683720277716,-3.0669402150190512,1.957085213977285,0.4374043607590689,0.44218016297545515,-14.445031461865142,13.335176460823376,-14.493563156903665,13.3837081558619,14.49470184214302,86.20185484474717,0.44218016297545515,0.8900438756035511,False
SELE,primary glomerular three-source-study synthesis,GSE96804;GSE30528;GSE104948_H7,GSE96804;GSE30528;GSE104948_H7,3.0,0.8660565486902626,0.2871136048563066,1.0598618431767926,0.4001959768593671,0.4001959768593671,-0.8558477635784457,2.587960860958971,-0.8558477635784457,2.587960860958971,0.16289530895904747,0.16289530895904747,-7.631634548307772,9.363747645688298,-7.631634548307772,9.363747645688298,5.3029755452455545,62.28532485326802,0.16289530895904747,0.7521577393329717,False
SELL,primary glomerular three-source-study synthesis,GSE96804;GSE30528;GSE104948_H7,GSE96804;GSE30528;GSE104948_H7,3.0,0.11077841916736354,1.7855019947516073,0.9797044528122854,0.7994074659320661,0.8076452793607239,-3.3287942963073407,3.550351134642068,-3.3642387467433217,3.585795585078049,0.9024792687880976,0.9034646429973245,-19.674028010851803,19.89558484918653,-19.727969179787156,19.949526018121883,28.365011217262005,92.9490597247398,0.9034646429973245,1.0,False
SELP,primary glomerular three-source-study synthesis,GSE96804;GSE30528;GSE104948_H7,GSE96804;GSE30528;GSE104948_H7,3.0,-0.19295104044378025,0.009498613119102727,0.8602082278091912,0.199855042717547,0.21548314956060596,-1.0528578855466293,0.6669558046590687,-1.1201002021157331,0.7341981212281725,0.4361775253488271,0.46504774790579634,-3.018207913699717,2.6323058328121567,-3.1979510227411594,2.812048941853599,1.8529582268372942,0.0,0.46504774790579634,0.9149054939955742,False
SELPLG,primary glomerular three-source-study synthesis,GSE96804;GSE30528;GSE104948_H7,GSE96804;GSE30528;GSE104948_H7,3.0,0.6819109296242029,0.8841415504743481,0.9536274541278891,0.5802676967752838,0.5942087209875146,-1.814779459891405,3.1786013191398106,-1.8747628457736636,3.238584705022069,0.36088989519479414,0.36988824077196647,-13.35745148475451,14.721273344002917,-13.451282072867505,14.815103932115912,15.036030298226315,86.69861685343953,0.36988824077196647,0.844380444677696,False
SEM1,primary glomerular three-source-study synthesis,GSE96804;GSE30528;GSE104948_H7,,0.0,,,,,,,,,,,,,,,,,,1.0,1.0,False
SERPINA10,primary glomerular three-source-study synthesis,GSE96804;GSE30528;GSE104948_H7,GSE96804;GSE30528;GSE104948_H7,3.0,-0.03340435960218041,0.9331273495039349,1.040640949589678,0.6179145925154658,0.6179145925154658,-2.692076267840876,2.625267548636515,-2.692076267840876,2.625267548636515,0.9618018236103375,0.9618018236103375,-14.60374730170495,14.53693858250059,-14.60374730170495,14.53693858250059,11.26570194680609,82.24700059132121,0.9618018236103375,1.0,False
SERPINA5,primary glomerular three-source-study synthesis,GSE96804;GSE30528;GSE104948_H7,GSE96804;GSE30528;GSE104948_H7,3.0,-0.34067820708563507,0.47820379187623413,0.9571968795117284,0.4491651695573078,0.4590980356334596,-2.273279949989765,1.591923535818495,-2.3160176233265557,1.6346612091552855,0.5273644802227471,0.5353635812904514,-10.818122035386972,10.136765621215703,-10.887400653430312,10.206044239259043,9.111061552017292,78.0486610854124,0.5353635812904514,0.9702342105654901,False
SERPINC1,primary glomerular three-source-study synthesis,GSE96804;GSE30528;GSE104948_H7,GSE96804;GSE30528;GSE104948_H7,3.0,-0.5239568968968208,0.0644718131416405,0.9519309299319008,0.2555466391916777,0.26191927184709196,-1.6234853415931938,0.5755715477995521,-1.6509045668837024,0.6029907730900609,0.1768224156312949,0.1834419413789934,-5.101293709483767,4.053379915690125,-5.159084218210747,4.1111704244171055,2.7907111006108867,28.333678123751326,0.1834419413789934,0.7521577393329717,False
SERPIND1,primary glomerular three-source-study synthesis,GSE96804;GSE30528;GSE104948_H7,GSE96804;GSE30528;GSE104948_H7,3.0,-0.6084222968118332,0.2270615290277703,0.9336252015702379,0.3454902064529995,0.35756043578612723,-2.0949466767085365,0.8781020830848701,-2.1468806818974207,0.9300360882737543,0.22029472300732378,0.2309390565829465,-8.087025119047057,6.870180525423391,-8.178068392090376,6.96122379846671,5.0382856822402395,60.30395800996513,0.2309390565829465,0.754127183883559,False
SERPINE1,primary glomerular three-source-study synthesis,GSE96804;GSE30528;GSE104948_H7,GSE96804;GSE30528;GSE104948_H7,3.0,0.47346706614844614,0.16927267031242849,1.0610773145507237,0.3355935897998724,0.3355935897998724,-0.9704756090903961,1.9174097413872884,-0.9704756090903961,1.9174097413872884,0.2937394614145643,0.2937394614145643,-6.272746660441305,7.219680792738197,-6.272746660441305,7.219680792738197,4.231077341525948,52.73071516866445,0.2937394614145643,0.7992778828604795,False
SERPINE2,primary glomerular three-source-study synthesis,GSE96804;GSE30528;GSE104948_H7,GSE96804;GSE30528;GSE104948_H7,3.0,1.592117483882559,0.9000360960086514,1.0006963173347767,0.6124426507991947,0.6124426507991947,-1.0430105593935926,4.22724552715871,-1.0430105593935926,4.22724552715871,0.12157081152463607,0.12157081152463607,-12.755894631489008,15.940129599254126,-12.755894631489008,15.940129599254126,10.732607681086408,81.36519977782743,0.12157081152463607,0.7521577393329717,False
SERPING1,primary glomerular three-source-study synthesis,GSE96804;GSE30528;GSE104948_H7,GSE96804;GSE30528;GSE104948_H7,3.0,-0.14838060718133134,0.5934425646111624,1.0098514673416183,0.5027762878453401,0.5027762878453401,-2.311652374532385,2.0148911601697224,-2.311652374532385,2.0148911601697224,0.7957175733173543,0.7957175733173543,-11.8368912067852,11.54012999242254,-11.8368912067852,11.54012999242254,9.567197795096448,79.09523725928321,0.7957175733173543,1.0,False
SERPINH1,primary glomerular three-source-study synthesis,GSE96804;GSE30528;GSE104948_H7,GSE96804;GSE30528;GSE104948_H7,3.0,1.8651184105942118,1.4069634440835312,0.9684386000580689,0.7315801856108878,0.743405703531377,-1.2826170720550927,5.012853893243516,-1.3334981690163867,5.063734990204811,0.12553114972336574,0.12886494691222308,-15.842485801546077,19.572722622734503,-15.921823228243484,19.65206004943191,16.42624234838321,87.82436081495622,0.12886494691222308,0.7521577393329717,False
SGCA,primary glomerular three-source-study synthesis,GSE96804;GSE30528;GSE104948_H7,GSE96804;GSE30528;GSE104948_H7,3.0,0.41869702935916114,1.1063075922018386,0.990585450553308,0.6474662214010887,0.6505357132758839,-2.3671252755728025,3.204519334291125,-2.380332233166834,3.2177262918851564,0.5841485166692617,0.5857733383009698,-15.274983803782002,16.112377862500324,-15.295464062056647,16.13285812077497,16.93001927212212,88.18666436314513,0.5857733383009698,1.0,False
SGCB,primary glomerular three-source-study synthesis,GSE96804;GSE30528;GSE104948_H7,GSE96804;GSE30528;GSE104948_H7,3.0,-0.8584233308581932,0.011372668938604306,0.9105191368702081,0.21507282667712457,0.22539330096928456,-1.7838070156554562,0.06696035393906974,-1.8282124325409275,0.11136577082454102,0.05741907959130514,0.0625431189022079,-3.908679765247589,2.191833103531202,-4.0266998521703865,2.3098531904540005,1.9620208798929144,0.0,0.0625431189022079,0.734378198964584,False
SGCD,primary glomerular three-source-study synthesis,GSE96804;GSE30528;GSE104948_H7,GSE96804;GSE30528;GSE104948_H7,3.0,0.40027834459602596,0.030931402974633957,0.8477595131343953,0.21673766843096443,0.23539544843671345,-0.5322685761179969,1.3328252653100487,-0.6125465241907978,1.4131032133828496,0.20604255071557714,0.23115009467695297,-3.1462466910110636,3.9468033802031157,-3.333323114630615,4.1338798038226665,2.132836224990296,6.228149326885156,0.23115009467695297,0.754127183883559,False
SGCE,primary glomerular three-source-study synthesis,GSE96804;GSE30528;GSE104948_H7,GSE96804;GSE30528;GSE104948_H7,3.0,-0.659248283338058,4.8906173703261375,1.0215809587898985,1.322775267028688,1.322775267028688,-6.350690896864116,5.032194330188,-6.350690896864116,5.032194330188,0.6676255946343148,0.6676255946343148,-33.401714825197956,32.08321825852184,-33.401714825197956,32.08321825852184,30.719727647878173,93.48952561388305,0.6676255946343148,1.0,False
SGCG,primary glomerular three-source-study synthesis,GSE96804;GSE30528;GSE104948_H7,GSE96804;GSE30528;GSE104948_H7,3.0,0.1330001774832289,0.0697889573703486,1.2242540087285632,0.2925818017411169,0.2925818017411169,-1.1258777104532038,1.3918780654196614,-1.1258777104532038,1.3918780654196614,0.6939873488758616,0.6939873488758616,-4.875776512198374,5.141776867164832,-4.875776512198374,5.141776867164832,3.2994969417872655,39.384699083350455,0.6939873488758616,1.0,False
SGCZ,primary glomerular three-source-study synthesis,GSE96804;GSE30528;GSE104948_H7,GSE96804,1.0,,,,,,,,,,,,,,,,,,1.0,1.0,False
SH3PXD2A,primary glomerular three-source-study synthesis,GSE96804;GSE30528;GSE104948_H7,GSE96804;GSE30528;GSE104948_H7,3.0,0.9929689441584955,0.2683951622311919,1.0299968543568223,0.3852889267851801,0.3852889267851801,-0.6647955084160004,2.650733396732991,-0.6647955084160004,2.650733396732991,0.12331770508397483,0.12331770508397483,-7.210583505025675,9.196521393342666,-7.210583505025675,9.196521393342666,5.220030570884949,61.68604814011766,0.12331770508397483,0.7521577393329717,False
SHC1,primary glomerular three-source-study synthesis,GSE96804;GSE30528;GSE104948_H7,GSE96804;GSE30528;GSE104948_H7,3.0,1.2534738584973504,0.3340901745052791,1.032128938642999,0.4220119301083147,0.4220119301083147,-0.5622969245700291,3.0692446415647296,-0.5622969245700291,3.0692446415647296,0.09711786402514525,0.09711786402514525,-7.839981852511422,10.346929569506123,-7.839981852511422,10.346929569506123,5.590833148692233,64.22715636813763,0.09711786402514525,0.734378198964584,False
SIRPA,primary glomerular three-source-study synthesis,GSE96804;GSE30528;GSE104948_H7,GSE96804;GSE30528;GSE104948_H7,3.0,-1.3626736760378484,0.0,0.11130184519986386,0.07543677181914056,0.2261163222661741,-1.6872519082289608,-1.038095443846736,-2.3355736872773116,-0.3897736647983854,0.003050644468105549,0.02644723862322093,-2.3211887434079417,-0.4041586086677549,-4.235753960942713,1.5104066088670165,0.22260369039972772,0.0,0.02644723862322093,0.734378198964584,False
SIRPG,primary glomerular three-source-study synthesis,GSE96804;GSE30528;GSE104948_H7,GSE96804;GSE30528;GSE104948_H7,3.0,0.5346406694085007,0.0,0.0736437161206017,0.056565159730021256,0.208440050742303,0.29126043048741046,0.778020908329591,-0.3622044839069857,1.431485822723987,0.011009200375166395,0.12428696531269086,-0.18408783105557347,1.2533691698725749,-2.1138412905418433,3.1831226293588446,0.1472874322412034,0.0,0.12428696531269086,0.7521577393329717,False
SKI,primary glomerular three-source-study synthesis,GSE96804;GSE30528;GSE104948_H7,GSE96804;GSE30528;GSE104948_H7,3.0,0.20313076403293903,0.6863211377987215,1.0538739308359297,0.5462392866910819,0.5462392866910819,-2.1471471939448437,2.5534087220107216,-2.1471471939448437,2.5534087220107216,0.7456922259015435,0.7456922259015435,-12.40548720649324,12.811748734559119,-12.40548720649324,12.811748734559119,9.001565542174394,77.78164264172112,0.7456922259015435,1.0,False
SKIL,primary glomerular three-source-study synthesis,GSE96804;GSE30528;GSE104948_H7,GSE96804;GSE30528;GSE104948_H7,3.0,0.7895182832220335,2.1099314629714163,0.9908250337171081,0.8683815142031341,0.872392823683689,-2.9468258093280526,4.525862375772119,-2.964085081014432,4.543121647458499,0.45922289342190714,0.46098580865216326,-20.713712408999132,22.2927489754432,-20.739910048473245,22.318946614917312,29.544785962524006,93.23061604664561,0.46098580865216326,0.911529979194098,False
SLC16A1,primary glomerular three-source-study synthesis,GSE96804;GSE30528;GSE104948_H7,GSE96804;GSE30528;GSE104948_H7,3.0,0.44294041839542975,0.05794037755713914,1.1404920900242685,0.27563173469354474,0.27563173469354474,-0.7430072172893301,1.6288880540801896,-0.7430072172893301,1.6288880540801896,0.2492987290795518,0.2492987290795518,-4.206788058051461,5.09266889484232,-4.206788058051461,5.09266889484232,3.0043550761130278,33.429972512185266,0.2492987290795518,0.7663284375949244,False
SLC16A3,primary glomerular three-source-study synthesis,GSE96804;GSE30528;GSE104948_H7,GSE96804;GSE104948_H7,2.0,1.0193797977772399,0.5938905565717332,1.0000000114959644,0.6131115186508688,0.6131115186508688,-6.770940684307688,8.809700279862168,-6.770940684307688,8.809700279862168,0.34472259448391973,0.34472259448391973,,,,,4.5092802967380035,77.82351208632127,0.34472259448391973,0.8264317795306977,False
SLC16A8,primary glomerular three-source-study synthesis,GSE96804;GSE30528;GSE104948_H7,GSE96804;GSE30528;GSE104948_H7,3.0,-0.056991208782477557,0.8766840680424288,1.0458368034577425,0.6030978739043367,0.6030978739043367,-2.6519119222430683,2.537929504678113,-2.6519119222430683,2.537929504678113,0.9333288887259201,0.9333288887259201,-14.20836730515532,14.094384887590365,-14.20836730515532,14.094384887590365,10.600518739890342,81.1329987798249,0.9333288887259201,1.0,False
SLC3A2,primary glomerular three-source-study synthesis,GSE96804;GSE30528;GSE104948_H7,GSE96804;GSE30528;GSE104948_H7,3.0,-0.7395495807085087,0.8328737860582829,0.9726016172369709,0.5679793692036658,0.5759238547514424,-3.1833675640540386,1.7042684026370214,-3.2175499264826346,1.7384507650656174,0.32266326703593234,0.32776834928558074,-14.397829321672104,12.918730160255086,-14.451434821010121,12.972335659593103,13.946514844970523,85.65949972281962,0.32776834928558074,0.8197589673563219,False
SLC7A10,primary glomerular three-source-study synthesis,GSE96804;GSE30528;GSE104948_H7,GSE96804;GSE30528;GSE104948_H7,3.0,-0.8956412433871976,0.48315432683764464,1.0872833317602313,0.4869636300724593,0.4869636300724593,-2.9908766356071714,1.1995941488327764,-2.9908766356071714,1.1995941488327764,0.20725444595049797,0.20725444595049797,-11.679368861015847,9.888086374241452,-11.679368861015847,9.888086374241452,6.706001487380055,70.17596844015355,0.20725444595049797,0.754127183883559,False
SLC7A11,primary glomerular three-source-study synthesis,GSE96804;GSE30528;GSE104948_H7,GSE96804;GSE30528;GSE104948_H7,3.0,0.9691067608923097,0.0,0.653980520955635,0.17510940016092205,0.21653447629020245,0.2156718222851276,1.7225416994994918,0.0374341053974,1.9007794163872194,0.0311327706678662,0.04647167647467964,-1.2558691287811077,3.194082650565727,-1.7822246272913675,3.720438149075987,1.30796104191127,0.0,0.04647167647467964,0.734378198964584,False
SLC7A5,primary glomerular three-source-study synthesis,GSE96804;GSE30528;GSE104948_H7,GSE96804;GSE30528;GSE104948_H7,3.0,-0.33610012335287703,0.055726007236585766,0.8835072012531059,0.23885025809040678,0.2541093633202965,-1.3637898383269293,0.6915895916211752,-1.4294444690978485,0.7572442223920943,0.2946636501736597,0.3169295310571616,-4.6031049986075345,3.9309047519017803,-4.743112667028286,4.070912420322531,2.5641827527992804,22.00243926386957,0.3169295310571616,0.8189961149100908,False
SLC7A6,primary glomerular three-source-study synthesis,GSE96804;GSE30528;GSE104948_H7,GSE96804;GSE30528;GSE104948_H7,3.0,1.674329544630316,0.722084342172772,1.0660600016063437,0.5752140164024782,0.5752140164024782,-0.8006166132339583,4.14927570249459,-0.8006166132339583,4.14927570249459,0.10054033821898062,0.10054033821898062,-11.36396713622553,14.712626225486162,-11.36396713622553,14.712626225486162,7.9588277313828435,74.87067106486421,0.10054033821898062,0.734378198964584,False
SLC7A7,primary glomerular three-source-study synthesis,GSE96804;GSE30528;GSE104948_H7,GSE96804;GSE30528;GSE104948_H7,3.0,-0.8763555857386401,0.7469452902389428,0.9779986954771801,0.5454948316642714,0.5515965007845494,-3.2234304122631405,1.4707192407858605,-3.2496837755595327,1.4969726040822526,0.24939407831230814,0.253053242286971,-13.862257838407016,12.109546666929736,-13.90380361160523,12.15109244012795,12.1256803805081,83.50608017662267,0.253053242286971,0.7739870652761652,False
SLC7A8,primary glomerular three-source-study synthesis,GSE96804;GSE30528;GSE104948_H7,GSE96804;GSE30528;GSE104948_H7,3.0,-0.9099413594164256,1.2435519855965205,1.005970347386308,0.690617295022115,0.690617295022115,-3.8814277490555185,2.0615450302226668,-3.8814277490555185,2.0615450302226668,0.31833340376401925,0.31833340376401925,-17.576415074184776,15.756532355351926,-17.576415074184776,15.756532355351926,16.07350809198264,87.55716556364203,0.31833340376401925,0.8197589673563219,False
SLC7A9,primary glomerular three-source-study synthesis,GSE96804;GSE30528;GSE104948_H7,GSE96804;GSE30528;GSE104948_H7,3.0,-0.9175237984595281,0.0,1.1373298914396819,0.23001059969991125,0.23001059969991125,-1.907179533129662,0.07213193621060576,-1.907179533129662,0.07213193621060576,0.05747877771136704,0.05747877771136704,-3.840085569736922,2.005037972817866,-3.840085569736922,2.005037972817866,2.2746597828793638,12.074763221587688,0.05747877771136704,0.734378198964584,False
SMAD2,primary glomerular three-source-study synthesis,GSE96804;GSE30528;GSE104948_H7,GSE96804;GSE30528;GSE104948_H7,3.0,-0.3810345259319182,0.07053946372599565,1.0487427944811425,0.2728028789785414,0.2728028789785414,-1.5548105778524515,0.7927415259886149,-1.5548105778524515,0.7927415259886149,0.29730249707555556,0.29730249707555556,-5.218760324988944,4.456691273125108,-5.218760324988944,4.456691273125108,3.0119824862185207,33.59855148059121,0.29730249707555556,0.7992778828604795,False
SMAD3,primary glomerular three-source-study synthesis,GSE96804;GSE30528;GSE104948_H7,GSE96804;GSE30528;GSE104948_H7,3.0,0.5444989272739788,0.19132914086732253,0.8897857987003811,0.31987764403685215,0.33911043480280567,-0.8318234910270098,1.9208213455749674,-0.91457551071684,2.0035733652647973,0.23082514410043284,0.2495705639676957,-6.340937590772173,7.42993544532013,-6.487958143516924,7.57695599806488,4.5661683258891,56.19959981193705,0.2495705639676957,0.7663284375949244,False
SMAD4,primary glomerular three-source-study synthesis,GSE96804;GSE30528;GSE104948_H7,GSE96804;GSE30528;GSE104948_H7,3.0,-0.5752506578556107,0.27822064022538545,1.0742170494204002,0.3951944147929032,0.3951944147929032,-2.275634985446037,1.1251336697348153,-2.275634985446037,1.1251336697348153,0.28276696818124275,0.28276696818124275,-8.949779644258758,7.799278328547537,-8.949779644258758,7.799278328547537,5.298294058550083,62.252000778014306,0.28276696818124275,0.7992778828604795,False
SMAD7,primary glomerular three-source-study synthesis,GSE96804;GSE30528;GSE104948_H7,GSE96804;GSE30528;GSE104948_H7,3.0,-0.00919709471050401,0.01088547624803144,1.2521167619143365,0.24283693604364257,0.24283693604364257,-1.0540401004626783,1.0356459110416703,-1.0540401004626783,1.0356459110416703,0.9732289605739005,0.9732289605739005,-3.367465365168739,3.3490711757477305,-3.367465365168739,3.3490711757477305,2.6500424995736434,24.529512250396987,0.9732289605739005,1.0,False
SMPD1,primary glomerular three-source-study synthesis,GSE96804;GSE30528;GSE104948_H7,GSE96804;GSE30528;GSE104948_H7,3.0,-0.09086086581375749,1.135926698954211,0.9768099486755276,0.6503085987800153,0.6579826763298614,-2.888912933534138,2.7071912019066233,-2.921931824252292,2.7402100926247774,0.901681979452016,0.9028177733089174,-15.954942795384524,15.773221063757008,-16.00594862086324,15.824226889235726,18.81008019122401,89.36740311754164,0.9028177733089174,1.0,False
SMURF1,primary glomerular three-source-study synthesis,GSE96804;GSE30528;GSE104948_H7,GSE96804;GSE30528;GSE104948_H7,3.0,1.0131503945026146,0.5506381337007072,0.984841350716333,0.4862298470468087,0.48995757534815687,-1.0789277841790001,3.1052285731842293,-1.0949669045305601,3.1212676935357893,0.17257656875693916,0.17457751522520898,-10.259320087702154,12.285620876707384,-10.28534917451552,12.31164996352075,8.95212556280801,77.65893713210318,0.17457751522520898,0.7521577393329717,False
SMURF2,primary glomerular three-source-study synthesis,GSE96804;GSE30528;GSE104948_H7,GSE96804;GSE30528;GSE104948_H7,3.0,0.4032311033846002,0.737023634516402,0.9874483251359274,0.5433255151631187,0.5467677764863965,-1.9345099075745247,2.7409721143437253,-1.9493207626536373,2.755782969422838,0.5353174366004622,0.5376158970091053,-12.506086878534301,13.312549085303502,-12.529529801158386,13.335992007927587,12.071513736428704,83.43206955094192,0.5376158970091053,0.9702342105654901,False
SNTA1,primary glomerular three-source-study synthesis,GSE96804;GSE30528;GSE104948_H7,GSE96804;GSE30528;GSE104948_H7,3.0,-1.40336231999709,0.3444992391480251,0.9745223463116879,0.41231072925056245,0.4176656269660729,-3.177392204712014,0.3706675647178339,-3.2004324699851843,0.3937078299910042,0.07654065817225482,0.07831272108160255,-10.51734660325162,7.71062196325744,-10.55662696251786,7.749902322523681,6.049590341580337,66.9399101910504,0.07831272108160255,0.734378198964584,False
SNTB1,primary glomerular three-source-study synthesis,GSE96804;GSE30528;GSE104948_H7,GSE96804;GSE30528;GSE104948_H7,3.0,0.13864267278212625,0.06274261653143617,0.9077233551339228,0.24673556914303396,0.25897330937170243,-0.9229747973174359,1.2002601428816884,-0.975629543718281,1.2529148892825335,0.6307502472102015,0.6459648872659094,-4.328831765542215,4.6061171111064665,-4.439291832015721,4.716577177579973,2.7015459629756036,25.968314905251123,0.6459648872659094,1.0,False
SNTB2,primary glomerular three-source-study synthesis,GSE96804;GSE30528;GSE104948_H7,GSE96804;GSE30528;GSE104948_H7,3.0,0.668712555416126,0.0,0.08981685990554794,0.06304564504337498,0.2103662952693065,0.39744903867143294,0.939976072160819,-0.23642055917163696,1.5738456700038888,0.008771775458015626,0.0863392628703423,-0.13235831822919386,1.4697834290614458,-2.0042446618662604,3.3416697726985127,0.17963371981109588,0.0,0.0863392628703423,0.734378198964584,False
SNTG2,primary glomerular three-source-study synthesis,GSE96804;GSE30528;GSE104948_H7,GSE96804;GSE30528;GSE104948_H7,3.0,0.9653394668407038,0.39979009986320213,1.0824806674274918,0.4533894949710987,0.4533894949710987,-0.9854380813364239,2.9161170150178313,-0.9854380813364239,2.9161170150178313,0.16700700012359995,0.16700700012359995,-8.92064418060362,10.851323114285027,-8.92064418060362,10.851323114285027,6.1425288082542355,67.44012014542885,0.16700700012359995,0.7521577393329717,False
SNW1,primary glomerular three-source-study synthesis,GSE96804;GSE30528;GSE104948_H7,GSE96804;GSE30528;GSE104948_H7,3.0,0.31517781932748623,0.7061676552167502,0.9842345927299765,0.5338264087930129,0.5380848225645737,-1.9816918356781228,2.612047474333095,-2.0000143113167317,2.630369949971704,0.6147414679794232,0.6173424462835713,-12.334602282830414,12.964957921485386,-12.363697810359662,12.994053449014634,11.71683286995556,82.93054085350639,0.6173424462835713,1.0,False
SOS1,primary glomerular three-source-study synthesis,GSE96804;GSE30528;GSE104948_H7,GSE96804;GSE30528;GSE104948_H7,3.0,0.33236302412402924,0.14986857466051434,0.9974723931757732,0.3136227045547026,0.3140198149618332,-1.017046561739671,1.6817726099877293,-1.0187551899169232,1.6834812381649815,0.40032809527218405,0.4008140671663939,-5.99818104681084,6.662907095058898,-6.001358471857907,6.666084520105965,4.029060394227329,50.36063487989614,0.4008140671663939,0.8528190613893653,False
SP1,primary glomerular three-source-study synthesis,GSE96804;GSE30528;GSE104948_H7,GSE96804;GSE30528;GSE104948_H7,3.0,-0.6188620391974282,0.0,0.7913449021087814,0.18701965543731153,0.21023467509739427,-1.4235426701815803,0.185818591786724,-1.5234288378932228,0.2857047594983665,0.08045687210421328,0.09862640605945426,-2.995172070872755,1.7574479924778987,-3.2901468636280873,2.0524227852332313,1.5826898042175628,0.0,0.09862640605945426,0.734378198964584,False
SPARC,primary glomerular three-source-study synthesis,GSE96804;GSE30528;GSE104948_H7,GSE96804;GSE30528;GSE104948_H7,3.0,-0.0816874652917739,0.07814316809358227,1.1106310643108472,0.28453974574608687,0.28453974574608687,-1.3059631790483923,1.1425882484648446,-1.3059631790483923,1.1425882484648446,0.8010570884742362,0.8010570884742362,-5.1499508433783285,4.986575912794781,-5.1499508433783285,4.986575912794781,3.2224767738970868,37.93593746895157,0.8010570884742362,1.0,False
SPN,primary glomerular three-source-study synthesis,GSE96804;GSE30528;GSE104948_H7,GSE96804;GSE30528;GSE104948_H7,3.0,0.3198691210519573,0.0,0.7193713218574121,0.1754238428279627,0.2068292990869799,-0.43491875515491696,1.0746569972588316,-0.5700455272568046,1.2097837693607192,0.2098101197859125,0.2620275253273636,-1.9091021415266674,2.5488403836305817,-2.3081462985867187,2.9478845406906338,1.4387426437148243,0.0,0.2620275253273636,0.7741604574072911,False
SPOCK3,primary glomerular three-source-study synthesis,GSE96804;GSE30528;GSE104948_H7,GSE96804;GSE30528;GSE104948_H7,3.0,0.4354027035791953,0.20850267917685358,1.1354203696763256,0.36953998982119585,0.36953998982119585,-1.1545995423765611,2.025404949534952,-1.1545995423765611,2.025404949534952,0.35990614085251066,0.35990614085251066,-7.028478536028987,7.8992839431873785,-7.028478536028987,7.8992839431873785,4.546119166804581,56.00643259411567,0.35990614085251066,0.8379026840233824,False
SPP1,primary glomerular three-source-study synthesis,GSE96804;GSE30528;GSE104948_H7,GSE96804;GSE30528;GSE104948_H7,3.0,0.5617148459597653,0.5876277937061924,1.061830519423383,0.5175687255654525,0.5175687255654525,-1.6652036439273794,2.7886333358469098,-1.6652036439273794,2.7886333358469098,0.39119233622662286,0.39119233622662286,-11.190701552022583,12.314131243942112,-11.190701552022583,12.314131243942112,7.939177016150298,74.80847201250843,0.39119233622662286,0.8515761775154824,False
SRC,primary glomerular three-source-study synthesis,GSE96804;GSE30528;GSE104948_H7,GSE96804;GSE30528;GSE104948_H7,3.0,0.26811928875273433,0.8028939682401656,1.0534103942775834,0.5837269362235943,0.5837269362235943,-2.243455006818004,2.7796935843234722,-2.243455006818004,2.7796935843234722,0.6910941460057245,0.6910941460057245,-13.319983648995285,13.856222226500753,-13.319983648995285,13.856222226500753,9.719233586796458,79.42224577545916,0.6910941460057245,1.0,False
SSPN,primary glomerular three-source-study synthesis,GSE96804;GSE30528;GSE104948_H7,GSE96804;GSE30528;GSE104948_H7,3.0,1.3653043942941867,0.0,1.1053462978685735,0.23861554550197767,0.23861554550197767,0.3386245660794456,2.3919842225089276,0.3386245660794456,2.3919842225089276,0.02921303500430869,0.02921303500430869,-1.6665935800879503,4.397202368676323,-1.6665935800879503,4.397202368676323,2.210692595737147,9.530614801145267,0.02921303500430869,0.734378198964584,False
STAT1,primary glomerular three-source-study synthesis,GSE96804;GSE30528;GSE104948_H7,GSE96804;GSE30528;GSE104948_H7,3.0,-0.054090089467080334,0.0,1.2885728493514828,0.234212024151151,0.234212024151151,-1.061823094521177,0.9536429155870163,-1.061823094521177,0.9536429155870163,0.838832100425517,0.838832100425517,-3.030036020005497,2.9218558410713364,-3.030036020005497,2.9218558410713364,2.5771456987029655,22.394764059844707,0.838832100425517,1.0,False
STRAP,primary glomerular three-source-study synthesis,GSE96804;GSE30528;GSE104948_H7,GSE96804;GSE30528;GSE104948_H7,3.0,-0.40689807699732283,0.23581714668133888,1.1260556307086684,0.38273003676946654,0.38273003676946654,-2.05365251446058,1.2398563604659345,-2.05365251446058,1.2398563604659345,0.3991010125497125,0.3991010125497125,-8.2631910908924,7.449394936897755,-8.2631910908924,7.449394936897755,4.776072991382773,58.124593078696684,0.3991010125497125,0.8526958683304041,False
STUB1,primary glomerular three-source-study synthesis,GSE96804;GSE30528;GSE104948_H7,GSE96804;GSE30528;GSE104948_H7,3.0,-0.24180913435248505,1.0883853365095113,0.9730927548379102,0.6365025310646094,0.6452425746600619,-2.9804584871300683,2.496840218425098,-3.018063859564171,2.534445590859201,0.7405658500176924,0.7438479257078632,-15.770022426204992,15.286404157500023,-15.82815015843478,15.344531889729812,18.51331865628326,89.19696658858504,0.7438479257078632,1.0,False
TEK,primary glomerular three-source-study synthesis,GSE96804;GSE30528;GSE104948_H7,GSE96804;GSE30528;GSE104948_H7,3.0,-0.5799730710970649,0.9072820143734364,0.959219355602819,0.5874375023970657,0.5997948078126022,-3.107512644343006,1.947566502148876,-3.1606818382215116,2.0007356960273817,0.42757172822964906,0.4355814346556341,-14.799373385357818,13.639427243163688,-14.882418398935975,13.722472256741845,15.426122312821239,87.0349789827757,0.4355814346556341,0.8858708138580818,False
TFDP1,primary glomerular three-source-study synthesis,GSE96804;GSE30528;GSE104948_H7,GSE96804;GSE30528;GSE104948_H7,3.0,0.10713927274040633,0.25582928943174693,1.0887017336265763,0.3841977049105407,0.3841977049105407,-1.54593003105641,1.7602085765372226,-1.54593003105641,1.7602085765372226,0.8065380121582646,0.8065380121582646,-7.963423151042438,8.17770169652325,-7.963423151042438,8.17770169652325,5.120771224872272,60.94338309265347,0.8065380121582646,1.0,False
TFDP2,primary glomerular three-source-study synthesis,GSE96804;GSE30528;GSE104948_H7,GSE96804;GSE30528;GSE104948_H7,3.0,-0.49815686688814187,0.3243770534497439,0.9328512944613432,0.3848735743295967,0.39848491360425176,-2.1541342020858134,1.15782046830953,-2.212699068171454,1.2163853343951705,0.3248491162607001,0.3376959617160284,-9.232272256201824,8.235958522425541,-9.330269664581659,8.333955930805375,6.801794648539312,70.59599556670678,0.3376959617160284,0.8211675093902182,False
TFPI,primary glomerular three-source-study synthesis,GSE96804;GSE30528;GSE104948_H7,GSE96804;GSE30528;GSE104948_H7,3.0,0.1527326502402772,1.2880835127117636,1.0327140212981065,0.7091813825377472,0.7091813825377472,-2.8986285612232585,3.2040938617038126,-2.8986285612232585,3.2040938617038126,0.8494498431891235,0.8494498431891235,-16.851861785820002,17.15732708630056,-16.851861785820002,17.15732708630056,14.260503903613294,85.97525014881666,0.8494498431891235,1.0,False
TGFB1,primary glomerular three-source-study synthesis,GSE96804;GSE30528;GSE104948_H7,GSE96804;GSE30528;GSE104948_H7,3.0,0.76846386659323,0.15563739724353806,1.1197252965584217,0.3412984109957939,0.3412984109957939,-0.7000246731369764,2.2369524063234363,-0.7000246731369764,2.2369524063234363,0.1531819868578478,0.1531819868578478,-5.859767781690947,7.396695514877407,-5.859767781690947,7.396695514877407,3.986416491665869,49.829627582033524,0.1531819868578478,0.7521577393329717,False
TGFB2,primary glomerular three-source-study synthesis,GSE96804;GSE30528;GSE104948_H7,GSE96804;GSE30528;GSE104948_H7,3.0,1.1700779244080228,0.23191073277545368,1.1066877251975675,0.3853070505283449,0.3853070505283449,-0.48776450833947416,2.82792035715552,-0.48776450833947416,2.82792035715552,0.09348168284788341,0.09348168284788341,-6.6663882810462045,9.00654412986225,-6.6663882810462045,9.00654412986225,4.585025957340322,56.379745314241184,0.09348168284788341,0.734378198964584,False
TGFB3,primary glomerular three-source-study synthesis,GSE96804;GSE30528;GSE104948_H7,GSE96804;GSE30528;GSE104948_H7,3.0,0.9517649417597626,0.20610802861811675,0.9725060487649797,0.34401753665604234,0.3488465450728633,-0.5284230514150435,2.4319529349345688,-0.5492005976616613,2.4527304811811863,0.10958678826190275,0.11218287268814969,-6.2858223836684815,8.189352267188006,-6.323044286499033,8.226574170018559,4.628515362560535,56.789600048046886,0.11218287268814969,0.7521577393329717,False
TGFBR1,primary glomerular three-source-study synthesis,GSE96804;GSE30528;GSE104948_H7,GSE96804;GSE30528;GSE104948_H7,3.0,0.6749518114445727,0.25132347614354833,1.0406185428197068,0.37618176435218653,0.37618176435218653,-0.9436276838273314,2.293531306716477,-0.9436276838273314,2.293531306716477,0.2146334289150204,0.2146334289150204,-7.288871157101218,8.638774779990364,-7.288871157101218,8.638774779990364,5.117415778253547,60.91777399641831,0.2146334289150204,0.754127183883559,False
TGFBR2,primary glomerular three-source-study synthesis,GSE96804;GSE30528;GSE104948_H7,GSE96804;GSE30528;GSE104948_H7,3.0,-1.0061446963088738,0.20339689499141847,1.0251195861149383,0.35387725046744406,0.35387725046744406,-2.528755614028856,0.5164662214111084,-2.528755614028856,0.5164662214111084,0.10464415736349425,0.10464415736349425,-8.290092272642335,6.277802880024588,-8.290092272642335,6.277802880024588,4.468368521093314,55.2409343464213,0.10464415736349425,0.734378198964584,False
TGFBR3,primary glomerular three-source-study synthesis,GSE96804;GSE30528;GSE104948_H7,GSE96804;GSE30528;GSE104948_H7,3.0,-1.9482346675936475,1.4397813878200951,1.080473684294113,0.7827413421279228,0.7827413421279228,-5.316098839988112,1.419629504800817,-5.316098839988112,1.419629504800817,0.13054572485679578,0.13054572485679578,-20.151687416401664,16.255218081214366,-20.151687416401664,16.255218081214366,9.795392626136996,79.58223752396194,0.13054572485679578,0.7521577393329717,False
TGIF1,primary glomerular three-source-study synthesis,GSE96804;GSE30528;GSE104948_H7,GSE96804;GSE30528;GSE104948_H7,3.0,0.09304219882519635,0.028619947132523763,0.8761952325840545,0.21751074454582653,0.23237011455124337,-0.842830999944742,1.0289153975951346,-0.9067657088609061,1.0928501065112988,0.7104826555560964,0.7275792297026507,-3.4082232659804035,3.5943076636307962,-3.559098081260751,3.745182478911144,2.153418345054116,7.124409681308828,0.7275792297026507,1.0,False
TGIF2,primary glomerular three-source-study synthesis,GSE96804;GSE30528;GSE104948_H7,GSE96804;GSE30528;GSE104948_H7,3.0,-0.12652748848230597,0.0,0.7097847321880313,0.17342643615380748,0.2058505221710612,-0.8727212174102066,0.6196662404455946,-1.0122307996219746,0.7591758226573626,0.5415269334740185,0.6013929778059492,-2.330119292917713,2.077064315953101,-2.7421063682362776,2.4890513912716656,1.4195694643760626,0.0,0.6013929778059492,1.0,False
THBD,primary glomerular three-source-study synthesis,GSE96804;GSE30528;GSE104948_H7,GSE96804;GSE30528;GSE104948_H7,3.0,1.3238717931199522,2.8929887943947477,1.023809246078876,1.0320356267476158,1.0320356267476158,-3.116619113504374,5.764362699744279,-3.116619113504374,5.764362699744279,0.32815103627343245,0.32815103627343245,-23.9550461429356,26.602789729175505,-23.9550461429356,26.602789729175505,23.16737680958391,91.36717110254521,0.32815103627343245,0.8197589673563219,False
THBS1,primary glomerular three-source-study synthesis,GSE96804;GSE30528;GSE104948_H7,GSE96804;GSE30528;GSE104948_H7,3.0,-0.15813154516457806,0.3969884169304716,0.9580315446338746,0.41893867251970524,0.42801653580266125,-1.9606791680791038,1.6444160777499475,-1.9997380613138067,1.6834749709846508,0.7421243917287037,0.747240753286628,-9.772103402796752,9.455840312467597,-9.836445039126652,9.520181948797497,7.809681339475422,74.39076047967995,0.747240753286628,1.0,False
TIMP1,primary glomerular three-source-study synthesis,GSE96804;GSE30528;GSE104948_H7,GSE96804;GSE30528;GSE104948_H7,3.0,0.7594963541195807,2.270494082963092,1.0297660920710159,0.9208667461929921,0.9208667461929921,-3.2026734651232016,4.7216661733623635,-3.2026734651232016,4.7216661733623635,0.4962180370864935,0.4962180370864935,-21.678702997796343,23.197695706035503,-21.678702997796343,23.197695706035503,19.23474132974826,89.60214766752897,0.4962180370864935,0.9362378868402997,False
TIMP2,primary glomerular three-source-study synthesis,GSE96804;GSE30528;GSE104948_H7,GSE30528;GSE104948_H7,2.0,-0.8227922035569625,1.7554414427459308,1.000000000375135,0.9976287881716451,0.9976287881716451,-13.498867836767742,11.853283429653816,-13.498867836767742,11.853283429653816,0.5609551765828262,0.5609551765828262,,,,,8.445699646254907,88.1596547132311,0.5609551765828262,0.9782358647312983,False
TLL1,primary glomerular three-source-study synthesis,GSE96804;GSE30528;GSE104948_H7,GSE96804;GSE30528;GSE104948_H7,3.0,0.09280173085191037,0.0,0.4059598516410879,0.13094787183227166,0.2055213301685278,-0.47062148734209597,0.6562249490459167,-0.7914851814194462,0.9770886431232669,0.5519847959956763,0.6958385954287329,-1.5710487384152965,1.7566522001191174,-2.5185943679203606,2.704197829624181,0.8119197032821758,0.0,0.6958385954287329,1.0,False
TLL2,primary glomerular three-source-study synthesis,GSE96804;GSE30528;GSE104948_H7,GSE30528;GSE104948_H7,2.0,0.5748558275692335,0.3503072613754939,0.9999999951128509,0.527539912632528,0.527539913921611,-6.128174308843377,7.277885963981845,-6.128174325222732,7.277885980361198,0.4726924105960506,0.472692411371004,,,,,2.6929384205037383,62.86584229382635,0.472692411371004,0.9229879254451274,False
TMPRSS6,primary glomerular three-source-study synthesis,GSE96804;GSE30528;GSE104948_H7,GSE96804;GSE30528;GSE104948_H7,3.0,0.2064082828328302,1.5224874660770924,1.032443819572472,0.7653494679196222,0.7653494679196222,-3.0866246945238305,3.499441260189491,-3.0866246945238305,3.499441260189491,0.8126750610799651,0.8126750610799651,-18.24275279317383,18.655569358839486,-18.24275279317383,18.655569358839486,15.380265322925453,86.99632315823025,0.8126750610799651,1.0,False
TNC,primary glomerular three-source-study synthesis,GSE96804;GSE30528;GSE104948_H7,GSE96804;GSE30528;GSE104948_H7,3.0,1.475815819634406,0.08206512416699839,1.0336233372260886,0.2981158208604441,0.2981158208604441,0.19312696922771466,2.7585046700410976,0.19312696922771466,2.7585046700410976,0.03846534394042387,0.03846534394042387,-3.7775224916259815,6.729154130894793,-3.7775224916259815,6.729154130894793,2.917353587731356,31.44471728038714,0.03846534394042387,0.734378198964584,False
TNFRSF10A,primary glomerular three-source-study synthesis,GSE96804;GSE30528;GSE104948_H7,GSE96804,1.0,,,,,,,,,,,,,,,,,,1.0,1.0,False
TNFRSF10B,primary glomerular three-source-study synthesis,GSE96804;GSE30528;GSE104948_H7,GSE96804;GSE30528;GSE104948_H7,3.0,1.3489730038989687,2.53386753033942,1.0330504439726638,0.9748998703310875,0.9748998703310875,-2.8456825844134817,5.5436285922114195,-2.8456825844134817,5.5436285922114195,0.3006453180106405,0.3006453180106405,-22.36877499074611,25.06672099854405,-22.36877499074611,25.06672099854405,19.182876844002337,89.57403513422798,0.3006453180106405,0.7992778828604795,False
TNFRSF10D,primary glomerular three-source-study synthesis,GSE96804;GSE30528;GSE104948_H7,GSE96804;GSE30528;GSE104948_H7,3.0,1.2605039817549764,1.2819048274942255,1.0356249787584102,0.7147925257879563,0.7147925257879563,-1.8150000305310865,4.336007994041039,-1.8150000305310865,4.336007994041039,0.21987626431454138,0.21987626431454138,-15.752687490132889,18.27369545364284,-15.752687490132889,18.27369545364284,13.144444600453337,84.78444650349834,0.21987626431454138,0.754127183883559,False
TNN,primary glomerular three-source-study synthesis,GSE96804;GSE30528;GSE104948_H7,GSE96804;GSE30528;GSE104948_H7,3.0,-0.37621191642700036,1.629436359101001,1.034141859498591,0.79017439134024,0.79017439134024,-3.776057918305204,3.023634085451203,-3.776057918305204,3.023634085451203,0.6809341027241861,0.6809341027241861,-19.45165723343447,18.69923340058047,-19.45165723343447,18.69923340058047,15.79973893392103,87.34156299439779,0.6809341027241861,1.0,False
TNR,primary glomerular three-source-study synthesis,GSE96804;GSE30528;GSE104948_H7,GSE96804;GSE30528;GSE104948_H7,3.0,-0.3315249048374335,0.35271961223530823,1.0963818434108847,0.4313325461975881,0.4313325461975881,-2.1873990621642716,1.5243492524894047,-2.1873990621642716,1.5243492524894047,0.522480945743932,0.522480945743932,-9.65797765933577,8.994927849660904,-9.65797765933577,8.994927849660904,5.876993960117395,65.96899684477387,0.522480945743932,0.9558471507418196,False
TNXB,primary glomerular three-source-study synthesis,GSE96804;GSE30528;GSE104948_H7,GSE96804;GSE30528;GSE104948_H7,3.0,0.872210588117512,0.6010480734798748,0.983548348174641,0.501345926949866,0.5055215038412257,-1.2849068330221032,3.029328009257127,-1.302872890331991,3.047294066567015,0.2240336706736892,0.22660296313874465,-10.858829057205252,12.603250233440278,-10.88772384108989,12.632145017324913,9.85439035938485,79.70447762813357,0.22660296313874465,0.754127183883559,False
TPSAB1,primary glomerular three-source-study synthesis,GSE96804;GSE30528;GSE104948_H7,GSE30528;GSE104948_H7,2.0,0.92116810075881,0.04766190210909395,1.0000000108452614,0.3640700295819414,0.3640700295819414,-3.704780233414515,5.547116434932135,-3.704780233414515,5.547116434932135,0.2396138246552746,0.2396138246552746,,,,,1.2186174725896264,17.939794685944616,0.2396138246552746,0.7662008616695927,False
TRAPPC4,primary glomerular three-source-study synthesis,GSE96804;GSE30528;GSE104948_H7,GSE104948_H7,1.0,,,,,,,,,,,,,,,,,,1.0,1.0,False
TREM1,primary glomerular three-source-study synthesis,GSE96804;GSE30528;GSE104948_H7,GSE96804;GSE30528;GSE104948_H7,3.0,-0.7029455288313491,1.0012583476127805,0.9756704847051596,0.6151368018121691,0.6227591636786716,-3.3496655683178322,1.943774510655134,-3.382461944409877,1.976570886747179,0.37149739690926104,0.37618522234087576,-15.62747226971939,14.221581212056691,-15.678421096311254,14.272530038648554,16.47645603481446,87.86146732177093,0.37618522234087576,0.8515761775154824,False
TRIM33,primary glomerular three-source-study synthesis,GSE96804;GSE30528;GSE104948_H7,GSE96804;GSE30528;GSE104948_H7,3.0,0.13802812289817445,0.21780125906815445,0.9916681721857781,0.3476825622184955,0.3491400921060256,-1.3579292025175222,1.633985448313871,-1.364200447466795,1.6402566932631442,0.7297294496038421,0.7307757900322216,-7.2565510005753415,7.532607246371691,-7.267630056369358,7.543686302165707,4.976247071275354,59.809069538675,0.7307757900322216,1.0,False
TSPAN7,primary glomerular three-source-study synthesis,GSE96804;GSE30528;GSE104948_H7,GSE96804;GSE30528;GSE104948_H7,3.0,-0.8310202109411201,0.0,0.10387994891709121,0.06875841311478136,0.21333395326410326,-1.1268637848226752,-0.535176637059565,-1.7489221273011581,0.08688170541891793,0.00677636168614261,0.060028917976901845,-1.704678685312011,0.04263826342977095,-3.54168509829234,1.8796446764100994,0.20775989783418242,0.0,0.060028917976901845,0.734378198964584,False
TTR,primary glomerular three-source-study synthesis,GSE96804;GSE30528;GSE104948_H7,GSE96804;GSE30528;GSE104948_H7,3.0,0.08556140434109681,0.4013748816542512,0.942234637842468,0.4175052250773304,0.4301128149817328,-1.7108185920225423,1.881941400704736,-1.765064673140281,1.9361874818224747,0.8565870734670968,0.8607080649356533,-9.555136900066218,9.72625970874841,-9.644205354265027,9.81532816294722,8.029784181976593,75.09273033154318,0.8607080649356533,1.0,False
UBA52,primary glomerular three-source-study synthesis,GSE96804;GSE30528;GSE104948_H7,GSE96804;GSE30528;GSE104948_H7,3.0,0.3604527773625967,0.7785488186667758,0.9573634775030821,0.5484804246106477,0.5605607742646825,-1.9994680188025507,2.720373573527744,-2.0514455682178117,2.7723511229430047,0.578579981656235,0.5860917424543048,-12.840429274776312,13.561334829501504,-12.922103404413916,13.643008959139108,13.831663107852265,85.54042283704412,0.5860917424543048,1.0,False
UBB,primary glomerular three-source-study synthesis,GSE96804;GSE30528;GSE104948_H7,GSE96804;GSE30528;GSE104948_H7,3.0,-0.8839934846504998,0.6540807629297201,1.0181079083388647,0.5294120461597273,0.5294120461597273,-3.1618696702218987,1.393882700920899,-3.1618696702218987,1.393882700920899,0.236914827416766,0.236914827416766,-13.166089116999714,11.398102147698715,-13.166089116999714,11.398102147698715,9.419209420244863,78.7667954839037,0.236914827416766,0.7662008616695927,False
UBC,primary glomerular three-source-study synthesis,GSE96804;GSE30528;GSE104948_H7,GSE96804;GSE30528,2.0,-1.4499316825660515,0.31621886874284644,0.9999999999899154,0.4832423230902813,0.4832423230927179,-7.590107576935846,4.690244211803742,-7.5901075769668065,4.6902442118347025,0.20480579935181265,0.20480579935277554,,,,,3.0195155631713417,66.88210479201113,0.20480579935277554,0.754127183883559,False
UBE2D1,primary glomerular three-source-study synthesis,GSE96804;GSE30528;GSE104948_H7,GSE96804;GSE30528;GSE104948_H7,3.0,-0.03155450956263141,0.16093244080739802,0.8885551416362742,0.30089295241760444,0.31920510150154735,-1.3261923926446122,1.2630833735193492,-1.4049832108882183,1.3418741917629553,0.92604906997706,0.9302702327103118,-6.40329507507821,6.340186055952948,-6.5455677678565,6.482458748731238,4.2349010138302745,52.77339438469918,0.9302702327103118,1.0,False
UBE2D2,primary glomerular three-source-study synthesis,GSE96804;GSE30528;GSE104948_H7,GSE96804;GSE30528;GSE104948_H7,3.0,0.15535796203875382,0.24130220677761002,1.1205118786388342,0.38278477486301626,0.38278477486301626,-1.4916319944321363,1.8023479185096438,-1.4916319944321363,1.8023479185096438,0.7241470948985356,0.7241470948985356,-7.757521098894255,8.068237022971763,-7.757521098894255,8.068237022971763,4.885899653680842,59.06588055910482,0.7241470948985356,1.0,False
UBE2D3,primary glomerular three-source-study synthesis,GSE96804;GSE30528;GSE104948_H7,GSE96804;GSE30528;GSE104948_H7,3.0,0.22704529211389202,0.0,0.5205670694045623,0.14880959565989824,0.20624935110111242,-0.41323072086508283,0.8673213050928669,-0.6603740414103645,1.1144646256381485,0.2665959968929606,0.3857516627028953,-1.663759897048148,2.1178504812759322,-2.39360118968002,2.8476917739078043,1.0411341388091246,0.0,0.3857516627028953,0.8515761775154824,False
UBE2M,primary glomerular three-source-study synthesis,GSE96804;GSE30528;GSE104948_H7,GSE96804;GSE30528;GSE104948_H7,3.0,-0.4687153298626509,0.5707955663493833,0.9595940410419991,0.4821541824505421,0.4922006322220285,-2.543257339143596,1.605826679418294,-2.5864837236771727,1.6490530639518708,0.433528294217387,0.4414579045741415,-11.856680809423608,10.919250149698307,-11.925858843534582,10.988428183809281,10.52804554495802,81.00312169567106,0.4414579045741415,0.8900438756035511,False
UCHL5,primary glomerular three-source-study synthesis,GSE96804;GSE30528;GSE104948_H7,GSE96804;GSE30528;GSE104948_H7,3.0,-0.23134347734908153,0.16718790576143783,0.9099247870481327,0.30789252709347553,0.3227724065949006,-1.5560980995172842,1.0934111448191213,-1.6201210536724338,1.1574340989742709,0.5308075602701801,0.5479329073119866,-6.734955929227918,6.272268974529754,-6.850409483793009,6.387722529094845,4.326948727088781,53.77805178325692,0.5479329073119866,0.9731320219898325,False
USP15,primary glomerular three-source-study synthesis,GSE96804;GSE30528;GSE104948_H7,GSE96804;GSE104948_H7,2.0,0.33365598412254077,0.15281435208010596,1.000000000075388,0.3731905600318087,0.3731905600318087,-4.408179677249313,5.075491645494395,-4.408179677249313,5.075491645494395,0.5355696685243961,0.5355696685243961,,,,,2.105023400251328,52.49458985203653,0.5355696685243961,0.9702342105654901,False
USP9X,primary glomerular three-source-study synthesis,GSE96804;GSE30528;GSE104948_H7,GSE96804;GSE30528;GSE104948_H7,3.0,-1.2536576563397128,1.5786899893749937,1.0092634505742029,0.7775396741656632,0.7775396741656632,-4.59914085787711,2.091825545197685,-4.59914085787711,2.091825545197685,0.24821337553350853,0.24821337553350853,-20.028157340087972,17.52084202740855,-20.028157340087972,17.52084202740855,17.34068405220249,88.46642961731389,0.24821337553350853,0.7663284375949244,False
UTRN,primary glomerular three-source-study synthesis,GSE96804;GSE30528;GSE104948_H7,GSE96804;GSE30528;GSE104948_H7,3.0,0.044846235514976414,0.6112787318424748,0.971402510237976,0.4985181792689243,0.5058029867109931,-2.1001043693461923,2.1897968403761454,-2.1314483659725085,2.2211408370024617,0.9365176315424227,0.937428328094467,-11.737026945348012,11.826719416377964,-11.787048490120135,11.876740961150087,10.949274300013553,81.73394925362749,0.937428328094467,1.0,False
VCAM1,primary glomerular three-source-study synthesis,GSE96804;GSE30528;GSE104948_H7,GSE96804;GSE30528;GSE104948_H7,3.0,1.0276942552040538,0.10305781237511347,0.9360802518371187,0.2866544276342877,0.2962798476359126,-0.2056802003513838,2.261068710759491,-0.24709503999636007,2.3024835504044674,0.0697588006822083,0.07400612876718257,-4.440826183658924,6.496214694067032,-4.523035105008359,6.578423615416466,3.1353710384094846,36.211696303268695,0.07400612876718257,0.734378198964584,False
VCAN,primary glomerular three-source-study synthesis,GSE96804;GSE30528;GSE104948_H7,GSE96804;GSE30528;GSE104948_H7,3.0,1.2274548602047772,0.01774040495813368,1.1365837169074062,0.25522244733226446,0.25522244733226446,0.1293213004972713,2.3255884199122834,0.1293213004972713,2.3255884199122834,0.04061818953578613,0.04061818953578613,-2.430495813019453,4.885405533429007,-2.430495813019453,4.885405533429007,2.4708992531953857,19.057808714232895,0.04061818953578613,0.734378198964584,False
VEGFA,primary glomerular three-source-study synthesis,GSE96804;GSE30528;GSE104948_H7,GSE96804;GSE30528;GSE104948_H7,3.0,-1.089227733479754,0.18022404419427215,1.074485894428344,0.35463891335484055,0.35463891335484055,-2.6151158221013415,0.43666035514183354,-2.6151158221013415,0.43666035514183354,0.09166487719724048,0.09166487719724048,-8.117870244168143,5.939414777208636,-8.117870244168143,5.939414777208636,4.07786513721178,50.95472918539209,0.09166487719724048,0.734378198964584,False
VHL,primary glomerular three-source-study synthesis,GSE96804;GSE30528;GSE104948_H7,GSE96804;GSE30528,2.0,0.5960099079799446,0.0,0.005771409117125482,0.017906030214738498,0.23569934867049439,0.36849222205934706,0.8235275939005421,-2.3988342724103817,3.590854088370271,0.019120328257161864,0.23974356463480231,,,,,0.005771409117125482,0.0,0.23974356463480231,0.7662008616695927,False
VPREB1,primary glomerular three-source-study synthesis,GSE96804;GSE30528;GSE104948_H7,GSE96804;GSE30528;GSE104948_H7,3.0,0.5658053236362096,0.0394131027831658,1.12711294012322,0.2596920005635816,0.2596920005635816,-0.5515591714827836,1.6831698187552027,-0.5515591714827836,1.6831698187552027,0.1612086998287143,0.1612086998287143,-3.5876475379890325,4.7192581852614515,-3.5876475379890325,4.7192581852614515,2.7604690334859514,27.54854426045209,0.1612086998287143,0.7521577393329717,False
VPREB3,primary glomerular three-source-study synthesis,GSE96804;GSE30528;GSE104948_H7,GSE96804;GSE30528;GSE104948_H7,3.0,0.09762651076605011,0.0626183733458318,1.1472426430969418,0.2773239359636192,0.2773239359636192,-1.095602079332681,1.2908551008647813,-1.095602079332681,1.2908551008647813,0.7584479272631549,0.7584479272631549,-4.648560887408544,4.843813908940644,-4.648560887408544,4.843813908940644,3.0981677239298824,35.44571571925446,0.7584479272631549,1.0,False
VTN,primary glomerular three-source-study synthesis,GSE96804;GSE30528;GSE104948_H7,GSE104948_H7,1.0,,,,,,,,,,,,,,,,,,1.0,1.0,False
VWF,primary glomerular three-source-study synthesis,GSE96804;GSE30528;GSE104948_H7,GSE96804;GSE30528;GSE104948_H7,3.0,1.1730849106867889,0.0,0.7331566717838052,0.19017568271025595,0.2221041065783742,0.3548249903415386,1.9913448310320392,0.21744807022878165,2.1287217511447962,0.02528886546874421,0.034027970183830705,-1.243326249671521,3.5894960710450987,-1.6490153402431984,3.995185161616776,1.4663133435676103,0.0,0.034027970183830705,0.734378198964584,False
WTIP,primary glomerular three-source-study synthesis,GSE96804;GSE30528;GSE104948_H7,GSE96804,1.0,,,,,,,,,,,,,,,,,,1.0,1.0,False
WWTR1,primary glomerular three-source-study synthesis,GSE96804;GSE30528;GSE104948_H7,GSE96804;GSE30528;GSE104948_H7,3.0,-0.8236366816240309,0.7461532366727865,1.006057571479468,0.5539270718278556,0.5539270718278556,-3.2069925093062803,1.5597191460582183,-3.2069925093062803,1.5597191460582183,0.27540323256238025,0.27540323256238025,-13.86213724449163,12.214863881243568,-13.86213724449163,12.214863881243568,10.97761863512283,81.78111240263884,0.27540323256238025,0.7870099675049042,False
XCL1,primary glomerular three-source-study synthesis,GSE96804;GSE30528;GSE104948_H7,GSE96804;GSE30528;GSE104948_H7,3.0,0.20433120962340792,0.3626634293403501,1.0925424374036228,0.4347670495112983,0.4347670495112983,-1.6663204227614992,2.074982842008315,-1.6663204227614992,2.074982842008315,0.6846335069500376,0.6846335069500376,-9.233272959935956,9.641935379182772,-9.233272959935956,9.641935379182772,5.975193594716449,66.52828116283136,0.6846335069500376,1.0,False
XCL2,primary glomerular three-source-study synthesis,GSE96804;GSE30528;GSE104948_H7,GSE96804,1.0,,,,,,,,,,,,,,,,,,1.0,1.0,False
XCR1,primary glomerular three-source-study synthesis,GSE96804;GSE30528;GSE104948_H7,GSE96804;GSE30528;GSE104948_H7,3.0,0.0729822329527379,0.1642146160605613,0.9096252815763434,0.3061319224956334,0.3209795454291989,-1.24419711903655,1.3901615849420257,-1.308081284381946,1.4540457502874218,0.8337702374173137,0.841261234652682,-6.380110875270791,6.526075341176266,-6.495553991523358,6.641518457428833,4.283520846285203,53.30943698489388,0.841261234652682,1.0,False
XPO1,primary glomerular three-source-study synthesis,GSE96804;GSE30528;GSE104948_H7,GSE96804;GSE30528;GSE104948_H7,3.0,0.21006279340460457,0.8307623831197987,0.9991067603709056,0.5748988996129278,0.5751558329929825,-2.2635275263449213,2.68365311315413,-2.264633021453977,2.684758608263186,0.7498443766510916,0.7499491374249665,-13.482434480745711,13.902560067554921,-13.484176409766254,13.904301996575464,12.771454920576755,84.34007705122384,0.7499491374249665,1.0,False
YBX1,primary glomerular three-source-study synthesis,GSE96804;GSE30528;GSE104948_H7,GSE96804;GSE30528,2.0,0.8139905248976322,0.34234248650426496,0.9999999996245784,0.4927064304516749,0.4927064305441612,-5.4464382552511665,7.0744193050464315,-5.446438256426316,7.074419306221581,0.34651571959270533,0.346515719645643,,,,,3.1922827190820726,68.67445373736992,0.346515719645643,0.826607895212109,False
YES1,primary glomerular three-source-study synthesis,GSE96804;GSE30528;GSE104948_H7,GSE96804;GSE30528;GSE104948_H7,3.0,-0.6612881620582607,1.1136991096155582,1.0477142681205562,0.6719162618548746,0.6719162618548746,-3.552310500291191,2.22973417617467,-3.552310500291191,2.22973417617467,0.428786244666386,0.428786244666386,-16.557611424227282,15.23503510011076,-16.557611424227282,15.23503510011076,11.793496738740373,83.04150122473672,0.428786244666386,0.8787087255503732,False
ZFYVE9,primary glomerular three-source-study synthesis,GSE96804;GSE30528;GSE104948_H7,GSE96804;GSE30528;GSE104948_H7,3.0,-0.5540595755800564,0.6016107022752382,1.0348059081761236,0.5136358624280186,0.5136358624280186,-2.7640563211531894,1.655937169993077,-2.7640563211531894,1.655937169993077,0.3935282005524272,0.3935282005524272,-12.374467093824727,11.266347942664613,-12.374467093824727,11.266347942664613,8.795457254041638,77.26098891469262,0.3935282005524272,0.8515761775154824,False
