gene_symbol,compartment_model,eligible_cohorts,contributing_cohorts,k,pooled_effect,tau2_reml,hk_scale,pooled_se_hk,pooled_se_modified_hk,ci_95_low_hk,ci_95_high_hk,ci_95_low_modified_hk,ci_95_high_modified_hk,p_value_hk,p_value_modified_hk,prediction_interval_95_low,prediction_interval_95_high,prediction_interval_95_low_modified_hk,prediction_interval_95_high_modified_hk,cochran_q,i2_percent,p_value_for_family,fdr_bh_canonical_union,fdr_lt_0_05
A2M,small-sample glomerular sensitivity including donor-averaged GSE1009,GSE96804;GSE30528;GSE104948_H7;GSE1009_donor_averaged,GSE96804;GSE30528;GSE104948_H7,3.0,0.7312100221432959,0.26371627203530745,1.1332783539776425,0.40032001136725853,0.40032001136725853,-0.9912279675393746,2.4536480118259663,-0.9912279675393746,2.4536480118259663,0.20929718229516953,0.20929718229516953,-7.542201622235071,9.004621666521663,-7.542201622235071,9.004621666521663,4.926771267824506,59.40546270005485,0.20929718229516953,0.6379018857242897,False
ACAN,small-sample glomerular sensitivity including donor-averaged GSE1009,GSE96804;GSE30528;GSE104948_H7;GSE1009_donor_averaged,GSE96804;GSE30528;GSE104948_H7;GSE1009_donor_averaged,4.0,0.36569346055668095,0.09811885921433376,0.8755830198359056,0.2576924261706101,0.27539305832540245,-0.45439884900957184,1.1857857701229337,-0.5107301604117768,1.2421170815251386,0.25092374452398164,0.27620555116640266,-1.37953083191179,2.1109177530251517,-1.4288799932203369,2.160266914333699,4.047905264758198,25.887593612465494,0.27620555116640266,0.702171904426277,False
ACKR2,small-sample glomerular sensitivity including donor-averaged GSE1009,GSE96804;GSE30528;GSE104948_H7;GSE1009_donor_averaged,GSE30528;GSE104948_H7;GSE1009_donor_averaged,3.0,-0.27049297901480673,0.8882452207962666,0.9156616310161625,0.6282331646789004,0.6565281484719391,-2.973562119939621,2.4325761619100073,-3.0953056091949556,2.5543196511653417,0.7087463733674093,0.7202964535207819,-14.662322211237788,14.121336253208176,-14.864798092156235,14.323812134126623,7.850831719822259,74.52499211070493,0.7202964535207819,1.0,False
ACKR3,small-sample glomerular sensitivity including donor-averaged GSE1009,GSE96804;GSE30528;GSE104948_H7;GSE1009_donor_averaged,GSE30528;GSE104948_H7;GSE1009_donor_averaged,3.0,-0.06760265992505202,0.0,0.2708442936805567,0.15497220567179695,0.2977789328808841,-0.7343942436941042,0.5991889238440002,-1.3488419983468698,1.2136366784967656,0.7052464888584216,0.8414997759185763,-2.0367112336074773,1.901505913757373,-3.8512427472291875,3.7160374273790837,0.5416885873611134,0.0,0.8414997759185763,1.0,False
ACKR4,small-sample glomerular sensitivity including donor-averaged GSE1009,GSE96804;GSE30528;GSE104948_H7;GSE1009_donor_averaged,GSE30528,1.0,,,,,,,,,,,,,,,,,,1.0,1.0,False
ACTA1,small-sample glomerular sensitivity including donor-averaged GSE1009,GSE96804;GSE30528;GSE104948_H7;GSE1009_donor_averaged,GSE96804;GSE30528;GSE104948_H7;GSE1009_donor_averaged,4.0,-0.30992678439995563,0.21683307528989387,1.0744406625911995,0.3488145278195893,0.3488145278195893,-1.4200102896886888,0.8001567208887777,-1.4200102896886888,0.8001567208887777,0.4397141470314036,0.4397141470314036,-2.8132597287368846,2.1934061599369734,-2.8132597287368846,2.1934061599369734,6.601632715792045,54.55669636355908,0.4397141470314036,0.8585939579191746,False
ACTA2,small-sample glomerular sensitivity including donor-averaged GSE1009,GSE96804;GSE30528;GSE104948_H7;GSE1009_donor_averaged,GSE96804;GSE30528;GSE104948_H7;GSE1009_donor_averaged,4.0,1.023562354153305,2.958533139852197,1.0399595232955636,0.9379513500589522,0.9379513500589522,-1.9614174543776732,4.008542162684283,-1.9614174543776732,4.008542162684283,0.3549550914803675,0.3549550914803675,-7.405998576254993,9.453123284561602,-7.405998576254993,9.453123284561602,22.659339617484775,86.76042616138253,0.3549550914803675,0.7841880077942509,False
ACTB,small-sample glomerular sensitivity including donor-averaged GSE1009,GSE96804;GSE30528;GSE104948_H7;GSE1009_donor_averaged,GSE30528;GSE104948_H7;GSE1009_donor_averaged,3.0,0.6868435183102718,0.09748833558843954,1.0981900768375912,0.3882269715808412,0.3882269715808412,-0.9835623207244012,2.3572493573449447,-0.9835623207244012,2.3572493573449447,0.21888773089654995,0.21888773089654995,-5.643454974444916,7.017142011065459,-5.643454974444916,7.017142011065459,2.765681284937714,27.685087544530933,0.21888773089654995,0.6467512954415042,False
ACTC1,small-sample glomerular sensitivity including donor-averaged GSE1009,GSE96804;GSE30528;GSE104948_H7;GSE1009_donor_averaged,GSE96804;GSE30528;GSE104948_H7;GSE1009_donor_averaged,4.0,0.9061283194656109,1.251226198729322,0.9154521423822363,0.6056358442145515,0.6329854802240826,-1.0212752353023677,2.8335318742335893,-1.1083139833717544,2.920570622302976,0.23150754486187855,0.24768139190212501,-4.5669084872253,6.379165126156522,-4.623905068954408,6.43616170788563,20.53502891238621,85.39081677070112,0.24768139190212501,0.6730310624856782,False
ACTG1,small-sample glomerular sensitivity including donor-averaged GSE1009,GSE96804;GSE30528;GSE104948_H7;GSE1009_donor_averaged,GSE96804;GSE104948_H7,2.0,-0.25809324698962893,0.8273681437403251,1.0000000000604123,0.6949710779764299,0.6949710779764299,-9.088538049478176,8.572351555498917,-9.088538049478176,8.572351555498917,0.7736264526892268,0.7736264526892268,,,,,6.80848690824117,85.31244880871293,0.7736264526892268,1.0,False
ACTG2,small-sample glomerular sensitivity including donor-averaged GSE1009,GSE96804;GSE30528;GSE104948_H7;GSE1009_donor_averaged,GSE96804;GSE30528;GSE104948_H7;GSE1009_donor_averaged,4.0,0.3134381580591501,0.3642947603277355,0.8463263084084431,0.36214884708169837,0.393657188378138,-0.8390811022987554,1.4659574184170556,-0.9393547066432277,1.566231022761528,0.4504342704232514,0.4840890131755547,-2.7151114969025825,3.341987813020882,-2.7870425984300358,3.4139189145483364,7.9478601965119235,62.253991315591975,0.4840890131755547,0.8967199282468157,False
ACTN1,small-sample glomerular sensitivity including donor-averaged GSE1009,GSE96804;GSE30528;GSE104948_H7;GSE1009_donor_averaged,GSE96804;GSE30528;GSE104948_H7;GSE1009_donor_averaged,4.0,2.0178222693729784,1.182431899230114,1.021907507352399,0.6415362539266519,0.6415362539266519,-0.02383241164144545,4.059476950387403,-0.02383241164144545,4.059476950387403,0.051452132664460484,0.051452132664460484,-3.4144376835473103,7.4500822222932666,-3.4144376835473103,7.4500822222932666,14.258361731736834,78.9597146120758,0.051452132664460484,0.46872114987964925,False
ADAM10,small-sample glomerular sensitivity including donor-averaged GSE1009,GSE96804;GSE30528;GSE104948_H7;GSE1009_donor_averaged,GSE96804;GSE30528;GSE104948_H7;GSE1009_donor_averaged,4.0,1.17917453563007,0.06312154219245908,1.1308843778910151,0.28067453933128844,0.28067453933128844,0.28594288494800435,2.0724061863121355,0.28594288494800435,2.0724061863121355,0.024613193580486664,0.024613193580486664,-0.4416167535308071,2.799965824790947,-0.4416167535308071,2.799965824790947,4.225299058651219,28.999108504342253,0.024613193580486664,0.44789906593284123,False
ADAM12,small-sample glomerular sensitivity including donor-averaged GSE1009,GSE96804;GSE30528;GSE104948_H7;GSE1009_donor_averaged,GSE96804;GSE30528;GSE104948_H7;GSE1009_donor_averaged,4.0,1.70592264233024,1.378756186102787,0.9716780717720287,0.6643930616168346,0.6740061936314659,-0.4084726018683862,3.8203178865288665,-0.43906587833055366,3.850911162991034,0.08266254309644562,0.08534786041779423,-4.098951224274787,7.510796508935266,-4.1194314602178785,7.531276744878358,13.278779519120151,77.40756222602919,0.08534786041779423,0.5024614639634051,False
ADAM15,small-sample glomerular sensitivity including donor-averaged GSE1009,GSE96804;GSE30528;GSE104948_H7;GSE1009_donor_averaged,GSE96804;GSE30528;GSE104948_H7;GSE1009_donor_averaged,4.0,1.2804629005501553,0.2608013575943159,0.7739637137640089,0.32278693322675056,0.36690670285122684,0.2532108175088241,2.3077149835914863,0.1128020196774413,2.4481237814228693,0.02862365438154827,0.03977007554154072,-1.3189688621093931,3.8798946632097038,-1.4251561424608332,3.986081943561144,6.101365188413293,50.830676293608754,0.03977007554154072,0.44789906593284123,False
ADAM17,small-sample glomerular sensitivity including donor-averaged GSE1009,GSE96804;GSE30528;GSE104948_H7;GSE1009_donor_averaged,GSE96804;GSE30528;GSE104948_H7;GSE1009_donor_averaged,4.0,0.4106020256608219,0.3597522321745364,0.7981420608225259,0.3482937666423971,0.3898572392249108,-0.6978241851436207,1.5190282364652643,-0.830097704898602,1.6513017562202457,0.32342602651313007,0.36957955364338885,-2.573655315277309,3.394859366598953,-2.667346546853758,3.4885505981754017,8.85598266179075,66.12459492560279,0.36957955364338885,0.7885035163563311,False
ADAM19,small-sample glomerular sensitivity including donor-averaged GSE1009,GSE96804;GSE30528;GSE104948_H7;GSE1009_donor_averaged,GSE96804;GSE30528;GSE104948_H7;GSE1009_donor_averaged,4.0,0.9787572397164226,0.0,0.3837986688033199,0.1318053185568698,0.21275569943163467,0.5592938906583702,1.398220588774475,0.30167365013216585,1.6558408293006792,0.005053519048178699,0.019308129389647842,0.41164472603220936,1.5458697534006358,0.06334334878714365,1.8941711306457014,1.1513960064099598,0.0,0.019308129389647842,0.44789906593284123,False
ADAM8,small-sample glomerular sensitivity including donor-averaged GSE1009,GSE96804;GSE30528;GSE104948_H7;GSE1009_donor_averaged,GSE96804;GSE30528;GSE104948_H7;GSE1009_donor_averaged,4.0,1.1014466880810077,0.6504966707278269,1.001806942459993,0.5108672484300777,0.5108672484300777,-0.5243608991757471,2.7272542753377627,-0.5243608991757471,2.7272542753377627,0.12002330682125023,0.12002330682125023,-3.0063633084295818,5.209256684591597,-3.0063633084295818,5.209256684591597,10.76220829126919,72.12468000239559,0.12002330682125023,0.5495804049183562,False
ADAM9,small-sample glomerular sensitivity including donor-averaged GSE1009,GSE96804;GSE30528;GSE104948_H7;GSE1009_donor_averaged,GSE96804;GSE30528;GSE104948_H7;GSE1009_donor_averaged,4.0,0.45600288292929597,0.2838861418924882,0.8143207888852309,0.32786329823725086,0.36332479939638834,-0.5874044591839735,1.4994102250425654,-0.7002587825276845,1.6122645483862763,0.2584855208632265,0.2983183730314655,-2.2357542860312263,3.1477600518898186,-2.318761322172785,3.2307670880313775,6.82539034464991,56.04646989382002,0.2983183730314655,0.7166777369113722,False
ADAMTS1,small-sample glomerular sensitivity including donor-averaged GSE1009,GSE96804;GSE30528;GSE104948_H7;GSE1009_donor_averaged,GSE96804;GSE30528;GSE104948_H7,3.0,1.5424398624500018,2.7769566667290793,1.027607772959965,1.0161846998080333,1.0161846998080333,-2.82985001010867,5.914729735008674,-2.82985001010867,5.914729735008674,0.2683515089522186,0.2683515089522186,-23.25774136962613,26.342621094526137,-23.25774136962613,26.342621094526137,21.354203132143162,90.63416233505093,0.2683515089522186,0.6913893946805544,False
ADAMTS13,small-sample glomerular sensitivity including donor-averaged GSE1009,GSE96804;GSE30528;GSE104948_H7;GSE1009_donor_averaged,GSE96804;GSE30528;GSE104948_H7,3.0,0.3936603170942482,0.0,0.3728892500342483,0.12662433443601975,0.207361078963697,-0.15116022111960092,0.9384808553080973,-0.4985423953526964,1.2858630295411928,0.08975319465594266,0.19805599960633194,-1.2152544008316744,2.002575035020171,-2.241112006532573,3.0284326407210695,0.7457785000684966,0.0,0.19805599960633194,0.6178400306444538,False
ADAMTS14,small-sample glomerular sensitivity including donor-averaged GSE1009,GSE96804;GSE30528;GSE104948_H7;GSE1009_donor_averaged,GSE96804,1.0,,,,,,,,,,,,,,,,,,1.0,1.0,False
ADAMTS16,small-sample glomerular sensitivity including donor-averaged GSE1009,GSE96804;GSE30528;GSE104948_H7;GSE1009_donor_averaged,GSE96804,1.0,,,,,,,,,,,,,,,,,,1.0,1.0,False
ADAMTS18,small-sample glomerular sensitivity including donor-averaged GSE1009,GSE96804;GSE30528;GSE104948_H7;GSE1009_donor_averaged,GSE96804,1.0,,,,,,,,,,,,,,,,,,1.0,1.0,False
ADAMTS2,small-sample glomerular sensitivity including donor-averaged GSE1009,GSE96804;GSE30528;GSE104948_H7;GSE1009_donor_averaged,GSE96804;GSE30528;GSE104948_H7;GSE1009_donor_averaged,4.0,1.2068228193617336,0.0,0.37748889201923275,0.1342778167626447,0.21855069056407112,0.7794908775238922,1.634154761199575,0.5112969816589026,1.9023486570645647,0.0029075574451862454,0.011699271265382597,0.6290720045231424,1.7845736342003249,0.26647509401760305,2.1471705447058644,1.1324666760576982,0.0,0.011699271265382597,0.44789906593284123,False
ADAMTS3,small-sample glomerular sensitivity including donor-averaged GSE1009,GSE96804;GSE30528;GSE104948_H7;GSE1009_donor_averaged,GSE96804;GSE30528;GSE104948_H7;GSE1009_donor_averaged,4.0,0.8331593923209897,0.0,0.8743166609644529,0.19782546793785,0.21156694965335976,0.20359046279115833,1.462728321850821,0.15985893507651072,1.5064598495654686,0.024452959575000432,0.02917420925927269,-0.01801489731576522,1.6843336819577446,-0.07713972112980572,1.743458505771785,2.622949982893359,0.0,0.02917420925927269,0.44789906593284123,False
ADAMTS4,small-sample glomerular sensitivity including donor-averaged GSE1009,GSE96804;GSE30528;GSE104948_H7;GSE1009_donor_averaged,GSE96804,1.0,,,,,,,,,,,,,,,,,,1.0,1.0,False
ADAMTS5,small-sample glomerular sensitivity including donor-averaged GSE1009,GSE96804;GSE30528;GSE104948_H7;GSE1009_donor_averaged,GSE96804;GSE30528;GSE104948_H7,3.0,0.781022342716651,0.3945159650686372,0.9808279446164675,0.42571908536162356,0.42985967404405045,-1.050699042020983,2.612743727454285,-1.0685145572181964,2.6305592426514988,0.20799943702139626,0.21086893813128507,-8.860238711041728,10.42228339647503,-8.889854508325765,10.451899193759068,7.2374404029402895,72.36592097963972,0.21086893813128507,0.6379018857242897,False
ADAMTS8,small-sample glomerular sensitivity including donor-averaged GSE1009,GSE96804;GSE30528;GSE104948_H7;GSE1009_donor_averaged,GSE96804;GSE30528;GSE104948_H7,3.0,0.27504286003434436,0.06296737140975327,0.9010124119515864,0.2459308723689422,0.2590882177221139,-0.7831122792935512,1.33319799936224,-0.8397237671936317,1.3898094872623206,0.3797100520940484,0.39966715667593655,-4.189328154331085,4.739413874399774,-4.3079017596683284,4.857987479737017,2.7018156482509146,25.97570447507223,0.39966715667593655,0.8098930548828158,False
ADAMTS9,small-sample glomerular sensitivity including donor-averaged GSE1009,GSE96804;GSE30528;GSE104948_H7;GSE1009_donor_averaged,GSE96804;GSE30528,2.0,-0.3772723900443884,0.0,0.016924386741689345,0.030293763439124315,0.23286100059842002,-0.7621911505311456,0.007646370442368766,-3.3360519387184113,2.5815071586296345,0.05100908635897115,0.3520424155729932,,,,,0.016924386741689345,0.0,0.3520424155729932,0.7830943505501525,False
ADRM1,small-sample glomerular sensitivity including donor-averaged GSE1009,GSE96804;GSE30528;GSE104948_H7;GSE1009_donor_averaged,GSE96804;GSE30528;GSE104948_H7;GSE1009_donor_averaged,4.0,-0.1709659795803489,0.751019462885133,0.8548252495437046,0.4705604057854166,0.508951865798639,-1.66849920438495,1.3265672452242523,-1.7906779644584772,1.4487460052977794,0.7404553606434364,0.7590547970243146,-4.413928222349333,4.071996263188635,-4.495188623313495,4.153256664152797,16.03234236214448,81.28782474678441,0.7590547970243146,1.0,False
AGRN,small-sample glomerular sensitivity including donor-averaged GSE1009,GSE96804;GSE30528;GSE104948_H7;GSE1009_donor_averaged,GSE30528;GSE104948_H7;GSE1009_donor_averaged,3.0,0.02931963038391647,0.7622359670497821,1.0127088459433602,0.6347848093661347,0.6347848093661347,-2.701938962438775,2.7605782232066076,-2.701938962438775,2.7605782232066076,0.9673573457636031,0.9673573457636031,-13.686248398394278,13.744887659162112,-13.686248398394278,13.744887659162112,6.3602984047241495,68.55493448995273,0.9673573457636031,1.0,False
AJUBA,small-sample glomerular sensitivity including donor-averaged GSE1009,GSE96804;GSE30528;GSE104948_H7;GSE1009_donor_averaged,GSE96804,1.0,,,,,,,,,,,,,,,,,,1.0,1.0,False
ANGPT1,small-sample glomerular sensitivity including donor-averaged GSE1009,GSE96804;GSE30528;GSE104948_H7;GSE1009_donor_averaged,GSE96804;GSE30528;GSE104948_H7;GSE1009_donor_averaged,4.0,0.2304011012777907,0.0,0.2059767009149945,0.09156552927656027,0.20175437504358418,-0.0610012790597457,0.5218034816153271,-0.41167136415448724,0.8724735667100686,0.08646166198869028,0.3363507889644586,-0.1635735732149556,0.624375775770537,-0.6376779112423835,1.098480113797965,0.6179301027449835,0.0,0.3363507889644586,0.7633700514758582,False
ANGPT2,small-sample glomerular sensitivity including donor-averaged GSE1009,GSE96804;GSE30528;GSE104948_H7;GSE1009_donor_averaged,GSE96804;GSE30528;GSE104948_H7;GSE1009_donor_averaged,4.0,1.3602053651542203,0.09635643949299726,0.7016511838702731,0.24107669526467482,0.2878025239547429,0.5929917270191496,2.1274190032892912,0.444289286143123,2.2761214441653177,0.01101712257232088,0.017948446147842967,-0.3308762627695718,3.0512869930780124,-0.46112706280102045,3.1815377931094613,3.4030147576639385,11.84287422663413,0.017948446147842967,0.44789906593284123,False
ANGPT4,small-sample glomerular sensitivity including donor-averaged GSE1009,GSE96804;GSE30528;GSE104948_H7;GSE1009_donor_averaged,GSE96804;GSE30528;GSE104948_H7,3.0,0.04714783711519025,1.0014283899745138,1.0424074734852824,0.6376510786916897,0.6376510786916897,-2.696443317245297,2.7907389914756777,-2.696443317245297,2.7907389914756777,0.9477879308572416,0.9477879308572416,-15.030076079486697,15.124371753717078,-15.030076079486697,15.124371753717078,11.587809423442685,82.74048245948966,0.9477879308572416,1.0,False
ANO5,small-sample glomerular sensitivity including donor-averaged GSE1009,GSE96804;GSE30528;GSE104948_H7;GSE1009_donor_averaged,GSE96804,1.0,,,,,,,,,,,,,,,,,,1.0,1.0,False
ANO6,small-sample glomerular sensitivity including donor-averaged GSE1009,GSE96804;GSE30528;GSE104948_H7;GSE1009_donor_averaged,GSE96804,1.0,,,,,,,,,,,,,,,,,,1.0,1.0,False
APOB,small-sample glomerular sensitivity including donor-averaged GSE1009,GSE96804;GSE30528;GSE104948_H7;GSE1009_donor_averaged,GSE96804;GSE30528;GSE104948_H7;GSE1009_donor_averaged,4.0,-0.5463706153744158,0.4897824716431109,1.1036333134573726,0.46150015413168005,0.46150015413168005,-2.0150700757786426,0.9223288450298112,-2.0150700757786426,0.9223288450298112,0.32171211539914024,0.32171211539914024,-4.1533305248024375,3.0605892940536057,-4.1533305248024375,3.0605892940536057,8.553084271913987,64.9249334552778,0.32171211539914024,0.7497041260640679,False
APP,small-sample glomerular sensitivity including donor-averaged GSE1009,GSE96804;GSE30528;GSE104948_H7;GSE1009_donor_averaged,GSE96804;GSE30528;GSE104948_H7;GSE1009_donor_averaged,4.0,0.1992014720598316,0.14041323484742158,0.7740314727290594,0.26154260218610487,0.29727824640075096,-0.6331438159416244,1.0315467600612875,-0.7468705848394579,1.1452735289591212,0.5016761451339153,0.5507710536636375,-1.7669637935198956,2.165366737639559,-1.8588324443039395,2.2572353884236027,4.502335665445605,33.367917833752095,0.5507710536636375,0.9453366921446122,False
ARHGEF18,small-sample glomerular sensitivity including donor-averaged GSE1009,GSE96804;GSE30528;GSE104948_H7;GSE1009_donor_averaged,GSE96804;GSE30528;GSE104948_H7;GSE1009_donor_averaged,4.0,-1.232125640978616,0.0,0.9998490979699945,0.22121535865822392,0.2212320514708271,-1.9361316418124912,-0.5281196401447411,-1.936184765792285,-0.5280665161649473,0.011421349677995334,0.011423752024694065,-2.1839385077719298,-0.28031277418530265,-2.1840103311476438,-0.28024095080958833,2.9995472939099836,0.0,0.011423752024694065,0.44789906593284123,False
ARNT,small-sample glomerular sensitivity including donor-averaged GSE1009,GSE96804;GSE30528;GSE104948_H7;GSE1009_donor_averaged,GSE96804;GSE30528;GSE104948_H7;GSE1009_donor_averaged,4.0,-0.33260388119625883,0.5302147479982092,0.8914197385403638,0.42270404211859725,0.4477084359132476,-1.6778367982650775,1.0126290358725598,-1.7574119389127214,1.0922041765202037,0.4888040783808675,0.511425321266366,-3.9552572318814745,3.290049469488957,-4.01044738648072,3.3452396240882027,10.604308449391514,71.70961204761879,0.511425321266366,0.9311686073419128,False
ASPN,small-sample glomerular sensitivity including donor-averaged GSE1009,GSE96804;GSE30528;GSE104948_H7;GSE1009_donor_averaged,GSE96804;GSE30528;GSE104948_H7,3.0,1.4313711472004547,0.8058016336482666,1.03501530148654,0.587680231762395,0.587680231762395,-1.0972128062118107,3.95995510061272,-1.0972128062118107,3.95995510061272,0.13520754399905335,0.13520754399905335,-12.201443237805398,15.064185532206308,-12.201443237805398,15.064185532206308,9.665473617089294,79.30779101746398,0.13520754399905335,0.5742797806989474,False
ATP1B1,small-sample glomerular sensitivity including donor-averaged GSE1009,GSE96804;GSE30528;GSE104948_H7;GSE1009_donor_averaged,GSE96804;GSE30528;GSE104948_H7;GSE1009_donor_averaged,4.0,-0.04170842394780308,0.06768087016490931,0.7693393085741254,0.22325851748256853,0.25453591805619347,-0.7522166680333213,0.6687998201377152,-0.8517553159277326,0.7683384680321265,0.863724114247788,0.8802581583385845,-1.5167418459320507,1.4333249980364444,-1.607716819513736,1.5242999716181296,3.3548802641113378,10.578030694795624,0.8802581583385845,1.0,False
ATP1B2,small-sample glomerular sensitivity including donor-averaged GSE1009,GSE96804;GSE30528;GSE104948_H7;GSE1009_donor_averaged,GSE96804;GSE30528;GSE104948_H7;GSE1009_donor_averaged,4.0,-0.40593087013811247,0.06456205272412283,1.0386633277033128,0.25974629819618533,0.25974629819618533,-1.2325595171436827,0.4206977768674578,-1.2325595171436827,0.4206977768674578,0.2160394381044487,0.2160394381044487,-1.9693410049267848,1.1574792646505596,-1.9693410049267848,1.1574792646505596,4.085454862394282,26.56876404107793,0.2160394381044487,0.6408142540230344,False
ATP1B3,small-sample glomerular sensitivity including donor-averaged GSE1009,GSE96804;GSE30528;GSE104948_H7;GSE1009_donor_averaged,GSE96804;GSE30528;GSE104948_H7;GSE1009_donor_averaged,4.0,0.3648226303027087,1.4859957944328936,1.3035200277794916,0.8015636410742254,0.8015636410742254,-2.186110617683716,2.9157558782891337,-2.186110617683716,2.9157558782891337,0.6799287096123728,0.6799287096123728,-5.9124809044315345,6.642126165036952,-5.9124809044315345,6.642126165036952,14.721620045188555,79.6218079885815,0.6799287096123728,1.0,False
ATP1B4,small-sample glomerular sensitivity including donor-averaged GSE1009,GSE96804;GSE30528;GSE104948_H7;GSE1009_donor_averaged,GSE96804;GSE30528;GSE104948_H7,3.0,-0.15030951322776395,0.0,0.6742258621373559,0.1691546684332788,0.20600667121486677,-0.8781233091120761,0.5775042826565482,-1.0366846794770104,0.7360656530214824,0.4679752682757596,0.541497254172566,-2.299623362420751,1.9990043359652234,-2.767872454701687,2.4672534282461593,1.3484517242747118,0.0,0.541497254172566,0.9453366921446122,False
BAMBI,small-sample glomerular sensitivity including donor-averaged GSE1009,GSE96804;GSE30528;GSE104948_H7;GSE1009_donor_averaged,GSE96804;GSE30528;GSE104948_H7;GSE1009_donor_averaged,4.0,0.08618253311897289,1.1057313352587976,1.1398608869049214,0.6564894308737506,0.6564894308737506,-2.0030598306229987,2.1754248968609446,-2.0030598306229987,2.1754248968609446,0.9038646392902536,0.9038646392902536,-5.24756202455412,5.419927090792066,-5.24756202455412,5.419927090792066,13.30541790947369,77.45279388884173,0.9038646392902536,1.0,False
BCAN,small-sample glomerular sensitivity including donor-averaged GSE1009,GSE96804;GSE30528;GSE104948_H7;GSE1009_donor_averaged,GSE96804;GSE30528;GSE104948_H7,3.0,0.004404111920470095,0.4369321124846382,1.0509969921188584,0.4556907265182799,0.4556907265182799,-1.9562748364549225,1.9650830602958627,-1.9562748364549225,1.9650830602958627,0.9931661881525696,0.9931661881525696,-10.196915020195377,10.205723244036317,-10.196915020195377,10.205723244036317,7.104027754732398,71.84695683842611,0.9931661881525696,1.0,False
BGN,small-sample glomerular sensitivity including donor-averaged GSE1009,GSE96804;GSE30528;GSE104948_H7;GSE1009_donor_averaged,GSE96804;GSE30528;GSE104948_H7;GSE1009_donor_averaged,4.0,0.18906832940171975,2.4206571458486854,0.9702770512876032,0.8230668090944668,0.8355784078782732,-2.430297596202617,2.808434255006057,-2.4701150875253335,2.8482517463287733,0.8330867848241983,0.8355298640685314,-7.384206877898699,7.762343536702139,-7.40952897767106,7.787665636474499,26.956538245761536,88.8709745567137,0.8355298640685314,1.0,False
BMP1,small-sample glomerular sensitivity including donor-averaged GSE1009,GSE96804;GSE30528;GSE104948_H7;GSE1009_donor_averaged,GSE96804;GSE30528;GSE104948_H7;GSE1009_donor_averaged,4.0,0.30558420444977424,0.2568565119502501,0.8469945933279024,0.32389820212410264,0.35193966662874415,-0.7252044321881117,1.3363728410876603,-0.8144448872956525,1.425613296195201,0.41504927073154846,0.44912253732851853,-2.2823337507105252,2.8935021596100734,-2.34925378629822,2.960422195197768,6.184037139930619,51.48800157378004,0.44912253732851853,0.8640367241479853,False
BMP10,small-sample glomerular sensitivity including donor-averaged GSE1009,GSE96804;GSE30528;GSE104948_H7;GSE1009_donor_averaged,GSE96804;GSE30528;GSE104948_H7;GSE1009_donor_averaged,4.0,-0.06599818488223702,0.138966916343578,1.1589833323237988,0.32208307666462643,0.32208307666462643,-1.0910102822079866,0.9590139124435124,-1.0910102822079866,0.9590139124435124,0.8507572947378228,0.8507572947378228,-2.1857018081767756,2.0537054384123015,-2.1857018081767756,2.0537054384123015,5.285235460557777,43.238101265531974,0.8507572947378228,1.0,False
BMP2,small-sample glomerular sensitivity including donor-averaged GSE1009,GSE96804;GSE30528;GSE104948_H7;GSE1009_donor_averaged,GSE96804;GSE30528;GSE104948_H7;GSE1009_donor_averaged,4.0,-0.45413844682251814,3.193832289173417,1.0687225637038738,1.0208246386680628,1.0208246386680628,-3.7028580464942706,2.7945811528492346,-3.7028580464942706,2.7945811528492346,0.6865501482338154,0.6865501482338154,-9.30957397530533,8.401297081660292,-9.30957397530533,8.401297081660292,27.25599404208613,88.99324678686206,0.6865501482338154,1.0,False
BMP4,small-sample glomerular sensitivity including donor-averaged GSE1009,GSE96804;GSE30528;GSE104948_H7;GSE1009_donor_averaged,GSE96804;GSE30528;GSE104948_H7;GSE1009_donor_averaged,4.0,0.13642852708402525,0.13423314981263185,0.8243505861696038,0.2665033554406962,0.2935260875812302,-0.711704091783929,0.9845611459519796,-0.7977024858432429,1.0705595400112933,0.6440089297168747,0.6737367977631274,-1.8129019952950627,2.085759049463113,-1.883485760499874,2.1563428146679247,4.545756646334316,34.00438621325691,0.6737367977631274,1.0,False
BMP7,small-sample glomerular sensitivity including donor-averaged GSE1009,GSE96804;GSE30528;GSE104948_H7;GSE1009_donor_averaged,GSE96804;GSE30528;GSE104948_H7;GSE1009_donor_averaged,4.0,-1.234170152223446,0.797789940837119,1.0041606661269318,0.5519205251290006,0.5519205251290006,-2.9906275882304776,0.5222872837835857,-2.9906275882304776,0.5222872837835857,0.11135997397556371,0.11135997397556371,-5.751763343346462,3.2834230388995698,-5.751763343346462,3.2834230388995698,11.426697590704428,73.74569532285086,0.11135997397556371,0.5276698201083991,False
BSG,small-sample glomerular sensitivity including donor-averaged GSE1009,GSE96804;GSE30528;GSE104948_H7;GSE1009_donor_averaged,GSE96804;GSE30528;GSE104948_H7;GSE1009_donor_averaged,4.0,-0.15434972263102487,1.776622895740608,0.9241474180815028,0.6998146797634772,0.7279682212695605,-2.381472364627604,2.072772919365554,-2.4710694987742903,2.162370053512241,0.8395941740214793,0.8456734364583084,-6.631755094730678,6.323055649468627,-6.688945569972291,6.380246124710241,32.28660640806387,90.7082213532026,0.8456734364583084,1.0,False
C1QA,small-sample glomerular sensitivity including donor-averaged GSE1009,GSE96804;GSE30528;GSE104948_H7;GSE1009_donor_averaged,GSE96804;GSE30528;GSE104948_H7,3.0,2.3191548535476825,1.371526419345591,0.9399226149585054,0.7220976773371436,0.7448175452812237,-0.7877806889927244,5.426090396088089,-0.8855363908218679,5.523846097917232,0.08479733616803083,0.08951077638175022,-15.162622687392254,19.80093239448762,-15.31584705440713,19.954156761502496,14.887975767053977,86.56634030513499,0.08951077638175022,0.5112398945091441,False
C1QB,small-sample glomerular sensitivity including donor-averaged GSE1009,GSE96804;GSE30528;GSE104948_H7;GSE1009_donor_averaged,GSE96804;GSE30528;GSE104948_H7;GSE1009_donor_averaged,4.0,1.814595635301176,1.2398160722961673,0.9252805578794262,0.6203400312306547,0.64490105762123,-0.15960320510840087,3.788794475710753,-0.23776735279906291,3.8669586234014153,0.06123970092110066,0.06708374523984499,-3.6696206699687357,7.298811940571087,-3.7218225077028455,7.351013778305197,18.304382083922945,83.61048198051465,0.06708374523984499,0.47751429566180575,False
C1QC,small-sample glomerular sensitivity including donor-averaged GSE1009,GSE96804;GSE30528;GSE104948_H7;GSE1009_donor_averaged,GSE96804,1.0,,,,,,,,,,,,,,,,,,1.0,1.0,False
C1R,small-sample glomerular sensitivity including donor-averaged GSE1009,GSE96804;GSE30528;GSE104948_H7;GSE1009_donor_averaged,GSE96804;GSE30528;GSE104948_H7;GSE1009_donor_averaged,4.0,0.04287948975381384,2.6992218215530785,1.110486894962525,0.9553979963282813,0.9553979963282813,-2.9976233337365823,3.0833823132442095,-2.9976233337365823,3.0833823132442095,0.9670222937538722,0.9670222937538722,-8.134433034139578,8.220192013647205,-8.134433034139578,8.220192013647205,22.047618304769415,86.39308809445858,0.9670222937538722,1.0,False
C1S,small-sample glomerular sensitivity including donor-averaged GSE1009,GSE96804;GSE30528;GSE104948_H7;GSE1009_donor_averaged,GSE96804;GSE30528;GSE104948_H7;GSE1009_donor_averaged,4.0,0.8202993407967832,0.0,1.9408971106748873,0.29562155848288535,0.29562155848288535,-0.12050039575928673,1.7610990773528532,-0.12050039575928673,1.7610990773528532,0.06928871090042901,0.06928871090042901,-0.4516575647823936,2.09225624637596,-0.4516575647823936,2.09225624637596,5.822691332024662,48.477433734120986,0.06928871090042901,0.4810793557638387,False
C2,small-sample glomerular sensitivity including donor-averaged GSE1009,GSE96804;GSE30528;GSE104948_H7;GSE1009_donor_averaged,GSE96804;GSE30528;GSE104948_H7;GSE1009_donor_averaged,4.0,1.1843792744667645,0.4473845259017027,0.7530934262937756,0.3770401838153698,0.4344734175903569,-0.015530865459949084,2.384289414393478,-0.19830904808765237,2.5670675970211816,0.051613347692922584,0.07218275566422372,-2.1192731039283492,4.488031652861879,-2.2473785558396955,4.616137104773224,9.453016219777512,68.2640976144373,0.07218275566422372,0.49147041465293195,False
C3,small-sample glomerular sensitivity including donor-averaged GSE1009,GSE96804;GSE30528;GSE104948_H7;GSE1009_donor_averaged,GSE96804;GSE30528;GSE104948_H7,3.0,1.5926383664011274,0.3119958972216953,0.9308991365239269,0.3989738454462766,0.41351675669649807,-0.1240075388069346,3.3092842716091893,-0.18658063559620408,3.3718573683984587,0.057405336098938546,0.061282589673415766,-7.12918810218104,10.314464834983294,-7.23787231035258,10.423149043154835,5.2910542061490045,62.20034945633901,0.061282589673415766,0.4690790195683884,False
C3AR1,small-sample glomerular sensitivity including donor-averaged GSE1009,GSE96804;GSE30528;GSE104948_H7;GSE1009_donor_averaged,GSE96804;GSE30528;GSE104948_H7;GSE1009_donor_averaged,4.0,1.3904646925588793,0.8887829742292283,0.9798013213176112,0.5515933092881931,0.5572498743653956,-0.3649513966045441,3.145880781722303,-0.38295311123508435,3.163882496352843,0.08611512504915692,0.08807669701872062,-3.3091630791833033,6.090092464301062,-3.3215007268220926,6.102430111939851,13.742335453721903,78.16964947404557,0.08807669701872062,0.5108448427085797,False
C4A,small-sample glomerular sensitivity including donor-averaged GSE1009,GSE96804;GSE30528;GSE104948_H7;GSE1009_donor_averaged,GSE30528;GSE1009_donor_averaged,2.0,0.9543670726181578,0.0,0.024236542620244522,0.06618351698864997,0.4251229084292519,0.11342575560027524,1.7953083896360402,-4.447331639921963,6.356065785158279,0.04407778557752872,0.2667842950600827,,,,,0.024236542620244522,0.0,0.2667842950600827,0.6913893946805544,False
C4B,small-sample glomerular sensitivity including donor-averaged GSE1009,GSE96804;GSE30528;GSE104948_H7;GSE1009_donor_averaged,GSE96804,1.0,,,,,,,,,,,,,,,,,,1.0,1.0,False
C4BPA,small-sample glomerular sensitivity including donor-averaged GSE1009,GSE96804;GSE30528;GSE104948_H7;GSE1009_donor_averaged,GSE96804;GSE30528;GSE104948_H7;GSE1009_donor_averaged,4.0,0.10734871152922322,0.0,0.5451081952598817,0.14902843610539343,0.20184955130557025,-0.36692628433659524,0.5816237073950417,-0.5350266472463631,0.7497240703048095,0.5233777770393626,0.631711132210945,-0.5338688958899411,0.7485663189483875,-0.7611398113943927,0.9758372344528391,1.6353245857796452,0.0,0.631711132210945,1.0,False
C4BPB,small-sample glomerular sensitivity including donor-averaged GSE1009,GSE96804;GSE30528;GSE104948_H7;GSE1009_donor_averaged,GSE96804;GSE30528;GSE104948_H7;GSE1009_donor_averaged,4.0,0.5648316729663176,0.16467855703424358,0.7794480599714778,0.27483637811942346,0.3113010793054923,-0.3098203431373976,1.4394836890700329,-0.4258672967002768,1.555530642632912,0.1321083797277955,0.1672496605849998,-1.5439668259936532,2.6736301719262885,-1.6357845316801223,2.7654478776127576,4.845193014587445,38.08296200031896,0.1672496605849998,0.5933789592277746,False
C5,small-sample glomerular sensitivity including donor-averaged GSE1009,GSE96804;GSE30528;GSE104948_H7;GSE1009_donor_averaged,GSE96804;GSE30528;GSE104948_H7;GSE1009_donor_averaged,4.0,-0.24996914334978548,0.0,1.5377548407024213,0.2551441331889756,0.2551441331889756,-1.061951647331855,0.5620133606322841,-1.061951647331855,0.5620133606322841,0.39947434824050565,0.39947434824050565,-1.3477657444948916,0.8478274577953206,-1.3477657444948916,0.8478274577953206,4.613264522107264,34.97012829800514,0.39947434824050565,0.8098930548828158,False
C5AR1,small-sample glomerular sensitivity including donor-averaged GSE1009,GSE96804;GSE30528;GSE104948_H7;GSE1009_donor_averaged,GSE96804;GSE30528;GSE104948_H7,3.0,-0.224920849947088,0.9001896642011704,0.9965049735981717,0.5937454336296164,0.5947857393303974,-2.7796012607298346,2.329759560835659,-2.784077334893074,2.3342356349988984,0.741257686908863,0.7416800151975964,-14.446356063134663,13.996514363240488,-14.453372598328803,14.003530898434628,13.878532647862716,85.5892546370311,0.7416800151975964,1.0,False
C5AR2,small-sample glomerular sensitivity including donor-averaged GSE1009,GSE96804;GSE30528;GSE104948_H7;GSE1009_donor_averaged,GSE96804;GSE30528;GSE104948_H7,3.0,-0.3753001432063411,0.0,0.6434066149683991,0.16621928857631774,0.20722333476859686,-1.0904840189362481,0.33988373252356596,-1.266910190216231,0.5163099038035488,0.15251663142123398,0.21182772533600133,-2.487316454958338,1.7367161685456556,-3.008322260889001,2.2577219744763184,1.2868132299367983,0.0,0.21182772533600133,0.6379273420695732,False
C6,small-sample glomerular sensitivity including donor-averaged GSE1009,GSE96804;GSE30528;GSE104948_H7;GSE1009_donor_averaged,GSE96804;GSE30528;GSE104948_H7;GSE1009_donor_averaged,4.0,0.00490375547008511,0.4463787096993932,1.0275618380095433,0.4309500526973344,0.4309500526973344,-1.366571647498366,1.376379158438536,-1.366571647498366,1.376379158438536,0.9916355216214803,0.9916355216214803,-3.4158990697828595,3.42570658072303,-3.4158990697828595,3.42570658072303,8.295644127756306,63.83644291149939,0.9916355216214803,1.0,False
C7,small-sample glomerular sensitivity including donor-averaged GSE1009,GSE96804;GSE30528;GSE104948_H7;GSE1009_donor_averaged,GSE96804;GSE30528;GSE104948_H7;GSE1009_donor_averaged,4.0,1.0703167367041697,0.16281293441825762,1.3228328997919674,0.3678237679131961,0.3678237679131961,-0.10026265448671312,2.2408961278950525,-0.10026265448671312,2.2408961278950525,0.06200352858382993,0.06200352858382993,-1.2788972112247379,3.4195306846330773,-1.2788972112247379,3.4195306846330773,5.6366180774690395,46.77659620062349,0.06200352858382993,0.4690790195683884,False
C8A,small-sample glomerular sensitivity including donor-averaged GSE1009,GSE96804;GSE30528;GSE104948_H7;GSE1009_donor_averaged,GSE96804;GSE30528;GSE104948_H7;GSE1009_donor_averaged,4.0,0.19266706726882482,0.08125252681375342,0.9187896979814135,0.25316302637000954,0.2641144850303627,-0.6130106706368539,0.9983448051745036,-0.6478630997879622,1.0331972343256117,0.5019865075929353,0.5185022163712228,-1.44767686397808,1.8330109985157297,-1.4793384025111362,1.864672537048786,3.8812206867108983,22.70473023418001,0.5185022163712228,0.9336404028970482,False
C8B,small-sample glomerular sensitivity including donor-averaged GSE1009,GSE96804;GSE30528;GSE104948_H7;GSE1009_donor_averaged,GSE96804;GSE30528;GSE104948_H7;GSE1009_donor_averaged,4.0,-0.21177872475173784,0.0,0.7275857209231681,0.17297834366362236,0.2027914547000892,-0.7622730154381283,0.3387155659346526,-0.8571516405051451,0.4335941910016694,0.3082108603971851,0.37307993040529563,-0.9560444673035632,0.5324870178000874,-1.084319930886941,0.6607624813834653,2.182757162769504,0.0,0.37307993040529563,0.7916574132990419,False
C8G,small-sample glomerular sensitivity including donor-averaged GSE1009,GSE96804;GSE30528;GSE104948_H7;GSE1009_donor_averaged,GSE96804;GSE30528;GSE104948_H7;GSE1009_donor_averaged,4.0,0.7146807953737613,0.0,1.2818222473843395,0.23682086556275375,0.23682086556275375,-0.03898889325051402,1.4683504839980366,-0.03898889325051402,1.4683504839980366,0.056857778245690584,0.056857778245690584,-0.30427714830145147,1.733638739048974,-0.30427714830145147,1.733638739048974,3.845466742153018,21.986063041066746,0.056857778245690584,0.4690790195683884,False
C9,small-sample glomerular sensitivity including donor-averaged GSE1009,GSE96804;GSE30528;GSE104948_H7;GSE1009_donor_averaged,GSE96804;GSE30528;GSE104948_H7;GSE1009_donor_averaged,4.0,0.014997636775002774,0.0,0.3716377628465528,0.123038621945934,0.2018280572313673,-0.37656617104403384,0.40656144459403937,-0.6273093182635507,0.6573045918135563,0.9106898286271685,0.9454420017836119,-0.5143948258052822,0.5443900993552877,-0.8533984046115703,0.8833936781615759,1.1149132885396584,0.0,0.9454420017836119,1.0,False
CA9,small-sample glomerular sensitivity including donor-averaged GSE1009,GSE96804;GSE30528;GSE104948_H7;GSE1009_donor_averaged,GSE96804;GSE30528;GSE104948_H7;GSE1009_donor_averaged,4.0,-0.5007701136152553,0.0,0.9718182974313709,0.20203788432647832,0.20494639156621583,-1.1437448321173933,0.1422046048868828,-1.1530010002363869,0.15146077300587635,0.08938105392004018,0.0922185213555344,-1.3700689681253833,0.36852874089487275,-1.3825832647399359,0.38104303750942536,2.915454892294113,0.0,0.0922185213555344,0.5157650158670245,False
CAPN1,small-sample glomerular sensitivity including donor-averaged GSE1009,GSE96804;GSE30528;GSE104948_H7;GSE1009_donor_averaged,GSE96804;GSE30528;GSE104948_H7;GSE1009_donor_averaged,4.0,0.7538428213560764,1.4633297600133943,0.9094123827649775,0.6422499960798035,0.6734784110824408,-1.2900833057365702,2.7977689484487227,-1.3894660596815795,2.8971517023937325,0.32519654187461794,0.3445413403772522,-5.1390870977298055,6.646772740441958,-5.20327727877885,6.710962921491002,27.16796077576299,88.95758123047516,0.3445413403772522,0.773403413985413,False
CAPN10,small-sample glomerular sensitivity including donor-averaged GSE1009,GSE96804;GSE30528;GSE104948_H7;GSE1009_donor_averaged,GSE96804;GSE30528;GSE104948_H7,3.0,0.06401605579429459,0.3326962476644931,0.9285345140593577,0.3867318737578155,0.4013386095205387,-1.5999568965108946,1.7279890080994837,-1.6628046080131045,1.7908367196016937,0.8837456600791611,0.887922603047108,-8.759780262241058,8.887812373829647,-8.864467992520666,8.992500104109254,7.0484240800908875,71.62486284488418,0.887922603047108,1.0,False
CAPN11,small-sample glomerular sensitivity including donor-averaged GSE1009,GSE96804;GSE30528;GSE104948_H7;GSE1009_donor_averaged,GSE96804;GSE30528;GSE104948_H7;GSE1009_donor_averaged,4.0,0.006651515880705129,0.12158257252418725,1.1682024891922864,0.3128514031725227,0.3128514031725227,-0.9889812762485134,1.0022843080099237,-0.9889812762485134,1.0022843080099237,0.9843725400347338,0.9843725400347338,-2.0089866390930164,2.0222896708544265,-2.0089866390930164,2.0222896708544265,5.073585216405073,40.8702155962668,0.9843725400347338,1.0,False
CAPN12,small-sample glomerular sensitivity including donor-averaged GSE1009,GSE96804;GSE30528;GSE104948_H7;GSE1009_donor_averaged,GSE96804,1.0,,,,,,,,,,,,,,,,,,1.0,1.0,False
CAPN13,small-sample glomerular sensitivity including donor-averaged GSE1009,GSE96804;GSE30528;GSE104948_H7;GSE1009_donor_averaged,GSE96804,1.0,,,,,,,,,,,,,,,,,,1.0,1.0,False
CAPN14,small-sample glomerular sensitivity including donor-averaged GSE1009,GSE96804;GSE30528;GSE104948_H7;GSE1009_donor_averaged,GSE96804,1.0,,,,,,,,,,,,,,,,,,1.0,1.0,False
CAPN15,small-sample glomerular sensitivity including donor-averaged GSE1009,GSE96804;GSE30528;GSE104948_H7;GSE1009_donor_averaged,GSE30528;GSE104948_H7;GSE1009_donor_averaged,3.0,0.5591939966670052,0.20909556270439775,0.9325408812988155,0.40946775918696404,0.42401944371313843,-1.202603575143181,2.3209915684771913,-1.2652144202921782,2.3836024136261886,0.3053494034470092,0.31799671444674593,-7.239967297985493,8.358355291319503,-7.364508272300829,8.482896265634839,3.1650913745793297,36.810671057930556,0.31799671444674593,0.7432579922740361,False
CAPN2,small-sample glomerular sensitivity including donor-averaged GSE1009,GSE96804;GSE30528;GSE104948_H7;GSE1009_donor_averaged,GSE96804;GSE30528;GSE104948_H7;GSE1009_donor_averaged,4.0,-0.368257098928829,0.0,1.0482877106919912,0.21067687132904694,0.21067687132904694,-1.0387249296986856,0.3022107318410275,-1.0387249296986856,0.3022107318410275,0.1787910556165208,0.1787910556165208,-1.274726514447829,0.5382123165901709,-1.274726514447829,0.5382123165901709,3.1448631320759737,4.6063413888650615,0.1787910556165208,0.5947202766266613,False
CAPN3,small-sample glomerular sensitivity including donor-averaged GSE1009,GSE96804;GSE30528;GSE104948_H7;GSE1009_donor_averaged,GSE96804;GSE30528;GSE104948_H7;GSE1009_donor_averaged,4.0,0.172623125253216,1.3389208066963083,1.191215533955682,0.7344826409848301,0.7344826409848301,-2.1648284418439765,2.5100746923504085,-2.1648284418439765,2.5100746923504085,0.8293167691253708,0.8293167691253708,-5.7243434392857875,6.069589689792219,-5.7243434392857875,6.069589689792219,16.011413459515037,81.26336561362606,0.8293167691253708,1.0,False
CAPN5,small-sample glomerular sensitivity including donor-averaged GSE1009,GSE96804;GSE30528;GSE104948_H7;GSE1009_donor_averaged,GSE96804;GSE30528;GSE104948_H7;GSE1009_donor_averaged,4.0,0.10038822978312638,0.3864259465798971,0.9898688080363177,0.40421869888609585,0.40628199857052427,-1.186016075013517,1.3867925345797698,-1.1925824154709193,1.3933588750371722,0.8198925562163747,0.8207829102329942,-3.090018478655449,3.290794938221702,-3.0948666994805984,3.2956431590468513,9.281509046242395,67.6776698158308,0.8207829102329942,1.0,False
CAPN6,small-sample glomerular sensitivity including donor-averaged GSE1009,GSE96804;GSE30528;GSE104948_H7;GSE1009_donor_averaged,GSE96804;GSE30528;GSE104948_H7;GSE1009_donor_averaged,4.0,0.8713808786808047,1.1788417713108563,1.031615451036677,0.6254997435673095,0.6254997435673095,-1.1192384691908863,2.8620002265524955,-1.1192384691908863,2.8620002265524955,0.25787136380515546,0.25787136380515546,-4.5199849816812865,6.262746739042896,-4.5199849816812865,6.262746739042896,14.3832003716238,79.1423332604153,0.25787136380515546,0.6821394522278268,False
CAPN7,small-sample glomerular sensitivity including donor-averaged GSE1009,GSE96804;GSE30528;GSE104948_H7;GSE1009_donor_averaged,GSE96804;GSE30528;GSE104948_H7;GSE1009_donor_averaged,4.0,0.2140379870058895,0.0,0.9338200340884996,0.19627816252886476,0.20311424842505083,-0.41060672614197125,0.8386827001537502,-0.43236220244489065,0.8604381764566696,0.3552533721777711,0.36935628666756715,-0.630478784789139,1.058554758800918,-0.6598920884311658,1.0879680624429446,2.801460102265499,0.0,0.36935628666756715,0.7885035163563311,False
CAPN8,small-sample glomerular sensitivity including donor-averaged GSE1009,GSE96804;GSE30528;GSE104948_H7;GSE1009_donor_averaged,GSE96804,1.0,,,,,,,,,,,,,,,,,,1.0,1.0,False
CAPN9,small-sample glomerular sensitivity including donor-averaged GSE1009,GSE96804;GSE30528;GSE104948_H7;GSE1009_donor_averaged,GSE96804;GSE30528;GSE104948_H7;GSE1009_donor_averaged,4.0,-0.5396351081997378,0.31353811678238974,1.043933523829753,0.38498752769703626,0.38498752769703626,-1.76483724329948,0.6855670269000044,-1.76483724329948,0.6855670269000044,0.25555192859399833,0.25555192859399833,-3.4633929491012445,2.384122732701769,-3.4633929491012445,2.384122732701769,7.0697443796453765,57.56565104903436,0.25555192859399833,0.6782954579291549,False
CAPNS1,small-sample glomerular sensitivity including donor-averaged GSE1009,GSE96804;GSE30528;GSE104948_H7;GSE1009_donor_averaged,GSE96804;GSE30528;GSE104948_H7;GSE1009_donor_averaged,4.0,0.018959166886373075,0.8029918533126998,0.9076947268738186,0.5011834981562516,0.5260497963945145,-1.576030405090154,1.6139487388629001,-1.6551660640445964,1.6930843978173427,0.9722006969734415,0.973513988987053,-4.3987082041475,4.436626537920246,-4.451909544761181,4.4898278785339265,14.584860375273204,79.43072526709874,0.973513988987053,1.0,False
CAPNS2,small-sample glomerular sensitivity including donor-averaged GSE1009,GSE96804;GSE30528;GSE104948_H7;GSE1009_donor_averaged,GSE96804,1.0,,,,,,,,,,,,,,,,,,1.0,1.0,False
CASK,small-sample glomerular sensitivity including donor-averaged GSE1009,GSE96804;GSE30528;GSE104948_H7;GSE1009_donor_averaged,GSE96804;GSE30528;GSE104948_H7;GSE1009_donor_averaged,4.0,0.6751117017658004,0.0,0.8517944483244699,0.1917142731800916,0.20772417597595397,0.06499132141366648,1.2852320821179344,0.014040665413022957,1.3361827381185778,0.03887686517548994,0.04748813137758876,-0.1497682390644548,1.4999916425960556,-0.21865329103209552,1.5688766945636963,2.55538334497341,0.0,0.04748813137758876,0.46479008585815,False
CASP3,small-sample glomerular sensitivity including donor-averaged GSE1009,GSE96804;GSE30528;GSE104948_H7;GSE1009_donor_averaged,GSE96804;GSE30528;GSE104948_H7;GSE1009_donor_averaged,4.0,1.5938985022356669,0.965136585483562,1.1004061923744548,0.6027374517463008,0.6027374517463008,-0.32428107413046514,3.5120780786017987,-0.32428107413046514,3.5120780786017987,0.077361603200162,0.077361603200162,-3.3652312635488135,6.553028268020147,-3.3652312635488135,6.553028268020147,11.324614381829223,73.50903175287262,0.077361603200162,0.4929110620530174,False
CAST,small-sample glomerular sensitivity including donor-averaged GSE1009,GSE96804;GSE30528;GSE104948_H7;GSE1009_donor_averaged,GSE96804;GSE30528;GSE104948_H7;GSE1009_donor_averaged,4.0,-0.6371688861884542,0.3030632092714032,1.1294439528704185,0.40657330066612973,0.40657330066612973,-1.931066584720381,0.6567288123434724,-1.931066584720381,0.6567288123434724,0.21506553791334782,0.21506553791334782,-3.5817840146597484,2.30744624228284,-3.5817840146597484,2.30744624228284,6.656784178707874,54.93319417511415,0.21506553791334782,0.6408142540230344,False
CAV1,small-sample glomerular sensitivity including donor-averaged GSE1009,GSE96804;GSE30528;GSE104948_H7;GSE1009_donor_averaged,GSE96804;GSE30528;GSE104948_H7;GSE1009_donor_averaged,4.0,1.2228858705589454,1.3842845969058222,0.9061904843650107,0.6390027547511669,0.6712634206214517,-0.8107060853650168,3.2564778264829073,-0.9133739222698971,3.359145663387788,0.15156717640696638,0.16602743614021348,-4.537865021612387,6.983636762730278,-4.605389076821212,7.051160817939103,16.851510959407562,82.1974420737316,0.16602743614021348,0.5933789592277746,False
CBL,small-sample glomerular sensitivity including donor-averaged GSE1009,GSE96804;GSE30528;GSE104948_H7;GSE1009_donor_averaged,GSE96804;GSE30528;GSE104948_H7;GSE1009_donor_averaged,4.0,-0.4333008410487731,0.10583590391594835,1.3597362678417844,0.3293898328674677,0.3293898328674677,-1.4815662976558637,0.6149646155583175,-1.4815662976558637,0.6149646155583175,0.2798556296574773,0.2798556296574773,-2.4252644038704343,1.558662721772888,-2.4252644038704343,1.558662721772888,5.555947845337963,46.003812787455836,0.2798556296574773,0.7074388296229085,False
CCL1,small-sample glomerular sensitivity including donor-averaged GSE1009,GSE96804;GSE30528;GSE104948_H7;GSE1009_donor_averaged,GSE96804;GSE30528;GSE104948_H7;GSE1009_donor_averaged,4.0,-0.12525570479367235,1.262710779169009,0.9367803369066493,0.6096850478781396,0.6299218330448632,-2.065545632800178,1.8150342232128334,-2.129948114984838,1.879436705397493,0.8503763565772494,0.855098557730483,-5.625969019264055,5.37545760967671,-5.668021553590779,5.417510144003434,17.798771055817273,83.14490370940811,0.855098557730483,1.0,False
CCL11,small-sample glomerular sensitivity including donor-averaged GSE1009,GSE96804;GSE30528;GSE104948_H7;GSE1009_donor_averaged,GSE96804;GSE30528;GSE104948_H7;GSE1009_donor_averaged,4.0,0.9539794497362566,0.0,0.23193918003121694,0.10220069481437767,0.21221046140017827,0.6287312261268125,1.2792276733457006,0.2786310509107084,1.6293278485618048,0.0026034921576640183,0.02054631778251312,0.5142453512108829,1.3937135482616303,0.0409115287113867,1.8670473707611266,0.6958175400936508,0.0,0.02054631778251312,0.44789906593284123,False
CCL13,small-sample glomerular sensitivity including donor-averaged GSE1009,GSE96804;GSE30528;GSE104948_H7;GSE1009_donor_averaged,GSE96804;GSE30528;GSE104948_H7;GSE1009_donor_averaged,4.0,0.8363294794050459,0.0,1.0179010824337238,0.2121651750435965,0.2121651750435965,0.1611252019776811,1.5115337568324105,0.1611252019776811,1.5115337568324105,0.02910020781191066,0.02910020781191066,-0.07654359015405698,1.7492025489641487,-0.07654359015405698,1.7492025489641487,3.053703247301171,1.758626917944089,0.02910020781191066,0.44789906593284123,False
CCL16,small-sample glomerular sensitivity including donor-averaged GSE1009,GSE96804;GSE30528;GSE104948_H7;GSE1009_donor_averaged,GSE96804;GSE30528;GSE104948_H7;GSE1009_donor_averaged,4.0,-0.032593066085432505,0.07238745779362106,0.8126760378410619,0.23212652141908754,0.2574933609633427,-0.7713232565339672,0.706137124363102,-0.8520518613183066,0.7868657291474415,0.8972328559800529,0.9072813611882153,-1.5615198706262916,1.4963337384554265,-1.6349502117306995,1.5697640795598344,3.516154794742197,14.67952422100465,0.9072813611882153,1.0,False
CCL17,small-sample glomerular sensitivity including donor-averaged GSE1009,GSE96804;GSE30528;GSE104948_H7;GSE1009_donor_averaged,GSE96804;GSE30528;GSE104948_H7;GSE1009_donor_averaged,4.0,0.3038750747796433,0.16290937626659527,0.9328632049954336,0.30016654479981475,0.3107801731834879,-0.6513888366883036,1.2591389862475904,-0.6851661391235786,1.2929162886828651,0.3859249989708356,0.4002919696547251,-1.8603606634702141,2.468110813029501,-1.8879187453490551,2.495668894908342,5.163472413502778,41.899563709204166,0.4002919696547251,0.8098930548828158,False
CCL19,small-sample glomerular sensitivity including donor-averaged GSE1009,GSE96804;GSE30528;GSE104948_H7;GSE1009_donor_averaged,GSE96804;GSE30528;GSE104948_H7;GSE1009_donor_averaged,4.0,1.1708678774049772,0.0,0.4229858298024247,0.14202544518676688,0.21837516693492917,0.7188795241140772,1.6228562306958771,0.47590063422719897,1.8658351205827555,0.003736861360005237,0.012696368278575895,0.5597817079782521,1.7819540468317023,0.23127536928290982,2.1104603855270447,1.2689574894072742,0.0,0.012696368278575895,0.44789906593284123,False
CCL2,small-sample glomerular sensitivity including donor-averaged GSE1009,GSE96804;GSE30528;GSE104948_H7;GSE1009_donor_averaged,GSE96804;GSE30528;GSE104948_H7;GSE1009_donor_averaged,4.0,1.2950956498968573,0.5878463228398957,1.0713072485805761,0.49240936798150137,0.49240936798150137,-0.2719707239229574,2.862162023716672,-0.2719707239229574,2.862162023716672,0.07831706775670978,0.07831706775670978,-2.625547313949742,5.215738613743456,-2.625547313949742,5.215738613743456,8.40156659330935,64.29237372957239,0.07831706775670978,0.4929110620530174,False
CCL20,small-sample glomerular sensitivity including donor-averaged GSE1009,GSE96804;GSE30528;GSE104948_H7;GSE1009_donor_averaged,GSE96804;GSE30528;GSE104948_H7;GSE1009_donor_averaged,4.0,0.5371677241025022,0.4344979672715681,0.8729034497095993,0.3931062361736665,0.42075261957243515,-0.7138717647923675,1.788207212997372,-0.8018548954942354,1.87619034369924,0.2651969878807216,0.291572032091063,-2.765046011612002,3.839381459817006,-2.827525236535514,3.901860684740518,8.288354574776392,63.80463730244147,0.291572032091063,0.7160354864099929,False
CCL21,small-sample glomerular sensitivity including donor-averaged GSE1009,GSE96804;GSE30528;GSE104948_H7;GSE1009_donor_averaged,GSE96804;GSE30528;GSE104948_H7;GSE1009_donor_averaged,4.0,1.2346455831032075,0.0,0.16045944146350516,0.08749424357869143,0.21842223303089653,0.9561998508926082,1.5130913153138068,0.5395285546022138,1.9297626116042013,0.000770878336845008,0.010960861533787435,0.8581882371319864,1.6111029290744285,0.2948505659148475,2.1744406002915673,0.4813783243905155,0.0,0.010960861533787435,0.44789906593284123,False
CCL22,small-sample glomerular sensitivity including donor-averaged GSE1009,GSE96804;GSE30528;GSE104948_H7;GSE1009_donor_averaged,GSE96804;GSE30528;GSE104948_H7;GSE1009_donor_averaged,4.0,0.23629726143928445,0.3648606484379413,0.8864479503994454,0.37065080757002716,0.39367544819155076,-0.9432790316623711,1.41587355454094,-1.016553714138824,1.4891482370173927,0.5691104452045537,0.5906642803253219,-2.812953203183816,3.2855477260623847,-2.8659153774378825,3.3385099003164513,7.510706375345186,60.05701927254316,0.5906642803253219,0.9747906262543043,False
CCL25,small-sample glomerular sensitivity including donor-averaged GSE1009,GSE96804;GSE30528;GSE104948_H7;GSE1009_donor_averaged,GSE96804;GSE30528;GSE104948_H7;GSE1009_donor_averaged,4.0,-0.015120523087490897,0.18673409460648752,1.3169843187159627,0.3733302762700713,0.3733302762700713,-1.2032240814537252,1.1729830352787434,-1.2032240814537252,1.1729830352787434,0.9702378137343055,0.9702378137343055,-2.472193640278895,2.4419525941039137,-2.472193640278895,2.4419525941039137,6.203658134977008,51.6414358314553,0.9702378137343055,1.0,False
CCL27,small-sample glomerular sensitivity including donor-averaged GSE1009,GSE96804;GSE30528;GSE104948_H7;GSE1009_donor_averaged,GSE96804;GSE30528;GSE104948_H7;GSE1009_donor_averaged,4.0,0.19789747528626217,0.15405305574025877,1.2523945556459393,0.3467480890137141,0.3467480890137141,-0.9056096994596186,1.3014046500321428,-0.9056096994596186,1.3014046500321428,0.6081358274685728,0.6081358274685728,-2.05550693222521,2.4513018827977344,-2.05550693222521,2.4513018827977344,5.660437176921686,47.00056009399102,0.6081358274685728,0.9879052964894035,False
CCL28,small-sample glomerular sensitivity including donor-averaged GSE1009,GSE96804;GSE30528;GSE104948_H7;GSE1009_donor_averaged,GSE96804,1.0,,,,,,,,,,,,,,,,,,1.0,1.0,False
CCL3,small-sample glomerular sensitivity including donor-averaged GSE1009,GSE96804;GSE30528;GSE104948_H7;GSE1009_donor_averaged,GSE30528;GSE1009_donor_averaged,2.0,2.1569888519831597,5.236083200125134,1.0000000078342186,1.9571668697270042,1.9571668697270042,-22.711174097626298,27.02515180159262,-22.711174097626298,27.02515180159262,0.4691040530538993,0.4691040530538993,,,,,2.3260761199692785,57.00914551269254,0.4691040530538993,0.880835667964516,False
CCL3L1,small-sample glomerular sensitivity including donor-averaged GSE1009,GSE96804;GSE30528;GSE104948_H7;GSE1009_donor_averaged,,0.0,,,,,,,,,,,,,,,,,,1.0,1.0,False
CCL4,small-sample glomerular sensitivity including donor-averaged GSE1009,GSE96804;GSE30528;GSE104948_H7;GSE1009_donor_averaged,GSE30528;GSE104948_H7;GSE1009_donor_averaged,3.0,1.1125422263281066,0.7009806806329199,0.8475066937928453,0.5631665501449943,0.611737752274665,-1.3105678679568402,3.5356523206130532,-1.519552883387281,3.7446373360434944,0.18687701977924165,0.2105849303675847,-11.70837248320283,13.933456935859041,-12.062779704699865,14.287864157356077,6.1718647534099835,67.59488290965885,0.2105849303675847,0.6379018857242897,False
CCL5,small-sample glomerular sensitivity including donor-averaged GSE1009,GSE96804;GSE30528;GSE104948_H7;GSE1009_donor_averaged,GSE96804;GSE30528;GSE104948_H7;GSE1009_donor_averaged,4.0,1.1540095757650872,2.381078535865656,0.977535268696584,0.8245678810802447,0.833988757654823,-1.4701334308343534,3.7781525823645277,-1.500114864681654,3.8081340162118282,0.25613307458685003,0.2604249811401229,-6.373777078277725,8.6817962298079,-6.392965698585877,8.700984850116052,32.41736753296935,90.74570136841335,0.2604249811401229,0.6831444904909687,False
CCL7,small-sample glomerular sensitivity including donor-averaged GSE1009,GSE96804;GSE30528;GSE104948_H7;GSE1009_donor_averaged,GSE96804;GSE30528;GSE104948_H7;GSE1009_donor_averaged,4.0,-0.03921302641315389,0.18286890007063408,0.9116552375926469,0.3044262013484076,0.31883553078077675,-1.0080330661259478,0.9296070132996399,-1.0538899833396067,0.9754639305132989,0.9056587689611942,0.9098932186094595,-2.2977746356366775,2.2193485828103694,-2.3342860487580666,2.2558599959317585,5.556158646688221,46.00586140951597,0.9098932186094595,1.0,False
CCNC,small-sample glomerular sensitivity including donor-averaged GSE1009,GSE96804;GSE30528;GSE104948_H7;GSE1009_donor_averaged,GSE96804;GSE30528;GSE104948_H7;GSE1009_donor_averaged,4.0,0.6577182753644238,0.21044630626015567,0.7744039353313824,0.2931132970016591,0.3330824457223552,-0.27509905370803234,1.5905356044368801,-0.4022987233795464,1.717735274108394,0.11056058795380959,0.1428000433996119,-1.6846077406279978,3.0000442913568452,-1.7815110071689704,3.096947557897818,5.601848521913014,46.446249157492225,0.1428000433996119,0.5742797806989474,False
CCNK,small-sample glomerular sensitivity including donor-averaged GSE1009,GSE96804;GSE30528;GSE104948_H7;GSE1009_donor_averaged,GSE96804;GSE30528;GSE104948_H7,3.0,0.4283907924625823,0.0,0.9610336276706521,0.20392258953279496,0.20801566677131686,-0.449017294048277,1.3057988789734416,-0.46662838400167855,1.3234099689268433,0.17045722600042548,0.1756526762839799,-2.162691380472025,3.01947296539719,-2.2146988578656606,3.0714804427908255,1.9220672553413043,0.0,0.1756526762839799,0.5947202766266613,False
CCNT1,small-sample glomerular sensitivity including donor-averaged GSE1009,GSE96804;GSE30528;GSE104948_H7;GSE1009_donor_averaged,GSE96804;GSE30528;GSE104948_H7;GSE1009_donor_averaged,4.0,-0.5528596581081525,0.16252568673975137,0.8349125224698946,0.2824059208870358,0.30906747948833285,-1.4516013376253427,0.3458820214090377,-1.5364503162891454,0.4307310000728405,0.14518094634000994,0.17159542714901582,-2.670703790673903,1.5649844744575976,-2.738541152437459,1.632821836221154,5.190033867850881,42.196908991612084,0.17159542714901582,0.5933789592277746,False
CCNT2,small-sample glomerular sensitivity including donor-averaged GSE1009,GSE96804;GSE30528;GSE104948_H7;GSE1009_donor_averaged,GSE96804;GSE30528;GSE104948_H7;GSE1009_donor_averaged,4.0,0.5662408802670249,1.0540175568796764,0.8768012155550684,0.545299987992681,0.5823511219457816,-1.1691470517915328,2.301628812325583,-1.2870602961471498,2.4195420566811996,0.3754258026321574,0.402600187343994,-4.435525155517566,5.568006916051616,-4.512257228962019,5.644738989496069,22.323579418100294,86.56129492581483,0.402600187343994,0.8124637801297611,False
CCR1,small-sample glomerular sensitivity including donor-averaged GSE1009,GSE96804;GSE30528;GSE104948_H7;GSE1009_donor_averaged,GSE96804;GSE30528;GSE104948_H7;GSE1009_donor_averaged,4.0,1.2230090194719092,2.1998934658095886,0.9885650947981771,0.8019584973594234,0.8065833587077729,-1.329180837440462,3.7751988763842803,-1.343899210350966,3.7899172492947844,0.22466149740387756,0.22671143394078477,-6.031818388127423,8.477836427071242,-6.041303943640214,8.487321982584032,26.622588794952236,88.7313738603482,0.22671143394078477,0.6478651561154543,False
CCR10,small-sample glomerular sensitivity including donor-averaged GSE1009,GSE96804;GSE30528;GSE104948_H7;GSE1009_donor_averaged,GSE96804;GSE30528;GSE104948_H7,3.0,0.8937014703532157,0.0,0.40477384003168854,0.13659806013102063,0.2147030991788406,0.30596745405199866,1.4814354866544326,-0.030091405414292227,1.8174943461207236,0.022573654818822977,0.05315544663577097,-0.8419414482358344,2.6293443889422656,-1.8343600653043537,3.621763006010785,0.8095476800633771,0.0,0.05315544663577097,0.46872114987964925,False
CCR2,small-sample glomerular sensitivity including donor-averaged GSE1009,GSE96804;GSE30528;GSE104948_H7;GSE1009_donor_averaged,GSE96804;GSE30528;GSE104948_H7;GSE1009_donor_averaged,4.0,1.2656116186293163,0.2703294137188724,0.8212613368996072,0.3358680288955761,0.37061925325546974,0.1967296510076686,2.334493586250964,0.0861357454394398,2.4450874918191925,0.03270641385528988,0.04200087338289378,-1.3976461272156138,3.928869364474246,-1.4816516732575582,4.0128749105161905,6.144560697086209,51.17633061347055,0.04200087338289378,0.44789906593284123,False
CCR3,small-sample glomerular sensitivity including donor-averaged GSE1009,GSE96804;GSE30528;GSE104948_H7;GSE1009_donor_averaged,GSE96804;GSE30528;GSE104948_H7;GSE1009_donor_averaged,4.0,-0.12387370367174098,0.014838158439213728,0.8697947805846052,0.20150761248177632,0.21606432180978336,-0.7651608605009111,0.5174134531574291,-0.8114868063189161,0.5637393989754341,0.5822119806929775,0.606585225557353,-1.1369951800280946,0.8892477726846126,-1.1910872767267182,0.9433398693832362,2.8326924562515785,0.0,0.606585225557353,0.9874349929551088,False
CCR4,small-sample glomerular sensitivity including donor-averaged GSE1009,GSE96804;GSE30528;GSE104948_H7;GSE1009_donor_averaged,GSE96804;GSE30528;GSE104948_H7;GSE1009_donor_averaged,4.0,-0.04123524028437202,1.1366434730888626,0.9645266537125794,0.5950863677357899,0.6059305993619438,-1.9350656526098386,1.8525951720410945,-1.9695768374821327,1.8871063569133886,0.9491167260827651,0.9500254868019511,-5.2946513410585725,5.212180860489828,-5.3175496422025885,5.235079161633844,15.55783803313844,80.71711510551818,0.9500254868019511,1.0,False
CCR5,small-sample glomerular sensitivity including donor-averaged GSE1009,GSE96804;GSE30528;GSE104948_H7;GSE1009_donor_averaged,GSE96804;GSE30528;GSE104948_H7;GSE1009_donor_averaged,4.0,1.3199006798699902,0.4476393360358395,0.877850319112082,0.40754646816360995,0.43497760548022735,0.022905928031285328,2.616895431708695,-0.06439219357171355,2.704193553311694,0.04789997472095782,0.05611476103179238,-2.050846623479195,4.690647983219176,-2.1137263330351352,4.7535276927751156,8.89261950570422,66.26415874337552,0.05611476103179238,0.4690790195683884,False
CCR6,small-sample glomerular sensitivity including donor-averaged GSE1009,GSE96804;GSE30528;GSE104948_H7;GSE1009_donor_averaged,GSE96804;GSE30528;GSE104948_H7;GSE1009_donor_averaged,4.0,0.7405621204606555,0.1674131916439473,0.6801361545730603,0.26188132982813067,0.31754597097892745,-0.09286115007366302,1.5739853909949741,-0.2700108816389596,1.7511351225602705,0.06630695839260223,0.10194862524800521,-1.3496372706280182,2.830761511549329,-1.4878989715606776,2.9690232124819884,4.726061929683531,36.52220295384729,0.10194862524800521,0.5183491790207019,False
CCR7,small-sample glomerular sensitivity including donor-averaged GSE1009,GSE96804;GSE30528;GSE104948_H7;GSE1009_donor_averaged,GSE96804;GSE30528;GSE104948_H7;GSE1009_donor_averaged,4.0,0.7002300683693342,0.17269235466391222,0.904954034819847,0.30319121821849104,0.31871562677930515,-0.26465970384456894,1.6651198405832375,-0.3140653005106465,1.714525437249315,0.10407548871252477,0.11549139528236291,-1.513095938857608,2.913556075596276,-1.5531115408813916,2.95357167762006,4.872326985155103,38.42777775095282,0.11549139528236291,0.5382723958695843,False
CCR8,small-sample glomerular sensitivity including donor-averaged GSE1009,GSE96804;GSE30528;GSE104948_H7;GSE1009_donor_averaged,GSE96804;GSE30528;GSE104948_H7;GSE1009_donor_averaged,4.0,-0.017578842429612548,0.6619738143283783,0.9311911523195732,0.4704432763909069,0.48751484594545175,-1.5147393092254164,1.4795816243661912,-1.5690686626796715,1.5339109778204463,0.9725401739771719,0.9735011840178385,-4.061364447067246,4.02620676220802,-4.098627467751798,4.0634697828925725,11.338922044747976,73.54245854975645,0.9735011840178385,1.0,False
CCR9,small-sample glomerular sensitivity including donor-averaged GSE1009,GSE96804;GSE30528;GSE104948_H7;GSE1009_donor_averaged,GSE96804;GSE30528;GSE104948_H7;GSE1009_donor_averaged,4.0,0.21548195263943495,0.0,0.4534162716326031,0.13617927089786291,0.20223785664848828,-0.21790126488569803,0.6488651701645679,-0.4281291670400428,0.8590930723189126,0.21172284499835056,0.36479980602210904,-0.37045015902454637,0.8014140643034162,-0.6546773133278635,1.0856412186067335,1.3602488148978094,0.0,0.36479980602210904,0.7855882866525605,False
CCRL2,small-sample glomerular sensitivity including donor-averaged GSE1009,GSE96804;GSE30528;GSE104948_H7;GSE1009_donor_averaged,GSE30528;GSE104948_H7;GSE1009_donor_averaged,3.0,0.6535614227514294,0.7083022005116043,0.8100554456299471,0.546375294680386,0.6070628839608997,-1.6973017303728004,3.004424575875659,-1.9584193520525166,3.265542197555375,0.35420422610952396,0.39427726307433947,-12.095949533174206,13.403072378677066,-12.531705530497526,13.838828376000386,6.818409987767277,70.66764827007843,0.39427726307433947,0.8098930548828158,False
CD151,small-sample glomerular sensitivity including donor-averaged GSE1009,GSE96804;GSE30528;GSE104948_H7;GSE1009_donor_averaged,GSE96804;GSE30528;GSE104948_H7;GSE1009_donor_averaged,4.0,-0.3278962830245386,0.7904037288821804,0.9224426631797371,0.504402072007901,0.5251787817641556,-1.93312879346353,1.2773362274144526,-1.9992495566632742,1.3434569906141969,0.5619890318409252,0.5766552605336829,-4.725925501717043,4.070132935667965,-4.770719074164885,4.114926508115807,12.76630781450007,76.50064495082457,0.5766552605336829,0.9698177522168012,False
CD177,small-sample glomerular sensitivity including donor-averaged GSE1009,GSE96804;GSE30528;GSE104948_H7;GSE1009_donor_averaged,GSE96804;GSE30528;GSE104948_H7,3.0,-0.9451477333988216,0.30001615867249054,1.0501769028388257,0.40319260219429587,0.40319260219429587,-2.6799454838448975,0.7896500170472545,-2.6799454838448975,0.7896500170472545,0.14375330398083483,0.14375330398083483,-9.587052539857035,7.696757073059393,-9.587052539857035,7.696757073059393,5.494645734220622,63.600929036352404,0.14375330398083483,0.5742797806989474,False
CD19,small-sample glomerular sensitivity including donor-averaged GSE1009,GSE96804;GSE30528;GSE104948_H7;GSE1009_donor_averaged,GSE96804;GSE30528;GSE104948_H7;GSE1009_donor_averaged,4.0,0.6075045649616665,0.0,0.2885376506431037,0.11038858012895075,0.20550524073922666,0.25619883598477267,0.9588102939385603,-0.04650482914532428,1.2615139590686573,0.011809697883362382,0.05972841059340054,0.13254083933666932,1.0824682905866636,-0.27671312008278737,1.4917222500061205,0.8656129519293111,0.0,0.05972841059340054,0.4690790195683884,False
CD2,small-sample glomerular sensitivity including donor-averaged GSE1009,GSE96804;GSE30528;GSE104948_H7;GSE1009_donor_averaged,GSE96804;GSE30528;GSE104948_H7;GSE1009_donor_averaged,4.0,1.5452365855733843,0.7014920315877429,1.1906948204853978,0.5908356904542993,0.5908356904542993,-0.3350662745426489,3.4255394456894175,-0.3350662745426489,3.4255394456894175,0.0793190214797959,0.0793190214797959,-2.8648855880790594,5.955358759225828,-2.8648855880790594,5.955358759225828,12.139735700100598,75.28776512016535,0.0793190214797959,0.4929110620530174,False
CD244,small-sample glomerular sensitivity including donor-averaged GSE1009,GSE96804;GSE30528;GSE104948_H7;GSE1009_donor_averaged,GSE96804;GSE30528;GSE104948_H7,3.0,1.18285564763947,1.8207303070726746,1.0374966894460091,0.8383649515251177,0.8383649515251177,-2.424337599566353,4.7900488948452935,-2.424337599566353,4.7900488948452935,0.2937211104842223,0.2937211104842223,-19.001965802869705,21.367677098148647,-19.001965802869705,21.367677098148647,15.881180321030179,87.40647760701036,0.2937211104842223,0.7160354864099929,False
CD44,small-sample glomerular sensitivity including donor-averaged GSE1009,GSE96804;GSE30528;GSE104948_H7;GSE1009_donor_averaged,GSE96804;GSE30528;GSE104948_H7;GSE1009_donor_averaged,4.0,1.5849061631011585,1.7613765200526734,1.0621442771043652,0.7590608690063542,0.7590608690063542,-0.8307642949535539,4.00057662115587,-0.8307642949535539,4.00057662115587,0.12802306139706043,0.12802306139706043,-4.9934402980225085,8.163252624224825,-4.9934402980225085,8.163252624224825,15.35656598227856,80.46438244421317,0.12802306139706043,0.56952190798163,False
CD46,small-sample glomerular sensitivity including donor-averaged GSE1009,GSE96804;GSE30528;GSE104948_H7;GSE1009_donor_averaged,GSE96804;GSE30528;GSE104948_H7;GSE1009_donor_averaged,4.0,-0.46954953148742024,0.1684214871130884,0.7885436955368527,0.2804173262988696,0.3157853383272206,-1.3619626155047937,0.4228635525299533,-1.4745194147096492,0.5354203517348086,0.19263239395664838,0.23374554831621783,-2.608168621108785,1.6690695581339445,-2.697567093364123,1.7584680303892826,5.091397591620275,41.077082549247805,0.23374554831621783,0.65942493775689,False
CD47,small-sample glomerular sensitivity including donor-averaged GSE1009,GSE96804;GSE30528;GSE104948_H7;GSE1009_donor_averaged,GSE96804;GSE30528;GSE104948_H7;GSE1009_donor_averaged,4.0,-0.05370622039624381,0.0,0.7019939915306462,0.17004833570957806,0.20295777274587,-0.5948759180948341,0.48746347730234646,-0.6996084343999482,0.5921959936074606,0.7728293619962592,0.8084428161209903,-0.7853651562264128,0.6779527154339251,-0.9269630353251324,0.8195505945326447,2.1059819745919386,0.0,0.8084428161209903,1.0,False
CD48,small-sample glomerular sensitivity including donor-averaged GSE1009,GSE96804;GSE30528;GSE104948_H7;GSE1009_donor_averaged,GSE96804;GSE30528;GSE104948_H7;GSE1009_donor_averaged,4.0,1.690760850062361,2.842166864952841,1.0411921193815041,0.9260519462138851,0.9260519462138851,-1.2563497446668044,4.637871444791527,-1.2563497446668044,4.637871444791527,0.16536522196488548,0.16536522196488548,-6.58526509147104,9.966786791595762,-6.58526509147104,9.966786791595762,23.813431567655194,87.40206764624895,0.16536522196488548,0.5933789592277746,False
CD55,small-sample glomerular sensitivity including donor-averaged GSE1009,GSE96804;GSE30528;GSE104948_H7;GSE1009_donor_averaged,GSE96804;GSE30528;GSE104948_H7;GSE1009_donor_averaged,4.0,-0.10363382932165263,1.2632877300591452,1.032495034331632,0.6531909165717917,0.6531909165717917,-2.18237884841043,1.9751111897671247,-2.18237884841043,1.9751111897671247,0.8840173553551343,0.8840173553551343,-5.696993185860513,5.489725527217208,-5.696993185860513,5.489725527217208,15.309477438107276,80.40429523392739,0.8840173553551343,1.0,False
CD58,small-sample glomerular sensitivity including donor-averaged GSE1009,GSE96804;GSE30528;GSE104948_H7;GSE1009_donor_averaged,GSE96804;GSE30528;GSE104948_H7;GSE1009_donor_averaged,4.0,1.4310920208859137,0.1303664078992463,0.6818918190033055,0.2547821570148963,0.30853985427338365,0.6202614866416434,2.2419225551301842,0.44918050162081025,2.413003540151017,0.011156124227926964,0.01888489445303923,-0.4702733227027376,3.332457364474565,-0.6123883322511825,3.47457237402301,3.8297725089424475,21.66636548267408,0.01888489445303923,0.44789906593284123,False
CD59,small-sample glomerular sensitivity including donor-averaged GSE1009,GSE96804;GSE30528;GSE104948_H7;GSE1009_donor_averaged,GSE30528;GSE104948_H7;GSE1009_donor_averaged,3.0,0.3518276401754922,0.0,1.6815724833607681,0.40041306292054824,0.40041306292054824,-1.3710107180269477,2.074665998377932,-1.3710107180269477,2.074665998377932,0.4722582344879713,0.4722582344879713,-4.735902716331793,5.439557996682778,-4.735902716331793,5.439557996682778,3.3631449667215363,40.53185278095099,0.4722582344879713,0.8846368363734007,False
CD74,small-sample glomerular sensitivity including donor-averaged GSE1009,GSE96804;GSE30528;GSE104948_H7;GSE1009_donor_averaged,GSE96804;GSE30528;GSE104948_H7;GSE1009_donor_averaged,4.0,0.36458849216347267,0.23702504695045182,0.7976405534978502,0.3066478548862093,0.34334941983346007,-0.6113018406423187,1.340478824969264,-0.7281026004068268,1.4572795847337723,0.31999327021252794,0.36620654486358184,-2.1110561671307306,2.8402331514576757,-2.1987017357012624,2.9278787200282075,6.483885956740175,53.73145024425639,0.36620654486358184,0.7855882866525605,False
CD81,small-sample glomerular sensitivity including donor-averaged GSE1009,GSE96804;GSE30528;GSE104948_H7;GSE1009_donor_averaged,GSE96804;GSE30528;GSE104948_H7;GSE1009_donor_averaged,4.0,-0.5711420268657881,0.10811906768062186,0.8187660253385735,0.25517569955952824,0.2820066875634404,-1.3832249891271942,0.240940935395618,-1.468613167767356,0.3263291140357797,0.11114387848280712,0.13596170853129316,-2.3619643222030255,1.2196802684714496,-2.4349747070352032,1.2926906533036269,4.000013221617414,25.000247904507095,0.13596170853129316,0.5742797806989474,False
CD84,small-sample glomerular sensitivity including donor-averaged GSE1009,GSE96804;GSE30528;GSE104948_H7;GSE1009_donor_averaged,GSE96804;GSE30528;GSE104948_H7;GSE1009_donor_averaged,4.0,0.8234739160811568,0.0,0.39979187984281017,0.13217026053737954,0.20903391840829383,0.40284915876558824,1.2440986733967254,0.1582346947637061,1.4887131373986076,0.008337648635739249,0.029147457709290316,0.2547911837883031,1.3921566483740104,-0.07592644356851486,1.7228742757308284,1.1993756395284305,0.0,0.029147457709290316,0.44789906593284123,False
CD99,small-sample glomerular sensitivity including donor-averaged GSE1009,GSE96804;GSE30528;GSE104948_H7;GSE1009_donor_averaged,GSE96804;GSE30528;GSE104948_H7;GSE1009_donor_averaged,4.0,0.503769059704044,0.1216470412808686,0.9442321985546057,0.2810239236329601,0.28920373010481737,-0.39057448775800074,1.3981126071660888,-0.4166062826422987,1.4241444020503866,0.17093925851083347,0.1798871264872717,-1.4234230891595732,2.430961208567661,-1.4456975051015952,2.4532356245096834,4.435471181899638,32.363442868427114,0.1798871264872717,0.5947202766266613,False
CD99L2,small-sample glomerular sensitivity including donor-averaged GSE1009,GSE96804;GSE30528;GSE104948_H7;GSE1009_donor_averaged,GSE96804,1.0,,,,,,,,,,,,,,,,,,1.0,1.0,False
CDH1,small-sample glomerular sensitivity including donor-averaged GSE1009,GSE96804;GSE30528;GSE104948_H7;GSE1009_donor_averaged,GSE96804;GSE30528;GSE104948_H7;GSE1009_donor_averaged,4.0,0.25852796559948243,0.0,0.9671005973639141,0.20099064226693436,0.20438076115181353,-0.38111396127952224,0.8981698924784871,-0.39190283259917846,0.9089587637981433,0.28862916162966074,0.2952220838615608,-0.6062649700044402,1.123320901203405,-0.6208514742786408,1.1379074054776057,2.901301792091742,0.0,0.2952220838615608,0.7160354864099929,False
CDK8,small-sample glomerular sensitivity including donor-averaged GSE1009,GSE96804;GSE30528;GSE104948_H7;GSE1009_donor_averaged,GSE96804;GSE30528;GSE104948_H7;GSE1009_donor_averaged,4.0,0.8272570263023497,0.8605660157429998,0.9096815607693695,0.5300871324161109,0.5557795544265055,-0.8597168097337381,2.5142308623384375,-0.9414815632345083,2.5959956158392075,0.21652962628799313,0.23337159288437198,-3.7698578800570757,5.424371932661775,-3.825693244384809,5.480207296989509,14.130614407680737,78.76950064981362,0.23337159288437198,0.65942493775689,False
CDK9,small-sample glomerular sensitivity including donor-averaged GSE1009,GSE96804;GSE30528;GSE104948_H7;GSE1009_donor_averaged,GSE30528;GSE104948_H7;GSE1009_donor_averaged,3.0,0.1307843528143695,0.07756496561236172,1.0464143981381278,0.36176330595588563,0.36176330595588563,-1.4257575230799115,1.6873262287086506,-1.4257575230799115,1.6873262287086506,0.7523316443019938,0.7523316443019938,-5.670229977475655,5.931798683104395,-5.670229977475655,5.931798683104395,2.566075161901191,22.05996029678994,0.7523316443019938,1.0,False
CDKN2B,small-sample glomerular sensitivity including donor-averaged GSE1009,GSE96804;GSE30528;GSE104948_H7;GSE1009_donor_averaged,GSE96804;GSE30528;GSE104948_H7;GSE1009_donor_averaged,4.0,1.3609514991819527,1.553067676515714,1.0185195579965463,0.7032832398300255,0.7032832398300255,-0.8772096489830679,3.5991126473469732,-0.8772096489830679,3.5991126473469732,0.14841657561953223,0.14841657561953223,-4.796015253562838,7.517918251926743,-4.796015253562838,7.517918251926743,14.850410509358502,79.79853824169072,0.14841657561953223,0.5810508935504687,False
CEACAM1,small-sample glomerular sensitivity including donor-averaged GSE1009,GSE96804;GSE30528;GSE104948_H7;GSE1009_donor_averaged,GSE96804;GSE30528;GSE104948_H7;GSE1009_donor_averaged,4.0,-0.7295874558516688,0.0,0.5231814804073273,0.15038509272555697,0.20791154549475796,-1.2081799385658654,-0.25099497313747227,-1.3912547856372868,-0.06792012606605091,0.016715390570719878,0.03922255281110062,-1.3766422855809126,-0.08253262612242518,-1.6241586346211188,0.16498372291778096,1.5695444412219817,0.0,0.03922255281110062,0.44789906593284123,False
CEACAM3,small-sample glomerular sensitivity including donor-averaged GSE1009,GSE96804;GSE30528;GSE104948_H7;GSE1009_donor_averaged,GSE96804;GSE30528;GSE104948_H7;GSE1009_donor_averaged,4.0,-0.34739494273973776,0.0,0.7994457232117499,0.18175744306629343,0.20328143262064685,-0.9258282458838771,0.23103836040440168,-0.9943271869160943,0.2995373014366188,0.15192994291658682,0.18599527934769206,-1.1294341013012077,0.4346442158217321,-1.2220443537123453,0.5272544682328697,2.3983371696352496,0.0,0.18599527934769206,0.6077446457008835,False
CEACAM5,small-sample glomerular sensitivity including donor-averaged GSE1009,GSE96804;GSE30528;GSE104948_H7;GSE1009_donor_averaged,GSE96804;GSE30528;GSE104948_H7;GSE1009_donor_averaged,4.0,-0.1700107877764089,0.1635360746772794,1.7839340335538278,0.4258737823587433,0.4258737823587433,-1.5253312329611894,1.1853096574083715,-1.5253312329611894,1.1853096574083715,0.7164622282200697,0.7164622282200697,-2.6968974269107338,2.3568758513579158,-2.6968974269107338,2.3568758513579158,7.7934911931888795,61.50634002612527,0.7164622282200697,1.0,False
CEACAM6,small-sample glomerular sensitivity including donor-averaged GSE1009,GSE96804;GSE30528;GSE104948_H7;GSE1009_donor_averaged,GSE96804;GSE30528;GSE104948_H7;GSE1009_donor_averaged,4.0,-0.38982543086402227,0.4626155823689862,0.997186513341684,0.4276120164740121,0.4282148291283258,-1.7506777127866582,0.9710268510586135,-1.7525961316911571,0.9729452699631125,0.429177992058776,0.42975682959472006,-3.8466196361098066,3.066968774381762,-3.848000817066269,3.0683499553382245,8.487193176460227,64.65262498889867,0.42975682959472006,0.8455915625271179,False
CEACAM8,small-sample glomerular sensitivity including donor-averaged GSE1009,GSE96804;GSE30528;GSE104948_H7;GSE1009_donor_averaged,GSE96804;GSE30528;GSE104948_H7;GSE1009_donor_averaged,4.0,0.06535106123313206,0.1905705559470951,0.8447034519334405,0.29683091468095385,0.3229661421567227,-0.879297386487253,1.0099995089535172,-0.9624713446052628,1.093173467071527,0.8398756565532753,0.8525910355946003,-2.2060223217557384,2.3367244442220025,-2.2711030158426135,2.4018051383088777,5.6916728415614095,47.29141882341566,0.8525910355946003,1.0,False
CFB,small-sample glomerular sensitivity including donor-averaged GSE1009,GSE96804;GSE30528;GSE104948_H7;GSE1009_donor_averaged,GSE96804;GSE30528;GSE104948_H7;GSE1009_donor_averaged,4.0,1.2617126665541267,0.37473137354427144,0.9918572171293586,0.40716351746581914,0.40883143256671006,-0.034063365251287836,2.557488698359541,-0.039371415501645135,2.5627967486098986,0.053346079115428095,0.053875994239040145,-1.901581419527714,4.4250067526359675,-1.9055614949970052,4.428986828105259,7.9180654518649085,62.11195754521803,0.053875994239040145,0.46872114987964925,False
CFD,small-sample glomerular sensitivity including donor-averaged GSE1009,GSE96804;GSE30528;GSE104948_H7;GSE1009_donor_averaged,GSE96804;GSE30528;GSE104948_H7;GSE1009_donor_averaged,4.0,1.3390781506157254,1.85360987949349,0.9933279039692722,0.7489275998188111,0.7514386306407792,-1.0443437223526453,3.722500023584096,-1.052334943114471,3.730491244345922,0.17173406106640798,0.1727669715755274,-5.346671627885623,8.024827929117073,-5.3518856454139705,8.030041946645422,20.189325688924534,85.14066271343704,0.1727669715755274,0.5933789592277746,False
CFH,small-sample glomerular sensitivity including donor-averaged GSE1009,GSE96804;GSE30528;GSE104948_H7;GSE1009_donor_averaged,GSE96804;GSE30528;GSE104948_H7;GSE1009_donor_averaged,4.0,0.30178505726284693,1.4606803575263478,1.1012277592565536,0.718145503404565,0.718145503404565,-1.9836744467031193,2.5872445612288133,-1.9836744467031193,2.5872445612288133,0.7026023533416722,0.7026023533416722,-5.747097904216823,6.350668018742517,-5.747097904216823,6.350668018742517,17.094051153665415,82.45003496811977,0.7026023533416722,1.0,False
CFHR1,small-sample glomerular sensitivity including donor-averaged GSE1009,GSE96804;GSE30528;GSE104948_H7;GSE1009_donor_averaged,GSE96804;GSE1009_donor_averaged,2.0,1.0560770563851765,0.0,0.9319889593645886,0.27070140660075287,0.2804045966007323,-2.3835104382544614,4.495664551024814,-2.506801156988203,4.618955269758556,0.15974373331347783,0.1652201081569619,,,,,0.9319889593645886,0.0,0.1652201081569619,0.5933789592277746,False
CFHR2,small-sample glomerular sensitivity including donor-averaged GSE1009,GSE96804;GSE30528;GSE104948_H7;GSE1009_donor_averaged,GSE96804;GSE30528;GSE104948_H7;GSE1009_donor_averaged,4.0,0.13866483003517294,0.9590611723799187,1.0540894777612535,0.5904170478603754,0.5904170478603754,-1.7403057225045928,2.0176353825749387,-1.7403057225045928,2.0176353825749387,0.8294356355184317,0.8294356355184317,-4.781533727898223,5.058863387968568,-4.781533727898223,5.058863387968568,12.732236494733085,76.4377609445049,0.8294356355184317,1.0,False
CFHR3,small-sample glomerular sensitivity including donor-averaged GSE1009,GSE96804;GSE30528;GSE104948_H7;GSE1009_donor_averaged,GSE96804;GSE1009_donor_averaged,2.0,0.5113522520501202,0.0,0.06426071112050029,0.06787414466700081,0.2677513111168679,-0.3510705263815318,1.3737750304817724,-2.8907507253800104,3.913455229480251,0.0840103992439012,0.30707993192276783,,,,,0.06426071112050029,0.0,0.30707993192276783,0.7213763421639359,False
CFHR4,small-sample glomerular sensitivity including donor-averaged GSE1009,GSE96804;GSE30528;GSE104948_H7;GSE1009_donor_averaged,GSE96804;GSE30528;GSE1009_donor_averaged,3.0,0.8842963629699555,0.0,0.22484825719583543,0.1121189164459577,0.23644717474780583,0.4018876010672038,1.3667051248727073,-0.13305371890023932,1.9016464448401504,0.01569788500154394,0.06463960325831161,-0.540309544190447,2.308902270130358,-2.1200498486657406,3.8886425746056514,0.44969651439167085,0.0,0.06463960325831161,0.4710568535851224,False
CFHR5,small-sample glomerular sensitivity including donor-averaged GSE1009,GSE96804;GSE30528;GSE104948_H7;GSE1009_donor_averaged,GSE96804;GSE30528;GSE104948_H7,3.0,-0.36091175964508976,0.0,0.21882068307608982,0.09672258765493037,0.20676818813847878,-0.7770754654470076,0.05525194615682799,-1.2505634687644658,0.5287399494742862,0.06490699686715924,0.22301599500886377,-1.589888761001238,0.8680652417110586,-2.988150691060489,2.2663271717703095,0.43764136615217963,0.0,0.22301599500886377,0.6478651561154543,False
CFI,small-sample glomerular sensitivity including donor-averaged GSE1009,GSE96804;GSE30528;GSE104948_H7;GSE1009_donor_averaged,GSE96804;GSE30528;GSE104948_H7;GSE1009_donor_averaged,4.0,0.530421260034116,0.12214302062912438,0.6989698263028092,0.24220904111016212,0.2897084324409658,-0.24039600795322902,1.3012385280214611,-0.3915602703971701,1.4524027904654022,0.11626181698829241,0.16452547861540223,-1.2991334668099541,2.359975986878186,-1.4227840309579172,2.4836265510261493,4.088039651456766,26.615193203154107,0.16452547861540223,0.5933789592277746,False
CFP,small-sample glomerular sensitivity including donor-averaged GSE1009,GSE96804;GSE30528;GSE104948_H7;GSE1009_donor_averaged,GSE96804;GSE30528;GSE104948_H7;GSE1009_donor_averaged,4.0,0.5836451407492013,1.611796797626719,0.9357156968432389,0.6778483855543634,0.7007459695980405,-1.5735709494008088,2.7408612308992115,-1.646441281140532,2.8137315626389348,0.4525423055754965,0.4660125499420983,-5.608700666134384,6.775990947632787,-5.6557082850884965,6.822998566586899,23.943158477249114,87.47032475748505,0.4660125499420983,0.8796333734831719,False
CGN,small-sample glomerular sensitivity including donor-averaged GSE1009,GSE96804;GSE30528;GSE104948_H7;GSE1009_donor_averaged,GSE96804,1.0,,,,,,,,,,,,,,,,,,1.0,1.0,False
CITED2,small-sample glomerular sensitivity including donor-averaged GSE1009,GSE96804;GSE30528;GSE104948_H7;GSE1009_donor_averaged,GSE96804;GSE30528;GSE104948_H7;GSE1009_donor_averaged,4.0,-1.3330578561846396,0.0,0.440531243554888,0.14798370305090341,0.22295926965716156,-1.8040080452011886,-0.8621076671680906,-2.0426137601338272,-0.6235019522354519,0.002888193483578528,0.00936496134106466,-1.9697803400750429,-0.6963353722942363,-2.292374166397972,-0.37374154597130704,1.321593730664664,0.0,0.00936496134106466,0.44789906593284123,False
CLU,small-sample glomerular sensitivity including donor-averaged GSE1009,GSE96804;GSE30528;GSE104948_H7;GSE1009_donor_averaged,GSE96804;GSE30528;GSE104948_H7;GSE1009_donor_averaged,4.0,1.303298813276614,0.3681724376073624,0.9729749721250891,0.4017859279118915,0.4073276461193179,0.02463667147842874,2.5819609550747993,0.007000450844281136,2.5995971757089467,0.04771449783633192,0.049345711750123415,-1.8279103197745816,4.434507946327809,-1.8411375257038616,4.447735152257089,7.120679782836067,57.86919098326393,0.049345711750123415,0.46872114987964925,False
CMA1,small-sample glomerular sensitivity including donor-averaged GSE1009,GSE96804;GSE30528;GSE104948_H7;GSE1009_donor_averaged,GSE96804;GSE30528;GSE104948_H7;GSE1009_donor_averaged,4.0,0.6136467952144111,0.0,0.1457144999235465,0.07861782715331372,0.205953725102941,0.3634497816609147,0.8638438087679076,-0.041789876298859885,1.269083466727682,0.004377173181285691,0.05861872384833458,0.27538158660623446,0.9519120038225878,-0.2725005623018282,1.4997941527306504,0.43714349977063943,0.0,0.05861872384833458,0.4690790195683884,False
COL10A1,small-sample glomerular sensitivity including donor-averaged GSE1009,GSE96804;GSE30528;GSE104948_H7;GSE1009_donor_averaged,GSE96804;GSE30528;GSE104948_H7;GSE1009_donor_averaged,4.0,1.4203495628566847,0.0367669515853714,0.6834202314885908,0.20906744941785035,0.2528963174227808,0.7550036309017584,2.085695494811611,0.6155206118547002,2.225178513858669,0.006520281390605385,0.011159408732244561,0.19975932843947408,2.6409397972738953,0.0548181434048749,2.7858809823084947,2.5168737510925636,0.0,0.011159408732244561,0.44789906593284123,False
COL11A1,small-sample glomerular sensitivity including donor-averaged GSE1009,GSE96804;GSE30528;GSE104948_H7;GSE1009_donor_averaged,GSE96804;GSE30528;GSE104948_H7;GSE1009_donor_averaged,4.0,1.192063984190621,0.48621294548645316,0.8692261210337607,0.4193170889671921,0.44975518388421204,-0.14239013633533926,2.5265181047165814,-0.23925773904388414,2.6233857074251263,0.06549173658269497,0.07696268270757434,-2.3088249559448846,4.692952924326127,-2.378081844915249,4.762209813296492,8.119885034853368,63.05366409594523,0.07696268270757434,0.4929110620530174,False
COL11A2,small-sample glomerular sensitivity including donor-averaged GSE1009,GSE96804;GSE30528;GSE104948_H7;GSE1009_donor_averaged,GSE96804;GSE30528;GSE104948_H7;GSE1009_donor_averaged,4.0,0.3176775141176476,0.898906942621678,0.8935133565866996,0.5203052808563344,0.5504371142846922,-1.3381661045631958,1.973521132798491,-1.434059046528697,2.0694140747639924,0.5846362969879145,0.6043084207333439,-4.335606160081204,4.970961188316499,-4.39934867501481,5.034703703250106,16.89040017101621,82.2384314780891,0.6043084207333439,0.9874349929551088,False
COL12A1,small-sample glomerular sensitivity including donor-averaged GSE1009,GSE96804;GSE30528;GSE104948_H7;GSE1009_donor_averaged,GSE96804,1.0,,,,,,,,,,,,,,,,,,1.0,1.0,False
COL13A1,small-sample glomerular sensitivity including donor-averaged GSE1009,GSE96804;GSE30528;GSE104948_H7;GSE1009_donor_averaged,GSE96804;GSE30528;GSE104948_H7;GSE1009_donor_averaged,4.0,1.2014775032288745,0.6611936198821372,0.9213501029094847,0.48694138550419774,0.507299393123572,-0.3481873099586892,2.751142316416438,-0.4129755760899043,2.8159305825476535,0.09027266600195848,0.09864849761666536,-2.8765329301049274,5.279487936562676,-2.922220191345186,5.325175197802935,11.38473717866715,73.64893055571424,0.09864849761666536,0.5183491790207019,False
COL14A1,small-sample glomerular sensitivity including donor-averaged GSE1009,GSE96804;GSE30528;GSE104948_H7;GSE1009_donor_averaged,GSE96804;GSE30528;GSE104948_H7;GSE1009_donor_averaged,4.0,1.3056413529516258,0.0,0.6160725015667298,0.17449683332585977,0.22231646990361909,0.7503145504500364,1.8609681554532151,0.5981311247031366,2.013151581200115,0.00494444178738306,0.009847922045772563,0.5548420767094784,2.056440629193773,0.349090786852555,2.2621919190506965,1.8482175047001892,0.0,0.009847922045772563,0.44789906593284123,False
COL15A1,small-sample glomerular sensitivity including donor-averaged GSE1009,GSE96804;GSE30528;GSE104948_H7;GSE1009_donor_averaged,GSE96804;GSE30528;GSE104948_H7;GSE1009_donor_averaged,4.0,1.7259329892573019,0.9315144965867421,1.1117716241257816,0.6027889140571349,0.6027889140571349,-0.1924103631498053,3.6442763416644093,-0.1924103631498053,3.6442763416644093,0.06440542289722608,0.06440542289722608,-3.1701549242653915,6.622020902779996,-3.1701549242653915,6.622020902779996,9.686638563127795,69.02950409010299,0.06440542289722608,0.4710568535851224,False
COL16A1,small-sample glomerular sensitivity including donor-averaged GSE1009,GSE96804;GSE30528;GSE104948_H7;GSE1009_donor_averaged,GSE96804;GSE30528;GSE104948_H7;GSE1009_donor_averaged,4.0,1.8515926481584308,0.0,0.5809449779790624,0.1823033017087758,0.23918119610083066,1.2714221791943163,2.4317631171225456,1.0904113343340043,2.6127739619828576,0.002033601939483623,0.004482531671960834,1.067204849418827,2.6359804468980346,0.8224790218504505,2.8807062744664114,1.7428349339371871,0.0,0.004482531671960834,0.44789906593284123,False
COL17A1,small-sample glomerular sensitivity including donor-averaged GSE1009,GSE96804;GSE30528;GSE104948_H7;GSE1009_donor_averaged,GSE30528;GSE104948_H7;GSE1009_donor_averaged,3.0,-0.21081799625792008,0.44479071272419907,1.2043949120373862,0.579452221137144,0.579452221137144,-2.7039996772930417,2.2823636847772013,-2.7039996772930417,2.2823636847772013,0.7508510499716704,0.7508510499716704,-11.4366300757267,11.014994083210862,-11.4366300757267,11.014994083210862,4.635495295099304,56.854664438675584,0.7508510499716704,1.0,False
COL18A1,small-sample glomerular sensitivity including donor-averaged GSE1009,GSE96804;GSE30528;GSE104948_H7;GSE1009_donor_averaged,GSE96804;GSE30528;GSE104948_H7;GSE1009_donor_averaged,4.0,0.36844741487959076,0.03602794526794199,1.330843849518431,0.27380328029914497,0.27380328029914497,-0.5029168228829826,1.239811652642164,-0.5029168228829826,1.239811652642164,0.2710755223970423,0.2710755223970423,-1.0650282169409722,1.801923046700154,-1.0650282169409722,1.801923046700154,4.484701664208285,33.10591819423488,0.2710755223970423,0.6959086361865053,False
COL19A1,small-sample glomerular sensitivity including donor-averaged GSE1009,GSE96804;GSE30528;GSE104948_H7;GSE1009_donor_averaged,GSE96804;GSE30528;GSE104948_H7;GSE1009_donor_averaged,4.0,-0.21374156958652366,0.006285255421879868,1.4920315035682308,0.2575406256653255,0.2575406256653255,-1.0333507821955932,0.6058676430225458,-1.0333507821955932,0.6058676430225458,0.46744873722458724,0.46744873722458724,-1.3731642148910874,0.94568107571804,-1.3731642148910874,0.94568107571804,4.566071182848674,34.29800193941864,0.46744873722458724,0.8798374068433937,False
COL1A1,small-sample glomerular sensitivity including donor-averaged GSE1009,GSE96804;GSE30528;GSE104948_H7;GSE1009_donor_averaged,GSE96804;GSE30528;GSE104948_H7;GSE1009_donor_averaged,4.0,1.8027093542538437,0.24999750967704099,1.0328629370121445,0.38075805047535893,0.38075805047535893,0.5909673033115102,3.0144514051961773,0.5909673033115102,3.0144514051961773,0.017862645284001083,0.017862645284001083,-0.9013776490409269,4.506796357548614,-0.9013776490409269,4.506796357548614,5.728607474628906,47.63125221466955,0.017862645284001083,0.44789906593284123,False
COL1A2,small-sample glomerular sensitivity including donor-averaged GSE1009,GSE96804;GSE30528;GSE104948_H7;GSE1009_donor_averaged,GSE96804;GSE30528;GSE104948_H7;GSE1009_donor_averaged,4.0,1.8614155733133555,0.2958086335128172,1.0029652268780083,0.3949145053517662,0.3949145053517662,0.6046213648536842,3.118209781773027,0.6046213648536842,3.118209781773027,0.018080072171430518,0.018080072171430518,-1.0305499735082924,4.753381120135003,-1.0305499735082924,4.753381120135003,6.1265701731717686,51.03296109890342,0.018080072171430518,0.44789906593284123,False
COL20A1,small-sample glomerular sensitivity including donor-averaged GSE1009,GSE96804;GSE30528;GSE104948_H7;GSE1009_donor_averaged,GSE96804,1.0,,,,,,,,,,,,,,,,,,1.0,1.0,False
COL21A1,small-sample glomerular sensitivity including donor-averaged GSE1009,GSE96804;GSE30528;GSE104948_H7;GSE1009_donor_averaged,GSE96804;GSE30528;GSE104948_H7;GSE1009_donor_averaged,4.0,1.012332495040101,0.6821375679338895,1.0444341533071668,0.5084871633772584,0.5084871633772584,-0.6059005993340483,2.63056558941425,-0.6059005993340483,2.63056558941425,0.14056497405977225,0.14056497405977225,-3.1607898773688703,5.185454867449073,-3.1607898773688703,5.185454867449073,9.702967651875598,69.08162422431559,0.14056497405977225,0.5742797806989474,False
COL22A1,small-sample glomerular sensitivity including donor-averaged GSE1009,GSE96804;GSE30528;GSE104948_H7;GSE1009_donor_averaged,GSE96804,1.0,,,,,,,,,,,,,,,,,,1.0,1.0,False
COL23A1,small-sample glomerular sensitivity including donor-averaged GSE1009,GSE96804;GSE30528;GSE104948_H7;GSE1009_donor_averaged,GSE96804,1.0,,,,,,,,,,,,,,,,,,1.0,1.0,False
COL24A1,small-sample glomerular sensitivity including donor-averaged GSE1009,GSE96804;GSE30528;GSE104948_H7;GSE1009_donor_averaged,GSE96804,1.0,,,,,,,,,,,,,,,,,,1.0,1.0,False
COL25A1,small-sample glomerular sensitivity including donor-averaged GSE1009,GSE96804;GSE30528;GSE104948_H7;GSE1009_donor_averaged,GSE96804,1.0,,,,,,,,,,,,,,,,,,1.0,1.0,False
COL26A1,small-sample glomerular sensitivity including donor-averaged GSE1009,GSE96804;GSE30528;GSE104948_H7;GSE1009_donor_averaged,,0.0,,,,,,,,,,,,,,,,,,1.0,1.0,False
COL27A1,small-sample glomerular sensitivity including donor-averaged GSE1009,GSE96804;GSE30528;GSE104948_H7;GSE1009_donor_averaged,GSE96804,1.0,,,,,,,,,,,,,,,,,,1.0,1.0,False
COL28A1,small-sample glomerular sensitivity including donor-averaged GSE1009,GSE96804;GSE30528;GSE104948_H7;GSE1009_donor_averaged,GSE96804,1.0,,,,,,,,,,,,,,,,,,1.0,1.0,False
COL2A1,small-sample glomerular sensitivity including donor-averaged GSE1009,GSE96804;GSE30528;GSE104948_H7;GSE1009_donor_averaged,GSE96804;GSE30528;GSE104948_H7;GSE1009_donor_averaged,4.0,0.43301006157501337,0.9184894059930364,0.9072400215207862,0.5260515495583462,0.5522900309455117,-1.2411207487057148,2.1071408718557416,-1.3246233068525548,2.1906434300025817,0.47076559379271593,0.49023101015251647,-4.27091241293912,5.136932536089146,-4.326263962050824,5.19228408520085,17.15432814458086,82.5117021505286,0.49023101015251647,0.9013882295331801,False
COL3A1,small-sample glomerular sensitivity including donor-averaged GSE1009,GSE96804;GSE30528;GSE104948_H7;GSE1009_donor_averaged,GSE30528;GSE104948_H7;GSE1009_donor_averaged,3.0,0.9725703099559182,1.0199481705413371,2.610026395985413,1.2555956105575636,1.2555956105575636,-4.429821571271026,6.374962191182862,-4.429821571271026,6.374962191182862,0.51961928785099,0.51961928785099,-19.501650305135588,21.446790925047427,-19.501650305135588,21.446790925047427,8.062137173000428,75.19268207569242,0.51961928785099,0.9336404028970482,False
COL4A1,small-sample glomerular sensitivity including donor-averaged GSE1009,GSE96804;GSE30528;GSE104948_H7;GSE1009_donor_averaged,GSE96804;GSE30528;GSE104948_H7;GSE1009_donor_averaged,4.0,0.8736699845486957,0.3144224469250183,1.0093739530885313,0.38088433613977285,0.38088433613977285,-0.33847396373976224,2.0858139328371537,-0.33847396373976224,2.0858139328371537,0.10558791990346675,0.10558791990346675,-2.0429298282244854,3.7902697973218773,-2.0429298282244854,3.7902697973218773,6.555115283925403,54.234214501815615,0.10558791990346675,0.5232616536988257,False
COL4A2,small-sample glomerular sensitivity including donor-averaged GSE1009,GSE96804;GSE30528;GSE104948_H7;GSE1009_donor_averaged,GSE96804;GSE30528;GSE104948_H7;GSE1009_donor_averaged,4.0,1.0586990948767252,1.1083025739540182,0.9849374374441782,0.6190791784071318,0.6237949792455606,-0.9114871491231247,3.028885338876575,-0.9264949320778364,3.043893121831287,0.18577212027894305,0.18822724041544417,-4.196109392769941,6.313507582523391,-4.2064237530875985,6.3238219428410485,14.132443539979109,78.77224846847373,0.18822724041544417,0.6077446457008835,False
COL4A3,small-sample glomerular sensitivity including donor-averaged GSE1009,GSE96804;GSE30528;GSE104948_H7;GSE1009_donor_averaged,GSE96804;GSE30528;GSE104948_H7;GSE1009_donor_averaged,4.0,-0.6423747134439086,0.0,1.4510785616339057,0.2530417613651251,0.2530417613651251,-1.4476665319828326,0.16291710509501534,-1.4476665319828326,0.16291710509501534,0.08478243862293366,0.08478243862293366,-1.731125538722176,0.44637611183435877,-1.731125538722176,0.44637611183435877,4.353235684901717,31.08574363651228,0.08478243862293366,0.5024614639634051,False
COL4A4,small-sample glomerular sensitivity including donor-averaged GSE1009,GSE96804;GSE30528;GSE104948_H7;GSE1009_donor_averaged,GSE96804;GSE30528;GSE104948_H7;GSE1009_donor_averaged,4.0,-0.4926779267407292,0.29330406326351466,1.134592848666426,0.4002644862822754,0.4002644862822754,-1.7664981622460378,0.7811423087645796,-1.7664981622460378,0.7811423087645796,0.30606995833565204,0.30606995833565204,-3.3902381358846876,2.4048822824032294,-3.3902381358846876,2.4048822824032294,6.66868923218926,55.01364817662778,0.30606995833565204,0.7213763421639359,False
COL4A5,small-sample glomerular sensitivity including donor-averaged GSE1009,GSE96804;GSE30528;GSE104948_H7;GSE1009_donor_averaged,GSE96804;GSE30528;GSE104948_H7;GSE1009_donor_averaged,4.0,-1.2272040442972423,0.7876666590761048,0.9727568656123623,0.5440440139376168,0.5516096863123509,-2.9585949063647288,0.5041868177702444,-2.9826722524606883,0.5282641638662038,0.10935906844468904,0.11254260531047593,-5.70620260391175,3.251794515317265,-5.723300959854379,3.268892871259894,12.602910729048359,76.19597516401254,0.11254260531047593,0.5276698201083991,False
COL4A6,small-sample glomerular sensitivity including donor-averaged GSE1009,GSE96804;GSE30528;GSE104948_H7;GSE1009_donor_averaged,GSE96804;GSE30528;GSE104948_H7;GSE1009_donor_averaged,4.0,0.23552411162232498,0.120910263695276,1.4052748203291674,0.3453490800760153,0.3453490800760153,-0.8635307922987172,1.3345790155433672,-0.8635307922987172,1.3345790155433672,0.544180994869734,0.544180994869734,-1.87311047563745,2.3441586988821,-1.87311047563745,2.3441586988821,5.7867603175613915,48.15752104168304,0.544180994869734,0.9453366921446122,False
COL5A1,small-sample glomerular sensitivity including donor-averaged GSE1009,GSE96804;GSE30528;GSE104948_H7;GSE1009_donor_averaged,GSE96804;GSE30528;GSE104948_H7,3.0,1.5283531090171767,0.6098709772478679,1.0595603799453315,0.5340008588795245,0.5340008588795245,-0.7692671441293668,3.82597336216372,-0.7692671441293668,3.82597336216372,0.10347445297239566,0.10347445297239566,-10.492468003958349,13.549174221992702,-10.492468003958349,13.549174221992702,7.52162300644439,73.40999411581201,0.10347445297239566,0.5193621581883706,False
COL5A2,small-sample glomerular sensitivity including donor-averaged GSE1009,GSE96804;GSE30528;GSE104948_H7;GSE1009_donor_averaged,GSE96804;GSE30528;GSE104948_H7;GSE1009_donor_averaged,4.0,1.5446794047795689,1.0416994728859357,1.0721736880250217,0.6151545047832145,0.6151545047832145,-0.4130167761464012,3.502375585705539,-0.4130167761464012,3.502375585705539,0.08685784459194539,0.08685784459194539,-3.5827298380052537,6.672088647564392,-3.5827298380052537,6.672088647564392,10.818346701323108,72.26933021444863,0.08685784459194539,0.5075350172798003,False
COL5A3,small-sample glomerular sensitivity including donor-averaged GSE1009,GSE96804;GSE30528;GSE104948_H7;GSE1009_donor_averaged,GSE96804;GSE30528;GSE104948_H7,3.0,0.7427514902436955,0.2002439658925272,0.9118518804811958,0.3274587627840541,0.34292130484707517,-0.6661898493294965,2.1516928298168874,-0.7327197981458199,2.2182227786332107,0.15142553959471097,0.1626787986066961,-6.302872917758772,7.788375898246163,-6.420652309833457,7.906155290320848,4.739932261512374,57.80530417618546,0.1626787986066961,0.5933789592277746,False
COL6A1,small-sample glomerular sensitivity including donor-averaged GSE1009,GSE96804;GSE30528;GSE104948_H7;GSE1009_donor_averaged,GSE96804;GSE30528;GSE104948_H7;GSE1009_donor_averaged,4.0,0.7144230892955252,0.1045825916243986,0.8960358081885101,0.26702113202802047,0.282086920620379,-0.1353573257597216,1.564203504350772,-0.18330338900165843,1.6121495675927089,0.07533481336747659,0.0852271726134335,-1.0900403005496715,2.518886479140722,-1.1319896446547066,2.560835823245757,4.040636333283585,25.754268571799965,0.0852271726134335,0.5024614639634051,False
COL6A2,small-sample glomerular sensitivity including donor-averaged GSE1009,GSE96804;GSE30528;GSE104948_H7;GSE1009_donor_averaged,GSE96804;GSE30528;GSE104948_H7;GSE1009_donor_averaged,4.0,1.366919509379058,0.3291754601859181,0.9512956644433221,0.38205674462728595,0.39171491864523855,0.1510444340312309,2.5827945847268854,0.12030781381201039,2.6135312049461055,0.03734485049144069,0.03977896535996952,-1.5989250037636362,4.3327640225217525,-1.622157954001395,4.355996972759511,6.634175549509695,54.779610855764616,0.03977896535996952,0.44789906593284123,False
COL6A3,small-sample glomerular sensitivity including donor-averaged GSE1009,GSE96804;GSE30528;GSE104948_H7;GSE1009_donor_averaged,GSE96804;GSE30528;GSE104948_H7;GSE1009_donor_averaged,4.0,1.6034002926882724,0.07943675637940782,0.8541989877459001,0.265596835379023,0.2873712849155734,0.7581526252412555,2.4486479601352893,0.6888566087640742,2.5179439766124707,0.009113714905880244,0.011365852243675437,-0.06289015447097457,3.2696907398475195,-0.12848564022594866,3.3352862256024935,3.485429771725934,13.927400737314422,0.011365852243675437,0.44789906593284123,False
COL6A5,small-sample glomerular sensitivity including donor-averaged GSE1009,GSE96804;GSE30528;GSE104948_H7;GSE1009_donor_averaged,GSE96804,1.0,,,,,,,,,,,,,,,,,,1.0,1.0,False
COL6A6,small-sample glomerular sensitivity including donor-averaged GSE1009,GSE96804;GSE30528;GSE104948_H7;GSE1009_donor_averaged,GSE96804,1.0,,,,,,,,,,,,,,,,,,1.0,1.0,False
COL7A1,small-sample glomerular sensitivity including donor-averaged GSE1009,GSE96804;GSE30528;GSE104948_H7;GSE1009_donor_averaged,GSE96804;GSE30528;GSE104948_H7;GSE1009_donor_averaged,4.0,1.0545019417998573,0.23976889259178735,1.750614522725951,0.4730569736346365,0.4730569736346365,-0.450976476132384,2.5599803597320987,-0.450976476132384,2.5599803597320987,0.11208793371548813,0.11208793371548813,-1.8749435928162987,3.9839474764160134,-1.8749435928162987,3.9839474764160134,7.3229114275947955,59.03268761799912,0.11208793371548813,0.5276698201083991,False
COL8A1,small-sample glomerular sensitivity including donor-averaged GSE1009,GSE96804;GSE30528;GSE104948_H7;GSE1009_donor_averaged,GSE96804;GSE30528;GSE1009_donor_averaged,3.0,0.8445147091548351,0.2540557526781859,0.6890811493018723,0.3435925170535541,0.4139124715358359,-0.633844572267128,2.322873990576798,-0.9364069163761757,2.625436334685846,0.13323443152388226,0.17812520583571628,-6.9063906843434655,8.595420102653135,-7.442612745071669,9.131642163381338,3.8378607569861427,47.88763515301185,0.17812520583571628,0.5947202766266613,False
COL8A2,small-sample glomerular sensitivity including donor-averaged GSE1009,GSE96804;GSE30528;GSE104948_H7;GSE1009_donor_averaged,GSE96804;GSE30528;GSE104948_H7,3.0,0.9985308804563883,0.9447402868858625,0.9778864931265925,0.6077104386590468,0.614543277840496,-1.6162360973372025,3.6132978582499793,-1.6456354314932038,3.6426971924059806,0.24207595411362015,0.24569668190848137,-13.56686081706396,15.563922577976735,-13.613072703598801,15.610134464511576,13.916947124602574,85.62903212828644,0.24569668190848137,0.6730310624856782,False
COL9A1,small-sample glomerular sensitivity including donor-averaged GSE1009,GSE96804;GSE30528;GSE104948_H7;GSE1009_donor_averaged,GSE96804;GSE30528;GSE104948_H7;GSE1009_donor_averaged,4.0,0.056669414543184395,0.3941217999878192,0.8859505413178003,0.3811610604547768,0.4049522232408945,-1.15635519401914,1.2696940231055087,-1.2320692921262237,1.3454081212125923,0.8912409889595184,0.8975737225930609,-3.1033809339045706,3.2167197629909396,-3.1576975743612974,3.2710364034476664,9.553084556988876,68.59653044936935,0.8975737225930609,1.0,False
COL9A2,small-sample glomerular sensitivity including donor-averaged GSE1009,GSE96804;GSE30528;GSE104948_H7;GSE1009_donor_averaged,GSE96804;GSE30528;GSE104948_H7;GSE1009_donor_averaged,4.0,0.9780858187362361,0.0017166084202243123,0.9484200241178793,0.20913612876701237,0.2147477920819281,0.31252131844031983,1.6436503190321523,0.2946625012572702,1.661509136215202,0.018466934401517712,0.019836293183623215,0.06075734282227019,1.8954142946502022,0.0370609173690003,1.9191107201034718,2.8691721654780804,0.0,0.019836293183623215,0.44789906593284123,False
COL9A3,small-sample glomerular sensitivity including donor-averaged GSE1009,GSE96804;GSE30528;GSE104948_H7;GSE1009_donor_averaged,GSE96804;GSE30528;GSE104948_H7;GSE1009_donor_averaged,4.0,0.39681650675143904,0.5486737878678599,0.8519382083451813,0.4213396412347361,0.45648685174596704,-0.9440742777656097,1.7377072912684879,-1.0559283879981054,1.8495614015009836,0.4157757271862263,0.44865431496439223,-3.2697931764388737,4.063426189941752,-3.3468722415439567,4.140505255046834,12.323537806941754,75.65634116600735,0.44865431496439223,0.8640367241479853,False
COLEC10,small-sample glomerular sensitivity including donor-averaged GSE1009,GSE96804;GSE30528;GSE104948_H7;GSE1009_donor_averaged,GSE96804;GSE30528;GSE104948_H7;GSE1009_donor_averaged,4.0,0.12081004893144577,0.3779870147077507,0.7866674667507513,0.3516940714005171,0.3965239761170118,-0.9984374491873144,1.240057547050206,-1.1411062138185435,1.3827263116814352,0.7538802926239014,0.7805284627470972,-2.9267189221627024,3.1683390200255936,-3.0269510478089146,3.268571145671806,9.431829296900778,68.19280856804973,0.7805284627470972,1.0,False
COLEC11,small-sample glomerular sensitivity including donor-averaged GSE1009,GSE96804;GSE30528;GSE104948_H7;GSE1009_donor_averaged,GSE96804;GSE30528;GSE104948_H7,3.0,-0.4525050945125659,0.7375386408794747,0.9741478484895305,0.5394707918449463,0.546582217358678,-2.7736605696643277,1.868650380639196,-2.804258564063395,1.8992483750382634,0.4898636877590973,0.49479862636887567,-13.338923302104236,12.433913113079106,-13.387214078694067,12.482203889668936,12.672990111069005,84.21840479262164,0.49479862636887567,0.9030939963795562,False
COLGALT1,small-sample glomerular sensitivity including donor-averaged GSE1009,GSE96804;GSE30528;GSE104948_H7;GSE1009_donor_averaged,GSE30528;GSE104948_H7,2.0,2.123755672444649,2.6160412997907376,0.9999999852401689,1.2125654676386008,1.2125654765872316,-13.283349415386825,17.530860760276124,-13.283349529089959,17.530860873979258,0.33027058100131945,0.3302705830243044,,,,,8.9432449370654,88.81837624892184,0.3302705830243044,0.7526187558142038,False
COLGALT2,small-sample glomerular sensitivity including donor-averaged GSE1009,GSE96804;GSE30528;GSE104948_H7;GSE1009_donor_averaged,GSE30528;GSE104948_H7;GSE1009_donor_averaged,3.0,-0.5003408258930954,3.839569617793032,0.9420268981083615,1.171376615150979,1.2068822441560223,-5.54036761663714,4.539685964850949,-5.693136008197162,4.692454356410971,0.7108671397261763,0.718690725658828,-29.50750365609354,28.506822004307352,-29.741551276868236,28.74086962508205,26.76373229518437,92.52720069853687,0.718690725658828,1.0,False
COMP,small-sample glomerular sensitivity including donor-averaged GSE1009,GSE96804;GSE30528;GSE104948_H7;GSE1009_donor_averaged,GSE96804;GSE30528;GSE104948_H7;GSE1009_donor_averaged,4.0,1.6106842936981995,0.3129823357208433,0.8606557855879396,0.37048700531857004,0.3993541791651407,0.43162929246649084,2.789739294929908,0.3397610617144897,2.8816075256819094,0.022472824256102822,0.027408017354805754,-1.2764019618489995,4.4977705492453985,-1.3467943683020276,4.568162955698426,5.59843875239533,46.41363185912448,0.027408017354805754,0.44789906593284123,False
CPB2,small-sample glomerular sensitivity including donor-averaged GSE1009,GSE96804;GSE30528;GSE104948_H7;GSE1009_donor_averaged,GSE96804;GSE30528;GSE104948_H7;GSE1009_donor_averaged,4.0,-0.12070322509243377,0.49501701342733734,0.8883229534947025,0.4114369392660688,0.4365337623772373,-1.4300791923169716,1.188672742132104,-1.5099484843014686,1.268542034116601,0.788363194830182,0.8001166674754465,-3.6275562229664335,3.386149772781566,-3.6832860163804915,3.441879566195624,9.490080577503102,68.38804501711282,0.8001166674754465,1.0,False
CPN1,small-sample glomerular sensitivity including donor-averaged GSE1009,GSE96804;GSE30528;GSE104948_H7;GSE1009_donor_averaged,GSE96804;GSE30528;GSE104948_H7;GSE1009_donor_averaged,4.0,0.09509389424574217,1.419294558471752,1.0198151263309876,0.6804925708202719,0.6804925708202719,-2.070537173534244,2.2607249620257286,-2.070537173534244,2.2607249620257286,0.8977175770820109,0.8977175770820109,-5.808115384009835,5.998303172501319,-5.808115384009835,5.998303172501319,16.76679009878258,82.1074875851292,0.8977175770820109,1.0,False
CPN2,small-sample glomerular sensitivity including donor-averaged GSE1009,GSE96804;GSE30528;GSE104948_H7;GSE1009_donor_averaged,GSE96804;GSE30528;GSE104948_H7;GSE1009_donor_averaged,4.0,-0.2487487915247845,0.17932321350651712,1.1551715184320794,0.3432706800225692,0.3432706800225692,-1.341189298874836,0.8436917158252669,-1.341189298874836,0.8436917158252669,0.5210738902503321,0.5210738902503321,-2.594219367570237,2.0967217845206685,-2.594219367570237,2.0967217845206685,5.762693849192665,47.94101372537272,0.5210738902503321,0.9336404028970482,False
CR1,small-sample glomerular sensitivity including donor-averaged GSE1009,GSE96804;GSE30528;GSE104948_H7;GSE1009_donor_averaged,GSE96804;GSE30528;GSE104948_H7;GSE1009_donor_averaged,4.0,-1.3078213082007226,0.6681185512075034,0.9636638072586147,0.5045892621451601,0.5140143341274817,-2.9136495412004195,0.2980069247989743,-2.9436443267075916,0.32800171030614655,0.08094410646519426,0.08435970576373376,-5.440896923156506,2.8252543067550615,-5.462342309128745,2.8466996927273005,9.263501936166433,67.6148391755882,0.08435970576373376,0.5024614639634051,False
CR2,small-sample glomerular sensitivity including donor-averaged GSE1009,GSE96804;GSE30528;GSE104948_H7;GSE1009_donor_averaged,GSE96804;GSE30528;GSE104948_H7;GSE1009_donor_averaged,4.0,-0.3741089119137808,0.5939817173353071,0.9812516516518427,0.46491748840388764,0.46933796137569506,-1.853683855146514,1.1054660313189524,-1.8677517730232491,1.1195339491956875,0.4798678404137563,0.48364926222075155,-4.246807075538867,3.498589251711306,-4.2566655768184765,3.5084477529909153,11.540709397177135,74.00506418839554,0.48364926222075155,0.8967199282468157,False
CREBBP,small-sample glomerular sensitivity including donor-averaged GSE1009,GSE96804;GSE30528;GSE104948_H7;GSE1009_donor_averaged,GSE96804;GSE30528;GSE104948_H7;GSE1009_donor_averaged,4.0,0.04666689406993044,0.3372525124405698,0.8130241113716438,0.34452926274962653,0.3820976811789614,-1.0497789852297383,1.1431127733695992,-1.1693384596555274,1.2626722477953882,0.9008328768646847,0.9105153730976983,-2.858668657799271,2.952002445939132,-2.9443767047468903,3.0377104928867515,7.997802900388242,62.489698266328006,0.9105153730976983,1.0,False
CRP,small-sample glomerular sensitivity including donor-averaged GSE1009,GSE96804;GSE30528;GSE104948_H7;GSE1009_donor_averaged,GSE96804;GSE30528;GSE104948_H7;GSE1009_donor_averaged,4.0,-0.27268321871652945,0.9329350332739593,0.9800149626179895,0.5535351640461358,0.5591506859265651,-2.0342791563797653,1.4889127189467066,-2.0521502532403777,1.5067838158073186,0.656080158356505,0.6591976876195795,-5.062631948223971,4.517265510790913,-5.074691413732147,4.529324976299089,13.623185562469024,77.97871880814131,0.6591976876195795,1.0,False
CRTAP,small-sample glomerular sensitivity including donor-averaged GSE1009,GSE96804;GSE30528;GSE104948_H7;GSE1009_donor_averaged,GSE30528;GSE104948_H7;GSE1009_donor_averaged,3.0,0.6474516297410431,0.6158552804967984,0.8747302743301797,0.5390497049732673,0.576357214596397,-1.6718920548328278,2.966795314314914,-1.8324133129529407,3.127316572435027,0.3526593090298734,0.37801621269420904,-11.449695200331478,12.744598459813565,-11.724261703586576,13.019164963068663,5.946218815217195,66.36517992103278,0.37801621269420904,0.795663157364424,False
CTRB1,small-sample glomerular sensitivity including donor-averaged GSE1009,GSE96804;GSE30528;GSE104948_H7;GSE1009_donor_averaged,GSE96804;GSE30528,2.0,-0.10120569487503406,0.08430781126656442,1.0000000012064552,0.3178146562070656,0.3178146562070656,-4.139423784798984,3.9370123950489155,-4.139423784798984,3.9370123950489155,0.8037368192783089,0.8037368192783089,,,,,1.6340931289826015,38.80397743165303,0.8037368192783089,1.0,False
CTRB2,small-sample glomerular sensitivity including donor-averaged GSE1009,GSE96804;GSE30528;GSE104948_H7;GSE1009_donor_averaged,GSE96804;GSE30528;GSE104948_H7;GSE1009_donor_averaged,4.0,-0.0059168734228224,0.7954686243826076,0.9396366252338155,0.5097420412157195,0.5258604218883686,-1.6281435491375644,1.6163098022919198,-1.6794394301563926,1.667605683310748,0.9914674603862936,0.9917289800887359,-4.425948848249158,4.414115101403514,-4.460768498777434,4.44893475193179,13.525609447378054,77.81985342936579,0.9917289800887359,1.0,False
CTSB,small-sample glomerular sensitivity including donor-averaged GSE1009,GSE96804;GSE30528;GSE104948_H7;GSE1009_donor_averaged,GSE96804;GSE30528;GSE104948_H7;GSE1009_donor_averaged,4.0,0.020809354792031304,0.18302762806010842,0.7841865752203243,0.2815801755260208,0.31797455904247834,-0.8753044344518917,0.9169231440359542,-0.9911276058069202,1.0327463153909828,0.9457400381951379,0.951937901471497,-2.1828673330056025,2.224486042589665,-2.272692019730544,2.3143107293146064,5.524594764069858,45.69737459277537,0.951937901471497,1.0,False
CTSD,small-sample glomerular sensitivity including donor-averaged GSE1009,GSE96804;GSE30528;GSE104948_H7;GSE1009_donor_averaged,GSE96804;GSE30528;GSE104948_H7;GSE1009_donor_averaged,4.0,-0.15226238599184522,0.9442846407193838,0.8518772378941026,0.5140083694101286,0.5569057262883155,-1.7880664221060123,1.4835416501223218,-1.9245849570094347,1.6200601850257441,0.7863805805944855,0.8022819899030017,-4.882224804013726,4.577700032030036,-4.97128843376544,4.66676366178175,21.335293018164403,85.93879166578184,0.8022819899030017,1.0,False
CTSG,small-sample glomerular sensitivity including donor-averaged GSE1009,GSE96804;GSE30528;GSE104948_H7;GSE1009_donor_averaged,GSE96804;GSE30528;GSE104948_H7;GSE1009_donor_averaged,4.0,0.93951790880925,0.3451409850714836,0.9074107612800667,0.3805750900175472,0.3995198813913824,-0.2716418803001075,2.1506776979186073,-0.3319326616121401,2.2109684792306403,0.09016997327159325,0.10015860455566432,-2.0722725689802504,3.9513083865987504,-2.117355980977309,3.996391798595809,6.538663848761357,54.11906668717492,0.10015860455566432,0.5183491790207019,False
CTSK,small-sample glomerular sensitivity including donor-averaged GSE1009,GSE96804;GSE30528;GSE104948_H7;GSE1009_donor_averaged,GSE96804;GSE30528;GSE104948_H7;GSE1009_donor_averaged,4.0,1.5330396992818136,0.6054442387240214,1.1638272932630693,0.5221626425559172,0.5221626425559172,-0.12871487327744235,3.1947942718410696,-0.12871487327744235,3.1947942718410696,0.06070858893728727,0.06070858893728727,-2.4988422250284366,5.564921623592063,-2.4988422250284366,5.564921623592063,8.119329929738349,63.05113813626395,0.06070858893728727,0.4690790195683884,False
CTSL,small-sample glomerular sensitivity including donor-averaged GSE1009,GSE96804;GSE30528;GSE104948_H7;GSE1009_donor_averaged,GSE30528;GSE104948_H7;GSE1009_donor_averaged,3.0,0.11435512157500577,0.0,0.43031928780989914,0.19568037785592732,0.2982990512365098,-0.7275895903652061,0.9562998335152175,-1.1691221055094376,1.3978323486594493,0.6180914631470067,0.7383676238891488,-2.3719998223144314,2.600710065464443,-3.6758936960427526,3.9046039391927643,0.8606385756197983,0.0,0.7383676238891488,1.0,False
CTSS,small-sample glomerular sensitivity including donor-averaged GSE1009,GSE96804;GSE30528;GSE104948_H7;GSE1009_donor_averaged,GSE96804;GSE30528;GSE104948_H7;GSE1009_donor_averaged,4.0,1.1724649508686866,2.547430522260955,1.0133811835580424,0.8653133565118093,0.8653133565118093,-1.5813483434749647,3.926278245212338,-1.5813483434749647,3.926278245212338,0.26843215323485126,0.26843215323485126,-6.63918768469867,8.984117586436042,-6.63918768469867,8.984117586436042,27.22564159212748,88.98097593091259,0.26843215323485126,0.6913893946805544,False
CTSV,small-sample glomerular sensitivity including donor-averaged GSE1009,GSE96804;GSE30528;GSE104948_H7;GSE1009_donor_averaged,GSE30528;GSE104948_H7;GSE1009_donor_averaged,3.0,-1.5758465922168494,1.3139302275768494,1.1162011366147837,0.8197903979021003,0.8197903979021003,-5.103119985572719,1.95142680113902,-5.103119985572719,1.95142680113902,0.19450708889601132,0.19450708889601132,-19.48206995156383,16.330376767130133,-19.48206995156383,16.330376767130133,6.499007592222599,69.22607072511482,0.19450708889601132,0.6091962024223074,False
CUL2,small-sample glomerular sensitivity including donor-averaged GSE1009,GSE96804;GSE30528;GSE104948_H7;GSE1009_donor_averaged,GSE96804;GSE30528;GSE104948_H7;GSE1009_donor_averaged,4.0,-0.11255396355879456,0.2954781370405142,0.9338793573385936,0.35526600401955677,0.3676277305529618,-1.24316894544374,1.0180610183261507,-1.2825094763769023,1.057401549259313,0.7721499757134297,0.7794981296384531,-2.9066029279955408,2.6814950008779515,-2.9360525298281956,2.7109446027106063,6.658896876533687,54.947492721021675,0.7794981296384531,1.0,False
CX3CL1,small-sample glomerular sensitivity including donor-averaged GSE1009,GSE96804;GSE30528;GSE104948_H7;GSE1009_donor_averaged,GSE96804;GSE30528;GSE104948_H7;GSE1009_donor_averaged,4.0,-0.8239131044154744,0.5694097652137058,0.8509103323159355,0.4245509558760355,0.46024377632503055,-2.17502372534783,0.5271975165168812,-2.288614209910889,0.6407880010799403,0.14761494812563866,0.17136022665377132,-4.5492582706295535,2.9014320617986042,-4.626918054541545,2.979091845710597,12.281326018143044,75.57267028358226,0.17136022665377132,0.5933789592277746,False
CX3CR1,small-sample glomerular sensitivity including donor-averaged GSE1009,GSE96804;GSE30528;GSE104948_H7;GSE1009_donor_averaged,GSE96804;GSE30528;GSE104948_H7;GSE1009_donor_averaged,4.0,1.506172680473878,2.9147902960584555,1.0265377109520835,0.9291913959155299,0.9291913959155299,-1.4509290443589111,4.463274405306667,-1.4509290443589111,4.463274405306667,0.20347483983295847,0.20347483983295847,-6.857133890540279,9.869479251488034,-6.857133890540279,9.869479251488034,21.430829145507413,86.0014748863373,0.20347483983295847,0.6322253951952638,False
CXADR,small-sample glomerular sensitivity including donor-averaged GSE1009,GSE96804;GSE30528;GSE104948_H7;GSE1009_donor_averaged,GSE96804;GSE30528;GSE104948_H7;GSE1009_donor_averaged,4.0,-1.552350805117393,1.281207993690625,0.9131734952790594,0.6248852614412483,0.6539185128237175,-3.5410145966173374,0.43631298638255145,-3.63341136020985,0.5287097499750637,0.08893748714504508,0.09815537470324218,-7.115415537384664,4.010713927149879,-7.176853458242029,4.072151848007243,16.86670323689511,82.2134772998339,0.09815537470324218,0.5183491790207019,False
CXCL1,small-sample glomerular sensitivity including donor-averaged GSE1009,GSE96804;GSE30528;GSE104948_H7;GSE1009_donor_averaged,GSE96804;GSE30528;GSE104948_H7;GSE1009_donor_averaged,4.0,0.9223807383567328,1.7723623635840509,1.0151448687158229,0.7372897109170018,0.7372897109170018,-1.4240041780747725,3.268765654788238,-1.4240041780747725,3.268765654788238,0.29959833666491026,0.29959833666491026,-5.625513860783741,7.470275337497206,-5.625513860783741,7.470275337497206,19.784933246748363,84.83694656643308,0.29959833666491026,0.7166777369113722,False
CXCL10,small-sample glomerular sensitivity including donor-averaged GSE1009,GSE96804;GSE30528;GSE104948_H7;GSE1009_donor_averaged,GSE96804;GSE30528;GSE104948_H7;GSE1009_donor_averaged,4.0,0.24968637176798505,0.0,0.4297366817005031,0.13258550712661119,0.20225293894754415,-0.1722598855212654,0.6716326290572355,-0.3939727465183982,0.8933454900543683,0.15619860248533934,0.30488957564273483,-0.32078302239554535,0.8201557659315154,-0.6205377880945171,1.1199105316304871,1.2892100451015094,0.0,0.30488957564273483,0.7213763421639359,False
CXCL11,small-sample glomerular sensitivity including donor-averaged GSE1009,GSE96804;GSE30528;GSE104948_H7;GSE1009_donor_averaged,GSE96804;GSE30528;GSE104948_H7;GSE1009_donor_averaged,4.0,0.21935403171645584,0.0,0.46283015155937846,0.13753668868201382,0.20216582491086976,-0.2183490950205746,0.6570571584534863,-0.42402785082577454,0.8627359142586862,0.20900450565111675,0.35731862678664966,-0.37241857728191285,0.8111266407148245,-0.6504953066983497,1.0892033701312613,1.3884904546781354,0.0,0.35731862678664966,0.7841880077942509,False
CXCL12,small-sample glomerular sensitivity including donor-averaged GSE1009,GSE96804;GSE30528;GSE104948_H7;GSE1009_donor_averaged,GSE96804;GSE30528;GSE104948_H7;GSE1009_donor_averaged,4.0,0.059932194071271185,0.03871853515413808,0.6987299833007875,0.19574988078223565,0.23417839027574028,-0.5630312907838809,0.6828956789264232,-0.6853279588390446,0.8051923469815869,0.7794951371215383,0.8145534873943289,-1.1342888245123266,1.254153212654869,-1.2561314268498696,1.3759958149924119,2.703387236653185,0.0,0.8145534873943289,1.0,False
CXCL13,small-sample glomerular sensitivity including donor-averaged GSE1009,GSE96804;GSE30528;GSE104948_H7;GSE1009_donor_averaged,GSE96804;GSE30528;GSE104948_H7;GSE1009_donor_averaged,4.0,0.022380215299544027,0.24284770463611452,0.9382942056843137,0.33498702802701713,0.3458266618752083,-1.0436980143630066,1.0884584449620947,-1.0781945670538107,1.1229549976528987,0.9509368581627452,0.9524717952526615,-2.5414521415471865,2.5862125721462745,-2.5679588999778247,2.6127193305769127,5.89605768172278,49.11854391622193,0.9524717952526615,1.0,False
CXCL16,small-sample glomerular sensitivity including donor-averaged GSE1009,GSE96804;GSE30528;GSE104948_H7;GSE1009_donor_averaged,GSE96804,1.0,,,,,,,,,,,,,,,,,,1.0,1.0,False
CXCL2,small-sample glomerular sensitivity including donor-averaged GSE1009,GSE96804;GSE30528;GSE104948_H7;GSE1009_donor_averaged,GSE96804;GSE30528;GSE104948_H7;GSE1009_donor_averaged,4.0,-0.17488058458214856,0.3360109928788599,0.8559316042083935,0.3538331117131293,0.38245376493116634,-1.3009354636406345,0.9511742944763373,-1.3920191557291826,1.0422579865648853,0.6550584460334278,0.6785654630816107,-3.0969135951563795,2.7471524259920828,-3.1629230528142016,2.813161883649905,7.716448433304705,61.12201065127578,0.6785654630816107,1.0,False
CXCL3,small-sample glomerular sensitivity including donor-averaged GSE1009,GSE96804;GSE30528;GSE104948_H7;GSE1009_donor_averaged,GSE96804;GSE30528;GSE104948_H7;GSE1009_donor_averaged,4.0,1.0038486520964365,1.0640655371217802,1.1252769866513541,0.6616388772025319,0.6616388772025319,-1.1017815480888218,3.1094788522816947,-1.1017815480888218,3.1094788522816947,0.22649199968513528,0.22649199968513528,-4.269019424961407,6.2767167291542805,-4.269019424961407,6.2767167291542805,17.193118165266853,82.55115813686122,0.22649199968513528,0.6478651561154543,False
CXCL5,small-sample glomerular sensitivity including donor-averaged GSE1009,GSE96804;GSE30528;GSE104948_H7;GSE1009_donor_averaged,GSE96804;GSE30528;GSE104948_H7;GSE1009_donor_averaged,4.0,0.3863907225755562,0.09955930100262216,0.7353198300731979,0.23628605663319885,0.2755497081372605,-0.3655769653468244,1.1383584104979367,-0.4905314280078725,1.2633128731589849,0.2005084135601007,0.255401905019314,-1.3096973097890259,2.0824787549401385,-1.4160404888040818,2.1888219339551944,3.8050032478293643,21.156440491571026,0.255401905019314,0.6782954579291549,False
CXCL6,small-sample glomerular sensitivity including donor-averaged GSE1009,GSE96804;GSE30528;GSE104948_H7;GSE1009_donor_averaged,GSE96804;GSE30528;GSE104948_H7;GSE1009_donor_averaged,4.0,1.3927247284743989,0.8152157101244781,1.0165551041561707,0.543419097048551,0.543419097048551,-0.33667736914837065,3.122126826097168,-0.33667736914837065,3.122126826097168,0.08300478525460661,0.08300478525460661,-3.1414629497882136,5.926912406737012,-3.1414629497882136,5.926912406737012,12.082780485599157,75.17127780666424,0.08300478525460661,0.5024614639634051,False
CXCL8,small-sample glomerular sensitivity including donor-averaged GSE1009,GSE96804;GSE30528;GSE104948_H7;GSE1009_donor_averaged,GSE30528;GSE104948_H7;GSE1009_donor_averaged,3.0,0.4577487482386926,0.03426346198892649,0.6697503060816582,0.26731198239880266,0.32663443391671987,-0.6924018825242557,1.607899379001641,-0.9476457904832523,1.8631432869606375,0.22895220689770882,0.29611595309395655,-3.6736079807696163,4.589105477247002,-4.312640359895585,5.228137856372971,1.5555740567123608,0.0,0.29611595309395655,0.7160354864099929,False
CXCL9,small-sample glomerular sensitivity including donor-averaged GSE1009,GSE96804;GSE30528;GSE104948_H7;GSE1009_donor_averaged,GSE96804;GSE30528;GSE104948_H7;GSE1009_donor_averaged,4.0,-0.01984292410777289,0.06783848105639453,0.6389277090804064,0.20311815998207502,0.25411066465430565,-0.6662555618787526,0.6265697136632068,-0.8285364699700551,0.7888506217545094,0.9283383158592595,0.9426749476942481,-1.4409920427112355,1.4013061944956897,-1.5855043580535197,1.545818509837974,3.041960119412988,1.3793776961508968,0.9426749476942481,1.0,False
CXCR1,small-sample glomerular sensitivity including donor-averaged GSE1009,GSE96804;GSE30528;GSE104948_H7;GSE1009_donor_averaged,GSE96804;GSE30528;GSE104948_H7;GSE1009_donor_averaged,4.0,-0.8922170302672541,1.6326315106064684,0.933700772682262,0.6770006968797339,0.7006243977582127,-3.0467353967266586,1.2623013361921505,-3.121916556304501,1.3374824957699927,0.2791376733525749,0.29256858879475167,-7.113920502830022,5.329486442295514,-7.162152157318592,5.377718096784084,29.18797850239075,89.72179591075732,0.29256858879475167,0.7160354864099929,False
CXCR2,small-sample glomerular sensitivity including donor-averaged GSE1009,GSE96804;GSE30528;GSE104948_H7;GSE1009_donor_averaged,GSE96804;GSE30528;GSE104948_H7;GSE1009_donor_averaged,4.0,-0.6446160125038048,3.639557279824479,1.0948286375370693,1.0760330470947561,1.0760330470947561,-4.069033407593682,2.7798013825860717,-4.069033407593682,2.7798013825860717,0.5913480810610403,0.5913480810610403,-10.068706767185997,8.779474742178387,-10.068706767185997,8.779474742178387,36.09163730718892,91.68782514778722,0.5913480810610403,0.9747906262543043,False
CXCR3,small-sample glomerular sensitivity including donor-averaged GSE1009,GSE96804;GSE30528;GSE104948_H7;GSE1009_donor_averaged,GSE96804;GSE30528;GSE104948_H7;GSE1009_donor_averaged,4.0,0.9379607541297581,0.0,0.3288083242732271,0.12148868593141718,0.2118675442282986,0.5513295344535467,1.3245919738059695,0.26370367079087675,1.6122178374686396,0.0045174939023036684,0.02140828072407982,0.41523712797327095,1.4606843802862453,0.026368286610554348,1.8495532216489619,0.9864249728196813,0.0,0.02140828072407982,0.44789906593284123,False
CXCR4,small-sample glomerular sensitivity including donor-averaged GSE1009,GSE96804;GSE30528;GSE104948_H7;GSE1009_donor_averaged,GSE96804;GSE30528;GSE104948_H7;GSE1009_donor_averaged,4.0,0.2798780345110059,1.0076234023350632,0.860598473620975,0.5352981341301059,0.577026081758613,-1.423679534676612,1.9834356036986238,-1.556476487434027,2.1162325564560387,0.6372400234724167,0.6608641885121227,-4.614883506526057,5.174639575548069,-4.701885029946572,5.261641098968584,21.77841428038682,86.22489240320064,0.6608641885121227,1.0,False
CXCR5,small-sample glomerular sensitivity including donor-averaged GSE1009,GSE96804;GSE30528;GSE104948_H7;GSE1009_donor_averaged,GSE96804;GSE30528;GSE104948_H7;GSE1009_donor_averaged,4.0,0.1248598961899754,0.6345374688486441,0.9860985297206856,0.4808778220612524,0.4842555338900505,-1.4055079519217335,1.6552277443016843,-1.416257338451605,1.6659771308315559,0.8119329339627218,0.8132067747307969,-3.878644481830996,4.128364274210947,-3.886174637754098,4.135894430134049,10.100604207386267,70.298806503019,0.8132067747307969,1.0,False
CXCR6,small-sample glomerular sensitivity including donor-averaged GSE1009,GSE96804;GSE30528;GSE104948_H7;GSE1009_donor_averaged,GSE96804;GSE30528;GSE104948_H7;GSE1009_donor_averaged,4.0,1.2361005452703349,0.0,0.4092305120403012,0.14024917700838507,0.21923824553131965,0.7897650700809191,1.6824360204597506,0.5383866008023043,1.9338144897383653,0.003077802939541709,0.01103922759041166,0.6326570409700913,1.8395440495705784,0.2927945096695196,2.17940658087115,1.2276915361209035,0.0,0.01103922759041166,0.44789906593284123,False
DAG1,small-sample glomerular sensitivity including donor-averaged GSE1009,GSE96804;GSE30528;GSE104948_H7;GSE1009_donor_averaged,GSE96804;GSE30528;GSE104948_H7;GSE1009_donor_averaged,4.0,-0.45790264073215725,0.0,1.48797252845114,0.25334865223460545,0.25334865223460545,-1.2641711229847843,0.3483658415204699,-1.2641711229847843,0.3483658415204699,0.16842774539411864,0.16842774539411864,-1.5479739108477295,0.6321686293834151,-1.5479739108477295,0.6321686293834151,4.46391758535342,32.79445817182393,0.16842774539411864,0.5933789592277746,False
DCN,small-sample glomerular sensitivity including donor-averaged GSE1009,GSE96804;GSE30528;GSE104948_H7;GSE1009_donor_averaged,GSE96804;GSE30528;GSE104948_H7,3.0,-1.3360769390044656,0.06732324495819221,1.2980074314995655,0.3199677507354472,0.3199677507354472,-2.712787055138133,0.04063317712920167,-2.712787055138133,0.04063317712920167,0.052846925732884784,0.052846925732884784,-6.5703949568745275,3.8982410788655963,-6.5703949568745275,3.8982410788655963,3.257654268040972,38.60613080949431,0.052846925732884784,0.46872114987964925,False
DDR1,small-sample glomerular sensitivity including donor-averaged GSE1009,GSE96804;GSE30528;GSE104948_H7;GSE1009_donor_averaged,GSE96804;GSE30528;GSE104948_H7;GSE1009_donor_averaged,4.0,0.19578675417105557,0.3003540732707859,1.128117182677961,0.39627866152779556,0.39627866152779556,-1.0653488080708504,1.4569223164129617,-1.0653488080708504,1.4569223164129617,0.6551732477019275,0.6551732477019275,-2.714126427703742,3.105699936045853,-2.714126427703742,3.105699936045853,7.539147562344075,60.20770285775865,0.6551732477019275,1.0,False
DDR2,small-sample glomerular sensitivity including donor-averaged GSE1009,GSE96804;GSE30528;GSE104948_H7;GSE1009_donor_averaged,GSE96804;GSE30528;GSE104948_H7;GSE1009_donor_averaged,4.0,1.0340316956193012,0.0,0.2150916600391473,0.09902341073331031,0.21351387144642317,0.7188950079944867,1.3491683832441157,0.35453526430781124,1.7135281269307912,0.001874680869822298,0.016795839043869356,0.6079683471185214,1.4600950441200808,0.1153556538009729,1.9527077374376294,0.6452749801174419,0.0,0.016795839043869356,0.44789906593284123,False
DMD,small-sample glomerular sensitivity including donor-averaged GSE1009,GSE96804;GSE30528;GSE104948_H7;GSE1009_donor_averaged,GSE96804;GSE30528;GSE104948_H7;GSE1009_donor_averaged,4.0,-0.2407495391548799,0.9978827964583937,1.0468070177509108,0.6008519675588876,0.6008519675588876,-2.152928663335108,1.671429585025348,-2.152928663335108,1.671429585025348,0.7154845079481681,0.7154845079481681,-5.25644298201885,4.77494390370909,-5.25644298201885,4.77494390370909,15.822927521896805,81.04017100597596,0.7154845079481681,1.0,False
DMP1,small-sample glomerular sensitivity including donor-averaged GSE1009,GSE96804;GSE30528;GSE104948_H7;GSE1009_donor_averaged,GSE96804;GSE30528;GSE104948_H7;GSE1009_donor_averaged,4.0,0.19359458965773454,0.19672189785291652,0.973788906506542,0.32241318179946676,0.3267235040665385,-0.8324680495347428,1.2196572288502119,-0.8461854187081673,1.2333745980236364,0.5905346433199457,0.5951884440915473,-2.165703968769096,2.5528931480845656,-2.176656102400381,2.5638452817158504,5.417854410399288,44.627526456937325,0.5951884440915473,0.9783975365934774,False
DOK2,small-sample glomerular sensitivity including donor-averaged GSE1009,GSE96804;GSE30528;GSE104948_H7;GSE1009_donor_averaged,GSE96804;GSE30528;GSE104948_H7;GSE1009_donor_averaged,4.0,1.4264013151693902,1.4916506561555989,0.8459144590634272,0.6414545939714645,0.6974333258011088,-0.6149934874223579,3.4677961177611385,-0.793142795708077,3.6459454260468576,0.11265477549697253,0.13337591270729654,-4.509255343788262,7.362057974127043,-4.625006946163042,7.477809576501823,24.942722562206576,87.97244369567889,0.13337591270729654,0.5742797806989474,False
DRP2,small-sample glomerular sensitivity including donor-averaged GSE1009,GSE96804;GSE30528;GSE104948_H7;GSE1009_donor_averaged,GSE96804;GSE30528;GSE104948_H7;GSE1009_donor_averaged,4.0,0.38606437793055004,0.33266524970421596,0.888024878815035,0.36154682603545407,0.38366482722243733,-0.7645389827730321,1.536667738634132,-0.8349283339308077,1.6070570897919079,0.36390128437173364,0.3884241699974392,-2.5428425672214274,3.3149713230825277,-2.594478385547903,3.3666071414090033,7.211983705742039,58.40256824746485,0.3884241699974392,0.8021578473334062,False
DSPP,small-sample glomerular sensitivity including donor-averaged GSE1009,GSE96804;GSE30528;GSE104948_H7;GSE1009_donor_averaged,GSE96804;GSE30528;GSE104948_H7,3.0,-0.004306026566627439,0.10325643190987073,1.1933495518374824,0.31288036964400706,0.31288036964400706,-1.3505216031004352,1.3419095499671803,-1.3505216031004352,1.3419095499671803,0.9902688800160176,0.9902688800160176,-5.703014877728929,5.694402824595674,-5.703014877728929,5.694402824595674,3.6081369317535907,44.56973119842267,0.9902688800160176,1.0,False
DST,small-sample glomerular sensitivity including donor-averaged GSE1009,GSE96804;GSE30528;GSE104948_H7;GSE1009_donor_averaged,GSE30528;GSE104948_H7;GSE1009_donor_averaged,3.0,-1.6329375821141536,1.257502783140366,1.7726981846795646,1.1444052824449478,1.1444052824449478,-6.5569160945656115,3.2910409303373047,-6.5569160945656115,3.2910409303373047,0.28974593794444486,0.28974593794444486,-21.991300159202257,18.725424994973952,-21.991300159202257,18.725424994973952,7.945006134919416,74.82695461731969,0.28974593794444486,0.7160354864099929,False
DTNA,small-sample glomerular sensitivity including donor-averaged GSE1009,GSE96804;GSE30528;GSE104948_H7;GSE1009_donor_averaged,GSE96804;GSE30528;GSE104948_H7;GSE1009_donor_averaged,4.0,-0.21065896916808854,0.6770660278322095,1.1062585905141793,0.5247051362572476,0.5247051362572476,-1.8805048914133504,1.4591869530771735,-1.8805048914133504,1.4591869530771735,0.714954506593987,0.714954506593987,-4.409619306501589,3.988301368165412,-4.409619306501589,3.988301368165412,11.117291339676717,73.01500960676238,0.714954506593987,1.0,False
DTNB,small-sample glomerular sensitivity including donor-averaged GSE1009,GSE96804;GSE30528;GSE104948_H7;GSE1009_donor_averaged,GSE96804;GSE30528;GSE104948_H7;GSE1009_donor_averaged,4.0,0.2654462147222854,0.08146291600399985,0.8042784390540597,0.23655696794827374,0.2637743319732029,-0.48738363391381484,1.0182760633583856,-0.5740014334945123,1.1048938629390832,0.34351994454681245,0.38838964714321783,-1.3295681899564327,1.8604606194010034,-1.4067299036321275,1.9376223330766982,3.6297825016999563,17.3504197952634,0.38838964714321783,0.8021578473334062,False
E2F4,small-sample glomerular sensitivity including donor-averaged GSE1009,GSE96804;GSE30528;GSE104948_H7;GSE1009_donor_averaged,GSE96804;GSE30528;GSE104948_H7;GSE1009_donor_averaged,4.0,0.1582457249505513,0.6199807300858461,0.9308900441912938,0.46186306239706054,0.4787006729945054,-1.3116086715219926,1.6281001214230952,-1.3651934631576368,1.6816849130587395,0.7544820881481376,0.7627079779744026,-3.769438115763626,4.0859295656647285,-3.806585297752375,4.123076747653477,10.730634962390834,72.0426609374513,0.7627079779744026,1.0,False
E2F5,small-sample glomerular sensitivity including donor-averaged GSE1009,GSE96804;GSE30528;GSE104948_H7;GSE1009_donor_averaged,GSE96804;GSE30528;GSE104948_H7;GSE1009_donor_averaged,4.0,0.44440892706834767,0.0,0.7736464930997838,0.1801696894270976,0.2048379634391095,-0.12897143537303224,1.0177892895097276,-0.2074768928602856,1.096294746996981,0.0903354462827253,0.11850472071669393,-0.33079867896326653,1.2196165330999618,-0.4369376954792573,1.3257555496159528,2.3209394792993514,0.0,0.11850472071669393,0.5470686759855553,False
EFEMP1,small-sample glomerular sensitivity including donor-averaged GSE1009,GSE96804;GSE30528;GSE104948_H7;GSE1009_donor_averaged,GSE96804;GSE30528;GSE104948_H7;GSE1009_donor_averaged,4.0,-1.308191028946682,1.5148761324781035,0.9872793379723825,0.6887193611544578,0.6931420842571665,-3.500003415230042,0.8836213573366776,-3.51407849402755,0.8976964361341861,0.1537141833196465,0.15556340089591852,-7.376625487716327,4.760243429822962,-7.3859405761957255,4.769558518302361,14.69681316456478,79.58741145847016,0.15556340089591852,0.5933789592277746,False
EFEMP2,small-sample glomerular sensitivity including donor-averaged GSE1009,GSE96804;GSE30528;GSE104948_H7;GSE1009_donor_averaged,GSE96804;GSE30528;GSE104948_H7;GSE1009_donor_averaged,4.0,-0.09243412077713667,1.3264696024672418,0.949189454779915,0.6294343954952251,0.646061734360232,-2.0955752871393996,1.9107070455851263,-2.148490900277041,1.9636226587227679,0.8925618638170371,0.8953016501601835,-5.739667485216774,5.554799243662501,-5.774323466683472,5.589455225129199,19.159474752102522,84.34195071203199,0.8953016501601835,1.0,False
EGLN1,small-sample glomerular sensitivity including donor-averaged GSE1009,GSE96804;GSE30528;GSE104948_H7;GSE1009_donor_averaged,GSE96804;GSE30528;GSE104948_H7,3.0,-0.5830019185293963,0.0469599749985005,1.0209473071363497,0.2525672807440746,0.2525672807440746,-1.6697112184682874,0.5037073814094949,-1.6697112184682874,0.5037073814094949,0.1473077380292943,0.1473077380292943,-4.811519306886128,3.6455154698273353,-4.811519306886128,3.6455154698273353,2.665944285400702,24.97967752167813,0.1473077380292943,0.5799627864131273,False
EGLN2,small-sample glomerular sensitivity including donor-averaged GSE1009,GSE96804;GSE30528;GSE104948_H7;GSE1009_donor_averaged,GSE96804;GSE30528,2.0,0.30922879855704827,0.0,0.2912122778389587,0.12546225600401303,0.23249212760384594,-1.2849203128923041,1.9033779100064008,-2.6448637743262706,3.263321371440367,0.24537431564266113,0.41041658658451813,,,,,0.2912122778389587,0.0,0.41041658658451813,0.821882831958255,False
EGLN3,small-sample glomerular sensitivity including donor-averaged GSE1009,GSE96804;GSE30528;GSE104948_H7;GSE1009_donor_averaged,GSE96804;GSE30528;GSE104948_H7,3.0,0.5855202467425539,0.5087363088331119,0.9331486135853291,0.45777202030649744,0.4738859545227414,-1.3841137860321235,2.555154279517231,-1.453446449074649,2.6244869425597566,0.32921973751718037,0.3420579874419968,-10.183252743446385,11.354293236931493,-10.295207334463557,11.466247827948665,9.542879805155334,79.04196593863057,0.3420579874419968,0.773403413985413,False
ELANE,small-sample glomerular sensitivity including donor-averaged GSE1009,GSE96804;GSE30528;GSE104948_H7;GSE1009_donor_averaged,GSE96804;GSE30528;GSE104948_H7;GSE1009_donor_averaged,4.0,-0.33973918410947,0.0,0.4793813463797915,0.14045407317735334,0.20285876299015296,-0.7867267303547857,0.10724836213584565,-0.9853263048819056,0.3058479366629656,0.09426487122823539,0.19257537640326292,-0.9440642854704401,0.26458591725150005,-1.2125699944426507,0.5330916262237108,1.4381440391393745,0.0,0.19257537640326292,0.6077446457008835,False
ELN,small-sample glomerular sensitivity including donor-averaged GSE1009,GSE96804;GSE30528;GSE104948_H7;GSE1009_donor_averaged,GSE96804;GSE30528;GSE104948_H7;GSE1009_donor_averaged,4.0,1.6488407330913453,0.5711626076391378,1.3940079938123464,0.5902126634963223,0.5902126634963223,-0.22947937718418188,3.5271608433668726,-0.22947937718418188,3.5271608433668726,0.0682122620018796,0.0682122620018796,-2.4770276794939163,5.774709145676606,-2.4770276794939163,5.774709145676606,10.564657826708434,71.60343430701823,0.0682122620018796,0.4810793557638387,False
ELOB,small-sample glomerular sensitivity including donor-averaged GSE1009,GSE96804;GSE30528;GSE104948_H7;GSE1009_donor_averaged,,0.0,,,,,,,,,,,,,,,,,,1.0,1.0,False
ELOC,small-sample glomerular sensitivity including donor-averaged GSE1009,GSE96804;GSE30528;GSE104948_H7;GSE1009_donor_averaged,,0.0,,,,,,,,,,,,,,,,,,1.0,1.0,False
EMILIN1,small-sample glomerular sensitivity including donor-averaged GSE1009,GSE96804;GSE30528;GSE104948_H7;GSE1009_donor_averaged,GSE96804;GSE30528;GSE104948_H7;GSE1009_donor_averaged,4.0,0.8910478611234661,0.37246680045973346,1.1870276132905115,0.43775983608583546,0.43775983608583546,-0.5020993118295024,2.2841950340764345,-0.5020993118295024,2.2841950340764345,0.13463227116300144,0.13463227116300144,-2.3405292827080384,4.122625004954971,-2.3405292827080384,4.122625004954971,7.257095261288498,58.66114620262888,0.13463227116300144,0.5742797806989474,False
EMILIN2,small-sample glomerular sensitivity including donor-averaged GSE1009,GSE96804;GSE30528;GSE104948_H7;GSE1009_donor_averaged,GSE96804;GSE30528,2.0,0.008237324605803053,0.13799542036549128,0.9999999994328937,0.3600444611975122,0.36004446129960394,-4.566561313495493,4.583035962707099,-4.566561314792691,4.583035964004297,0.9854375511877566,0.9854375511918848,,,,,2.029735610086007,50.732499591036564,0.9854375511918848,1.0,False
EMILIN3,small-sample glomerular sensitivity including donor-averaged GSE1009,GSE96804;GSE30528;GSE104948_H7;GSE1009_donor_averaged,GSE96804,1.0,,,,,,,,,,,,,,,,,,1.0,1.0,False
EP300,small-sample glomerular sensitivity including donor-averaged GSE1009,GSE96804;GSE30528;GSE104948_H7;GSE1009_donor_averaged,GSE30528;GSE104948_H7;GSE1009_donor_averaged,3.0,-0.35681874797355473,0.0,0.9073224413262743,0.28894579677018556,0.3033441017711376,-1.600052169196427,0.8864146732493174,-1.6620030755125383,0.9483655795654289,0.3422614493428034,0.3605305407244442,-4.028223199392658,3.3145857034455477,-4.211171010588641,3.497533514641532,1.8146448826525485,0.0,0.3605305407244442,0.7855882866525605,False
EPAS1,small-sample glomerular sensitivity including donor-averaged GSE1009,GSE96804;GSE30528;GSE104948_H7;GSE1009_donor_averaged,GSE96804;GSE30528;GSE104948_H7;GSE1009_donor_averaged,4.0,-0.7181076945572751,0.0,0.4506230779545149,0.13936170390543204,0.2076044855587178,-1.1616188342491593,-0.2745965548653908,-1.3787978225839415,-0.0574175665306087,0.014170108174971392,0.040669151669342554,-1.3177327102885186,-0.1184826788260317,-1.6113577010547249,0.17514231194017482,1.3518692338635447,0.0,0.040669151669342554,0.44789906593284123,False
EPCAM,small-sample glomerular sensitivity including donor-averaged GSE1009,GSE96804;GSE30528;GSE104948_H7;GSE1009_donor_averaged,GSE96804;GSE30528;GSE104948_H7;GSE1009_donor_averaged,4.0,0.14106625831760417,0.0,0.43780178517722684,0.13372753050754566,0.20210732811609736,-0.28451442706084884,0.5666469436960572,-0.5021294613162319,0.7842619779514401,0.36892698868717294,0.5354267585821504,-0.43431686586334156,0.7164493824985498,-0.7285313887034923,1.0106639053387005,1.3134053555316805,0.0,0.5354267585821504,0.9446529167894735,False
EPO,small-sample glomerular sensitivity including donor-averaged GSE1009,GSE96804;GSE30528;GSE104948_H7;GSE1009_donor_averaged,GSE96804;GSE30528;GSE104948_H7;GSE1009_donor_averaged,4.0,0.2147915968489885,0.9280454915187328,0.9311254476085824,0.5387199707014023,0.5582888796651041,-1.4996557834922366,1.9292389771902134,-1.5619327855222027,1.9915159792201795,0.7167918962082493,0.7260896993467215,-4.534262592953665,4.9638457866516426,-4.575921851695125,5.005505045393103,14.263172644060141,78.96681141800985,0.7260896993467215,1.0,False
ESAM,small-sample glomerular sensitivity including donor-averaged GSE1009,GSE96804;GSE30528;GSE104948_H7;GSE1009_donor_averaged,GSE96804,1.0,,,,,,,,,,,,,,,,,,1.0,1.0,False
F10,small-sample glomerular sensitivity including donor-averaged GSE1009,GSE96804;GSE30528;GSE104948_H7;GSE1009_donor_averaged,GSE96804;GSE30528;GSE104948_H7;GSE1009_donor_averaged,4.0,0.7262859384946649,0.0,0.4067603884730541,0.1323120280855432,0.20745791062442187,0.3052100135692338,1.1473618634200962,0.06606227732609593,1.386509599663234,0.011894509673143185,0.03945591914059264,0.15699322967371498,1.2955786473156148,-0.1663334069616237,1.6189052839509537,1.2202811654191623,0.0,0.03945591914059264,0.44789906593284123,False
F11,small-sample glomerular sensitivity including donor-averaged GSE1009,GSE96804;GSE30528;GSE104948_H7;GSE1009_donor_averaged,GSE96804;GSE30528;GSE104948_H7;GSE1009_donor_averaged,4.0,-0.7230145527256217,0.0794251715193004,0.9735086585524183,0.26275319324715374,0.26630424752410103,-1.5592124817765223,0.11318337632527886,-1.570513521340055,0.12448441588881165,0.07064229461560957,0.07285646937762073,-2.380873115267881,0.9348440098166376,-2.391329650561248,0.9453005451100044,4.119534868689164,27.17624451241506,0.07285646937762073,0.49178116829894,False
F11R,small-sample glomerular sensitivity including donor-averaged GSE1009,GSE96804;GSE30528;GSE104948_H7;GSE1009_donor_averaged,GSE30528;GSE104948_H7,2.0,1.448393432020848,0.15612159405947482,1.0000000140473857,0.4476482236163316,0.4476482236163316,-4.2395165470331735,7.136303411074869,-4.2395165470331735,7.136303411074869,0.19082852118606616,0.19082852118606616,,,,,1.6313986376438,38.702903329361476,0.19082852118606616,0.6077446457008835,False
F12,small-sample glomerular sensitivity including donor-averaged GSE1009,GSE96804;GSE30528;GSE104948_H7;GSE1009_donor_averaged,GSE96804;GSE30528;GSE104948_H7;GSE1009_donor_averaged,4.0,0.49382951659345653,0.4456402851988539,0.899903900876998,0.40141338001595456,0.4231494465814188,-0.7836470115297629,1.771306044716676,-0.8528208762624254,1.8404799094493385,0.3062823109393566,0.32752467751368064,-2.857749126026885,3.8454081592137985,-2.906888069085176,3.894547102272089,8.839081346812563,66.05982135143691,0.32752467751368064,0.7526187558142038,False
F13A1,small-sample glomerular sensitivity including donor-averaged GSE1009,GSE96804;GSE30528;GSE104948_H7;GSE1009_donor_averaged,GSE96804;GSE30528;GSE104948_H7;GSE1009_donor_averaged,4.0,0.7772955317057416,0.34539688250029105,0.9978023356363431,0.39977961490694625,0.4002196310021825,-0.4949816266826129,2.049572690094096,-0.4963819542791629,2.050973017690646,0.14708994501468428,0.14739794954816388,-2.2809815507198974,3.835572614131381,-2.2820467927068417,3.836637856118325,7.621818078289702,60.63931244245618,0.14739794954816388,0.5799627864131273,False
F13B,small-sample glomerular sensitivity including donor-averaged GSE1009,GSE96804;GSE30528;GSE104948_H7;GSE1009_donor_averaged,GSE96804;GSE30528;GSE104948_H7;GSE1009_donor_averaged,4.0,-0.17877453862692133,0.6236204498342416,0.9097820906969424,0.45434860001630717,0.4763437842229111,-1.6247145620596433,1.2671654848058007,-1.6947130547719844,1.3371639775181419,0.7202658036628524,0.7323971242666324,-4.098803117550333,3.7412540402964902,-4.146846537478329,3.789297460224487,11.857375029394536,74.69929058865917,0.7323971242666324,1.0,False
F2,small-sample glomerular sensitivity including donor-averaged GSE1009,GSE96804;GSE30528;GSE104948_H7;GSE1009_donor_averaged,GSE96804;GSE30528;GSE104948_H7;GSE1009_donor_averaged,4.0,0.044550225211265386,0.2601939566548617,1.1141997583252634,0.376480537343243,0.376480537343243,-1.1535788698679634,1.242679320290494,-1.1535788698679634,1.242679320290494,0.9132820465816112,0.9132820465816112,-2.683248644609167,2.7723490950316974,-2.683248644609167,2.7723490950316974,6.683323458288427,55.11215312675757,0.9132820465816112,1.0,False
F2R,small-sample glomerular sensitivity including donor-averaged GSE1009,GSE96804;GSE30528;GSE104948_H7;GSE1009_donor_averaged,GSE96804;GSE30528;GSE104948_H7;GSE1009_donor_averaged,4.0,-1.614132406941827,1.3604481920272178,1.4560895225225188,0.8661938572643341,0.8661938572643341,-4.370747847652151,1.1424830337684964,-4.370747847652151,1.1424830337684964,0.1592797457597539,0.1592797457597539,-7.865192364366381,4.636927550482726,-7.865192364366381,4.636927550482726,13.175950057871097,77.23124338796465,0.1592797457597539,0.5933789592277746,False
F3,small-sample glomerular sensitivity including donor-averaged GSE1009,GSE96804;GSE30528;GSE104948_H7;GSE1009_donor_averaged,GSE96804;GSE30528;GSE104948_H7;GSE1009_donor_averaged,4.0,-1.3281778742546984,0.36652383273529143,1.4044172048086387,0.5045649476881646,0.5045649476881646,-2.9339287278005655,0.27757297929116853,-2.9339287278005655,0.27757297929116853,0.07816905255838048,0.07816905255838048,-4.7191203536394895,2.0627646051300923,-4.7191203536394895,2.0627646051300923,7.502393543677094,60.01276149358553,0.07816905255838048,0.4929110620530174,False
F5,small-sample glomerular sensitivity including donor-averaged GSE1009,GSE96804;GSE30528;GSE104948_H7;GSE1009_donor_averaged,GSE96804;GSE30528;GSE104948_H7;GSE1009_donor_averaged,4.0,-1.099944716731492,0.8854972593979487,0.9137718065333544,0.5338255659081521,0.5584451094898881,-2.798815916621875,0.5989264831588912,-2.877166292131342,0.6772768586683582,0.13143357749650703,0.14349492580203654,-5.754903941051807,3.5550145075888233,-5.8080735850618685,3.608184151598885,11.576450204449753,74.08532022323337,0.14349492580203654,0.5742797806989474,False
F7,small-sample glomerular sensitivity including donor-averaged GSE1009,GSE96804;GSE30528;GSE104948_H7;GSE1009_donor_averaged,GSE96804;GSE30528;GSE104948_H7;GSE1009_donor_averaged,4.0,0.10811315247989413,0.6793908513999609,1.0201692737744492,0.5033647062397401,0.5033647062397401,-1.4938179971029855,1.7100443020627738,-1.4938179971029855,1.7100443020627738,0.8437098711289388,0.8437098711289388,-4.047382703510491,4.2636090084702785,-4.047382703510491,4.2636090084702785,10.485362805605153,71.3886867281665,0.8437098711289388,1.0,False
F8,small-sample glomerular sensitivity including donor-averaged GSE1009,GSE96804;GSE30528;GSE104948_H7;GSE1009_donor_averaged,GSE96804;GSE30528;GSE104948_H7;GSE1009_donor_averaged,4.0,-0.2662847195581117,0.0,0.5148644308135357,0.14533449366528145,0.2025453405916457,-0.7288039419534651,0.19623450283724164,-0.9108743903764248,0.37830495126020136,0.1643059208543681,0.28008433867573646,-0.8916085754537908,0.35903913633756734,-1.1377669821527907,0.6051975430365671,1.5445932924406072,0.0,0.28008433867573646,0.7074388296229085,False
F9,small-sample glomerular sensitivity including donor-averaged GSE1009,GSE96804;GSE30528;GSE104948_H7;GSE1009_donor_averaged,GSE96804;GSE30528;GSE104948_H7;GSE1009_donor_averaged,4.0,-0.24603034369815993,0.15357988174155612,1.2651106601598583,0.34624283137596956,0.34624283137596956,-1.3479295631415842,0.8558688757452644,-1.3479295631415842,0.8558688757452644,0.5286090886778431,0.5286090886778431,-2.496050250020475,2.003989562624155,-2.496050250020475,2.003989562624155,5.8656401938658185,48.85468762408328,0.5286090886778431,0.938550830917803,False
FBLN1,small-sample glomerular sensitivity including donor-averaged GSE1009,GSE96804;GSE30528;GSE104948_H7;GSE1009_donor_averaged,GSE96804;GSE30528;GSE104948_H7;GSE1009_donor_averaged,4.0,1.1620252755308165,0.18369102308454455,1.2855726216862287,0.3761472698727685,0.3761472698727685,-0.03504321371832919,2.359093764779962,-0.03504321371832919,2.359093764779962,0.053743811541207914,0.053743811541207914,-1.2915350136851151,3.6155855647467483,-1.2915350136851151,3.6155855647467483,5.76749391076231,47.98434040126313,0.053743811541207914,0.46872114987964925,False
FBLN2,small-sample glomerular sensitivity including donor-averaged GSE1009,GSE96804;GSE30528;GSE104948_H7;GSE1009_donor_averaged,GSE96804;GSE30528;GSE104948_H7;GSE1009_donor_averaged,4.0,0.8668704189864612,0.010426615100650504,0.9816494567502981,0.21828556868871138,0.2203163912341596,0.17218831741631868,1.5615525205566039,0.16572533370987008,1.5680155042630524,0.028541458360630278,0.029239580562258265,-0.1700171539815981,1.9037579919545204,-0.17793847710351784,1.9116793150764404,3.0837968956191917,2.717328619736035,0.029239580562258265,0.44789906593284123,False
FBLN5,small-sample glomerular sensitivity including donor-averaged GSE1009,GSE96804;GSE30528;GSE104948_H7;GSE1009_donor_averaged,GSE96804;GSE30528;GSE104948_H7;GSE1009_donor_averaged,4.0,1.0854063053241205,0.0,0.2650346848005822,0.11059238892579487,0.21481958971316586,0.7334519657947258,1.4373606448535152,0.40175449573889377,1.7690581149093472,0.0022483907325107923,0.014956440122632055,0.6095656612230351,1.561246949425206,0.16111221124110797,2.009700399407133,0.7951040544017465,0.0,0.014956440122632055,0.44789906593284123,False
FBN1,small-sample glomerular sensitivity including donor-averaged GSE1009,GSE96804;GSE30528;GSE104948_H7;GSE1009_donor_averaged,GSE96804;GSE30528;GSE104948_H7;GSE1009_donor_averaged,4.0,1.270986243778113,1.2807650992970112,1.0140467052642015,0.6440273120929286,0.6440273120929286,-0.7785960960938252,3.320568583650051,-0.7785960960938252,3.320568583650051,0.14295910534223233,0.14295910534223233,-4.331616614531143,6.873589102087369,-4.331616614531143,6.873589102087369,15.577978412762649,80.74204546629635,0.14295910534223233,0.5742797806989474,False
FBN2,small-sample glomerular sensitivity including donor-averaged GSE1009,GSE96804;GSE30528;GSE104948_H7;GSE1009_donor_averaged,GSE96804;GSE30528;GSE104948_H7;GSE1009_donor_averaged,4.0,1.19113578600558,0.7235547069121622,1.0576287353264233,0.5263054774893654,0.5263054774893654,-0.48380313628102845,2.8660747082921887,-0.48380313628102845,2.8660747082921887,0.10860424131928488,0.10860424131928488,-3.112704661659242,5.4949762336704016,-3.112704661659242,5.4949762336704016,9.698370553885681,69.06696868993069,0.10860424131928488,0.5276698201083991,False
FBN3,small-sample glomerular sensitivity including donor-averaged GSE1009,GSE96804;GSE30528;GSE104948_H7;GSE1009_donor_averaged,GSE96804,1.0,,,,,,,,,,,,,,,,,,1.0,1.0,False
FCAMR,small-sample glomerular sensitivity including donor-averaged GSE1009,GSE96804;GSE30528;GSE104948_H7;GSE1009_donor_averaged,GSE96804,1.0,,,,,,,,,,,,,,,,,,1.0,1.0,False
FCER1G,small-sample glomerular sensitivity including donor-averaged GSE1009,GSE96804;GSE30528;GSE104948_H7;GSE1009_donor_averaged,GSE96804;GSE30528;GSE104948_H7;GSE1009_donor_averaged,4.0,1.3600764939801564,3.2369475324267487,1.0480091949874522,0.9840618880473853,0.9840618880473853,-1.7716476258067544,4.491800613767067,-1.7716476258067544,4.491800613767067,0.26086871348250273,0.26086871348250273,-7.463326084850411,10.183479072810723,-7.463326084850411,10.183479072810723,25.73294999286623,88.341795243718,0.26086871348250273,0.6831444904909687,False
FCN1,small-sample glomerular sensitivity including donor-averaged GSE1009,GSE96804;GSE30528;GSE104948_H7;GSE1009_donor_averaged,GSE96804;GSE30528;GSE104948_H7;GSE1009_donor_averaged,4.0,0.9727753328978329,2.8533780258644486,0.9713378962602954,0.8905752117837239,0.9036191713418507,-1.8614324594205347,3.8069831252162003,-1.9029441603225656,3.8484948261182312,0.35456897751041855,0.36055100724466665,-7.243491541555344,9.18904220735101,-7.269815538716016,9.215366204511682,35.10577273858742,91.45439690976387,0.36055100724466665,0.7855882866525605,False
FCN2,small-sample glomerular sensitivity including donor-averaged GSE1009,GSE96804;GSE30528;GSE104948_H7;GSE1009_donor_averaged,GSE96804;GSE30528;GSE104948_H7;GSE1009_donor_averaged,4.0,0.23997587802654233,0.0,0.879753700096244,0.19166359771197197,0.2043426800122893,-0.3699832303693058,0.8499349864223904,-0.4103337289903387,0.8902854850434233,0.2992729189035893,0.32498027128489987,-0.5846860238624766,1.0646377799155613,-0.639239711932655,1.1191914679857398,2.639261100288732,0.0,0.32498027128489987,0.7526187558142038,False
FCN3,small-sample glomerular sensitivity including donor-averaged GSE1009,GSE96804;GSE30528;GSE104948_H7;GSE1009_donor_averaged,GSE96804;GSE30528;GSE104948_H7;GSE1009_donor_averaged,4.0,-0.4869552083101584,0.0,0.35078028994686417,0.12097295810471942,0.20425406526484233,-0.8719451518697635,-0.10196526475055334,-1.1369828036514331,0.16307238703111632,0.027549277973565257,0.09726029241382902,-1.0074598367252967,0.03354942010497991,-1.365789519784357,0.3918791031640401,1.0523408698405925,0.0,0.09726029241382902,0.5183491790207019,False
FGA,small-sample glomerular sensitivity including donor-averaged GSE1009,GSE96804;GSE30528;GSE104948_H7;GSE1009_donor_averaged,GSE96804;GSE30528;GSE104948_H7;GSE1009_donor_averaged,4.0,-0.006643182751454058,0.0,0.5841093799867524,0.15413037005226018,0.20166992225839664,-0.4971548094562801,0.48386844395337203,-0.648446881729541,0.6351605162266329,0.9683292574184117,0.9757908323046656,-0.669812640194106,0.656526274691198,-0.8743588242649061,0.861072458761998,1.7523281399602573,0.0,0.9757908323046656,1.0,False
FGB,small-sample glomerular sensitivity including donor-averaged GSE1009,GSE96804;GSE30528;GSE104948_H7;GSE1009_donor_averaged,GSE96804;GSE30528;GSE104948_H7;GSE1009_donor_averaged,4.0,0.2693710997095845,0.0,0.2093003891852824,0.09241518070445166,0.20200322316300723,-0.02473525067542387,0.5634774500945929,-0.3734933115009281,0.9122355109200971,0.06175611807011833,0.27457698151245946,-0.12825932981871424,0.6670015292378833,-0.5997786198509183,1.1385208192700873,0.6279011675558472,0.0,0.27457698151245946,0.7003054609910612,False
FGF2,small-sample glomerular sensitivity including donor-averaged GSE1009,GSE96804;GSE30528;GSE104948_H7;GSE1009_donor_averaged,GSE96804;GSE30528;GSE104948_H7;GSE1009_donor_averaged,4.0,1.0317436445419943,0.0,0.710996960240728,0.18023510234062368,0.21374969587855172,0.4581551090156455,1.605332180068343,0.3514967146377812,1.7119905744462074,0.01058051569938234,0.01694844569136302,0.25625458945943624,1.8072326996245525,0.11205293208702638,1.951434356996962,2.132990880722184,0.0,0.01694844569136302,0.44789906593284123,False
FGG,small-sample glomerular sensitivity including donor-averaged GSE1009,GSE96804;GSE30528;GSE104948_H7;GSE1009_donor_averaged,GSE96804;GSE30528;GSE104948_H7;GSE1009_donor_averaged,4.0,0.5826635296385662,0.06409436296980368,0.6260357675905875,0.20255467112812695,0.25600160586806175,-0.06195583511109792,1.2272828943882303,-0.2320478351029429,1.3973748943800752,0.06370701342149424,0.10732837514621976,-0.8123700707911031,1.9776971300682353,-0.9664778015649017,2.131804860842034,2.8727870293760565,0.0,0.10732837514621976,0.5272729623754213,False
FKBP1A,small-sample glomerular sensitivity including donor-averaged GSE1009,GSE96804;GSE30528;GSE104948_H7;GSE1009_donor_averaged,GSE96804;GSE30528;GSE104948_H7;GSE1009_donor_averaged,4.0,0.41083027881013223,0.0,0.4576284107436524,0.13774200560187116,0.20361506763523934,-0.02752625799991043,0.849186815620175,-0.23716374088572745,1.058824298505992,0.05847498464534014,0.13696262325721129,-0.1818257375939244,1.0034862952141888,-0.4652546477687517,1.286915205389016,1.3728852322309573,0.0,0.13696262325721129,0.5742797806989474,False
FMOD,small-sample glomerular sensitivity including donor-averaged GSE1009,GSE96804;GSE30528;GSE104948_H7;GSE1009_donor_averaged,GSE96804;GSE30528;GSE104948_H7;GSE1009_donor_averaged,4.0,1.7935310120710617,0.5265139670245905,0.853777797180328,0.4357167671927515,0.47155444654351714,0.4068857961683283,3.180176227973795,0.29283430592854187,3.2942277182135813,0.02597784335629362,0.03192978374238575,-1.8481582805916288,5.435220304733752,-1.9298862236641678,5.516948247806291,9.178827104121568,67.31608553065664,0.03192978374238575,0.44789906593284123,False
FN1,small-sample glomerular sensitivity including donor-averaged GSE1009,GSE96804;GSE30528;GSE104948_H7;GSE1009_donor_averaged,GSE96804;GSE30528;GSE104948_H7;GSE1009_donor_averaged,4.0,1.5476842504899353,10.546712219678174,1.0633407076508217,1.747617233120133,1.747617233120133,-4.014013756103369,7.109382257083238,-4.014013756103369,7.109382257083238,0.4410602507719157,0.4410602507719157,-14.320227306399646,17.415595807379518,-14.320227306399646,17.415595807379518,32.37670171805583,90.73407777566496,0.4410602507719157,0.8590800406826119,False
FURIN,small-sample glomerular sensitivity including donor-averaged GSE1009,GSE96804;GSE30528;GSE104948_H7;GSE1009_donor_averaged,GSE96804;GSE30528;GSE104948_H7;GSE1009_donor_averaged,4.0,-0.07769084992523602,0.0,0.490571338395215,0.14117902781220235,0.20156684653957213,-0.5269855253697252,0.3716038255192532,-0.7191665159627855,0.5637848161123135,0.6204378014403397,0.7256206793195081,-0.6851351793247836,0.5297534794743116,-0.9449629924157169,0.7895812925652449,1.471714015185645,0.0,0.7256206793195081,1.0,False
FYN,small-sample glomerular sensitivity including donor-averaged GSE1009,GSE96804;GSE30528;GSE104948_H7;GSE1009_donor_averaged,GSE96804;GSE30528;GSE104948_H7;GSE1009_donor_averaged,4.0,-1.320222394957114,1.0379671160970978,0.8439487231949979,0.5596546250074702,0.6092030470780782,-3.1012931885470767,0.46084839863284865,-3.2589783812983204,0.6185335913840926,0.09949052850385061,0.11877608546301967,-6.321638245547952,3.6811934556337236,-6.427700392643263,3.787255602729036,17.684137554901685,83.03564428468007,0.11877608546301967,0.5470686759855553,False
GAS6,small-sample glomerular sensitivity including donor-averaged GSE1009,GSE96804;GSE30528;GSE104948_H7;GSE1009_donor_averaged,GSE96804;GSE30528;GSE104948_H7;GSE1009_donor_averaged,4.0,-0.8537282180687243,0.9542882423244599,0.988935175678157,0.5597689572099931,0.5628917688463285,-2.6351628677541807,0.9277064316167322,-2.6451010481083332,0.9376446119708847,0.2246344195822792,0.22661739198719355,-5.698044261077311,3.9905878249398627,-5.704738550366396,3.9972821142289474,16.664279871965118,81.99742189251754,0.22661739198719355,0.6478651561154543,False
GDF5,small-sample glomerular sensitivity including donor-averaged GSE1009,GSE96804;GSE30528;GSE104948_H7;GSE1009_donor_averaged,GSE96804;GSE30528;GSE104948_H7;GSE1009_donor_averaged,4.0,0.3533977181152662,0.7788537801185172,1.485719639763125,0.6673439277109923,0.6673439277109923,-1.7703884989820988,2.477183935212631,-1.7703884989820988,2.477183935212631,0.6331037046561532,0.6331037046561532,-4.407214249482163,5.114009685712695,-4.407214249482163,5.114009685712695,12.73949923031315,76.45119367909207,0.6331037046561532,1.0,False
GLG1,small-sample glomerular sensitivity including donor-averaged GSE1009,GSE96804;GSE30528;GSE104948_H7;GSE1009_donor_averaged,GSE96804;GSE30528;GSE104948_H7;GSE1009_donor_averaged,4.0,0.31750813859277993,1.2906389935531495,0.9333999811780624,0.6156430016114852,0.6372282970713261,-1.6417426572594631,2.2767589344450228,-1.7104367010440908,2.345452978229651,0.6416406526452846,0.6525356945423773,-5.242170707205232,5.877186984390792,-5.287015224599632,5.922031501785192,18.326329692060618,83.63011006344784,0.6525356945423773,1.0,False
GP1BA,small-sample glomerular sensitivity including donor-averaged GSE1009,GSE96804;GSE30528;GSE104948_H7;GSE1009_donor_averaged,GSE96804;GSE30528;GSE104948_H7;GSE1009_donor_averaged,4.0,-0.002199195069435081,0.18596808441036575,1.5925150299663144,0.41465925480616034,0.41465925480616034,-1.3218300084789956,1.3174316183401253,-1.3218300084789956,1.3174316183401253,0.9961013058455461,0.9961013058455461,-2.5762875116907344,2.5718891215518647,-2.5762875116907344,2.5718891215518647,7.321908301404582,59.02707495770601,0.9961013058455461,1.0,False
GP1BB,small-sample glomerular sensitivity including donor-averaged GSE1009,GSE96804;GSE30528;GSE104948_H7;GSE1009_donor_averaged,GSE30528;GSE1009_donor_averaged,2.0,-0.3132574200980596,0.0,0.9686618868795983,0.3995825772079678,0.4059947685640144,-5.390435455110831,4.763920614914712,-5.471910071288288,4.845395231092169,0.5767212719100592,0.5816326949305645,,,,,0.9686618868795983,0.0,0.5816326949305645,0.9698177522168012,False
GP5,small-sample glomerular sensitivity including donor-averaged GSE1009,GSE96804;GSE30528;GSE104948_H7;GSE1009_donor_averaged,GSE96804;GSE30528;GSE104948_H7;GSE1009_donor_averaged,4.0,-0.27691365560376063,0.0,1.9930827391031016,0.2914573012745734,0.2914573012745734,-1.2044608671929873,0.6506335559854661,-1.2044608671929873,0.6506335559854661,0.4121545132774904,0.4121545132774904,-1.5309532085382151,0.977125897330694,-1.5309532085382151,0.977125897330694,5.979248217309305,49.82646829554073,0.4121545132774904,0.8232576119802933,False
GP6,small-sample glomerular sensitivity including donor-averaged GSE1009,GSE96804;GSE30528;GSE104948_H7;GSE1009_donor_averaged,GSE96804;GSE30528;GSE104948_H7,3.0,0.03749527407741487,0.0,0.3987741325620662,0.12970355648408027,0.20539430380130239,-0.5205740872870267,0.5955646354418563,-0.8462450878482491,0.9212356360030788,0.7997278213946485,0.8719779765859205,-1.610544669619308,1.6855352177741376,-2.5722868016659977,2.6472773498208273,0.7975482651241323,0.0,0.8719779765859205,1.0,False
GP9,small-sample glomerular sensitivity including donor-averaged GSE1009,GSE96804;GSE30528;GSE104948_H7;GSE1009_donor_averaged,GSE96804;GSE30528;GSE104948_H7;GSE1009_donor_averaged,4.0,0.1595660573267215,0.25292084081410104,1.857734970780536,0.49745364393042546,0.49745364393042546,-1.4235534538495782,1.7426855685030211,-1.4235534538495782,1.7426855685030211,0.7694337136521933,0.7694337136521933,-2.8840277166662154,3.2031598313196583,-2.8840277166662154,3.2031598313196583,8.28256372374395,63.77933089244115,0.7694337136521933,1.0,False
GPC1,small-sample glomerular sensitivity including donor-averaged GSE1009,GSE96804;GSE30528;GSE104948_H7;GSE1009_donor_averaged,GSE96804;GSE30528;GSE104948_H7;GSE1009_donor_averaged,4.0,1.1007471257016535,0.12236666634748164,0.7269005269507526,0.2567008474871761,0.30108547909048855,0.2838104620528934,1.9176837893504135,0.14255875519555317,2.058935496207754,0.02331222010044676,0.035345480252077024,-0.7661381029787602,2.967632354382067,-0.8850990309142961,3.0865932823176028,3.815180448505315,21.366759960847478,0.035345480252077024,0.44789906593284123,False
GPC2,small-sample glomerular sensitivity including donor-averaged GSE1009,GSE96804;GSE30528;GSE104948_H7;GSE1009_donor_averaged,GSE96804,1.0,,,,,,,,,,,,,,,,,,1.0,1.0,False
GPC3,small-sample glomerular sensitivity including donor-averaged GSE1009,GSE96804;GSE30528;GSE104948_H7;GSE1009_donor_averaged,GSE96804;GSE30528;GSE104948_H7;GSE1009_donor_averaged,4.0,0.38328781367670717,0.20739758491171295,0.935638703095789,0.32003791221898603,0.3308623419265567,-0.6352156576153166,1.401791284968731,-0.669663823944978,1.4362394512983925,0.31705766342238756,0.33052264720113333,-2.0116393883760755,2.7782150157294896,-2.038717693444842,2.805293320798256,5.761553454981052,47.93070960043942,0.33052264720113333,0.7526187558142038,False
GPC4,small-sample glomerular sensitivity including donor-averaged GSE1009,GSE96804;GSE30528;GSE104948_H7;GSE1009_donor_averaged,GSE96804;GSE30528;GSE104948_H7;GSE1009_donor_averaged,4.0,0.19137646170264866,0.04917005168284734,1.942253447400599,0.3471378978429819,0.3471378978429819,-0.9133712587117021,1.2961241821169995,-0.9133712587117021,1.2961241821169995,0.6198328068836225,0.6198328068836225,-1.5809549395647604,1.963707862970058,-1.5809549395647604,1.963707862970058,6.518579193884026,53.9777011098567,0.6198328068836225,1.0,False
GPC5,small-sample glomerular sensitivity including donor-averaged GSE1009,GSE96804;GSE30528;GSE104948_H7;GSE1009_donor_averaged,GSE96804;GSE30528;GSE104948_H7;GSE1009_donor_averaged,4.0,-0.3997298999642756,0.07387480880598488,1.0376098271411198,0.2656522867896983,0.2656522867896983,-1.2451540385483189,0.4456942386197677,-1.2451540385483189,0.4456942386197677,0.22945611884556308,0.22945611884556308,-2.0349980361835116,1.2355382362549603,-2.0349980361835116,1.2355382362549603,4.155331047338035,27.80358614455416,0.22945611884556308,0.6533241492948214,False
GPC6,small-sample glomerular sensitivity including donor-averaged GSE1009,GSE96804;GSE30528;GSE104948_H7;GSE1009_donor_averaged,GSE96804,1.0,,,,,,,,,,,,,,,,,,1.0,1.0,False
GRB14,small-sample glomerular sensitivity including donor-averaged GSE1009,GSE96804;GSE30528;GSE104948_H7;GSE1009_donor_averaged,GSE96804;GSE30528;GSE104948_H7;GSE1009_donor_averaged,4.0,0.36120303572671114,0.12933731192715497,0.8185723917372713,0.26647660382155663,0.29453067876922134,-0.48684444754975215,1.2092505190031744,-0.5761250347150999,1.2985311061685223,0.2682857884469039,0.30753813951629744,-1.564670729665742,2.2870768011191642,-1.6388855955336719,2.361291666987094,4.512271616294049,33.514640626534025,0.30753813951629744,0.7213763421639359,False
GRB2,small-sample glomerular sensitivity including donor-averaged GSE1009,GSE96804;GSE30528;GSE104948_H7;GSE1009_donor_averaged,GSE96804;GSE30528;GSE104948_H7;GSE1009_donor_averaged,4.0,-0.2866559226701209,2.796824687111973,0.9517272769907658,0.8767068312005337,0.8986656301797145,-3.0767283384412467,2.503416493101005,-3.146611037121008,2.5732991917807664,0.7651765511026118,0.7706615553039127,-8.411084673712253,7.83777282837201,-8.455380774715163,7.88206892937492,43.3639862595737,93.08181682827262,0.7706615553039127,1.0,False
GRB7,small-sample glomerular sensitivity including donor-averaged GSE1009,GSE96804;GSE30528;GSE104948_H7;GSE1009_donor_averaged,GSE96804;GSE30528;GSE104948_H7;GSE1009_donor_averaged,4.0,0.3254302461715439,0.8190864737745069,0.8357982162265943,0.4838728842547321,0.5292740062448724,-1.2144692265518995,1.8653297188949873,-1.3589558594851563,2.009816351828244,0.5493992463144394,0.5821383697853085,-4.0902308015483015,4.74109129389139,-4.185624542833603,4.83648503517669,18.0597649032515,83.38848807793796,0.5821383697853085,0.9698177522168012,False
GYPA,small-sample glomerular sensitivity including donor-averaged GSE1009,GSE96804;GSE30528;GSE104948_H7;GSE1009_donor_averaged,GSE96804;GSE30528;GSE104948_H7;GSE1009_donor_averaged,4.0,-0.751604259271734,0.6740586952786816,0.9830450681921659,0.4876382319137178,0.49182549028480826,-2.303486748740625,0.8002782301971569,-2.3168124736729703,0.8136039551295022,0.22089754709251364,0.22392453583335165,-4.8602427905357,3.357034271992232,-4.86947222860196,3.366263710058491,12.10837882975902,75.22376825023977,0.22392453583335165,0.6478651561154543,False
GYPB,small-sample glomerular sensitivity including donor-averaged GSE1009,GSE96804;GSE30528;GSE104948_H7;GSE1009_donor_averaged,GSE96804;GSE30528;GSE104948_H7;GSE1009_donor_averaged,4.0,-0.15707381180415242,0.3205164377154076,0.8586321809202105,0.3484545917290344,0.3760474179409372,-1.266011839811361,0.9518642162030562,-1.3538245276417662,1.0396769040334615,0.682740447007335,0.7042632090974337,-3.017406153232387,2.7032585296240823,-3.08138432418681,2.7672367005785055,7.322647510632228,59.031211107128875,0.7042632090974337,1.0,False
GYPC,small-sample glomerular sensitivity including donor-averaged GSE1009,GSE96804;GSE30528;GSE104948_H7;GSE1009_donor_averaged,GSE96804;GSE30528;GSE104948_H7;GSE1009_donor_averaged,4.0,0.9488236379848449,0.5596743874375159,1.0269673537276753,0.47009775626421746,0.47009775626421746,-0.5472372295603749,2.444884505530065,-0.5472372295603749,2.444884505530065,0.13687363632598243,0.13687363632598243,-2.85279902450711,4.7504463004768,-2.85279902450711,4.7504463004768,10.715929533742147,72.00429518919802,0.13687363632598243,0.5742797806989474,False
GZMM,small-sample glomerular sensitivity including donor-averaged GSE1009,GSE96804;GSE30528;GSE104948_H7;GSE1009_donor_averaged,GSE96804;GSE30528;GSE104948_H7;GSE1009_donor_averaged,4.0,0.8713311872439046,0.5267966122379933,0.8762075245393034,0.4284332929206369,0.4576987461020195,-0.49213476287190894,2.234797137359718,-0.5852704962214531,2.327932870709262,0.1348542507912481,0.15306914971747457,-2.755046275099965,4.497708649587774,-2.8206476188882013,4.56330999337601,10.852359597771029,72.35624222573522,0.15306914971747457,0.5933789592277746,False
HAPLN1,small-sample glomerular sensitivity including donor-averaged GSE1009,GSE96804;GSE30528;GSE104948_H7;GSE1009_donor_averaged,GSE96804;GSE30528;GSE104948_H7;GSE1009_donor_averaged,4.0,0.33797799546359825,1.2660052873451768,0.928768093251516,0.6126025637262471,0.6356604138815027,-1.6115967700743241,2.2875527610015207,-1.6849771401087028,2.360933131035899,0.6195841478397206,0.6317906529798075,-5.174267928783668,5.8502239197108645,-5.222390333660418,5.898346324587615,17.52573473087371,82.88231537183354,0.6317906529798075,1.0,False
HDAC1,small-sample glomerular sensitivity including donor-averaged GSE1009,GSE96804;GSE30528;GSE104948_H7;GSE1009_donor_averaged,GSE96804;GSE30528;GSE104948_H7;GSE1009_donor_averaged,4.0,-0.5075483056596668,1.550005562168202,0.9769359034841197,0.6810922769506607,0.689085196915014,-2.6750879059985646,1.659991294679231,-2.700524944607549,1.6854283332882156,0.5102231193968235,0.5147636763775466,-6.613514714951496,5.598418103632161,-6.630094589472925,5.614997978153591,18.246833234501224,83.55879093404776,0.5147636763775466,0.9311686073419128,False
HIF1A,small-sample glomerular sensitivity including donor-averaged GSE1009,GSE96804;GSE30528;GSE104948_H7;GSE1009_donor_averaged,GSE96804;GSE30528;GSE104948_H7;GSE1009_donor_averaged,4.0,0.8386556674842767,0.0,0.8712062261812769,0.19645092639260092,0.21047164522231135,0.21346114261658222,1.4638501923519711,0.16884095777954855,1.508470377189005,0.02358943135015733,0.028291614167001274,-0.006604447220658338,1.6839157821892117,-0.06693073136636152,1.7442420663349147,2.6136186785438307,0.0,0.028291614167001274,0.44789906593284123,False
HIF1AN,small-sample glomerular sensitivity including donor-averaged GSE1009,GSE96804;GSE30528;GSE104948_H7;GSE1009_donor_averaged,GSE96804;GSE30528;GSE104948_H7,3.0,0.3517743720396984,0.10646498230629187,0.8605003105383422,0.26830386834643477,0.2892353818096159,-0.8026439995034294,1.5061927435828262,-0.8927050330435733,1.5962537771229701,0.3201321796697672,0.3479613104709221,-5.015780532727686,5.719329276807083,-5.188511022679346,5.892059766758742,3.2749575332574317,38.93050582519454,0.3479613104709221,0.7762213848966725,False
HIF3A,small-sample glomerular sensitivity including donor-averaged GSE1009,GSE96804;GSE30528;GSE104948_H7;GSE1009_donor_averaged,GSE96804;GSE30528;GSE104948_H7,3.0,-0.2514045350362,1.3260991948500205,1.0293230608797193,0.7173833843772527,0.7173833843772527,-3.338056112103894,2.8352470420314937,-3.338056112103894,2.8352470420314937,0.7594718303299303,0.7594718303299303,-17.49039587201444,16.987586801942037,-17.49039587201444,16.987586801942037,14.94080967272496,86.613844605416,0.7594718303299303,1.0,False
HIGD1A,small-sample glomerular sensitivity including donor-averaged GSE1009,GSE96804;GSE30528;GSE104948_H7;GSE1009_donor_averaged,GSE96804;GSE30528;GSE104948_H7,3.0,-0.07387200097228853,0.020284479631004736,1.032623575662583,0.22906550271715467,0.22906550271715467,-1.059461311529687,0.9117173095851098,-1.059461311529687,0.9117173095851098,0.7776704788288722,0.7776704788288722,-3.5011451339727677,3.3534011320281905,-3.5011451339727677,3.3534011320281905,2.341138424962434,14.571476053062005,0.7776704788288722,1.0,False
HRAS,small-sample glomerular sensitivity including donor-averaged GSE1009,GSE96804;GSE30528;GSE104948_H7;GSE1009_donor_averaged,GSE96804;GSE30528;GSE104948_H7;GSE1009_donor_averaged,4.0,-0.2984861345028821,0.43246258873164994,0.8058563536899164,0.3724282673355069,0.41487170802869233,-1.4837190978679788,0.8867468288622148,-1.6187930688855352,1.0218207998797708,0.4814706959437754,0.5238361382330331,-3.550236830612997,2.9532645616072326,-3.644005797102556,3.0470335280967915,10.229231427192165,70.67228343250541,0.5238361382330331,0.9342337669126306,False
HSPG2,small-sample glomerular sensitivity including donor-averaged GSE1009,GSE96804;GSE30528;GSE104948_H7;GSE1009_donor_averaged,GSE96804;GSE30528;GSE104948_H7;GSE1009_donor_averaged,4.0,1.249066942501579,1.2022590229343797,0.9662632119347601,0.6143640553628644,0.6249972060220345,-0.7061136755870843,3.2042475605902423,-0.7399531066158849,3.238086991619043,0.13493952184614394,0.13952650155271423,-4.158773992515564,6.656907877518722,-4.181284000020681,6.679417885023839,15.228687000727797,80.30033712127232,0.13952650155271423,0.5742797806989474,False
HTRA1,small-sample glomerular sensitivity including donor-averaged GSE1009,GSE96804;GSE30528;GSE104948_H7;GSE1009_donor_averaged,GSE96804;GSE30528;GSE104948_H7;GSE1009_donor_averaged,4.0,-1.5648111942938296,0.26877405240226226,0.9688861741635466,0.37760693815357227,0.38362207148213234,-2.7665249994701595,-0.3630973891175,-2.785667838307424,-0.34395455028023525,0.025521604391193786,0.026606798141335417,-4.324422276367979,1.1947998877803196,-4.339738502679809,1.2101161140921497,5.295941007075447,43.352843319214465,0.026606798141335417,0.44789906593284123,False
IBSP,small-sample glomerular sensitivity including donor-averaged GSE1009,GSE96804;GSE30528;GSE104948_H7;GSE1009_donor_averaged,GSE96804;GSE30528;GSE104948_H7;GSE1009_donor_averaged,4.0,0.2463588591103177,0.02565660454295221,1.451203411789294,0.2747666787120127,0.2747666787120127,-0.6280713423718027,1.1207890605924382,-0.6280713423718027,1.1207890605924382,0.43599804358374195,0.43599804358374195,-1.122083132590765,1.6148008508114002,-1.122083132590765,1.6148008508114002,4.701648474219278,36.19259252472807,0.43599804358374195,0.8556051832733582,False
ICAM1,small-sample glomerular sensitivity including donor-averaged GSE1009,GSE96804;GSE30528;GSE104948_H7;GSE1009_donor_averaged,GSE96804;GSE30528;GSE104948_H7;GSE1009_donor_averaged,4.0,0.26013589560216593,0.35585307509037956,0.935719472729495,0.37767472606836067,0.3904317156681378,-0.9417936409731249,1.4620654321774569,-0.9823920753914781,1.50266386659581,0.5404472542516789,0.5528913209874483,-2.7777053575064796,3.297977148710811,-2.8074171247581248,3.3276889159624563,7.803337689009077,61.5549125315252,0.5528913209874483,0.9453366921446122,False
ICAM2,small-sample glomerular sensitivity including donor-averaged GSE1009,GSE96804;GSE30528;GSE104948_H7;GSE1009_donor_averaged,GSE96804;GSE30528;GSE104948_H7;GSE1009_donor_averaged,4.0,0.34015975669690607,0.594408666589851,0.9380478440668027,0.45928508399104684,0.47420905922792045,-1.1214903619223182,1.8018098753161305,-1.1689851117750523,1.8493046251688645,0.5126189999445185,0.5249844922625255,-3.5211000034764384,4.20141951687025,-3.554353980358235,4.234673493752047,10.569124255323542,71.61543447188696,0.5249844922625255,0.9342337669126306,False
ICAM3,small-sample glomerular sensitivity including donor-averaged GSE1009,GSE96804;GSE30528;GSE104948_H7;GSE1009_donor_averaged,GSE96804;GSE30528;GSE104948_H7;GSE1009_donor_averaged,4.0,0.38218528233251825,2.112119447975141,0.9283708205224578,0.7570653461084035,0.7857287174384682,-2.0271345312485014,2.7915050959135383,-2.1183541714348415,2.8827247360998776,0.6484304541521625,0.6599964626533072,-6.6684794487860595,7.4328500134510955,-6.726298463103987,7.490669027769023,38.260302110193656,92.1589746171902,0.6599964626533072,1.0,False
ICAM4,small-sample glomerular sensitivity including donor-averaged GSE1009,GSE96804;GSE30528;GSE104948_H7;GSE1009_donor_averaged,GSE96804;GSE30528;GSE104948_H7;GSE1009_donor_averaged,4.0,-0.1851720308147024,0.21778860738470712,0.9403673801786017,0.3249120531440392,0.3350557262635337,-1.2191871938850938,0.8488431322556889,-1.2514688889262346,0.8811248272968297,0.60862031667769,0.6190075171257136,-2.6318513956423994,2.2615073340129945,-2.6570486344303297,2.2867045728009248,5.894878379857266,49.108364809510455,0.6190075171257136,1.0,False
ICAM5,small-sample glomerular sensitivity including donor-averaged GSE1009,GSE96804;GSE30528;GSE104948_H7;GSE1009_donor_averaged,GSE96804;GSE30528;GSE104948_H7;GSE1009_donor_averaged,4.0,-0.115129182187087,0.19825605760720522,1.4680338501451733,0.4035050328025595,0.4035050328025595,-1.3992622829929737,1.1690039186187997,-1.3992622829929737,1.1690039186187997,0.7939618259173394,0.7939618259173394,-2.7005629874439387,2.470304623069765,-2.7005629874439387,2.470304623069765,6.928342064784662,56.69959750907243,0.7939618259173394,1.0,False
IGHA1,small-sample glomerular sensitivity including donor-averaged GSE1009,GSE96804;GSE30528;GSE104948_H7;GSE1009_donor_averaged,GSE96804;GSE30528;GSE1009_donor_averaged,3.0,0.8693092899230924,0.0,0.3865519194147181,0.14656956460637505,0.2357435834045871,0.2386713526712827,1.4999472271749021,-0.14501348273357417,1.8836320625797591,0.027270047170396043,0.06631008976495018,-0.993033606057493,2.7316521859036778,-2.126096946055066,3.864715525901251,0.7731038388294362,0.0,0.06631008976495018,0.47633761730234847,False
IGHA2,small-sample glomerular sensitivity including donor-averaged GSE1009,GSE96804;GSE30528;GSE104948_H7;GSE1009_donor_averaged,,0.0,,,,,,,,,,,,,,,,,,1.0,1.0,False
IGHG1,small-sample glomerular sensitivity including donor-averaged GSE1009,GSE96804;GSE30528;GSE104948_H7;GSE1009_donor_averaged,GSE30528;GSE1009_donor_averaged,2.0,1.2134073436080837,0.0,0.1394059956519416,0.16521212916425104,0.44248769894413587,-0.8858117944522281,3.3126264816683957,-4.408931952414938,6.835746639631105,0.08614955749610342,0.22261293328929552,,,,,0.1394059956519416,0.0,0.22261293328929552,0.6478651561154543,False
IGHG2,small-sample glomerular sensitivity including donor-averaged GSE1009,GSE96804;GSE30528;GSE104948_H7;GSE1009_donor_averaged,,0.0,,,,,,,,,,,,,,,,,,1.0,1.0,False
IGHG3,small-sample glomerular sensitivity including donor-averaged GSE1009,GSE96804;GSE30528;GSE104948_H7;GSE1009_donor_averaged,,0.0,,,,,,,,,,,,,,,,,,1.0,1.0,False
IGHG4,small-sample glomerular sensitivity including donor-averaged GSE1009,GSE96804;GSE30528;GSE104948_H7;GSE1009_donor_averaged,GSE96804,1.0,,,,,,,,,,,,,,,,,,1.0,1.0,False
IGHM,small-sample glomerular sensitivity including donor-averaged GSE1009,GSE96804;GSE30528;GSE104948_H7;GSE1009_donor_averaged,GSE96804;GSE30528;GSE104948_H7;GSE1009_donor_averaged,4.0,0.7714348155158652,0.1827951072335396,0.7332202492193275,0.27804120140858807,0.32470720939687137,-0.11341637862353915,1.6562860096552696,-0.2619284433281912,1.8047980743599217,0.06930576449029222,0.09799007895984527,-1.4229265845630943,2.9657962155948248,-1.538532287629749,3.0814019186614794,4.978653961618654,39.74274928268676,0.09799007895984527,0.5183491790207019,False
IGHV1-2,small-sample glomerular sensitivity including donor-averaged GSE1009,GSE96804;GSE30528;GSE104948_H7;GSE1009_donor_averaged,GSE104948_H7,1.0,,,,,,,,,,,,,,,,,,1.0,1.0,False
IGHV1-46,small-sample glomerular sensitivity including donor-averaged GSE1009,GSE96804;GSE30528;GSE104948_H7;GSE1009_donor_averaged,GSE96804;GSE104948_H7,2.0,0.2642461901018744,0.08112486974975315,1.0000000148491974,0.31760819572918797,0.31760819572918797,-3.771348570720233,4.299840950923982,-3.771348570720233,4.299840950923982,0.5582216871885146,0.5582216871885146,,,,,1.5889426096532033,37.06506491016335,0.5582216871885146,0.9522605252039367,False
IGHV1-69,small-sample glomerular sensitivity including donor-averaged GSE1009,GSE96804;GSE30528;GSE104948_H7;GSE1009_donor_averaged,GSE96804,1.0,,,,,,,,,,,,,,,,,,1.0,1.0,False
IGHV2-5,small-sample glomerular sensitivity including donor-averaged GSE1009,GSE96804;GSE30528;GSE104948_H7;GSE1009_donor_averaged,GSE96804,1.0,,,,,,,,,,,,,,,,,,1.0,1.0,False
IGHV2-70,small-sample glomerular sensitivity including donor-averaged GSE1009,GSE96804;GSE30528;GSE104948_H7;GSE1009_donor_averaged,GSE96804,1.0,,,,,,,,,,,,,,,,,,1.0,1.0,False
IGHV3-11,small-sample glomerular sensitivity including donor-averaged GSE1009,GSE96804;GSE30528;GSE104948_H7;GSE1009_donor_averaged,GSE96804,1.0,,,,,,,,,,,,,,,,,,1.0,1.0,False
IGHV3-13,small-sample glomerular sensitivity including donor-averaged GSE1009,GSE96804;GSE30528;GSE104948_H7;GSE1009_donor_averaged,GSE96804,1.0,,,,,,,,,,,,,,,,,,1.0,1.0,False
IGHV3-23,small-sample glomerular sensitivity including donor-averaged GSE1009,GSE96804;GSE30528;GSE104948_H7;GSE1009_donor_averaged,GSE96804;GSE104948_H7,2.0,0.6771316592404735,0.0,0.8063730485396445,0.21467079554978308,0.239058925861775,-2.0505194198925696,3.4047827383735165,-2.360399996769247,3.7146633152501938,0.19544619369473745,0.21605997836791965,,,,,0.8063730485396445,0.0,0.21605997836791965,0.6408142540230344,False
IGHV3-30,small-sample glomerular sensitivity including donor-averaged GSE1009,GSE96804;GSE30528;GSE104948_H7;GSE1009_donor_averaged,GSE96804,1.0,,,,,,,,,,,,,,,,,,1.0,1.0,False
IGHV3-33,small-sample glomerular sensitivity including donor-averaged GSE1009,GSE96804;GSE30528;GSE104948_H7;GSE1009_donor_averaged,GSE96804,1.0,,,,,,,,,,,,,,,,,,1.0,1.0,False
IGHV3-48,small-sample glomerular sensitivity including donor-averaged GSE1009,GSE96804;GSE30528;GSE104948_H7;GSE1009_donor_averaged,GSE96804,1.0,,,,,,,,,,,,,,,,,,1.0,1.0,False
IGHV3-53,small-sample glomerular sensitivity including donor-averaged GSE1009,GSE96804;GSE30528;GSE104948_H7;GSE1009_donor_averaged,GSE96804,1.0,,,,,,,,,,,,,,,,,,1.0,1.0,False
IGHV3-7,small-sample glomerular sensitivity including donor-averaged GSE1009,GSE96804;GSE30528;GSE104948_H7;GSE1009_donor_averaged,GSE96804;GSE104948_H7,2.0,0.7316591203885253,0.1280343090365441,0.9999999995967515,0.36064965897714213,0.36064965904985785,-3.8508292846066263,5.314147525383677,-3.8508292855305672,5.314147526307618,0.2915513908838355,0.291551390934738,,,,,1.8357757241106512,45.527114948398506,0.291551390934738,0.7160354864099929,False
IGHV3-9,small-sample glomerular sensitivity including donor-averaged GSE1009,GSE96804;GSE30528;GSE104948_H7;GSE1009_donor_averaged,GSE96804,1.0,,,,,,,,,,,,,,,,,,1.0,1.0,False
IGHV4-34,small-sample glomerular sensitivity including donor-averaged GSE1009,GSE96804;GSE30528;GSE104948_H7;GSE1009_donor_averaged,GSE96804;GSE104948_H7,2.0,0.040515620119481385,0.7723142359946131,0.9999999991831208,0.6749292582407166,0.6749292585163844,-8.535273717521584,8.616304957760548,-8.535273721024277,8.616304961263241,0.961829881678591,0.9618298816941443,,,,,6.386189829305481,84.34121085140444,0.9618298816941443,1.0,False
IGHV4-39,small-sample glomerular sensitivity including donor-averaged GSE1009,GSE96804;GSE30528;GSE104948_H7;GSE1009_donor_averaged,GSE96804,1.0,,,,,,,,,,,,,,,,,,1.0,1.0,False
IGHV4-59,small-sample glomerular sensitivity including donor-averaged GSE1009,GSE96804;GSE30528;GSE104948_H7;GSE1009_donor_averaged,GSE96804,1.0,,,,,,,,,,,,,,,,,,1.0,1.0,False
IGHV7-81,small-sample glomerular sensitivity including donor-averaged GSE1009,GSE96804;GSE30528;GSE104948_H7;GSE1009_donor_averaged,GSE96804,1.0,,,,,,,,,,,,,,,,,,1.0,1.0,False
IGKC,small-sample glomerular sensitivity including donor-averaged GSE1009,GSE96804;GSE30528;GSE104948_H7;GSE1009_donor_averaged,GSE30528;GSE104948_H7;GSE1009_donor_averaged,3.0,1.0864100178194782,0.0,0.21554545247033968,0.1493557223869488,0.3217010174208109,0.44378421118757017,1.7290358244513864,-0.297757742949353,2.4705777785883094,0.018380293022559373,0.0776127459488374,-0.8113343693483634,2.98415440498732,-3.001188973365047,5.174009009004004,0.43109090494067936,0.0,0.0776127459488374,0.4929110620530174,False
IGKV1-12,small-sample glomerular sensitivity including donor-averaged GSE1009,GSE96804;GSE30528;GSE104948_H7;GSE1009_donor_averaged,,0.0,,,,,,,,,,,,,,,,,,1.0,1.0,False
IGKV1-16,small-sample glomerular sensitivity including donor-averaged GSE1009,GSE96804;GSE30528;GSE104948_H7;GSE1009_donor_averaged,,0.0,,,,,,,,,,,,,,,,,,1.0,1.0,False
IGKV1-17,small-sample glomerular sensitivity including donor-averaged GSE1009,GSE96804;GSE30528;GSE104948_H7;GSE1009_donor_averaged,GSE96804;GSE30528,2.0,0.8377541415895775,0.0,0.3255479998316831,0.13739589101164978,0.24080540415391505,-0.9080261795135891,2.583534462692744,-2.221968625167359,3.8974769083465146,0.10348754908686719,0.178187260919139,,,,,0.3255479998316831,0.0,0.178187260919139,0.5947202766266613,False
IGKV1-33,small-sample glomerular sensitivity including donor-averaged GSE1009,GSE96804;GSE30528;GSE104948_H7;GSE1009_donor_averaged,,0.0,,,,,,,,,,,,,,,,,,1.0,1.0,False
IGKV1-39,small-sample glomerular sensitivity including donor-averaged GSE1009,GSE96804;GSE30528;GSE104948_H7;GSE1009_donor_averaged,,0.0,,,,,,,,,,,,,,,,,,1.0,1.0,False
IGKV1-5,small-sample glomerular sensitivity including donor-averaged GSE1009,GSE96804;GSE30528;GSE104948_H7;GSE1009_donor_averaged,GSE96804,1.0,,,,,,,,,,,,,,,,,,1.0,1.0,False
IGKV1D-12,small-sample glomerular sensitivity including donor-averaged GSE1009,GSE96804;GSE30528;GSE104948_H7;GSE1009_donor_averaged,GSE96804,1.0,,,,,,,,,,,,,,,,,,1.0,1.0,False
IGKV1D-16,small-sample glomerular sensitivity including donor-averaged GSE1009,GSE96804;GSE30528;GSE104948_H7;GSE1009_donor_averaged,GSE96804,1.0,,,,,,,,,,,,,,,,,,1.0,1.0,False
IGKV1D-33,small-sample glomerular sensitivity including donor-averaged GSE1009,GSE96804;GSE30528;GSE104948_H7;GSE1009_donor_averaged,GSE96804,1.0,,,,,,,,,,,,,,,,,,1.0,1.0,False
IGKV1D-39,small-sample glomerular sensitivity including donor-averaged GSE1009,GSE96804;GSE30528;GSE104948_H7;GSE1009_donor_averaged,GSE96804,1.0,,,,,,,,,,,,,,,,,,1.0,1.0,False
IGKV2-28,small-sample glomerular sensitivity including donor-averaged GSE1009,GSE96804;GSE30528;GSE104948_H7;GSE1009_donor_averaged,GSE96804,1.0,,,,,,,,,,,,,,,,,,1.0,1.0,False
IGKV2-29,small-sample glomerular sensitivity including donor-averaged GSE1009,GSE96804;GSE30528;GSE104948_H7;GSE1009_donor_averaged,GSE96804,1.0,,,,,,,,,,,,,,,,,,1.0,1.0,False
IGKV2-30,small-sample glomerular sensitivity including donor-averaged GSE1009,GSE96804;GSE30528;GSE104948_H7;GSE1009_donor_averaged,,0.0,,,,,,,,,,,,,,,,,,1.0,1.0,False
IGKV2D-28,small-sample glomerular sensitivity including donor-averaged GSE1009,GSE96804;GSE30528;GSE104948_H7;GSE1009_donor_averaged,GSE96804,1.0,,,,,,,,,,,,,,,,,,1.0,1.0,False
IGKV2D-30,small-sample glomerular sensitivity including donor-averaged GSE1009,GSE96804;GSE30528;GSE104948_H7;GSE1009_donor_averaged,GSE96804,1.0,,,,,,,,,,,,,,,,,,1.0,1.0,False
IGKV2D-40,small-sample glomerular sensitivity including donor-averaged GSE1009,GSE96804;GSE30528;GSE104948_H7;GSE1009_donor_averaged,GSE96804,1.0,,,,,,,,,,,,,,,,,,1.0,1.0,False
IGKV3-11,small-sample glomerular sensitivity including donor-averaged GSE1009,GSE96804;GSE30528;GSE104948_H7;GSE1009_donor_averaged,GSE96804,1.0,,,,,,,,,,,,,,,,,,1.0,1.0,False
IGKV3-15,small-sample glomerular sensitivity including donor-averaged GSE1009,GSE96804;GSE30528;GSE104948_H7;GSE1009_donor_averaged,,0.0,,,,,,,,,,,,,,,,,,1.0,1.0,False
IGKV3-20,small-sample glomerular sensitivity including donor-averaged GSE1009,GSE96804;GSE30528;GSE104948_H7;GSE1009_donor_averaged,,0.0,,,,,,,,,,,,,,,,,,1.0,1.0,False
IGKV3D-20,small-sample glomerular sensitivity including donor-averaged GSE1009,GSE96804;GSE30528;GSE104948_H7;GSE1009_donor_averaged,GSE96804,1.0,,,,,,,,,,,,,,,,,,1.0,1.0,False
IGKV4-1,small-sample glomerular sensitivity including donor-averaged GSE1009,GSE96804;GSE30528;GSE104948_H7;GSE1009_donor_averaged,GSE96804;GSE104948_H7,2.0,0.6518137521385533,0.0,0.011666403714588491,0.025718637659453,0.23811100021610926,0.3250274765020507,0.978600027775056,-2.3736733665426675,3.6773008708197743,0.025106104804798083,0.2229723908370035,,,,,0.011666403714588491,0.0,0.2229723908370035,0.6478651561154543,False
IGKV5-2,small-sample glomerular sensitivity including donor-averaged GSE1009,GSE96804;GSE30528;GSE104948_H7;GSE1009_donor_averaged,GSE96804,1.0,,,,,,,,,,,,,,,,,,1.0,1.0,False
IGLC1,small-sample glomerular sensitivity including donor-averaged GSE1009,GSE96804;GSE30528;GSE104948_H7;GSE1009_donor_averaged,GSE30528;GSE1009_donor_averaged,2.0,1.0356657174323278,0.0,0.08643240068837724,0.12571106690597256,0.42759756590785747,-0.5616448362779145,2.63297627114257,-4.3974764996828615,6.468807934547517,0.07689792636363334,0.24927076388358452,,,,,0.08643240068837724,0.0,0.24927076388358452,0.6730310624856782,False
IGLC2,small-sample glomerular sensitivity including donor-averaged GSE1009,GSE96804;GSE30528;GSE104948_H7;GSE1009_donor_averaged,,0.0,,,,,,,,,,,,,,,,,,1.0,1.0,False
IGLC3,small-sample glomerular sensitivity including donor-averaged GSE1009,GSE96804;GSE30528;GSE104948_H7;GSE1009_donor_averaged,,0.0,,,,,,,,,,,,,,,,,,1.0,1.0,False
IGLC6,small-sample glomerular sensitivity including donor-averaged GSE1009,GSE96804;GSE30528;GSE104948_H7;GSE1009_donor_averaged,,0.0,,,,,,,,,,,,,,,,,,1.0,1.0,False
IGLC7,small-sample glomerular sensitivity including donor-averaged GSE1009,GSE96804;GSE30528;GSE104948_H7;GSE1009_donor_averaged,GSE96804,1.0,,,,,,,,,,,,,,,,,,1.0,1.0,False
IGLL1,small-sample glomerular sensitivity including donor-averaged GSE1009,GSE96804;GSE30528;GSE104948_H7;GSE1009_donor_averaged,GSE96804;GSE30528;GSE104948_H7;GSE1009_donor_averaged,4.0,0.5120590462771892,0.008556005841275048,1.9861980300737816,0.3063947613035443,0.3063947613035443,-0.46302582979155893,1.4871439223459375,-0.46302582979155893,1.4871439223459375,0.19326745437997445,0.19326745437997445,-0.8650167438644378,1.8891348364188163,-0.8650167438644378,1.8891348364188163,6.07334706870013,50.60384387612339,0.19326745437997445,0.6077446457008835,False
IGLV1-36,small-sample glomerular sensitivity including donor-averaged GSE1009,GSE96804;GSE30528;GSE104948_H7;GSE1009_donor_averaged,,0.0,,,,,,,,,,,,,,,,,,1.0,1.0,False
IGLV1-40,small-sample glomerular sensitivity including donor-averaged GSE1009,GSE96804;GSE30528;GSE104948_H7;GSE1009_donor_averaged,GSE104948_H7,1.0,,,,,,,,,,,,,,,,,,1.0,1.0,False
IGLV1-44,small-sample glomerular sensitivity including donor-averaged GSE1009,GSE96804;GSE30528;GSE104948_H7;GSE1009_donor_averaged,GSE30528;GSE1009_donor_averaged,2.0,0.7555223811497122,0.17549004520990316,1.00000000522167,0.542707672819897,0.542707672819897,-6.140232421592809,7.651277183892232,-6.140232421592809,7.651277183892232,0.39656094349435556,0.39656094349435556,,,,,1.286432480742817,22.26564433272269,0.39656094349435556,0.8098930548828158,False
IGLV1-47,small-sample glomerular sensitivity including donor-averaged GSE1009,GSE96804;GSE30528;GSE104948_H7;GSE1009_donor_averaged,,0.0,,,,,,,,,,,,,,,,,,1.0,1.0,False
IGLV1-51,small-sample glomerular sensitivity including donor-averaged GSE1009,GSE96804;GSE30528;GSE104948_H7;GSE1009_donor_averaged,,0.0,,,,,,,,,,,,,,,,,,1.0,1.0,False
IGLV10-54,small-sample glomerular sensitivity including donor-averaged GSE1009,GSE96804;GSE30528;GSE104948_H7;GSE1009_donor_averaged,GSE96804,1.0,,,,,,,,,,,,,,,,,,1.0,1.0,False
IGLV11-55,small-sample glomerular sensitivity including donor-averaged GSE1009,GSE96804;GSE30528;GSE104948_H7;GSE1009_donor_averaged,GSE96804,1.0,,,,,,,,,,,,,,,,,,1.0,1.0,False
IGLV2-11,small-sample glomerular sensitivity including donor-averaged GSE1009,GSE96804;GSE30528;GSE104948_H7;GSE1009_donor_averaged,,0.0,,,,,,,,,,,,,,,,,,1.0,1.0,False
IGLV2-14,small-sample glomerular sensitivity including donor-averaged GSE1009,GSE96804;GSE30528;GSE104948_H7;GSE1009_donor_averaged,GSE104948_H7,1.0,,,,,,,,,,,,,,,,,,1.0,1.0,False
IGLV2-18,small-sample glomerular sensitivity including donor-averaged GSE1009,GSE96804;GSE30528;GSE104948_H7;GSE1009_donor_averaged,GSE96804,1.0,,,,,,,,,,,,,,,,,,1.0,1.0,False
IGLV2-23,small-sample glomerular sensitivity including donor-averaged GSE1009,GSE96804;GSE30528;GSE104948_H7;GSE1009_donor_averaged,,0.0,,,,,,,,,,,,,,,,,,1.0,1.0,False
IGLV2-33,small-sample glomerular sensitivity including donor-averaged GSE1009,GSE96804;GSE30528;GSE104948_H7;GSE1009_donor_averaged,GSE96804,1.0,,,,,,,,,,,,,,,,,,1.0,1.0,False
IGLV2-8,small-sample glomerular sensitivity including donor-averaged GSE1009,GSE96804;GSE30528;GSE104948_H7;GSE1009_donor_averaged,,0.0,,,,,,,,,,,,,,,,,,1.0,1.0,False
IGLV3-1,small-sample glomerular sensitivity including donor-averaged GSE1009,GSE96804;GSE30528;GSE104948_H7;GSE1009_donor_averaged,GSE96804,1.0,,,,,,,,,,,,,,,,,,1.0,1.0,False
IGLV3-12,small-sample glomerular sensitivity including donor-averaged GSE1009,GSE96804;GSE30528;GSE104948_H7;GSE1009_donor_averaged,GSE96804,1.0,,,,,,,,,,,,,,,,,,1.0,1.0,False
IGLV3-16,small-sample glomerular sensitivity including donor-averaged GSE1009,GSE96804;GSE30528;GSE104948_H7;GSE1009_donor_averaged,GSE96804,1.0,,,,,,,,,,,,,,,,,,1.0,1.0,False
IGLV3-19,small-sample glomerular sensitivity including donor-averaged GSE1009,GSE96804;GSE30528;GSE104948_H7;GSE1009_donor_averaged,GSE104948_H7,1.0,,,,,,,,,,,,,,,,,,1.0,1.0,False
IGLV3-21,small-sample glomerular sensitivity including donor-averaged GSE1009,GSE96804;GSE30528;GSE104948_H7;GSE1009_donor_averaged,,0.0,,,,,,,,,,,,,,,,,,1.0,1.0,False
IGLV3-22,small-sample glomerular sensitivity including donor-averaged GSE1009,GSE96804;GSE30528;GSE104948_H7;GSE1009_donor_averaged,GSE96804,1.0,,,,,,,,,,,,,,,,,,1.0,1.0,False
IGLV3-25,small-sample glomerular sensitivity including donor-averaged GSE1009,GSE96804;GSE30528;GSE104948_H7;GSE1009_donor_averaged,GSE96804;GSE104948_H7,2.0,0.4221914875399512,0.0,0.06849081243985024,0.061492571918279934,0.23496679811341425,-0.35914572100766023,1.2035286960875626,-2.563344755492516,3.4077277305724185,0.09207677724200124,0.32330804074713015,,,,,0.06849081243985024,0.0,0.32330804074713015,0.7511875249406614,False
IGLV3-27,small-sample glomerular sensitivity including donor-averaged GSE1009,GSE96804;GSE30528;GSE104948_H7;GSE1009_donor_averaged,GSE96804,1.0,,,,,,,,,,,,,,,,,,1.0,1.0,False
IGLV4-3,small-sample glomerular sensitivity including donor-averaged GSE1009,GSE96804;GSE30528;GSE104948_H7;GSE1009_donor_averaged,GSE96804,1.0,,,,,,,,,,,,,,,,,,1.0,1.0,False
IGLV4-60,small-sample glomerular sensitivity including donor-averaged GSE1009,GSE96804;GSE30528;GSE104948_H7;GSE1009_donor_averaged,GSE96804;GSE30528;GSE104948_H7,3.0,-0.027083477923195518,0.5411458841353244,1.0418380739470003,0.4930975130247313,0.4930975130247313,-2.1487108383717266,2.0945438825253357,-2.1487108383717266,2.0945438825253357,0.9611912792025603,0.9611912792025603,-11.279724802434371,11.22555784658798,-11.279724802434371,11.22555784658798,8.188732244034028,75.57619494205447,0.9611912792025603,1.0,False
IGLV4-69,small-sample glomerular sensitivity including donor-averaged GSE1009,GSE96804;GSE30528;GSE104948_H7;GSE1009_donor_averaged,GSE96804,1.0,,,,,,,,,,,,,,,,,,1.0,1.0,False
IGLV5-37,small-sample glomerular sensitivity including donor-averaged GSE1009,GSE96804;GSE30528;GSE104948_H7;GSE1009_donor_averaged,GSE96804,1.0,,,,,,,,,,,,,,,,,,1.0,1.0,False
IGLV5-45,small-sample glomerular sensitivity including donor-averaged GSE1009,GSE96804;GSE30528;GSE104948_H7;GSE1009_donor_averaged,GSE104948_H7,1.0,,,,,,,,,,,,,,,,,,1.0,1.0,False
IGLV6-57,small-sample glomerular sensitivity including donor-averaged GSE1009,GSE96804;GSE30528;GSE104948_H7;GSE1009_donor_averaged,GSE96804;GSE30528;GSE104948_H7;GSE1009_donor_averaged,4.0,0.7234856386422335,0.0,0.16364703585320534,0.08380366351954474,0.20716144553723068,0.4567849793052193,0.9901862979792477,0.06420546169504171,1.3827658155894254,0.003268741197258778,0.03969868960125392,0.3629075770368589,1.0840637002476081,-0.16785812049737658,1.6148293977818435,0.490941107559616,0.0,0.03969868960125392,0.44789906593284123,False
IGLV7-43,small-sample glomerular sensitivity including donor-averaged GSE1009,GSE96804;GSE30528;GSE104948_H7;GSE1009_donor_averaged,GSE96804,1.0,,,,,,,,,,,,,,,,,,1.0,1.0,False
IGLV7-46,small-sample glomerular sensitivity including donor-averaged GSE1009,GSE96804;GSE30528;GSE104948_H7;GSE1009_donor_averaged,GSE96804,1.0,,,,,,,,,,,,,,,,,,1.0,1.0,False
IGLV8-61,small-sample glomerular sensitivity including donor-averaged GSE1009,GSE96804;GSE30528;GSE104948_H7;GSE1009_donor_averaged,,0.0,,,,,,,,,,,,,,,,,,1.0,1.0,False
INPP5D,small-sample glomerular sensitivity including donor-averaged GSE1009,GSE96804;GSE30528;GSE104948_H7;GSE1009_donor_averaged,GSE96804;GSE30528;GSE104948_H7;GSE1009_donor_averaged,4.0,1.9479525777894102,0.6873466677041252,0.9695962575779019,0.529098054369429,0.5373295182673437,0.26412642952862253,3.631778726050198,0.23793023765962795,3.6579749179191925,0.03471743492385419,0.036113845972004385,-2.2837483119955433,6.179653467574363,-2.3029064852218077,6.198811640800628,8.045966656615791,62.71423772887187,0.036113845972004385,0.44789906593284123,False
ITGA1,small-sample glomerular sensitivity including donor-averaged GSE1009,GSE96804;GSE30528;GSE104948_H7;GSE1009_donor_averaged,GSE96804;GSE30528;GSE1009_donor_averaged,3.0,-0.08007489452110401,0.7494903199178308,0.8715620776045434,0.5621676189344574,0.6021666008726934,-2.498886934706203,2.3387371456639947,-2.6709886635299527,2.5108388744877446,0.8997870615101744,0.9063833213972781,-13.195948191655054,13.035798402612846,-13.479518964876865,13.319369175834657,9.206226447184948,78.27557239142696,0.9063833213972781,1.0,False
ITGA10,small-sample glomerular sensitivity including donor-averaged GSE1009,GSE96804;GSE30528;GSE104948_H7;GSE1009_donor_averaged,GSE30528;GSE104948_H7;GSE1009_donor_averaged,3.0,0.39604660875573333,0.30984924564803157,0.7403681933754127,0.4000230914545015,0.46490175469227335,-1.325113837653796,2.1172070551652626,-1.6042641951362915,2.3963574126477583,0.42649494120937675,0.4840063679114161,-8.31366256178685,9.105755779298319,-8.819087420685392,9.61118063819686,3.716418303919428,46.18474465345438,0.4840063679114161,0.8967199282468157,False
ITGA11,small-sample glomerular sensitivity including donor-averaged GSE1009,GSE96804;GSE30528;GSE104948_H7;GSE1009_donor_averaged,GSE96804,1.0,,,,,,,,,,,,,,,,,,1.0,1.0,False
ITGA2,small-sample glomerular sensitivity including donor-averaged GSE1009,GSE96804;GSE30528;GSE104948_H7;GSE1009_donor_averaged,GSE96804;GSE30528;GSE104948_H7;GSE1009_donor_averaged,4.0,0.7406981863562107,0.0,0.29302202072723044,0.1126779929045059,0.20815601879031467,0.382106524150482,1.0992898485619393,0.0782528334344077,1.4031435392780136,0.007161707044960539,0.03786382137984322,0.2558839126029478,1.2255124601094736,-0.15492487610571704,1.6363212488181382,0.8790660621816913,0.0,0.03786382137984322,0.44789906593284123,False
ITGA2B,small-sample glomerular sensitivity including donor-averaged GSE1009,GSE96804;GSE30528;GSE104948_H7;GSE1009_donor_averaged,GSE96804;GSE30528;GSE104948_H7;GSE1009_donor_averaged,4.0,0.689223228932872,0.0,0.4228454437856651,0.1350827356583087,0.20773468681821092,0.25932967592947176,1.1191167819362722,0.028118742388988593,1.3503277154767555,0.014560332380332426,0.04512801280482692,0.10800912761062509,1.270437330255119,-0.2045869883691528,1.583033446234897,1.2685363313569953,0.0,0.04512801280482692,0.44789906593284123,False
ITGA3,small-sample glomerular sensitivity including donor-averaged GSE1009,GSE96804;GSE30528;GSE104948_H7;GSE1009_donor_averaged,GSE96804;GSE30528;GSE104948_H7;GSE1009_donor_averaged,4.0,-1.3824201216147096,1.778027733702606,1.0432235150666247,0.7939306216047389,0.7939306216047389,-3.9090616949923085,1.1442214517628893,-3.9090616949923085,1.1442214517628893,0.1800111182126676,0.1800111182126676,-8.05965138103757,5.294811137808152,-8.05965138103757,5.294811137808152,16.881425959594182,82.22898938051489,0.1800111182126676,0.5947202766266613,False
ITGA4,small-sample glomerular sensitivity including donor-averaged GSE1009,GSE96804;GSE30528;GSE104948_H7;GSE1009_donor_averaged,GSE96804;GSE30528;GSE104948_H7;GSE1009_donor_averaged,4.0,1.2408600685025528,0.2752317431639348,1.0164868525020965,0.3741058163070152,0.3741058163070152,0.05028839561114684,2.4314317413939586,0.05028839561114684,2.4314317413939586,0.04515958598515452,0.04515958598515452,-1.5315541593453308,4.013274296350437,-1.5315541593453308,4.013274296350437,6.241500219276755,51.93463278692907,0.04515958598515452,0.44789906593284123,False
ITGA5,small-sample glomerular sensitivity including donor-averaged GSE1009,GSE96804;GSE30528;GSE104948_H7;GSE1009_donor_averaged,GSE96804;GSE30528;GSE104948_H7;GSE1009_donor_averaged,4.0,1.3741928135480774,1.1411417743310095,1.2920768016807402,0.7417652917196724,0.7417652917196724,-0.9864353984728857,3.7348210255690404,-0.9864353984728857,3.7348210255690404,0.16100861567183092,0.16100861567183092,-4.221501802308136,6.969887429404292,-4.221501802308136,6.969887429404292,15.404464499320943,80.52512633508132,0.16100861567183092,0.5933789592277746,False
ITGA6,small-sample glomerular sensitivity including donor-averaged GSE1009,GSE96804;GSE30528;GSE104948_H7;GSE1009_donor_averaged,GSE96804;GSE30528;GSE104948_H7;GSE1009_donor_averaged,4.0,0.26956017946558875,0.46231291209986,1.0154084120778792,0.4362931585427145,0.4362931585427145,-1.1189193709592318,1.6580397298904095,-1.1189193709592318,1.6580397298904095,0.5804123470432528,0.5804123470432528,-3.2064523626104577,3.7455727215416355,-3.2064523626104577,3.7455727215416355,9.015790317771225,66.72504689814454,0.5804123470432528,0.9698177522168012,False
ITGA7,small-sample glomerular sensitivity including donor-averaged GSE1009,GSE96804;GSE30528;GSE104948_H7;GSE1009_donor_averaged,GSE96804;GSE30528;GSE104948_H7;GSE1009_donor_averaged,4.0,0.9126806434056545,0.3188205342460109,1.1046430749023208,0.40173993347722353,0.40173993347722353,-0.36583512357385817,2.1911964103851673,-0.36583512357385817,2.1911964103851673,0.1077441557855267,0.1077441557855267,-2.068953726267034,3.894315013078343,-2.068953726267034,3.894315013078343,6.7359018869567775,55.46253418849344,0.1077441557855267,0.5272729623754213,False
ITGA8,small-sample glomerular sensitivity including donor-averaged GSE1009,GSE96804;GSE30528;GSE104948_H7;GSE1009_donor_averaged,GSE96804;GSE30528;GSE104948_H7;GSE1009_donor_averaged,4.0,-0.6645118659520688,0.2235998928057463,1.1547487199918807,0.36712235740702204,0.36712235740702204,-1.832859055869091,0.5038353239649533,-1.832859055869091,0.5038353239649533,0.16798124550671897,0.16798124550671897,-3.2402837665783895,1.9112600346742519,-3.2402837665783895,1.9112600346742519,6.033910839342187,50.28100215801237,0.16798124550671897,0.5933789592277746,False
ITGA9,small-sample glomerular sensitivity including donor-averaged GSE1009,GSE96804;GSE30528;GSE104948_H7;GSE1009_donor_averaged,GSE96804;GSE30528;GSE104948_H7;GSE1009_donor_averaged,4.0,0.10327971529617783,0.6379720548543969,0.8414884228770917,0.4394297656082489,0.4790329627112985,-1.2951819186954798,1.5017413492878353,-1.4212169669935024,1.627776397585858,0.8293136539302237,0.8431256422751439,-3.819150700332449,4.0257101309248045,-3.9040693858046676,4.110628816397023,14.14273281307842,78.78769231059951,0.8431256422751439,1.0,False
ITGAD,small-sample glomerular sensitivity including donor-averaged GSE1009,GSE96804;GSE30528;GSE104948_H7;GSE1009_donor_averaged,GSE96804;GSE1009_donor_averaged,2.0,0.9026513693150156,0.0,0.9738422674072954,0.27564216699524874,0.27931955754362614,-2.59971443844947,4.405017177079501,-2.6464401156520267,4.451742854282058,0.18867856798176547,0.19104821801589206,,,,,0.9738422674072954,0.0,0.19104821801589206,0.6077446457008835,False
ITGAE,small-sample glomerular sensitivity including donor-averaged GSE1009,GSE96804;GSE30528;GSE104948_H7;GSE1009_donor_averaged,GSE96804;GSE30528;GSE104948_H7;GSE1009_donor_averaged,4.0,0.5977868292949972,0.4119596915017947,0.9419463491797503,0.399723938700239,0.41185759058925403,-0.6743131425550296,1.8698868011450238,-0.7129278381788243,1.9085014967688188,0.23166699549596764,0.24256873413263316,-2.6555960226862463,3.851169681276241,-2.6834940203704116,3.879067678960406,7.650985657557407,60.78936578535221,0.24256873413263316,0.6725127078332758,False
ITGAL,small-sample glomerular sensitivity including donor-averaged GSE1009,GSE96804;GSE30528;GSE104948_H7;GSE1009_donor_averaged,GSE96804;GSE30528;GSE104948_H7;GSE1009_donor_averaged,4.0,1.2285270205205796,0.8530068015810682,0.9114895545843789,0.5223021618863798,0.5470738742949953,-0.43367156481642266,2.8907256058575816,-0.5125062094467718,2.9695602504879313,0.10011123861503651,0.1103836681731979,-3.3367605813451444,5.793814622386304,-3.39015900536695,5.847213046408109,14.472480586675523,79.2710034604432,0.1103836681731979,0.5276698201083991,False
ITGAM,small-sample glomerular sensitivity including donor-averaged GSE1009,GSE96804;GSE30528;GSE104948_H7;GSE1009_donor_averaged,GSE96804;GSE30528;GSE104948_H7;GSE1009_donor_averaged,4.0,1.0746431669856042,0.3848329340729509,0.7453157025695426,0.3560130414126589,0.41237826935367566,-0.058349221290927566,2.207635555262136,-0.23772853269829053,2.387014866669499,0.056824470983104634,0.07996287636375847,-2.002816135768586,4.152102469739794,-2.1304397062180644,4.279726040189273,8.22063105580102,63.506451273190244,0.07996287636375847,0.49299946608521955,False
ITGAV,small-sample glomerular sensitivity including donor-averaged GSE1009,GSE96804;GSE30528;GSE104948_H7;GSE1009_donor_averaged,GSE96804;GSE30528;GSE104948_H7;GSE1009_donor_averaged,4.0,-0.386818162407839,0.7050535400252,1.1891068439034018,0.5545472664199989,0.5545472664199989,-2.151635061531344,1.3779987367156663,-2.151635061531344,1.3779987367156663,0.5356652554974792,0.5356652554974792,-4.716441892548193,3.942805567732515,-4.716441892548193,3.942805567732515,10.04006348928284,70.11971086435541,0.5356652554974792,0.9446529167894735,False
ITGAX,small-sample glomerular sensitivity including donor-averaged GSE1009,GSE96804;GSE30528;GSE104948_H7;GSE1009_donor_averaged,GSE96804;GSE30528;GSE104948_H7;GSE1009_donor_averaged,4.0,0.9718791881029515,0.3496482804898612,0.9173086836285268,0.3781743399786268,0.3948519664463928,-0.23164034291513425,2.1753987191210373,-0.28471599364837796,2.228474369854281,0.08249860507821585,0.09075650745436913,-2.0481543012582746,3.9919126774641773,-2.0874138798829316,4.031172256088834,7.9947709112609315,62.47547261455123,0.09075650745436913,0.5112398945091441,False
ITGB1,small-sample glomerular sensitivity including donor-averaged GSE1009,GSE96804;GSE30528;GSE104948_H7;GSE1009_donor_averaged,GSE96804;GSE30528;GSE1009_donor_averaged,3.0,0.4636172980893252,0.03736862674714989,1.1640432847148814,0.29015510239560793,0.29015510239560793,-0.7848193452838719,1.7120539414625222,-0.7848193452838719,1.7120539414625222,0.2511784320972819,0.2511784320972819,-3.9664335584171444,4.893668154595795,-3.9664335584171444,4.893668154595795,2.6496161918964627,24.517369492352774,0.2511784320972819,0.6758512451277379,False
ITGB2,small-sample glomerular sensitivity including donor-averaged GSE1009,GSE96804;GSE30528;GSE104948_H7;GSE1009_donor_averaged,GSE96804;GSE30528;GSE104948_H7;GSE1009_donor_averaged,4.0,1.5003721164483257,2.1320348355399945,1.015304660442274,0.8044205057061566,0.8044205057061566,-1.0596529498306841,4.0603971827273355,-1.0596529498306841,4.0603971827273355,0.15901439837166095,0.15901439837166095,-5.67245736487995,8.673201597776602,-5.67245736487995,8.673201597776602,23.562577264170915,87.26794625916504,0.15901439837166095,0.5933789592277746,False
ITGB3,small-sample glomerular sensitivity including donor-averaged GSE1009,GSE96804;GSE30528;GSE104948_H7;GSE1009_donor_averaged,GSE96804;GSE30528;GSE104948_H7;GSE1009_donor_averaged,4.0,-0.1303814654533909,0.8999942490181768,0.9231266624219948,0.5289280046476874,0.5505108899757166,-1.8136664396055076,1.5529035086987255,-1.8823528132750562,1.6215898823682742,0.8211986011391919,0.8280339897597668,-4.803781529020313,4.54301859811353,-4.849700150141002,4.58893721923422,13.745680919155761,78.17496261084274,0.8280339897597668,1.0,False
ITGB4,small-sample glomerular sensitivity including donor-averaged GSE1009,GSE96804;GSE30528;GSE104948_H7;GSE1009_donor_averaged,GSE96804;GSE30528;GSE104948_H7;GSE1009_donor_averaged,4.0,0.7520230600129792,0.0,0.7189330984168975,0.17799419999951308,0.20992376737939555,0.18556607586259954,1.3184800441633588,0.08395194212518531,1.4200941779007732,0.02424795342752698,0.03722397541580823,-0.013824170494497356,1.517870290520456,-0.15120601074126805,1.6552521307672265,2.1567992952506922,0.0,0.03722397541580823,0.44789906593284123,False
ITGB5,small-sample glomerular sensitivity including donor-averaged GSE1009,GSE96804;GSE30528;GSE104948_H7;GSE1009_donor_averaged,GSE96804;GSE30528;GSE104948_H7;GSE1009_donor_averaged,4.0,-0.9925313933490552,0.03726949150217241,0.8904019337152258,0.23124330041810534,0.2450620781002987,-1.728450780386265,-0.25661200631184533,-1.7724282983644981,-0.2126344883336121,0.02325304737402272,0.02710894046575973,-2.2886440612129255,0.3035812745148152,-2.3348274327403495,0.3497646460422392,3.1575198865664706,4.988721915470179,0.02710894046575973,0.44789906593284123,False
ITGB6,small-sample glomerular sensitivity including donor-averaged GSE1009,GSE96804;GSE30528;GSE104948_H7;GSE1009_donor_averaged,GSE96804;GSE30528;GSE104948_H7;GSE1009_donor_averaged,4.0,1.2874628358776095,0.06909663732648233,0.6390399998493398,0.21935286816414123,0.2743969601897205,0.5893841110352539,1.9855415607199651,0.41420924374075285,2.160716428014466,0.009864540486278921,0.01830549813765236,-0.18560559662842047,2.760531268383639,-0.3474904497517666,2.9224161215069855,2.795912071392447,0.0,0.01830549813765236,0.44789906593284123,False
ITGB7,small-sample glomerular sensitivity including donor-averaged GSE1009,GSE96804;GSE30528;GSE104948_H7;GSE1009_donor_averaged,GSE96804;GSE30528;GSE104948_H7;GSE1009_donor_averaged,4.0,0.9685591243452967,1.4277066160058494,0.9370945487630604,0.6480943496139352,0.6694937535139892,-1.0939663440588188,3.031084592749412,-1.1620687979358197,3.099187046626413,0.2319148757895357,0.24377369850346178,-4.8800943591921895,6.817212607882783,-4.924549363745863,6.861667612436456,22.304710311457487,86.54992618998975,0.24377369850346178,0.6725127078332758,False
ITGB8,small-sample glomerular sensitivity including donor-averaged GSE1009,GSE96804;GSE30528;GSE104948_H7;GSE1009_donor_averaged,GSE96804;GSE30528;GSE104948_H7;GSE1009_donor_averaged,4.0,-0.2577699859653515,0.0,0.7557118271207665,0.17644247540103306,0.2029668130381851,-0.8192886899004806,0.30374871796977765,-0.9037009702139327,0.3881609982832297,0.24017442029548663,0.29363899373157165,-1.0169406843933586,0.5014007124626556,-1.1310656981326472,0.6155257262019442,2.2671354813622995,0.0,0.29363899373157165,0.7160354864099929,False
JAM2,small-sample glomerular sensitivity including donor-averaged GSE1009,GSE96804;GSE30528;GSE104948_H7;GSE1009_donor_averaged,GSE96804;GSE30528;GSE104948_H7,3.0,0.43609744301903575,0.5401917448347254,0.9836022677700601,0.47814629592990154,0.48211543430005466,-1.621200022383349,2.4933949084214206,-1.6382778464264418,2.5104727324645135,0.45801464327187513,0.4611774084198531,-10.704973751015556,11.577168637053626,-10.732555598712654,11.604750484750724,9.443180515952116,78.82069503361232,0.4611774084198531,0.8764609485260801,False
JAM3,small-sample glomerular sensitivity including donor-averaged GSE1009,GSE96804;GSE30528;GSE104948_H7;GSE1009_donor_averaged,GSE96804;GSE30528;GSE104948_H7;GSE1009_donor_averaged,4.0,-0.8124387608490574,0.9286087361586336,1.0311768380171753,0.5695331996815461,0.5695331996815461,-2.624947587912002,1.0000700662138873,-2.624947587912002,1.0000700662138873,0.24898670628277192,0.24898670628277192,-5.628675324449876,4.003797802751761,-5.628675324449876,4.003797802751761,12.855734949937604,76.66411129598964,0.24898670628277192,0.6730310624856782,False
JAML,small-sample glomerular sensitivity including donor-averaged GSE1009,GSE96804;GSE30528;GSE104948_H7;GSE1009_donor_averaged,,0.0,,,,,,,,,,,,,,,,,,1.0,1.0,False
JCHAIN,small-sample glomerular sensitivity including donor-averaged GSE1009,GSE96804;GSE30528;GSE104948_H7;GSE1009_donor_averaged,GSE104948_H7,1.0,,,,,,,,,,,,,,,,,,1.0,1.0,False
JUNB,small-sample glomerular sensitivity including donor-averaged GSE1009,GSE96804;GSE30528;GSE104948_H7;GSE1009_donor_averaged,GSE96804;GSE30528;GSE104948_H7;GSE1009_donor_averaged,4.0,-0.9235490459913525,0.7997200019990037,0.921354754716173,0.5024758654267131,0.5234820158728449,-2.522651507412829,0.6755534154301241,-2.589502453288355,0.7424043613056501,0.1633632684816121,0.17588270522943106,-5.337076741599499,3.489978649616794,-5.382047043516859,3.5349489515341537,15.662274238633271,80.84569358005453,0.17588270522943106,0.5947202766266613,False
KDR,small-sample glomerular sensitivity including donor-averaged GSE1009,GSE96804;GSE30528;GSE104948_H7;GSE1009_donor_averaged,GSE96804;GSE30528;GSE104948_H7;GSE1009_donor_averaged,4.0,-0.814604291815485,0.19325609976459923,0.9681263884142046,0.3223653081935313,0.32762894960307976,-1.8405145758276324,0.21130599219666246,-1.8572658319837883,0.22805724835281826,0.0856520559952884,0.08876896585709652,-3.1601440033723787,1.5309354197414085,-3.1736072868475995,1.5443987032166298,5.475992488033681,45.215410602631415,0.08876896585709652,0.5110742666625483,False
KLK2,small-sample glomerular sensitivity including donor-averaged GSE1009,GSE96804;GSE30528;GSE104948_H7;GSE1009_donor_averaged,GSE96804;GSE30528;GSE104948_H7;GSE1009_donor_averaged,4.0,-0.22624901025286945,0.5590806991010304,0.9346389049391347,0.44192096121683744,0.45711205437953734,-1.6326387405048184,1.1801407199990797,-1.6809835788136733,1.2284855583079346,0.6439799237342392,0.6546140752605566,-3.963307468576141,3.510809448070402,-3.9969838138320175,3.5444857933262788,9.592728592801224,68.72631211257949,0.6546140752605566,1.0,False
KLK7,small-sample glomerular sensitivity including donor-averaged GSE1009,GSE96804;GSE30528;GSE104948_H7;GSE1009_donor_averaged,GSE96804;GSE30528;GSE104948_H7;GSE1009_donor_averaged,4.0,-1.46213801614963,0.3756144509792705,0.8925854886261889,0.3990894951660672,0.42242088827182195,-2.7322189055184207,-0.1920571267808393,-2.806469811304952,-0.11780622099430826,0.035154570817193864,0.040600933313171925,-4.608924429695952,1.6846483973966921,-4.664808717985615,1.7405326856863543,6.236608655219297,51.89693364053943,0.040600933313171925,0.44789906593284123,False
KLKB1,small-sample glomerular sensitivity including donor-averaged GSE1009,GSE96804;GSE30528;GSE104948_H7;GSE1009_donor_averaged,GSE96804;GSE30528;GSE104948_H7;GSE1009_donor_averaged,4.0,0.23395578832046335,0.01856838398448752,0.9490412625158288,0.21461102946198013,0.22029746021363544,-0.44903228946394824,0.916943866104875,-0.4671290499998053,0.9350406266407321,0.3553831725867343,0.3661517920957852,-0.8598516371994748,1.3277632138404014,-0.880583719691811,1.3484952963327377,3.125271738711034,4.008347087370394,0.3661517920957852,0.7855882866525605,False
KNG1,small-sample glomerular sensitivity including donor-averaged GSE1009,GSE96804;GSE30528;GSE104948_H7;GSE1009_donor_averaged,GSE96804;GSE30528;GSE104948_H7;GSE1009_donor_averaged,4.0,-0.33667692482798983,0.33265373348657534,1.003651277649259,0.38389377272456193,0.38389377272456193,-1.5583982434566952,0.8850443938007156,-1.5583982434566952,0.8850443938007156,0.44504528536868077,0.44504528536868077,-3.3177296261968423,2.6443757765408624,-3.3177296261968423,2.6443757765408624,8.277570225003952,63.757480535315324,0.44504528536868077,0.8625506397120719,False
KRAS,small-sample glomerular sensitivity including donor-averaged GSE1009,GSE96804;GSE30528;GSE104948_H7;GSE1009_donor_averaged,GSE96804;GSE30528;GSE104948_H7;GSE1009_donor_averaged,4.0,0.22631890573178642,0.20168366250536943,0.9819207920588573,0.32523814902694154,0.32821864833448433,-0.8087340399763154,1.2613718514398884,-0.8182193189855058,1.2708571304490788,0.5365816828678129,0.5400340845647054,-2.1594759068149436,2.6121137182785166,-2.167020386241138,2.619658197704711,5.706707080437218,47.430278833057685,0.5400340845647054,0.9453366921446122,False
L1CAM,small-sample glomerular sensitivity including donor-averaged GSE1009,GSE96804;GSE30528;GSE104948_H7;GSE1009_donor_averaged,GSE96804;GSE30528;GSE104948_H7;GSE1009_donor_averaged,4.0,1.0116812114292884,0.0,0.12976275270775686,0.07679119279850284,0.21317505741810872,0.7672973636293641,1.2560650592292126,0.333263037570386,1.6900993852881907,0.0009447973098541061,0.017747909423284153,0.6812753761140928,1.3420870467444839,0.09446296871476456,1.9288994541438123,0.3892882581232706,0.0,0.017747909423284153,0.44789906593284123,False
LAMA1,small-sample glomerular sensitivity including donor-averaged GSE1009,GSE96804;GSE30528;GSE104948_H7;GSE1009_donor_averaged,GSE96804;GSE30528;GSE1009_donor_averaged,3.0,0.31021068725763035,0.055501383218262985,0.6217545482248508,0.2222530410128436,0.28186310158978384,-0.6460669663514003,1.266488340866661,-0.9025483562133029,1.5229697307285637,0.297553449917202,0.38584095221619014,-3.8050659394852793,4.42548731400054,-4.357451129787257,4.977872504302517,1.7697524173565573,0.0,0.38584095221619014,0.8021578473334062,False
LAMA2,small-sample glomerular sensitivity including donor-averaged GSE1009,GSE96804;GSE30528;GSE104948_H7;GSE1009_donor_averaged,GSE96804;GSE30528;GSE104948_H7;GSE1009_donor_averaged,4.0,1.1033278873799506,0.0,1.121693544056318,0.22884016631449727,0.22884016631449727,0.3750563455918695,1.8315994291680315,0.3750563455918695,1.8315994291680315,0.017001037795319734,0.017001037795319734,0.11870812111055806,2.0879476536493433,0.11870812111055806,2.0879476536493433,3.3650806321689544,10.84909017272619,0.017001037795319734,0.44789906593284123,False
LAMA3,small-sample glomerular sensitivity including donor-averaged GSE1009,GSE96804;GSE30528;GSE104948_H7;GSE1009_donor_averaged,GSE96804;GSE30528;GSE104948_H7;GSE1009_donor_averaged,4.0,-0.24705969584326543,0.4046267845962061,0.8548321929864513,0.3780961315522892,0.40894207781229314,-1.450330332743911,0.9562109410573802,-1.5484959004520402,1.0543765087655095,0.5600928585869088,0.5883766281040025,-3.43097465745453,2.936855265767999,-3.500788185486733,3.0066687938002024,8.721797418816776,65.6034203049973,0.5883766281040025,0.9739934456774502,False
LAMA4,small-sample glomerular sensitivity including donor-averaged GSE1009,GSE96804;GSE30528;GSE104948_H7;GSE1009_donor_averaged,GSE96804;GSE30528;GSE104948_H7;GSE1009_donor_averaged,4.0,1.181109433115789,0.37453291588807597,0.8736056107883173,0.3794381699243775,0.4059600615370859,-0.026432168843657955,2.388651035075236,-0.11083666481565668,2.4730555310472346,0.05276693331823831,0.062025679032870214,-1.9171179582409963,4.2793368244725745,-1.9787385993377395,4.340957465569318,7.22674258205465,58.487520955159525,0.062025679032870214,0.4690790195683884,False
LAMA5,small-sample glomerular sensitivity including donor-averaged GSE1009,GSE96804;GSE30528;GSE104948_H7;GSE1009_donor_averaged,GSE30528;GSE104948_H7;GSE1009_donor_averaged,3.0,-0.27196426702656096,0.03802323157437095,0.6552604965321582,0.2641455145734208,0.3263144058604267,-1.4084906863569662,0.8645621523038443,-1.6759818361584997,1.1320533021053778,0.41142411628038494,0.49227759292908285,-4.443705307053998,3.8997767730008763,-5.102065896587526,4.558137362534405,1.5597780587476509,0.0,0.49227759292908285,0.9013882295331801,False
LAMB1,small-sample glomerular sensitivity including donor-averaged GSE1009,GSE96804;GSE30528;GSE104948_H7;GSE1009_donor_averaged,GSE96804;GSE30528;GSE104948_H7;GSE1009_donor_averaged,4.0,0.745608007982202,0.0,0.2788752669057197,0.10964266872510073,0.2076225871162475,0.3966761019965596,1.0945399139678442,0.08486027272065533,1.4063557432437486,0.006502223656743746,0.03699246761859294,0.27385368009513134,1.2173623358692724,-0.1477198832311658,1.6389358991955696,0.836625800717159,0.0,0.03699246761859294,0.44789906593284123,False
LAMB2,small-sample glomerular sensitivity including donor-averaged GSE1009,GSE96804;GSE30528;GSE104948_H7;GSE1009_donor_averaged,GSE96804;GSE30528;GSE104948_H7;GSE1009_donor_averaged,4.0,-0.5456848845839039,0.7376432170999208,0.9342907528959447,0.49134953353645666,0.5083344264444206,-2.1093783921898734,1.018008623022066,-2.163431901870463,1.0720621327026554,0.3477542965466622,0.36172187730535044,-4.803066991089691,3.711697221921883,-4.839825229234063,3.7484554600662556,12.420163146439497,75.84572791332445,0.36172187730535044,0.7855882866525605,False
LAMB3,small-sample glomerular sensitivity including donor-averaged GSE1009,GSE96804;GSE30528;GSE104948_H7;GSE1009_donor_averaged,GSE30528;GSE104948_H7;GSE1009_donor_averaged,3.0,1.0639605175047622,0.0,0.7542905943578653,0.27648494237655835,0.31834800899700894,-0.1256581745463592,2.2535792095558835,-0.30578041241652465,2.433701447426049,0.061377682242296186,0.07905602453600762,-2.4491137668012506,4.577034801810775,-2.981034462164817,5.108955497174342,1.5085811887157305,0.0,0.07905602453600762,0.4929110620530174,False
LAMC1,small-sample glomerular sensitivity including donor-averaged GSE1009,GSE96804;GSE30528;GSE104948_H7;GSE1009_donor_averaged,GSE96804;GSE30528;GSE104948_H7;GSE1009_donor_averaged,4.0,1.5040941575382571,2.057336155590995,1.0749699707548006,0.8143394730255972,0.8143394730255972,-1.0874974896387364,4.0956858047152505,-1.0874974896387364,4.0956858047152505,0.16190487553518207,0.16190487553518207,-5.592655046918287,8.600843361994801,-5.592655046918287,8.600843361994801,15.45133328086229,80.5841997873689,0.16190487553518207,0.5933789592277746,False
LAMC2,small-sample glomerular sensitivity including donor-averaged GSE1009,GSE96804;GSE30528;GSE104948_H7;GSE1009_donor_averaged,GSE96804;GSE30528;GSE104948_H7;GSE1009_donor_averaged,4.0,1.234149114619466,0.048407858361950926,1.1688497131432856,0.27846666263004743,0.27846666263004743,0.34794391298778693,2.120354316251145,0.34794391298778693,2.120354316251145,0.02134574810226962,0.02134574810226962,-0.2928473698782681,2.7611455991172003,-0.2928473698782681,2.7611455991172003,4.097172320382981,26.778769223951592,0.02134574810226962,0.44789906593284123,False
LAMC3,small-sample glomerular sensitivity including donor-averaged GSE1009,GSE96804;GSE30528;GSE104948_H7;GSE1009_donor_averaged,GSE96804;GSE30528;GSE104948_H7,3.0,1.4668314958090944,0.0035068046620005153,0.8522116042580553,0.21563653743972336,0.23358697785421711,0.5390223593603467,2.3946406322578424,0.46178784791072003,2.471875143707469,0.020935199377744598,0.024433674570433963,-1.374530477228186,4.308193468846375,-1.5950654431200257,4.528728434738214,1.7411892993528455,0.0,0.024433674570433963,0.44789906593284123,False
LCK,small-sample glomerular sensitivity including donor-averaged GSE1009,GSE96804;GSE30528;GSE104948_H7;GSE1009_donor_averaged,GSE96804;GSE30528;GSE104948_H7;GSE1009_donor_averaged,4.0,1.8775085357615204,1.289944202524805,0.8138165959916585,0.6124682703587552,0.6789226902228828,-0.07163884834520307,3.826655919868244,-0.283126471311568,4.038143542834609,0.054756556000862926,0.06983494651352302,-3.6745168839149116,7.429533955437952,-3.815797295307127,7.5708143668301675,19.555453220613334,84.6590106291287,0.06983494651352302,0.4810793557638387,False
LIMD1,small-sample glomerular sensitivity including donor-averaged GSE1009,GSE96804;GSE30528;GSE104948_H7;GSE1009_donor_averaged,GSE96804;GSE30528;GSE104948_H7,3.0,0.40422426174121245,0.3568017617896008,0.9457976207921133,0.40050442905074923,0.411820739931564,-1.3190072131907435,2.1274557366731686,-1.3676973690927745,2.1761458925751995,0.4190913955633101,0.4298153791644865,-8.73369762186278,9.542146145345205,-8.814546137244552,9.622994660726977,7.265966999174886,72.47441393241783,0.4298153791644865,0.8455915625271179,False
LOX,small-sample glomerular sensitivity including donor-averaged GSE1009,GSE96804;GSE30528;GSE104948_H7;GSE1009_donor_averaged,GSE96804;GSE30528;GSE104948_H7;GSE1009_donor_averaged,4.0,-1.2864576272225599,0.3850641937629077,0.7965209237737622,0.36766463949536937,0.41195831091218016,-2.4565306007680645,-0.1163846536770552,-2.5974928317159445,0.02457757727082477,0.03950957201257737,0.05235802827368558,-4.389864973864587,1.8169497194194675,-4.491208568167462,1.918293313722342,7.669251231147125,60.882752310732734,0.05235802827368558,0.46872114987964925,False
LOXL1,small-sample glomerular sensitivity including donor-averaged GSE1009,GSE96804;GSE30528;GSE104948_H7;GSE1009_donor_averaged,GSE96804;GSE30528;GSE104948_H7;GSE1009_donor_averaged,4.0,-0.08800330813191112,0.8459750400166124,1.106125291230003,0.5769706911274778,0.5769706911274778,-1.92418155236754,1.7481749361037178,-1.92418155236754,1.7481749361037178,0.8884526361331135,0.8884526361331135,-4.75964250244355,4.583635886179729,-4.75964250244355,4.583635886179729,11.753580230880747,74.47586232390744,0.8884526361331135,1.0,False
LOXL2,small-sample glomerular sensitivity including donor-averaged GSE1009,GSE96804;GSE30528;GSE104948_H7;GSE1009_donor_averaged,GSE96804;GSE30528;GSE104948_H7;GSE1009_donor_averaged,4.0,1.211826465360557,0.7261494013456917,0.9017701985550258,0.49076751982675154,0.5168063878108359,-0.35001481486533725,2.7736677455864513,-0.4328821140750565,2.8565350447961704,0.09012454990273425,0.10077747326102429,-3.019241652862775,5.44289458358389,-3.076254846188077,5.4999077769091915,10.190040047130298,70.5594876357247,0.10077747326102429,0.5183491790207019,False
LOXL3,small-sample glomerular sensitivity including donor-averaged GSE1009,GSE96804;GSE30528;GSE104948_H7;GSE1009_donor_averaged,GSE96804,1.0,,,,,,,,,,,,,,,,,,1.0,1.0,False
LOXL4,small-sample glomerular sensitivity including donor-averaged GSE1009,GSE96804;GSE30528;GSE104948_H7;GSE1009_donor_averaged,GSE96804,1.0,,,,,,,,,,,,,,,,,,1.0,1.0,False
LRP4,small-sample glomerular sensitivity including donor-averaged GSE1009,GSE96804;GSE30528;GSE104948_H7;GSE1009_donor_averaged,GSE96804;GSE30528;GSE104948_H7;GSE1009_donor_averaged,4.0,-0.17194562730898114,1.546395385305714,1.8293273352296566,1.0110891639979127,1.0110891639979127,-3.3896826015865313,3.045791346968569,-3.3896826015865313,3.045791346968569,0.8757846648784204,0.8757846648784204,-7.067873457678092,6.723982203060131,-7.067873457678092,6.723982203060131,17.230245558775977,82.58875655737829,0.8757846648784204,1.0,False
LTBP1,small-sample glomerular sensitivity including donor-averaged GSE1009,GSE96804;GSE30528;GSE104948_H7;GSE1009_donor_averaged,GSE96804;GSE30528;GSE104948_H7;GSE1009_donor_averaged,4.0,1.6070640957448852,0.0,0.45650324385389224,0.15605196508611804,0.23096560372972053,1.1104370960243066,2.1036910954654635,0.8720284635076151,2.342099727982155,0.0019526745044806863,0.006090132309302527,0.9356266821843316,2.2785015093054386,0.6132993103789707,2.6008288811108,1.3695097315616767,0.0,0.006090132309302527,0.44789906593284123,False
LTBP2,small-sample glomerular sensitivity including donor-averaged GSE1009,GSE96804;GSE30528;GSE104948_H7;GSE1009_donor_averaged,GSE96804;GSE30528;GSE104948_H7;GSE1009_donor_averaged,4.0,0.7221252949966211,0.0,0.5327000431467713,0.15144752441044246,0.2075012955884934,0.2401516804922444,1.204098909500998,0.06176356350943779,1.3824870264838045,0.017522498418973197,0.04005235732083367,0.07049919067823263,1.3737513993150097,-0.17068072089375996,1.6149313108870023,1.598100129440314,0.0,0.04005235732083367,0.44789906593284123,False
LTBP3,small-sample glomerular sensitivity including donor-averaged GSE1009,GSE96804;GSE30528;GSE104948_H7;GSE1009_donor_averaged,GSE96804;GSE30528;GSE104948_H7,3.0,0.10527522807150183,0.315445727599712,1.0983308994309804,0.41433555642326825,0.41433555642326825,-1.6774667848053355,1.8880172409483393,-1.6774667848053355,1.8880172409483393,0.8231681560912191,0.8231681560912191,-8.76288818358087,8.973438639723874,-8.76288818358087,8.973438639723874,5.592769286419539,64.23954042130013,0.8231681560912191,1.0,False
LTBP4,small-sample glomerular sensitivity including donor-averaged GSE1009,GSE96804;GSE30528;GSE104948_H7;GSE1009_donor_averaged,GSE96804;GSE30528;GSE104948_H7;GSE1009_donor_averaged,4.0,0.1575625973310219,0.0,1.4023056259617022,0.24268191101802664,0.24268191101802664,-0.6147595537474866,0.9298847484095303,-0.6147595537474866,0.9298847484095303,0.56244869968529,0.56244869968529,-0.8866133895715063,1.2017385842335502,-0.8866133895715063,1.2017385842335502,4.2069168778851065,28.68886913905096,0.56244869968529,0.9537877717258089,False
LUM,small-sample glomerular sensitivity including donor-averaged GSE1009,GSE96804;GSE30528;GSE104948_H7;GSE1009_donor_averaged,GSE96804;GSE30528;GSE104948_H7;GSE1009_donor_averaged,4.0,1.493801377150806,0.0,0.7834916555447684,0.20112709697349368,0.22722357966862372,0.8537251904950731,2.1338775638065393,0.7706745355610563,2.2169282187405557,0.0050508353953114885,0.007159959145271752,0.6284213243312188,2.3591814299703935,0.5161372218261578,2.471465532475454,2.350474966634305,0.0,0.007159959145271752,0.44789906593284123,False
LYN,small-sample glomerular sensitivity including donor-averaged GSE1009,GSE96804;GSE30528;GSE104948_H7;GSE1009_donor_averaged,GSE96804;GSE30528;GSE104948_H7;GSE1009_donor_averaged,4.0,1.0734249343047635,1.0184800519594204,0.9533933178712591,0.5895228133578356,0.6037603159128502,-0.8026997649463374,2.9495496335558644,-0.8480098523490107,2.9948597209585377,0.16618170249078487,0.1734834203274402,-3.9553752437148715,6.1022251123243985,-3.9865506009662246,6.133400469575752,14.888539686663213,79.85027367937685,0.1734834203274402,0.5933789592277746,False
MADCAM1,small-sample glomerular sensitivity including donor-averaged GSE1009,GSE96804;GSE30528;GSE104948_H7;GSE1009_donor_averaged,GSE96804;GSE30528;GSE104948_H7;GSE1009_donor_averaged,4.0,-0.14290895518677738,0.5254512857056416,1.178138335556863,0.49450509206092236,0.49450509206092236,-1.7166448583600395,1.4308269479864846,-1.7166448583600395,1.4308269479864846,0.7914056299775056,0.7914056299775056,-3.9184384810469366,3.6326205706733816,-3.9184384810469366,3.6326205706733816,9.65878146562676,68.94018142271604,0.7914056299775056,1.0,False
MAG,small-sample glomerular sensitivity including donor-averaged GSE1009,GSE96804;GSE30528;GSE104948_H7;GSE1009_donor_averaged,GSE96804;GSE30528;GSE104948_H7;GSE1009_donor_averaged,4.0,-0.025455137771104523,0.0,0.9675271485817089,0.20016103494620371,0.20349228940456193,-0.6624568838974136,0.6115466083552046,-0.6730584223403756,0.6221481467981665,0.9068486193023637,0.9083629164019812,-0.8866785611718654,0.8357682856296563,-0.9010117922606105,0.8501015167184014,2.9025814457451267,0.0,0.9083629164019812,1.0,False
MAPK1,small-sample glomerular sensitivity including donor-averaged GSE1009,GSE96804;GSE30528;GSE104948_H7;GSE1009_donor_averaged,GSE96804;GSE30528;GSE104948_H7;GSE1009_donor_averaged,4.0,0.6234367377554568,1.3441776825280414,0.92471949367273,0.6234407893777058,0.6483211753081991,-1.360630098962781,2.6075035744736947,-1.4398105912413126,2.6866840667522265,0.3910049062001516,0.407179896254765,-5.040488929220405,6.287362404731319,-5.091966599184147,6.33884007469506,25.809250541416805,88.376260693096,0.407179896254765,0.8187861319480492,False
MAPK3,small-sample glomerular sensitivity including donor-averaged GSE1009,GSE96804;GSE30528;GSE104948_H7;GSE1009_donor_averaged,GSE96804;GSE30528;GSE104948_H7;GSE1009_donor_averaged,4.0,0.22161920397812518,0.8652800848674753,0.8854812835159761,0.5128903717968588,0.5450481293172006,-1.4106268647623752,1.8538652727186258,-1.5129672013691966,1.9562056093254467,0.6948442410142925,0.711566474799942,-4.3487957983542875,4.792034206310539,-4.417186316889455,4.860424724845706,18.148392290099828,83.46961013380488,0.711566474799942,1.0,False
MASP1,small-sample glomerular sensitivity including donor-averaged GSE1009,GSE96804;GSE30528;GSE104948_H7;GSE1009_donor_averaged,GSE96804;GSE30528;GSE104948_H7;GSE1009_donor_averaged,4.0,-0.12366207860893687,0.9572979581110087,0.9452990216595158,0.5495056886438827,0.5651810455624843,-1.872434427166041,1.6251102699481672,-1.9223204088756478,1.674996251657774,0.8364041114409835,0.8408453032192412,-4.951948710247914,4.70462455303004,-4.985331379490165,4.738007222272292,15.843696518717364,81.06502484154583,0.8408453032192412,1.0,False
MASP2,small-sample glomerular sensitivity including donor-averaged GSE1009,GSE96804;GSE30528;GSE104948_H7;GSE1009_donor_averaged,GSE96804;GSE30528;GSE104948_H7;GSE1009_donor_averaged,4.0,0.12002315936846054,1.45599466321371,0.9394949623609218,0.6512444666530325,0.6718878976420335,-1.9525273873679414,2.1925737061048625,-2.018223998047267,2.2582703167841878,0.8655337402031156,0.8696063472710167,-5.77965593099206,6.019702249728981,-5.822356195248056,6.062402513984977,23.61422547646055,87.29579336408683,0.8696063472710167,1.0,False
MATN1,small-sample glomerular sensitivity including donor-averaged GSE1009,GSE96804;GSE30528;GSE104948_H7;GSE1009_donor_averaged,GSE96804;GSE30528;GSE104948_H7;GSE1009_donor_averaged,4.0,0.397008389453824,1.1679582554848653,1.0005539518563982,0.6249861683196942,0.6249861683196942,-1.5919765327686082,2.3859933116762564,-1.5919765327686082,2.3859933116762564,0.5704185928659666,0.5704185928659666,-4.974532542844089,5.768549321751737,-4.974532542844089,5.768549321751737,14.688583729684181,79.57597508916197,0.5704185928659666,0.9644397300505304,False
MATN3,small-sample glomerular sensitivity including donor-averaged GSE1009,GSE96804;GSE30528;GSE104948_H7;GSE1009_donor_averaged,GSE96804;GSE30528;GSE104948_H7;GSE1009_donor_averaged,4.0,-0.7457269146648957,0.0,0.9142980326960658,0.19982631193237624,0.20898195147495555,-1.3816634227725562,-0.10979040655723526,-1.410800754007347,-0.08065307532244437,0.03353148963306133,0.037595343902784614,-1.6055101411765018,0.11405631184671039,-1.6449036786469828,0.1534498493171913,2.7428940980881973,0.0,0.037595343902784614,0.44789906593284123,False
MATN4,small-sample glomerular sensitivity including donor-averaged GSE1009,GSE96804;GSE30528;GSE104948_H7;GSE1009_donor_averaged,GSE96804;GSE30528;GSE104948_H7;GSE1009_donor_averaged,4.0,0.4126944903741489,0.009339266291753367,0.6029191411385795,0.16495899991511234,0.21244498281267413,-0.11227866942899584,0.9376676501772936,-0.2634002602541066,1.0887892410024045,0.0875675708580351,0.14733705090404584,-0.40989729853590723,1.235286279284205,-0.5915131054398428,1.4169020861881407,1.9472106617313405,0.0,0.14733705090404584,0.5799627864131273,False
MBL2,small-sample glomerular sensitivity including donor-averaged GSE1009,GSE96804;GSE30528;GSE104948_H7;GSE1009_donor_averaged,GSE96804;GSE30528;GSE104948_H7;GSE1009_donor_averaged,4.0,0.4866861463161147,0.0,0.4777566414894216,0.1412750575384705,0.20439116840311258,0.037085861424066,0.9362864312081633,-0.16377777240099106,1.1371500650332205,0.041087345976391625,0.09751650485126197,-0.12117136564729775,1.0945436582795272,-0.3927380723502197,1.366110364982449,1.4332699244682647,0.0,0.09751650485126197,0.5183491790207019,False
MEN1,small-sample glomerular sensitivity including donor-averaged GSE1009,GSE96804;GSE30528;GSE104948_H7;GSE1009_donor_averaged,GSE96804;GSE30528;GSE104948_H7;GSE1009_donor_averaged,4.0,0.5724245151038672,0.0,1.0614630871408535,0.21348952204344296,0.21348952204344296,-0.10699442554007255,1.2518434557478069,-0.10699442554007255,1.2518434557478069,0.07496749576168255,0.07496749576168255,-0.34614675968926056,1.4909957898969948,-0.34614675968926056,1.4909957898969948,3.1843892614225604,5.790412109987718,0.07496749576168255,0.4929110620530174,False
MERTK,small-sample glomerular sensitivity including donor-averaged GSE1009,GSE96804;GSE30528;GSE104948_H7;GSE1009_donor_averaged,GSE96804;GSE30528;GSE104948_H7;GSE1009_donor_averaged,4.0,0.6160770732291844,0.07174141793168243,0.7995384409344473,0.23270520085964919,0.26024740947110686,-0.12449473346690931,1.356648879925278,-0.2121463335017959,1.4443004799601646,0.07716152719202816,0.09874718926310244,-0.9105652852114511,2.14271943166982,-0.9907787142876004,2.2229328607459693,3.442949022563641,12.865395905101687,0.09874718926310244,0.5183491790207019,False
MFAP2,small-sample glomerular sensitivity including donor-averaged GSE1009,GSE96804;GSE30528;GSE104948_H7;GSE1009_donor_averaged,GSE96804;GSE30528;GSE104948_H7;GSE1009_donor_averaged,4.0,1.4418585697814543,0.0,0.11805404462365288,0.07739132437286698,0.22524328014059966,1.1955648354700108,1.6881523040928978,0.7250339251080198,2.158683214454889,0.0003375153714681989,0.007722562523654838,1.108870576709612,1.7748465628532966,0.47271495562678045,2.4110021839361284,0.35416213387095863,0.0,0.007722562523654838,0.44789906593284123,False
MFAP3,small-sample glomerular sensitivity including donor-averaged GSE1009,GSE96804;GSE30528;GSE104948_H7;GSE1009_donor_averaged,GSE96804;GSE30528;GSE104948_H7;GSE1009_donor_averaged,4.0,-0.3920882291530088,0.856573802475022,0.909363859079765,0.5153090918068182,0.5403796179819172,-2.0320317444527203,1.2478552861467027,-2.1118173478501827,1.3276408895441651,0.5020690479382501,0.5205757697957011,-4.9498898347920735,4.165713376486056,-5.003327565182909,4.219151106876891,13.42065595001459,77.6463981255943,0.5205757697957011,0.9336404028970482,False
MFAP4,small-sample glomerular sensitivity including donor-averaged GSE1009,GSE96804;GSE30528;GSE104948_H7;GSE1009_donor_averaged,GSE96804;GSE30528;GSE104948_H7;GSE1009_donor_averaged,4.0,1.4279333857028174,0.09109492901576251,1.0269428008893369,0.29440222005103467,0.29440222005103467,0.49101412823408097,2.3648526431715537,0.49101412823408097,2.3648526431715537,0.0167264876988798,0.0167264876988798,-0.3861723447331673,3.242039116138802,-0.3861723447331673,3.242039116138802,4.048079054811293,25.890775368272806,0.0167264876988798,0.44789906593284123,False
MFAP5,small-sample glomerular sensitivity including donor-averaged GSE1009,GSE96804;GSE30528;GSE104948_H7;GSE1009_donor_averaged,GSE96804;GSE30528;GSE104948_H7;GSE1009_donor_averaged,4.0,0.2391150627116514,0.5677433739896789,0.8707476346177144,0.4327504818649822,0.46375799360853526,-1.1380901094093054,1.6163202348326082,-1.2367698505936169,1.7149999760169197,0.6190760701117616,0.6417219531801756,-3.499532050537375,3.977762175960678,-3.567735449772407,4.04596557519571,12.334959109304702,75.67888167754855,0.6417219531801756,1.0,False
MIF,small-sample glomerular sensitivity including donor-averaged GSE1009,GSE96804;GSE30528;GSE104948_H7;GSE1009_donor_averaged,GSE96804;GSE30528;GSE104948_H7;GSE1009_donor_averaged,4.0,-0.1806700084459121,0.753517464826245,0.8342944613506429,0.465333523424018,0.5094536296533502,-1.661568960791328,1.3002289438995038,-1.8019788298495907,1.4406388129577665,0.7237369877305121,0.7463276021435428,-4.418406727668909,4.057066710777084,-4.511328915374697,4.149988898482872,17.279608206383458,82.63849524729538,0.7463276021435428,1.0,False
MMP1,small-sample glomerular sensitivity including donor-averaged GSE1009,GSE96804;GSE30528;GSE104948_H7;GSE1009_donor_averaged,GSE96804;GSE30528;GSE104948_H7;GSE1009_donor_averaged,4.0,0.8646371082698164,0.11544750914345539,1.422877777634173,0.3567022469658489,0.3567022469658489,-0.270548639673046,1.999822856212679,-0.270548639673046,1.999822856212679,0.0938344150566541,0.0938344150566541,-1.2549773313957076,2.98425154793534,-1.2549773313957076,2.98425154793534,5.831946312322684,48.559197232986996,0.0938344150566541,0.5165966810018797,False
MMP10,small-sample glomerular sensitivity including donor-averaged GSE1009,GSE96804;GSE30528;GSE104948_H7;GSE1009_donor_averaged,GSE96804;GSE30528;GSE104948_H7;GSE1009_donor_averaged,4.0,0.551044165357175,0.07884889519144551,0.7121422517724629,0.22229077874330055,0.2634135252837913,-0.15638430215307997,1.25847263286743,-0.2872552349439831,1.3893435656583333,0.08935424248419846,0.1275413326847591,-0.9898948235609318,2.091983154275282,-1.1055362568671603,2.20762458758151,3.3838324545239136,11.343128233514053,0.1275413326847591,0.56952190798163,False
MMP11,small-sample glomerular sensitivity including donor-averaged GSE1009,GSE96804;GSE30528;GSE104948_H7;GSE1009_donor_averaged,GSE96804;GSE30528;GSE104948_H7;GSE1009_donor_averaged,4.0,1.5581896847564976,0.839893905665842,1.1513862846068599,0.5886729720490599,0.5886729720490599,-0.31523044016141255,3.4316098096744074,-0.31523044016141255,3.4316098096744074,0.07719483793644243,0.07719483793644243,-3.1284041157911995,6.244783485304194,-3.1284041157911995,6.244783485304194,9.824475757160812,69.4640195145947,0.07719483793644243,0.4929110620530174,False
MMP12,small-sample glomerular sensitivity including donor-averaged GSE1009,GSE96804;GSE30528;GSE104948_H7;GSE1009_donor_averaged,GSE96804;GSE30528;GSE104948_H7;GSE1009_donor_averaged,4.0,0.44742847334478386,0.26334732329870886,0.7948058130020826,0.31619813546217623,0.3546735380771253,-0.5588551145944162,1.453712061283984,-0.6813010174906641,1.576157964180232,0.2520006849259378,0.2962905461006867,-2.146070488653851,3.0409274353434186,-2.236615277777655,3.1314722244672226,6.629352604613369,54.746712402772204,0.2962905461006867,0.7160354864099929,False
MMP13,small-sample glomerular sensitivity including donor-averaged GSE1009,GSE96804;GSE30528;GSE104948_H7;GSE1009_donor_averaged,GSE96804;GSE30528;GSE104948_H7;GSE1009_donor_averaged,4.0,0.5856656585449831,0.19874877929147916,0.7199797792125651,0.27736097677649557,0.32687763597642044,-0.2970207572272555,1.4683520743172216,-0.45460486634804886,1.625936183438015,0.12518084343095012,0.17109749527523072,-1.673443747932581,2.844775065022547,-1.7928794075985541,2.9642107246885203,5.569277647368838,46.13305010179683,0.17109749527523072,0.5933789592277746,False
MMP14,small-sample glomerular sensitivity including donor-averaged GSE1009,GSE96804;GSE30528;GSE104948_H7;GSE1009_donor_averaged,GSE96804;GSE30528;GSE104948_H7;GSE1009_donor_averaged,4.0,0.4991195434230978,0.535861304452396,1.1167429346085809,0.4901139654625308,0.4901139654625308,-1.06064183513108,2.0588809219772757,-1.06064183513108,2.0588809219772757,0.38347402800848956,0.38347402800848956,-3.2913026257260807,4.289541712572277,-3.2913026257260807,4.289541712572277,9.68925762797428,69.03787560216617,0.38347402800848956,0.8021578473334062,False
MMP15,small-sample glomerular sensitivity including donor-averaged GSE1009,GSE96804;GSE30528;GSE104948_H7;GSE1009_donor_averaged,GSE96804;GSE30528;GSE104948_H7;GSE1009_donor_averaged,4.0,-0.02538215028631176,1.2502314526684672,0.9227326035241825,0.6060252253317102,0.6308887289716145,-1.9540248895519394,1.9032605889793157,-2.033151654847161,1.9823873542745374,0.9692235898807596,0.9704356070196218,-5.497534436426639,5.446770135854015,-5.5493113854542555,5.498547084881632,24.865083986515245,87.93488893250088,0.9704356070196218,1.0,False
MMP16,small-sample glomerular sensitivity including donor-averaged GSE1009,GSE96804;GSE30528;GSE104948_H7;GSE1009_donor_averaged,GSE96804;GSE30528;GSE104948_H7;GSE1009_donor_averaged,4.0,-0.19881026544231079,0.318730735025383,0.8911848441844289,0.3552392560727487,0.3763024586205206,-1.3293401234227629,0.9317195925381414,-1.3963726345483618,0.9987521036637403,0.614783974129868,0.6338619789162173,-3.0687978892256984,2.671177358341077,-3.118071441866943,2.7204509109823216,6.7757248841190005,55.72429442890421,0.6338619789162173,1.0,False
MMP17,small-sample glomerular sensitivity including donor-averaged GSE1009,GSE96804;GSE30528;GSE104948_H7;GSE1009_donor_averaged,GSE96804;GSE30528;GSE104948_H7;GSE1009_donor_averaged,4.0,0.5310979083222943,0.4118734443374556,0.8934063151923838,0.391417779855282,0.41411030722972675,-0.7145681590004994,1.7767639756450881,-0.7867859089008508,1.8489817255454395,0.26789608227818024,0.28978139190265073,-2.703287520587198,3.765483337231786,-2.7551847356370858,3.817380552281674,7.826960235219146,61.67094363785275,0.28978139190265073,0.7160354864099929,False
MMP19,small-sample glomerular sensitivity including donor-averaged GSE1009,GSE96804;GSE30528;GSE104948_H7;GSE1009_donor_averaged,GSE96804;GSE30528;GSE104948_H7;GSE1009_donor_averaged,4.0,0.7125071270751029,0.0,0.21506571624070145,0.09615414814419397,0.20733968400305047,0.4065017135759105,1.0185125405742954,0.05265971578090345,1.3723545383693023,0.005084425500830568,0.04134366595353726,0.29878921908575257,1.1262250350644532,-0.17960353028601306,1.6046177844362188,0.6451971487221043,0.0,0.04134366595353726,0.44789906593284123,False
MMP2,small-sample glomerular sensitivity including donor-averaged GSE1009,GSE96804;GSE30528;GSE104948_H7;GSE1009_donor_averaged,GSE96804;GSE30528;GSE104948_H7;GSE1009_donor_averaged,4.0,1.779828572151961,0.20148779802141434,1.200373466810654,0.38687491023289416,0.38687491023289416,0.5486199434743211,3.011037200829601,0.5486199434743211,3.011037200829601,0.019306470151563993,0.019306470151563993,-0.7698698303471159,4.3295269746510385,-0.7698698303471159,4.3295269746510385,5.506675306866595,45.520666594249256,0.019306470151563993,0.44789906593284123,False
MMP20,small-sample glomerular sensitivity including donor-averaged GSE1009,GSE96804;GSE30528;GSE104948_H7;GSE1009_donor_averaged,GSE96804;GSE30528;GSE104948_H7;GSE1009_donor_averaged,4.0,-0.038800811550611554,0.0,0.14227740345938325,0.0758277923445199,0.20102980283110608,-0.2801186891352491,0.20251706603402603,-0.6785673648223773,0.6009657417211542,0.6441482357982745,0.8592787605147391,-0.36506146927263544,0.28745984617141235,-0.9037622414628662,0.8261606183616431,0.4268322103781497,0.0,0.8592787605147391,1.0,False
MMP24,small-sample glomerular sensitivity including donor-averaged GSE1009,GSE96804;GSE30528;GSE104948_H7;GSE1009_donor_averaged,GSE96804;GSE30528;GSE104948_H7;GSE1009_donor_averaged,4.0,-0.07081472649016574,0.0,0.6019472486429315,0.15680078716124257,0.20210126026537345,-0.5698248122570392,0.4281953592767077,-0.7139911355148845,0.572361682534553,0.6821927693976768,0.7492031561815611,-0.7454740613963504,0.603844608416019,-0.9403862656567813,0.7987568126764498,1.8058417459287943,0.0,0.7492031561815611,1.0,False
MMP25,small-sample glomerular sensitivity including donor-averaged GSE1009,GSE96804;GSE30528;GSE104948_H7;GSE1009_donor_averaged,GSE96804;GSE30528;GSE104948_H7;GSE1009_donor_averaged,4.0,-0.1697020621056941,0.46768484311117864,0.8387340055768359,0.3913675698162746,0.4273391775634031,-1.4152083386753607,1.0758042144639723,-1.5296860488453248,1.1902819246339365,0.693858028338418,0.7178491426657096,-3.559945104836058,3.22054098062467,-3.639421664320078,3.30001754010869,10.684310022187027,71.9214437453593,0.7178491426657096,1.0,False
MMP3,small-sample glomerular sensitivity including donor-averaged GSE1009,GSE96804;GSE30528;GSE104948_H7;GSE1009_donor_averaged,GSE96804;GSE30528;GSE104948_H7;GSE1009_donor_averaged,4.0,0.8676954216804594,0.0,0.2181210341829413,0.09817632175696883,0.21021223168336306,0.5552545492386495,1.1801362941222693,0.19870628163429793,1.536684561726621,0.0030530031937396713,0.025788549898595723,0.445276802876076,1.2901140404848428,-0.03677481079868894,1.7721656541596078,0.6543631025488239,0.0,0.025788549898595723,0.44789906593284123,False
MMP7,small-sample glomerular sensitivity including donor-averaged GSE1009,GSE96804;GSE30528;GSE104948_H7;GSE1009_donor_averaged,GSE96804;GSE30528;GSE104948_H7;GSE1009_donor_averaged,4.0,1.1797392354077942,0.0,1.2386722848125145,0.24599802417839686,0.24599802417839686,0.39686373225416294,1.9626147385614257,0.39686373225416294,1.9626147385614257,0.01724987208912349,0.01724987208912349,0.12129516516364092,2.2381833056519476,0.12129516516364092,2.2381833056519476,3.7160168544375436,19.268396309411248,0.01724987208912349,0.44789906593284123,False
MMP8,small-sample glomerular sensitivity including donor-averaged GSE1009,GSE96804;GSE30528;GSE104948_H7;GSE1009_donor_averaged,GSE96804;GSE30528;GSE104948_H7;GSE1009_donor_averaged,4.0,0.01613719880943601,0.3067799645997393,1.4333833361129737,0.45825277961743816,0.45825277961743816,-1.442227666570069,1.4745020641889413,-1.442227666570069,1.4745020641889413,0.9741206787371358,0.9741206787371358,-3.0769152511946865,3.1091896488135586,-3.0769152511946865,3.1091896488135586,8.831179038280224,66.02945102804509,0.9741206787371358,1.0,False
MMP9,small-sample glomerular sensitivity including donor-averaged GSE1009,GSE96804;GSE30528;GSE104948_H7;GSE1009_donor_averaged,GSE96804;GSE30528;GSE104948_H7;GSE1009_donor_averaged,4.0,0.03923990223354484,0.0,0.7016092088389899,0.16920286387931016,0.20200404648269174,-0.4992391267625879,0.5777189312296775,-0.6036271291476558,0.6821069336147456,0.8315266445190685,0.8583875826500833,-0.6887812619181957,0.7672610663852852,-0.8299133597856461,0.9083931642527356,2.1048276265169696,0.0,0.8583875826500833,1.0,False
MTMR4,small-sample glomerular sensitivity including donor-averaged GSE1009,GSE96804;GSE30528;GSE104948_H7;GSE1009_donor_averaged,GSE96804;GSE30528;GSE104948_H7;GSE1009_donor_averaged,4.0,-0.22784155288760977,0.2346411627545472,0.7248925920346129,0.2895702109071182,0.34010815988866117,-1.1493832007091922,0.6937000949339726,-1.3102175097221198,0.8545344039469004,0.4888149341817166,0.5508684720891434,-2.65604799447199,2.200364888696771,-2.7744694395608027,2.3187863337855834,6.4899906915377255,53.774972221274695,0.5508684720891434,0.9453366921446122,False
MUSK,small-sample glomerular sensitivity including donor-averaged GSE1009,GSE96804;GSE30528;GSE104948_H7;GSE1009_donor_averaged,GSE96804;GSE30528;GSE104948_H7;GSE1009_donor_averaged,4.0,-0.10986481517622486,0.3389235179341563,1.62114611724059,0.5058784731187833,0.5058784731187833,-1.7197958928756603,1.5000662625232104,-1.7197958928756603,1.5000662625232104,0.8420025479678378,0.8420025479678378,-3.428313585056144,3.2085839547036947,-3.428313585056144,3.2085839547036947,8.39965158137048,64.28423285254264,0.8420025479678378,1.0,False
MYC,small-sample glomerular sensitivity including donor-averaged GSE1009,GSE96804;GSE30528;GSE104948_H7;GSE1009_donor_averaged,GSE96804;GSE30528;GSE104948_H7;GSE1009_donor_averaged,4.0,0.6412424160743087,0.09923991122034255,1.1150106183789736,0.29877315410155914,0.29877315410155914,-0.30958710431415803,1.5920719364627753,-0.30958710431415803,1.5920719364627753,0.12113564312407916,0.12113564312407916,-1.2268488419008312,2.5093336740494485,-1.2268488419008312,2.5093336740494485,4.680621682373749,35.90595003015565,0.12113564312407916,0.5514488870125231,False
NCAM1,small-sample glomerular sensitivity including donor-averaged GSE1009,GSE96804;GSE30528;GSE104948_H7;GSE1009_donor_averaged,GSE96804;GSE30528;GSE104948_H7;GSE1009_donor_averaged,4.0,0.3187659368419726,1.1558261007656816,0.8853143588242021,0.5705150937563496,0.6063430231241772,-1.4968677153915102,2.1343995890754552,-1.6108881768341188,2.248420050518064,0.615337511872361,0.6354673063330203,-4.917959404398403,5.555491278082349,-4.991966034760889,5.629497908444835,22.603727886540327,86.72785296718075,0.6354673063330203,1.0,False
NCAN,small-sample glomerular sensitivity including donor-averaged GSE1009,GSE96804;GSE30528;GSE104948_H7;GSE1009_donor_averaged,GSE96804;GSE30528;GSE104948_H7;GSE1009_donor_averaged,4.0,0.15620792261826966,0.342342845224279,0.8867772608577246,0.3625596282141492,0.3850101409511362,-0.9976186266368842,1.3100344718734234,-1.0690661779484332,1.3814820231849727,0.695659561927823,0.7121481217924517,-2.8054187168283438,3.117834562064883,-2.857417639368545,3.169833484605084,7.3126756587729025,58.97534445684123,0.7121481217924517,1.0,False
NCOR1,small-sample glomerular sensitivity including donor-averaged GSE1009,GSE96804;GSE30528;GSE104948_H7;GSE1009_donor_averaged,GSE96804;GSE30528;GSE104948_H7,3.0,0.3963539611612671,0.10371369846527509,0.9350118032252805,0.27735808471470863,0.2868350921886902,-0.7970215591545565,1.5897294814770908,-0.8377978312323392,1.6305057535548735,0.28921723097001706,0.30113279111601715,-5.004025295632019,5.796733217954554,-5.083366334268645,5.876074256591179,3.3417971582844412,40.15196299266924,0.30113279111601715,0.7166777369113722,False
NCOR2,small-sample glomerular sensitivity including donor-averaged GSE1009,GSE96804;GSE30528;GSE104948_H7;GSE1009_donor_averaged,GSE96804;GSE30528;GSE104948_H7;GSE1009_donor_averaged,4.0,-0.27114359812768485,0.0,0.47343861272380033,0.13938732742896862,0.20257761488472784,-0.7147362833073765,0.17244908705200673,-0.9158359801507728,0.37354878389540314,0.14695434151765777,0.2731411668045154,-0.8708788629824187,0.328591666727049,-1.1427647257975941,0.6004775295422246,1.420315838171401,0.0,0.2731411668045154,0.6989200444703776,False
NCSTN,small-sample glomerular sensitivity including donor-averaged GSE1009,GSE96804;GSE30528;GSE104948_H7;GSE1009_donor_averaged,GSE96804;GSE30528;GSE104948_H7;GSE1009_donor_averaged,4.0,-0.838527000574635,0.5934460288913856,0.8399231597669569,0.43232715106716424,0.471729170540682,-2.2143849451621636,0.5373309440128933,-2.3397797564563767,0.6627257553071064,0.1477745363237378,0.17354250531693538,-4.6393862744979035,2.9623322733486335,-4.725169296505852,3.048115295356582,11.37766935647848,73.63256123898705,0.17354250531693538,0.5933789592277746,False
NEDD4L,small-sample glomerular sensitivity including donor-averaged GSE1009,GSE96804;GSE30528;GSE104948_H7;GSE1009_donor_averaged,GSE96804;GSE30528;GSE104948_H7;GSE1009_donor_averaged,4.0,-0.8300353402969388,1.0137950088325578,1.0319976447146737,0.5881900180784196,0.5881900180784196,-2.7019184901353626,1.0418478095414851,-2.7019184901353626,1.0418478095414851,0.25302267285047114,0.25302267285047114,-5.847309422638572,4.187238742044695,-5.847309422638572,4.187238742044695,14.258782289009043,78.96033518716068,0.25302267285047114,0.6761663919519416,False
NEDD8,small-sample glomerular sensitivity including donor-averaged GSE1009,GSE96804;GSE30528;GSE104948_H7;GSE1009_donor_averaged,GSE96804;GSE30528;GSE104948_H7;GSE1009_donor_averaged,4.0,0.2470746355952908,0.04605739740631079,1.0307789498773137,0.244873398896651,0.244873398896651,-0.5322218079856198,1.0263710791762013,-0.5322218079856198,1.0263710791762013,0.3873018612161392,0.3873018612161392,-1.1539022539916708,1.6480515251822525,-1.1539022539916708,1.6480515251822525,3.7596170514436924,20.20463895789598,0.3873018612161392,0.8021578473334062,False
NID1,small-sample glomerular sensitivity including donor-averaged GSE1009,GSE96804;GSE30528;GSE104948_H7;GSE1009_donor_averaged,GSE96804;GSE30528;GSE104948_H7;GSE1009_donor_averaged,4.0,0.6926261500224221,0.0,0.47205196688982926,0.14274028128987057,0.20775507549994185,0.2383628692163164,1.1468894308285278,0.031456777593694474,1.3537955224511498,0.016707021039585674,0.0445908143915149,0.07846428908535452,1.3067880109594898,-0.20127179269670825,1.5865240927415525,1.4161559006694877,0.0,0.0445908143915149,0.44789906593284123,False
NID2,small-sample glomerular sensitivity including donor-averaged GSE1009,GSE96804;GSE30528;GSE104948_H7;GSE1009_donor_averaged,GSE96804;GSE30528;GSE104948_H7;GSE1009_donor_averaged,4.0,0.6751752170044274,1.3583955056596955,0.9078395646341687,0.626349179464307,0.6573731473978608,-1.3181474149992385,2.6684978490080935,-1.4168795271246168,2.767229961133472,0.3600078896570714,0.3799553974574651,-5.017851903053236,6.36820233706209,-5.0822419423768315,6.432592376385686,21.032405107807637,85.73629604116772,0.3799553974574651,0.7976007405072257,False
NRAS,small-sample glomerular sensitivity including donor-averaged GSE1009,GSE96804;GSE30528;GSE104948_H7;GSE1009_donor_averaged,GSE96804;GSE30528;GSE104948_H7;GSE1009_donor_averaged,4.0,1.2669390529885665,2.5239028656923024,0.9851493502052245,0.8544252848428133,0.8608412198858306,-1.4522235379004245,3.986101643877557,-1.472641906673015,4.006520012650148,0.23475406897748646,0.2374765386480432,-6.494485285427408,9.028363391404541,-6.507599008079439,9.041477114056573,21.822314712905133,86.25260409141711,0.2374765386480432,0.6632296365466694,False
NRXN1,small-sample glomerular sensitivity including donor-averaged GSE1009,GSE96804;GSE30528;GSE104948_H7;GSE1009_donor_averaged,GSE96804;GSE30528;GSE104948_H7;GSE1009_donor_averaged,4.0,-0.6636502825863831,0.12949187419301886,0.7812234670468405,0.2607974674652965,0.2950636629627483,-1.4936242193486637,0.16632365417589756,-1.6026745466056584,0.27537398143289227,0.08433261594570322,0.11002193992840045,-2.5758258023139957,1.2485252371412292,-2.6659073759077754,1.3386068107350089,4.291161921750384,30.088865097491208,0.11002193992840045,0.5276698201083991,False
NTN4,small-sample glomerular sensitivity including donor-averaged GSE1009,GSE96804;GSE30528;GSE104948_H7;GSE1009_donor_averaged,GSE96804,1.0,,,,,,,,,,,,,,,,,,1.0,1.0,False
OLR1,small-sample glomerular sensitivity including donor-averaged GSE1009,GSE96804;GSE30528;GSE104948_H7;GSE1009_donor_averaged,GSE96804;GSE30528;GSE104948_H7;GSE1009_donor_averaged,4.0,0.7484649985279117,0.1708053613225345,0.7982520162967633,0.2842425212121103,0.31814055514266537,-0.15612156290809465,1.653051559963918,-0.26400023574677145,1.7609302328025949,0.07811078917148696,0.10006716166742032,-1.4097310805812961,2.9066610776371196,-1.495601565087843,2.9925315621436663,4.892569429304329,38.682525749531,0.10006716166742032,0.5183491790207019,False
OPTC,small-sample glomerular sensitivity including donor-averaged GSE1009,GSE96804;GSE30528;GSE104948_H7;GSE1009_donor_averaged,GSE96804,1.0,,,,,,,,,,,,,,,,,,1.0,1.0,False
P3H1,small-sample glomerular sensitivity including donor-averaged GSE1009,GSE96804;GSE30528;GSE104948_H7;GSE1009_donor_averaged,GSE104948_H7,1.0,,,,,,,,,,,,,,,,,,1.0,1.0,False
P3H2,small-sample glomerular sensitivity including donor-averaged GSE1009,GSE96804;GSE30528;GSE104948_H7;GSE1009_donor_averaged,GSE104948_H7,1.0,,,,,,,,,,,,,,,,,,1.0,1.0,False
P3H3,small-sample glomerular sensitivity including donor-averaged GSE1009,GSE96804;GSE30528;GSE104948_H7;GSE1009_donor_averaged,GSE104948_H7,1.0,,,,,,,,,,,,,,,,,,1.0,1.0,False
P4HA1,small-sample glomerular sensitivity including donor-averaged GSE1009,GSE96804;GSE30528;GSE104948_H7;GSE1009_donor_averaged,GSE96804;GSE30528;GSE104948_H7;GSE1009_donor_averaged,4.0,-0.6863984127299199,0.0,0.5766767013280725,0.15718617960817716,0.2069894239090262,-1.1866349892656245,-0.18616183619421522,-1.3451311400820034,-0.027665685377836313,0.0222085308272648,0.04518542651797561,-1.3627159574999324,-0.010080867959907258,-1.57700202254136,0.20420519708152018,1.7300301039842174,0.0,0.04518542651797561,0.44789906593284123,False
P4HA2,small-sample glomerular sensitivity including donor-averaged GSE1009,GSE96804;GSE30528;GSE104948_H7;GSE1009_donor_averaged,GSE104948_H7,1.0,,,,,,,,,,,,,,,,,,1.0,1.0,False
P4HA3,small-sample glomerular sensitivity including donor-averaged GSE1009,GSE96804;GSE30528;GSE104948_H7;GSE1009_donor_averaged,GSE96804,1.0,,,,,,,,,,,,,,,,,,1.0,1.0,False
P4HB,small-sample glomerular sensitivity including donor-averaged GSE1009,GSE96804;GSE30528;GSE104948_H7;GSE1009_donor_averaged,GSE96804;GSE30528;GSE104948_H7;GSE1009_donor_averaged,4.0,0.5268319736988082,0.06676548816868011,1.0512745810442583,0.26415284803739436,0.26415284803739436,-0.31382028156796626,1.3674842289655826,-0.31382028156796626,1.3674842289655826,0.140081655232339,0.140081655232339,-1.0630678735174386,2.116731820915055,-1.0630678735174386,2.116731820915055,4.10809419153789,26.973436826750756,0.140081655232339,0.5742797806989474,False
PARD3,small-sample glomerular sensitivity including donor-averaged GSE1009,GSE96804;GSE30528;GSE104948_H7;GSE1009_donor_averaged,GSE96804;GSE30528;GSE104948_H7;GSE1009_donor_averaged,4.0,-0.10272134320783671,0.6312065084598503,0.9031304147597993,0.45429846316057976,0.47804197667378906,-1.5485018087892903,1.343059122373617,-1.624064265643857,1.4186215792281838,0.835645401863423,0.8436397247967579,-4.040515144078749,3.8350724576630753,-4.092212416797164,3.88676973038149,10.851129569009341,72.35310867019822,0.8436397247967579,1.0,False
PARD6A,small-sample glomerular sensitivity including donor-averaged GSE1009,GSE96804;GSE30528;GSE104948_H7;GSE1009_donor_averaged,GSE96804;GSE30528;GSE104948_H7;GSE1009_donor_averaged,4.0,0.07010084267285939,0.9264254831547072,0.8793449515142507,0.5207909229422605,0.5553717296319175,-1.5872883058700298,1.7274899912157484,-1.6973398663532588,1.8375415516989775,0.9014477194853987,0.9075395623454267,-4.638599066933234,4.778800752278953,-4.7111962138540875,4.851397899199807,18.136089563915743,83.45839664373452,0.9075395623454267,1.0,False
PARP1,small-sample glomerular sensitivity including donor-averaged GSE1009,GSE96804;GSE30528;GSE104948_H7;GSE1009_donor_averaged,GSE96804;GSE30528;GSE104948_H7;GSE1009_donor_averaged,4.0,0.35435745480632225,0.1555816871010015,0.83464079865518,0.2795453988137439,0.30598669543767276,-0.5352807668075377,1.243995676420182,-0.6194287735552706,1.328143683167915,0.2943830839684782,0.33065242911888393,-1.7257752021162345,2.434490111728879,-1.7935651635749288,2.502280073187573,5.058092982257249,40.68910930417089,0.33065242911888393,0.7526187558142038,False
PCOLCE,small-sample glomerular sensitivity including donor-averaged GSE1009,GSE96804;GSE30528;GSE104948_H7;GSE1009_donor_averaged,GSE96804;GSE30528;GSE104948_H7;GSE1009_donor_averaged,4.0,1.872673509322933,0.4135763392963601,0.9368567323066904,0.42339453851463854,0.43743009664276145,0.5252431245497211,3.2201038940961446,0.48057571444228153,3.2647713042035846,0.021461613301871893,0.023413364470680632,-1.4401994255353965,5.185546444181263,-1.4737875818478359,5.219134600493701,7.356183544363562,59.217983321002734,0.023413364470680632,0.44789906593284123,False
PCOLCE2,small-sample glomerular sensitivity including donor-averaged GSE1009,GSE96804;GSE30528;GSE104948_H7;GSE1009_donor_averaged,GSE96804;GSE30528;GSE104948_H7,3.0,-1.4678512976493867,0.0,0.9028660573666694,0.2194610603104589,0.2309648070870575,-2.412116027867894,-0.5235865674308795,-2.4616126553385724,-0.4740899399602009,0.021631110436091113,0.023875560563371125,-4.25636846157206,1.3206658662732862,-4.402537423348631,1.4668348280498578,1.8057321147333387,0.0,0.023875560563371125,0.44789906593284123,False
PDGFA,small-sample glomerular sensitivity including donor-averaged GSE1009,GSE96804;GSE30528;GSE104948_H7;GSE1009_donor_averaged,GSE96804;GSE30528;GSE104948_H7;GSE1009_donor_averaged,4.0,-0.3274670217239869,0.0,1.6186185420169477,0.26267389265334085,0.26267389265334085,-1.1634125808931008,0.5084785374451269,-1.1634125808931008,0.5084785374451269,0.30099053096890754,0.30099053096890754,-1.4576615629828011,0.8027275195348272,-1.4576615629828011,0.8027275195348272,4.855855626050843,38.218921009399295,0.30099053096890754,0.7166777369113722,False
PDGFB,small-sample glomerular sensitivity including donor-averaged GSE1009,GSE96804;GSE30528;GSE104948_H7;GSE1009_donor_averaged,GSE96804;GSE30528;GSE104948_H7;GSE1009_donor_averaged,4.0,1.4251710726297362,0.0,1.3579633316750759,0.26258594102216476,0.26258594102216476,0.5895054148043024,2.26083673045517,0.5895054148043024,2.26083673045517,0.012274399906044217,0.012274399906044217,0.2953549566968878,2.5549871885625848,0.2953549566968878,2.5549871885625848,4.073889995025228,26.360309098591106,0.012274399906044217,0.44789906593284123,False
PECAM1,small-sample glomerular sensitivity including donor-averaged GSE1009,GSE96804;GSE30528;GSE104948_H7;GSE1009_donor_averaged,GSE96804;GSE30528;GSE104948_H7;GSE1009_donor_averaged,4.0,0.8020355420751446,0.519976955807862,1.069926758713686,0.47788242465666303,0.47788242465666303,-0.7187996146334725,2.3228706987837615,-0.7187996146334725,2.3228706987837615,0.19187896419488748,0.19187896419488748,-2.920066379295579,4.524137463445868,-2.920066379295579,4.524137463445868,9.012573680567103,66.71317088404398,0.19187896419488748,0.6077446457008835,False
PF4,small-sample glomerular sensitivity including donor-averaged GSE1009,GSE96804;GSE30528;GSE104948_H7;GSE1009_donor_averaged,GSE96804;GSE30528;GSE104948_H7;GSE1009_donor_averaged,4.0,-0.19168228786653096,0.0,0.7154241777734618,0.17115602351847656,0.20235334197963956,-0.7363771425399581,0.3530125668068962,-0.8356609334114454,0.4522963576783835,0.34432200020608317,0.413387667734267,-0.9281072196713672,0.5447426439383053,-1.0623384471091535,0.6789738713760916,2.1462725333203854,0.0,0.413387667734267,0.8236197044171274,False
PF4V1,small-sample glomerular sensitivity including donor-averaged GSE1009,GSE96804;GSE30528;GSE104948_H7;GSE1009_donor_averaged,GSE96804;GSE30528;GSE104948_H7;GSE1009_donor_averaged,4.0,0.2576403613449902,0.08024293529803153,0.6422461186412741,0.2108428699387459,0.26309232258275483,-0.413355751086985,0.9286364737769655,-0.5796368286070073,1.0949175512969878,0.30898109708664834,0.39966003687213075,-1.2617362322690981,1.7770169549590786,-1.4057704454244286,1.9210511681144091,3.249562989377286,7.679893887058017,0.39966003687213075,0.8098930548828158,False
PHYKPL,small-sample glomerular sensitivity including donor-averaged GSE1009,GSE96804;GSE30528;GSE104948_H7;GSE1009_donor_averaged,,0.0,,,,,,,,,,,,,,,,,,1.0,1.0,False
PICK1,small-sample glomerular sensitivity including donor-averaged GSE1009,GSE96804;GSE30528;GSE104948_H7;GSE1009_donor_averaged,GSE96804;GSE30528;GSE104948_H7;GSE1009_donor_averaged,4.0,0.14844982890416838,0.1924054289839935,1.464638781445682,0.40183727416809195,0.40183727416809195,-1.130375719597352,1.427275377405689,-1.130375719597352,1.427275377405689,0.7363447124605824,0.7363447124605824,-2.4110992422192994,2.707998900027636,-2.4110992422192994,2.707998900027636,7.03210861215007,57.33854288290424,0.7363447124605824,1.0,False
PIK3CA,small-sample glomerular sensitivity including donor-averaged GSE1009,GSE96804;GSE30528;GSE104948_H7;GSE1009_donor_averaged,GSE96804;GSE30528;GSE104948_H7;GSE1009_donor_averaged,4.0,-0.49936245960189163,0.09429243142990527,0.9374198455933217,0.2654626993713667,0.2741804181817544,-1.3441832464069372,0.34545832720315395,-1.371926918425558,0.37320199922177466,0.156524415334383,0.16610633022189972,-2.245851953997464,1.2471270347936811,-2.2706101332165756,1.2718852140127925,4.042849514754649,25.794912992647888,0.16610633022189972,0.5933789592277746,False
PIK3CB,small-sample glomerular sensitivity including donor-averaged GSE1009,GSE96804;GSE30528;GSE104948_H7;GSE1009_donor_averaged,GSE96804;GSE30528;GSE104948_H7;GSE1009_donor_averaged,4.0,-0.4966836482027502,0.0,0.5679046723279781,0.15415551039065795,0.2045602908899846,-0.9872752826846238,-0.006092013720876588,-1.1476857901533422,0.15431849374784173,0.04851158845149275,0.09349247037071948,-1.159961275791036,0.16659397938553572,-1.3768355421988863,0.38346824579338595,1.7037140169839344,0.0,0.09349247037071948,0.5165966810018797,False
PIK3R1,small-sample glomerular sensitivity including donor-averaged GSE1009,GSE96804;GSE30528;GSE104948_H7;GSE1009_donor_averaged,GSE96804;GSE30528;GSE104948_H7;GSE1009_donor_averaged,4.0,-0.008604045171289716,0.17293890908336074,0.853137938890685,0.289110713885909,0.313007366344798,-0.928683368395436,0.9114752780528564,-1.004733181721876,0.9875250913792966,0.9781272935524568,0.9797965888770923,-2.1878197702698676,2.170611679927288,-2.2481028431453045,2.2308947528027248,5.023241853254588,40.27761179652774,0.9797965888770923,1.0,False
PIK3R2,small-sample glomerular sensitivity including donor-averaged GSE1009,GSE96804;GSE30528;GSE104948_H7;GSE1009_donor_averaged,GSE96804;GSE30528;GSE104948_H7;GSE1009_donor_averaged,4.0,-0.08597913749067743,0.13862371462147355,1.2225276350573362,0.3312641293438615,0.3312641293438615,-1.1402094419940738,0.9682511670127188,-1.1402094419940738,0.9682511670127188,0.8120041974133461,0.8120041974133461,-2.2302359787143433,2.0582777037329882,-2.2302359787143433,2.0582777037329882,5.4660869782564365,45.11613130318437,0.8120041974133461,1.0,False
PLCG1,small-sample glomerular sensitivity including donor-averaged GSE1009,GSE96804;GSE30528;GSE104948_H7;GSE1009_donor_averaged,GSE96804;GSE30528;GSE104948_H7;GSE1009_donor_averaged,4.0,1.1649994502304728,0.3055009673888264,0.9060479059997171,0.3672643570219262,0.3858364043075899,-0.0037996458363529495,2.3337985462972988,-0.06290418910216755,2.392903089563113,0.050399156384524434,0.056785566257557214,-1.6903028705831136,4.020301771044059,-1.735290739302723,4.065289639763669,7.126496017475429,57.903575717386644,0.056785566257557214,0.4690790195683884,False
PLEC,small-sample glomerular sensitivity including donor-averaged GSE1009,GSE96804;GSE30528;GSE104948_H7;GSE1009_donor_averaged,GSE96804;GSE30528;GSE104948_H7;GSE1009_donor_averaged,4.0,0.21783784513648669,0.07783458429520893,0.8438447771766958,0.2403787791294016,0.2616765719258604,-0.5471547123724858,0.9828304026454593,-0.6149337943682742,1.0506094846412475,0.4316211221931731,0.466216922088782,-1.3666635578306343,1.8023392481036076,-1.42794348664858,1.8636191769215533,3.681523836068552,18.512003898807887,0.466216922088782,0.8796333734831719,False
PLG,small-sample glomerular sensitivity including donor-averaged GSE1009,GSE96804;GSE30528;GSE104948_H7;GSE1009_donor_averaged,GSE96804;GSE30528;GSE104948_H7;GSE1009_donor_averaged,4.0,-0.786722146292178,0.3614773972063906,1.1536771942955129,0.42595609056325817,0.42595609056325817,-2.1423045329183115,0.5688602403339554,-2.1423045329183115,0.5688602403339554,0.16191377012423908,0.16191377012423908,-3.9570385729022086,2.3835942803178525,-3.9570385729022086,2.3835942803178525,7.481861418582876,59.90302637056564,0.16191377012423908,0.5933789592277746,False
PLOD1,small-sample glomerular sensitivity including donor-averaged GSE1009,GSE96804;GSE30528;GSE104948_H7;GSE1009_donor_averaged,GSE96804;GSE30528;GSE104948_H7;GSE1009_donor_averaged,4.0,0.3218398536171582,1.3378256741947634,0.9117681063643972,0.6246668674457709,0.6541935729957205,-1.666128910718783,2.3098086179530997,-1.7600960657034197,2.403775772937736,0.64196062589026,0.6564936576557308,-5.3342002914096405,5.977879998643957,-5.39566346001351,6.039343167247826,26.09379740239727,88.50301489761553,0.6564936576557308,1.0,False
PLOD2,small-sample glomerular sensitivity including donor-averaged GSE1009,GSE96804;GSE30528;GSE104948_H7;GSE1009_donor_averaged,GSE96804;GSE30528;GSE104948_H7;GSE1009_donor_averaged,4.0,0.4935364456494928,0.0,1.4089427925966944,0.246025128011492,0.246025128011492,-0.2894253139976312,1.2764982052966167,-0.2894253139976312,1.2764982052966167,0.1385131518502646,0.1385131518502646,-0.5650242429761141,1.5520971342750998,-0.5650242429761141,1.5520971342750998,4.226828377790083,29.024797510976942,0.1385131518502646,0.5742797806989474,False
PLOD3,small-sample glomerular sensitivity including donor-averaged GSE1009,GSE96804;GSE30528;GSE104948_H7;GSE1009_donor_averaged,GSE96804;GSE30528;GSE104948_H7;GSE1009_donor_averaged,4.0,0.0456344464503975,0.872084644631056,0.9086058800657106,0.5180127869661963,0.5434413854423279,-1.6029134335198905,1.6941823264206854,-1.6838385827887983,1.7751074756895933,0.9353521772354713,0.9383674783466687,-4.549191534713835,4.64046042761463,-4.603248294647693,4.694517187548487,15.385005539039332,80.50049450819161,0.9383674783466687,1.0,False
PMEPA1,small-sample glomerular sensitivity including donor-averaged GSE1009,GSE96804;GSE30528;GSE104948_H7;GSE1009_donor_averaged,GSE96804;GSE30528;GSE104948_H7,3.0,-1.231799194858208,1.4273657173941714,1.0544603848511318,0.7590263463145136,0.7590263463145136,-4.49762597578011,2.0340275860636945,-4.49762597578011,2.0340275860636945,0.24609060046902798,0.24609060046902798,-19.21674286953904,16.753144479822623,-19.21674286953904,16.753144479822623,12.032600598303167,83.37848926621865,0.24609060046902798,0.6730310624856782,False
PPBP,small-sample glomerular sensitivity including donor-averaged GSE1009,GSE96804;GSE30528;GSE104948_H7;GSE1009_donor_averaged,GSE96804;GSE30528;GSE104948_H7;GSE1009_donor_averaged,4.0,-0.17128310209005246,0.7631869464633791,1.1823038074467311,0.5728096719754938,0.5728096719754938,-1.9942191262992355,1.6516529221191305,-1.9942191262992355,1.6516529221191305,0.7844405896444513,0.7844405896444513,-4.666058016763189,4.323491812583083,-4.666058016763189,4.323491812583083,13.533043490893899,77.83203754559248,0.7844405896444513,1.0,False
PPIA,small-sample glomerular sensitivity including donor-averaged GSE1009,GSE96804;GSE30528;GSE104948_H7;GSE1009_donor_averaged,GSE30528,1.0,,,,,,,,,,,,,,,,,,1.0,1.0,False
PPIB,small-sample glomerular sensitivity including donor-averaged GSE1009,GSE96804;GSE30528;GSE104948_H7;GSE1009_donor_averaged,GSE96804;GSE30528;GSE104948_H7;GSE1009_donor_averaged,4.0,0.5101032504185131,1.105932843320102,0.9058344433311095,0.5681472384768541,0.5969479773227798,-1.297994829529293,2.318201330366319,-1.38965163445895,2.4098581352959765,0.4354381529593935,0.45562714748765354,-4.63282522879592,5.653031729632947,-4.692869188352444,5.713075689189471,21.296092838661032,85.91290889494158,0.45562714748765354,0.8686553860780287,False
PPIL2,small-sample glomerular sensitivity including donor-averaged GSE1009,GSE96804;GSE30528;GSE104948_H7;GSE1009_donor_averaged,GSE30528;GSE104948_H7;GSE1009_donor_averaged,3.0,0.7369112310916613,0.786911897741927,0.8845640726453285,0.5926564290870819,0.6301418909807093,-1.81308357132344,3.286906033506763,-1.974370496265975,3.448192958449298,0.33970262579842203,0.3627385038979441,-12.818611692496702,14.292434154680024,-13.088879992406193,14.562702454589514,7.003258251967029,71.44186422886443,0.3627385038979441,0.7855882866525605,False
PPM1A,small-sample glomerular sensitivity including donor-averaged GSE1009,GSE96804;GSE30528;GSE104948_H7;GSE1009_donor_averaged,GSE96804;GSE30528;GSE104948_H7;GSE1009_donor_averaged,4.0,-0.5922129041860774,0.7442888742292334,0.9842583652414213,0.5070808111043533,0.5111196986336031,-2.205970357965392,1.0215445495932376,-2.21882390066031,1.0343980922881548,0.32722810926368084,0.33045003354146774,-4.89791905361647,3.7134932452443157,-4.906750830673117,3.722325022300962,11.343976037578058,73.55424597105812,0.33045003354146774,0.7526187558142038,False
PPP1CA,small-sample glomerular sensitivity including donor-averaged GSE1009,GSE96804;GSE30528;GSE104948_H7;GSE1009_donor_averaged,GSE96804;GSE30528;GSE104948_H7;GSE1009_donor_averaged,4.0,0.8716362618518225,2.6084320809161974,0.9422463487287058,0.8426109614846694,0.8680502628816994,-1.809927879316616,3.553200403020261,-1.890887090056593,3.634159613760238,0.3770024385690393,0.3892975504300056,-6.966310676657283,8.709583200360928,-7.0175369282921025,8.760809451995748,39.53736572768412,92.41224106668443,0.3892975504300056,0.8021578473334062,False
PPP1CB,small-sample glomerular sensitivity including donor-averaged GSE1009,GSE96804;GSE30528;GSE104948_H7;GSE1009_donor_averaged,GSE96804;GSE30528;GSE104948_H7;GSE1009_donor_averaged,4.0,-0.15268290425475078,0.4538320862015568,1.0336336168549758,0.4369790515154651,0.4369790515154651,-1.5433452722365217,1.23797946372702,-1.5433452722365217,1.23797946372702,0.7498727598576531,0.7498727598576531,-3.6076427929753656,3.3022769844658644,-3.6076427929753656,3.3022769844658644,8.217167373822097,63.49106859430328,0.7498727598576531,1.0,False
PPP1CC,small-sample glomerular sensitivity including donor-averaged GSE1009,GSE96804;GSE30528;GSE104948_H7;GSE1009_donor_averaged,GSE96804;GSE30528;GSE104948_H7;GSE1009_donor_averaged,4.0,-0.019699191279662256,0.15296124000548217,0.8679081720541459,0.2838766192221769,0.3047142297174949,-0.923121289279709,0.8837229067203846,-0.9894358658114749,0.9500374832521504,0.9490429888211157,0.9525209391387438,-2.099030076699477,2.059631694140152,-2.1529299498193795,2.1135315672600545,5.099236675609223,41.16766506740777,0.9525209391387438,1.0,False
PPP1R15A,small-sample glomerular sensitivity including donor-averaged GSE1009,GSE96804;GSE30528;GSE104948_H7;GSE1009_donor_averaged,GSE96804;GSE30528;GSE104948_H7;GSE1009_donor_averaged,4.0,-0.757444788827858,0.1881276485675881,0.8398445444276127,0.29705686962328237,0.32414561242585843,-1.702812326019617,0.187922748363901,-1.789020795466456,0.2741312178107399,0.08395528494835935,0.10152227765793785,-3.0193900156832147,1.5045004380274984,-3.087235002897771,1.5723454252420548,5.223809675192041,42.57064888395437,0.10152227765793785,0.5183491790207019,False
PRKCA,small-sample glomerular sensitivity including donor-averaged GSE1009,GSE96804;GSE30528;GSE104948_H7;GSE1009_donor_averaged,GSE96804;GSE30528;GSE104948_H7;GSE1009_donor_averaged,4.0,-0.542804538294353,1.026160900174422,1.0062052356999815,0.582805761580828,0.582805761580828,-2.3975525809353164,1.3119435043466106,-2.3975525809353164,1.3119435043466106,0.4203673066514093,0.4203673066514093,-5.571248083904889,4.485639007316182,-5.571248083904889,4.485639007316182,13.982121306323071,78.54402823237326,0.4203673066514093,0.833285066096338,False
PRKCZ,small-sample glomerular sensitivity including donor-averaged GSE1009,GSE96804;GSE30528;GSE104948_H7;GSE1009_donor_averaged,GSE96804;GSE30528;GSE104948_H7;GSE1009_donor_averaged,4.0,-0.47052615803411113,0.49043198649870595,0.8111924581430245,0.39078986465788706,0.43389169690210144,-1.714193918956924,0.7731416028887017,-1.8513631857334822,0.91031086966526,0.31490963796935023,0.3575416587261144,-3.9211053174433346,2.9800530013751123,-4.015175652849004,3.074123336780782,11.625470490993678,74.19459279240253,0.3575416587261144,0.7841880077942509,False
PROC,small-sample glomerular sensitivity including donor-averaged GSE1009,GSE96804;GSE30528;GSE104948_H7;GSE1009_donor_averaged,GSE96804;GSE30528;GSE104948_H7;GSE1009_donor_averaged,4.0,-0.4542697986915362,0.1952513209022924,1.3880161551722583,0.3888598230054929,0.3888598230054929,-1.6917953056886437,0.7832557083055711,-1.6917953056886437,0.7832557083055711,0.32711591357473124,0.32711591357473124,-2.986859889821068,2.0783202924379958,-2.986859889821068,2.0783202924379958,6.943496460178537,56.79410197434073,0.32711591357473124,0.7526187558142038,False
PROCR,small-sample glomerular sensitivity including donor-averaged GSE1009,GSE96804;GSE30528;GSE104948_H7;GSE1009_donor_averaged,GSE96804;GSE30528;GSE104948_H7;GSE1009_donor_averaged,4.0,1.4224798356125117,0.24445996546233179,0.6942855057478625,0.30554645125897484,0.36669770728015866,0.4500946607108387,2.3948650105141844,0.25548407192276423,2.589475599302259,0.018696160642105303,0.030340459506585846,-1.0783150571087208,3.923274728333744,-1.2261067231861587,4.071066394411182,5.352479962047114,43.95121474023011,0.030340459506585846,0.44789906593284123,False
PROS1,small-sample glomerular sensitivity including donor-averaged GSE1009,GSE96804;GSE30528;GSE104948_H7;GSE1009_donor_averaged,GSE96804;GSE30528;GSE104948_H7;GSE1009_donor_averaged,4.0,0.8348494252321969,0.33498038466931485,1.0976220303521804,0.40489237137632406,0.40489237137632406,-0.4536988060919446,2.1233976565563384,-0.4536988060919446,2.1233976565563384,0.13125604246698053,0.13125604246698053,-2.2042924607542687,3.873991311218662,-2.2042924607542687,3.873991311218662,7.104246725720571,57.771736880440116,0.13125604246698053,0.5742797806989474,False
PROZ,small-sample glomerular sensitivity including donor-averaged GSE1009,GSE96804;GSE30528;GSE104948_H7;GSE1009_donor_averaged,GSE96804;GSE30528;GSE104948_H7;GSE1009_donor_averaged,4.0,-0.2602071233307386,0.1499692569651255,0.9985487404430567,0.30310996493992065,0.30333015024515897,-1.224838311348463,0.704424064686986,-1.2255390392595968,0.7051247925981196,0.45375760250248176,0.45405290934288073,-2.3761540438003337,1.8557397971388567,-2.376738099336575,1.8563238526750976,5.200901331846004,42.31769055816365,0.45405290934288073,0.8686553860780287,False
PRSS1,small-sample glomerular sensitivity including donor-averaged GSE1009,GSE96804;GSE30528;GSE104948_H7;GSE1009_donor_averaged,GSE96804;GSE30528;GSE104948_H7,3.0,-0.1801310398193085,0.2548976636132247,1.0529436380275556,0.3773026401554257,0.3773026401554257,-1.8035332744257297,1.4432711947871126,-1.8035332744257297,1.4432711947871126,0.6801486786848712,0.6801486786848712,-8.188618600727954,7.828356521089338,-8.188618600727954,7.828356521089338,5.236095292858047,61.80359813680303,0.6801486786848712,1.0,False
PRSS2,small-sample glomerular sensitivity including donor-averaged GSE1009,GSE96804;GSE30528;GSE104948_H7;GSE1009_donor_averaged,GSE30528;GSE1009_donor_averaged,2.0,3.222567881934191,20.894607965910662,1.0000000229769639,3.6977227754617794,3.6977227754617794,-43.76145476069931,50.20659052456769,-43.76145476069931,50.20659052456769,0.5436425292877681,0.5436425292877681,,,,,3.298200292058139,69.68043443547265,0.5436425292877681,0.9453366921446122,False
PRTN3,small-sample glomerular sensitivity including donor-averaged GSE1009,GSE96804;GSE30528;GSE104948_H7;GSE1009_donor_averaged,GSE96804;GSE30528;GSE104948_H7;GSE1009_donor_averaged,4.0,0.15847840224442067,0.0,0.6564800568860784,0.16447079173115428,0.20299157554298222,-0.3649410612274775,0.6818978657163188,-0.4875313873460617,0.804488191834903,0.4063437797051834,0.49191063893494147,-0.5491822987616856,0.8661391032505269,-0.7149238543817359,1.0318806588705773,1.9694401706582352,0.0,0.49191063893494147,0.9013882295331801,False
PSEN1,small-sample glomerular sensitivity including donor-averaged GSE1009,GSE96804;GSE30528;GSE104948_H7;GSE1009_donor_averaged,GSE96804;GSE30528;GSE104948_H7;GSE1009_donor_averaged,4.0,0.566694888350702,0.0,0.3335780955496283,0.11850687524555616,0.2051846106352317,0.18955312107476457,0.9438366556266395,-0.08629411766646722,1.2196838943678712,0.017385321515486,0.07004220505373897,0.0568009580813309,1.0765888186200732,-0.3161432367015581,1.449533013402962,1.0007342866488849,0.0,0.07004220505373897,0.4810793557638387,False
PSG1,small-sample glomerular sensitivity including donor-averaged GSE1009,GSE96804;GSE30528;GSE104948_H7;GSE1009_donor_averaged,GSE96804;GSE30528;GSE104948_H7;GSE1009_donor_averaged,4.0,-0.09987276283952011,0.2752542628239046,2.0571449464649296,0.5406971215263799,0.5406971215263799,-1.8206123195186839,1.6208667938396435,-1.8206123195186839,1.6208667938396435,0.8652369584597968,0.8652369584597968,-3.341480136036713,3.141734610357673,-3.341480136036713,3.141734610357673,9.12067640504439,67.10770268813853,0.8652369584597968,1.0,False
PSG11,small-sample glomerular sensitivity including donor-averaged GSE1009,GSE96804;GSE30528;GSE104948_H7;GSE1009_donor_averaged,GSE96804;GSE30528;GSE104948_H7;GSE1009_donor_averaged,4.0,-0.023947014355737803,0.9653192094322608,1.1489847823754802,0.6207818809366878,0.6207818809366878,-1.9995520177297708,1.951657989018295,-1.9995520177297708,1.951657989018295,0.971652271816914,0.971652271816914,-5.024453944968079,4.976559916256604,-5.024453944968079,4.976559916256604,12.256450582877148,75.52309308707088,0.971652271816914,1.0,False
PSG2,small-sample glomerular sensitivity including donor-averaged GSE1009,GSE96804;GSE30528;GSE104948_H7;GSE1009_donor_averaged,GSE30528;GSE104948_H7,2.0,-0.46975035152082917,0.7697357260236808,0.9999999883839357,0.6994150448568223,0.6994150489190474,-9.356661107032421,8.417160403990762,-9.356661158647885,8.417160455606226,0.623482005478144,0.6234820071895246,,,,,4.682435931295032,78.64359460176473,0.6234820071895246,1.0,False
PSG3,small-sample glomerular sensitivity including donor-averaged GSE1009,GSE96804;GSE30528;GSE104948_H7;GSE1009_donor_averaged,GSE96804;GSE30528;GSE104948_H7,3.0,0.01412807879472736,0.6238296961493053,1.0245665601418155,0.5170462434675624,0.5170462434675624,-2.210542352067685,2.23879850965714,-2.210542352067685,2.23879850965714,0.9806821996277479,0.9806821996277479,-11.98073454926991,12.008990706859363,-11.98073454926991,12.008990706859363,9.480908954431452,78.90497620415199,0.9806821996277479,1.0,False
PSG4,small-sample glomerular sensitivity including donor-averaged GSE1009,GSE96804;GSE30528;GSE104948_H7;GSE1009_donor_averaged,GSE96804;GSE30528;GSE104948_H7;GSE1009_donor_averaged,4.0,-0.32902762108388794,0.3329474365514821,0.8350164846918192,0.34961227268944234,0.38259487212159693,-1.4416499065862438,0.783594664418468,-1.5466152582877566,0.8885600161199808,0.41607172731285536,0.4530324118334153,-3.2318873973569313,2.5738321551891556,-3.307900101409506,2.6498448592417305,7.468570517897847,59.83167069507165,0.4530324118334153,0.8686553860780287,False
PSG5,small-sample glomerular sensitivity including donor-averaged GSE1009,GSE96804;GSE30528;GSE104948_H7;GSE1009_donor_averaged,GSE96804;GSE30528;GSE104948_H7,3.0,-0.4884020743730233,0.0,0.5313922114928252,0.15179288815673034,0.20823025548367785,-1.1415141589571338,0.16471001021108722,-1.3843445515462975,0.40754040280025106,0.08452656228458325,0.1436236509913361,-2.417113588787706,1.4403094400416594,-3.134218332814597,2.157414184068551,1.0627844229856505,0.0,0.1436236509913361,0.5742797806989474,False
PSG6,small-sample glomerular sensitivity including donor-averaged GSE1009,GSE96804;GSE30528;GSE104948_H7;GSE1009_donor_averaged,GSE96804;GSE30528,2.0,-0.8385132969371736,0.403802022854119,1.0000000000863272,0.5242723076110543,0.5242723076110543,-7.500024574949987,5.82299798107564,-7.500024574949987,5.82299798107564,0.35572536623926054,0.35572536623926054,,,,,3.5559160924732187,71.87785161419605,0.35572536623926054,0.7841880077942509,False
PSG7,small-sample glomerular sensitivity including donor-averaged GSE1009,GSE96804;GSE30528;GSE104948_H7;GSE1009_donor_averaged,GSE96804;GSE30528,2.0,0.06743478177870509,0.0,0.25988458432495387,0.11784087451892666,0.231156280295595,-1.4298754961486486,1.5647450597060588,-2.8696842417097095,3.0045538052671192,0.6691058547429646,0.8192950176287549,,,,,0.25988458432495387,0.0,0.8192950176287549,1.0,False
PSG8,small-sample glomerular sensitivity including donor-averaged GSE1009,GSE96804;GSE30528;GSE104948_H7;GSE1009_donor_averaged,GSE96804,1.0,,,,,,,,,,,,,,,,,,1.0,1.0,False
PSG9,small-sample glomerular sensitivity including donor-averaged GSE1009,GSE96804;GSE30528;GSE104948_H7;GSE1009_donor_averaged,GSE96804;GSE30528;GSE104948_H7;GSE1009_donor_averaged,4.0,-0.26121329957808537,0.10407157930470506,0.9154810391717576,0.26595279782793485,0.27795845338068803,-1.1075937984054616,0.5851671992492908,-1.1458011525618297,0.623374553405659,0.3984369226318818,0.4166701727896472,-2.0601259577929882,1.5376993586368177,-2.0934184398238216,1.570991840667651,4.142159029559241,27.574002383988038,0.4166701727896472,0.8280526530312023,False
PSMA1,small-sample glomerular sensitivity including donor-averaged GSE1009,GSE96804;GSE30528;GSE104948_H7;GSE1009_donor_averaged,GSE96804;GSE30528;GSE104948_H7;GSE1009_donor_averaged,4.0,0.3427849652027917,0.0,0.4576253948848083,0.13727799563278137,0.20292982048575955,-0.09409488479550632,0.7796648152010898,-0.3030282922339998,0.9885982226395833,0.08793796968453967,0.18976703513317877,-0.24787457744112978,0.9334445078467133,-0.5303515808578299,1.2159215112634134,1.3728761846544248,0.0,0.18976703513317877,0.6077446457008835,False
PSMA2,small-sample glomerular sensitivity including donor-averaged GSE1009,GSE96804;GSE30528;GSE104948_H7;GSE1009_donor_averaged,GSE96804;GSE30528;GSE104948_H7;GSE1009_donor_averaged,4.0,-0.472523469044164,0.0,0.519460884911718,0.14790842690638387,0.20521849229805736,-0.9432340957727107,-0.0018128423156172913,-1.1256203016340096,0.18057336354568165,0.04953227785771572,0.10474433249229928,-1.1089220658258654,0.16387512773753732,-1.3555073751254694,0.4104604370371414,1.5583826547351542,0.0,0.10474433249229928,0.5223873397545881,False
PSMA3,small-sample glomerular sensitivity including donor-averaged GSE1009,GSE96804;GSE30528;GSE104948_H7;GSE1009_donor_averaged,GSE96804;GSE30528;GSE104948_H7;GSE1009_donor_averaged,4.0,0.10763394151513997,0.3792521929392536,1.0506242645504038,0.41135627953707776,0.41135627953707776,-1.2014853304528852,1.416753213483165,-1.2014853304528852,1.416753213483165,0.8105226814685965,0.8105226814685965,-3.0788462448832536,3.2941141279135335,-3.0788462448832536,3.2941141279135335,7.51645728217748,60.08757999445565,0.8105226814685965,1.0,False
PSMA4,small-sample glomerular sensitivity including donor-averaged GSE1009,GSE96804;GSE30528;GSE104948_H7;GSE1009_donor_averaged,GSE96804;GSE30528;GSE104948_H7;GSE1009_donor_averaged,4.0,0.46331728576722525,0.17608326034780572,1.0436029238842381,0.32375999815513395,0.32375999815513395,-0.5670315241602408,1.4936660956946912,-0.5670315241602408,1.4936660956946912,0.2478017037902305,0.2478017037902305,-1.8171040723730056,2.7437386439074563,-1.8171040723730056,2.7437386439074563,5.57225699865773,46.161851459423836,0.2478017037902305,0.6730310624856782,False
PSMA5,small-sample glomerular sensitivity including donor-averaged GSE1009,GSE96804;GSE30528;GSE104948_H7;GSE1009_donor_averaged,GSE96804;GSE30528;GSE104948_H7;GSE1009_donor_averaged,4.0,-0.8887180187525067,0.0,0.7197669766245802,0.17893276219362123,0.21090841487805295,-1.458161926689805,-0.3192741108152085,-1.5599227244344096,-0.21751331307060362,0.015676209757977025,0.024419534139919877,-1.6586035564465025,-0.11883248105851096,-1.7961836857546931,0.018747648249679894,2.1593009298737407,0.0,0.024419534139919877,0.44789906593284123,False
PSMA6,small-sample glomerular sensitivity including donor-averaged GSE1009,GSE96804;GSE30528;GSE104948_H7;GSE1009_donor_averaged,GSE96804;GSE104948_H7,2.0,0.70885277482059,0.0,0.33723666614257936,0.13896836074108465,0.239303219224827,-1.0569076686062133,2.474613218247393,-2.3317829226757576,3.749488472316938,0.12324423410271317,0.2072698314628257,,,,,0.33723666614257936,0.0,0.2072698314628257,0.6364403060211472,False
PSMA7,small-sample glomerular sensitivity including donor-averaged GSE1009,GSE96804;GSE30528;GSE104948_H7;GSE1009_donor_averaged,GSE96804;GSE30528;GSE104948_H7;GSE1009_donor_averaged,4.0,0.4199056874864454,0.9587896451036523,0.8988068110273945,0.5401638973600777,0.5697605515287847,-1.2991369119147818,2.138948286887673,-1.393326674622743,2.2331380495956337,0.4936127132521299,0.5145357260680228,-4.391696593125847,5.231507968098738,-4.454482847245255,5.294294222218146,16.857719695273115,82.20399879563072,0.5145357260680228,0.9311686073419128,False
PSMB1,small-sample glomerular sensitivity including donor-averaged GSE1009,GSE96804;GSE30528;GSE104948_H7;GSE1009_donor_averaged,GSE96804;GSE30528;GSE104948_H7;GSE1009_donor_averaged,4.0,-0.2928976181900959,0.5043120241126486,0.8151733473819428,0.39697275637825297,0.4396789936167433,-1.5562421000243565,0.9704468636441645,-1.6921524069365597,1.1063571705563677,0.5140922676886922,0.5529555619441027,-3.7934153895939695,3.2076201532137776,-3.8866550304624132,3.3008597940822213,11.79944539416569,74.57507620245127,0.5529555619441027,0.9453366921446122,False
PSMB2,small-sample glomerular sensitivity including donor-averaged GSE1009,GSE96804;GSE30528;GSE104948_H7;GSE1009_donor_averaged,GSE30528;GSE104948_H7;GSE1009_donor_averaged,3.0,0.20327211588576652,0.015512252466439619,0.6413576813251106,0.24883914570213475,0.31071953008835984,-0.8673963136380477,1.2739405454095807,-1.133646118435385,1.5401903502069179,0.4998232066062552,0.5801567829281762,-3.3324601886508702,3.739004420422403,-4.0501549019192,4.456699133690734,1.3833032111941868,0.0,0.5801567829281762,0.9698177522168012,False
PSMB3,small-sample glomerular sensitivity including donor-averaged GSE1009,GSE96804;GSE30528;GSE104948_H7;GSE1009_donor_averaged,GSE96804;GSE30528;GSE104948_H7;GSE1009_donor_averaged,4.0,0.010671268556743236,0.9685784053724613,0.8678391635332323,0.525714956995237,0.5643268458029792,-1.662388353965132,1.6837308910786184,-1.7852686168413567,1.806611153954843,0.9850797724863547,0.9861004633598973,-4.790122567074215,4.811465104187702,-4.870599021818606,4.891941558932093,20.925418653559067,85.6633692751005,0.9861004633598973,1.0,False
PSMB4,small-sample glomerular sensitivity including donor-averaged GSE1009,GSE96804;GSE30528;GSE104948_H7;GSE1009_donor_averaged,GSE96804;GSE30528;GSE104948_H7;GSE1009_donor_averaged,4.0,0.3220188840506776,0.13425518152614824,0.7659596111101163,0.2575351080850717,0.294261542349935,-0.4975727691554991,1.1416105372568541,-0.6144526741879583,1.2584904422893135,0.2998060856634146,0.3538063836945901,-1.6049716531705904,2.249009421271946,-1.699976300914856,2.344014069016211,4.430769053070399,32.29166395118058,0.3538063836945901,0.7841880077942509,False
PSMB5,small-sample glomerular sensitivity including donor-averaged GSE1009,GSE96804;GSE30528;GSE104948_H7;GSE1009_donor_averaged,GSE96804;GSE30528;GSE104948_H7;GSE1009_donor_averaged,4.0,-0.06914567669821814,1.186256380593124,0.8765312566786184,0.5724623705265497,0.6114532263430409,-1.8909764326943892,1.752685079297953,-2.0150627377274315,1.876771384330995,0.9114958924017594,0.9171065753142932,-5.363278889210414,5.224987535813978,-5.443383586770037,5.305092233373601,25.452895104119825,88.21352153565266,0.9171065753142932,1.0,False
PSMB6,small-sample glomerular sensitivity including donor-averaged GSE1009,GSE96804;GSE30528;GSE104948_H7;GSE1009_donor_averaged,GSE96804;GSE30528;GSE104948_H7;GSE1009_donor_averaged,4.0,0.09185435889251234,0.8320246022154849,0.8607879620147257,0.49446278000125526,0.5329488308743705,-1.4817468884227933,1.6654556062078179,-1.6042266788288997,1.7879353966139242,0.8644789592496632,0.8741327043998787,-4.3723796525903165,4.556088370375342,-4.453627027337841,4.637335745122867,18.467651443690034,83.75537891676514,0.8741327043998787,1.0,False
PSMB7,small-sample glomerular sensitivity including donor-averaged GSE1009,GSE96804;GSE30528;GSE104948_H7;GSE1009_donor_averaged,GSE96804;GSE30528;GSE104948_H7;GSE1009_donor_averaged,4.0,-0.03194286943984809,0.644732510278066,0.8627456388190078,0.4475355012209484,0.4818214226154549,-1.4562005717837474,1.3923148329040513,-1.5653136756489423,1.5014279367692462,0.9475911369170931,0.9513129471329377,-3.987156327210558,3.923270588330862,-4.061037480967469,3.997151742087773,13.927310925404164,78.45958910468612,0.9513129471329377,1.0,False
PSMC1,small-sample glomerular sensitivity including donor-averaged GSE1009,GSE96804;GSE30528;GSE104948_H7;GSE1009_donor_averaged,GSE96804;GSE30528;GSE1009_donor_averaged,3.0,-0.5011360415015423,0.0,0.24174369705721582,0.1125342038254447,0.2288795352065292,-0.9853316407812743,-0.016940442221810348,-1.4859251984417035,0.48365311543861866,0.04690677713538708,0.1599867361967915,-1.9310186751300562,0.9287465921269714,-3.4093262757562064,2.4070541927531215,0.48348739411443165,0.0,0.1599867361967915,0.5933789592277746,False
PSMC2,small-sample glomerular sensitivity including donor-averaged GSE1009,GSE96804;GSE30528;GSE104948_H7;GSE1009_donor_averaged,GSE96804;GSE30528;GSE104948_H7;GSE1009_donor_averaged,4.0,-1.1539648838619891,0.785488674160107,1.5025068912983262,0.6884281417544159,0.6884281417544159,-3.3448504800416585,1.0369207123176802,-3.3448504800416585,1.0369207123176802,0.19228617875168746,0.19228617875168746,-5.982572662017018,3.67464289429304,-5.982572662017018,3.67464289429304,11.06972538839689,72.89905670880913,0.19228617875168746,0.6077446457008835,False
PSMC3,small-sample glomerular sensitivity including donor-averaged GSE1009,GSE96804;GSE30528;GSE104948_H7;GSE1009_donor_averaged,GSE96804;GSE30528;GSE104948_H7;GSE1009_donor_averaged,4.0,0.11547261088874129,0.945540952364244,0.8947377047091717,0.5310383001502971,0.5614071963903817,-1.574528265388712,1.8054734871661948,-1.6711756470235137,1.9021208688009965,0.8418097749468534,0.8502041244822731,-4.651630949443951,4.882576171221433,-4.71562089117526,4.946566112952742,17.732733309575828,83.08213433526362,0.8502041244822731,1.0,False
PSMC4,small-sample glomerular sensitivity including donor-averaged GSE1009,GSE96804;GSE30528;GSE104948_H7;GSE1009_donor_averaged,GSE96804;GSE30528;GSE104948_H7;GSE1009_donor_averaged,4.0,0.26941531794353374,1.5320586389925348,0.900719499728358,0.6495770022606558,0.6844407495192694,-1.797828612898157,2.3366592487852245,-1.9087806165496768,2.447611252436744,0.7061960654470604,0.7201634330181701,-5.7450851960063165,6.283915831893385,-5.816242129517359,6.355072765404428,28.97617402396916,89.64666626615924,0.7201634330181701,1.0,False
PSMC5,small-sample glomerular sensitivity including donor-averaged GSE1009,GSE96804;GSE30528;GSE104948_H7;GSE1009_donor_averaged,GSE96804;GSE30528;GSE104948_H7;GSE1009_donor_averaged,4.0,-0.09711540699833984,0.4096270308779496,0.8387767422995444,0.373545195884744,0.4078683119520613,-1.285902935498222,1.0916721215015426,-1.39513440941248,1.2009035954158005,0.8116987430193221,0.8271362413416178,-3.2856192678098575,3.0913884538131775,-3.3625527183400394,3.1683219043433595,9.185434139060431,67.33959490011794,0.8271362413416178,1.0,False
PSMC6,small-sample glomerular sensitivity including donor-averaged GSE1009,GSE96804;GSE30528;GSE104948_H7;GSE1009_donor_averaged,GSE96804;GSE30528;GSE1009_donor_averaged,3.0,-0.9433426558661996,0.05077231786307046,0.6097560633209957,0.22610320393509656,0.28955338918533574,-1.9161862234826421,0.029500911750242942,-2.1891903362526928,0.3025050245202935,0.0529283350883464,0.08269590766352461,-4.999289326174581,3.1126040144421814,-5.605212343988107,3.718527032255708,1.6153619442901814,0.0,0.08269590766352461,0.5024614639634051,False
PSMD1,small-sample glomerular sensitivity including donor-averaged GSE1009,GSE96804;GSE30528;GSE104948_H7;GSE1009_donor_averaged,GSE96804;GSE30528;GSE104948_H7;GSE1009_donor_averaged,4.0,-0.7191362649687671,0.5872817936636587,0.9003053542820534,0.4488582537859738,0.47305789950708604,-2.147603556326036,0.709331026388502,-2.2246176294403646,0.7863450995028303,0.20744614673162617,0.22579389572286207,-4.540404310389655,3.1021317804521207,-4.594069983189962,3.1557974532524273,9.215260179995115,67.44530331859181,0.22579389572286207,0.6478651561154543,False
PSMD11,small-sample glomerular sensitivity including donor-averaged GSE1009,GSE96804;GSE30528;GSE104948_H7;GSE1009_donor_averaged,GSE96804;GSE30528;GSE104948_H7;GSE1009_donor_averaged,4.0,-0.042454752234137194,0.0,0.6812835936523699,0.1672525832870969,0.20263239102645908,-0.5747271179653144,0.48981761349704,-0.6873214563870954,0.602411951918821,0.8160248757833092,0.8474665117399799,-0.762084536272014,0.6771750318037396,-0.9143115626197917,0.8294020581515174,2.0438507809571096,0.0,0.8474665117399799,1.0,False
PSMD12,small-sample glomerular sensitivity including donor-averaged GSE1009,GSE96804;GSE30528;GSE104948_H7;GSE1009_donor_averaged,GSE96804;GSE30528;GSE104948_H7;GSE1009_donor_averaged,4.0,-0.1409914521040237,0.8112650233716664,0.9136058730019073,0.503958951414321,0.5272489484700236,-1.7448137550471812,1.462830850839134,-1.8189329201271702,1.536950015919123,0.7978364197724832,0.8064839517305736,-4.581778590448697,4.299795686240649,-4.631560419591914,4.349577515383865,12.828559957918008,76.61467842188829,0.8064839517305736,1.0,False
PSMD13,small-sample glomerular sensitivity including donor-averaged GSE1009,GSE96804;GSE30528;GSE104948_H7;GSE1009_donor_averaged,GSE96804;GSE30528;GSE104948_H7;GSE1009_donor_averaged,4.0,0.13358685680846102,0.8590847935619431,0.8561021494200535,0.4968791085153157,0.5370168877547212,-1.4477042262587678,1.71487793987569,-1.575440553501507,1.8426142671184291,0.8054728353896856,0.8196060281045174,-4.391309995829608,4.6584837094465295,-4.475419750647963,4.742593464264885,18.73442455881066,83.98669790693346,0.8196060281045174,1.0,False
PSMD14,small-sample glomerular sensitivity including donor-averaged GSE1009,GSE96804;GSE30528;GSE104948_H7;GSE1009_donor_averaged,GSE96804;GSE30528;GSE104948_H7;GSE1009_donor_averaged,4.0,0.3502895428378044,0.24738761649898164,0.9586169005969079,0.3406463555345428,0.34792145127002017,-0.7337991927414618,1.4343782784170704,-0.7569517942854169,1.4575308799610256,0.379461632721518,0.38819736351501766,-2.243562633818286,2.9441417194938952,-2.261377965977867,2.961957051653476,6.1422843450998155,51.15823639142762,0.38819736351501766,0.8021578473334062,False
PSMD2,small-sample glomerular sensitivity including donor-averaged GSE1009,GSE96804;GSE30528;GSE104948_H7;GSE1009_donor_averaged,GSE96804;GSE30528;GSE104948_H7;GSE1009_donor_averaged,4.0,0.2617637820453341,0.2610271063966753,1.0508873713758777,0.3635741508610734,0.3635741508610734,-0.8952914310591503,1.4188189951498185,-0.8952914310591503,1.4188189951498185,0.5235648642711574,0.5235648642711574,-2.436288604923404,2.959816169014072,-2.436288604923404,2.959816169014072,6.276946413714907,52.20606004465635,0.5235648642711574,0.9342337669126306,False
PSMD3,small-sample glomerular sensitivity including donor-averaged GSE1009,GSE96804;GSE30528;GSE104948_H7;GSE1009_donor_averaged,GSE96804;GSE30528;GSE104948_H7;GSE1009_donor_averaged,4.0,-0.47290553323247453,0.5404465124921762,0.8145755877588297,0.4081949721449292,0.4522743476181615,-1.7719641141704905,0.8261530477055414,-1.9122443597844918,0.9664332933195428,0.3304954338350984,0.3725667735424801,-4.090895787413786,3.1450847209488373,-4.1866671474426225,3.2408560809776734,12.411455422315274,75.82878157378605,0.3725667735424801,0.7916574132990419,False
PSMD6,small-sample glomerular sensitivity including donor-averaged GSE1009,GSE96804;GSE30528;GSE104948_H7;GSE1009_donor_averaged,GSE96804;GSE30528;GSE104948_H7;GSE1009_donor_averaged,4.0,-0.24672171096492787,0.06966514165350682,0.9490616735460407,0.2503399937268992,0.25697035193457496,-1.0434152990658447,0.549971877135989,-1.06451605804657,0.5710726361167142,0.39702197586462373,0.407824510165695,-1.8119369699330783,1.3184935480032227,-1.8317041849779703,1.3382607630481147,3.7951420970486014,20.95157642890278,0.407824510165695,0.8187861319480492,False
PSMD7,small-sample glomerular sensitivity including donor-averaged GSE1009,GSE96804;GSE30528;GSE104948_H7;GSE1009_donor_averaged,GSE96804;GSE30528;GSE104948_H7;GSE1009_donor_averaged,4.0,0.5310688698810423,0.9833516477703749,0.9406934550265814,0.5614004922589262,0.5788269291831263,-1.255558052492832,2.317695792254917,-1.3110167522965122,2.373154492058597,0.4139515400268239,0.4265446928053083,-4.371920798562743,5.434058538324828,-4.40929137069613,5.471429110458215,14.734016396424188,79.63895302350774,0.4265446928053083,0.8433951880468596,False
PSMD8,small-sample glomerular sensitivity including donor-averaged GSE1009,GSE96804;GSE30528;GSE104948_H7;GSE1009_donor_averaged,GSE96804;GSE30528;GSE104948_H7;GSE1009_donor_averaged,4.0,0.1422297634145666,1.391079126224033,0.8968045371543677,0.6229313909048964,0.6577961360892558,-1.840215940015962,2.124675466845095,-1.9511711195125847,2.235630646341718,0.8340728365899499,0.8426828549707507,-5.596810067310025,5.881269594139158,-5.668382688170069,5.952842214999202,27.679395079564173,89.16161284819799,0.8426828549707507,1.0,False
PTPN11,small-sample glomerular sensitivity including donor-averaged GSE1009,GSE96804;GSE30528;GSE104948_H7;GSE1009_donor_averaged,GSE96804;GSE30528;GSE104948_H7;GSE1009_donor_averaged,4.0,-0.412799465827473,0.0,0.7897270416165078,0.18208690940213892,0.2048991798124704,-0.9922812778948393,0.16668234623989325,-1.0648801035773316,0.23928117192238557,0.10821954894153152,0.13736482875992442,-1.196256203618229,0.37065727196328296,-1.2944094811710247,0.46881054951607865,2.3691811248495234,0.0,0.13736482875992442,0.5742797806989474,False
PTPN6,small-sample glomerular sensitivity including donor-averaged GSE1009,GSE96804;GSE30528;GSE104948_H7;GSE1009_donor_averaged,GSE96804;GSE30528;GSE104948_H7;GSE1009_donor_averaged,4.0,1.2305379825158183,2.2926016636640716,0.8936919954149762,0.7902207743725885,0.8359003532535685,-1.2842972012446567,3.745373166276293,-1.4296700082813467,3.890745973312983,0.2172920112439083,0.23738594627191775,-6.1181240044178775,8.579199969449514,-6.21109994784463,8.672175912876266,34.738057821404574,91.36393860755368,0.23738594627191775,0.6632296365466694,False
PTPRS,small-sample glomerular sensitivity including donor-averaged GSE1009,GSE96804;GSE30528;GSE104948_H7;GSE1009_donor_averaged,GSE96804;GSE30528;GSE104948_H7;GSE1009_donor_averaged,4.0,0.2161188343024106,0.0,0.5201925507986588,0.14615809092812848,0.20264728863494835,-0.2490214421591321,0.6812591107639533,-0.4287952806896419,0.8610329492944632,0.23576793063934284,0.3644169513570663,-0.4127486746044714,0.8449863432092927,-0.655802075319077,1.0880397439238982,1.5605776523959762,0.0,0.3644169513570663,0.7855882866525605,False
PXDN,small-sample glomerular sensitivity including donor-averaged GSE1009,GSE96804;GSE30528;GSE104948_H7;GSE1009_donor_averaged,GSE96804;GSE30528;GSE104948_H7;GSE1009_donor_averaged,4.0,1.4052234046465613,1.3183585084759804,0.8953522579898889,0.6280260635894682,0.6637135760451148,-0.5934358210456128,3.4038826303387353,-0.7070094132048517,3.517456222497974,0.11121675961485403,0.12451120972769844,-4.225788998991458,7.03623580828458,-4.301064594594138,7.11151140388726,15.540857177638744,80.69604549022813,0.12451120972769844,0.560300443774643,False
RBL1,small-sample glomerular sensitivity including donor-averaged GSE1009,GSE96804;GSE30528;GSE104948_H7;GSE1009_donor_averaged,GSE96804;GSE30528;GSE104948_H7;GSE1009_donor_averaged,4.0,0.0423720457764778,0.43504414878737485,0.9830892413288707,0.4166200121194853,0.42018800983911725,-1.2834987725004317,1.3682428640533872,-1.2948537336605352,1.3795978252134908,0.9254079630415533,0.9260384923902156,-3.3142938394334656,3.3990379309864216,-3.322517273669531,3.407261365222487,8.261029470886893,63.684913477521775,0.9260384923902156,1.0,False
RBX1,small-sample glomerular sensitivity including donor-averaged GSE1009,GSE96804;GSE30528;GSE104948_H7;GSE1009_donor_averaged,GSE30528;GSE104948_H7,2.0,0.569336852435852,0.6891277441314201,1.0000000111827843,0.6704676403811204,0.6704676403811204,-7.949762255226611,9.088435960098314,-7.949762255226611,9.088435960098314,0.5518143266455755,0.5518143266455755,,,,,4.274124965930544,76.6033981698922,0.5518143266455755,0.9453366921446122,False
RHOA,small-sample glomerular sensitivity including donor-averaged GSE1009,GSE96804;GSE30528;GSE104948_H7;GSE1009_donor_averaged,GSE96804;GSE30528;GSE104948_H7;GSE1009_donor_averaged,4.0,-0.007903790688990619,0.6976792362260463,0.8949180087204174,0.4700452735204111,0.4968760528452422,-1.5037976347200928,1.4879900533421113,-1.5891851492502842,1.5733775678723028,0.9876400149400613,0.9883073638184543,-4.1317709584243945,4.1159633770464135,-4.189597610001422,4.173790028623441,13.990726999454075,78.55722579593568,0.9883073638184543,1.0,False
RNF111,small-sample glomerular sensitivity including donor-averaged GSE1009,GSE96804;GSE30528;GSE104948_H7;GSE1009_donor_averaged,GSE96804;GSE30528;GSE104948_H7,3.0,-0.4373720547411956,0.9153004544825447,1.0452505145488307,0.6153051679039968,0.6153051679039968,-3.084816515052278,2.2100724055698873,-3.084816515052278,2.2100724055698873,0.5509099229361591,0.5509099229361591,-14.890650084660967,14.015905975178574,-14.890650084660967,14.015905975178574,10.752256003489745,81.39925240478945,0.5509099229361591,0.9453366921446122,False
RPS27A,small-sample glomerular sensitivity including donor-averaged GSE1009,GSE96804;GSE30528;GSE104948_H7;GSE1009_donor_averaged,GSE30528;GSE1009_donor_averaged,2.0,-0.27182319132406774,0.0,0.40797545984728434,0.25816893990070944,0.40419130914147083,-3.552170598223662,3.0085242155755267,-5.4075607178580745,4.863914335209938,0.48360231503491613,0.6230969496017194,,,,,0.40797545984728434,0.0,0.6230969496017194,1.0,False
SCUBE1,small-sample glomerular sensitivity including donor-averaged GSE1009,GSE96804;GSE30528;GSE104948_H7;GSE1009_donor_averaged,GSE96804,1.0,,,,,,,,,,,,,,,,,,1.0,1.0,False
SCUBE3,small-sample glomerular sensitivity including donor-averaged GSE1009,GSE96804;GSE30528;GSE104948_H7;GSE1009_donor_averaged,GSE30528,1.0,,,,,,,,,,,,,,,,,,1.0,1.0,False
SDC1,small-sample glomerular sensitivity including donor-averaged GSE1009,GSE96804;GSE30528;GSE104948_H7;GSE1009_donor_averaged,GSE96804;GSE30528;GSE104948_H7;GSE1009_donor_averaged,4.0,-0.35896735501261556,1.4432438362127047,0.9547173371345484,0.6532141816436091,0.6685258430597985,-2.43778641394324,1.719851703918009,-2.486514954244947,1.768580244219716,0.62089894777387,0.6285681845971297,-6.242650440989068,5.524715730963837,-6.274403922110938,5.556469212085707,23.98621162794758,87.49281442800019,0.6285681845971297,1.0,False
SDC2,small-sample glomerular sensitivity including donor-averaged GSE1009,GSE96804;GSE30528;GSE104948_H7;GSE1009_donor_averaged,GSE96804;GSE30528;GSE104948_H7;GSE1009_donor_averaged,4.0,-0.8199778182547263,1.3277776033407822,0.994334310015133,0.6670185325016252,0.6689161599558733,-2.9427284825702844,1.3027728460608317,-2.948767580050861,1.308811943541408,0.30657765555297184,0.3077135354824452,-6.548635282585987,4.908679646076535,-6.552730064119472,4.91277442761002,14.936384054273228,79.91481747457,0.3077135354824452,0.7213763421639359,False
SDC3,small-sample glomerular sensitivity including donor-averaged GSE1009,GSE96804;GSE30528;GSE104948_H7;GSE1009_donor_averaged,GSE96804;GSE30528;GSE104948_H7;GSE1009_donor_averaged,4.0,0.18094227006064056,0.26209564706291916,0.855492722509143,0.32753014643540324,0.3541140184250449,-0.8614048343317403,1.2232893744530213,-0.9460065795253104,1.3078911196465914,0.6191381809323495,0.6445989519742624,-2.434035922162752,2.795920462284033,-2.4974111374623638,2.8592956775836447,6.700989835143873,55.230494691004274,0.6445989519742624,1.0,False
SDC4,small-sample glomerular sensitivity including donor-averaged GSE1009,GSE96804;GSE30528;GSE104948_H7;GSE1009_donor_averaged,GSE96804;GSE30528;GSE104948_H7;GSE1009_donor_averaged,4.0,-0.655223198488729,0.7068591408112751,0.8560063373638195,0.46706737424796857,0.504825218457516,-2.1416400379827394,0.8311936410052813,-2.2618023497828914,0.9513559528054335,0.2552434302579819,0.28509357986988254,-4.7934068537818675,3.4829604568044097,-4.874692473431965,3.5642460764545074,14.700054209777555,79.59191199441572,0.28509357986988254,0.7131893707288116,False
SELE,small-sample glomerular sensitivity including donor-averaged GSE1009,GSE96804;GSE30528;GSE104948_H7;GSE1009_donor_averaged,GSE96804;GSE30528;GSE104948_H7;GSE1009_donor_averaged,4.0,0.8234831419863076,0.20479265515804038,0.8676043825077757,0.3115795366530727,0.3345091937912372,-0.1681020032372732,1.8150682872098884,-0.24107440587804718,1.8880406898506623,0.07746117488891438,0.09072512830618956,-1.5405278029062819,3.187494086878897,-1.597840390721756,3.244806674694371,5.319333358204034,43.60195539591281,0.09072512830618956,0.5112398945091441,False
SELL,small-sample glomerular sensitivity including donor-averaged GSE1009,GSE96804;GSE30528;GSE104948_H7;GSE1009_donor_averaged,GSE96804;GSE30528;GSE104948_H7;GSE1009_donor_averaged,4.0,0.07653111038141622,1.2961892963164268,0.8788415897033316,0.5952322357440585,0.6349377411060295,-1.8177635190480237,1.970825739810856,-1.9441241578866508,2.097186378649483,0.9058304261119274,0.9116802000857073,-5.451148175435167,5.604210396197999,-5.532344724397746,5.685406945160579,28.456495948035723,89.45759166737083,0.9116802000857073,1.0,False
SELP,small-sample glomerular sensitivity including donor-averaged GSE1009,GSE96804;GSE30528;GSE104948_H7;GSE1009_donor_averaged,GSE96804;GSE30528;GSE104948_H7;GSE1009_donor_averaged,4.0,-0.19960171857589687,2.5213330816596475e-05,0.6187517475034291,0.1590134146496088,0.20215083728028801,-0.7056533725180907,0.3064499353662969,-0.8429359037885575,0.44373246663676374,0.2982654285525791,0.39624934895777625,-0.8841222527150348,0.48491881556324096,-1.0696548539459518,0.6704514167941582,1.8566380419554007,0.0,0.39624934895777625,0.8098930548828158,False
SELPLG,small-sample glomerular sensitivity including donor-averaged GSE1009,GSE96804;GSE30528;GSE104948_H7;GSE1009_donor_averaged,GSE96804;GSE30528;GSE104948_H7;GSE1009_donor_averaged,4.0,0.6806792478917566,0.6800548143626499,0.7977945976662281,0.443234303709384,0.49623548789659777,-0.7298901243231694,2.0912486201066827,-0.8985635471154291,2.259922042898942,0.22218503144160498,0.26374447103458615,-3.3475585032678117,4.708916999051325,-3.4603965137767885,4.8217550095603015,15.238318211201465,80.31278807529597,0.26374447103458615,0.686086115681332,False
SEM1,small-sample glomerular sensitivity including donor-averaged GSE1009,GSE96804;GSE30528;GSE104948_H7;GSE1009_donor_averaged,,0.0,,,,,,,,,,,,,,,,,,1.0,1.0,False
SERPINA10,small-sample glomerular sensitivity including donor-averaged GSE1009,GSE96804;GSE30528;GSE104948_H7;GSE1009_donor_averaged,GSE96804;GSE30528;GSE104948_H7,3.0,-0.03340435960218041,0.9331273495039349,1.040640949589678,0.6179145925154658,0.6179145925154658,-2.692076267840876,2.625267548636515,-2.692076267840876,2.625267548636515,0.9618018236103375,0.9618018236103375,-14.60374730170495,14.53693858250059,-14.60374730170495,14.53693858250059,11.26570194680609,82.24700059132121,0.9618018236103375,1.0,False
SERPINA5,small-sample glomerular sensitivity including donor-averaged GSE1009,GSE96804;GSE30528;GSE104948_H7;GSE1009_donor_averaged,GSE96804;GSE30528;GSE104948_H7;GSE1009_donor_averaged,4.0,-0.21379946976165262,0.46099402221799496,0.8953792649685735,0.40366403400048617,0.4265957648677255,-1.4984385833424168,1.0708396438191117,-1.5714175855146228,1.1438186459913178,0.6330493219728841,0.6507117610044978,-3.61245577677505,3.1848568372517447,-3.6639205879953947,3.2363216484720896,10.594747029486207,71.68408087847016,0.6507117610044978,1.0,False
SERPINC1,small-sample glomerular sensitivity including donor-averaged GSE1009,GSE96804;GSE30528;GSE104948_H7;GSE1009_donor_averaged,GSE96804;GSE30528;GSE104948_H7;GSE1009_donor_averaged,4.0,-0.44675787982382803,0.0828838801944327,0.9537372523149906,0.2598373198347871,0.26606463644278194,-1.2736761983068672,0.3801604386592112,-1.2934942990378124,0.3999785393901563,0.1840366952984446,0.19171841673866005,-2.115384706387303,1.221868946739647,-2.133454116767065,1.239938357119409,4.114251615461786,27.082729001656396,0.19171841673866005,0.6077446457008835,False
SERPIND1,small-sample glomerular sensitivity including donor-averaged GSE1009,GSE96804;GSE30528;GSE104948_H7;GSE1009_donor_averaged,GSE96804;GSE30528;GSE104948_H7;GSE1009_donor_averaged,4.0,-0.4619388051816431,0.27842328800633975,1.458600805853207,0.4461455401155905,0.4461455401155905,-1.8817730309413083,0.9578954205780221,-1.8817730309413083,0.9578954205780221,0.37662221417461117,0.37662221417461117,-3.4350348887425812,2.511157278379295,-3.4350348887425812,2.511157278379295,7.888127686163093,61.96816127529946,0.37662221417461117,0.7948657512094894,False
SERPINE1,small-sample glomerular sensitivity including donor-averaged GSE1009,GSE96804;GSE30528;GSE104948_H7;GSE1009_donor_averaged,GSE96804;GSE30528;GSE104948_H7;GSE1009_donor_averaged,4.0,0.3966128501508353,0.16405537458242092,0.9635905824018375,0.3044269754064412,0.31012505866151485,-0.5722096529600877,1.3654353532617582,-0.5903434969623957,1.3835691972640665,0.2836213305436374,0.2908946733156954,-1.7834829841982316,2.576708684499902,-1.7983006929136578,2.5915263932153283,5.208086278292711,42.397267639286405,0.2908946733156954,0.7160354864099929,False
SERPINE2,small-sample glomerular sensitivity including donor-averaged GSE1009,GSE96804;GSE30528;GSE104948_H7;GSE1009_donor_averaged,GSE96804;GSE30528;GSE104948_H7;GSE1009_donor_averaged,4.0,1.7382320814277308,0.9221131527887328,0.94373091458229,0.5814998264054954,0.598584543630752,-0.11235989263955526,3.588824055495017,-0.1667310878498902,3.643195250705352,0.05816675004962691,0.06230423759273613,-3.0919727107710187,6.56843687362648,-3.1304559202623294,6.6069200831177906,12.290097340240134,75.59010382954881,0.06230423759273613,0.4690790195683884,False
SERPING1,small-sample glomerular sensitivity including donor-averaged GSE1009,GSE96804;GSE30528;GSE104948_H7;GSE1009_donor_averaged,GSE96804;GSE30528;GSE104948_H7;GSE1009_donor_averaged,4.0,-0.2556385883226131,0.49324898787614097,0.9173660236115078,0.4209894978984412,0.4395415510416198,-1.5954150604727506,1.0841378838275244,-1.6544559734536863,1.1431787968084601,0.5865736570396585,0.6016529422176523,-3.778775982553957,3.2674988059087307,-3.8204733953812324,3.3091962187360062,9.96059237251224,69.88130938598638,0.6016529422176523,0.9855528321264054,False
SERPINH1,small-sample glomerular sensitivity including donor-averaged GSE1009,GSE96804;GSE30528;GSE104948_H7;GSE1009_donor_averaged,GSE96804;GSE30528;GSE104948_H7;GSE1009_donor_averaged,4.0,1.7317205244334104,1.0603056351348037,0.8820054607667428,0.570140201014439,0.6070801426689169,-0.08272005177870123,3.546161100645522,-0.20027943261439018,3.663720481481211,0.055984058456854634,0.0649733591151893,-3.332568423580754,6.796009472447575,-3.4114379805677624,6.874879029434584,16.430125550252143,81.74085772610569,0.0649733591151893,0.4710568535851224,False
SGCA,small-sample glomerular sensitivity including donor-averaged GSE1009,GSE96804;GSE30528;GSE104948_H7;GSE1009_donor_averaged,GSE96804;GSE30528;GSE104948_H7;GSE1009_donor_averaged,4.0,0.33933877142643065,0.8557298646474425,0.8739873749875974,0.5009289192827056,0.5358256817731556,-1.2548406169545763,1.9335181598074376,-1.365897689808672,2.0445752326615336,0.5467033680060798,0.5715198400299439,-4.186961197685411,4.865638740538273,-4.26035401847191,4.9390315613247715,17.610602528083163,82.96480773320516,0.5715198400299439,0.9644397300505304,False
SGCB,small-sample glomerular sensitivity including donor-averaged GSE1009,GSE96804;GSE30528;GSE104948_H7;GSE1009_donor_averaged,GSE96804;GSE30528;GSE104948_H7;GSE1009_donor_averaged,4.0,-0.7932226835126099,0.0,1.1496397501205522,0.22498637744186023,0.22498637744186023,-1.5092297491416238,-0.0772156178835961,-1.5092297491416238,-0.0772156178835961,0.038759923610633386,0.038759923610633386,-1.7612609345692727,0.1748155675440527,-1.7612609345692727,0.1748155675440527,3.448919250361657,13.016229658452652,0.038759923610633386,0.44789906593284123,False
SGCD,small-sample glomerular sensitivity including donor-averaged GSE1009,GSE96804;GSE30528;GSE104948_H7;GSE1009_donor_averaged,GSE96804;GSE30528;GSE104948_H7;GSE1009_donor_averaged,4.0,0.43447655790213213,0.02475238343575841,1.6211378885070602,0.29250413124159824,0.29250413124159824,-0.496402133847913,1.3653552496521772,-0.496402133847913,1.3653552496521772,0.23412532911419595,0.23412532911419595,-0.9945681137135509,1.8635212295178152,-0.9945681137135509,1.8635212295178152,5.213543055334624,42.457557784425944,0.23412532911419595,0.65942493775689,False
SGCE,small-sample glomerular sensitivity including donor-averaged GSE1009,GSE96804;GSE30528;GSE104948_H7;GSE1009_donor_averaged,GSE96804;GSE30528;GSE104948_H7;GSE1009_donor_averaged,4.0,-0.6276891914652474,3.2886948506999256,0.9800301412823836,0.9538326230164633,0.9635016344049785,-3.6632102984430586,2.407831915512564,-3.693981408012185,2.43860302508169,0.5574837647225912,0.5612002235859931,-9.443919678349374,8.18854129541888,-9.463362573789055,8.20798419085856,31.312374263138302,90.41912320417148,0.5612002235859931,0.9537877717258089,False
SGCG,small-sample glomerular sensitivity including donor-averaged GSE1009,GSE96804;GSE30528;GSE104948_H7;GSE1009_donor_averaged,GSE96804;GSE30528;GSE104948_H7;GSE1009_donor_averaged,4.0,0.16312373438237632,0.04061542519122982,1.0081853110919494,0.23800453344297978,0.23800453344297978,-0.5943129137140073,0.92056038247876,-0.5943129137140073,0.92056038247876,0.5423143292462226,0.5423143292462226,-1.17873550983451,1.5049829785992628,-1.17873550983451,1.5049829785992628,3.589141062132593,16.41454186207264,0.5423143292462226,0.9453366921446122,False
SGCZ,small-sample glomerular sensitivity including donor-averaged GSE1009,GSE96804;GSE30528;GSE104948_H7;GSE1009_donor_averaged,GSE96804,1.0,,,,,,,,,,,,,,,,,,1.0,1.0,False
SH3PXD2A,small-sample glomerular sensitivity including donor-averaged GSE1009,GSE96804;GSE30528;GSE104948_H7;GSE1009_donor_averaged,GSE96804;GSE30528;GSE104948_H7;GSE1009_donor_averaged,4.0,0.9748468164190034,0.20545602450466602,0.8136452588941316,0.3022675327421154,0.33509963286917044,0.012896623636636129,1.9367970092013707,-0.09158977210741504,2.041283404945422,0.04839546048340249,0.06204065306816049,-1.3692962241270146,3.3189898569650214,-1.4505207384042555,3.4002143712422623,5.300466529751121,43.4012084943613,0.06204065306816049,0.4690790195683884,False
SHC1,small-sample glomerular sensitivity including donor-averaged GSE1009,GSE96804;GSE30528;GSE104948_H7;GSE1009_donor_averaged,GSE96804;GSE30528;GSE104948_H7;GSE1009_donor_averaged,4.0,1.070690932510892,0.3701329993621085,1.199927440884069,0.4428191046031877,0.4428191046031877,-0.33855709084256236,2.4799389558643465,-0.33855709084256236,2.4799389558643465,0.09434652028514535,0.09434652028514535,-2.1669566379398364,4.30833850296162,-2.1669566379398364,4.30833850296162,7.464093042087061,59.807574971477585,0.09434652028514535,0.5165966810018797,False
SIRPA,small-sample glomerular sensitivity including donor-averaged GSE1009,GSE96804;GSE30528;GSE104948_H7;GSE1009_donor_averaged,GSE96804;GSE30528;GSE104948_H7;GSE1009_donor_averaged,4.0,-1.3125832255805023,0.0,0.4181519334107535,0.14269807411548152,0.22067394410975194,-1.7667121843204172,-0.8584542668405875,-2.014866203684966,-0.6103002474760388,0.0027174895675198887,0.00950227079805697,-1.92656348370347,-0.6986029674575347,-2.262066573588907,-0.36309987757209794,1.2544558002322606,0.0,0.00950227079805697,0.44789906593284123,False
SIRPG,small-sample glomerular sensitivity including donor-averaged GSE1009,GSE96804;GSE30528;GSE104948_H7;GSE1009_donor_averaged,GSE96804;GSE30528;GSE104948_H7,3.0,0.5346406694085007,0.0,0.0736437161206017,0.056565159730021256,0.208440050742303,0.29126043048741046,0.778020908329591,-0.3622044839069857,1.431485822723987,0.011009200375166395,0.12428696531269086,-0.18408783105557347,1.2533691698725749,-2.1138412905418433,3.1831226293588446,0.1472874322412034,0.0,0.12428696531269086,0.560300443774643,False
SKI,small-sample glomerular sensitivity including donor-averaged GSE1009,GSE96804;GSE30528;GSE104948_H7;GSE1009_donor_averaged,GSE96804;GSE30528;GSE104948_H7;GSE1009_donor_averaged,4.0,0.31092092492861884,0.5722232202167953,0.9425503545012549,0.4521011046556865,0.46567539072325415,-1.1278665651975535,1.7497084150547912,-1.1710660017401482,1.792907851597386,0.5410276649425619,0.5521109203612693,-3.480833456155757,4.102675306012994,-3.5111252520984433,4.132967101955681,9.60668188489674,68.77173579863735,0.5521109203612693,0.9453366921446122,False
SKIL,small-sample glomerular sensitivity including donor-averaged GSE1009,GSE96804;GSE30528;GSE104948_H7;GSE1009_donor_averaged,GSE96804;GSE30528;GSE104948_H7;GSE1009_donor_averaged,4.0,0.5706609642329176,1.7236591687968115,0.9367572071498061,0.6942799741872077,0.7173335064532294,-1.6388477744516292,2.7801697029174646,-1.712214403035369,2.8535363315012043,0.47134603903510963,0.4844349037655211,-5.819443044947759,6.960764973413594,-5.866410263043579,7.007732191509414,31.452953235444824,90.4619449323466,0.4844349037655211,0.8967199282468157,False
SLC16A1,small-sample glomerular sensitivity including donor-averaged GSE1009,GSE96804;GSE30528;GSE104948_H7;GSE1009_donor_averaged,GSE96804;GSE30528;GSE104948_H7;GSE1009_donor_averaged,4.0,0.4247947508623466,0.028319273818493352,0.8683302260198852,0.21349069466285395,0.22910601475961997,-0.25462792157990516,1.1042174233045983,-0.3043228393276806,1.1539123410523737,0.14071700615215207,0.1607621440920849,-0.7448428379775329,1.5944323397022262,-0.798315852227647,1.6479053539523403,3.008184921821391,0.272088386655279,0.1607621440920849,0.5933789592277746,False
SLC16A3,small-sample glomerular sensitivity including donor-averaged GSE1009,GSE96804;GSE30528;GSE104948_H7;GSE1009_donor_averaged,GSE96804;GSE104948_H7,2.0,1.0193797977772399,0.5938905565717332,1.0000000114959644,0.6131115186508688,0.6131115186508688,-6.770940684307688,8.809700279862168,-6.770940684307688,8.809700279862168,0.34472259448391973,0.34472259448391973,,,,,4.5092802967380035,77.82351208632127,0.34472259448391973,0.773403413985413,False
SLC16A8,small-sample glomerular sensitivity including donor-averaged GSE1009,GSE96804;GSE30528;GSE104948_H7;GSE1009_donor_averaged,GSE96804;GSE30528;GSE104948_H7,3.0,-0.056991208782477557,0.8766840680424288,1.0458368034577425,0.6030978739043367,0.6030978739043367,-2.6519119222430683,2.537929504678113,-2.6519119222430683,2.537929504678113,0.9333288887259201,0.9333288887259201,-14.20836730515532,14.094384887590365,-14.20836730515532,14.094384887590365,10.600518739890342,81.1329987798249,0.9333288887259201,1.0,False
SLC3A2,small-sample glomerular sensitivity including donor-averaged GSE1009,GSE96804;GSE30528;GSE104948_H7;GSE1009_donor_averaged,GSE96804;GSE30528;GSE104948_H7;GSE1009_donor_averaged,4.0,-0.4680879148362518,0.9647873512664238,1.0243773642449396,0.575390061020275,0.575390061020275,-2.299235888627193,1.3630600589546895,-2.299235888627193,1.3630600589546895,0.47549101374604674,0.47549101374604674,-5.366051110377159,4.429875280704655,-5.366051110377159,4.429875280704655,17.197486997356197,82.55559082288478,0.47549101374604674,0.8885667392915384,False
SLC7A10,small-sample glomerular sensitivity including donor-averaged GSE1009,GSE96804;GSE30528;GSE104948_H7;GSE1009_donor_averaged,GSE96804;GSE30528;GSE104948_H7,3.0,-0.8956412433871976,0.48315432683764464,1.0872833317602313,0.4869636300724593,0.4869636300724593,-2.9908766356071714,1.1995941488327764,-2.9908766356071714,1.1995941488327764,0.20725444595049797,0.20725444595049797,-11.679368861015847,9.888086374241452,-11.679368861015847,9.888086374241452,6.706001487380055,70.17596844015355,0.20725444595049797,0.6364403060211472,False
SLC7A11,small-sample glomerular sensitivity including donor-averaged GSE1009,GSE96804;GSE30528;GSE104948_H7;GSE1009_donor_averaged,GSE96804;GSE30528;GSE104948_H7;GSE1009_donor_averaged,4.0,0.997967441446176,0.0,0.8487033130445086,0.1980463507318851,0.21497546429907383,0.36769556428456696,1.628239318607785,0.3138195693609389,1.682115313531413,0.015067368751761527,0.018841295364085544,0.14584276985271127,1.8500921130396408,0.07300267315060804,1.9229322097417438,2.546109939133526,0.0,0.018841295364085544,0.44789906593284123,False
SLC7A5,small-sample glomerular sensitivity including donor-averaged GSE1009,GSE96804;GSE30528;GSE104948_H7;GSE1009_donor_averaged,GSE96804;GSE30528;GSE104948_H7;GSE1009_donor_averaged,4.0,-0.3143116278711092,0.048442249440444764,0.6794241961522784,0.19928424117215102,0.24177002348675034,-0.9485230248906886,0.3198997691484702,-1.0837317458448732,0.45510849010265464,0.2128482776653637,0.28445432524653663,-1.5918188443176184,0.9631955885754001,-1.721055325932654,1.0924320701904358,2.812140600170306,0.0,0.28445432524653663,0.7131893707288116,False
SLC7A6,small-sample glomerular sensitivity including donor-averaged GSE1009,GSE96804;GSE30528;GSE104948_H7;GSE1009_donor_averaged,GSE96804;GSE30528;GSE104948_H7;GSE1009_donor_averaged,4.0,1.5199104569991855,0.5908392697336902,1.016831511573171,0.48316715363261625,0.48316715363261625,-0.017743065913379708,3.057563979911751,-0.017743065913379708,3.057563979911751,0.051435159055689385,0.051435159055689385,-2.386485391743937,5.426306305742308,-2.386485391743937,5.426306305742308,8.841233425870765,66.06808286249345,0.051435159055689385,0.46872114987964925,False
SLC7A7,small-sample glomerular sensitivity including donor-averaged GSE1009,GSE96804;GSE30528;GSE104948_H7;GSE1009_donor_averaged,GSE96804;GSE30528;GSE104948_H7;GSE1009_donor_averaged,4.0,-0.6174279801995601,0.8633215209854793,1.0245712228473647,0.5493645934602258,0.5493645934602258,-2.365751300910742,1.1308953405116218,-2.365751300910742,1.1308953405116218,0.34287468803649146,0.34287468803649146,-5.2617484427037455,4.026892482304626,-5.2617484427037455,4.026892482304626,15.233134723493073,80.30608896688024,0.34287468803649146,0.773403413985413,False
SLC7A8,small-sample glomerular sensitivity including donor-averaged GSE1009,GSE96804;GSE30528;GSE104948_H7;GSE1009_donor_averaged,GSE96804;GSE30528;GSE104948_H7;GSE1009_donor_averaged,4.0,-0.8810154595962593,0.9136078502539354,0.8772717543590121,0.5204120241784029,0.5556230436390038,-2.537198783168033,0.7751678639755147,-2.6492559619556952,0.8872250427631768,0.18904653548031516,0.21100458288964374,-5.563670774604913,3.801639855412394,-5.6379766685197445,3.875945749327226,16.16385606675343,81.44007229703969,0.21100458288964374,0.6379018857242897,False
SLC7A9,small-sample glomerular sensitivity including donor-averaged GSE1009,GSE96804;GSE30528;GSE104948_H7;GSE1009_donor_averaged,GSE96804;GSE30528;GSE104948_H7,3.0,-0.9175237984595281,0.0,1.1373298914396819,0.23001059969991125,0.23001059969991125,-1.907179533129662,0.07213193621060576,-1.907179533129662,0.07213193621060576,0.05747877771136704,0.05747877771136704,-3.840085569736922,2.005037972817866,-3.840085569736922,2.005037972817866,2.2746597828793638,12.074763221587688,0.05747877771136704,0.4690790195683884,False
SMAD2,small-sample glomerular sensitivity including donor-averaged GSE1009,GSE96804;GSE30528;GSE104948_H7;GSE1009_donor_averaged,GSE96804;GSE30528;GSE104948_H7;GSE1009_donor_averaged,4.0,-0.4502514747974371,0.09407874835499233,1.0789298062243315,0.28795952015137094,0.28795952015137094,-1.3666671857744368,0.4661642361795627,-1.3666671857744368,0.4661642361795627,0.2158618456809134,0.2158618456809134,-2.260433439441462,1.3599304898465878,-2.260433439441462,1.3599304898465878,4.51232445193336,33.51541911587022,0.2158618456809134,0.6408142540230344,False
SMAD3,small-sample glomerular sensitivity including donor-averaged GSE1009,GSE96804;GSE30528;GSE104948_H7;GSE1009_donor_averaged,GSE96804;GSE30528;GSE104948_H7;GSE1009_donor_averaged,4.0,0.5907200271648676,0.18007240889453652,0.7294299325979695,0.2752887794458239,0.32232702502908334,-0.28537173186855624,1.4668117861982914,-0.43506842273202784,1.616508477061763,0.1211850886515686,0.16423173033644467,-1.585658190754658,2.7670982450843935,-1.702101885530663,2.8835419398603985,5.123813673560001,41.44986154589,0.16423173033644467,0.5933789592277746,False
SMAD4,small-sample glomerular sensitivity including donor-averaged GSE1009,GSE96804;GSE30528;GSE104948_H7;GSE1009_donor_averaged,GSE96804;GSE30528;GSE104948_H7;GSE1009_donor_averaged,4.0,-0.5517497967406528,0.19940733370609245,0.8606253452005324,0.3048604305493448,0.3286200010817799,-1.5219517475696156,0.41845215408830994,-1.5975653050256913,0.4940657115443856,0.16801679590399285,0.1917462715276063,-2.8781572275046017,1.7746576340232958,-2.9372921090339945,1.833792515552689,5.2989643185859645,43.38516321996005,0.1917462715276063,0.6077446457008835,False
SMAD7,small-sample glomerular sensitivity including donor-averaged GSE1009,GSE96804;GSE30528;GSE104948_H7;GSE1009_donor_averaged,GSE96804;GSE30528;GSE104948_H7;GSE1009_donor_averaged,4.0,0.014367792947711382,0.0,0.9607406061162779,0.19840102679121693,0.20241413740586578,-0.6170328217284908,0.6457684076239136,-0.6298043307767749,0.6585399166721977,0.9468271418632623,0.9478789795024678,-0.8392829265606142,0.868018512456037,-0.8565499479015196,0.8852855337969424,2.8822218183488335,0.0,0.9478789795024678,1.0,False
SMPD1,small-sample glomerular sensitivity including donor-averaged GSE1009,GSE96804;GSE30528;GSE104948_H7;GSE1009_donor_averaged,GSE96804;GSE30528;GSE104948_H7;GSE1009_donor_averaged,4.0,-0.0583739999984231,0.8559036159832788,0.8474131269264659,0.49324950850821975,0.5358201820360354,-1.6281140759334118,1.5113660759365655,-1.763592958615448,1.6468449586186016,0.913273033312886,0.920125712431952,-4.56939030711162,4.452642307114774,-4.658404573638221,4.541656573641375,19.160532862124846,84.34281540295686,0.920125712431952,1.0,False
SMURF1,small-sample glomerular sensitivity including donor-averaged GSE1009,GSE96804;GSE30528;GSE104948_H7;GSE1009_donor_averaged,GSE96804;GSE30528;GSE104948_H7;GSE1009_donor_averaged,4.0,0.8981426079422606,0.4837588201730536,0.8932977369228169,0.41177376596568965,0.43567291098072713,-0.4123052921680065,2.2085905080525277,-0.48836303792055225,2.2846482538050736,0.11722192962919795,0.1313061161062883,-2.579605263946581,4.375890479831102,-2.633100099866364,4.429385315750885,10.036007084170498,70.10763369496009,0.1313061161062883,0.5742797806989474,False
SMURF2,small-sample glomerular sensitivity including donor-averaged GSE1009,GSE96804;GSE30528;GSE104948_H7;GSE1009_donor_averaged,GSE96804;GSE30528;GSE104948_H7;GSE1009_donor_averaged,4.0,0.18871420077741327,0.7904959271219358,0.9989425617063077,0.5260946366243408,0.5263730137261977,-1.4855537317772949,1.8629821333321213,-1.486439651956575,1.8638680535114014,0.7435722557385134,0.7437004804223433,-4.256306114507513,4.63373451606234,-4.256916186808949,4.634344588363776,14.568104611636057,79.40706715131772,0.7437004804223433,1.0,False
SNTA1,small-sample glomerular sensitivity including donor-averaged GSE1009,GSE96804;GSE30528;GSE104948_H7;GSE1009_donor_averaged,GSE96804;GSE30528;GSE104948_H7;GSE1009_donor_averaged,4.0,-1.402835410666637,0.2752169064026163,0.7518140921457389,0.3230385318819992,0.3725624637211277,-2.4308881929187787,-0.3747826284144953,-2.588495446823335,-0.21717537450993873,0.022539892543309358,0.03276937348444262,-4.053670389072176,1.2479995677389015,-4.17134987092944,1.3656790495961662,6.06327933375466,50.52182433194508,0.03276937348444262,0.44789906593284123,False
SNTB1,small-sample glomerular sensitivity including donor-averaged GSE1009,GSE96804;GSE30528;GSE104948_H7;GSE1009_donor_averaged,GSE96804;GSE30528;GSE104948_H7;GSE1009_donor_averaged,4.0,0.21300076253703243,0.0858347633511493,1.0130969230615197,0.27130177740209893,0.27130177740209893,-0.6504025765731802,1.076404101647245,-0.6504025765731802,1.076404101647245,0.48968449912959866,0.48968449912959866,-1.5050426955554463,1.9310442206295113,-1.5050426955554463,1.9310442206295113,4.321235993768436,30.57541859953409,0.48968449912959866,0.9013882295331801,False
SNTB2,small-sample glomerular sensitivity including donor-averaged GSE1009,GSE96804;GSE30528;GSE104948_H7;GSE1009_donor_averaged,GSE96804;GSE30528;GSE104948_H7;GSE1009_donor_averaged,4.0,0.68674668847207,0.0,0.13946743934265968,0.07734350989083963,0.2071035117628741,0.4406051211822935,0.9328882557618465,0.02765088265103044,1.3458424942931095,0.0030120973942443755,0.045190327214169164,0.35396442451184434,1.0195289524322957,-0.20434780175515999,1.5778411786993,0.418402318027979,0.0,0.045190327214169164,0.44789906593284123,False
SNTG2,small-sample glomerular sensitivity including donor-averaged GSE1009,GSE96804;GSE30528;GSE104948_H7;GSE1009_donor_averaged,GSE96804;GSE30528;GSE104948_H7,3.0,0.9653394668407038,0.39979009986320213,1.0824806674274918,0.4533894949710987,0.4533894949710987,-0.9854380813364239,2.9161170150178313,-0.9854380813364239,2.9161170150178313,0.16700700012359995,0.16700700012359995,-8.92064418060362,10.851323114285027,-8.92064418060362,10.851323114285027,6.1425288082542355,67.44012014542885,0.16700700012359995,0.5933789592277746,False
SNW1,small-sample glomerular sensitivity including donor-averaged GSE1009,GSE96804;GSE30528;GSE104948_H7;GSE1009_donor_averaged,GSE96804;GSE30528;GSE104948_H7;GSE1009_donor_averaged,4.0,0.25712563518234743,0.5316780158900258,0.8445000489635316,0.4116549717198653,0.44795410975703465,-1.0529442086192071,1.567195478983902,-1.16846426635058,1.6827155367152749,0.5765040262818265,0.6061785169314814,-3.3456564608853547,3.8599077312500496,-3.424951990582658,3.939203260947353,11.718741711958199,74.39998189448362,0.6061785169314814,0.9874349929551088,False
SOS1,small-sample glomerular sensitivity including donor-averaged GSE1009,GSE96804;GSE30528;GSE104948_H7;GSE1009_donor_averaged,GSE96804;GSE30528;GSE104948_H7;GSE1009_donor_averaged,4.0,0.37228780180524185,0.14915422119953753,1.8306573126588737,0.4233602420639786,0.4233602420639786,-0.9750334363552831,1.7196090399657666,-0.9750334363552831,1.7196090399657666,0.4439480522616986,0.4439480522616986,-2.0933541522522305,2.837929755862714,-2.0933541522522305,2.837929755862714,7.494776520857712,59.97212202857416,0.4439480522616986,0.8625506397120719,False
SP1,small-sample glomerular sensitivity including donor-averaged GSE1009,GSE96804;GSE30528;GSE104948_H7;GSE1009_donor_averaged,GSE96804;GSE30528;GSE104948_H7;GSE1009_donor_averaged,4.0,-0.647466361539111,0.0,0.7922840287306089,0.18493671210460128,0.20776992433488276,-1.2360175176877162,-0.058915205390505876,-1.308682989587734,0.013750266509512166,0.03945215196407116,0.05262414909095641,-1.4431848107068639,0.14825208762864206,-1.5414281936384335,0.24649547056021148,2.3768520861918265,0.0,0.05262414909095641,0.46872114987964925,False
SPARC,small-sample glomerular sensitivity including donor-averaged GSE1009,GSE96804;GSE30528;GSE104948_H7;GSE1009_donor_averaged,GSE96804;GSE30528;GSE104948_H7;GSE1009_donor_averaged,4.0,-0.10615356890010395,0.06242671190309286,0.86740383632915,0.23458567438107514,0.25187833737451115,-0.8527098816066435,0.6404027438064356,-0.9077428530586202,0.6954357152584123,0.6816174644669246,0.7018030513068564,-1.5807596673788333,1.3684525295786256,-1.632652102174485,1.4203449643742774,3.506677702946352,14.448938450221288,0.7018030513068564,1.0,False
SPN,small-sample glomerular sensitivity including donor-averaged GSE1009,GSE96804;GSE30528;GSE104948_H7;GSE1009_donor_averaged,GSE96804;GSE30528;GSE104948_H7,3.0,0.3198691210519573,0.0,0.7193713218574121,0.1754238428279627,0.2068292990869799,-0.43491875515491696,1.0746569972588316,-0.5700455272568046,1.2097837693607192,0.2098101197859125,0.2620275253273636,-1.9091021415266674,2.5488403836305817,-2.3081462985867187,2.9478845406906338,1.4387426437148243,0.0,0.2620275253273636,0.683891841104419,False
SPOCK3,small-sample glomerular sensitivity including donor-averaged GSE1009,GSE96804;GSE30528;GSE104948_H7;GSE1009_donor_averaged,GSE96804;GSE30528;GSE104948_H7;GSE1009_donor_averaged,4.0,0.4487223013965078,0.1519044425865784,0.8976238874494239,0.2892914051369086,0.30534325449487115,-0.4719320620317792,1.3693766648247947,-0.5230162107139977,1.4204608135070134,0.21866803834673548,0.23801727697268726,-1.6397002347117207,2.5371448375047363,-1.6815859630477132,2.579030565840729,4.653086220028119,35.52666213045435,0.23801727697268726,0.6632296365466694,False
SPP1,small-sample glomerular sensitivity including donor-averaged GSE1009,GSE96804;GSE30528;GSE104948_H7;GSE1009_donor_averaged,GSE96804;GSE30528;GSE104948_H7;GSE1009_donor_averaged,4.0,0.5419887350897371,0.4214760806624789,0.8916556585423918,0.3930029457850196,0.41619534711642614,-0.7087220376894118,1.7926995078688859,-0.7825306096172034,1.8665080797966778,0.2616957343560684,0.2837927949752731,-2.723289279358834,3.807266749538308,-2.7760641986946544,3.8600416688741284,7.951468802965062,62.27112154572857,0.2837927949752731,0.7131893707288116,False
SRC,small-sample glomerular sensitivity including donor-averaged GSE1009,GSE96804;GSE30528;GSE104948_H7;GSE1009_donor_averaged,GSE96804;GSE30528;GSE104948_H7;GSE1009_donor_averaged,4.0,0.31439948600665846,0.5927182745460468,0.9079747038520454,0.44702354260861893,0.46913034044668356,-1.108228935542975,1.7370279075562918,-1.1785826326443778,1.8073816046576945,0.532527401463141,0.5507205147706563,-3.5160449838277565,4.144843955841074,-3.564678912771375,4.193477884784692,9.869369046553254,69.60292004636598,0.5507205147706563,0.9453366921446122,False
SSPN,small-sample glomerular sensitivity including donor-averaged GSE1009,GSE96804;GSE30528;GSE104948_H7;GSE1009_donor_averaged,GSE96804;GSE30528;GSE104948_H7;GSE1009_donor_averaged,4.0,1.3897556804517834,0.0,0.9614724835791199,0.22061979953379066,0.2249966520203477,0.6876450145530391,2.091866346350528,0.6737159165284239,2.105795444375143,0.00808216464150231,0.008543786377875263,0.44050529775094005,2.3390060631526266,0.42167322145194464,2.3578381394516224,2.8844174507373594,0.0,0.008543786377875263,0.44789906593284123,False
STAT1,small-sample glomerular sensitivity including donor-averaged GSE1009,GSE96804;GSE30528;GSE104948_H7;GSE1009_donor_averaged,GSE96804;GSE30528;GSE104948_H7;GSE1009_donor_averaged,4.0,-0.07985730708665462,0.0,1.0047706656591286,0.203095176233585,0.203095176233585,-0.7261968003121707,0.5664821861388615,-0.7261968003121707,0.5664821861388615,0.7204472817367159,0.7204472817367159,-0.9537053215070371,0.7939907073337279,-0.9537053215070371,0.7939907073337279,3.0143119969773857,0.47480144695496473,0.7204472817367159,1.0,False
STRAP,small-sample glomerular sensitivity including donor-averaged GSE1009,GSE96804;GSE30528;GSE104948_H7;GSE1009_donor_averaged,GSE96804;GSE30528;GSE104948_H7;GSE1009_donor_averaged,4.0,-0.508990984704883,0.2891687268974915,1.4485333798028914,0.4570474080157803,0.4570474080157803,-1.9635198196841983,0.9455378502744323,-1.9635198196841983,0.9455378502744323,0.3466241269245834,0.3466241269245834,-3.545521078336029,2.5275391089262627,-3.545521078336029,2.5275391089262627,7.363908145330814,59.26076288849161,0.3466241269245834,0.7754476896627108,False
STUB1,small-sample glomerular sensitivity including donor-averaged GSE1009,GSE96804;GSE30528;GSE104948_H7;GSE1009_donor_averaged,GSE96804;GSE30528;GSE104948_H7,3.0,-0.24180913435248505,1.0883853365095113,0.9730927548379102,0.6365025310646094,0.6452425746600619,-2.9804584871300683,2.496840218425098,-3.018063859564171,2.534445590859201,0.7405658500176924,0.7438479257078632,-15.770022426204992,15.286404157500023,-15.82815015843478,15.344531889729812,18.51331865628326,89.19696658858504,0.7438479257078632,1.0,False
TEK,small-sample glomerular sensitivity including donor-averaged GSE1009,GSE96804;GSE30528;GSE104948_H7;GSE1009_donor_averaged,GSE96804;GSE30528;GSE104948_H7;GSE1009_donor_averaged,4.0,-0.43416895482731277,0.7375413137094149,0.9013546238942878,0.48277164625903396,0.5085034573468933,-1.9705637967601084,1.102225887105483,-2.052453903884925,1.1841159942302992,0.43475844765352717,0.4559608731520687,-4.673122195155467,3.8047842855008414,-4.728460131365215,3.860122221710589,15.693254498342016,80.88350634779454,0.4559608731520687,0.8686553860780287,False
TFDP1,small-sample glomerular sensitivity including donor-averaged GSE1009,GSE96804;GSE30528;GSE104948_H7;GSE1009_donor_averaged,GSE96804;GSE30528;GSE104948_H7;GSE1009_donor_averaged,4.0,-0.02117240034564994,0.30395178927602007,1.1292424632678573,0.399188923626038,0.399188923626038,-1.2915697154495147,1.2492249147582148,-1.2915697154495147,1.2492249147582148,0.9610354414933181,0.9610354414933181,-2.9498335502512627,2.907488749559963,-2.9498335502512627,2.907488749559963,7.0388402836665325,57.379342631748145,0.9610354414933181,1.0,False
TFDP2,small-sample glomerular sensitivity including donor-averaged GSE1009,GSE96804;GSE30528;GSE104948_H7;GSE1009_donor_averaged,GSE96804;GSE30528;GSE104948_H7;GSE1009_donor_averaged,4.0,-0.2934982206725113,0.4617467028818133,1.2442790706515734,0.48521944233289815,0.48521944233289815,-1.8376830421766641,1.2506866008316417,-1.8376830421766641,1.2506866008316417,0.5879479961724974,0.5879479961724974,-3.8861091864014448,3.299112745056422,-3.8861091864014448,3.299112745056422,10.236271835466766,70.69245475090294,0.5879479961724974,0.9739934456774502,False
TFPI,small-sample glomerular sensitivity including donor-averaged GSE1009,GSE96804;GSE30528;GSE104948_H7;GSE1009_donor_averaged,GSE96804;GSE30528;GSE104948_H7;GSE1009_donor_averaged,4.0,-0.042540020266673105,1.0918590683460205,0.9834918641857172,0.5939569739065386,0.5989210814804877,-1.9327761973730282,1.8476961568396821,-1.9485742031807738,1.8634941626474277,0.9474106724491305,0.9478455751726025,-5.214042147068516,5.128962106535169,-5.2246302647964455,5.139550224263099,15.050826287416381,80.06753953098094,0.9478455751726025,1.0,False
TGFB1,small-sample glomerular sensitivity including donor-averaged GSE1009,GSE96804;GSE30528;GSE104948_H7;GSE1009_donor_averaged,GSE96804;GSE30528;GSE104948_H7;GSE1009_donor_averaged,4.0,0.7661722118560887,0.11287031782279545,0.8546420349623404,0.2666314371600822,0.2884159199313111,-0.08236802020649991,1.6147124439186773,-0.15169596691431397,1.6840403906264916,0.06386593319145108,0.07656825093535921,-1.0792728173545985,2.611617241066776,-1.1389560348538508,2.6713004585660283,4.0359554554590265,25.66815880135136,0.07656825093535921,0.4929110620530174,False
TGFB2,small-sample glomerular sensitivity including donor-averaged GSE1009,GSE96804;GSE30528;GSE104948_H7;GSE1009_donor_averaged,GSE96804;GSE30528;GSE104948_H7;GSE1009_donor_averaged,4.0,1.0952426867583043,0.18646721219116894,0.9901178472658535,0.32680457055874335,0.32843140434277107,0.05520468863380268,2.135280684882806,0.050027377468512935,2.1404579960480956,0.04401411154817365,0.044560628892840536,-1.2348272656422719,3.4253126391588804,-1.239058045712346,3.4295434192289544,5.217447186542824,42.50061586176103,0.044560628892840536,0.44789906593284123,False
TGFB3,small-sample glomerular sensitivity including donor-averaged GSE1009,GSE96804;GSE30528;GSE104948_H7;GSE1009_donor_averaged,GSE96804;GSE30528;GSE104948_H7;GSE1009_donor_averaged,4.0,0.9325877022773603,0.16498246171957023,0.7579006466940376,0.27408962695787836,0.31483750419730494,0.06031218164867058,1.8048632229060502,-0.06936574972009657,1.9345411542748172,0.04238364990548534,0.059442514059207224,-1.175745438119889,3.04092084267461,-1.278595375792997,3.143770780347718,4.76619945103026,37.056767539354205,0.059442514059207224,0.4690790195683884,False
TGFBR1,small-sample glomerular sensitivity including donor-averaged GSE1009,GSE96804;GSE30528;GSE104948_H7;GSE1009_donor_averaged,GSE96804;GSE30528;GSE104948_H7;GSE1009_donor_averaged,4.0,0.6748191409160416,0.18857912847584152,0.8143841633737751,0.29248113388602065,0.3241031095846818,-0.25598636298471433,1.6056246448167975,-0.3566216027126896,1.7062598845447727,0.10429581298170292,0.12874250027170947,-1.57791580676694,2.927554088599023,-1.6566547566894487,3.006293038521532,5.13882771751649,41.62092669940976,0.12874250027170947,0.56952190798163,False
TGFBR2,small-sample glomerular sensitivity including donor-averaged GSE1009,GSE96804;GSE30528;GSE104948_H7;GSE1009_donor_averaged,GSE96804;GSE30528;GSE104948_H7;GSE1009_donor_averaged,4.0,-0.850026180047985,0.2714617370925325,1.1087322369412196,0.38147385733069816,0.38147385733069816,-2.0640462478723896,0.3639938877764196,-2.0640462478723896,0.3639938877764196,0.11217694577262079,0.11217694577262079,-3.6284341245819576,1.9283817644859873,-3.6284341245819576,1.9283817644859873,6.765842384904787,55.659623305838835,0.11217694577262079,0.5276698201083991,False
TGFBR3,small-sample glomerular sensitivity including donor-averaged GSE1009,GSE96804;GSE30528;GSE104948_H7;GSE1009_donor_averaged,GSE96804;GSE30528;GSE104948_H7;GSE1009_donor_averaged,4.0,-2.1166026242476184,1.4067326153439639,0.964706863648192,0.7042709204149346,0.7170378354250027,-4.357907012840883,0.12470176434564628,-4.398537034344546,0.16533178584930885,0.05742231257031348,0.05993439020697856,-8.051659629273438,3.818454380778202,-8.079892845265697,3.846687596770459,11.059685596585155,72.87445493996417,0.05993439020697856,0.4690790195683884,False
TGIF1,small-sample glomerular sensitivity including donor-averaged GSE1009,GSE96804;GSE30528;GSE104948_H7;GSE1009_donor_averaged,GSE96804;GSE30528;GSE104948_H7;GSE1009_donor_averaged,4.0,0.06297000704289239,0.011731667306386898,0.6980616874925819,0.17774915256168924,0.2127456248300076,-0.5027071267943657,0.6286471408801504,-0.6140815206626392,0.7400215347484239,0.7465791893246551,0.7865458660547121,-0.8326272211094352,0.9585672351952199,-0.964205480843651,1.0901454949294358,2.273116984705166,0.0,0.7865458660547121,1.0,False
TGIF2,small-sample glomerular sensitivity including donor-averaged GSE1009,GSE96804;GSE30528;GSE104948_H7;GSE1009_donor_averaged,GSE96804;GSE30528;GSE104948_H7;GSE1009_donor_averaged,4.0,-0.08691019515158142,0.0,0.8758602056355255,0.1896736845360677,0.20267010072812994,-0.6905365117129376,0.5167161214097749,-0.7318969084052954,0.5580765181021327,0.6779555613844368,0.6969782268796036,-0.9030101916823313,0.7291898013791686,-0.9589292572880681,0.7851088669849053,2.6275806169065765,0.0,0.6969782268796036,1.0,False
THBD,small-sample glomerular sensitivity including donor-averaged GSE1009,GSE96804;GSE30528;GSE104948_H7;GSE1009_donor_averaged,GSE96804;GSE30528;GSE104948_H7;GSE1009_donor_averaged,4.0,1.0986755213804076,2.1369713254467793,0.9893993229432522,0.7896479498447159,0.7938669240742549,-1.4143366790777632,3.611687721838578,-1.4277633380266466,3.625114380787462,0.2583453041967469,0.2603616919886088,-6.0500951847093125,8.247446227470128,-6.0587404380194805,8.256091480780295,23.8198623604646,87.40546878650609,0.2603616919886088,0.6831444904909687,False
THBS1,small-sample glomerular sensitivity including donor-averaged GSE1009,GSE96804;GSE30528;GSE104948_H7;GSE1009_donor_averaged,GSE96804;GSE30528;GSE104948_H7;GSE1009_donor_averaged,4.0,-0.2984002164010187,0.4326269170977719,1.2603382134299952,0.48259351897386116,0.48259351897386116,-1.834228177813246,1.2374277450112088,-1.834228177813246,1.2374277450112088,0.5801322029787537,0.5801322029787537,-3.808487915041404,3.211687482239366,-3.808487915041404,3.211687482239366,9.855965914388552,69.56158304463743,0.5801322029787537,0.9698177522168012,False
TIMP1,small-sample glomerular sensitivity including donor-averaged GSE1009,GSE96804;GSE30528;GSE104948_H7;GSE1009_donor_averaged,GSE96804;GSE30528;GSE104948_H7;GSE1009_donor_averaged,4.0,0.3593083516473138,2.305828015424093,1.037500358298897,0.8441358561948649,0.8441358561948649,-2.327108685057533,3.0457253883521607,-2.327108685057533,3.0457253883521607,0.6990512564452052,0.6990512564452052,-7.115915691470716,7.8345323947653425,-7.115915691470716,7.8345323947653425,21.79748696874352,86.23694555110023,0.6990512564452052,1.0,False
TIMP2,small-sample glomerular sensitivity including donor-averaged GSE1009,GSE96804;GSE30528;GSE104948_H7;GSE1009_donor_averaged,GSE30528;GSE104948_H7;GSE1009_donor_averaged,3.0,0.06814632866847324,3.9778285978058454,1.167335615370106,1.396643748321314,1.396643748321314,-5.9411267075337495,6.077419364870696,-5.9411267075337495,6.077419364870696,0.9655187111087785,0.9655187111087785,-30.86942016210394,31.005712819440884,-30.86942016210394,31.005712819440884,12.644627218235811,84.18300543399458,0.9655187111087785,1.0,False
TLL1,small-sample glomerular sensitivity including donor-averaged GSE1009,GSE96804;GSE30528;GSE104948_H7;GSE1009_donor_averaged,GSE96804;GSE30528;GSE104948_H7;GSE1009_donor_averaged,4.0,0.1295493579767338,0.0,1.1511395532063176,0.2191677835252847,0.2191677835252847,-0.5679403449405279,0.8270390608939956,-0.5679403449405279,0.8270390608939956,0.5960352809132679,0.5960352809132679,-0.8134535040814715,1.072552220034939,-0.8134535040814715,1.072552220034939,3.4534186596189524,13.129559555602283,0.5960352809132679,0.9783975365934774,False
TLL2,small-sample glomerular sensitivity including donor-averaged GSE1009,GSE96804;GSE30528;GSE104948_H7;GSE1009_donor_averaged,GSE30528;GSE104948_H7;GSE1009_donor_averaged,3.0,0.7573999552496921,0.3988539035396587,1.0741295716962016,0.5443751598691289,0.5443751598691289,-1.584857312369015,3.0996572228683994,-1.584857312369015,3.0996572228683994,0.29868670560975574,0.29868670560975574,-9.836848995396332,11.351648905895717,-9.836848995396332,11.351648905895717,4.227383560504102,52.68941246103758,0.29868670560975574,0.7166777369113722,False
TMPRSS6,small-sample glomerular sensitivity including donor-averaged GSE1009,GSE96804;GSE30528;GSE104948_H7;GSE1009_donor_averaged,GSE96804;GSE30528;GSE104948_H7;GSE1009_donor_averaged,4.0,0.4365124911943822,1.3973796415470527,0.9841042996472004,0.667549501800836,0.6729191868845255,-1.6879279544056685,2.5609529367944326,-1.705016688860793,2.578041671249557,0.5598270641771816,0.5627713289110137,-5.4046487666530885,6.2776737490418535,-5.41604405900241,6.289069041391175,16.817446707540228,82.16138244900797,0.5627713289110137,0.9537877717258089,False
TNC,small-sample glomerular sensitivity including donor-averaged GSE1009,GSE96804;GSE30528;GSE104948_H7;GSE1009_donor_averaged,GSE96804;GSE30528;GSE104948_H7;GSE1009_donor_averaged,4.0,1.3256939596674695,0.18769743678074555,1.597856032979757,0.42631787368173285,0.42631787368173285,-0.03103978230736759,2.6824277016423066,-0.03103978230736759,2.6824277016423066,0.05289646285824276,0.05289646285824276,-1.289541639844866,3.9409295591798053,-1.289541639844866,3.9409295591798053,6.546085957199441,54.17108758401539,0.05289646285824276,0.46872114987964925,False
TNFRSF10A,small-sample glomerular sensitivity including donor-averaged GSE1009,GSE96804;GSE30528;GSE104948_H7;GSE1009_donor_averaged,GSE96804,1.0,,,,,,,,,,,,,,,,,,1.0,1.0,False
TNFRSF10B,small-sample glomerular sensitivity including donor-averaged GSE1009,GSE96804;GSE30528;GSE104948_H7;GSE1009_donor_averaged,GSE96804;GSE30528;GSE104948_H7;GSE1009_donor_averaged,4.0,1.3329176426336098,1.7783463013914524,0.936607032211532,0.7197366790614567,0.743695114573108,-0.9576056924226888,3.623440977689908,-1.0338521269971215,3.699687412264341,0.1611119712216574,0.17099571631522914,-5.187222968861841,7.85305825412906,-5.23681001696058,7.902645302227799,19.246754574778848,84.41295654109274,0.17099571631522914,0.5933789592277746,False
TNFRSF10D,small-sample glomerular sensitivity including donor-averaged GSE1009,GSE96804;GSE30528;GSE104948_H7;GSE1009_donor_averaged,GSE96804;GSE30528;GSE104948_H7;GSE1009_donor_averaged,4.0,1.144253906742977,0.9447033601150501,0.948052135179215,0.5509901131955095,0.5658843661656241,-0.6092425432439241,2.897750356729878,-0.6566427035786264,2.9451505170645804,0.1294072202558911,0.13638424485450976,-3.662973242459027,5.9514810559449804,-3.6948982749391837,5.983406088425137,13.45684261258843,77.70650897563742,0.13638424485450976,0.5742797806989474,False
TNN,small-sample glomerular sensitivity including donor-averaged GSE1009,GSE96804;GSE30528;GSE104948_H7;GSE1009_donor_averaged,GSE96804;GSE30528;GSE104948_H7;GSE1009_donor_averaged,4.0,-0.23919534850224883,1.2011061044335647,0.9625924977881138,0.6063412677880986,0.618010553174406,-2.1688438759155226,1.6904531789110249,-2.2059807500784774,1.7275900530739798,0.7195911127510123,0.7245491577933382,-5.62826718391793,5.149876486913432,-5.65275181980141,5.174361122796912,16.061314902506727,81.32157909728933,0.7245491577933382,1.0,False
TNR,small-sample glomerular sensitivity including donor-averaged GSE1009,GSE96804;GSE30528;GSE104948_H7;GSE1009_donor_averaged,GSE96804;GSE30528;GSE104948_H7;GSE1009_donor_averaged,4.0,-0.2613867277495567,0.26480339303705114,0.9618970171685107,0.3482071678457098,0.35503683865575403,-1.3695373425334398,0.8467638870343264,-1.391272403169169,0.8684989476700555,0.507368324434837,0.5149374290920156,-2.9347562192647443,2.4119827637656313,-2.9513347063919033,2.4285612508927903,6.183541262076946,51.484111242230945,0.5149374290920156,0.9311686073419128,False
TNXB,small-sample glomerular sensitivity including donor-averaged GSE1009,GSE96804;GSE30528;GSE104948_H7;GSE1009_donor_averaged,GSE96804;GSE30528;GSE104948_H7,3.0,0.872210588117512,0.6010480734798748,0.983548348174641,0.501345926949866,0.5055215038412257,-1.2849068330221032,3.029328009257127,-1.302872890331991,3.047294066567015,0.2240336706736892,0.22660296313874465,-10.858829057205252,12.603250233440278,-10.88772384108989,12.632145017324913,9.85439035938485,79.70447762813357,0.22660296313874465,0.6478651561154543,False
TPSAB1,small-sample glomerular sensitivity including donor-averaged GSE1009,GSE96804;GSE30528;GSE104948_H7;GSE1009_donor_averaged,GSE30528;GSE104948_H7;GSE1009_donor_averaged,3.0,0.9810953586194785,0.030773023973024574,0.7905825362720458,0.30389167266424555,0.3417788555682951,-0.3264449763174676,2.2886356935564245,-0.4894603672620935,2.4516510845010506,0.08402738267161136,0.10295526617900698,-3.4773736063612666,5.439564323600224,-3.9002344354541143,5.8624251526930715,1.74593928994171,0.0,0.10295526617900698,0.5193621581883706,False
TRAPPC4,small-sample glomerular sensitivity including donor-averaged GSE1009,GSE96804;GSE30528;GSE104948_H7;GSE1009_donor_averaged,GSE104948_H7,1.0,,,,,,,,,,,,,,,,,,1.0,1.0,False
TREM1,small-sample glomerular sensitivity including donor-averaged GSE1009,GSE96804;GSE30528;GSE104948_H7;GSE1009_donor_averaged,GSE96804;GSE30528;GSE104948_H7,3.0,-0.7029455288313491,1.0012583476127805,0.9756704847051596,0.6151368018121691,0.6227591636786716,-3.3496655683178322,1.943774510655134,-3.382461944409877,1.976570886747179,0.37149739690926104,0.37618522234087576,-15.62747226971939,14.221581212056691,-15.678421096311254,14.272530038648554,16.47645603481446,87.86146732177093,0.37618522234087576,0.7948657512094894,False
TRIM33,small-sample glomerular sensitivity including donor-averaged GSE1009,GSE96804;GSE30528;GSE104948_H7;GSE1009_donor_averaged,GSE96804;GSE30528;GSE104948_H7;GSE1009_donor_averaged,4.0,0.0469395934055915,0.22631691100276477,0.9219452821039104,0.3258124282819895,0.33932438728022474,-0.9899409651959389,1.0838201520071218,-1.0329420491870178,1.1268212359982006,0.894579317116513,0.8987410116091663,-2.4339814973589196,2.5278606841701023,-2.4672898623013584,2.561169049112541,6.221210065045056,51.777870082606306,0.8987410116091663,1.0,False
TSPAN7,small-sample glomerular sensitivity including donor-averaged GSE1009,GSE96804;GSE30528;GSE104948_H7;GSE1009_donor_averaged,GSE96804;GSE30528;GSE104948_H7;GSE1009_donor_averaged,4.0,-0.7808333947675564,0.0,0.5059575694337572,0.14850626937955214,0.2087794453678792,-1.253446623065979,-0.3082201664691337,-1.4452627692977453,-0.11640402023736751,0.013402357597529016,0.03334474896759204,-1.4198043000983953,-0.14186248943671753,-1.6791388452952405,0.11747205576012765,1.5178727083012717,0.0,0.03334474896759204,0.44789906593284123,False
TTR,small-sample glomerular sensitivity including donor-averaged GSE1009,GSE96804;GSE30528;GSE104948_H7;GSE1009_donor_averaged,GSE96804;GSE30528;GSE104948_H7;GSE1009_donor_averaged,4.0,0.05723658664708114,0.3118637890713603,0.7618863231965839,0.32472712935338094,0.37202616431036506,-0.9761900663889708,1.090663239683133,-1.1267167054313096,1.241189878725472,0.8713162340955375,0.8874940506443184,-2.722262082749978,2.8367352560441406,-2.8299275744599437,2.944400747754106,8.03191662328975,62.649014666050576,0.8874940506443184,1.0,False
UBA52,small-sample glomerular sensitivity including donor-averaged GSE1009,GSE96804;GSE30528;GSE104948_H7;GSE1009_donor_averaged,GSE96804;GSE30528;GSE104948_H7,3.0,0.3604527773625967,0.7785488186667758,0.9573634775030821,0.5484804246106477,0.5605607742646825,-1.9994680188025507,2.720373573527744,-2.0514455682178117,2.7723511229430047,0.578579981656235,0.5860917424543048,-12.840429274776312,13.561334829501504,-12.922103404413916,13.643008959139108,13.831663107852265,85.54042283704412,0.5860917424543048,0.9739934456774502,False
UBB,small-sample glomerular sensitivity including donor-averaged GSE1009,GSE96804;GSE30528;GSE104948_H7;GSE1009_donor_averaged,GSE96804;GSE30528;GSE104948_H7;GSE1009_donor_averaged,4.0,-0.7442804416659126,0.5752337996538183,0.9458203491500763,0.450934770248488,0.46367042658011515,-2.179356135167171,0.6907952518353457,-2.2198866776051207,0.7313257942732956,0.19739975581061692,0.20679674078628466,-4.540810057856289,3.0522491745244635,-4.569104132283982,3.0805432489521576,10.654745730764787,71.84353267729587,0.20679674078628466,0.6364403060211472,False
UBC,small-sample glomerular sensitivity including donor-averaged GSE1009,GSE96804;GSE30528;GSE104948_H7;GSE1009_donor_averaged,GSE96804;GSE30528;GSE1009_donor_averaged,3.0,-1.0251254745190268,0.7666960623972364,1.122917825320668,0.6432764429525842,0.6432764429525842,-3.7929206177724875,1.7426696687344339,-3.7929206177724875,1.7426696687344339,0.25205025222634464,0.25205025222634464,-14.830524478035201,12.78027352899715,-14.830524478035201,12.78027352899715,6.975990980987414,71.33023816328227,0.25205025222634464,0.6758744777165338,False
UBE2D1,small-sample glomerular sensitivity including donor-averaged GSE1009,GSE96804;GSE30528;GSE104948_H7;GSE1009_donor_averaged,GSE96804;GSE30528;GSE104948_H7;GSE1009_donor_averaged,4.0,0.0299219273071966,0.15873720939963162,0.7785344920649727,0.2705767275454298,0.306656031329139,-0.8311739795655129,0.891017834179906,-0.9459944265891868,1.00583828120358,0.9189279613493382,0.9284235201722277,-2.0422821505407196,2.102126005155113,-2.1333119087320758,2.193155763346469,5.0489333632725,40.58150931792988,0.9284235201722277,1.0,False
UBE2D2,small-sample glomerular sensitivity including donor-averaged GSE1009,GSE96804;GSE30528;GSE104948_H7;GSE1009_donor_averaged,GSE96804;GSE30528;GSE104948_H7;GSE1009_donor_averaged,4.0,0.16900538084897535,0.1719436927840593,0.8990452701705772,0.2970244356685247,0.31325744335922784,-0.7762589370232995,1.1142696987212501,-0.8279196123722197,1.1659303740701703,0.6091707728319836,0.6270056361571839,-2.0256309963535655,2.363641758051516,-2.0670245787692534,2.405035340467204,4.956143098798108,39.46906010991659,0.6270056361571839,1.0,False
UBE2D3,small-sample glomerular sensitivity including donor-averaged GSE1009,GSE96804;GSE30528;GSE104948_H7;GSE1009_donor_averaged,GSE96804;GSE30528;GSE104948_H7;GSE1009_donor_averaged,4.0,0.18142269074468148,0.0,0.9545127844272633,0.198780396960358,0.20346170463266294,-0.4511852491246387,0.8140306306140017,-0.4660832594302618,0.8289286409196248,0.4287069497041849,0.43825801917933566,-0.6738603268574845,1.0367057083468476,-0.6940023680925245,1.0568477495818873,2.8635383532817897,0.0,0.43825801917933566,0.8578900725435495,False
UBE2M,small-sample glomerular sensitivity including donor-averaged GSE1009,GSE96804;GSE30528;GSE104948_H7;GSE1009_donor_averaged,GSE96804;GSE30528;GSE104948_H7;GSE1009_donor_averaged,4.0,-0.36488058395196193,0.5012519942696378,0.8553104499202296,0.40494168345507964,0.43785528383738875,-1.653585748318945,0.9238245804150209,-1.758331514249209,1.028570346345285,0.4339638551195473,0.46579688036418976,-3.8741937888626823,3.1444326209587588,-3.9466141352331374,3.216852967329214,11.595102592714673,74.12700770853954,0.46579688036418976,0.8796333734831719,False
UCHL5,small-sample glomerular sensitivity including donor-averaged GSE1009,GSE96804;GSE30528;GSE104948_H7;GSE1009_donor_averaged,GSE96804;GSE30528;GSE104948_H7,3.0,-0.23134347734908153,0.16718790576143783,0.9099247870481327,0.30789252709347553,0.3227724065949006,-1.5560980995172842,1.0934111448191213,-1.6201210536724338,1.1574340989742709,0.5308075602701801,0.5479329073119866,-6.734955929227918,6.272268974529754,-6.850409483793009,6.387722529094845,4.326948727088781,53.77805178325692,0.5479329073119866,0.9453366921446122,False
USP15,small-sample glomerular sensitivity including donor-averaged GSE1009,GSE96804;GSE30528;GSE104948_H7;GSE1009_donor_averaged,GSE96804;GSE104948_H7,2.0,0.33365598412254077,0.15281435208010596,1.000000000075388,0.3731905600318087,0.3731905600318087,-4.408179677249313,5.075491645494395,-4.408179677249313,5.075491645494395,0.5355696685243961,0.5355696685243961,,,,,2.105023400251328,52.49458985203653,0.5355696685243961,0.9446529167894735,False
USP9X,small-sample glomerular sensitivity including donor-averaged GSE1009,GSE96804;GSE30528;GSE104948_H7;GSE1009_donor_averaged,GSE96804;GSE30528;GSE104948_H7;GSE1009_donor_averaged,4.0,-0.6732100606145369,3.122367953796166,1.4949039120337835,1.2246937328746366,1.2246937328746366,-4.570732105905536,3.2243119846764623,-4.570732105905536,3.2243119846764623,0.6208039210020451,0.6208039210020451,-9.923655960395289,8.577235839166216,-9.923655960395289,8.577235839166216,21.709310248598303,86.1810441435204,0.6208039210020451,1.0,False
UTRN,small-sample glomerular sensitivity including donor-averaged GSE1009,GSE96804;GSE30528;GSE104948_H7;GSE1009_donor_averaged,GSE96804;GSE30528;GSE104948_H7;GSE1009_donor_averaged,4.0,-0.10832703527229247,0.6089941765873327,0.9289386406940201,0.4592208914659649,0.4764618394951101,-1.569772864627243,1.3531187940826581,-1.6246412559821846,1.4079871854375996,0.8287028748322046,0.834759073584028,-4.004254951155958,3.787600880611373,-4.04239671026923,3.8257426397246452,12.75532251168388,76.4804065341978,0.834759073584028,1.0,False
VCAM1,small-sample glomerular sensitivity including donor-averaged GSE1009,GSE96804;GSE30528;GSE104948_H7;GSE1009_donor_averaged,GSE96804;GSE30528;GSE104948_H7;GSE1009_donor_averaged,4.0,0.9186651428806898,0.09473699247632807,1.282403885498513,0.3182036214346665,0.3182036214346665,-0.09400079648196025,1.9313310822433398,-0.09400079648196025,1.9313310822433398,0.06316544217410097,0.06316544217410097,-0.9861544382996603,2.82348472406104,-0.9861544382996603,2.82348472406104,5.054025183835007,40.64137215629004,0.06316544217410097,0.4710337259268672,False
VCAN,small-sample glomerular sensitivity including donor-averaged GSE1009,GSE96804;GSE30528;GSE104948_H7;GSE1009_donor_averaged,GSE96804;GSE30528;GSE104948_H7;GSE1009_donor_averaged,4.0,1.1965795315112038,0.0,0.8644798160918126,0.203087178664891,0.21842637456013422,0.5502654901186291,1.8428935729037783,0.5014493228157894,1.8917097402066183,0.009758764571072697,0.011961100896640113,0.32276592785159375,2.070393135170814,0.25676669476076386,2.1363923682616437,2.5934394482754377,0.0,0.011961100896640113,0.44789906593284123,False
VEGFA,small-sample glomerular sensitivity including donor-averaged GSE1009,GSE96804;GSE30528;GSE104948_H7;GSE1009_donor_averaged,GSE96804;GSE30528;GSE104948_H7;GSE1009_donor_averaged,4.0,-1.1283114355173367,0.16776939685355494,0.8465855429449257,0.3007900723556063,0.326909901129682,-2.085559689951455,-0.17106318108321839,-2.1686846425281554,-0.087938228506518,0.03308997633029324,0.04089367962314554,-3.314821443324881,1.0581985722902074,-3.3831620746321622,1.126539203597489,4.534240934285824,33.83677569236798,0.04089367962314554,0.44789906593284123,False
VHL,small-sample glomerular sensitivity including donor-averaged GSE1009,GSE96804;GSE30528;GSE104948_H7;GSE1009_donor_averaged,GSE96804;GSE30528;GSE1009_donor_averaged,3.0,0.5240523933688187,0.0,1.356161389139185,0.2697146183755125,0.2697146183755125,-0.6364359456379146,1.684540732375552,-0.6364359456379146,1.684540732375552,0.19148784901734012,0.19148784901734012,-2.9029967680496687,3.951101554787306,-2.9029967680496687,3.951101554787306,2.71232277827837,26.262463449520286,0.19148784901734012,0.6077446457008835,False
VPREB1,small-sample glomerular sensitivity including donor-averaged GSE1009,GSE96804;GSE30528;GSE104948_H7;GSE1009_donor_averaged,GSE96804;GSE30528;GSE104948_H7,3.0,0.5658053236362096,0.0394131027831658,1.12711294012322,0.2596920005635816,0.2596920005635816,-0.5515591714827836,1.6831698187552027,-0.5515591714827836,1.6831698187552027,0.1612086998287143,0.1612086998287143,-3.5876475379890325,4.7192581852614515,-3.5876475379890325,4.7192581852614515,2.7604690334859514,27.54854426045209,0.1612086998287143,0.5933789592277746,False
VPREB3,small-sample glomerular sensitivity including donor-averaged GSE1009,GSE96804;GSE30528;GSE104948_H7;GSE1009_donor_averaged,GSE96804;GSE30528;GSE104948_H7,3.0,0.09762651076605011,0.0626183733458318,1.1472426430969418,0.2773239359636192,0.2773239359636192,-1.095602079332681,1.2908551008647813,-1.095602079332681,1.2908551008647813,0.7584479272631549,0.7584479272631549,-4.648560887408544,4.843813908940644,-4.648560887408544,4.843813908940644,3.0981677239298824,35.44571571925446,0.7584479272631549,1.0,False
VTN,small-sample glomerular sensitivity including donor-averaged GSE1009,GSE96804;GSE30528;GSE104948_H7;GSE1009_donor_averaged,GSE104948_H7,1.0,,,,,,,,,,,,,,,,,,1.0,1.0,False
VWF,small-sample glomerular sensitivity including donor-averaged GSE1009,GSE96804;GSE30528;GSE104948_H7;GSE1009_donor_averaged,GSE96804;GSE30528;GSE104948_H7;GSE1009_donor_averaged,4.0,1.1438822972578635,0.0,0.6190320748735817,0.17083940957598734,0.2171358262523927,0.6001950494559125,1.6875695450598145,0.45285918925621127,1.8349054052595157,0.00679628725488594,0.013331214103145776,0.40881964529695525,1.8789449492187718,0.20962224170660115,2.0781423528091256,1.8570962246207452,0.0,0.013331214103145776,0.44789906593284123,False
WTIP,small-sample glomerular sensitivity including donor-averaged GSE1009,GSE96804;GSE30528;GSE104948_H7;GSE1009_donor_averaged,GSE96804,1.0,,,,,,,,,,,,,,,,,,1.0,1.0,False
WWTR1,small-sample glomerular sensitivity including donor-averaged GSE1009,GSE96804;GSE30528;GSE104948_H7;GSE1009_donor_averaged,GSE96804;GSE30528;GSE104948_H7;GSE1009_donor_averaged,4.0,-0.8740972928271794,0.5836740775373609,0.840129424110491,0.4321116990748647,0.47143619941305076,-2.249269573017848,0.5010749873634891,-2.374417683826236,0.6262230981718772,0.13628064729568884,0.16076609849448711,-4.650627038121548,2.9024324524671887,-4.736734538074378,2.988539952420019,11.0404675012338,72.82723761774814,0.16076609849448711,0.5933789592277746,False
XCL1,small-sample glomerular sensitivity including donor-averaged GSE1009,GSE96804;GSE30528;GSE104948_H7;GSE1009_donor_averaged,GSE96804;GSE30528;GSE104948_H7;GSE1009_donor_averaged,4.0,0.309144870837968,0.34929407373262794,1.0166438568191103,0.39677934743337845,0.39677934743337845,-0.9535840974142678,1.5718738390902038,-0.9535840974142678,1.5718738390902038,0.49271285088148287,0.49271285088148287,-2.753690924805025,3.371980666480961,-2.753690924805025,3.371980666480961,7.081594526340658,57.63665952856779,0.49271285088148287,0.9013882295331801,False
XCL2,small-sample glomerular sensitivity including donor-averaged GSE1009,GSE96804;GSE30528;GSE104948_H7;GSE1009_donor_averaged,GSE96804;GSE1009_donor_averaged,2.0,0.12817741164035193,0.0,0.629953229964757,0.21034807779393624,0.265023505516416,-2.544548330670204,2.800903153950908,-3.2392655093499534,3.4956203326306574,0.6515955522407477,0.7132164333938468,,,,,0.629953229964757,0.0,0.7132164333938468,1.0,False
XCR1,small-sample glomerular sensitivity including donor-averaged GSE1009,GSE96804;GSE30528;GSE104948_H7;GSE1009_donor_averaged,GSE96804;GSE30528;GSE104948_H7,3.0,0.0729822329527379,0.1642146160605613,0.9096252815763434,0.3061319224956334,0.3209795454291989,-1.24419711903655,1.3901615849420257,-1.308081284381946,1.4540457502874218,0.8337702374173137,0.841261234652682,-6.380110875270791,6.526075341176266,-6.495553991523358,6.641518457428833,4.283520846285203,53.30943698489388,0.841261234652682,1.0,False
XPO1,small-sample glomerular sensitivity including donor-averaged GSE1009,GSE96804;GSE30528;GSE104948_H7;GSE1009_donor_averaged,GSE96804;GSE30528;GSE104948_H7;GSE1009_donor_averaged,4.0,0.07705692357620078,0.7230349024410435,0.9056418333535636,0.48044490571299203,0.5048534811154363,-1.45193319150249,1.6060470386548917,-1.5296121721092375,1.6837260192616392,0.8827677913201427,0.8883760751324509,-4.125166283872786,4.279280131025188,-4.177811842850938,4.33192569000334,14.0772848597761,78.68907228998337,0.8883760751324509,1.0,False
YBX1,small-sample glomerular sensitivity including donor-averaged GSE1009,GSE96804;GSE30528;GSE104948_H7;GSE1009_donor_averaged,GSE96804;GSE30528;GSE1009_donor_averaged,3.0,0.8502304448178443,0.2505824692742888,0.685740657158311,0.3465337996144446,0.4184712736772362,-0.6407841540436988,2.3412450436793875,-0.9503061231912501,2.6507670128269387,0.13361830594130403,0.1792500904059554,-6.8856273973063455,8.586088286942035,-7.44002703017974,9.14048791981543,3.504177306880141,42.925262483916626,0.1792500904059554,0.5947202766266613,False
YES1,small-sample glomerular sensitivity including donor-averaged GSE1009,GSE96804;GSE30528;GSE104948_H7;GSE1009_donor_averaged,GSE96804;GSE30528;GSE104948_H7;GSE1009_donor_averaged,4.0,-0.4799809368468287,0.8998407305646087,1.0047239376426076,0.5520795401277094,0.5520795401277094,-2.236944429548986,1.2769825558553287,-2.236944429548986,1.2769825558553287,0.44859715692324403,0.44859715692324403,-5.202389873723981,4.242428000030324,-5.202389873723981,4.242428000030324,12.442518517228509,75.88912569552494,0.44859715692324403,0.8640367241479853,False
ZFYVE9,small-sample glomerular sensitivity including donor-averaged GSE1009,GSE96804;GSE30528;GSE104948_H7;GSE1009_donor_averaged,GSE96804;GSE30528;GSE104948_H7;GSE1009_donor_averaged,4.0,-0.6679895733017329,0.5412708153825554,0.946323200169041,0.4493537497078476,0.46192197813895736,-2.0980337538248524,0.7620546072213865,-2.1380314659593993,0.8020523193559335,0.23383576165836487,0.2439254265959774,-4.377239607397159,3.0412604607936924,-4.40571152634843,3.0697323797449645,9.529272898827065,68.51805975281428,0.2439254265959774,0.6725127078332758,False
