uid,accession,title,summary,organism,entry_type,gds_type,platform_ids,publication_date,n_samples,pubmed_ids,bioproject,ftp_link,matched_queries,priority_screen,priority_reason,final_decision,final_exclusion_reason
200100185,GSE100185,Sirt6 Deficiency Exacerbates Podocyte Injury and Proteinuria through Targeting Notch Signaling,"Podocyte injury is a major determinant in proteinuric kidney disease and identification of potential therapeutic targets for preventing podocyte injury has clinical importance. Here, we show that histone deacetylase Sirt6 protects against podocyte injury through epigenetic regulation of Notch signaling. Sirt6 is downregulated in renal biopsies from patients with podocytopathies and its expression negatively correlates withglomerular filtration rate. Podocyte-specific deletion of Sirt6 exacerbates podocyte injury and proteinuria in two independent mouse models including diabetic nephropathy and adriamycin-induced nephropathy. Sirt6 has pleiotropic protective actions in podocytes including anti-inflammatory and anti-apoptotic effects, is involved in actin cytoskeleton maintenance, and promotes autophagy. Sirt6 also reduces urokinase plasminogen activator receptor expression, which is a key factor for podocyte foot process effacement and proteinuria. Mechanistically, Sirt6 inhibits Notch1 and Notch4 transcription by deacetylating the histone H3K9. We suggest Sirt6 as a potential therapeutic target in proteinuric kidney disease.",Homo sapiens,GSE,Expression profiling by array,6480,2017/06/20,4,28871079,PRJNA390937,ftp://ftp.ncbi.nlm.nih.gov/geo/series/GSE100nnn/GSE100185/,Q1_disease_phrases;Q2_broad_diabetes_kidney,True,priority human review,PENDING_HUMAN_REVIEW,
200001009,GSE1009,Diabetic nephropathy,Gene expression profiling in glomeruli from human kidneys with diabetic nephropathy Keywords = Diabetes Keywords = kidney Keywords = glomeruli Keywords: other,Homo sapiens,GSE,Expression profiling by array,8300,2004/04/01,6,15042541,PRJNA87073,ftp://ftp.ncbi.nlm.nih.gov/geo/series/GSE1nnn/GSE1009/,Q1_disease_phrases;Q2_broad_diabetes_kidney,True,priority human review,PENDING_HUMAN_REVIEW,
200104948,GSE104948,Glomerular Transcriptome from European Renal cDNA Bank subjects and living donors,"summary : Glomerular Transcriptome from European Renal cDNA Bank subjects and living donors. Samples included in this analysis have been previously analyzed using older CDF definitions and are included under previous GEO submissions - GSE47183 (chronic kidney disease samples), and GSE32591 (IgA nephropathy samples).  ",Homo sapiens,GSE,Expression profiling by array,24120;22945,2018/01/24,196,29724730;40059827,PRJNA414218,ftp://ftp.ncbi.nlm.nih.gov/geo/series/GSE104nnn/GSE104948/,Q1_disease_phrases;Q2_broad_diabetes_kidney,False,disease wording not explicit,PENDING_HUMAN_REVIEW,
200104954,GSE104954,Tubulointerstitial transcriptome from ERCB subjects with chronic kidney disease and living donor biopsies.,"summary : Tubulointerstitial transcriptome from ERCB subjects with chronic kidney disease and living donor biopsies. Samples included in this analysis have been previously analyzed using older CDF definitions and are included under previous GEO submissions - GSE47184 (chronic kidney disease samples), and GSE32591 (IgA nephropathy samples).  ",Homo sapiens,GSE,Expression profiling by array,22945;24120,2018/01/24,195,29724730;40059827,PRJNA414229,ftp://ftp.ncbi.nlm.nih.gov/geo/series/GSE104nnn/GSE104954/,Q1_disease_phrases;Q2_broad_diabetes_kidney,False,disease wording not explicit,PENDING_HUMAN_REVIEW,
200106902,GSE106902,DNA methylation profiling of genomic DNA isolated from urine in Diabetic Chronic-Kidney Disease: a pilot study,"Genome wide DNA methylation profiling of urine and blood samples from patients with diabetic chronic kidney disease. The Illumina Infinium MethylationEPIC BeadChip kit was used to obtain DNA methylation profiles across approximately 850,000 CpGs. Samples included two urine and four buffy coat samples from adults with diabetic chronic kidney disease.",Homo sapiens,GSE,Methylation profiling by genome tiling array,23976,2017/11/16,6,29462136,PRJNA418411,ftp://ftp.ncbi.nlm.nih.gov/geo/series/GSE106nnn/GSE106902/,Q2_broad_diabetes_kidney,False,disease wording not explicit; renal tissue wording not explicit; not a bulk-expression GEO type,PENDING_HUMAN_REVIEW,
200107375,GSE107375,High-resolution map of copy number variations in motor cortex of Control and Sporadic Amyotrphic Lateral Sclerosis patients by using a customized exon-centric comparative genomic hybridization array.,"Amyotrophic lateral sclerosis (ALS) is an incurable and fatal neurodegenerative disease. Increasing the chances of success for future clinical strategies requires more in-depth knowledge of the molecular basis underlying disease heterogeneity. We recently laid the foundation for a molecular taxonomy of ALS by whole transcriptome expression profiling of motor cortex from sporadic ALS (SALS) patients. Here, we analyzed genomic structural aberrations occurring in the same patients, by using a customized exon-centered comparative genomic hybridization array (aCGH) covering a large panel of ALS-related genes. Integrative analysis of copy number profiles with their associated transcriptomic data revealed subtype-specific genomic perturbations and candidate driver genes positively correlated with transcriptional signatures, which might represent novel potential biomarkers and therapeutic targets. This study represents the first comprehensive “omics” analysis of molecular events characterizing SALS pathology, providing a road map to facilitate genome-guided personalized diagnosis and treatments for this devastating disease.",Homo sapiens,GSE,Genome variation profiling by array,24311,2018/12/31,40,31292500,PRJNA419922,ftp://ftp.ncbi.nlm.nih.gov/geo/series/GSE107nnn/GSE107375/,Q2_broad_diabetes_kidney,False,disease wording not explicit; renal tissue wording not explicit; not a bulk-expression GEO type,PENDING_HUMAN_REVIEW,
200110786,GSE110786,Preeclamptic placentae release factors that damage neurons in vitro,"Prenatal development is a critical period for programming of neurological disease. Preeclampsia, a pregnancy complication involving oxidative stress in the placenta, has been associated with long-term health implications for the child, including an increased risk of developing schizophrenia and autism spectrum disorders in later life. We have shown previously, in a rodent model of placental oxidative stress, that culture medium conditioned by the placenta alters neuronal characteristics when applied to primary cortical cultures in vitro and mimics many of the neurodevelopmental changes observed in the offspring brain. To further investigate if molecules released by the placenta may be important mediators in foetal programming of the brain, we analysed if placental tissue delivered from patients with preeclampsia secreted molecules that could affect cortical cells in culture. Application of culture medium conditioned by preeclamptic placentae to mixed cortical cultures caused changes in neurons and astrocytes that were related to key changes observed in brains of patients with schizophrenia and autism, including effects on dendrite lengths, astrocyte number as well as glutamate and GABA receptors. Treatment of the placental explants with an antioxidant prevented neuronal abnormalities. Furthermore, we identified that bidirectional communication between neurons and astrocytes, potentially via glutamate, is required to produce the effects of preeclamptic placenta medium on cortical cells. Analysis of possible signalling molecules in the placenta conditioned medium showed that the secretion profile of extracellular microRNA, small posttranscriptional regulators, was altered in preeclampsia and partially rescued by antioxidant treatment of the placental explants. Predicted targets of these differentially abundant microRNAs were linked to neurodevelopment and the placenta. The presented study provides further evidence that the diseased placenta may release factors that damage cortical cells in the brain and suggests the possibility of targeted antioxidant treatment of the placenta to prevent neurodevelopmental disorders.",Homo sapiens,GSE,Other,24452,2019/02/11,23,32714596,PRJNA434556,ftp://ftp.ncbi.nlm.nih.gov/geo/series/GSE110nnn/GSE110786/,Q2_broad_diabetes_kidney,False,disease wording not explicit; renal tissue wording not explicit; not a bulk-expression GEO type,PENDING_HUMAN_REVIEW,
200111154,GSE111154,RNA Expression data for early diabetic nephropathy (EDN),"There is a temporal window from the time diabetes is diagnosed to the appearance of overt kidney disease during which time the disease progresses quietly without detection.  Currently, there is no way to detect early diabetic nephropathy (EDN). Here we performed an unbiased assessment of gene-expression analysis of postmortem human kidneys using microarrays to identify candidate genes that may contribute to EDN.",Homo sapiens,GSE,Expression profiling by array,17586,2018/07/03,8,30253844,PRJNA436020,ftp://ftp.ncbi.nlm.nih.gov/geo/series/GSE111nnn/GSE111154/,Q1_disease_phrases;Q2_broad_diabetes_kidney,False,renal tissue wording not explicit,PENDING_HUMAN_REVIEW,
200114477,GSE114477,"Association of Elevated Urinary miR-126, miR-155 and miR-29b with Diabetic Kidney Disease",TaqMan®Array  Human  MicroRNA  Cards  were used to profile the differential expression of human microRNAs in patients with CKD versus heathy controls,Homo sapiens,GSE,Expression profiling by RT-PCR,15634,2018/06/16,8,29981742;34389752,PRJNA471530,ftp://ftp.ncbi.nlm.nih.gov/geo/series/GSE114nnn/GSE114477/,Q1_disease_phrases;Q2_broad_diabetes_kidney,False,renal tissue wording not explicit; not a bulk-expression GEO type,PENDING_HUMAN_REVIEW,
200114569,GSE114569,Cellular recruitment by podocyte-derived pro-migratory factors in assembly of the human renal filter,"Analysis of monogenic kidney disease-causing genes, and secondary pathology resulting from systemic diseases including diabetes and hypertension, highlight the importance of the kidney’s filtering system, the renal corpuscles. To elucidate the developmental processes that establish the renal corpuscle, we employed single-nucleus droplet-based sequencing to capture single nuclei from the human fetal kidney. This enabled the identification of distinct cell types of the nephron (podocytes), interstitial (mesangial cells) and vascular (glomerulus) lineages that together generate the renal corpuscles. Computational trajectory analysis identified transient gene expression in the development of these cell types, predicting early precursors or mature podocytes express FBLN2, BMP4 or NTN4, in conjunction with recruitment, differentiation, and modeling of vascular and mesangial cell types into a functional filter. In vitro studies provide evidence these factors exhibit angiogenic or mesangial recruiting and inductive properties consistent with a key organizing role for podocyte precursors in kidney development. Together these studies define a spatiotemporal developmental program for the primary filtration unit of the human kidney and provide novel insights into cell interactions regulating co-assembly of constituent cell types.  ",Homo sapiens,GSE,Expression profiling by high throughput sequencing,16791,2019/10/03,17,31622881,PRJNA471814,ftp://ftp.ncbi.nlm.nih.gov/geo/series/GSE114nnn/GSE114569/,Q2_broad_diabetes_kidney,False,disease wording not explicit; renal tissue wording not explicit,PENDING_HUMAN_REVIEW,
200120466,GSE120466,Gene expression perturbation upon over-expression of a new PPARG isoform,"PPARγ regulates glucose and lipid homeostasis, insulin signaling and adipocyte differentiation. Here we report the skipping of exon 5 as legitimate splicing event generating PPARγΔ5, a new truncated isoform lacking the ligand binding domain. PPARγΔ5 is endogenously expressed in human adipose tissue and during adipocyte differentiation, lacks the ligand-dependent transactivation ability and acts as dominant negative reducing PPARγ activity. Ligand-mediated PPARγ activation induces exon 5 skipping in a negative feedback loop, suggesting alternative splicing as a new mechanism regulating PPARγ activity. PPARγΔ5 over-expression modifies PPARγ-induced transcriptional network, significantly impairing the differentiation ability of adipocyte precursor cells. Additionally, PPARγΔ5 expression in subcutaneous adipose tissue positively correlates with BMI in two independent cohorts of obese and diabetic patients. From a functional perspective, PPARγΔ5 mimics PPARG dominant negative mutated receptors, possibly contributing to adipose tissue dysfunctions. These findings open unexplored scenario in PPARG regulation and PPARγ-related diseases.",Homo sapiens,GSE,Expression profiling by high throughput sequencing,11154,2018/10/14,3,,PRJNA493099,ftp://ftp.ncbi.nlm.nih.gov/geo/series/GSE120nnn/GSE120466/,Q2_broad_diabetes_kidney,False,disease wording not explicit; renal tissue wording not explicit,PENDING_HUMAN_REVIEW,
200121221,GSE121221,MicroRNA arrays for early diagnosis of diabetic kidney disease,"We collected the mid-morning urine samples, and centrifuged at 2000g for ten minutes in order to remove cells and debris, and then stored in -80 degree refrigerator. we selected 2 samples per group for the microRNA arrays in the following four groups: normal control, IGT with renal impairment, diabetes, diabetic kidney disease. In IGT renal impairment group, we have found that the expression of two microRNAs were changed. Expression of mir-7977 and mir-5100 were quantified in an extended populations by real-time PCR and the result was consistent with the microRNA arrays. Therefore, mir-7977 and mir-5100 may be sensitive biomarkers for renal impairment in IGT patients.",Homo sapiens,GSE,Non-coding RNA profiling by array,20712,2020/06/05,8,32523663,PRJNA496398,ftp://ftp.ncbi.nlm.nih.gov/geo/series/GSE121nnn/GSE121221/,Q1_disease_phrases;Q2_broad_diabetes_kidney,False,renal tissue wording not explicit; not a bulk-expression GEO type,PENDING_HUMAN_REVIEW,
200121346,GSE121346,A MAFG-lncRNA axis links systemic nutrient abundance to hepatic glucose metabolism.,This SuperSeries is composed of the SubSeries listed below.,Homo sapiens; Mus musculus,GSE,Expression profiling by high throughput sequencing,17021;21103;20301,2019/12/18,73,32005828,PRJNA497091,ftp://ftp.ncbi.nlm.nih.gov/geo/series/GSE121nnn/GSE121346/,Q2_broad_diabetes_kidney,False,disease wording not explicit; renal tissue wording not explicit,PENDING_HUMAN_REVIEW,
200121862,GSE121862,A single-nucleus RNA-sequencing pipeline to decipher the molecular anatomy and pathophysiology of human kidneys,"Defining cellular and molecular identities within the kidney is necessary to understand its organization and function in health and disease. Here we demonstrate a reproducible method with minimal artifacts for single-nucleus Droplet-based RNA sequencing (snDrop-Seq) that we use to resolve thirty distinct cell populations in human adult kidney. We define molecular transition states along more than ten nephron segments spanning two major kidney regions. We further delineate cell type-specific expression of genes associated with chronic kidney disease, diabetes and hypertension, providing insight into possible targeted therapies. This includes expression of a hypertension-associated mechano-sensory ion channel in mesangial cells, and identification of proximal tubule cell populations defined by pathogenic expression signatures. Our fully optimized, quality-controlled transcriptomic profiling pipeline constitutes a tool for the generation of healthy and diseased molecular atlases applicable to clinical samples.",Homo sapiens,GSE,Expression profiling by high throughput sequencing,16791,2019/05/24,47,31249312,PRJNA498680,ftp://ftp.ncbi.nlm.nih.gov/geo/series/GSE121nnn/GSE121862/,Q2_broad_diabetes_kidney,False,disease wording not explicit; renal tissue wording not explicit,PENDING_HUMAN_REVIEW,
200129666,GSE129666,RNA sequence data in whole cell extracts of differentiated human podocytes,"Sphingomyelin phosphodiesterase acid-like 3b (SMPDL3b) is a lipid raft enzyme that regulates plasma membrane (PM) fluidity. Here we report that SMPDL3b excess, as observed in podocytes in diabetic kidney disease (DKD), impairs insulin receptor isoform B-dependent pro-survival insulin signaling by interfering with insulin receptor isoforms binding to caveolin-1 in PM. SMPDL3b excess affects the production of active sphingolipids resulting in decreased ceramide-1-phosphate (C1P) content as observed in human podocytes in vitro and in kidney cortexes of diabetic db/db mice in vivo.  Podocyte-specific Smpdl3b deficiency in db/db mice is sufficient to restore kidney cortex C1P content and to protect from DKD. Exogenous administration of C1P restores IR signaling in vitro and prevents established DKD progression in vivo. Taken together, we identified SMPDL3b as a modulator of insulin signaling and demonstrated that supplementation with exogenous C1P may represent a lipid therapeutic strategy to treat diabetic complications such as DKD.",Homo sapiens,GSE,Expression profiling by high throughput sequencing,21290,2019/04/12,6,31217420,PRJNA532413,ftp://ftp.ncbi.nlm.nih.gov/geo/series/GSE129nnn/GSE129666/,Q1_disease_phrases;Q2_broad_diabetes_kidney,False,renal tissue wording not explicit,PENDING_HUMAN_REVIEW,
200131882,GSE131882,The Single Cell Transcriptomic Landscape of Early Human Diabetic Nephropathy,We report the early transcriptional changes in human diabetic nephropathy by single nucleus RNA sequencing,Homo sapiens,GSE,Expression profiling by high throughput sequencing,24676,2019/09/10,6,31506348;33850129,PRJNA545232,ftp://ftp.ncbi.nlm.nih.gov/geo/series/GSE131nnn/GSE131882/,Q1_disease_phrases;Q2_broad_diabetes_kidney,False,renal tissue wording not explicit,PENDING_HUMAN_REVIEW,
200135944,GSE135944,SC-beta Cell in vivo Maturation,"Stem cell-derived β (SC-β) cells are an emerging regenerative therapy to compensate for loss of functional β cell mass in diabetes. Glucose-stimulated insulin secretion in SC-β cells is variable in vitro but stabilizes after transplantation and maturation under the kidney capsule of mice. We identified mechanisms correlated with functional maturation using RNA-sequencing and co-expression network analysis. In vivo maturation enhanced glucose-stimulated but not basal insulin secretion, up-regulated β cell hormones IAPP and ADCYAP1, increased expression of maturation markers MAFA, UCN3, and SIX2, and resolved endocrine identity of incompletely specified polyhormonal cells produced during differentiation. Transplantation promoted calcium signalling, induced exocytotic machinery supporting hormone secretion and improved stimulus-secretion coupling that fine-tunes insulin secretion. Growth hormone signalling emerged as candidate driver of in vivo maturation and was confirmed in vitro. Also, a large co-expression module correlated with HbA1c and was enriched in genes up-regulated during in vivo maturation but down-regulated in hyperglycaemic and palmitate stress conditions, suggesting that transcriptional maturation of SC-β cells in vivo mirrors processes lost in diabetic β cells.",Homo sapiens,GSE,Expression profiling by high throughput sequencing,18573,2019/08/19,16,,PRJNA560712,ftp://ftp.ncbi.nlm.nih.gov/geo/series/GSE135nnn/GSE135944/,Q2_broad_diabetes_kidney,False,disease wording not explicit; renal tissue wording not explicit,PENDING_HUMAN_REVIEW,
200136395,GSE136395,"The effects of a novel oral nutritional supplement as compared to standard care on body composition, physical function and skeletal muscle mRNA expression in Dutch older adults with (or at risk of) undernutrition","In a randomized controlled trial, 82 older adults (>65y) with (or at risk of) undernutrition (n=82) were randomly allocated to 12 weeks of supplementation with a novel supplement (586 kcal, 22 g protein of which 50% whey and 50% casein, 206 mg ursolic acid, 7 g free BCAAs, 11 µg vitamin D) or standard care (600 kcal, 24g protein of which 100% casein, 4 µg vitamin D). Body weight increased significantly in the 12 weeks, both in the intervention group (+1.6 ± 0.2 kg, p<.0001) and in the standard care group (+1.8 ± 0.2 kg, p<.0001). Gait speed during 4m and 400m tests improved over time in the intervention group, whereas the standard care showed no improvements (time*treatment effects 400m: p=0.038 and 4m: p=0.048). Gene sets related to mitochondrial functioning were strongly upregulated in the participants receiving the intervention product. We showed that a novel oral nutritional supplement improves gait speed in older adults via improvements in mitochondrial functioning.",Homo sapiens,GSE,Expression profiling by array,17692,2021/04/06,42,33799307,PRJNA562474,ftp://ftp.ncbi.nlm.nih.gov/geo/series/GSE136nnn/GSE136395/,Q2_broad_diabetes_kidney,False,disease wording not explicit; renal tissue wording not explicit,PENDING_HUMAN_REVIEW,
200137684,GSE137684,Differential messenger RNA expression in Granulosa Cells from polycystic ovary syndrome with Normoandrogen and Hyperandrogen: Identification of gene sets through bioinformatic Filtering analysis,"PCOS is a widespread disease that primarily caused in-pregnancy in pregnant-age women. Normoandrogen (NA) and Hyperandrogen (HA) PCOS are distinguished under distinct level of testosterone, while markers and expression patterns for both subtypes were not adequately studied. Text-mining analysis stated the correlation for PCOS with granusola cells and thus we performed microarray analysis on granusola cells from HA PCOS, NA PCOS and normal tissue from individuals, and afterwards downloaded RNA-seq and microarray data from NCBI GEO database on granusola cells from PCOS and normal ovary. Applying our newly developed method using Monte Carlo algorithm and text mining method on combined data, we identified several potential markers for HA and NA PCOS. RT-PCR and Western blotting results validated the expression pattern of these markers for HA and NA PCOS as bioinformatical prediction. Further gene ontology (GO) and text-mining analysis discovered that (1) NA PCOS was highly correlated with estrogen-driven tumors including ovarian, breast and endometrial cancer as compared with normal granusola cells. NA PCOS specific genes IL6R and CD274 were bioinformatically predicted and experimentally validated and thus might be the key factor behind the mechanism responsible for the tumor-like pattern for NA PCOS; (2) HA PCOS showed high correlation with keratinization, epidermis development, GTPase activity, glomerular basement membrane development and apoptosis corresponding to the fact HA PCOS patients express characteristic of hirsutism, diabetes and obesity. Meanwhile HA PCOS was sustantially lowerly related with estrogen-driven tumors as compared with normal granusola cells.",Homo sapiens,GSE,Expression profiling by array,17077,2019/09/19,12,,PRJNA566203,ftp://ftp.ncbi.nlm.nih.gov/geo/series/GSE137nnn/GSE137684/,Q2_broad_diabetes_kidney,False,disease wording not explicit,PENDING_HUMAN_REVIEW,
200140308,GSE140308,Genomewide transcriptional analysis of growth hormone-treated human podocytes,"The growth hormone plays a significant role in normal renal function and overactive growth hormone signaling has been implicated in proteinuria in diabetes. Earlier studies from our group have shown that the glomerular podocytes, which play an essential role in renal filtration, express the growth hormone receptor, suggesting the direct action of growth hormone on these cells. Nevertheless, the precise mechanism and the downstream pathways that are induced by the excess growth hormone in these podocytes leading to diabetic nephropathy are not clearly established. To compressively understand the growth hormone’s effect on podocytes at transcript level we performed RNA-Sequencing. Conditionally immortalized human podocytes were employed in this study.",Homo sapiens,GSE,Expression profiling by high throughput sequencing,16791,2020/08/28,4,,PRJNA589266,ftp://ftp.ncbi.nlm.nih.gov/geo/series/GSE140nnn/GSE140308/,Q1_disease_phrases;Q2_broad_diabetes_kidney,True,priority human review,PENDING_HUMAN_REVIEW,
200140627,GSE140627,Urinary sediment transcriptomic and longitudinal data to investigate renal function decline in type 1 diabetes,Using a discovery/validation approach we investigated associations between a panel of genes selected from a transcriptomic study and the renal function decline across time in a cohort of type 1 diabetes patients.,Homo sapiens,GSE,Expression profiling by high throughput sequencing,16791,2019/11/19,10,32425885,PRJNA590268,ftp://ftp.ncbi.nlm.nih.gov/geo/series/GSE140nnn/GSE140627/,Q2_broad_diabetes_kidney,False,disease wording not explicit; renal tissue wording not explicit,PENDING_HUMAN_REVIEW,
200142025,GSE142025,Comparison of Kidney Transcriptomic Profiles of Early and Advanced Diabetic Nephropathy Reveals Potential New Mechanisms for Disease Progression,"To identify the factors mediating the progression of di- abetic nephropathy (DN), we performed RNA sequencing of kidney biopsy samples from patients with early DN, advanced DN, and normal kidney tissue from nephrectomy samples. A set of genes that were upregulated at early but downregulated in late DN were shown to be largely renoprotective, which included genes in the retinoic acid pathway and glucagon-like peptide 1 receptor. Another group of genes that were downregulated at early but highly upregulated in advanced DN consisted mostly of genes associated with kidney disease pathogenesis, such as those related to immune response and fibrosis. Correlation with estimated glomerular filtration rate (eGFR) identified genes in the pathways of iron transport and cell differentiation to be positively associated with eGFR, while those in the immune response and fibrosis pathways were negatively associated. Correlation with various histopathological features also identified the association with the distinct gene ontological pathways. Deconvolution analysis of the RNA sequencing data set indicated a significant increase in monocytes, fibroblasts, and myofibroblasts in advanced DN kidneys. Our study thus provides potential molecular mechanisms for DN progression and association of differential gene expression with the functional and structural changes observed in patients with early and advanced DN.",Homo sapiens,GSE,Expression profiling by high throughput sequencing,20301,2019/12/14,36,31578193;32086290,PRJNA595590,ftp://ftp.ncbi.nlm.nih.gov/geo/series/GSE142nnn/GSE142025/,Q1_disease_phrases;Q2_broad_diabetes_kidney,True,priority human review,PENDING_HUMAN_REVIEW,
200142153,GSE142153,Human PBMCs: Healthy vs Diabetic nephropathy vs ESRD,"Transcriptional profiling of human PBMCs comparing healthy controls, patients with diabetic nephropathy and patients with ESRD. PBMCs were analyzed as they mediate inflammatory injury. Goal was to determine effects of increasing severity of diabetic nephropathy on global PBMC gene expression. Microarray analysis of PBMCs taken from patients with varying degrees of diabetic nephropathy.",Homo sapiens,GSE,Expression profiling by array,6480,2020/12/01,40,34925339,PRJNA595989,ftp://ftp.ncbi.nlm.nih.gov/geo/series/GSE142nnn/GSE142153/,Q1_disease_phrases,False,renal tissue wording not explicit,PENDING_HUMAN_REVIEW,
200145745,GSE145745,Integrative omics analyses reveal epigenetic memory in diabetic cells regulating genes associated with kidney dysfunction. [microarray],"We report novel epigenetic mechanisms of epigenetic memory and its role in regulation of transporter genes in diabetic renal proximal tubules. We have generated RNA-seq, ATAC-seq and Infinium EPIC methylation array datasets from human primary proximal tubule epithelial cells from non-diabetic healthy controls and from patients with history of Type II Diabetes. Analyses of RNA-seq, ATAC-seq and Methylaiton EPIC array data.",Homo sapiens,GSE,Methylation profiling by array,23976,2020/10/28,24,32747424,PRJNA608118,ftp://ftp.ncbi.nlm.nih.gov/geo/series/GSE145nnn/GSE145745/,Q2_broad_diabetes_kidney,False,renal tissue wording not explicit; not a bulk-expression GEO type,PENDING_HUMAN_REVIEW,
200145746,GSE145746,Integrative omics analyses reveal epigenetic memory in diabetic cells regulating genes associated with kidney dysfunction. [sequencing],"We report novel epigenetic mechanisms of epigenetic memory and its role in regulation of transporter genes in diabetic renal proximal tubules. We have generated RNA-seq, ATAC-seq and Infinium EPIC methylation array datasets from human primary proximal tubule epithelial cells from non-diabetic healthy controls and from patients with history of Type II Diabetes.",Homo sapiens,GSE,Expression profiling by high throughput sequencing; Genome binding/occupancy profiling by high throughput sequencing,11154,2020/10/28,24,32747424,PRJNA608119,ftp://ftp.ncbi.nlm.nih.gov/geo/series/GSE145nnn/GSE145746/,Q2_broad_diabetes_kidney,False,renal tissue wording not explicit; not a bulk-expression GEO type,PENDING_HUMAN_REVIEW,
200145747,GSE145747,Integrative omics analyses reveal epigenetic memory in diabetic cells regulating genes associated with kidney dysfunction.,This SuperSeries is composed of the SubSeries listed below.,Homo sapiens,GSE,Expression profiling by high throughput sequencing; Genome binding/occupancy profiling by high throughput sequencing; Methylation profiling by array,11154;23976,2020/10/28,48,32747424,PRJNA608120,ftp://ftp.ncbi.nlm.nih.gov/geo/series/GSE145nnn/GSE145747/,Q2_broad_diabetes_kidney,False,disease wording not explicit; renal tissue wording not explicit; not a bulk-expression GEO type,PENDING_HUMAN_REVIEW,
200148639,GSE148639,Identification of human glucocorticoid response markers using integrated multi-omic analysis [Peripheral blood mononuclear cells],"A multi-omic approach in a clinical experimental study identified circulating biomarkers reflecting glucocorticoid exposure. Background: Endogenous glucocorticoids (GC) are mechanistically linked to common diseases and are important as drugs in the treatment of many disorders. There is no marker that can measure and quantify GC action. Our aim was to identify circulating biomarkers of GC action using a clinical experimental study.  Methods: In a randomized, crossover, single-blind trial, subjects with primary adrenal insufficiency received intravenous hydrocortisone infusion in a circadian pattern (physiological GC exposure) or isotonic saline (GC withdrawal) over 22 hours. Samples were collected at 7 AM (end of infusion). Integrated multi-omic analysis was used because of the complexity in GC action and the low number of subjects. The transcriptome in peripheral blood mononuclear cells (PBMCs) and adipose tissue, plasma miRNAomic, and serum metabolomics were compared between the interventions. Replication of the plasma miRNA findings was performed in three independent studies.  Results: During GC withdrawal, overnight urinary cortisol and cortisone excretion were undetectable. Correlation and hypernetwork analyses identified a transcriptomic profile derived from PBMCs and adipose tissue predictive of GC exposure, and a multi-omic cluster predictive of GC exposure. From the circulating ‘omic data, decreased expression of plasma miR-122-5p was associated with increased GC exposure. This finding was reproduced in three independent studies.  Conclusion: We developed a human experimental model for physiological GC exposure and withdrawal. The integrated multi-omic data identified circulating miRNAs and metabolites associated with GC-responsive genes. In independent studies, miR-122-5p was shown to be associated with GC exposure.  Background: Endogenous glucocorticoids (GC) are mechanistically linked to common diseases and are important as drugs in the treatment of many disorders. There is no marker that can measure and quantify GC action. Our aim was to identify circulating biomarkers of GC action using a clinical experimental study.",Homo sapiens,GSE,Expression profiling by array,16686,2021/04/02,18,,PRJNA625267,ftp://ftp.ncbi.nlm.nih.gov/geo/series/GSE148nnn/GSE148639/,Q2_broad_diabetes_kidney,False,disease wording not explicit; renal tissue wording not explicit,PENDING_HUMAN_REVIEW,
200148640,GSE148640,Identification of human glucocorticoid response markers using integrated multi-omic analysis [Adipose Tissue],"A multi-omic approach in a clinical experimental study identified circulating biomarkers reflecting glucocorticoid exposure. Background: Endogenous glucocorticoids (GC) are mechanistically linked to common diseases and are important as drugs in the treatment of many disorders. There is no marker that can measure and quantify GC action. Our aim was to identify circulating biomarkers of GC action using a clinical experimental study.  Methods: In a randomized, crossover, single-blind trial, subjects with primary adrenal insufficiency received intravenous hydrocortisone infusion in a circadian pattern (physiological GC exposure) or isotonic saline (GC withdrawal) over 22 hours. Samples were collected at 7 AM (end of infusion). Integrated multi-omic analysis was used because of the complexity in GC action and the low number of subjects. The transcriptome in peripheral blood mononuclear cells (PBMCs) and adipose tissue, plasma miRNAomic, and serum metabolomics were compared between the interventions. Replication of the plasma miRNA findings was performed in three independent studies.  Results: During GC withdrawal, overnight urinary cortisol and cortisone excretion were undetectable. Correlation and hypernetwork analyses identified a transcriptomic profile derived from PBMCs and adipose tissue predictive of GC exposure, and a multi-omic cluster predictive of GC exposure. From the circulating ‘omic data, decreased expression of plasma miR-122-5p was associated with increased GC exposure. This finding was reproduced in three independent studies.  Conclusion: We developed a human experimental model for physiological GC exposure and withdrawal. The integrated multi-omic data identified circulating miRNAs and metabolites associated with GC-responsive genes. In independent studies, miR-122-5p was shown to be associated with GC exposure.  Background: Endogenous glucocorticoids (GC) are mechanistically linked to common diseases and are important as drugs in the treatment of many disorders. There is no marker that can measure and quantify GC action. Our aim was to identify circulating biomarkers of GC action using a clinical experimental study.",Homo sapiens,GSE,Expression profiling by array,16686,2021/04/02,20,,PRJNA625266,ftp://ftp.ncbi.nlm.nih.gov/geo/series/GSE148nnn/GSE148640/,Q2_broad_diabetes_kidney,False,disease wording not explicit; renal tissue wording not explicit,PENDING_HUMAN_REVIEW,
200148642,GSE148642,Identification of human glucocorticoid response markers using integrated multi-omic analysis,This SuperSeries is composed of the SubSeries listed below.,Homo sapiens,GSE,Expression profiling by array,16686,2021/04/02,38,,PRJNA625259,ftp://ftp.ncbi.nlm.nih.gov/geo/series/GSE148nnn/GSE148642/,Q2_broad_diabetes_kidney,False,disease wording not explicit; renal tissue wording not explicit,PENDING_HUMAN_REVIEW,
200149091,GSE149091,Conditionally reprogrammed cells from patient-derived xenograft to model neuroendocrine prostate cancer development,"Treatment-emergent neuroendocrine prostate cancer (t-NEPC) is a lethal subtype of advanced prostate cancer that develops via NE transdifferentiation of prostate adenocarcinomas in response to androgen receptor (AR)-inhibition therapy. Study of t-NEPC has been hampered by a lack of clinically relevant models. We previously established a unique and first-in-field patient-derived xenograft (PDX) model of adenocarcinoma (LTL331)-to-NEPC (LTL331R) transdifferentiation. In this study, we applied conditional reprogramming (CR) culture to establish a LTL331 PDX-derived cancer cell line named LTL331_CR_Cell. LTL331_CR_Cells retain the same genomic mutations as the LTL331 parental tumor, can be continuously propagated in vitro, and can be genetically manipulated. Androgen deprivation treatment on LTL331_CR_Cells showed no effect on cell proliferation. Transcriptomic analyses comparing the LTL331_CR_Cell to its parental tumor revealed a profound downregulation of the androgen response pathway and an upregulation of stem and basal cell marker genes. The transcriptome of LTL331_CR_Cells partially resembles that of post-castrated LTL331 xenografts in mice. Notably, when grafted under the renal capsule of male NOD/SCID mice, LTL331_CR_Cells spontaneously give rise to NEPC tumors as manifested by the histological expression of the NE marker CD56 and the loss of adenocarcinoma markers such as PSA. Transcriptomic analyses of the newly developed NEPC tumors further demonstrate marked enrichment of NEPC signature genes and loss of AR signaling genes. This study provides a novel research tool based on a unique PDX model. It allows for the investigation of mechanisms underlying t-NEPC development by enabling gene manipulation ex vivo and subsequent functional evaluation in vivo.",Homo sapiens,GSE,Expression profiling by high throughput sequencing,18573,2020/06/19,4,32531951;32512818,PRJNA627360,ftp://ftp.ncbi.nlm.nih.gov/geo/series/GSE149nnn/GSE149091/,Q2_broad_diabetes_kidney,False,disease wording not explicit; renal tissue wording not explicit,PENDING_HUMAN_REVIEW,
200150212,GSE150212,Using single-nucleus RNA-sequencing to interrogate transcriptomic profiles of archived human pancreatic islets,"Human pancreatic islets, including insulin secreting beta-cells are a major focus of transplantation strategies aimed at identifying new therapeutic approaches to counteract hyperglycemia in patients with diabetes. Identifying the transcriptomic signature of human islet cells provides insights into regulatory pathways that can be harnessed for planning therapeutic strategies. In this context, single-cell RNA-sequencing (scRNA-seq) has been used mostly in vitro. However, in experimental human islet transplantation models the small amount of tissue is principally used for immunostaining and poses a challenge in performing ‘omics’ studies that provide unbiased information. To circumvent this limitation, we report the use of single nucleus RNA-sequencing (snRNA-seq) on frozen/archived human islet grafts, to define the transcriptomic signature of islet cells preserved after in vivo studies. Interrogating nuclear RNA, we were able to successfully identify all islet endocrine cells, obtain adequate coverage of genes and define molecular pathways that are important for studying human islet cell biology (e.g. cell cycle, apoptosis, insulin secretion). Intersecting our nuclear transcriptomic output with publicly available single-cell RNA-seq datasets, revealed ~90% overlap of the detected genes. In conclusion, we propose that snRNA-seq represents a reliable strategy to probe transcriptomic profiles of fresh or archived transplanted human islets.",Homo sapiens,GSE,Expression profiling by high throughput sequencing,20301,2021/07/09,4,34376240,PRJNA631512,ftp://ftp.ncbi.nlm.nih.gov/geo/series/GSE150nnn/GSE150212/,Q2_broad_diabetes_kidney,False,disease wording not explicit; renal tissue wording not explicit,PENDING_HUMAN_REVIEW,
200015072,GSE15072,Mitochondrial dysregulation and oxidative stress in patients with chronic kidney disease,"Several reports have focused on the identification of biological elements involved in the development of abnormal systemic biochemical alterations in chronic kidney disease, but this abundant literature results most of the time fragmented. To better define the cellular machinery associated to this condition, we employed an innovative high-throughput approach based on a whole transcriptomic analysis and classical biomolecular methodologies. The genomic screening of peripheral blood mononuclear cells revealed that 44 genes were up-regulated in both chronic kidney disease patients in conservative treatment (CKD, n=9) and hemodialysis (HD, n=17) compared to healthy subjects (NORM) (p<0.001, FDR=1%). Functional analysis demonstrated that 11/44 genes were involved in the oxidative phosphorylation system (OXPHOS). Western blotting for COXI and COXIV, key constituents of the complex IV of OXPHOS, performed on an independent testing-group (12 NORM, 10 CKD and 14 HD) confirmed the elevated synthesis of these subunits in CKD/HD patients. However, complex IV activity was significantly reduced in CKD/HD patients compared to NORM (p<0.01). Finally, CKD/HD patients presented higher reactive oxygen species and 8-hydroxydeoxyguanosine levels compared to NORM. Taken together these results suggest, for the first time, that CKD/HD patients may have an impaired mitochondrial respiratory system and this condition may be both the consequence and the cause of an enhanced oxidative stress.",Homo sapiens,GSE,Expression profiling by array,96;570,2009/11/30,34,19698090;24189015;23663527;25798846,PRJNA114765,ftp://ftp.ncbi.nlm.nih.gov/geo/series/GSE15nnn/GSE15072/,Q2_broad_diabetes_kidney,False,disease wording not explicit; renal tissue wording not explicit,PENDING_HUMAN_REVIEW,
200151117,GSE151117,Single-Cell Transcriptome Profiling Reveals β Cell Maturation in Stem Cell-Derived Islets after Transplantation,"SC-β cells and native β cells from cadaveric islets have different transcriptome profiles. In this study, we demonstrate that SC-β cells can acquire mature gene signatures via transplantation in mice for 6 months. MAFA, a marker for mature β cells, is expressed and resulted in significant improvements in insulin release and glucose regulation in diabetic mice.",Homo sapiens,GSE,Expression profiling by high throughput sequencing,24676,2020/08/25,6,32846125,PRJNA634768,ftp://ftp.ncbi.nlm.nih.gov/geo/series/GSE151nnn/GSE151117/,Q2_broad_diabetes_kidney,False,disease wording not explicit; renal tissue wording not explicit,PENDING_HUMAN_REVIEW,
200154548,GSE154548,Transcriptomic profiles of advanced colorectal adenomas from 40 Korean patients,"We report the RNA-seq data of 40 advanced colorectal adenoma patients form Dongguk University Ilsan International Hospital. The polyps with a diameter of 1cm or greater were regarded as advenced colorectal adenoma and obtained through colonoscopy. The data consist of 22 tublar adenoma, 6 tublovillous adenoma, 5 sessile serrated adenoma/polyp, 1 traditional serrated adenoma, intramucosal adenocarcinoma, neuroendocrine tumor, hyperplastic polyp, inflammatory polyp, high grade dysplasia, and atypical glands with adjacent hyperplastic mucosa.",Homo sapiens,GSE,Expression profiling by high throughput sequencing,24676,2023/08/07,40,38698020,PRJNA646641,ftp://ftp.ncbi.nlm.nih.gov/geo/series/GSE154nnn/GSE154548/,Q2_broad_diabetes_kidney,False,disease wording not explicit; renal tissue wording not explicit,PENDING_HUMAN_REVIEW,
200154554,GSE154554,Liver-specific knockdown of class IIa HDACs has limited efficacy on glucose metabolism but entails severe organ side effects in mice,"Histone deacetylases (HDACs) are important regulators of epigenetic gene modification that are involved in the transcriptional control of metabolism. In particular class IIa HDACs have been shown to affect hepatic gluconeogenesis and previous approaches revealed that their inhibition reduces blood glucose in type 2 diabetic mice. In the present study, we aimed to evaluate the potential of class IIa HDAC inhibition as a therapeutic opportunity for the treatment of metabolic diseases. For that, siRNAs selectively targeting HDAC4, 5 and 7 were selected and used to achieve a combinatorial knockdown of these three class IIa HDAC isoforms. Subsequently, the hepatocellular effects as well as the impact on glucose and lipid metabolism were analyzed in vitro and in vivo. The triple knockdown resulted in a statistically significant decrease of gluconeogenic gene expression in a murine hepatic cell line as well as in human primary hepatocytes. Despite a similar HDAC-induced downregulation of hepatic genes involved in gluconeogenesis in mice using a liver-specific lipid nanoparticle siRNA formulation, the in vivo effects on whole body glucose metabolism were only limited and did not outweigh the safety concerns observed by histopathological analysis in spleen and kidney. Mechanistically, Affymetrix gene chip analysis and gene expression studies provide evidence that class IIa HDACs directly target and thus regulate the expression of HNF4α and FOXP1 in the liver, thereby modifying gene regulatory mechanisms mediating glucose and lipid metabolism and transport.  In conclusion, the combinatorial knockdown of HDAC4, 5 and 7 by therapeutic siRNAs affected multiple pathways in vitro and in vivo leading to the downregulation of genes involved in gluconeogenesis. However, the effects on the gene expression level were not paralleled by a significant reduction of gluconeogenesis in mice, as shown in pyruvate tolerance tests. However, the liver-specific inhibition of these HDAC isoforms was associated with severe adverse effects in vivo, making this approach not a viable treatment option for chronic metabolic disorders like type 2 diabetes.",Homo sapiens,GSE,Expression profiling by array,570,2020/09/01,16,,PRJNA646691,ftp://ftp.ncbi.nlm.nih.gov/geo/series/GSE154nnn/GSE154554/,Q2_broad_diabetes_kidney,False,disease wording not explicit; renal tissue wording not explicit,PENDING_HUMAN_REVIEW,
200154561,GSE154561,Sequencing of  mRNAs with N6-methyladenosine modifications in Diabetic Nephropathy (DN) with and without forced expression of FTO,"To identify potential mRNA targets of FTO whose m6A levels are affected by FTO in Diabetic Nephropathy (DN), we conducted m6A-seq for messenger RNAs isolated from HMC cells with and without forced expression of FTO.",Homo sapiens,GSE,Expression profiling by high throughput sequencing,24676,2023/07/12,8,,PRJNA646696,ftp://ftp.ncbi.nlm.nih.gov/geo/series/GSE154nnn/GSE154561/,Q1_disease_phrases;Q2_broad_diabetes_kidney,False,renal tissue wording not explicit,PENDING_HUMAN_REVIEW,
200154881,GSE154881,"Comparison of Blood Transcriptomic Profiles of Healthy, T2D and  Diabetic Nephropathy (DN) Reveals FTO as a potential target for DN","To identify the potential regulators in the progression of diabetic nephropathy (DN), we performed RNA sequencing of blood samples from healthy volunteers, patients with T2D,  and patients with  DN. Further analyses revealed that FTO was significantly downregulated in blood samples of T2D and DN patients, while the expression of other erasers, writers or readers remained unchanged between disease and healthy groups . Our study thus provides potential molecular mechanisms for DN progression and association of differential gene expression with the functional and structural changes observed in patients with DN.",Homo sapiens,GSE,Expression profiling by high throughput sequencing,24676,2024/01/13,15,,PRJNA647610,ftp://ftp.ncbi.nlm.nih.gov/geo/series/GSE154nnn/GSE154881/,Q1_disease_phrases;Q2_broad_diabetes_kidney,False,renal tissue wording not explicit,PENDING_HUMAN_REVIEW,
200155188,GSE155188,Increased long noncoding RNA maternally expressed gene 3 contributes to podocyte injury induced by high glucose through regulation of mitochondrial fission,"Excessive mitochondrial fission plays a key role in podocyte injury in diabetic kidney disease (DKD), and long noncoding RNAs (lncRNAs) are important in the development and progression of DKD. However, lncRNA regulation of mitochondrial fission in podocytes is poorly understood. Here, we want to identify how lncRNA changes in human podocytes cultured with high glucose.",Homo sapiens,GSE,Expression profiling by array; Non-coding RNA profiling by array,16956,2020/07/28,6,,PRJNA648945,ftp://ftp.ncbi.nlm.nih.gov/geo/series/GSE155nnn/GSE155188/,Q1_disease_phrases;Q2_broad_diabetes_kidney,False,renal tissue wording not explicit; not a bulk-expression GEO type,PENDING_HUMAN_REVIEW,
200157640,GSE157640,Urinary single cell profiling captures cellular diversity of the kidney,"We performed single cell transcriptomic analysis on 17 urine samples obtained from five subjects at two different occasions using both spot and 24-hour urine collection. In addition, we used a combined spot urine samples of five healthy individuals as a control sample. We sequenced a total of 71,667 cells. After quality control and downstream analysis, we found that epithelial cells were the most common cell types in the urine. We were also able to identify most kidney cell types in the urine, such as podocyte, proximal, and collecting duct (CD), in addition to macrophages, monocytes and lymphocytes.",Homo sapiens,GSE,Expression profiling by high throughput sequencing,20301,2021/02/02,18,33531352,PRJNA662313,ftp://ftp.ncbi.nlm.nih.gov/geo/series/GSE157nnn/GSE157640/,Q1_disease_phrases;Q2_broad_diabetes_kidney,False,disease wording not explicit; renal tissue wording not explicit,PENDING_HUMAN_REVIEW,
200158001,GSE158001,HyPR-seq: Single-cell quantification of chosen RNAs via hybridization and sequencing of DNA probes (bulk RNA-seq dataset),"Single-cell quantification of RNAs is important for understanding cellular heterogeneity and gene regulation, yet current approaches suffer from low sensitivity for individual transcripts, limiting their utility for many applications. Here we present HyPR-seq, a method to sensitively quantify the expression of 10 to 100 chosen genes in single cells. HyPR-seq involves hybridizing DNA probes to RNA, distributing cells into nanoliter droplets, amplifying the probes with PCR, and sequencing the amplicons to quantify the expression of chosen genes. HyPR-seq achieves high sensitivity for individual transcripts, detects non-polyadenylated and low-abundance transcripts, and can profile up to 100,000 single cells. We demonstrate how HyPR-seq can profile the effects of CRISPR perturbations in pooled screens, detect time-resolved changes in gene expression via measurements of gene introns, and detect rare transcripts and quantify cell type frequencies in tissue using low-abundance marker genes. By sensitively quantifying individual transcripts and directing sequencing power to genes of interest, HyPR-seq reduces costs by up to 100-fold compared to whole-transcriptome scRNA-seq approaches for these applications. HyPR-seq will be a powerful method for targeted RNA profiling in single cells.",Homo sapiens,GSE,Expression profiling by high throughput sequencing,21697,2020/09/16,6,33376219,PRJNA663610,ftp://ftp.ncbi.nlm.nih.gov/geo/series/GSE158nnn/GSE158001/,Q2_broad_diabetes_kidney,False,disease wording not explicit; renal tissue wording not explicit,PENDING_HUMAN_REVIEW,
200158003,GSE158003,HyPR-seq: Single-cell quantification of chosen RNAs via hybridization and sequencing of DNA probes (HyPR-seq dataset),"Single-cell quantification of RNAs is important for understanding cellular heterogeneity and gene regulation, yet current approaches suffer from low sensitivity for individual transcripts, limiting their utility for many applications. Here we present HyPR-seq, a method to sensitively quantify the expression of 10 to 100 chosen genes in single cells. HyPR-seq involves hybridizing DNA probes to RNA, distributing cells into nanoliter droplets, amplifying the probes with PCR, and sequencing the amplicons to quantify the expression of chosen genes. HyPR-seq achieves high sensitivity for individual transcripts, detects non-polyadenylated and low-abundance transcripts, and can profile up to 100,000 single cells. We demonstrate how HyPR-seq can profile the effects of CRISPR perturbations in pooled screens, detect time-resolved changes in gene expression via measurements of gene introns, and detect rare transcripts and quantify cell type frequencies in tissue using low-abundance marker genes. By sensitively quantifying individual transcripts and directing sequencing power to genes of interest, HyPR-seq reduces costs by up to 100-fold compared to whole-transcriptome scRNA-seq approaches for these applications. HyPR-seq will be a powerful method for targeted RNA profiling in single cells.",Mus musculus; Homo sapiens,GSE,Expression profiling by high throughput sequencing,21626;21697,2020/09/16,72,33376219,PRJNA663612,ftp://ftp.ncbi.nlm.nih.gov/geo/series/GSE158nnn/GSE158003/,Q2_broad_diabetes_kidney,False,disease wording not explicit; renal tissue wording not explicit,PENDING_HUMAN_REVIEW,
200158055,GSE158055,Large-scale single-cell analysis reveals critical immune characteristics of COVID-19 patients,"We profiled scRNA-seq of 284 samples collected from 196 individuals, including 22 patients with mild/moderate symptoms, 54 hospitalized patients with severe symptoms, and 95 recovered convalescent persons, as well as 25 healthy controls. The samples were obtained from various tissue types, including human peripheral blood mononuclear cells (249), bronchoalveolar lavage fluid (12) and pleural pleural effusion (1)/sputum (22).",Homo sapiens,GSE,Expression profiling by high throughput sequencing,28038;24676,2021/02/04,284,33657410,PRJNA663865,ftp://ftp.ncbi.nlm.nih.gov/geo/series/GSE158nnn/GSE158055/,Q2_broad_diabetes_kidney,False,disease wording not explicit; renal tissue wording not explicit,PENDING_HUMAN_REVIEW,
200158230,GSE158230,Secretory Leukocyte Peptidase Inhibitor (SLPI) is a Novel Predictor of Tubulointerstitial Injury and Renal Outcome in Patients with Diabetic Nephropathy,"Tubulointerstitial injury plays an important role in diabetic nephropathy (DN) progression; however, no reliable urinary molecule has been used to predict tubulointerstitial injury and renal outcome of DN clinically. In this study, based on tubulointerstitial transcriptome, we identified secretory leukocyte peptidase inhibitor (SLPI) as the molecule associated with renal fibrosis and prognosis of DN. In tubular cells, high glucose could upregulate SLPI, which bound with β-catenin and GSK-3β reciprocally, abolished the interaction between β-catenin and GSK-3β, diminished GSK-3β-regulated β-catenin phosphorylation and the subsequent ubiquitination and degradation, thus led to β-catenin signaling activation and renal fibrosis. Db/db mice injected with adenovirus carrying Slpi-3xflag-GFP (Ad-Slpi-GFP) developed β-catenin signaling activation in the proximal tubule, worse albuminuria and tubulointerstitial fibrosis. Conversely, Slpi knockout (KO) mice with STZ-induced DN developed less albuminuria, tubulointerstitial fibrosis and β-catenin signaling activation. Furthermore, clinical studies showed that urinary SLPI protein level (uSLPI/Cr) had significant correlation with intrarenal SLPI mRNA and interstitial fibrosis. In an independent prospective cohort enrolled 711 patients with biopsy proven DN, uSLPI/Cr level was significantly associated with eGFR slope and improved the prediction value of renal outcome. Together, our study identified SLPI as a novel critical regulator for the progression of tubulointerstitial injury, which may be used as an independent risk predictor of DN progression.",Homo sapiens,GSE,Expression profiling by high throughput sequencing,16791,2022/08/03,6,35910382,PRJNA664391,ftp://ftp.ncbi.nlm.nih.gov/geo/series/GSE158nnn/GSE158230/,Q1_disease_phrases;Q2_broad_diabetes_kidney,True,priority human review,PENDING_HUMAN_REVIEW,
200158626,GSE158626,Targeting Set7 in an experimental model of diabetic nephropathy,"Set7 knockout (Set7KO) improved glomerular structure and albuminuria in a mouse model of diabetes. Analysis of mouse single-cell RNA-sequencing data showed dynamic transcriptional changes in diabetic renal cells. Set7KO controls phenotype switching of GEN cell populations through transcriptional regulation of the insulin growth factor binding protein 5 (IGFBP5). Chromatin immunoprecipitation assays confirmed that the expression of the IGFBP5 gene was associated with mono- and dimethylation of histone H3 lysine 4 (H3K4me1/2). This generalizability was investigated in human renal and circulating hyperglycemic cells exposed to TGFb1. We showed that the highly selective Set7 inhibitor PFI-2 attenuated indices associated with renal cell damage and mesenchymal transition, specifically (1) reactive oxygen species production, (2) IGFBP5 gene regulation, and (3) expression of mesenchymal markers. Furthermore, renal benefit observed in Set7KO diabetic mice closely corresponds in human glomerular endothelial cells with PFI-2 inhibition or Set7 shRNA silencing.",Mus musculus; Homo sapiens,GSE,Expression profiling by high throughput sequencing,24676;21103,2024/04/17,28,38630537,PRJNA666001,ftp://ftp.ncbi.nlm.nih.gov/geo/series/GSE158nnn/GSE158626/,Q1_disease_phrases;Q2_broad_diabetes_kidney,True,priority human review,PENDING_HUMAN_REVIEW,
200159554,GSE159554,Human Tubular Epithelial Cells Activate a Coordinated Stress Response after Serum Exposure [RNAseq-pid1830],"Proteinuria, the spillage of serum proteins into the urine, is a feature of glomerulonephritides, podocyte disorders and diabetic nephropathy. However, the response of tubular epithelial cells to serum protein exposure has not been systematically characterized. Using transcriptomic profiling we studied serum-induced changes in primary human tubular epithelial cells cultured in 3D microphysiological devices. Serum proteins induced cellular proliferation, secretion of cytokines and activated a coordinated stress response. We orthogonally confirmed our findings by comparing the transcriptomic and epigenomic landscapes of. Importantly, key transcriptomic programs in response to serum exposure remained consistent when comparing intact renal cortex to primary human tubules cultured in 10% fetal bovine serum and to an established mouse model of kidney injury. This serum-induced transcriptional response was dominated by AP-1 and NFkB signatures in the tubular epigenomic landscape with features of active regulation at canonical kidney injury genes (HAVCR1) and genes associated with COVID-19 (ACE2, IL6). Our data provide a reference map for dissecting the regulatory and transcriptional response of tubular epithelial cells to serum-induced injury.",Homo sapiens,GSE,Expression profiling by high throughput sequencing,18573,2022/02/08,11,35197326,PRJNA669691,ftp://ftp.ncbi.nlm.nih.gov/geo/series/GSE159nnn/GSE159554/,Q1_disease_phrases;Q2_broad_diabetes_kidney,False,renal tissue wording not explicit,PENDING_HUMAN_REVIEW,
200159586,GSE159586,Human Tubular Epithelial Cells Activate a Coordinated Stress Response after Serum Exposure [RNAseq-pid2019],"Proteinuria, the spillage of serum proteins into the urine, is a feature of glomerulonephritides, podocyte disorders and diabetic nephropathy. However, the response of tubular epithelial cells to serum protein exposure has not been systematically characterized. Using transcriptomic profiling we studied serum-induced changes in primary human tubular epithelial cells cultured in 3D microphysiological devices. Serum proteins induced cellular proliferation, secretion of cytokines and activated a coordinated stress response. We orthogonally confirmed our findings by comparing the transcriptomic and epigenomic landscapes of. Importantly, key transcriptomic programs in response to serum exposure remained consistent when comparing intact renal cortex to primary human tubules cultured in 10% fetal bovine serum and to an established mouse model of kidney injury. This serum-induced transcriptional response was dominated by AP-1 and NFkB signatures in the tubular epigenomic landscape with features of active regulation at canonical kidney injury genes (HAVCR1) and genes associated with COVID-19 (ACE2, IL6). Our data provide a reference map for dissecting the regulatory and transcriptional response of tubular epithelial cells to serum-induced injury.",Homo sapiens,GSE,Expression profiling by high throughput sequencing,24676,2022/02/08,47,35197326,PRJNA669838,ftp://ftp.ncbi.nlm.nih.gov/geo/series/GSE159nnn/GSE159586/,Q1_disease_phrases;Q2_broad_diabetes_kidney,False,renal tissue wording not explicit,PENDING_HUMAN_REVIEW,
200160306,GSE160306,In-depth transcriptomic analyses investigating molecular mechanisms underlying diabetic retinopathy (totalRNA),"Diabetic Retinopathy (DR) is among the major global causes for vision loss. With the rise in diabetes prevalence, an increase in DR incidence is expected. Current understanding of both the molecular etiology and pathways involved in the initiation and progression of DR is limited. Here we analyzed mRNA and miRNA expression profiles of 80 human post-mortem retinal samples from 80 patients diagnosed with various stages of DR. We found differentially expressed transcripts to be predominantly associated with late stage DR and pathways such as hippo and gap junction signaling. A multivariate regression model identified transcripts with progressive changes throughout disease stages, which in turn displayed significant overlap with sphingolipid and cGMP−PKG signaling. Combined analysis of miRNA and mRNA expression further uncovered disease-relevant miRNA/mRNA associations as potential mechanisms of post-transcriptional regulation. Finally, integrating human retinal single cell RNA-Sequencing data revealed a continuous loss of retinal ganglion cells, and Müller cell mediated changes in histidine and β-alanine signaling. Our findings offer an unprecedented insight into the development of DR and provide potential avenues for future therapeutic intervention.",Homo sapiens,GSE,Expression profiling by high throughput sequencing,20301,2021/04/19,79,34006945,PRJNA672928,ftp://ftp.ncbi.nlm.nih.gov/geo/series/GSE160nnn/GSE160306/,Q2_broad_diabetes_kidney,False,disease wording not explicit; renal tissue wording not explicit,PENDING_HUMAN_REVIEW,
200160308,GSE160308,In-depth transcriptomic analyses investigating molecular mechanisms underlying diabetic retinopathy (smallRNA),"Diabetic Retinopathy (DR) is among the major global causes for vision loss. With the rise in diabetes prevalence, an increase in DR incidence is expected. Current understanding of both the molecular etiology and pathways involved in the initiation and progression of DR is limited. Here we analyzed mRNA and miRNA expression profiles of 80 human post-mortem retinal samples from 80 patients diagnosed with various stages of DR. We found differentially expressed transcripts to be predominantly associated with late stage DR and pathways such as hippo and gap junction signaling. A multivariate regression model identified transcripts with progressive changes throughout disease stages, which in turn displayed significant overlap with sphingolipid and cGMP−PKG signaling. Combined analysis of miRNA and mRNA expression further uncovered disease-relevant miRNA/mRNA associations as potential mechanisms of post-transcriptional regulation. Finally, integrating human retinal single cell RNA-Sequencing data revealed a continuous loss of retinal ganglion cells, and Müller cell mediated changes in histidine and β-alanine signaling. Our findings offer an unprecedented insight into the development of DR and provide potential avenues for future therapeutic intervention.",Homo sapiens,GSE,Non-coding RNA profiling by high throughput sequencing,20301,2021/04/19,79,34006945,PRJNA672929,ftp://ftp.ncbi.nlm.nih.gov/geo/series/GSE160nnn/GSE160308/,Q2_broad_diabetes_kidney,False,disease wording not explicit; renal tissue wording not explicit; not a bulk-expression GEO type,PENDING_HUMAN_REVIEW,
200160310,GSE160310,In-depth transcriptomic analyses investigating molecular mechanisms underlying diabetic retinopathy,This SuperSeries is composed of the SubSeries listed below.,Homo sapiens,GSE,Expression profiling by high throughput sequencing; Non-coding RNA profiling by high throughput sequencing,20301,2021/04/19,158,34006945,PRJNA672925,ftp://ftp.ncbi.nlm.nih.gov/geo/series/GSE160nnn/GSE160310/,Q2_broad_diabetes_kidney,False,disease wording not explicit; renal tissue wording not explicit; not a bulk-expression GEO type,PENDING_HUMAN_REVIEW,
200162166,GSE162166,"Integratome analysis of adipose tissues reveals abnormal epigenetic regulation of adipogenesis, inflammation, and insulin signaling in obese individuals with type 2 diabetes","Type 2 diabetes (T2D) is associated with cardiovascular-renal complications and premature death. Although most patients with T2D are obese, not all obese individuals develop T2D. Thus, an understanding of the mechanistic relationships between obesity and T2D is crucial. In this study, using subcutaneous (SAT) and visceral adipose tissues (VAT) from obese individuals with or without T2D collected during metabolic surgery, integration of the transcriptomes and methylomes of VAT and SAT with publicly available tissue-specific regulatory networks, we discovered the close relation between T2D and inflammatory response in both SAT and VAT in obese individuals, although less differences were observed respectively in transcriptome or methylome. Specifically, a HOX gene family-enriched functional epigenetic sub-network in T2D-SAT, as well as a novel such sub-network was discovered, which involved multiple genes implicated in activation of obesity-induced inflammatory response. Our integrated approach of using biosamples, multi-omic data and public databases to understand complex diseases for discovery of novel biology, including biomarkers and drug targets, can be applied to diseases other than T2D and obesity.",Homo sapiens,GSE,Methylation profiling by array,23976,2021/12/20,40,34923751,PRJNA680780,ftp://ftp.ncbi.nlm.nih.gov/geo/series/GSE162nnn/GSE162166/,Q2_broad_diabetes_kidney,False,disease wording not explicit; renal tissue wording not explicit; not a bulk-expression GEO type,PENDING_HUMAN_REVIEW,
200162830,GSE162830,"Clinical, histopathologic and molecular features of idiopathic and diabetic nodular mesangial sclerosis in humans","Idiopathic nodular mesangial sclerosis, also called idiopathic nodular glomerulosclerosis (ING) is a rare clinical entity with unclear pathogenesis. The hallmark of this disease is the presence of nodular mesangial sclerosis on histology without clinical evidence of diabetes mellitus or other predisposing diagnoses. To achieve insights into its pathogenesis, we queried the clinical, histopathologic and transcriptomic features of ING and nodular diabetic nephropathy (DN)",Homo sapiens,GSE,Expression profiling by high throughput sequencing,20301,2020/12/09,32,33537765,PRJNA683217,ftp://ftp.ncbi.nlm.nih.gov/geo/series/GSE162nnn/GSE162830/,Q1_disease_phrases;Q2_broad_diabetes_kidney,False,renal tissue wording not explicit,PENDING_HUMAN_REVIEW,
200163603,GSE163603,Transcriptomic Signatures of Kidney Injury in Human Renal Biopsy Specimens,"The gene expression signature of the human kidney interstitium is not fully understood. Transcript expression of laser microdissected cortical interstitium (excluding tubules, glomeruli and large vessels) in 9 human reference nephrectomies was compared to 6 human diabetic kidney biopsy specimens. This transcriptomic data revealed novel interstitial markers and enrichment of relevant pathways. Analysis of diabetic interstitium uncovered genes with unchanged as well as down-regulated expression when compared to reference samples. Laser microdissection (LMD) methodology enables collection of transcriptomic data associated with renal interstitium to aid in interpretation of pathophysiology and precision medicine studies.",Homo sapiens,GSE,Expression profiling by high throughput sequencing,16791,2020/12/22,66,33568476;35675394,PRJNA686939,ftp://ftp.ncbi.nlm.nih.gov/geo/series/GSE163nnn/GSE163603/,Q1_disease_phrases;Q2_broad_diabetes_kidney,True,priority human review,PENDING_HUMAN_REVIEW,
200166239,GSE166239,Partial epithelial-to-mesenchymal transition (EMT) and T cell-mediated inflammation in hypertensive and diabetic nephropathy,"We comparatively evaluated transcriptomes from renal biopsies obtained from patients with T2DN or HN, main causes of CKD, and control renal tissues (n=6 per group). RNA was extracted from formalin-fixed and paraffin-embedded kidney samples and processed for RNA sequencing. Principal component analysis effectively separated diseased and control tissues. Gene and protein expression profiles revealed that EMT-related markers were upregulated in both diseases. Moreover, activation of CD4 and CD lymphocytes, as well as upregulation of the complement system were also observed in both T2DN and HN. These data, suggesting partially common pathogenetic mechanisms, were largely confirmed by IHC analysis.",Homo sapiens,GSE,Expression profiling by high throughput sequencing,18573,2023/12/01,18,37813528,PRJNA699758,ftp://ftp.ncbi.nlm.nih.gov/geo/series/GSE166nnn/GSE166239/,Q1_disease_phrases;Q2_broad_diabetes_kidney,True,priority human review,PENDING_HUMAN_REVIEW,
200167914,GSE167914,Impaired peripheral mononuclear cell metabolism in patients at risk of developing sepsis,Mitochondrial respiration and gene expression related to mitochondrial function were measured from the peripheral blood of infection and sepsis patients as well as healthy controls,Homo sapiens,GSE,Other,29783,2021/03/01,39,,PRJNA705492,ftp://ftp.ncbi.nlm.nih.gov/geo/series/GSE167nnn/GSE167914/,Q2_broad_diabetes_kidney,False,disease wording not explicit; renal tissue wording not explicit; not a bulk-expression GEO type,PENDING_HUMAN_REVIEW,
200167976,GSE167976,"Single-cell RNAseq (10x Genomics) analysis of human CD4+ T cells in IPEX patients, healthy donors and heterozygous mothers (blood).","Single-cell RNAseq (10x Genomics) analysis of human CD4+ T cells in IPEX patients, healthy donors and heterozygous mothers (blood). Human CD4+T cells from IPEX, HD and mothers were isolated from frozen peripheral blood mononuclear cells by flow cytometry as DAPI–CD3+CD4+ cells. In cohort 1, cells from separate donor were encapsulated in separate channel following 10x Genomics Single Cell 3′ Reagent Kit (V2 chemistry). In cohort 2, samples were tagged using a different Hashtags, pooled and encapsulared following 10x Genomics Single Cell 3′ Reagent Kit (V3 chemistry).",Homo sapiens,GSE,Expression profiling by high throughput sequencing,18573,2021/03/02,29,33833438,PRJNA705698,ftp://ftp.ncbi.nlm.nih.gov/geo/series/GSE167nnn/GSE167976/,Q2_broad_diabetes_kidney,False,disease wording not explicit; renal tissue wording not explicit,PENDING_HUMAN_REVIEW,
200168072,GSE168072,Gene expression analysis of human mortal renal tubular epithelial cells chronically exposed to elevated levels of glucose,"This study was designed to simulate the effect of hyperglycemia on the proximal tubule.  This portion of the kidney is responsible for reabsorption of the filtered glucose, and thus, the amount reabsorbed is not regulated by insulin.  A long-term exposure was designed to model aspects of renal demise seen in diabetes.  We utilized mortal cultures of human renal tubule epithelial cells isolated from renal cortical tissue.  Since the majority of these cells express the cell surface marker CD133, these cells can be used as a model for the progenitor cells that repopulate the nephron after a toxic insult.  The outcome of the current study is that the lysosomal genes and mTOR were repressed.",Homo sapiens,GSE,Expression profiling by array,10558,2021/03/07,12,33764985,PRJNA705982,ftp://ftp.ncbi.nlm.nih.gov/geo/series/GSE168nnn/GSE168072/,Q2_broad_diabetes_kidney,False,disease wording not explicit; renal tissue wording not explicit,PENDING_HUMAN_REVIEW,
200168327,GSE168327,miRNA expression during BMSCs from human jaw in Type 2 diabetics.,The association between T2 DM and BMSCs osteogenic differentiation has been documented in experimental settings. We examine miRNA expression specific for BMSCs from human jaw in Type 2 diabetics.,Homo sapiens; synthetic construct,GSE,Non-coding RNA profiling by array,19117,2021/03/06,6,,PRJNA706912,ftp://ftp.ncbi.nlm.nih.gov/geo/series/GSE168nnn/GSE168327/,Q2_broad_diabetes_kidney,False,disease wording not explicit; renal tissue wording not explicit; not a bulk-expression GEO type,PENDING_HUMAN_REVIEW,
200168492,GSE168492,"Population and single cell RNAseq analysis of CD4+ T cells in FOXP3 mutant mice ( scurfy"") and IPEX patients",This SuperSeries is composed of the SubSeries listed below.,Mus musculus; Homo sapiens,GSE,Expression profiling by high throughput sequencing,18573;19057,2021/03/08,111,33833438,PRJNA707555,ftp://ftp.ncbi.nlm.nih.gov/geo/series/GSE168nnn/GSE168492/,Q2_broad_diabetes_kidney,False,disease wording not explicit; renal tissue wording not explicit,PENDING_HUMAN_REVIEW,
200175735,GSE175735,The effect of homocysteine on Human Aortic Endothelial Cells [RNA],"Hyperhomocysteinemia (HHcy) is an established and potent independent risk factor for degenerative diseases, including cardiovascular disease (CVD), Alzheimer disease, type II diabetes mellitus, and chronic kidney disease. HHcy has been shown to inhibit proliferation and promote inflammatory responses in endothelial cells (EC), and impair endothelial function, a hallmark for vascular injury. However, metabolic processes and molecular mechanisms mediating HHcy-induced endothelial injury remains to be elucidated. This study examined the effects of HHcy on the expression of mRNA and microRNA (miRNA) in human aortic endothelial cells treated with a pathophysiologically relevant concentration of homocysteine (Hcy 500 μM).  This is the first study to consider the effects of HHcy on both global mRNA and miRNA expression changes for mechanism identification. Molecular axes and biochemical processes identified in this study are useful not only for the understanding of mechanisms underlying HHcy-induced endothelial injury, but also for discovering therapeutic targets for CVD in general.",Homo sapiens,GSE,Expression profiling by array,6244,2021/05/29,6,34140262,PRJNA733460,ftp://ftp.ncbi.nlm.nih.gov/geo/series/GSE175nnn/GSE175735/,Q2_broad_diabetes_kidney,False,disease wording not explicit; renal tissue wording not explicit,PENDING_HUMAN_REVIEW,
200175745,GSE175745,The effect of homocysteine on Human Aortic Endothelial Cells [miRNA],"Hyperhomocysteinemia (HHcy) is an established and potent independent risk factor for degenerative diseases, including cardiovascular disease (CVD), Alzheimer disease, type II diabetes mellitus, and chronic kidney disease. HHcy has been shown to inhibit proliferation and promote inflammatory responses in endothelial cells (EC), and impair endothelial function, a hallmark for vascular injury. However, metabolic processes and molecular mechanisms mediating HHcy-induced endothelial injury remains to be elucidated. This study examined the effects of HHcy on the expression of mRNA and microRNA (miRNA) in human aortic endothelial cells treated with a pathophysiologically relevant concentration of homocysteine (Hcy 500 μM).  This is the first study to consider the effects of HHcy on both global mRNA and miRNA expression changes for mechanism identification. Molecular axes and biochemical processes identified in this study are useful not only for the understanding of mechanisms underlying HHcy-induced endothelial injury, but also for discovering therapeutic targets for CVD in general.",Homo sapiens; synthetic construct,GSE,Non-coding RNA profiling by array,8786,2021/05/29,6,34140262,PRJNA733479,ftp://ftp.ncbi.nlm.nih.gov/geo/series/GSE175nnn/GSE175745/,Q2_broad_diabetes_kidney,False,disease wording not explicit; renal tissue wording not explicit; not a bulk-expression GEO type,PENDING_HUMAN_REVIEW,
200175759,GSE175759,RNA-seq profiling of tubulointerstitial tissue reveals a potential therapeutic role of dual anti-phosphatase 1 in kidney diseases,"We profiled manually microdissected tubulointerstitial tissue from 43 IgA nephropathy, 3 diabetes mellitus nephropathy, 3 focal segmental glomerulosclerosis, 3 lupus nephritis, 4 membranous nephropathy, and 9 minimal change disease biopsy cores and 22 nephrectomy controls by RNA sequencing. The 3 outliers which were not included in our main analysis were also uploaded in this database.",Homo sapiens,GSE,Expression profiling by high throughput sequencing,16791,2022/05/02,90,35488446,PRJNA733490,ftp://ftp.ncbi.nlm.nih.gov/geo/series/GSE175nnn/GSE175759/,Q1_disease_phrases;Q2_broad_diabetes_kidney,False,disease wording not explicit,PENDING_HUMAN_REVIEW,
200180411,GSE180411,Urinary exosomal miRNA-663a shows variable expression in diabetic kidney disease patients with or without proteinuria,"HK-2 cells were cultured in low and high  glucose conditions for 96 hours in serum free conditions. Exosomes were isolated from the supernatant of these cells. miRCURY LNATM Universal RT microRNA PCR Human panel I+II (Exiqon) were used to study the differential expression from three different high glucose treated exosomes (HE1, HE2, HE3) than to low glucose treated exosomes (LE1, LE2, LE3).",Homo sapiens,GSE,Expression profiling by RT-PCR,30410,2022/12/31,6,36934129,PRJNA748079,ftp://ftp.ncbi.nlm.nih.gov/geo/series/GSE180nnn/GSE180411/,Q1_disease_phrases;Q2_broad_diabetes_kidney,False,renal tissue wording not explicit; not a bulk-expression GEO type,PENDING_HUMAN_REVIEW,
200181002,GSE181002,Single-cell RNA-seq of human kidney organoids,"We used scRNA-Seq  (and other biological experiments) to study the impact of a high oscillatory glucose regime in the differentiation and metabolic status of human kidney organoids further emulating early hallmarks of the diabetic kidney. To study the interplay between those changes and SARS-CoV-2 infection we  assessed the effect of early stages of infection (1 day post infection) in normoglicemic (5 mM), hyperglicemic (5-25 mM oscillatory regime) and differentiating (11 mM) conditions. We retrieved metabolic changes and an upregulation of inflammatory related processes upon infection, whilst there was not an impact in the viability of the different cell types in the kidney organoids. Also, we studied the differences between ACE2 CRISPR/Cas9 knockouts and ACE2 WT organoids, using single cell RNA sequencing to resolve cell-type specific and cell proportion changes.",Homo sapiens,GSE,Expression profiling by high throughput sequencing,18573;24676,2022/05/12,8,35561674,PRJNA750396,ftp://ftp.ncbi.nlm.nih.gov/geo/series/GSE181nnn/GSE181002/,Q2_broad_diabetes_kidney,False,renal tissue wording not explicit,PENDING_HUMAN_REVIEW,
200182138,GSE182138,Transcriptome analysis and weighted gene co-expression network reveal candidate genes and pathways responses to lactate dehydrogenase inhibition (oxamate) in hyperglycemic human renal proximal epithelial tubular cells,"Diabetic kidney disease (DKD) is the leading cause of both chronic kidney disease (CKD) and end-stage renal disease (ESRD). In this study, we performed transcriptome gene expression profiling of kidney tissues in human renal proximal epithelial tubular cell line (HK-2) treated with high D-glucose (HG) for 7 days before the addition of 40 mM oxamate for a further 24 hours in the presence of HG. Afterwards, we analyzed the differentially expressed (DE) genes and investigated gene relationships based on weighted gene co-expression network analysis (WGCNA). Accordingly, enrichment analyses of GO terms and KEGG pathways showed that several pathways (e.g., lysosome (hsa04142) and p53 signaling pathway (hsa04115)) may be involved in a response of HK-2 cells to oxamate. Moreover, via WGCNA, we identified two modules: both the turquoise and blue modules were enriched in pathways associated with lysosome. However, the P53 signaling pathway was only found using all 3,884 DE genes. Furthermore, the key hub genes IGFBP3 interacted with 6 up-regulated and 12 down-regulated DE genes in the network that were enriched in the P53 signaling pathway. This is the first study reporting co-expression patterns of a gene network after lactate dehydrogenase inhibition in HK-2 cells. Our results may contribute to our understanding of the underlying molecular mechanism of in vitro reprogramming under hyperglycemic stress that orchestrates the survival and functions of HK-2 cells.",Homo sapiens,GSE,Expression profiling by high throughput sequencing,20795,2022/03/31,5,35370938,PRJNA754770,ftp://ftp.ncbi.nlm.nih.gov/geo/series/GSE182nnn/GSE182138/,Q1_disease_phrases;Q2_broad_diabetes_kidney,True,priority human review,PENDING_HUMAN_REVIEW,
200182259,GSE182259,A global analysis on the differential regulation of RNA binding proteins (RBPs) by TNF–α as potential modulators of metabolic syndromes,"Purpose:Metabolic syndrome (MetS) is associated with a group of conditions including diabetes, obesity, insulin resistance etc. The goal of our study is to identify the differentially regulated genes under metabolic syndromes induced by TNF-α. Methods:A Homosapines Reference based Transcriptome sequencing is performed to understand the genes that are diffrerentially regulated under metabolic synromes with TNF-α as upstream. The HEK293 cells were treated with TNF alpha at 10ng/ml for 6hrs to induce the metabolic disturbances mimicking the metabolic syndromes and untreated HEK 293 cells were considered as control. For the Control set (31 million reads) and TNF-α treated (34 million reads) samples was obtained through the Illumina NextSeq 500 platform and comprised of paired end reads of 76 bp (2X76). FastQC software was used to check the quality of the NextSeq 500 paired end reads and were further processed by in-house script for adapter removal and low quality bases trimming. Tophat-2.02  and Cufflinks-2.1.14 tools were used for the analysis. A two fold change and p-value <0.05 cut-off was used to report the differentially expressed genes (DEGs). Owing to the absence of replicates, no FDR correction was used.For each gene a RPKM (Reads per kilo base per million mapped reads) value was calculated for each gene. Apart from the RPKM value, p-value and a fold change value was also calculated for control and treated samples. The genes were validated using qPCR using using Brilliant Ш Ultra-Fast SYBR green qPCR Master Mix in AriaMx PCR System (Agilent Technologies). Results: Around 6056 and 5495 transcripts were shown as up and down regulated respectively using a twofold change cut-off. On excluding the transcripts with no gene names,   the numbers of up and down regulated transcripts were found out to be 4444 (3551 genes) and 4365 (3418 genes) respectively.Among which 1218 genes are unique, and highly significant(based on p-value cut-off) and  transcriptionally regulated genes by TNF-α, among which about 15% are RBPs; identified by the EuRBPDB data base. Among these transcriptionally regulated genes, we have identified 204 MetS genes by IPA analysis, more than 10% of which are identified as RBPs. Conclusion: Transcriptional regulation of the MetS genes by TNF-α, which   also act as RBPs predicts the existence of feed-forward loops and interconnected pathways, which may influence the onset of MetS at the molecular level.",Homo sapiens,GSE,Expression profiling by high throughput sequencing,18573,2022/01/21,2,37082594,PRJNA755604,ftp://ftp.ncbi.nlm.nih.gov/geo/series/GSE182nnn/GSE182259/,Q2_broad_diabetes_kidney,False,disease wording not explicit; renal tissue wording not explicit,PENDING_HUMAN_REVIEW,
200183276,GSE183276,An atlas of healthy and injured cell states and niches in the human kidney [scCv3],"Understanding kidney disease relies upon defining the complexity of cell types and states, their associated molecular profiles, and interactions within tissue neighborhoods. We applied multiple single-cell or -nucleus assays (>400,000 nuclei/cells) and spatial imaging technologies to a broad spectrum of healthy reference (45 donors) and diseased (48 patients) kidneys. This has provided a high resolution cellular atlas of 51 main cell types that include rare and novel cell populations. The multi-omic approach provides detailed transcriptomic profiles, epigenomic regulatory factors, and spatial localizations spanning the entire kidney. We further define 28 cellular states across nephron segments and interstitium that were altered in kidney injury, encompassing cycling, adaptive or maladaptive repair, transitioning and degenerative states. Molecular signatures permitted localization of these states within injury neighborhoods using spatial transcriptomics, while large-scale 3D imaging analysis (~1.2 million neighborhoods) provided corresponding linkages to active immune responses. These analyses defined biological pathways relevant to injury time-course and niches, including signatures underlying epithelial repair that predicted maladaptive states associated with a decline in kidney function. This integrated multimodal spatial cell atlas of healthy and diseased human kidneys represents the most comprehensive benchmark of cellular states, neighborhoods, outcome-associated signatures, and publicly available interactive visualizations.   ",Homo sapiens,GSE,Expression profiling by high throughput sequencing,24676,2022/10/10,49,37468583;39691368;39916957,PRJNA759875,ftp://ftp.ncbi.nlm.nih.gov/geo/series/GSE183nnn/GSE183276/,Q1_disease_phrases;Q2_broad_diabetes_kidney,False,disease wording not explicit; renal tissue wording not explicit,PENDING_HUMAN_REVIEW,
200183277,GSE183277,An atlas of healthy and injured cell states and niches in the human kidney [snCv3],"Understanding kidney disease relies upon defining the complexity of cell types and states, their associated molecular profiles, and interactions within tissue neighborhoods. We applied multiple single-cell or -nucleus assays (>400,000 nuclei/cells) and spatial imaging technologies to a broad spectrum of healthy reference (45 donors) and diseased (48 patients) kidneys. This has provided a high resolution cellular atlas of 51 main cell types that include rare and novel cell populations. The multi-omic approach provides detailed transcriptomic profiles, epigenomic regulatory factors, and spatial localizations spanning the entire kidney. We further define 28 cellular states across nephron segments and interstitium that were altered in kidney injury, encompassing cycling, adaptive or maladaptive repair, transitioning and degenerative states. Molecular signatures permitted localization of these states within injury neighborhoods using spatial transcriptomics, while large-scale 3D imaging analysis (~1.2 million neighborhoods) provided corresponding linkages to active immune responses. These analyses defined biological pathways relevant to injury time-course and niches, including signatures underlying epithelial repair that predicted maladaptive states associated with a decline in kidney function. This integrated multimodal spatial cell atlas of healthy and diseased human kidneys represents the most comprehensive benchmark of cellular states, neighborhoods, outcome-associated signatures, and publicly available interactive visualizations.   ",Homo sapiens,GSE,Expression profiling by high throughput sequencing,24676,2022/10/10,44,37468583;39691368,PRJNA759879,ftp://ftp.ncbi.nlm.nih.gov/geo/series/GSE183nnn/GSE183277/,Q1_disease_phrases;Q2_broad_diabetes_kidney,False,disease wording not explicit; renal tissue wording not explicit,PENDING_HUMAN_REVIEW,
200183279,GSE183279,An atlas of healthy and injured cell states and niches in the human kidney,This SuperSeries is composed of the SubSeries listed below.,Homo sapiens,GSE,Expression profiling by high throughput sequencing; Genome binding/occupancy profiling by high throughput sequencing,24676,2022/10/10,199,37468583;39691368;39916957,PRJNA759877,ftp://ftp.ncbi.nlm.nih.gov/geo/series/GSE183nnn/GSE183279/,Q1_disease_phrases;Q2_broad_diabetes_kidney,False,disease wording not explicit; renal tissue wording not explicit; not a bulk-expression GEO type,PENDING_HUMAN_REVIEW,
200183456,GSE183456,Spatial localization with Spatial Transcriptomics for an atlas of healthy and injured cell states and niches in the human kidney [Visium ST],"To spatially localize cell types within the tissue, snCv3 subclasses were used to predict the corresponding identities in Visium transcriptomic data. This allowed for recapitulated renal corpuscle, tubular, vascular, and interstitial cell types having proportions, marker profiles, and spatial organizations consistent observed histopathology.",Homo sapiens,GSE,Expression profiling by high throughput sequencing,24676,2022/10/12,23,37468583;39691368,PRJNA760908,ftp://ftp.ncbi.nlm.nih.gov/geo/series/GSE183nnn/GSE183456/,Q1_disease_phrases;Q2_broad_diabetes_kidney,False,disease wording not explicit; renal tissue wording not explicit,PENDING_HUMAN_REVIEW,
200185011,GSE185011,"The expression of mRNA and lncRNA in peripheral blood mononuclear cells (PBMCs) of diabetes mellitus, diabetic retinopathy (DR), diabetic peripheral neuropathy (DPN) and diabetic nephropathy (DN) patients","DR, DPN and DN are common complications in diabetes, and the differentially expressed mRNAs and lncRNAs in these diabetic complications may help to identify the molecular markers for the onset and progression of diseases. In our study, high-throughput sequencing technique was used to analyze the expression profile of mRNA and lncRNA in the peripheral blood of health control, T2DM, DR, DPN and DN patients, in order to determine the differentially expressed  transcriptomic profiles changes in diabetic complications and identify the shared and specific biological signaling pathways related to DR, DPN and DN.",Homo sapiens,GSE,Expression profiling by high throughput sequencing,24676,2022/08/31,25,35989592,PRJNA767371,ftp://ftp.ncbi.nlm.nih.gov/geo/series/GSE185nnn/GSE185011/,Q1_disease_phrases,False,renal tissue wording not explicit,PENDING_HUMAN_REVIEW,
200185035,GSE185035,Human Pluripotent Stem Cell-derived Islets Ameliorate Diabetes in Nonhuman Primates [human_bulk],"Human pluripotent stem cell-derived islets (hPSC-islets) are a promising cell resource for diabetes treatment. Here, we demonstrate that transplantation of human pluripotent stem cell-derived islets into diabetic nonhuman primates effectively restored endogenous insulin secretion and improved glycemic control. Single-cell RNA sequencing analysis of S6D2 clusters confirmed the existence of the three major pancreatic endocrine cell populations (β cells, α-like cells and δ-like cells) and their proportions, which altogether accounted for 80%. Importantly, hierarchical clustering of S6D2 hCiPSC-islets, 10 wpt kidney grafts and primary human islets showed that the hCiPSC differentiated pancreatic endocrine cells shared similar global gene expression profiles to their native counterparts in primary human islets. Single-cell RNA sequencing analysis on PBMCs revealed the potential immune response of recipient macaque to hCiPSC-islets.",Homo sapiens,GSE,Expression profiling by high throughput sequencing,20795,2022/02/04,12,35115708,PRJNA767419,ftp://ftp.ncbi.nlm.nih.gov/geo/series/GSE185nnn/GSE185035/,Q2_broad_diabetes_kidney,False,disease wording not explicit; renal tissue wording not explicit,PENDING_HUMAN_REVIEW,
200185036,GSE185036, Human Pluripotent Stem Cell-derived Islets Ameliorate Diabetes in Nonhuman Primates [human_singlecell],"Pluripotent stem cell-derived islets (hPSC-islets) are a promising cell resource for diabetes treatment. Here, we demonstrate that transplantation of pluripotent stem cell-derived islets into diabetic nonprimates effectively restored endogenous insulin secretion and improved glycemic control. Single-cell RNA sequencing analysis of S6D2 clusters confirmed the existence of the three major pancreatic endocrine cell populations (β cells, α-like cells and δ-like cells) and their proportions, which altogether accounted for 80%. Importantly, hierarchical clustering of S6D2 hCiPSC-islets, 10 wpt kidney grafts and primary islets showed that the hCiPSC differentiated pancreatic endocrine cells shared similar global gene expression profiles to their native counterparts in primary islets. Single-cell RNA sequencing analysis on PBMCs revealed the potential immune response of recipient macaque to hCiPSC-islets.",Homo sapiens,GSE,Expression profiling by high throughput sequencing,20795,2022/02/04,3,35115708,PRJNA767420,ftp://ftp.ncbi.nlm.nih.gov/geo/series/GSE185nnn/GSE185036/,Q2_broad_diabetes_kidney,False,disease wording not explicit; renal tissue wording not explicit,PENDING_HUMAN_REVIEW,
200185038,GSE185038,Human Pluripotent Stem Cell-derived Islets Ameliorate Diabetes in Nonhuman Primates,This SuperSeries is composed of the SubSeries listed below.,Macaca mulatta; Homo sapiens,GSE,Expression profiling by high throughput sequencing,24522;20795,2022/02/04,19,35115708,PRJNA767418,ftp://ftp.ncbi.nlm.nih.gov/geo/series/GSE185nnn/GSE185038/,Q2_broad_diabetes_kidney,False,disease wording not explicit; renal tissue wording not explicit,PENDING_HUMAN_REVIEW,
200185598,GSE185598,Lnc-SLC15A1-1 Up-regulates CXCL10/CXCL8 Expression in Endothelial Cells by Sponging MicroRNAs (RNA-Seq),"Cardiovascular disease (CVD) is the leading cause of mortality in diabetes mellitus (DM). However, the molecular factors that cause this disproportiona increase in CVD in the DM/chronic kidney disease (CKD) population are still unknown.Human endothelial cells treated with high glucose to mimic DM and with the uremic toxin indoxyl sulfate (IS) to mimic the endothelial injury associated with CKD. Differentially expressed lncRNAs in these conditions were analyzed by RNA sequencing.Lnc-SLC15A1-1 expression was significantly increased upon IS treatment versus high glucose alone.",Homo sapiens,GSE,Expression profiling by high throughput sequencing; Non-coding RNA profiling by high throughput sequencing,18573,2021/10/16,6,34941711,PRJNA769945,ftp://ftp.ncbi.nlm.nih.gov/geo/series/GSE185nnn/GSE185598/,Q2_broad_diabetes_kidney,False,disease wording not explicit; renal tissue wording not explicit; not a bulk-expression GEO type,PENDING_HUMAN_REVIEW,
200186021,GSE186021,Genome-wide Analysis Reflects Novel 5-Hydroxymethylcytosines Implicated in Diabetic Nephropathy,"Background:  Long-term complications of type 2 diabetes (T2D) are the major causes for T2D-related disability and mortality. Notably, diabetic nephropathy (DN) has become the most frequent cause of end-stage renal disease (ESRD) in most countries. Understanding epigenetic contributors to DN can provide novel insights into this complex disorder and lay the foundation for more effective monitoring tools and preventive interventions, critical for achieving the ultimate goal of improving patient care and reducing healthcare burden.",Homo sapiens,GSE,Methylation profiling by high throughput sequencing,18573,2022/03/31,55,35342902,PRJNA771705,ftp://ftp.ncbi.nlm.nih.gov/geo/series/GSE186nnn/GSE186021/,Q1_disease_phrases;Q2_broad_diabetes_kidney,False,renal tissue wording not explicit; not a bulk-expression GEO type,PENDING_HUMAN_REVIEW,
200186547,GSE186547,MCC regulator of WNT signaling pathway (MCC) is a podocyte essential gene,"Podocytes are an integral part of the glomerular infiltration barrier. At present, many genes are known essential for podocyte survival and structural and functional homeostasis; however, there are more such genes to be uncovered. By single-cell RNA-seq of mouse podocytes, we detected the expression of gene encoding MCC regulator of WNT signaling pathway (MCC) in majority of the single podocytes and speculated that MCC may be essential for podocytes. We confirmed MCC expression in mouse podocytes and further showed its expression in human podocytes. To experimentally prove the essentiality of MCC for podocytes, we knocked down MCC in cultured podocytes, resulting in marked morphological change of cell shape, cytoskeletal stress fiber disruption, increased apoptosis, and downregulation of podocyte essential genes, CD2AP and WT1, demonstrating that MCC is essential for podocytes. To investigate the mechanism underlying the role of MCC in podocytes, we performed RNA-seq analysis of the podocytes in culture 24 hours after transfection of siRNA against MCC, followed by bioinformatics analysis of the genes with altered expression, and found some mechanistic clues. Lastly, we found that MCC is downregulated in podocytes treated with puromycin aminonucleosides and in glomeruli of diabetic mice and FSGS patients, implicating MCC in the development of podocytopathy and proteinuria. In conclusion, MCC is essential for podocytes and its deficiency may be involved in podocytopathy.",Homo sapiens,GSE,Expression profiling by high throughput sequencing,24676,2021/12/23,6,34926519,PRJNA774350,ftp://ftp.ncbi.nlm.nih.gov/geo/series/GSE186nnn/GSE186547/,Q2_broad_diabetes_kidney,False,disease wording not explicit,PENDING_HUMAN_REVIEW,
200186844,GSE186844,The Circulating Exosomal Long RNAs Expression Reveals T Cell Mediated Inflammatory Response and The Potential Clinical Value Analysis in Ischemic Stroke,"This was a case-control study conducted from August 2020 to January 2021, in which 9 ischemic stroke and 2 healthy individuals (healthy control group) attending the Guangdong Provincial People's Hospital were recruited for plasma exoLRs sequencing. The other 10 normal samples from a previous study published in the Gene Expression Omnibu (GEO) database (Accession No. GSE159657) were used as part of healthy control group to analyzed the expression profile together.  30 ischemic stroke patients and 30 healthy individuals were also recruited for validation of the expression of exoLRs. Ischemic stroke diagnosis was performed according to World Health Organization guidelines and validated using computed tomography or magnetic resonance imaging. The ischemic stroke must have lasted not more 48 hours prior to recruitment. The participants ranged between 18–75 years old and were from either gender. To be included in this study, healthy individuals had to have displayed normal renal and liver function, and with no history of smoking, malignancy, recent cardiovascular or cerebrovascular events, rheumatologic disorders, chronic heart failure, diabetes, acute or chronic infectious disease, aortic dissection, pulmonary embolism, myocarditis, pericarditis or congenital heart disease.Blood samples were collected immediately at admission before thrombolytic therapy. For each patient, 2 ml of venous blood was collected in ethylene diamine tetraacetic acid routine blood tubes. In order to extract plasma, the blood was centrifuged at 3000×g for 10 min at 4 °C and the supernatant was carefully transferred to a new tube for repeated centrifugation. Then the plasma was stored in cryogenic vials at −80 °C till further use. Total RNA in exosomal vesicles was extracted using the exoRNeasy Serum/Plasma kit (Qiagen), following the manufacturer’s protocol. The RNA-seq libraries were constructed using SMART technology (Clontech). RNA sequencing was performed by the illumine Nova-Seq 6000 System. ",Homo sapiens,GSE,Expression profiling by high throughput sequencing,24676,2024/08/01,21,,PRJNA776280,ftp://ftp.ncbi.nlm.nih.gov/geo/series/GSE186nnn/GSE186844/,Q2_broad_diabetes_kidney,False,disease wording not explicit; renal tissue wording not explicit,PENDING_HUMAN_REVIEW,
200189002,GSE189002,miRNA expression profiles of whole blood cells from a Han Chinese population with or without Type-2 Diabetes Mellitus or/and its complications in nephropathy and retinopathy,"Our main purpose is to screen specific biomarkers for supporting diagnoses of type-2 diabetic nephropathy (T2DN), type-2 diabetic retinopathy (T2DR), and type-2 diabetes mellitus (T2D) without these complications. The miRNA expression database was built to study T2D in humans with the performance of the GeneChip™ miRNA 4.0 array analysis. The notable highlight of the analysis results in RNA expression shows there are three main groups which include one control group and two diabetic groups. It is used to apply grouping to the miRNA-expression analysis.",Homo sapiens; synthetic construct,GSE,Non-coding RNA profiling by array,19117,2023/07/07,45,,PRJNA781124,ftp://ftp.ncbi.nlm.nih.gov/geo/series/GSE189nnn/GSE189002/,Q1_disease_phrases,False,renal tissue wording not explicit; not a bulk-expression GEO type,PENDING_HUMAN_REVIEW,
200189005,GSE189005,RNA expression profiles of whole blood cells from a Han Chinese population with or without Type-2 Diabetes Mellitus or/and its complications in nephropathy and retinopathy,"Our main purpose is to screen specific biomarkers for supporting diagnoses of type-2 diabetic nephropathy (T2DN), type-2 diabetic retinopathy (T2DR), and type-2 diabetes mellitus (T2D) without these complications. The RNA expression database was built to study T2D in humans with the performance of the Clariom™ D Assay, human. The notable highlight of the analysis results shows there are three main groups which include one control group and two diabetic groups. Interestingly, the diabetic groups share some aging-related pathways, especially fatty acid metabolism. On the other hand, B group with higher BMI coverage has many abundant coding genes in fatty acid degradation, while C group with lower BMI coverage involves in fatty acid elongation. It can be classified into obese and non-obese groups proportionally. In addition, the obese group consists of two T2DN-related cases without an independent T2DR_related case, which is contrary to the non-obese group has all three cases. It means that T2DR can be rarely found in overweight T2D-patients.",Homo sapiens,GSE,Expression profiling by array,23126,2023/07/07,45,,PRJNA781149,ftp://ftp.ncbi.nlm.nih.gov/geo/series/GSE189nnn/GSE189005/,Q1_disease_phrases,False,renal tissue wording not explicit,PENDING_HUMAN_REVIEW,
200189007,GSE189007,Gene-expression profiles of whole blood cells from a Han Chinese population with or without Type-2 Diabetes Mellitus or/and its complications in nephropathy and retinopathy,This SuperSeries is composed of the SubSeries listed below.,synthetic construct; Homo sapiens,GSE,Expression profiling by array; Non-coding RNA profiling by array,23126;5082;19117,2021/11/17,130,,PRJNA781140,ftp://ftp.ncbi.nlm.nih.gov/geo/series/GSE189nnn/GSE189007/,Q1_disease_phrases,False,disease wording not explicit; renal tissue wording not explicit; not a bulk-expression GEO type,PENDING_HUMAN_REVIEW,
200018927,GSE18927,University of Washington Human Reference Epigenome Mapping Project,"The NIH Roadmap Epigenomics Mapping Consortium aims to produce a public resource of epigenomic maps for stem cells and primary ex vivo tissues selected to represent the normal counterparts of tissues and organ systems frequently involved in human disease.  Study of chromatin accessibility and expression using exon arrays.   **************** For data usage terms and conditions, please refer to: http://www.drugabuse.gov/funding/funding-opportunities/nih-common-fund/epigenomics-data-access-policies **************** ",Homo sapiens,GSE,Genome binding/occupancy profiling by high throughput sequencing; Expression profiling by array; Expression profiling by high throughput sequencing,18952;9115;10999;5188;11154,2010/01/06,758,20944595;22955618;22955828;24336318;25693567;26030523;23576721;26502339,PRJNA34535,ftp://ftp.ncbi.nlm.nih.gov/geo/series/GSE18nnn/GSE18927/,Q2_broad_diabetes_kidney,False,disease wording not explicit; renal tissue wording not explicit; not a bulk-expression GEO type,PENDING_HUMAN_REVIEW,
200189875,GSE189875,Neutrophil extracellular traps induce glomerular endothelial cell dysfunction and pyroptosis in diabetic kidney disease,"Diabetic kidney disease (DKD) is the leading cause of end-stage renal disease. Neutrophil extracellular traps (NETs) are a network structure composed of loose chromatin and embedded with multiple proteins. Here, we observed increased NETs deposition in the glomeruli of DKD patients and diabetic mice (streptozotocin-induced or db/db mice). After degrading NETs with DNase I, diabetic mice exhibited attenuated glomerulopathy and glomerular endothelial cell (GEC) injury. We also observed alleviated glomerulopathy and GEC injury in peptidylarginine deiminase 4 (PAD4)-knockout mice with streptozotocin-induced diabetes. In vitro, NET-induced GEC pyroptosis was characterized by pore formation in the cell membrane, dysregulation of multiple genes involved in cell membrane function, and high expression of pyroptosis-related proteins. Strengthening the GEC surface charge by oleylamine significantly inhibited NET-induced GEC pyroptosis. These results indicate that NET-induced alterations in GEC charge are associated with GEC pyroptosis in the pathogenesis of DKD and suggest that NETs are a potential therapeutic target for DKD.",Homo sapiens,GSE,Expression profiling by high throughput sequencing,20795,2022/09/01,10,,PRJNA784943,ftp://ftp.ncbi.nlm.nih.gov/geo/series/GSE189nnn/GSE189875/,Q1_disease_phrases;Q2_broad_diabetes_kidney,True,priority human review,PENDING_HUMAN_REVIEW,
200190251,GSE190251,Circular RNA expression profile and its potential regulative role in Chronic total occlusion,"Objectives: CircRNAs, a novel class of noncoding RNAs, have been reported in many diseases. However, their role in coronary CTO remains unclear. Here, we aimed to determine the circRNA expression profile in coronary CTO patients and further construct a circRNA–miRNA network. It provides a new way to study the pathogenesis of coronary CTO. Methods: Plasma circRNA expression profiles were screened by circRNA microarrays. The CircRNA–miRNA network was established to predict the circRNA targets. Gene ontology (GO) analysis and KEGG, Reactome pathway analysis were applied for further enrichment of data. Finally, quantitative reverse transcription polymerase chain reaction (qRT-PCR) was performed to confirm these results. Results: We collected the peripheral blood of 4 adult patients with coronary CTO and 4 adult patients with normal coronary arteries, and found 11,562 circRNAs by sequencing. 652 circRNAs were significantly differentially expressed, of which 196 were significantly up-regulated and 456 were significantly down-regulated. Through bioinformatics analysis, we analyzed and predicted the potential biological functions of circRNAs. Further studies found that differently expressed circRNAs are mainly involved in the occurrence and development of coronary CTO by participating in inflammatory response, angiogenesis, calcification in lesions, regulation of lipid metabolism, insulin secretion and other pathways. Finally, the over-expression of hsa_circ_0045503, hsa_circ_0125975 and under-expression of  hsa_circ_0102054 were further validated by qRT-PCR. Hsa-circ-0125975 exhibited significant up-regulation in patients with coronary CTO, which was in line with the sequencing data. Conclusions: The results of this study may provide a new biomarker and therapeutic target for the diagnosis and treatment of coronary CTO.",Homo sapiens,GSE,Non-coding RNA profiling by high throughput sequencing,24676,2025/10/05,8,,PRJNA786541,ftp://ftp.ncbi.nlm.nih.gov/geo/series/GSE190nnn/GSE190251/,Q2_broad_diabetes_kidney,False,disease wording not explicit; renal tissue wording not explicit; not a bulk-expression GEO type,PENDING_HUMAN_REVIEW,
200190280,GSE190280,Transcriptomic profiling of senescent human stromal cells upon medicinal intervention with dihydromyricetin,"Aging and age-related pathologies can be delayed by specifically targeting the senescence-associated secretory phenotype (SASP), a hallmark feature of senescent cells. Achieving the goal using natural or synthetic agents would have a tremendous impact on the quality of lifespan and burden of age-related chronic diseases. We report the potential of dihydromyricetin (DMY), a bioactive phytochemical constituent that can be found in natural plants such as Rattan tea extract (RTE), in targeting senescent cells via suppression of the SASP. This study demonstrates the efficacy of DMY as medicinal agent in controlling the influence of senescent human stromal cells and provides a strong rationale for its future use in aging intervention and geriatric medicine.",Homo sapiens,GSE,Expression profiling by high throughput sequencing,11154,2025/12/31,9,,PRJNA786574,ftp://ftp.ncbi.nlm.nih.gov/geo/series/GSE190nnn/GSE190280/,Q2_broad_diabetes_kidney,False,disease wording not explicit; renal tissue wording not explicit,PENDING_HUMAN_REVIEW,
200192889,GSE192889,Upregulation of FGF13 promotes type 2 diabetic nephropathy by modulating glomerular endothelial mitochondrial homeostasis,"Studies of diabetic glomerular injury raise the possibility of developing useful early biomarkers and therapeutic approaches for the treatment of type 2 diabetic nephropathy (T2DN). In this study, it is found that FGF13 expression is induced in glomerular endothelial cells (GECs) during T2DN progression, and endothelial-specific deletion of Fgf13 potentially alleviates T2DN damage. Fgf13 deficiency restores the expression of Parkin both in the cytosolic, mitochondrial, and nuclear fractions under diabetic conditions, resulting in improved mitochondrial homeostasis and endothelial barrier integrity due to promotion of mitophagy and inhibition of apoptosis. Additionally, it is confirmed that the beneficial effects of Fgf13 deficiency on T2DN are abolished by endothelial-specific double deletion of Fgf13 and Prkn. The effects of Fgf13 deficiency on mitophagy and apoptosis via Parkin-dependent regulation may be distinct and separable events under diabetic conditions. These data show that the bifunctional role of Fgf13 deficiency in promoting mitophagy and inhibiting apoptosis through Parkin can shape mitochondrial homeostasis regulation in GECs and T2DN progression. Acting as a potential biomarker and therapeutic target for prevention and control of T2DN, mechanistically understanding of the biofunction of FGF13 may also be of relevance to the pathogenesis of other FGF13- and Parkin-associated diseases.",Homo sapiens,GSE,Expression profiling by high throughput sequencing,24676,2024/12/11,9,,PRJNA793680,ftp://ftp.ncbi.nlm.nih.gov/geo/series/GSE192nnn/GSE192889/,Q1_disease_phrases;Q2_broad_diabetes_kidney,True,priority human review,PENDING_HUMAN_REVIEW,
200194154,GSE194154,DNA Methylation-Based Prediction of Post-Operative Atrial Fibrillation I,"Background: Atrial fibrillation (AF) is the most common sustained cardiac arrhythmia and post-operative atrial fibrillation (POAF) is a major healthcare burden, contributing to an increased risk of stroke, kidney failure, heart attack and death. Genetic studies have identified associations with AF, but no molecular diagnostic exists to predict POAF based on pre-operative measurements. Such a tool would be of great value for perioperative planning to improve patient care and reduce healthcare costs. In this pilot study of epigenetic precision medicine in the perioperative period, we carried out bisulfite sequencing to measure DNA methylation status in blood collected from patients prior to cardiac surgery to identify biosignatures of POAF. Methods: We enrolled 221 patients undergoing cardiac surgery in this prospective observational study. DNA methylation measurements were obtained from blood samples drawn from awake patients prior to surgery. After controlling for clinical and methylation covariates, we analyzed DNA methylation loci in the discovery cohort of 110 patients for association with POAF. We also constructed predictive models for POAF using clinical and DNA methylation data. We subsequently performed targeted analyses of a separate cohort of 101 cardiac surgical patients to measure the methylation status solely of significant methylation loci in the discovery cohort. Results: A total of 47 patients in the discovery cohort (42.7%) and 43 patients in the validation cohort (42.6%) developed POAF. We identified 12 CpGs that were statistically significant in the discovery cohort after correcting for multiple hypothesis testing. Of these sites, 6 were amenable to targeted bisulfite sequencing and chr16:24640902 was statistically significant in the validation cohort. In addition, the methylation POAF prediction model had an AUC of 0.79 in the validation cohort. Conclusions: We have identified DNA methylation biomarkers that can predict future occurrence of POAF associated with cardiac surgery. This research demonstrates the use of precision medicine to develop models combining epigenomic and clinical data to predict disease.",Homo sapiens,GSE,Methylation profiling by high throughput sequencing,11154,2022/05/05,110,35620521,PRJNA799332,ftp://ftp.ncbi.nlm.nih.gov/geo/series/GSE194nnn/GSE194154/,Q2_broad_diabetes_kidney,False,disease wording not explicit; renal tissue wording not explicit; not a bulk-expression GEO type,PENDING_HUMAN_REVIEW,
200194155,GSE194155,DNA Methylation-Based Prediction of Post-Operative Atrial Fibrillation II,"Background: Atrial fibrillation (AF) is the most common sustained cardiac arrhythmia and post-operative atrial fibrillation (POAF) is a major healthcare burden, contributing to an increased risk of stroke, kidney failure, heart attack and death. Genetic studies have identified associations with AF, but no molecular diagnostic exists to predict POAF based on pre-operative measurements. Such a tool would be of great value for perioperative planning to improve patient care and reduce healthcare costs. In this pilot study of epigenetic precision medicine in the perioperative period, we carried out bisulfite sequencing to measure DNA methylation status in blood collected from patients prior to cardiac surgery to identify biosignatures of POAF. Methods: We enrolled 221 patients undergoing cardiac surgery in this prospective observational study. DNA methylation measurements were obtained from blood samples drawn from awake patients prior to surgery. After controlling for clinical and methylation covariates, we analyzed DNA methylation loci in the discovery cohort of 110 patients for association with POAF. We also constructed predictive models for POAF using clinical and DNA methylation data. We subsequently performed targeted analyses of a separate cohort of 101 cardiac surgical patients to measure the methylation status solely of significant methylation loci in the discovery cohort. Results: A total of 47 patients in the discovery cohort (42.7%) and 43 patients in the validation cohort (42.6%) developed POAF. We identified 12 CpGs that were statistically significant in the discovery cohort after correcting for multiple hypothesis testing. Of these sites, 6 were amenable to targeted bisulfite sequencing and chr16:24640902 was statistically significant in the validation cohort. In addition, the methylation POAF prediction model had an AUC of 0.79 in the validation cohort. Conclusions: We have identified DNA methylation biomarkers that can predict future occurrence of POAF associated with cardiac surgery. This research demonstrates the use of precision medicine to develop models combining epigenomic and clinical data to predict disease.",Homo sapiens,GSE,Methylation profiling by high throughput sequencing,24676,2022/05/05,101,35620521,PRJNA799335,ftp://ftp.ncbi.nlm.nih.gov/geo/series/GSE194nnn/GSE194155/,Q2_broad_diabetes_kidney,False,disease wording not explicit; renal tissue wording not explicit; not a bulk-expression GEO type,PENDING_HUMAN_REVIEW,
200195443,GSE195443,Multimodal single cell sequencing of human diabetic kidney disease implicates chromatin accessibility and genetic background in disease progression [cut-and-run and bulk ATAC-seq to support single cell data],"Purpose: Identification of glucocorticoid recepor binding sites on human kidney proximal tubular cells to better understand epigenetic alterations  in diabetic kidney diseases Methods: CUT&RUN assay libraries for cultured cells or human kidneys were generated with the CUTANA kit (EpiCypher, 14-1048). 500,000 cells were mixed and incubated with Concanavalin A (ConA) conjugated paramagnetic beads. Antibodies to the glucocorticoid receptor were added to target samples and IgG was added to negative controls. The remaining steps were performed according to manufacturer’s instructions. Library preparation was performed using the NEBNext Ultra II DNA Library Prep Kit for Illumina (New England BioLabs, E7645S) with manufacturer’s instructions, including minor modifications indicated by CUTANA described above. CUT&RUN libraries were sequenced on a NovaSeq instrument (Illumina, 150 bp paired-end reads). For bulk ATAC-seq, 50,000 nuclei were transposed in 25 μL of ATAC-seq transposition mix [12.5 μL 2× Illumina Tagment DNA (TD) buffer; 10.5 μL nuclease-free water; 2.0 μL Tn5 transposase (Illumina/Nextera, FC-121-1030)] and incubated at 37°C for 1 h on a thermomixer. The transposed DNA was purified with QIAGEN MinElute kit (28004) and amplified with dual indexes.",Homo sapiens,GSE,Genome binding/occupancy profiling by high throughput sequencing,24676,2022/07/28,14,38916959,PRJNA800684,ftp://ftp.ncbi.nlm.nih.gov/geo/series/GSE195nnn/GSE195443/,Q1_disease_phrases;Q2_broad_diabetes_kidney,False,renal tissue wording not explicit; not a bulk-expression GEO type,PENDING_HUMAN_REVIEW,
200195460,GSE195460,Multimodal single cell sequencing implicates chromatin accessibility and genetic background in diabetic kidney disease progression,"Purpose: Single cell sequencing has advanced our understanding of kidney biology. The goals of this study are to compare single nucleus RNA (snRNA-seq) and single nucleus assay for transposase accessible chromatin sequencing (snATAC-seq) from healthy control donors and donors with type 2 diabetic kidney disease to identify altered signaling pathways and chromatin accessibility patterns observed in diabetic kidney disease.  Methods: Nuclear dissociation of human kidney cortex samples was performed on samples obtained from patients undergoing tumor nephrectromy or deceased organ donors. snRNA-seq and snATAC-seq libraries were prepared using 10X Genomics kits according to manufacturers instructions. For this study, two healthy control libraries from one donor were prepared with the following chemistries (1 - single cell 3-prime v3, 1 - single cell ATAC v1) and nine DKD libraries from seven donors were prepared with the following chemistries (2 - single cell 5-prime v2 paired-end, 7 - single cell ATAC v1).   Raw data for three healthy control and three DKD snRNA-seq libraries sequenced with single nucleus 5-prime R2 only can be found in GSE13188213. Raw data for two healthy control snRNA-seq sequenced with single nucleus 5-prime paired-end and five snATAC-seq single nucleus ATAC v1 libraries can be found in GSE151302. snRNA-seq and snATAC-seq libraries from these earlier studies were recounted with cellranger (v4.0) or cellranger-atac (v2.0) to provide consistency across processed data files.",Homo sapiens,GSE,Expression profiling by high throughput sequencing; Genome binding/occupancy profiling by high throughput sequencing,24676,2022/07/28,11,36068241,PRJNA800746,ftp://ftp.ncbi.nlm.nih.gov/geo/series/GSE195nnn/GSE195460/,Q1_disease_phrases;Q2_broad_diabetes_kidney,False,renal tissue wording not explicit; not a bulk-expression GEO type,PENDING_HUMAN_REVIEW,
200195792,GSE195792,EP300 promotes renal tubular epithelial cell fibrosis by accelerating HIF2α in diabetic nephropathy,The target gene of EP300 action was detected in human renal tubular epithelial cells,Homo sapiens,GSE,Genome binding/occupancy profiling by high throughput sequencing,24676,2023/01/31,2,,PRJNA802187,ftp://ftp.ncbi.nlm.nih.gov/geo/series/GSE195nnn/GSE195792/,Q1_disease_phrases;Q2_broad_diabetes_kidney,False,renal tissue wording not explicit; not a bulk-expression GEO type,PENDING_HUMAN_REVIEW,
200197222,GSE197222,Blood transcriptional profiles distinguish different clinical stages of cutaneous leishmaniasis in humans,"Cutaneous leishmaniasis (CL) is prevalent in many low-income countries. Although CL is considered non-fatal, it has a major impact on public health systems of affected nations, causing social and economic problems due to disfiguration, morbidity, loss of productivity and medical costs for the public sector. Since no effective human vaccine against CL exists, it is crucial to understand better factors that may affect the outcome of the disease, including the impact of the pathogen on the host immune system. While transcriptomics analyses of the skin lesion in CL patients were recently reported, there is a dearth of information on the expression of immune-related genes in the blood of CL patients. We herein sought to profile the expression of immune-related genes in the blood of healed, asymptomatic and active CL patients.",Homo sapiens,GSE,Expression profiling by RT-PCR,31978,2022/07/27,57,35905592,PRJNA809389,ftp://ftp.ncbi.nlm.nih.gov/geo/series/GSE197nnn/GSE197222/,Q2_broad_diabetes_kidney,False,disease wording not explicit; renal tissue wording not explicit; not a bulk-expression GEO type,PENDING_HUMAN_REVIEW,
200019769,GSE19769,"miRNA expression signatures for human stomach biopsy samples, H. pylori positive versus negative","We have employed whole microRNA microarray with the potential to distinguish H.pylori infection.Among the 470 human miRNAs represented on the array chip, 228 were undetectable or expressed below the background and so were eliminated, leaving 242 miRNAs for the supervised analysis. When comparing 10 H. pylori-negative and nine H. pylori-positive subjects, 55 miRNAs were deemed significantly different on the basis of microRNA arrays.",Homo sapiens,GSE,Non-coding RNA profiling by array,9081,2010/01/08,19,20333682,PRJNA121851,ftp://ftp.ncbi.nlm.nih.gov/geo/series/GSE19nnn/GSE19769/,Q2_broad_diabetes_kidney,False,disease wording not explicit; renal tissue wording not explicit; not a bulk-expression GEO type,PENDING_HUMAN_REVIEW,
200199437,GSE199437,Bulk RNA-seq on mouse model of diabetic nephropathy and in vitro model of SRSF7 knockdown,"In this dataset, we utilized the db/db, uninephrectomy and renin-hypertension mouse model. We performed bulk RNA-seq and compared vehicle to ACE inhibitor, Rosiglitizone, SGLT2 inhibitor, ACEi + Rosiglitizone and ACEi + SGLT2i at two time points (2 days and 2 weeks). To study the mechanism, we also performed bulk RNA-seq on human primary tubular epithelial cells with or without SRSF7 siRNA knockdown.",Mus musculus; Homo sapiens,GSE,Expression profiling by high throughput sequencing,24676;24247,2022/06/14,59,35709763,PRJNA820007,ftp://ftp.ncbi.nlm.nih.gov/geo/series/GSE199nnn/GSE199437/,Q1_disease_phrases;Q2_broad_diabetes_kidney,False,renal tissue wording not explicit,PENDING_HUMAN_REVIEW,
200199838,GSE199838,RNAs sequencing revealing the gene expression profiling in kidney tissues between diabetic kidney disease and control,"Diabetic kidney disease (DKD), a progressive kidney disease, is a major complication associated with diabetes and has become the leading cause of chronic kidney disease in China. Increasing evidences have demonstrated that lncRNAs play vital roles in kidney diseases, including DKD. To search for new ncRNAs involved in DKD, we performed gene expression profiling in the kidney tissues isolated from DKD patients and non-diabetic renal cancer patients undergoing surgical resection by RNA sequencing. And we identified 65 DEncRNAs (29 upregulated and 36 downregulated in DKD) and 171 DEmRNAs (72 upregulated and 99 downregulated in DKD).This study will provide insights into the prevent and treatment of DKD in the future.",Homo sapiens,GSE,Expression profiling by high throughput sequencing,21290,2023/02/22,6,36792603,PRJNA821679,ftp://ftp.ncbi.nlm.nih.gov/geo/series/GSE199nnn/GSE199838/,Q1_disease_phrases;Q2_broad_diabetes_kidney,True,priority human review,PENDING_HUMAN_REVIEW,
200020067,GSE20067,Genome wide DNA methylation profiling of diabetic nephropathy in type 1 diabetes mellitus,"The Illumina Infinium 27k Human DNA methylation Beadchip v1.2 was used to obtain DNA methylation profiles across approximately 27,000 CpGs in whole blood samples from a case-control study of 192 Irish patients with type 1 diabetes mellitus (T1D). Cases had T1D and nephropathy whereas controls had T1D but no evidence of renal disease. emails: christopher.bell@cancer.ucl.ac.uk, a.teschendorff@ucl.ac.uk  Keywords: DNA methylation",Homo sapiens,GSE,Methylation profiling by array,8490,2010/03/01,195,20219944;20687937,PRJNA124181,ftp://ftp.ncbi.nlm.nih.gov/geo/series/GSE20nnn/GSE20067/,Q1_disease_phrases;Q2_broad_diabetes_kidney,False,renal tissue wording not explicit; not a bulk-expression GEO type,PENDING_HUMAN_REVIEW,
200201543,GSE201543,Bone metabolism-related serum miRNAs to diagnose postmenopausal osteoporosis in middle-aged and elderly women,Serum miRNAs could be powerful classifiers for the detection of patients with postmenopausal osteoporosis.,Homo sapiens,GSE,Non-coding RNA profiling by array,20712,2022/05/01,10,,PRJNA832155,ftp://ftp.ncbi.nlm.nih.gov/geo/series/GSE201nnn/GSE201543/,Q2_broad_diabetes_kidney,False,disease wording not explicit; renal tissue wording not explicit; not a bulk-expression GEO type,PENDING_HUMAN_REVIEW,
200020247,GSE20247,C-peptide and/or transforming growth factor beta 1 effect on human proximal tubular cell line,"Microarray analysis reveals up-regulation of retinoic acid and hepatocyte growth factor related signaling pathways by pro-insulin C-peptide in kidney proximal tubular cells: Antagonism of the pro-fibrotic effects of TGF-b1 Novel signaling roles for C-peptide have recently been discovered with evidence that it can ameliorate complications of type 1 diabetes.  Here we sought to identify new pathways regulated by C-peptide of relevance to the pathophysiology of diabetic nephropathy.  Microarray analysis was performed to identify genes regulated by either C-peptide and/or transforming growth factor beta 1 (TGF-β1) in a human proximal tubular cell line, HK-2.  Expression of retinoic acid receptor β (RARβ), hepatcoyte growth factor (HGF), cellular retinoic acid binding protein II (CRABPII), vimentin, E-cadherin, Snail and β-catenin was assessed by immunoblotting.  The cellular localisation of vimentin and β-catenin was determined by immunocytochemistry.  Changes in cell morphology were assessed by phase contrast microscopy.  Gene expression profiling demonstrated differential expression of 953 and 1,458 genes after C-peptide exposure for 18h or 48h respectively.  From these, members of the anti-fibrotic retinoic acid (RA) and HGF signaling pathways were selected.  Immunoblotting demonstrated that C-peptide increased RARβ, CRABPII and HGF.  We confirmed a role for RA in reversal of TGF-β1-induced changes associated with epithelial-mesenchymal transition (EMT), including expression changes in Snail, E-cadherin, vimetin and redistribution of β-catenin.  Importantly, these TGF-β1-induced changes were inhibited by C-peptide.  Further, effects of TGF-β1 on Snail and E-cadherin expression were blocked by HGF and inhibitory effects of C-peptide were removed by blockade of HGF activity.  This study identifies a novel role for HGF as an effector of C-peptide, possibly via an RA signaling pathway, highlighting C-peptide as a potential therapy for diabetic nephropathy.",Homo sapiens,GSE,Expression profiling by array,6884,2010/02/11,18,20197308,PRJNA124211,ftp://ftp.ncbi.nlm.nih.gov/geo/series/GSE20nnn/GSE20247/,Q1_disease_phrases;Q2_broad_diabetes_kidney,False,renal tissue wording not explicit,PENDING_HUMAN_REVIEW,
200204880,GSE204880,Cellular and Molecular Linkage between Diabetic Nephropathy and Diabetic Retinopathy,Diabetic nephropathy and diabetic retinopathy are related. We used scRNA-seq and RNA-seq to analyze the cellular linkage between them.,Homo sapiens; Mus musculus,GSE,Expression profiling by high throughput sequencing,21290;21273,2023/08/15,18,37670124,PRJNA842665,ftp://ftp.ncbi.nlm.nih.gov/geo/series/GSE204nnn/GSE204880/,Q1_disease_phrases;Q2_broad_diabetes_kidney,False,renal tissue wording not explicit,PENDING_HUMAN_REVIEW,
200205674,GSE205674,Transcriptomic signatures responding to PKM2 activator TEPP-46 in the hyperglycemic human renal proximal epithelial tubular cells,"Pyruvate kinase M2 (PKM2), as the terminal and last rate-limiting enzyme of the glycolytic pathway, is an ideal enzyme for regulating metabolic phenotype. PKM2 tetramer activation has shown a protective role against diabetic kidney disease (DKD). However, the molecular mechanisms involved in diabetic tubular has not been investigated so far. In this study, we performed transcriptome gene expression profiling in human renal proximal tubular epithelial cell line (HK-2 cells) treated with high D-glucose (HG) for 7 days before the addition of 10-μM TEPP-46, an activator of PKM2 tetramerization, for a further 1 day in the presence of HG. Afterwards, we analyzed the differentially expressed (DE) genes and investigated gene relationships based on weighted gene co-expression network analysis (WGCNA). The results showed that 2,902 DE genes were identified (adjusted P-value ≤ 0.05), where 2,509 DE genes (86.46%) were co-expressed in the key module. Four extremely down-regulated DE genes (HSPA8, HSPA2, HSPA1B and ARRB1) and three extremely up-regulated DE genes (GADD45A, IGFBP3 and SIAH1) enriched in the down-regulated endocytosis (hsa04144) and up-regulated p53 signaling pathway (hsa04115), respectively, were validated by the qRT-PCR experiments. The qRT-PCR results showed that the relative expression levels of HSPA8 (adjusted P-value = 4.45×10-34 & log2(FC) = -1.12), HSPA2 (adjusted P-value = 6.09×10-14 & log2(FC) = -1.27), HSPA1B (adjusted P-value = 1.14×10-11 & log2(FC) = -1.02) and ARRB1 (adjusted P-value = 2.60×10-5 & log2(FC) = -1.13) were significantly different (P-value < 0.05) from case group to control group. Furthermore, the interactions and predicted microRNAs of the key genes (HSPA8, HSPA2, HSPA1B and ARRB1) were visualized in networks. This study identified the key candidate transcriptomic biomarkers and biological pathways in the hyperglycemic HK-2 cells responding to the PKM2 activator TEPP-46. These results will be valuable for further research on PKM2 in DKD.",Homo sapiens,GSE,Expression profiling by high throughput sequencing,20795,2022/08/29,6,36120453,PRJNA847164,ftp://ftp.ncbi.nlm.nih.gov/geo/series/GSE205nnn/GSE205674/,Q1_disease_phrases;Q2_broad_diabetes_kidney,False,renal tissue wording not explicit,PENDING_HUMAN_REVIEW,
200205766,GSE205766,Stomach-derived human insulin-secreting organoids ameliorate diabetes,"Adult stem cells represent an invaluable resource that can be harnessed for therapeutic tissue repair. Gut stem cells are accessible by biopsy and grow indefinitely in culture as organoids or cell lines. Human fetal gut can generate rare insulin-secreting cells. However, the short lifespan of gut cells, amounting to only days in situ, calls into question the feasibility of producing stable and durable gut insulin-secreting cells as a potential engraftable therapeutic. Here, we show that cultured human stomach stem cells can be directed to generate pancreatic islet-like organoids containing long-lived gastric insulin-secreting (GINS) cells that resemble pancreatic b-cells in molecular hallmarks and function. After sequential activation of the inducing factors NGN3 and PDX1-MAFA, gastric stem cells passed through a SOX4High endocrine and a GalaninHigh precursor state before adopting the b-cell fate, at efficiencies exceeding 80%. GINS cells acquired glucose-stimulated insulin secretion 10 days post differentiation and restored glucose homeostasis for over 100 days in diabetic mice after transplantation. This study establishes a promising approach to procuring autologous human insulin producers for diabetes treatment, and further expands the already considerable therapeutic opportunities for gut stem cells.",Homo sapiens,GSE,Expression profiling by high throughput sequencing,24676,2023/01/10,5,37106062,PRJNA847550,ftp://ftp.ncbi.nlm.nih.gov/geo/series/GSE205nnn/GSE205766/,Q2_broad_diabetes_kidney,False,disease wording not explicit; renal tissue wording not explicit,PENDING_HUMAN_REVIEW,
200207901,GSE207901,Circulating small non-coding RNA profiling as potential biomarkers of atherosclerotic plaque composition in Type 1 diabetes,"Cardiovascular disease (CVD) accounts for the majority of deaths in patients with type 1 diabetes (T1D); however, the determinants of plaque composition are unknown in this population. MicroRNAs (miRNAs), the most abundant class of circulating small non-coding RNA (sncRNAs) regulating gene expression, participate in the development of atherosclerosis and represent promising biomarkers of CVD.  This study analyzed the circulating miRNA expression profile in T1D with carotid calcified and fibrous plaque. We identified four upregulated (miR-503-5p, let-7d-5p, miR-106b-3p, miR-93-5p) and one downregulated (miR-10a-5p) miRNAs in patients with calcified plaque(s) compared to those with fibrous plaque(s). ROC curve analysis demonstrated that miR-503-5p and miR-10a-5p discriminate with good performance in the different plaque compositions. miR-503-3p inversely and miR-10a-5p directly correlate with LDL cholesterol concentrations. Pathway enrichment analysis of putative gene targets of selected miRNAs revealed involvement in apoptotic and inflammatory processes regulation, osteogenic differentiation, and vascular calcification. These findings comprehensively characterize miRNAs and their signature in the regulatory network, leading to different plaque compositions in T1D. These results could have important clinical implications for developing  novel therapeutic strategies to prevent CVD  in diabetes.",Homo sapiens,GSE,Non-coding RNA profiling by high throughput sequencing,15520,2022/07/14,54,36577032,PRJNA857648,ftp://ftp.ncbi.nlm.nih.gov/geo/series/GSE207nnn/GSE207901/,Q2_broad_diabetes_kidney,False,disease wording not explicit; renal tissue wording not explicit; not a bulk-expression GEO type,PENDING_HUMAN_REVIEW,
200209781,GSE209781,A single-cell transcriptomic atlas characterizes the kidney in the diabetic kidney disease,"Diabetic kidney disease (DKD), a common and devastating microvascular complication of diabetes, is the leading cause of end-stage renal disease (ESRD). Since mechanisms of kidney injury in DKD were largely unknown, we performed single-cell RNA sequencing (scRNA-seq) on human kidneys collected from 3 DKD and 3 normal samples using 10×Genomics. In our study, a total of 51315 cells were enrolled for analyses and nine kidney cell types and seven immune cell types were identified. The cell-type-specific changes in gene expression and signaling pathways of podocyte, mesangial cells, endothelial cells, proximal tubule and macrophages indicate abnormal regulation associated with inflammation, apoptosis, oxidative stress, extracelluar matrix accumulation, and immune activation. In particular, we show that podocytes and renal tubular epithelial cells have a tremendous capacity to regenerate, which is involved in the repairment of injury. And extracellular vesicles, an important mediator of intercellular communication, might play a vital role for this progress. Besides, we identified new candidate transcription factors responsible for the progression of DKD. We also revealed a M1-M2 hybrid pattern, in which M1 and M2 are coupled activation in macrophages of DKD. Furthermore, we demonstrated a complex intercellular interaction between kidney cells and kidney cells or kidney cells and immune cells. Thus, our study will further the understanding of DKD pathogenesis and provide novel therapeutic targets for its treatment in the future.",Homo sapiens,GSE,Expression profiling by high throughput sequencing,24676,2025/01/07,6,39571905,PRJNA862452,ftp://ftp.ncbi.nlm.nih.gov/geo/series/GSE209nnn/GSE209781/,Q1_disease_phrases;Q2_broad_diabetes_kidney,False,renal tissue wording not explicit,PENDING_HUMAN_REVIEW,
200209985,GSE209985,Response to mRNA vaccine BNT162b2 in hemodialysis patients,"End-stage renal disease patients experience uremia-driven immune compromise  characterized by complex alterations of both innate and adaptive immunity, and results in higher  susceptibility to infection and lower response to vaccination. This immune compromise, coupled with  greater risk of exposure to infectious disease at hemodialysis (HD) centers, motivates an examination of  immune response to the COVID-19 mRNA-based BTN162b2 vaccine. We performed gene expression profiling by RNA-seq across 6 time points to assess vaccine response in healthy controls and hemodialysis patients over time.",Homo sapiens,GSE,Expression profiling by high throughput sequencing,24676,2024/04/22,188,38656290;39460313,PRJNA863278,ftp://ftp.ncbi.nlm.nih.gov/geo/series/GSE209nnn/GSE209985/,Q2_broad_diabetes_kidney,False,disease wording not explicit; renal tissue wording not explicit,PENDING_HUMAN_REVIEW,
200211784,GSE211784,Intracellular Galectin-3 Is a Sensor of Lipopolysaccharide that Promotes Glycolysis through Activating mTORC1,"Galectin-3 is a carbohydrate binding protein implicated in cell-cell interaction and cell growth. Interestingly, recent studies suggest that galectin-3 is involved in cell metabolism and linked to diabetes and cancer. How galectin-3 might act as a diabetogenic and tumorogenic factor remains to be investigated. Here we report that intracellular galectin-3 is physically associated with Rag GTPases and Ragulator of the mTORC1 signaling machinery on lysosomes. We show that galectin-3 senses lipopolysaccharide (LPS) to facilitate the interaction of Rag GTPases and Ragulator, leading to activation of Rag GTPases thus lysosomal loading of mTOR and activation of mTORC1. Integrative genomics and transcriptomics analyses reveal that the LPS/galectin-3-Rag GTPases/Ragulator-mTORC1 axis regulates a cohort of genes including GLUT1 (glucose transporter member 1) that functions in glucose uptake and glycolysis and HK2 (hexokinase 2) and PKM2 (pyruvate kinase M2) that catalyze the first and last step of glycolysis, respectively. Indeed, galectin-3 deficiency severely compromises LPS-promoted glycolysis. Importantly, in diabetes patients, the expression of HK2 was significantly reduced, and in hepatocellular carcinoma (HCC), thyroid cancer, and prostate cancer, galectin-3 is highly expressed, and its level of expression is positively correlated with that of HK2 and PKM2 and negatively correlated with the prognosis of HCC patients. Our study unravels that galectin-3 is a sensor of LPS, an important modulator of the mTORC1 signaling, and a critical regulator of glucose metabolism, adding to the understanding of diabetogenesis and tumorigenesis.",Homo sapiens,GSE,Expression profiling by high throughput sequencing,23227,2022/10/25,12,36481721,PRJNA872113,ftp://ftp.ncbi.nlm.nih.gov/geo/series/GSE211nnn/GSE211784/,Q2_broad_diabetes_kidney,False,disease wording not explicit; renal tissue wording not explicit,PENDING_HUMAN_REVIEW,
200211785,GSE211785,Spatially resolved human kidney multi-omics single cell atlas highlights the key role of fibrotic microenvironment in kidney disease progression.,"Kidneys possess come one of the most intricate three-dimensional cellular structures in the body, yet the spatial molecular principles of kidney health and disease remain inadequately understood. Here we generated high-quality single cell (sc), single nuclear (sn), spatial (sp) RNA expression and sn open chromatin datasets for 79 samples, capturing half a million cells from healthy, diabetic, and hypertensive diseased human kidneys. By combining the sn/sc and sp RNA data, we identify over 100 cell types and states and successfully map them back to their spatial locations. Computational deconvolution of spRNA-seq helps to identifies glomerular, tubular, immune, and fibrotic spatial microenvironments (FMEs). Although injured proximal tubule cells appear to be the nidus of fibrosis, we reveal the complex, heterogenous cellular and spatial organization of human FMEs, including the highly intricate and organized immune environment. We demonstrate the clinical utility of the FME spatial gene signature for the classification of a large number of human kidneys for disease severity and prognosis. We provide a comprehensive spatially-resolved molecular roadmap for the human kidney and the fibrotic process and demonstrate the clinical utility of spatial transcriptomics.",Homo sapiens,GSE,Expression profiling by high throughput sequencing; Genome binding/occupancy profiling by high throughput sequencing,24676,2024/01/17,80,38217002;38514613;39048792;41376591;40796935,PRJNA872121,ftp://ftp.ncbi.nlm.nih.gov/geo/series/GSE211nnn/GSE211785/,Q2_broad_diabetes_kidney,False,disease wording not explicit; not a bulk-expression GEO type,PENDING_HUMAN_REVIEW,
200215221,GSE215221,Discovery of a Trans-Omics Biomarker Signature that Predisposes High Risk Diabetic Patients to Diabetic Kidney Disease,"Diabetic kidney disease is the leading cause of end-stage kidney disease worldwide; however, the integration of high-dimensional trans-omics data to predict this diabetic complication is rare. We develop artificial intelligence (AI)-assisted models using machine learning algorithms to identify a biomarker signature that predisposes high risk patients with diabetes mellitus (DM) to diabetic kidney disease based on clinical information, untargeted metabolomics, targeted lipidomics and genome-wide single nucleotide polymorphism (SNP) datasets. This involves 618 individuals who are split into training and testing cohorts of 557 and 61 subjects, respectively. Three models are developed. In model 1, the top 20 features selected by AI give an accuracy rate of 0.83 and an area under curve (AUC) of 0.89 when differentiating DM and non-DM individuals. In model 2, among DM patients, a biomarker signature of 10 AI-selected features give an accuracy rate of 0.70 and an AUC of 0.76 when identifying subjects at high risk of renal impairment. In model 3, among non-DM patients, a biomarker signature of 25 AI-selected features give an accuracy rate of 0.82 and an AUC of 0.76 when pinpointing subjects at high risk of chronic kidney disease. In addition, the performance of the three models is rigorously verified using an independent validation cohort. Intriguingly, analysis of the protein-protein interaction network of the genes containing the identified SNPs (RPTOR, CLPTM1L, ALDH1L1, LY6D, PCDH9, B3GNTL1, CDS1, ADCYAP and FAM53A) reveals that, at the molecular level, there seems to be interconnected factors that have an effect on the progression of renal impairment among DM patients. In conclusion, our findings reveal the potential of employing machine learning algorithms to augment traditional methods and our findings suggest what molecular mechanisms may underlie the complex interaction between DM and chronic kidney disease. Moreover, the development of our AI-assisted models will improve precision when diagnosing renal impairment in predisposed patients, both DM and non-DM. Finally, a large prospective cohort study is needed to validate the clinical utility and mechanistic implications of these biomarker signatures.",Homo sapiens,GSE,Genome variation profiling by array; SNP genotyping by SNP array,32738,2022/10/12,616,36323795,PRJNA889394,ftp://ftp.ncbi.nlm.nih.gov/geo/series/GSE215nnn/GSE215221/,Q1_disease_phrases;Q2_broad_diabetes_kidney,False,renal tissue wording not explicit; not a bulk-expression GEO type,PENDING_HUMAN_REVIEW,
200216679,GSE216679,Reduced CD8 T cell exhaustion in DR4 risk subjects is selectively augmented with therapy [CD8s],"Exhausted CD8 T cells (TEX) are associated with worse outcome in cancer yet better outcome in autoimmunity. However, factors contributing to reduced TEX in autoimmunity are poorly  understood. We use two genetically related autoimmune diseases, type 1 diabetes (T1D) and rheumatoid arthritis (RA), to explore these factors. We identify a common human peripheral blood TIGIT+KLRG1+ CD8 TEX population: TIGIT+KLRG1+ CD8 TEX of healthy controls (HC), T1D, and rheumatoid arthritis (RA) subjects share EOMES signature genes, are increased with age and in chronic viral-specific cells and are hyporesponsive in vitro. Consistent with a genetic determinant, TIGIT+KLRG1+ TEX are stable within but vary between individuals. In HC and RA subjects (n>100/cohort), lower levels of EOMES transcriptional modules and TIGIT+KLRG1+ TEX were associated with RA HLA risk alleles (DR0401, 0404, 0405, 0408, 1001) even when considering disease status and CMV seropositivity. TIGIT+KLRG1+ TEX   significantly increased in RA HLA risk but not non-risk subjects treated with abatacept (CTLA4Ig); no change in TIGIT+KLRG1+ TEX was observed with adalimumab (anti-TNF) therapy. The DR4 association and selective modulation with abatacept suggests that therapeutic modulation of TEX may be more effective in DR4 subjects and TEX may be indirectly influenced by cellular interactions that are blocked by abatacept.",Homo sapiens,GSE,Expression profiling by high throughput sequencing,16791,2023/06/30,40,,PRJNA894958,ftp://ftp.ncbi.nlm.nih.gov/geo/series/GSE216nnn/GSE216679/,Q2_broad_diabetes_kidney,False,disease wording not explicit; renal tissue wording not explicit,PENDING_HUMAN_REVIEW,
200217626,GSE217626,Controlling therapeutic protein expression via inhalation of a butter flavor molecule,"Precise control of the delivery of therapeutic proteins is critical for gene- and cell-based therapies, and expression should only be switched on in the presence of a specific trigger signal of appropriate magnitude. Focusing on the advantages of delivering the trigger by inhalation, we have developed a mammalian synthetic gene switch that enables regulation of transgene expression by exposure to the semi-volatile small molecule acetoin, a widely used, FDA-approved food flavor additive. The gene switch capitalizes on the bacterial regulatory protein AcoR fused to a mammalian transactivator, which binds to promoter regions with specific DNA sequences in the presence of acetoin and dose-dependently activates expression of downstream transgenes. Wild-type mice implanted with alginate-encapsulated cells transgenic for the acetoin gene switch showed a dose-dependent increase in blood levels of reporter protein in response to either administration of acetoin solution via oral gavage or longer exposure to acetoin aerosol generated by a commercial portable inhaler. Intake of typical acetoin-containing foods, such as butter, lychees and cheese, did not activate transgene expression. As a proof of concept, we show that blood glucose levels were normalized by acetoin aerosol inhalation in type-I diabetic mice implanted with acetoin-responsive insulin-producing cells. Delivery of trigger molecules using portable inhalers may facilitate regular administration of therapeutic proteins via next-generation cell-based therapies to treat chronic diseases for which frequent dosing is required.",Homo sapiens,GSE,Expression profiling by high throughput sequencing,18573,2022/11/16,6,36625292,PRJNA899846,ftp://ftp.ncbi.nlm.nih.gov/geo/series/GSE217nnn/GSE217626/,Q2_broad_diabetes_kidney,False,disease wording not explicit; renal tissue wording not explicit,PENDING_HUMAN_REVIEW,
200217709,GSE217709,Diabetic Kidney Disease Induces Transcriptome Alterations Associated with Angiogenesis Activity in Human Mesenchymal Stromal Cells [mRNA],"To explore the angiogenic activity of MSC in DKD, the transcriptome of adipose tissue-derived MSC obtained from DKD subjects was compared to age-matched controls without diabetes or kidney impairment. Next-generation RNA sequencing was performed on MSC to identify differentially expressed messenger RNA and microRNA involved in angiogenesis.",Homo sapiens,GSE,Expression profiling by high throughput sequencing,20301,2023/02/06,38,36949528,PRJNA900201,ftp://ftp.ncbi.nlm.nih.gov/geo/series/GSE217nnn/GSE217709/,Q1_disease_phrases;Q2_broad_diabetes_kidney,False,renal tissue wording not explicit,PENDING_HUMAN_REVIEW,
200217711,GSE217711,Diabetic Kidney Disease Induces Transcriptome Alterations Associated with Angiogenesis Activity in Human Mesenchymal Stromal Cells [miRNA],"To explore the angiogenic activity of MSC in DKD, the transcriptome of adipose tissue-derived MSC obtained from DKD subjects was compared to age-matched controls without diabetes or kidney impairment. Next-generation RNA sequencing was performed on MSC to identify differentially expressed messenger RNA and microRNA involved in angiogenesis.",Homo sapiens,GSE,Non-coding RNA profiling by high throughput sequencing,20301,2023/02/06,25,36949528,PRJNA900203,ftp://ftp.ncbi.nlm.nih.gov/geo/series/GSE217nnn/GSE217711/,Q1_disease_phrases;Q2_broad_diabetes_kidney,False,renal tissue wording not explicit; not a bulk-expression GEO type,PENDING_HUMAN_REVIEW,
200217712,GSE217712,Diabetic Kidney Disease Induces Transcriptome Alterations Associated with Angiogenesis Activity in Human Mesenchymal Stromal Cells,This SuperSeries is composed of the SubSeries listed below.,Homo sapiens,GSE,Expression profiling by high throughput sequencing; Non-coding RNA profiling by high throughput sequencing,20301,2023/02/06,63,36949528,PRJNA900197,ftp://ftp.ncbi.nlm.nih.gov/geo/series/GSE217nnn/GSE217712/,Q1_disease_phrases;Q2_broad_diabetes_kidney,False,renal tissue wording not explicit; not a bulk-expression GEO type,PENDING_HUMAN_REVIEW,
200021785,GSE21785,Systematic analysis of a human renal transcript dataset,"Glomerular diseases account for the majority of cases with chronic renal failure. Several genes have been identified with key relevance for glomerular function. Quite a few of these genes show a specific or preferential mRNA expression in the renal glomerulus. To identify additional candidate genes involved in glomerular function in humans we generated a human renal glomerulus-specific transcript dataset (GTD) by comparing gene expression profiles from human glomeruli and tubulointerstitium obtained from six transplant living donors using Affymetrix HG-U133A arrays. This analysis resulted in 677 genes with prominent overrepresentation in the glomerulus. Genes with ‘a prior’i established known prominent glomerular expression served for validation and were all found in the novel expression library (e.g. CDKN1, DAG1, DDN, EHD3, MYH9, NES, NPHS1, NPHS2, PDPN, PLA2R1, PLCE1, PODXL, PTPRO, SYNPO, TCF21, TJP1, WT1). The mRNA expression for several novel glomerulus-enriched genes identified in REGGEL was validated by qRT-PCR. Gene ontology and pathway analysis identified biological processes previously not reported to be of relevance in glomeruli including among others axon guidance. This finding was further validated by assessing the expression of the axon guidance molecules neuritin (NRN1) and roundabout receptor ROBO1 and -2. Glomerular disease associated differential mRNA regulation of ROBO2 was found in diabetic nephropathy.  In summary, using a comparative strategy on microdissected nephrons novel transcripts with predominant expression in the human glomerulus could be identified.  A systematic analysis of this glomerulus-specifc gene expression library allows the detection of target molecules and biological processes involved in glomerular biology and renal disease.",Homo sapiens,GSE,Expression profiling by array,96,2010/07/19,12,20634963,PRJNA127311,ftp://ftp.ncbi.nlm.nih.gov/geo/series/GSE21nnn/GSE21785/,Q1_disease_phrases;Q2_broad_diabetes_kidney,True,priority human review,PENDING_HUMAN_REVIEW,
200218344,GSE218344,LncRNAs expression profiles in renal tissues from patients with diabetic nephropathy,"In order to more accurately and objectively clarify the biological role of lncRNAs in diabetic nephropathy, we detected their expression profiles in renal tissues from patients with diabetic nephropathy.",Homo sapiens,GSE,Non-coding RNA profiling by array; Expression profiling by array,21827,2022/11/24,6,36738224,PRJNA903185,ftp://ftp.ncbi.nlm.nih.gov/geo/series/GSE218nnn/GSE218344/,Q1_disease_phrases;Q2_broad_diabetes_kidney,False,not a bulk-expression GEO type,PENDING_HUMAN_REVIEW,
200218929,GSE218929,Urinary Extracellular Vesicle Whole-Transcriptome Analysis in Diabetic Nephropathy,"Enrolled 24 participants, including twelve renal biopsy-proven T2DN and twelve T2DM, and isolated uEV s by ultracentrifugation to perform adequate parallel microarrays for mRNAs, lncRNAs and circRNAs and sequencing for miRNAs.One hundred mL of first-morning urine was collected.All urine samples were retained and immediately transferred to the laboratory and centrifuged at 2500 x g at 4°C for 15 min using a horizontal rotor (Dynamica V14R Pro, UK) and at 17,000 x g at 4°C for 40 min using a fixed angle rotor (FA15C rotor, Dynamica, UK). Supernatants were filtered using 0.22µm PES filters (Jet Bio-Filtration, Guangzhou, China) and transferred to new centrifuge tubes and stored at -80 degrees. After overnight melting through a 4 degree, ultracentrifuged at 200,000 xg at 4°C for 2h in a fixed angle P45AT rotor (k factor= 130, CP100NX, Hitachi, Tokyo, Japan) and repeat again after resuspending the pellet in PBS. Supernatants were discarded and the pellets were washed in PBS to obtain the uEVs.",Homo sapiens,GSE,Expression profiling by array; Non-coding RNA profiling by array,30304,2023/11/27,24,37738894,PRJNA906149,ftp://ftp.ncbi.nlm.nih.gov/geo/series/GSE218nnn/GSE218929/,Q1_disease_phrases;Q2_broad_diabetes_kidney,False,not a bulk-expression GEO type,PENDING_HUMAN_REVIEW,
200220226,GSE220226,Transcriptomic analysis of glomerular endothelial cells and podocytes exposed to methylglyoxal in co-culture,"In diabetic nephropathy (DN), glomerular endothelial cells (GECs) and podocytes undergo pathological alterations, which are influenced by metabolic changes characteristic of diabetes, including hyperglycaemia (HG) and elevated methylglyoxal (MGO) levels. However, it remains insufficiently understood what effects these metabolic factors have on GEC and podocytes and to what extent the interactions between the two cell types can modulate these effects. To address these questions, we established a co-culture system in which GECs and podocytes were grown together in close proximity, and assessed transcriptional changes in each cell type after exposure to HG and MGO. We found that HG and MGO had distinct effects on gene expression and that the effect of each treatment was markedly different between GECs and podocytes. HG treatment led to upregulation of “immediate early response” genes, particularly those of the EGR family, as well as genes involved in inflammatory responses (in GECs) or DNA replication/cell cycle (in podocytes). Interestingly, both HG and MGO led to downregulation of genes related to extracellular matrix organisation in podocytes. Crucially, the transcriptional responses of GECs and podocytes were dependent on their interaction with each other, as many of the prominently regulated genes in co-culture of the two cell types were not significantly changed when monocultures of the cells were exposed to the same stimuli. Finally, the changes in the expression of selected genes were validated in BTBR ob/ob mice, an established model of DN. This work highlights the molecular alterations in GECs and podocytes in response to the key diabetic metabolic triggers HG and MGO, as well as the central role of GEC-podocyte crosstalk in governing these responses.",Homo sapiens,GSE,Expression profiling by high throughput sequencing,23227,2023/11/09,16,37863933,PRJNA909259,ftp://ftp.ncbi.nlm.nih.gov/geo/series/GSE220nnn/GSE220226/,Q1_disease_phrases;Q2_broad_diabetes_kidney,True,priority human review,PENDING_HUMAN_REVIEW,
200220227,GSE220227,Transcriptomic analysis of glomerular endothelial cells exposed to high glucose in co-culture with podocytes,"In diabetic nephropathy (DN), glomerular endothelial cells (GECs) and podocytes undergo pathological alterations, which are influenced by metabolic changes characteristic of diabetes, including hyperglycaemia (HG) and elevated methylglyoxal (MGO) levels. However, it remains insufficiently understood what effects these metabolic factors have on GEC and podocytes and to what extent the interactions between the two cell types can modulate these effects. To address these questions, we established a co-culture system in which GECs and podocytes were grown together in close proximity, and assessed transcriptional changes in each cell type after exposure to HG and MGO. We found that HG and MGO had distinct effects on gene expression and that the effect of each treatment was markedly different between GECs and podocytes. HG treatment led to upregulation of “immediate early response” genes, particularly those of the EGR family, as well as genes involved in inflammatory responses (in GECs) or DNA replication/cell cycle (in podocytes). Interestingly, both HG and MGO led to downregulation of genes related to extracellular matrix organisation in podocytes. Crucially, the transcriptional responses of GECs and podocytes were dependent on their interaction with each other, as many of the prominently regulated genes in co-culture of the two cell types were not significantly changed when monocultures of the cells were exposed to the same stimuli. Finally, the changes in the expression of selected genes were validated in BTBR ob/ob mice, an established model of DN. This work highlights the molecular alterations in GECs and podocytes in response to the key diabetic metabolic triggers HG and MGO, as well as the central role of GEC-podocyte crosstalk in governing these responses.",Homo sapiens,GSE,Expression profiling by high throughput sequencing,23227,2023/11/09,12,37863933,PRJNA909261,ftp://ftp.ncbi.nlm.nih.gov/geo/series/GSE220nnn/GSE220227/,Q1_disease_phrases;Q2_broad_diabetes_kidney,True,priority human review,PENDING_HUMAN_REVIEW,
200220228,GSE220228,Transcriptomic analysis of podocytes exposed to high glucose in co-culture with glomerular endothelial cells,"In diabetic nephropathy (DN), glomerular endothelial cells (GECs) and podocytes undergo pathological alterations, which are influenced by metabolic changes characteristic of diabetes, including hyperglycaemia (HG) and elevated methylglyoxal (MGO) levels. However, it remains insufficiently understood what effects these metabolic factors have on GEC and podocytes and to what extent the interactions between the two cell types can modulate these effects. To address these questions, we established a co-culture system in which GECs and podocytes were grown together in close proximity, and assessed transcriptional changes in each cell type after exposure to HG and MGO. We found that HG and MGO had distinct effects on gene expression and that the effect of each treatment was markedly different between GECs and podocytes. HG treatment led to upregulation of “immediate early response” genes, particularly those of the EGR family, as well as genes involved in inflammatory responses (in GECs) or DNA replication/cell cycle (in podocytes). Interestingly, both HG and MGO led to downregulation of genes related to extracellular matrix organisation in podocytes. Crucially, the transcriptional responses of GECs and podocytes were dependent on their interaction with each other, as many of the prominently regulated genes in co-culture of the two cell types were not significantly changed when monocultures of the cells were exposed to the same stimuli. Finally, the changes in the expression of selected genes were validated in BTBR ob/ob mice, an established model of DN. This work highlights the molecular alterations in GECs and podocytes in response to the key diabetic metabolic triggers HG and MGO, as well as the central role of GEC-podocyte crosstalk in governing these responses.",Homo sapiens,GSE,Expression profiling by high throughput sequencing,23227,2023/11/09,12,37863933,PRJNA909260,ftp://ftp.ncbi.nlm.nih.gov/geo/series/GSE220nnn/GSE220228/,Q1_disease_phrases;Q2_broad_diabetes_kidney,True,priority human review,PENDING_HUMAN_REVIEW,
200220229,GSE220229,Molecular alterations in GECs and podocytes in response to the key diabetic metabolic triggers HG and MG,This SuperSeries is composed of the SubSeries listed below.,Homo sapiens,GSE,Expression profiling by high throughput sequencing,23227,2023/11/09,40,37863933,PRJNA909258,ftp://ftp.ncbi.nlm.nih.gov/geo/series/GSE220nnn/GSE220229/,Q2_broad_diabetes_kidney,False,disease wording not explicit; renal tissue wording not explicit,PENDING_HUMAN_REVIEW,
200220939,GSE220939,SGLT2 inhibitors mitigate kidney tubular metabolic and mTORC1 perturbations in youth onset type 2 diabetes,Single cell RNA-sequencing analysis allows for a more complete cell-by-cell analysis of the effects of SGLT2 inhibitors on the kidneys of patients with youth onset type 2 diabetes.,Homo sapiens,GSE,Expression profiling by high throughput sequencing,11154,2023/01/19,22,36637914,PRJNA912118,ftp://ftp.ncbi.nlm.nih.gov/geo/series/GSE220nnn/GSE220939/,Q2_broad_diabetes_kidney,False,disease wording not explicit; renal tissue wording not explicit,PENDING_HUMAN_REVIEW,
200221297,GSE221297,Distinct immune features in the partial remission phase of type 1 diabetes identified through Single-Cell RNA Sequencing and Functional Analysis,"Type 1 diabetes is a progressive autoimmune disease with unknown etiology. Although the destruction of β-cells is recognized as an irreversible process, many type 1 diabetes patients experience the partial remission stage characterized by spontaneous and transient recovery of β-cell function. However, a comprehensive understanding of immune disturbances in the progression of type 1 diabetes as well as the immunological mechanisms responsible for the partial remission stage remains to be elucidated.",Homo sapiens,GSE,Expression profiling by high throughput sequencing,24676,2024/01/18,12,38188508;39406740,PRJNA913849,ftp://ftp.ncbi.nlm.nih.gov/geo/series/GSE221nnn/GSE221297/,Q2_broad_diabetes_kidney,False,disease wording not explicit; renal tissue wording not explicit,PENDING_HUMAN_REVIEW,
200225336,GSE225336,Genetics of Myocardial Interstitial Fibrosis in the Human Heart and Association with Disease,"Myocardial interstitial fibrosis is a common thread in multiple cardiovascular diseases including heart failure, atrial fibrillation, conduction disease and sudden cardiac death. To investigate the biologic pathways that underlie interstitial fibrosis in the human heart, we developed a machine learning model to measure myocardial T1 time, a marker of myocardial interstitial fibrosis, in 41,505 UK Biobank participants. Greater T1 time was associated with diabetes mellitus, renal disease, aortic stenosis, cardiomyopathy, heart failure, atrial fibrillation, conduction disease and rheumatoid arthritis. Mendelian randomization analysis supported a potential causal role for diabetes mellitus type 1 in myocardial interstitial fibrosis. In genome-wide association analysis, we identified 11 independent loci associated with native myocardial T1 time. The identified loci implicated genes involved in glucose transport (SLC2A12), iron homeostasis (HFE, TMPRSS6), tissue repair (ADAMTSL1, VEGFC), oxidative stress (SOD2), cardiac hypertrophy (MYH7B) and calcium signaling (CAMK2D). Transcriptome-wide association studies highlighted the role of expression of ADAMTSL1 and SLC2A12 in human cardiac tissue in modulating myocardial interstitial fibrosis. Using a TGFβ1-mediated cardiac fibroblast activation assay, we found that 9 out of the 11 genome-wide significant loci comprised genes that exhibited temporal changes in expression and/or open chromatin conformation supporting the biological relevance of these loci to myocardial fibrosis and myofibroblast cell state acquisition. Harnessing machine learning to perform large-scale phenotyping of interstitial fibrosis in the human heart, our results yield novel insights into biologically relevant pathways to myocardial fibrosis and prioritize a number of pathways for further investigation.",Homo sapiens,GSE,Genome binding/occupancy profiling by high throughput sequencing; Expression profiling by high throughput sequencing,18573;24676,2023/03/11,36,37081215,PRJNA935300,ftp://ftp.ncbi.nlm.nih.gov/geo/series/GSE225nnn/GSE225336/,Q2_broad_diabetes_kidney,False,disease wording not explicit; renal tissue wording not explicit; not a bulk-expression GEO type,PENDING_HUMAN_REVIEW,
200226224,GSE226224,Human Podocytes Develop “Names” to Practice Self-Avoidance,"Podocyte effacement and loss characterizes glomerulopathies such as diabetic nephropathy, lupus, and glomerular toxicity. Human primary podocyte-like epithelial cells cultured from urine (ECU) were characterized as a window to understand podocyte regeneration in these glomerulopathies. Cytokines TNF, and VEGF stimulated regrowth, whereas FGF-1 and IL1 inhibited growth, consistent with other podocyte or parietal epithelial cell models. Review of published micrographs indicated that podocyte foot processes in rodent kidneys interdigitated exclusively with foot processes from other cells, suggesting podocytes practice self-avoidance. In culture, ECU avoided close interactions with other cells arising from the same clone, until enough cells grew for the culture to become confluent. In contrast, ECU derived from multiple clones associated actively to form contiguous monolayers. Gene expression profiling of eight clonal ECU colonies using RNA sequencing revealed that each colony expressed a highly variable profile of the 53 Protocadherin genes. Variable combinations of the 53 Protocadherin PCDHA-, PCDHB-, and PCDHG- gene products are known to act homophilically to direct self-avoidance interactions in human neurons, so PCDH- genes are postulated to govern self-avoidance similarly in podocytes. Such protocadherin profiles could be considered cell names. Transcriptional profiles of ECUs suggest they may represent intermediate stages of Parietal Epithelial Cells (PECs) differentiating into podocytes. They further suggest that each podocyte practices self-avoidance, interdigitating selectively with other cells in the glomerulus. To enable further investigation of multi-clonal podocyte interactions, five podocyte clones were immortalized using temperature-sensitive SV40 Large T antigen.  These results suggest that non-self interdigitation of new podocytes with remnant podocytes may facilitate replacement of dying podocytes and re-establishment of a functional filtration barrier.",Homo sapiens,GSE,Expression profiling by high throughput sequencing,16791,2024/02/24,8,,PRJNA939188,ftp://ftp.ncbi.nlm.nih.gov/geo/series/GSE226nnn/GSE226224/,Q1_disease_phrases;Q2_broad_diabetes_kidney,True,priority human review,PENDING_HUMAN_REVIEW,
200230652,GSE230652,Epigenome-wide association study of diabetic chronic kidney disease progression,"Since the etiology of diabetic chronic kidney disease (CKD) is multifactorial, studies on DNA methylation for kidney function deterioration have rarely been performed despite the need for an epigenetic approach. Therefore, this study aimed to identify epigenetic markers associated with CKD progression based on the decline in the estimated glomerular filtration rate in diabetic CKD in Korea.",Homo sapiens,GSE,Methylation profiling by array,21145,2023/05/10,180,37210443,PRJNA962075,ftp://ftp.ncbi.nlm.nih.gov/geo/series/GSE230nnn/GSE230652/,Q2_broad_diabetes_kidney,False,disease wording not explicit; not a bulk-expression GEO type,PENDING_HUMAN_REVIEW,
200230848,GSE230848,Interferon-γ signaling in the progression from early to end stage kidney disease in type 2 diabetes,"The effects of circulating pro-inflammatory factors on diabetic kidney disease (DKD) progression remain poorly defined. In this study, transcriptional and proteomic profiling of kidney tissue and blood samples from individuals with type 2 diabetes mellitus and early DKD was used to identify gene expression associated with kidney disease progression.  Interferon gamma (IFNG) was both identified as an upstream regulator of gene expression and detected in the serum of individuals who progressed.  Individual IFNG activation scores (representing summary expression of 72 downstream signaling mediators) early in disease correlated with DKD progression over an average of 9.7 years.  IFNG pathway inhibition reduced gene activity associated with DKD progression in both kidney organoids generated from human pluripotent stem cells and mouse DKD models.  Thus, expression of genes associated with IFNG activity early in DKD predicted disease progression; individuals demonstrating IFNG activity may benefit from targeted therapeutics early in the disease course.",Homo sapiens,GSE,Expression profiling by high throughput sequencing,24676,2024/05/13,12,38838223,PRJNA962837,ftp://ftp.ncbi.nlm.nih.gov/geo/series/GSE230nnn/GSE230848/,Q1_disease_phrases;Q2_broad_diabetes_kidney,True,priority human review,PENDING_HUMAN_REVIEW,
200231923,GSE231923,"circRNAs expression in the plasma of DM patients, DKD patients and healthy controls","In order to explore the role of circRNA in diabetic kidney disease (DKD), we employed circRNAs microarray expression profile in the plasma of daibetes patients (n=6), diabetic kidney disease patients (n=6) and healthy controls (n=6). According to the microarray data, we found 2079 differentially expressed circRNA in the plasma of DKD patients compared to the healthy people, including 1182 up-regulated and 897 down-regulated.Among the differentially expressed circRNA, nine DKD-related circRNAs were chosen and further validated by qRT-PCR.The results revealed that circUBXN7 was significantly elevated in the plasma of DKD patients, and might be a diagnostic plasma marker for DKD.",Homo sapiens,GSE,Non-coding RNA profiling by array,21825,2023/09/27,18,37744330,PRJNA970241,ftp://ftp.ncbi.nlm.nih.gov/geo/series/GSE231nnn/GSE231923/,Q1_disease_phrases;Q2_broad_diabetes_kidney,False,renal tissue wording not explicit; not a bulk-expression GEO type,PENDING_HUMAN_REVIEW,
200233315,GSE233315,Immune landscape of PBMC based on single-cell rna sequancing in End Stage Renal Disease,"Although an increase in studies has revealed the potential mechanisms underlying immune dysfunction during CKD progression, there are still many significant components that need to be clarified, such as the machinery of T-cell phenotype switching and the plasticity levels of different subsets. Fortunately, in the last decade, novel technologies such as single-cell RNA sequencing have enabled us to investigate transcriptomic profiles at the single-cell level and have enabled us to unravel the potential mechanisms of the heterogeneity of the cell phenotype underlying different diseases. In this study, we investigated the immune cell composition, function, and interaction with other cells in PBMCs (peripheral blood mononuclear cells) during the ESRD period, especially CD4+ T-cell plasticity and the involved signaling pathways and mediators, which could be potential therapeutic targets for preventing CKD progression and complications.",Homo sapiens,GSE,Expression profiling by high throughput sequencing,24676,2023/10/31,2,37927961,PRJNA975860,ftp://ftp.ncbi.nlm.nih.gov/geo/series/GSE233nnn/GSE233315/,Q1_disease_phrases;Q2_broad_diabetes_kidney,False,disease wording not explicit; renal tissue wording not explicit,PENDING_HUMAN_REVIEW,
200023338,GSE23338,TGFß1-driven epithelial to mesenchymal transition in human kidney cell line,TGFbeta is the major cytokine driver of fibrosis in the kidney and other tissue. Epithelial-mesenchymal transition has been postulated to contibrute to renal fibrosis in diseases such as diabetic nephropathy. We wished to identify novel genes that were upregulated in human kidney epithelial cells in response to TGFb1.The transcriptional responses for human proximal tubule epithelial cells to 10 ng/ml TGFbeta1 was examined over 24 and 48 hr,Homo sapiens,GSE,Expression profiling by array,571,2011/05/31,9,22266139,PRJNA131473,ftp://ftp.ncbi.nlm.nih.gov/geo/series/GSE23nnn/GSE23338/,Q1_disease_phrases;Q2_broad_diabetes_kidney,False,renal tissue wording not explicit,PENDING_HUMAN_REVIEW,
200233758,GSE233758,Aberrant proximal tubule DNA methylation underlies phenotypic changes related to kidney dysfunction in patients with diabetes,"Epigenetic mechanisms are considered to contribute to diabetic nephropathy by maintaining memory of poor glycemic control during the early stages of diabetes.  However, DNA methylation changes in the human kidney are poorly characterized, because of the lack of cell type-specific analysis. We examined DNA methylation in proximal tubules purified from diabetic nephropathy patients and identified differentially methylated CpG sites, given the critical role of proximal tubules in the kidney injury. Hypermethylation was observed at CpG sites annotated to genes responsible for proximal tubule functions, including gluconeogenesis, nicotinamide adenine dinucleotide synthesis, transporters of glucose, water, phosphate, and drugs, in diabetic kidneys, while genes involved in oxidative stress and the cytoskeleton exhibited demethylation. Methylation levels of CpG sites annotated to ACTN1, BCAR1, MYH9, UBE4B, AFMID, TRAF2, TXNIP, FOXO3, and HNF4A were correlated with the estimated glomerular filtration rate, while methylation of the CpG site in RUNX1 was associated with interstitial fibrosis and tubular atrophy. Hypermethylation of G6PC and HNF4A was accompanied by decreased expression in diabetic kidneys. Proximal tubule-specific hypomethylation of metabolic genes related to HNF4A observed in control kidneys was compromised in diabetic kidneys, suggesting a role for aberrant DNA methylation in the dedifferentiation process. Multiple genes with aberrant DNA methylation in diabetes overlapped genes with altered expressions in maladaptive proximal tubule cells, including transcription factors PPARA and RREB1. In conclusion, DNA methylation derangement in the proximal tubules of patients with diabetes may drive phenotypic changes, characterized by inflammatory and fibrotic features, along with impaired function in metabolism and transport.",Homo sapiens,GSE,Methylation profiling by array,21145,2024/07/01,33,38961842,PRJNA977710,ftp://ftp.ncbi.nlm.nih.gov/geo/series/GSE233nnn/GSE233758/,Q1_disease_phrases;Q2_broad_diabetes_kidney,False,not a bulk-expression GEO type,PENDING_HUMAN_REVIEW,
200234290,GSE234290,Prelamin A drives vascular calcification by reorganization of the   epigenetic landscape to promote inflammaging,"Background: Vascular calcification is a ubiquitous ageing pathology markedly accelerated in patients with metabolic disorders including diabetes and renal failure.  Prelamin A is a biomarker of vascular ageing which accelerates vascular smooth muscle cell (VSMC) senescence and calcification. Using prelamin A as a model we explored the earliest events in VSMC ageing, focussing on the epigenetic landscape as an environmentally modifiable target.   Methods: Adenoviral expression of prelamin A was used to induce VSMC ageing and epigenetic modifications were monitored using immunofluorescence and targeted PCR-arrays. Epigenetic findings were verified in vitro using drugs targeting epigenetic modifiers and in vivo using immunohistochemistry in human vessels from young, aged and calcified patients.  Transcriptomics, ChIP-seq and antibody arrays were used to identify and verify gene targets impacted by changes in the epigenetic landscape and to monitor effects on inflammation, ageing indices and calcification.  A novel mouse model of VSMC-specific inducible prelamin A expression was used to study epigenetic ageing in vivo and calcification was induced with vitamin D.  Results: Prelamin A accumulation in VSMCs caused rapid global alterations in the repressive heterochromatin marks, H3K9me3 and H3K27me3 which coincided with downregulation of the epigenetic writers EZH2 and SUV39H1.  These same epigenetic changes were recapitulated in primary human VSMCs induced to calcify in response to mineral dysregulation and in the calcified arteries of adults, and young children on dialysis. Global analysis of H3K9me3 and H3K27me3 marks in response to prelamin A expression showed deregulation of cross-talking NF-κB and HIPK2 stress response inflammatory pathways consistent with robust activation of a senescence associated secretory phenotype (SASP). Treatment of VSMCs with EZH2 and SUV39H1 inhibitors amplified the SASP and accelerated senescence and mineral deposition. Induction of prelamin A expression in VSMCs in mice induced rapid loss of heterochromatin which preceded DNA damage and senescence and coincided with early activation of SASP factors creating an environment permissive to calcification.                                                                  Conclusions: Loss of heterochromatin is accelerated by metabolic disease and acts to promote VSMC inflammaging and a tissue microenvironment prone to calcification. Pre-senescent cells with an active SASP may be an early target for tackling vascular ageing pathologies.  tackling vascular ageing pathologies.",Homo sapiens,GSE,Genome binding/occupancy profiling by high throughput sequencing,16791,2025/01/09,24,,PRJNA980697,ftp://ftp.ncbi.nlm.nih.gov/geo/series/GSE234nnn/GSE234290/,Q2_broad_diabetes_kidney,False,disease wording not explicit; renal tissue wording not explicit; not a bulk-expression GEO type,PENDING_HUMAN_REVIEW,
200236379,GSE236379,Hypoxia Triggers Signatures of Maladaptive Repair in Human Kidney Organoids [bulk RNA-seq],"Chronic kidney disease (CKD) affects over half of all adults over 70 and 13% of the global population. The development of renal fibrosis is strongly correlated with loss of kidney function during CKD and involves cellular injury, excessive production of extracellular matrix proteins and inflammation. Current treatments focus on controlling blood pressure, controlling diabetes, and steroid therapies; however, we have no treatments to suppress renal fibrosis. Because hypoxia plays a key role in the development and progression of CKD, we have developed a new model of induced pluripotent stem cell-derived kidney organoids to study in vitro the development of fibrosis in a human model.",Homo sapiens,GSE,Expression profiling by high throughput sequencing,30173,2025/08/15,12,,PRJNA990729,ftp://ftp.ncbi.nlm.nih.gov/geo/series/GSE236nnn/GSE236379/,Q2_broad_diabetes_kidney,False,disease wording not explicit; renal tissue wording not explicit,PENDING_HUMAN_REVIEW,
200240640,GSE240640,A Blood-based Multi-omic Landscape for the molecular characterization of Kidney Stone Disease,"Kidney stone disease (KSD, also named renal calculi, nephrolithiasis, or urolithiasis) is a common urological disease entailing the formation of minerals and salts that form inside the urinary tract, frequently caused by diabetes and high blood pressure, hypertension, and monogenetic components in most patients. 10% of adults worldwide are affected by KSD, which incidence continues to be highly prevalent and increasing. For the identification of novel therapeutic targets in KSD to deal with this situation, we adopted high-throughput sequencing and mass spectrometry (MS) techniques in this study and carried out an integrative analysis of exosome proteome and DNA methylation data from blood samples of normal and KSD patients. Our study described the profiling of serum exosome and DNA methylation in blood from both normal individuals and those with Kidney Stone Disease (KSD), finding the overexpressed proteins and the demethylated DNA genes in KSD samples are related to immune reactions. The consistency of the results in proteomics and epigenetics supports the feasibility of the comprehensive strategy. Our understanding of the molecular landscape of KSD provides an opportunity for more information on the pathogenic mechanism, precise diagnosis, and treatment for KSD.",Homo sapiens,GSE,Methylation profiling by high throughput sequencing,20301,2024/01/01,14,38623715,PRJNA1004536,ftp://ftp.ncbi.nlm.nih.gov/geo/series/GSE240nnn/GSE240640/,Q2_broad_diabetes_kidney,False,disease wording not explicit; renal tissue wording not explicit; not a bulk-expression GEO type,PENDING_HUMAN_REVIEW,
200242141,GSE242141,Chromatin conformation maps in human kidney cortex and medulla from a diabetic donor,We report chromatin conformation (Hi-C) maps from macro-dissected human kidney cortex and medulla from 1 individual,Homo sapiens,GSE,Genome binding/occupancy profiling by high throughput sequencing,20301,2023/11/22,2,,PRJNA1011849,ftp://ftp.ncbi.nlm.nih.gov/geo/series/GSE242nnn/GSE242141/,Q2_broad_diabetes_kidney,False,disease wording not explicit; renal tissue wording not explicit; not a bulk-expression GEO type,PENDING_HUMAN_REVIEW,
200243552,GSE243552,Effect of depletion of GPR107 on gene expression during high glucose (20 mM) stimulation of human podocytes,"To investigate the function of GPR107 in the regulation of diabetes, we established HPC cell lines in which target gene has been knocked out.",Homo sapiens,GSE,Expression profiling by high throughput sequencing,24676,2023/09/24,6,,PRJNA1018905,ftp://ftp.ncbi.nlm.nih.gov/geo/series/GSE243nnn/GSE243552/,Q2_broad_diabetes_kidney,False,disease wording not explicit; renal tissue wording not explicit,PENDING_HUMAN_REVIEW,
200243750,GSE243750,SEX-DEPENDENT APOE4 NEUTROPHIL-MICROGLIA INTERACTIONS DRIVE COGNITIVE IMPAIRMENT IN ALZHEIMER'S DISEASE,This SuperSeries is composed of the SubSeries listed below.,Mus musculus; Homo sapiens,GSE,Expression profiling by high throughput sequencing,19057;18573,2024/06/04,288,38961225,PRJNA1019741,ftp://ftp.ncbi.nlm.nih.gov/geo/series/GSE243nnn/GSE243750/,Q2_broad_diabetes_kidney,False,disease wording not explicit; renal tissue wording not explicit,PENDING_HUMAN_REVIEW,
200245369,GSE245369,Genomic and Biological Analysis of the Mechanism Underlying Dibifree Dietary Supplement,"The mechanistic study employed NGS-RNAseq to capture differential gene expressions, which were subsequently analyzed using big data analysis, the GSEA predictions revealed that Dibifree reversed the pathological kidney gene pattern observed in patients with type 2 diabetes. The network diagram derived from comprehensive databases (KEGG, GO, and DO) depicted the correlations between Dibifree and diabetes, including diabetes-related comorbidities. ",Homo sapiens,GSE,Expression profiling by high throughput sequencing,24676,2023/10/17,2,,PRJNA1027900,ftp://ftp.ncbi.nlm.nih.gov/geo/series/GSE245nnn/GSE245369/,Q2_broad_diabetes_kidney,False,disease wording not explicit; renal tissue wording not explicit,PENDING_HUMAN_REVIEW,
200248078,GSE248078,Novel biomarkers for contrast-induced acute kidney injury identified from RNA sequencing data,Contrast-induced acute kidney injury (CI-AKI) is a serious complication of percutaneous coronary intervention (PCI). Emerging evidence suggests that messengerRNAs (mRNAs) and long non-coding RNAs (lncRNAs) could serve as biomarkers for various diseases.,Homo sapiens,GSE,Expression profiling by high throughput sequencing,20301,2023/11/17,8,,PRJNA1041736,ftp://ftp.ncbi.nlm.nih.gov/geo/series/GSE248nnn/GSE248078/,Q2_broad_diabetes_kidney,False,disease wording not explicit; renal tissue wording not explicit,PENDING_HUMAN_REVIEW,
200248352,GSE248352,Antitumor effects of intravenous natural killer cell infusion in an orthotopic glioblastoma xenograft murine model and gene expression profile analysis,"Despite standard multimodality treatments, including maximal safe resection, te-mozolomide, radiotherapy, and tumor-treating fields, patients with glioblastoma (GBM) face dismal prognosis. Natural killer cell (NKC)-based immunotherapy appears to be a promising approach to treat GBM. We previously reported a novel technique to derive ex vivo-expanded highly activated NKCs from human peripheral blood mononuclear cells, which exhibited no-table antitumor effects against GBM cells. In this study, we performed preclinical evaluation of these NKCs in an in vivo orthotopic xenograft murine model, which was established by sub-cutaneously implanting U87MG cells in nonobese diabetes/severe combined immunodefi-ciency/IL2rγ null (NOG) mice. In this model, administering NKCs via the retro-orbital sinus prolonged the overall survival of NOG mice, indirectly indicating the growth inhibitory ef-fects of NKCs. In addition, we performed a comprehensive analysis of differentially ex-pressed genes using microarray, focusing on the expression of NKC activating receptor lig-ands, NKC inhibitory receptor ligands, chemokines, and chemokine receptors, between intra-cranial tumors treated with NKCs and non-treated intracranial tumors. We also performed differential gene expression analysis between the internal and external layers of intracranial tumors. Our findings provide crucial insights into NKC-based immunotherapy for patients with GBM.",Homo sapiens,GSE,Expression profiling by array,23159,2023/11/27,5,38397112,PRJNA1043578,ftp://ftp.ncbi.nlm.nih.gov/geo/series/GSE248nnn/GSE248352/,Q2_broad_diabetes_kidney,False,disease wording not explicit; renal tissue wording not explicit,PENDING_HUMAN_REVIEW,
200250539,GSE250539,"TORSEL, a 4EBP1-based mTORC1 live-cell sensor, reveals nutrient-sensing targeting by histone deacetylase inhibitor","Mammalian or the mechanistic target of rapamycin complex 1 (mTORC1) is an effective therapeutic target for diseases such as cancer, diabetes, aging, and neurodegeneration. However, an efficient tool to monitor mTORC1 inhibition in living cells or tissues is lacking. We developed a genetically encoded mTORC1 sensor called TORSEL. This sensor changes its fluorescence pattern from diffuse to punctate when 4EBP1 dephosphorylation occurs and interacts with eIF4E. TORSEL can specifically sense physiological, pharmacological, and genetic inhibition of mTORC1 signaling in living cells and tissues. Importantly, TORSEL is a valuable tool for imaging-based visual screening of mTORC1 inhibitors. Using TORSEL, we identified histone deacetylase inhibitors that selectively block nutrient-sensing signaling to inhibit mTORC1. Therefore, TORSEL is a unique living cell sensor that efficiently detects the inhibition of mTORC1 activity, and histone deacetylase inhibitors such as panobinostat target mTORC1 signaling through amino acid sensing.",Homo sapiens,GSE,Expression profiling by high throughput sequencing,23227,2024/06/26,6,38824577,PRJNA1054503,ftp://ftp.ncbi.nlm.nih.gov/geo/series/GSE250nnn/GSE250539/,Q2_broad_diabetes_kidney,False,disease wording not explicit; renal tissue wording not explicit,PENDING_HUMAN_REVIEW,
200251645,GSE251645,Methylglyoxal-derived nucleoside adducts drive vascular dysfunction in a RAGE-dependent manner,"Diabetic kidney disease (DKD) is a leading cause of death in patients with diabetes. An early precursor to DKD is endothelial cell dysfunction (ECD), a factor that often precedes and exacerbates vascular disease progression. We previously discovered that covalent adducts formed on DNA, RNA, and proteins by reactive metabolic by-product methylglyoxal (MG) predict DKD risk in patients with type 1 diabetes up to 16 years pre-diagnosis. However, the mechanisms by which MG-adducts contribute to vascular disease onset and progression remain unclear. Here, we report that the most predominant MG-induced nucleoside adducts, N2-(1-carboxyethyl)-deoxyguanosine (CEdG) and N2-(1-carboxyethyl)-guanosine (CEG), drive endothelial dysfunction. Following CEdG or CEG exposure, primary human umbilical vein endothelial cells (HUVECs) undergo endothelial dysfunction, resulting in enhanced monocyte adhesion, increased reactive oxygen species production, endothelial permeability, impaired endothelial homeostasis, and exhibit a dysfunctional transcriptomic signature. These effects were discovered to be mediated through the receptor for advanced glycation end products (RAGE), as an inhibitor for intracellular RAGE signaling diminished these dysfunctional phenotypes. Therefore, we find that not only are MG-adducts biomarkers for DKD, this study reveals they may also have a dual role as potential drivers of vascular disease onset and progression and a new therapeutic modality.",Homo sapiens,GSE,Expression profiling by high throughput sequencing,24676,2024/01/19,18,38247509,PRJNA1055005,ftp://ftp.ncbi.nlm.nih.gov/geo/series/GSE251nnn/GSE251645/,Q1_disease_phrases;Q2_broad_diabetes_kidney,False,renal tissue wording not explicit,PENDING_HUMAN_REVIEW,
200255028,GSE255028,Endothelial Kallikrein-Related Peptidase 8 Promotes Diabetic Nephropathy via Reducing SDC4 Expression and Enhancing LIF Release,"The molecular mechanisms underlying diabetic nephropathy (DN) are poorly defined. We sought to investigate the roles of kallikrein-related peptidases (KLKs) in DN pathogenesis. Screening of renal tissue from diabetic mice revealed KLK8 as the most highly induced gene in KLK family. KLK8 expression was greater in glomerular endothelial cells (GECs) than other glomerular cells in DN patients and diabetic mice. The rats with KLK8 overexpression exhibited proteinuria, reduced glomerular filtration rate (GFR), and mesangial expansion, podocytopenia, glomerulosclerosis and interstitial fibrosis in renal tissues. In contrast, global KLK8 deficiency reversed streptozotocin-induced hallmark of DN features including proteinuria, reduced GFR, glomerular hypertrophy, glycocalyx loss in GECs, podocytopenia, leukocyte infiltration, glomerulosclerosis, and interstitial fibrosis in mice. Moreover, endothelial KLK8 ablation also blocked streptozotocin-induced hallmark of DN features. Mechanically, elevated KLK8 in GECs promoted endothelial hyperpermeability, glycocalyx injury, and monocyte recruitment and adhesion through downregulation and shedding of syndecan-4 (SDC4). KLK8 upregulation in GECs stimulated mesangial cell proliferation and activation via increasing leukemia inhibitory factor (LIF) release. Moreover, circulatory KLK8 levels correlated positively with LIF and SDC4 in diabetic nephropathy patients. Our study identifies KLK8 as a novel driver of DN development and progress and highlight potential therapeutic strategies targeting KLK8 for DN.",Homo sapiens,GSE,Expression profiling by high throughput sequencing,24676,2024/12/31,9,,PRJNA1073260,ftp://ftp.ncbi.nlm.nih.gov/geo/series/GSE255nnn/GSE255028/,Q1_disease_phrases;Q2_broad_diabetes_kidney,True,priority human review,PENDING_HUMAN_REVIEW,
200260461,GSE260461,Sex-dependent APOE4 Neutrophil-microglia interactions drive cognitive impairment in Alzheimer's Disease,"APOE4 is the strongest genetic risk factor for Alzheimer's disease (AD), with increased odds ratios in females. Targeting amyloid plaques shows modest improvement in male non-APOE4 carriers. Leveraging single-cell transcriptomics across APOE variants in both sexes, multiplex flow cytometry, and validation in two independent cohorts of APOE4 female AD patients, we identify a new subset of neutrophils interacting with microglia associated with cognitive impairment. This phenotype is defined by increased IL-17 and IL-1 co-expressed gene modules in blood neutrophils and in microglia of cognitively impaired female APOE e4 carriers, showing increased infiltration to the AD brain. APOE4 female IL-17+ neutrophils upregulated the immunosuppressive cytokines IL-10 and TGFB and immune checkpoints, including LAG-3 and PD-1, associated with accelerated immune aging. Deletion of APOE4 in neutrophils reduced this immunosuppressive phenotype and restored the microglial response to neurodegeneration (MGnD), limiting plaque pathology in AD mice. Mechanistically, IL-17F upregulated in APOE4 neutrophils interacts with microglial IL-17RA to suppress the induction of MGnD phenotype, and blocking this axis supported cognitive improvement in AD mice. These findings provide a translational basis to target IL-17F in APOE e4 female carriers with cognitive impairment.  ",Homo sapiens,GSE,Expression profiling by high throughput sequencing,18573,2024/06/04,39,38961225,PRJNA1081819,ftp://ftp.ncbi.nlm.nih.gov/geo/series/GSE260nnn/GSE260461/,Q2_broad_diabetes_kidney,False,disease wording not explicit; renal tissue wording not explicit,PENDING_HUMAN_REVIEW,
200260730,GSE260730,The impact of METTL3 on MDM2 impairs cell cycle homeostasis in podocytes during diabetic kidney diseases,"The m6A modification, a prevalent epigenetic change, is implicated in various disease processes. Our previous research has revealed METTL3 abnormal expression in aging kidney tissues, correlating with its role in regulating renal fibrosis. In this study, we aim to create a conditional METTL3 knockout model to delve deeper into its regulatory mechanisms in diabetic kidney disease (DKD).Utilizing a conditional, podocyte-specific METTL3 knockout mouse model induced by STZ and transfected mouse podocytes with siMETTL3 plasmids stimulated by advanced glycation end products (AGEs) in vitro, we aim to investigate potential associations between podocyte mitotic catastrophe, the release of inflammatory factors, and diabetic kidney injury. Our focus extends to unraveling the role of METTL3/IGF2BP2 in m6A modification, particularly through MDM2 degradation.Elevated m6A levels were evident in renal tissues of type I diabetic mice and in cultured mouse podocytes exposed to AGEs, attributed to increased METTL3 expression. Podocyte-specific METTL3 knockdown significantly mitigated podocyte injury in STZ-induced diabetic mice, leading to reduced albuminuria and diminished renal pathology. Mechanistically, METTL3 induces abnormal m6A modifications sites of MDM2, triggering subsequent degradation through IGF2BP2 dependent way. Consequently, this abnormal m6A regulation instigates increased MDM2 expression, activating the Notch signaling pathway, prompting podocyte cell cycle re-entry in diabetic conditions, releasing inflammatory factors, and inducing dedifferentiation of podocytes.The aberrant m6A modification, mediated by METTL3, stands pivotal effect of podocytes during diabetic condition. Targeting m6A via METTL3, the writer enzyme, may offer a potential avenue for treating DKD.",Homo sapiens,GSE,Other,24676,2026/05/19,2,,PRJNA1083032,ftp://ftp.ncbi.nlm.nih.gov/geo/series/GSE260nnn/GSE260730/,Q1_disease_phrases;Q2_broad_diabetes_kidney,False,not a bulk-expression GEO type,PENDING_HUMAN_REVIEW,
200261545,GSE261545,Histopathological-based analysis of human kidney spatial transcriptomics data: toward precision pathology,"In this study, we conducted a histopathological-based analysis of 10x Genomics Visium spatial transcriptomics data on a human kidney sample corresponding as closely as possible to the reality of the interpretation of a kidney biopsy in a healthcare or research context.",Homo sapiens,GSE,Other,24676,2024/06/27,1,39097165,PRJNA1087410,ftp://ftp.ncbi.nlm.nih.gov/geo/series/GSE261nnn/GSE261545/,Q1_disease_phrases;Q2_broad_diabetes_kidney,False,disease wording not explicit; not a bulk-expression GEO type,PENDING_HUMAN_REVIEW,
200262414,GSE262414,The use of plasma microRNAs (miRs) as diagnostic and prognostic biomarkers of chronic kidney disease (CKD),"MicroRNAs (miRs) have the potential to be employed as diagnostic and prognostic biomarkers of chronic kidney disease (CKD) and are functionally important in disease pathogenesis. To identify novel miR biomarkers we performed small RNA-sequencing (sRNA-Seq) to detect miRs that were quantitatively altered in the circulation of individuals with type 2 diabetes (T2D) with CKD compared to those with normal kidney function. MiR-190a-5p abundance was significantly lower in the circulation of T2D patients with reduced kidney function compared to those with normal kidney function. To validate if the loss of circulating miR-190a-5p was associated with reduced kidney function we measured miR-190a-5p in an unselected cohort of CKD patients and determined if dysregulated miR-190a-5p could predict kidney outcomes. In individuals with no or moderate albuminuria (<300mg/mmol), serum miR-190a-5p levels predicted CKD progression (reaching end-stage kidney disease or >30% reduction from baseline eGFR, independent of age, sex, baseline eGFR, urinary albumin excretion, or blood pressure (adjusted HR 0.80, 95% CI: 0.66-0.96, p=0.015). To identify the kidney source of miR-190a-5p we utilised transcriptomic data from mouse models of kidney injury and single nuclear (sn) RNA-Seq from human kidney, finding that miR-190a-5p is enriched in the proximal tubule (PT) but down-regulated following injury. Bioinformatic analysis highlighted ADAM10as a potential miR-190a-5p target and we validated this in human PT cell line. Our analyses suggest that miR-190a-5p is a biomarker of tubular cell health and low circulating levels may predict CKD progression in patients with low or moderate proteinuria independent of existing risk factors.",Homo sapiens,GSE,Non-coding RNA profiling by high throughput sequencing,18573,2024/03/30,33,,PRJNA1091676,ftp://ftp.ncbi.nlm.nih.gov/geo/series/GSE262nnn/GSE262414/,Q1_disease_phrases;Q2_broad_diabetes_kidney,False,disease wording not explicit; renal tissue wording not explicit; not a bulk-expression GEO type,PENDING_HUMAN_REVIEW,
200262793,GSE262793,Integrative transcriptome and proteome profiling of insulin-resistant kidney cell models and patient biopsies reveals common and cell-type-specific mechanisms underpinning Diabetic Kidney Disease,"Diabetic kidney disease (DKD) is the leading cause of end stage kidney failure worldwide. It is now clear that cellular insulin resistance is a major driver of this disease. Using established human conditionally immortalised podocytes (Pods), glomerular endothelial cells (GECs), mesangial cells (MCs), and proximal tubular cells (PTCs), we modelled both insulin sensitivity and insulin resistance and performed simultaneous transcriptomics and proteomics for integrated analysis. Our data was further compared with bulk- and single-cell transcriptomic kidney biopsy data from early- and advanced-stage DKD patient cohorts. We identified several consistent changes (individual genes, proteins, and molecular pathways) occurring across all insulin-resistant kidney cell types, which were replicated in human early- and/or advanced-stage DKD biopsies. These included the genes CTSS, NRBF2, C3, CXCL1, TFPI2 and PFKFB3, and pathways related to the inflammatory response, ER stress and glycoprotein metabolism. We further identified several cell-line-specific molecular changes occurring in response to insulin resistance, which were replicated in single-cell sequencing data from DKD, together with a selective reduction in mitochondrial function in Pods, MCs and PTC, but not GECs. This study provides a rich data resource to direct future studies in elucidating underlying kidney signalling pathways and potential therapeutic targets in DKD.",Homo sapiens,GSE,Expression profiling by high throughput sequencing,20301,2024/04/02,80,39562547,PRJNA905899,ftp://ftp.ncbi.nlm.nih.gov/geo/series/GSE262nnn/GSE262793/,Q1_disease_phrases;Q2_broad_diabetes_kidney,True,priority human review,PENDING_HUMAN_REVIEW,
200262814,GSE262814,Molecular mechanisms of Target organ damage in youth with primary hypertension [bulk RNA-Seq 2],"High blood pressure or Primary Hypertension is associated with target organ damage (TOD) in both adults and youth, where TOD predicts the adverse cardiovscular (CV) events. The mechanisms involved in blood pressure mediated TOD are limitedly understood in onset of  TOD. To understand this,  first using RNA sequencing, we identified candidate differentially expressed genes  in circulating PBMCs of study participants with and without hypertension and elevated  left ventrivlar mass index . Next, through miRNA and whole genome bisulphite sequencing of circulating PBMCs we determined the epigenetic regulators of TOD. Also, using LCMS, serum proteomics, the key circulatory protein involved in advancing CV- TOD events was identified. In conclusion,  multiomics approach was utilized to define the circulatory regulators involved in BP mediated CV-TOD.",Homo sapiens,GSE,Expression profiling by high throughput sequencing,20301,2024/07/31,20,38948714;41147417,PRJNA1093429,ftp://ftp.ncbi.nlm.nih.gov/geo/series/GSE262nnn/GSE262814/,Q2_broad_diabetes_kidney,False,disease wording not explicit; renal tissue wording not explicit,PENDING_HUMAN_REVIEW,
200262815,GSE262815,Molecular mechanisms of Target organ damage in youth with primary hypertension [bulk RNA-Seq 3],"High blood pressure or Primary Hypertension is associated with target organ damage (TOD) in both adults and youth, where TOD predicts the adverse cardiovscular (CV) events. The mechanisms involved in blood pressure mediated TOD are limitedly understood in onset of  TOD. To understand this,  first using RNA sequencing, we identified candidate differentially expressed genes  in circulating PBMCs of study participants with and without hypertension and elevated  left ventrivlar mass index . Next, through miRNA and whole genome bisulphite sequencing of circulating PBMCs we determined the epigenetic regulators of TOD. Also, using LCMS, serum proteomics, the key circulatory protein involved in advancing CV- TOD events was identified. In conclusion,  multiomics approach was utilized to define the circulatory regulators involved in BP mediated CV-TOD.",Homo sapiens,GSE,Expression profiling by high throughput sequencing,20301,2024/07/31,20,38948714;41147417,PRJNA1093431,ftp://ftp.ncbi.nlm.nih.gov/geo/series/GSE262nnn/GSE262815/,Q2_broad_diabetes_kidney,False,disease wording not explicit; renal tissue wording not explicit,PENDING_HUMAN_REVIEW,
200262817,GSE262817,Molecular mechanisms of Target organ damage in youth with primary hypertension [bisulfite-Seq],"High blood pressure or Primary Hypertension is associated with target organ damage (TOD) in both adults and youth, where TOD predicts the adverse cardiovscular (CV) events. The mechanisms involved in blood pressure mediated TOD are limitedly understood in onset of  TOD. To understand this,  first using RNA sequencing, we identified candidate differentially expressed genes  in circulating PBMCs of study participants with and without hypertension and elevated  left ventrivlar mass index . Next, through miRNA and whole genome bisulphite sequencing of circulating PBMCs we determined the epigenetic regulators of TOD. Also, using LCMS, serum proteomics, the key circulatory protein involved in advancing CV- TOD events was identified. In conclusion,  multiomics approach was utilized to define the circulatory regulators involved in BP mediated CV-TOD.",Homo sapiens,GSE,Methylation profiling by high throughput sequencing,28038,2024/07/31,30,38948714;41147417,PRJNA1093436,ftp://ftp.ncbi.nlm.nih.gov/geo/series/GSE262nnn/GSE262817/,Q2_broad_diabetes_kidney,False,disease wording not explicit; renal tissue wording not explicit; not a bulk-expression GEO type,PENDING_HUMAN_REVIEW,
200262818,GSE262818,Molecular mechanisms of Target organ damage in youth with primary hypertension [smallRNA-Seq 1],"High blood pressure or Primary Hypertension is associated with target organ damage (TOD) in both adults and youth, where TOD predicts the adverse cardiovscular (CV) events. The mechanisms involved in blood pressure mediated TOD are limitedly understood in onset of  TOD. To understand this,  first using RNA sequencing, we identified candidate differentially expressed genes  in circulating PBMCs of study participants with and without hypertension and elevated  left ventrivlar mass index . Next, through miRNA and whole genome bisulphite sequencing of circulating PBMCs we determined the epigenetic regulators of TOD. Also, using LCMS, serum proteomics, the key circulatory protein involved in advancing CV- TOD events was identified. In conclusion,  multiomics approach was utilized to define the circulatory regulators involved in BP mediated CV-TOD.",Homo sapiens,GSE,Non-coding RNA profiling by high throughput sequencing,23227,2024/07/31,109,38948714;41147417,PRJNA1093437,ftp://ftp.ncbi.nlm.nih.gov/geo/series/GSE262nnn/GSE262818/,Q2_broad_diabetes_kidney,False,disease wording not explicit; renal tissue wording not explicit; not a bulk-expression GEO type,PENDING_HUMAN_REVIEW,
200262819,GSE262819,Molecular mechanisms of Target organ damage in youth with primary hypertension [smallRNA-Seq 2],"High blood pressure or Primary Hypertension is associated with target organ damage (TOD) in both adults and youth, where TOD predicts the adverse cardiovscular (CV) events. The mechanisms involved in blood pressure mediated TOD are limitedly understood in onset of  TOD. To understand this,  first using RNA sequencing, we identified candidate differentially expressed genes  in circulating PBMCs of study participants with and without hypertension and elevated  left ventrivlar mass index . Next, through miRNA and whole genome bisulphite sequencing of circulating PBMCs we determined the epigenetic regulators of TOD. Also, using LCMS, serum proteomics, the key circulatory protein involved in advancing CV- TOD events was identified. In conclusion,  multiomics approach was utilized to define the circulatory regulators involved in BP mediated CV-TOD.",Homo sapiens,GSE,Non-coding RNA profiling by high throughput sequencing,20301,2024/07/31,20,38948714;41147417,PRJNA1093438,ftp://ftp.ncbi.nlm.nih.gov/geo/series/GSE262nnn/GSE262819/,Q2_broad_diabetes_kidney,False,disease wording not explicit; renal tissue wording not explicit; not a bulk-expression GEO type,PENDING_HUMAN_REVIEW,
200262828,GSE262828,Molecular mechanisms of Target organ damage in youth with primary hypertension [bulk RNA-Seq 1],"High blood pressure or Primary Hypertension is associated with target organ damage (TOD) in both adults and youth, where TOD predicts the adverse cardiovscular (CV) events. The mechanisms involved in blood pressure mediated TOD are limitedly understood in onset of  TOD. To understand this,  first using RNA sequencing, we identified candidate differentially expressed genes  in circulating PBMCs of study participants with and without hypertension and elevated  left ventrivlar mass index . Next, through miRNA and whole genome bisulphite sequencing of circulating PBMCs we determined the epigenetic regulators of TOD. Also, using LCMS, serum proteomics, the key circulatory protein involved in advancing CV- TOD events was identified. In conclusion,  multiomics approach was utilized to define the circulatory regulators involved in BP mediated CV-TOD.",Homo sapiens,GSE,Expression profiling by high throughput sequencing,23227,2024/07/31,89,38948714;41147417,PRJNA1093448,ftp://ftp.ncbi.nlm.nih.gov/geo/series/GSE262nnn/GSE262828/,Q2_broad_diabetes_kidney,False,disease wording not explicit; renal tissue wording not explicit,PENDING_HUMAN_REVIEW,
200262922,GSE262922,Effect of overexpssion Kallistatin(SERPINA4) in HGC-27 cell line,"Kallistatin has been demonstrated to possess inhibitory effects across several malignancies, including hepatocellular carcinoma, gastric cancer and breast cancer. Subsequent evidence has increasingly suggested that KS has pleiotropic roles in modulating a broad spectrum of diseases, including in diabetic nephropathy, idiopathic pulmonary fibrosis and autoimmune uveitis. However, the precise function and molecular mechanisms underlying tumor-induced immune escape attributed to KS remain unclear, necessitating further investigation to determine its role in this context.For this propose, we establish SERPINA4 stably expressed cell line(and control) in HGC-27 cells, and RNA-seq was performed to reveal the trancriptome changes between there two cell lines.",Homo sapiens,GSE,Expression profiling by high throughput sequencing,20301,2024/10/01,6,,PRJNA1094913,ftp://ftp.ncbi.nlm.nih.gov/geo/series/GSE262nnn/GSE262922/,Q1_disease_phrases,False,renal tissue wording not explicit,PENDING_HUMAN_REVIEW,
200265918,GSE265918,Effect of FGF9 on human renal tubular epithelial cells in high glucose culture,"Diabetic nephropathy is characterised by the accumulation of extracellular matrix in the glomerular tunica and tubular interstitium, which ultimately leads to excessive renal scarring and decreased excretory function. The main pathological changes of renal fibrosis are: glomerulosclerosis, tubulointerstitial fibrosis, infiltration of inflammatory mediators and activation of α-SMA-positive myofibroblasts. Among them, tubulointerstitial fibrosis is an important link in the development of end-stage renal disease (ESRD).Previous experiments verified that FGF9 expression was decreased in kidneys of STZ-induced diabetic mice and HK2 cells cultured with high glucose, while overexpression of FGF9 inhibited HK2 cell migration under high glucose. To investigate the role of FGF9 in tubulointerstitial fibrosis in diabetic nephropathy, we performed high-throughput sequencing of different subgroups of HK2 cells.",Homo sapiens,GSE,Expression profiling by high throughput sequencing,24676,2025/11/13,12,40977522,PRJNA1104684,ftp://ftp.ncbi.nlm.nih.gov/geo/series/GSE265nnn/GSE265918/,Q1_disease_phrases;Q2_broad_diabetes_kidney,True,priority human review,PENDING_HUMAN_REVIEW,
200266108,GSE266108,Sodium Butyrate Ameliorates Renal Tubular Lipid Accumulation Through the PP2A-TFEB axis in Diabetic Nephropathy,"Background: Diabetic kidney disease (DKD) is the leading cause of end-stage renal disease worldwide with limited treatment options. The intricate pathogenesis of dysregulated lipid metabolism leading to the development of DKD remains obscure. Lipophagy, which refers to the autophagic degradation of intracellular lipid droplets, has been found to be impaired in DKD, resulting in renal tubule dysfunction and ectopic lipid deposition (ELD). The lipotoxity in renal tubules is closely related to the pathogenesis of DKD. Therefore, it is crucial to develop effective and safe agents that can restore autophagic flux and lipophagy in renal tubules for potential preventive interventions. Purpose: This study seeks to investigate the preventive effect of sodium butyrate (NaB) on ELD in the progression of DKD and elucidate the underlying mechanisms involved.Methods: The beneficial effects of NaB were investigated in glucolipotoxicity (GLT)-stimulated HK-2 cells and the streptozotocin (STZ) injection combined with a high-fat diet induced DKD model mice. Additionally, we managed to silence transcription factor EB (TFEB) in HK-2 cells and establish the renal specific silence model by retrograde ureteral infusion of AAV9-shTFEB in mice. We investigated the expression profile of RNAs in HK-2 cells through. The mechanism of NaB is demonstrated by RNA sequencing (RNA-seq), pulldown MS assay, SPR experiments etc.Results: Our findings revealed that serum butyrate level is reduced in DKD patients and is statistically correlated with urinary protein excretion and eGFR. Sodium butyrate (NaB) dose-dependently improved lipid deposition in HK-2 cells and renal tubular epithelial cells of DKD model mice. This effect may be attributed to the promotion of TFEB dephosphorylation, as NaB can directly interact with PPP2R1A to activate PP2A phosphorylation activity. Therefore, NaB may play a role in improving renal lipid deposition in DKD through the PP2A-TFEB pathway. Conclusion: NaB acts as a PP2A-TFEB axis activator that restores lipophagy to ameliorate ELD and renal dysfunction in DKD.",Homo sapiens,GSE,Expression profiling by high throughput sequencing,24676,2024/10/31,6,,PRJNA1105893,ftp://ftp.ncbi.nlm.nih.gov/geo/series/GSE266nnn/GSE266108/,Q1_disease_phrases;Q2_broad_diabetes_kidney,False,renal tissue wording not explicit,PENDING_HUMAN_REVIEW,
200266146,GSE266146,Single cell RNA sequencing of urine sediment from early and advanced Diabetic Kidney Disease (DKD) patients,Urine sediment collected from patients diagnosed with early and advanced DKD are subject to single cell RNA sequencing. The resulting data are used to define early tubule injury/repairing signatures.,Homo sapiens,GSE,Expression profiling by high throughput sequencing,18460,2025/01/23,2,40225386,PRJNA1106002,ftp://ftp.ncbi.nlm.nih.gov/geo/series/GSE266nnn/GSE266146/,Q1_disease_phrases;Q2_broad_diabetes_kidney,False,renal tissue wording not explicit,PENDING_HUMAN_REVIEW,
200266819,GSE266819,Pre-analytical considerations in quantifying circulating miRNAs that predict end-stage kidney disease in diabetes,"Our previous study identified 8 risk and 9 protective plasma miRNAs associated with progression to end-stage kidney disease (ESKD) in diabetes. This study aimed to elucidate pre-analytical factors that influence the quantification of circulating miRNAs. Using the EdgeSeq platform, which quantifies 2,002 miRNAs in plasma, including ESKD-associated miRNAs, we compared miRNA profiles in whole plasma vs. miRNAs profiles in RNA extracted from the same plasma specimens. Less than half of the miRNAs were detected in standard RNA extracted methods from plasma. Detection of individual and concentrations of miRNAs were much lower when RNA extracted from plasma was quantified by RNA sequencing (RNASeq) or RT-qPCR platforms compared to EdgeSeq. Plasma profiles of miRNAs determined by the EdgeSeq platform had excellent reproducibility in assessment, and had no variation with age, sex, HbA1c, BMI, and cryostorage time. The risk ESKD-associated miRNAs were detected and measured accurately only in whole plasma and using the EdgeSeq platform. Protective ESKD-associated miRNAs were detected by all platforms except RT-qPCR, however, correlations among concentrations obtained with different platforms were weak or non-existent.  In conclusion, pre-analytical factors have a profound effect on detection and quantification of circulating miRNAs in ESKD in diabetes. Quantification of miRNAs in whole plasma and using the EdgeSeq platform may be the preferable method to study profiles of circulating cell-free miRNAs associated with ESKD, and possibly other diseases.",Homo sapiens,GSE,Non-coding RNA profiling by high throughput sequencing,18573;11154;16791,2024/05/07,32,38912578,PRJNA1108332,ftp://ftp.ncbi.nlm.nih.gov/geo/series/GSE266nnn/GSE266819/,Q2_broad_diabetes_kidney,False,disease wording not explicit; renal tissue wording not explicit; not a bulk-expression GEO type,PENDING_HUMAN_REVIEW,
200268686,GSE268686,Implant renal injury-responsive cells to supplement erythropoietin and protect kidney,"Anemia poses a life-threatening risk to individuals with chronic kidney diseases (CKDs). Insufficient production of erythropoietin (EPO) from injured kidney is the major reason for anemia, while lack of EPO would further aggravate the kidney injury and make a “vicious cycle”. In this study, we dissected the change of endogenous EPO signaling in injured kidney by spatial transcriptomic analysis and validated the dual beneficial effects of local recombinant EPO administration on both anemia correction and kidney protection. Next, we constructed an injury-responsive EPO producing (iREP) element to sense the kidney damage signal and drive the synthesis and secretion of native EPO. After intra-renal implantation of iREP engineered HEK-293T embryonic kidney cells, the mouse kidney would automatically produce more EPO when sensing injury signal, which in turn enhanced red blood cell mass and protected kidney from further injury. Moreover, aided with automated equipment, we cloned urine-derived SOX9+ epithelial cells (USCs) from both healthy donors or CKD patients. The USCs could be transplanted into mouse kidney and form tubule-like structures, which makes them an alternative candidate cell for iREP engineering. Altogether, the current work proposed a potential approach based on engineered “smart” cell to treat CKDs.",Homo sapiens,GSE,Expression profiling by high throughput sequencing,34284,2026/05/30,17,,PRJNA1118263,ftp://ftp.ncbi.nlm.nih.gov/geo/series/GSE268nnn/GSE268686/,Q1_disease_phrases;Q2_broad_diabetes_kidney,False,disease wording not explicit; renal tissue wording not explicit,PENDING_HUMAN_REVIEW,
200026887,GSE26887,Transcriptome analysis of diabetic and non diabetic patients affected by post-ischemic heart failure,"Increased morbidity and mortality associated with post-ischemic heart failure (HF) in diabetic patients underscore the need for a better understanding of the underlying molecular events. Indeed, effective HF therapy in diabetic patients requires a complex strategy encompassing the development of improved diagnostic and prognostic markers and innovative pharmacological approaches. Whole mRNAs expression was measured in the heart of patients with heart failure (HF) with or without concomitant Type 2 diabetes mellitus (T2DM)  and compared it to control non-failing hearts.  We identified distinct genes modulated in HF patients compared to controls, as well as to T2DM HF  patients compared to  not diabetic HF patients.",Homo sapiens,GSE,Expression profiling by array,6244,2012/03/21,24,22427379,PRJNA135947,ftp://ftp.ncbi.nlm.nih.gov/geo/series/GSE26nnn/GSE26887/,Q2_broad_diabetes_kidney,False,disease wording not explicit; renal tissue wording not explicit,PENDING_HUMAN_REVIEW,
200271708,GSE271708,Circulating proteins linked to apoptosis processes and  fast development of end stage kidney disease in diabetes.,"Background: Many circulating proteins are associated with risk of ESKD but their source and the biological pathways/disease processes they represent are unclear. Methods: Using OLINK proteomics platform, concentrations of 455 proteins were measured in plasma specimens obtained at baseline from 399 individuals with diabetes. Results: Elevated concentrations of 46 circulating proteins were associated (p <10-5) with development of ESKD (n=149) during 7-15 years of follow-up. Twenty of these proteins enriched apoptosis/TNF receptors signaling pathways. A subset (5-7), summarized as an apoptosis score, together with clinical variables accurately predicted risk of ESKD. Expression of genes encoding the 46 proteins in peripheral white blood cells showed no difference between cells from individuals who did or did not develop ESKD. In contrast, plasma concentration of many of the 46 proteins differed by this outcome. In snRNA-seq analysis of kidney biopsies, the majority of genes encoding for the 20 apoptosis/TNF receptors proteins were overexpressed in injured versus healthy proximal tubule cells. Expression of these 20 genes also correlated with the overall index of apoptosis in these cells. Conclusion: Elevated levels of circulating proteins flagging apoptotic processes/TNF receptors signaling pathways, and likely originating from injured/apoptotic proximal tubular cells, preceded the development of ESKD.",Homo sapiens,GSE,Expression profiling by high throughput sequencing,24676,2024/10/21,72,39435665,PRJNA1132962,ftp://ftp.ncbi.nlm.nih.gov/geo/series/GSE271nnn/GSE271708/,Q2_broad_diabetes_kidney,False,disease wording not explicit; renal tissue wording not explicit,PENDING_HUMAN_REVIEW,
200273001,GSE273001,Integrative RNA-seq and CLIP-seq analysis reveals hnRNP-F regulation of the TNFα/NFκB signaling in high glucose conditions,"Using RNA-seq and ChIP-seq we found that we found that hnRNP-F may bind to lncRNA SNHG1 to negatively regulate the transcription of genes involved in the TNFα/NFκB signaling pathway in diabetic nephropathy. Our study suggests that hnRNP-F may play a role in diabetic nephropathy by regulating the differential expression and variable splicing of diabetic nephropathy-associated genes, especially those related to inflammatory response.",Homo sapiens,GSE,Expression profiling by high throughput sequencing,20795,2025/11/13,6,40995516,PRJNA1139774,ftp://ftp.ncbi.nlm.nih.gov/geo/series/GSE273nnn/GSE273001/,Q1_disease_phrases;Q2_broad_diabetes_kidney,False,renal tissue wording not explicit,PENDING_HUMAN_REVIEW,
200027384,GSE27384,"The effects of fenofibrate and fish oil on gene expression in peripheral blood mononuclear cells, muscle, and adipose tissue from overweight and obese individuals [muscle]","The molecular effects of the non-selective dietary PPARalpha agonists n-3 LCPUFAs were compared side-by-side with those of the selective synthetic PPARalpha agonist fenofibrate on whole-genome gene expression in peripheral blood mononuclear cells (PBMCs), white adipose tissue (WAT), and muscle in overweight and obese subjects. Eleven overweight and obese subjects participated in a randomized, double-blind, placebo-controlled intervention trial and received in random order 3.7 g/d n-3 fatty acids (providing 1.7 g/d EPA and 1.2 g/d DHA), 200 mg fenofibrate or placebo treatment for 6 weeks separated by a wash-out period of at least 2-weeks. Fenofibrate changed 5 of the analysed 64 PPARalpha target genes in PBMC, 4 in muscle, and 2 in WAT, whereas fish oil changed 2 genes in WAT only. Both treatments changed 17 out of 25 similar pathways in PBMCs, related to xenobiotic metabolism, biosynthesis of steroids, lipid metabolism, transcription, proteasome function, Th1 immunity, propanoate metabolism and nucleotide metabolism. The majority (18 out of 25) of downregulated pathways in WAT were similarly changed in PBMCs after fish oil and related to lipid metabolism and amino acid metabolism. Fenofibrate and fish oil hardly affected pathways in muscle. In PBMCs, fenofibrate and fish oil only regulated 9 similar genes in metabolic syndrome-related pathways, which were IL25, TICAM1, PRDX2, PTGS1, AGK, FDPS, LDLR, TNNI3, LMAN1 and PTGS1. Overall, 6-weeks treatment with n-3 LCPUFAs and fenofibrate hardly affected PPARalpha target genes in overweight and obese subjects. Pathway analyses suggested that gene expression profiles in PBMCs can provide information about regulated metabolic processes by fish oil and fenofibrate in WAT, but not muscle. Expression of the individual genes, however, hardly overlapped between the tissues.",Homo sapiens,GSE,Expression profiling by array,570,2025/02/01,33,,PRJNA141845,ftp://ftp.ncbi.nlm.nih.gov/geo/series/GSE27nnn/GSE27384/,Q2_broad_diabetes_kidney,False,disease wording not explicit; renal tissue wording not explicit,PENDING_HUMAN_REVIEW,
200027385,GSE27385,"The effects of fenofibrate and fish oil on gene expression in peripheral blood mononuclear cells, muscle, and adipose tissue from overweight and obese individuals [PBMC]","The molecular effects of the non-selective dietary PPARalpha agonists n-3 LCPUFAs were compared side-by-side with those of the selective synthetic PPARalpha agonist fenofibrate on whole-genome gene expression in peripheral blood mononuclear cells (PBMCs), white adipose tissue (WAT), and muscle in overweight and obese subjects. Eleven overweight and obese subjects participated in a randomized, double-blind, placebo-controlled intervention trial and received in random order 3.7 g/d n-3 fatty acids (providing 1.7 g/d EPA and 1.2 g/d DHA), 200 mg fenofibrate or placebo treatment for 6 weeks separated by a wash-out period of at least 2-weeks. Fenofibrate changed 5 of the analysed 64 PPARalpha target genes in PBMC, 4 in muscle, and 2 in WAT, whereas fish oil changed 2 genes in WAT only. Both treatments changed 17 out of 25 similar pathways in PBMCs, related to xenobiotic metabolism, biosynthesis of steroids, lipid metabolism, transcription, proteasome function, Th1 immunity, propanoate metabolism and nucleotide metabolism. The majority (18 out of 25) of downregulated pathways in WAT were similarly changed in PBMCs after fish oil and related to lipid metabolism and amino acid metabolism. Fenofibrate and fish oil hardly affected pathways in muscle. In PBMCs, fenofibrate and fish oil only regulated 9 similar genes in metabolic syndrome-related pathways, which were IL25, TICAM1, PRDX2, PTGS1, AGK, FDPS, LDLR, TNNI3, LMAN1 and PTGS1. Overall, 6-weeks treatment with n-3 LCPUFAs and fenofibrate hardly affected PPARalpha target genes in overweight and obese subjects. Pathway analyses suggested that gene expression profiles in PBMCs can provide information about regulated metabolic processes by fish oil and fenofibrate in WAT, but not muscle. Expression of the individual genes, however, hardly overlapped between the tissues.",Homo sapiens,GSE,Expression profiling by array,570,2025/02/01,33,,PRJNA141847,ftp://ftp.ncbi.nlm.nih.gov/geo/series/GSE27nnn/GSE27385/,Q2_broad_diabetes_kidney,False,disease wording not explicit; renal tissue wording not explicit,PENDING_HUMAN_REVIEW,
200027386,GSE27386,"The effects of fenofibrate and fish oil on gene expression in peripheral blood mononuclear cells, muscle, and adipose tissue from overweight and obese individuals [WAT]","The molecular effects of the non-selective dietary PPARalpha agonists n-3 LCPUFAs were compared side-by-side with those of the selective synthetic PPARalpha agonist fenofibrate on whole-genome gene expression in peripheral blood mononuclear cells (PBMCs), white adipose tissue (WAT), and muscle in overweight and obese subjects. Eleven overweight and obese subjects participated in a randomized, double-blind, placebo-controlled intervention trial and received in random order 3.7 g/d n-3 fatty acids (providing 1.7 g/d EPA and 1.2 g/d DHA), 200 mg fenofibrate or placebo treatment for 6 weeks separated by a wash-out period of at least 2-weeks. Fenofibrate changed 5 of the analysed 64 PPARalpha target genes in PBMC, 4 in muscle, and 2 in WAT, whereas fish oil changed 2 genes in WAT only. Both treatments changed 17 out of 25 similar pathways in PBMCs, related to xenobiotic metabolism, biosynthesis of steroids, lipid metabolism, transcription, proteasome function, Th1 immunity, propanoate metabolism and nucleotide metabolism. The majority (18 out of 25) of downregulated pathways in WAT were similarly changed in PBMCs after fish oil and related to lipid metabolism and amino acid metabolism. Fenofibrate and fish oil hardly affected pathways in muscle. In PBMCs, fenofibrate and fish oil only regulated 9 similar genes in metabolic syndrome-related pathways, which were IL25, TICAM1, PRDX2, PTGS1, AGK, FDPS, LDLR, TNNI3, LMAN1 and PTGS1. Overall, 6-weeks treatment with n-3 LCPUFAs and fenofibrate hardly affected PPARalpha target genes in overweight and obese subjects. Pathway analyses suggested that gene expression profiles in PBMCs can provide information about regulated metabolic processes by fish oil and fenofibrate in WAT, but not muscle. Expression of the individual genes, however, hardly overlapped between the tissues.",Homo sapiens,GSE,Expression profiling by array,570,2025/02/01,33,,PRJNA141849,ftp://ftp.ncbi.nlm.nih.gov/geo/series/GSE27nnn/GSE27386/,Q2_broad_diabetes_kidney,False,disease wording not explicit; renal tissue wording not explicit,PENDING_HUMAN_REVIEW,
200027387,GSE27387,"The effects of fenofibrate and fish oil on gene expression in peripheral blood mononuclear cells, muscle, and adipose tissue from overweight and obese individuals",This SuperSeries is composed of the SubSeries listed below.,Homo sapiens,GSE,Expression profiling by array,570,2025/02/01,99,,PRJNA137009,ftp://ftp.ncbi.nlm.nih.gov/geo/series/GSE27nnn/GSE27387/,Q2_broad_diabetes_kidney,False,disease wording not explicit; renal tissue wording not explicit,PENDING_HUMAN_REVIEW,
200275292,GSE275292,Tonicity drives maturation of the collecting ducts in the mammalian kidney,"Organ maturation is a fundamental question in biology and a key requisite for organoid maturation in regenerative medicine. As the kidney matures, the osmolality in the renal medulla increases for urine concentration, but how this extreme environment conversely contributes to kidney maturation is unclear. Here we show that high tonicity, i.e. high salt concentration, promotes the maturation of mouse embryonic kidneys and human kidney organoids. Exposure of mouse embryonic collecting ducts (CDs) to high tonicity induces morphological changes in the epithelia, upregulates maturation-associated genes, and confers responsiveness to antidiuretic hormone, which mainly depend on the transcription factor NFAT5 (nuclear factor of activated T cells 5). Based on these findings, we have established a robust maturation protocol for human CD organoids that allows recapitulation of disease states caused not only by NFAT5 deletion, but also by a missense mutation of the antidiuretic hormone receptor reported to cause congenital nephrogenic diabetes insipidus. Collectively, high tonicity is a driving force for mammalian kidney maturation, not only for urinary concentration. Our study uncovers a novel principle of organ maturation triggered by environmental cues, and offers a promising path to maximize the potential of organoids for future therapies.",Mus musculus; Homo sapiens,GSE,Expression profiling by high throughput sequencing,20795;21273,2026/07/15,15,,PRJNA1150209,ftp://ftp.ncbi.nlm.nih.gov/geo/series/GSE275nnn/GSE275292/,Q2_broad_diabetes_kidney,False,disease wording not explicit; renal tissue wording not explicit,PENDING_HUMAN_REVIEW,
200277893,GSE277893,Single-Cell Spatial Mapping of Human Kidney Development Reveals Cellular Niches and Lineage Dynamics,"Organ development is shaped by both cell-autonomous changes and critical environmental cues. While single-cell genomic tools have enabled the characterization of gene expression and regulatory transitions during development, they have not fully captured the influence of neighboring cells. In this study, we combined single-cell spatial transcriptomics with gene expression data to investigate how cellular interactions influence human kidney development. By analyzing a large collection of fetal human kidney samples, we defined cellular differentiation patterns and uncovered two novel differentiation trajectories for parietal epithelial cells, suggesting greater developmental plasticity than previously recognized. Furthermore, using spatial gene expression data we identify novel spatially plausible ligand-receptor interactions that likely mediate differentiation processes. Among these, we highlight the role of WNT, FGF, and RET signaling, which have been classically described in mouse nephrogenesis but are now observed in human kidney development. In examining ligand expression, we estimate and quantify the microenvironment for each cell, enabling us to identify ligands associated with driving differentiation trajectories, and identify microenvironments which predict gene expression within cell types and differentiation status. Using this approach, we identified IGF2-mediated signaling as enriched within the blastema and associated with renewal signals suggesting its role as a niche renewal factor. This finding may explain the alterations in nephrogenesis associated with uncontrolled maternal diabetes, providing new insights how the local cellular environment shapes cellular differentiation in the kidney and potential therapeutic interventions.",Homo sapiens,GSE,Expression profiling by high throughput sequencing,24676,2026/04/22,5,,PRJNA1164719,ftp://ftp.ncbi.nlm.nih.gov/geo/series/GSE277nnn/GSE277893/,Q2_broad_diabetes_kidney,False,disease wording not explicit; renal tissue wording not explicit,PENDING_HUMAN_REVIEW,
200278614,GSE278614,Single-Cell Spatial Mapping of Human Kidney Development Reveals Cellular Niches and Lineage Dynamics [CosMx],"Organ development is shaped by both cell-autonomous changes and critical environmental cues. While single-cell genomic tools have enabled the characterization of gene expression and regulatory transitions during development, they have not fully captured the influence of neighboring cells. In this study, we combined single-cell spatial transcriptomics with gene expression data to investigate how cellular interactions influence human kidney development. By analyzing a large collection of fetal human kidney samples, we defined cellular differentiation patterns and uncovered two novel differentiation trajectories for parietal epithelial cells, suggesting greater developmental plasticity than previously recognized. Furthermore, using spatial gene expression data we identify novel spatially plausible ligand-receptor interactions that likely mediate differentiation processes. Among these, we highlight the role of WNT, FGF, and RET signaling, which have been classically described in mouse nephrogenesis but are now observed in human kidney development. In examining ligand expression, we estimate and quantify the microenvironment for each cell, enabling us to identify ligands associated with driving differentiation trajectories, and identify microenvironments which predict gene expression within cell types and differentiation status. Using this approach, we identified IGF2-mediated signaling as enriched within the blastema and associated with renewal signals suggesting its role as a niche renewal factor. This finding may explain the alterations in nephrogenesis associated with uncontrolled maternal diabetes, providing new insights how the local cellular environment shapes cellular differentiation in the kidney and potential therapeutic interventions.",Homo sapiens,GSE,Other,33484,2026/04/22,3,,PRJNA1168087,ftp://ftp.ncbi.nlm.nih.gov/geo/series/GSE278nnn/GSE278614/,Q2_broad_diabetes_kidney,False,disease wording not explicit; renal tissue wording not explicit; not a bulk-expression GEO type,PENDING_HUMAN_REVIEW,
200279086,GSE279086,Attenuated kidney oxidative metabolism in young adults with type 1 diabetes,"In type 1 diabetes (T1D), impaired insulin sensitivity may contribute to the development of diabetic kidney disease (DKD) through alterations in kidney oxidative metabolism. Young adults with T1D and healthy controls underwent single-cell RNA sequencing, and spatial metabolomics to assess this relationship.",Homo sapiens,GSE,Expression profiling by high throughput sequencing,11154,2024/11/11,40,39436695,PRJNA1170332,ftp://ftp.ncbi.nlm.nih.gov/geo/series/GSE279nnn/GSE279086/,Q1_disease_phrases;Q2_broad_diabetes_kidney,False,renal tissue wording not explicit,PENDING_HUMAN_REVIEW,
200279219,GSE279219,Early downmodulation of tumor glycolysis predicts response to fasting-mimicking diet in triple-negative breast cancer patients,"In preclinical experiments, cyclic fasting-mimicking diets (FMDs) showed broad anticancer effects in combination with chemotherapy. Among different tumor types, triple-negative breast cancer (TNBC) is exquisitely sensitive to FMD. However, the antitumor activity and efficacy of cyclic FMD in TNBC patients remain unclear. Here, we show that a severely calorie-restricted, triweekly, 5-day FMD regimen results in excellent pathologic complete response (pCR) rates (primary endpoint) and long-term clinical outcomes (secondary endpoints) when combined with preoperative chemotherapy in 30 patients with early-stage TNBC enrolled in the phase II trial BREAKFAST. Bulk and single-cell RNA-sequencing analysis revealed that highly glycolytic cancer cells, myeloid cells and pericytes from tumors achieving pCR undergo a significant, early downmodulation of pathways related to glycolysis and pyruvate metabolism. Our findings pave the wave for conducting larger clinical trials to investigate the efficacy of cyclic FMD in early-stage TNBC patients, and to validate early changes of intratumor glycolysis as a predictor of clinical benefit from nutrient restriction. ClinicalTrials.gov Identifier: NCT04248998",Homo sapiens,GSE,Expression profiling by high throughput sequencing,24676,2024/10/15,24,39694040,PRJNA1171406,ftp://ftp.ncbi.nlm.nih.gov/geo/series/GSE279nnn/GSE279219/,Q2_broad_diabetes_kidney,False,disease wording not explicit; renal tissue wording not explicit,PENDING_HUMAN_REVIEW,
200280773,GSE280773,GPR124 Protects against Podocyte Senescence and Injury in Diabetic Kidney Disease,"Cellular senescence is associated with the progression of diabetic kidney disease (DKD), and accelerated podocyte senescence promotes the pathogenesis of renal damage. We found that GPR124 was reduced in cultured human podocytes treated with high glucose (HG).To further clarify the role of GPR124 in podocytes, we overexpressed GPR124 via plasmid-harboring adenovirus infection.  By RNA sequencing analysis of podocytes with different treatment, we observed  GPR124 overexpression significantly affected several kinds of cell adhesion.",Homo sapiens,GSE,Expression profiling by high throughput sequencing,24676,2024/11/05,12,39828038,PRJNA1180511,ftp://ftp.ncbi.nlm.nih.gov/geo/series/GSE280nnn/GSE280773/,Q1_disease_phrases;Q2_broad_diabetes_kidney,False,renal tissue wording not explicit,PENDING_HUMAN_REVIEW,
200284753,GSE284753,CRISPR/Cas12 genome editing of TXNIP in human pluripotent stem cells to generate hepatocyte-like cells and insulin-producing islet-like aggregates.,"Background: Thioredoxin-interacting protein (TXNIP) regulates endoplasmic reticulum (ER) and oxidative stress, impairing glucose homeostasis in diabetes. However, it is unclear if TXNIP deficiency can improve differentiation or functionality of human stem cell-derived somatic metabolic cells. Methods: Using CRISPR-Cas12a genome editing, we generated TXNIP-deficient (TXNIP-/-) H1 human embryonic stem cells (H1-hESCs). These cells were differentiated into hepatocyte-like cells (HLCs) and stem-cell-derived insulin-producing islets (SC-islets). TXNIP-/- and TXNIP+/+ SC-islet maturation and functionality was assessed by implantation under the kidney capsule of NOD-SCID mice. Results: TXNIP deficiency significantly increased H1-hESC proliferation without affecting pluripotency, viability, or differentiation potential into HLCs and SC-islets. Bulk RNA-sequencing of thapsigargin-treated TXNIP-/- and TXNIP+/+ hESCs revealed differential expression of stress-responsive genes, with enriched apoptosis-related pathways in TXNIP+/+ cells but minimal transcriptional changes specific to TXNIP deficiency. In HLCs, TXNIP deletion reduced albumin secretion and insulin signalling, as indicated by decreased AKT phosphorylation, while showing no differences in glycolytic activity or lipid metabolism markers. Under thapsigargin-induced ER stress, TXNIP-/- HLCs exhibited transiently reduced eIF2α phosphorylation and lower BiP expression, suggesting compromised adaptive responses to prolonged stress. SC-islets derived from TXNIP-/- hESCs showed comparable viability, endocrine cell composition, and cytokine responses to TXNIP+/+ islets. Upon IFNα and IFNγ treatment, STAT1 phosphorylation was increased in TXNIP-/- SC-islets, indicating that IFN signalling remains active despite TXNIP deficiency. TXNIP-/- or TXNIP+/+ islets SC-islets implanted into NOD-SCID mice produced human C-peptide and responded to glucose stimulation. However, TXNIP-/- SC-islets showed no enhancement in glycaemic control or glucose-stimulated insulin secretion compared to controls. Conclusions: Our study demonstrates that TXNIP deficiency does not improve the differentiation of HLCs and SC-islets. We report the generation and characterization of TXNIP-/- and TXNIP+/+ H1-hESCs, HLCs and SC-islets as robust models for future studies of TXNIP’s role in metabolic cell biology.",Homo sapiens,GSE,Expression profiling by high throughput sequencing,24676,2025/05/14,12,40320524,PRJNA1200604,ftp://ftp.ncbi.nlm.nih.gov/geo/series/GSE284nnn/GSE284753/,Q2_broad_diabetes_kidney,False,disease wording not explicit; renal tissue wording not explicit,PENDING_HUMAN_REVIEW,
200287697,GSE287697,Clazakizumab treatment effects on peripheral blood and kidney transcriptomes in chronic antibody-mediated rejection,"There are currently no licenced treatments for antibody-mediated rejection (ABMR), a major cause of late kidney allograft loss. IL-6 is a cytokine that promotes B cell differentiation to plasma cells, T follicular cell (Tfh) polarisation, and monocyte activation, key processes for antibody generation or effector functions. Clazakizumab (CLZ), an IL-6-neutralising antibody, has been used in a phase 2 trial in patients with ABMR, showing potential efficacy in terms of a reduction in donor-specific antibodies and kidney molecular ABMR (MMDx) score. Here we studied the transcriptional changes occurring in paired blood and kidney samples taken following CLZ treatment during this clinical trial. We observed a reduction in ‘FcγR mediated phagocytosis’, ‘complement and coagulation cascades’ and ‘natural killer (NK) cell mediated cytotoxicity’ gene sets in peripheral blood with short-term CLZ treatment, with variable individual responses and some patients showing a rebound in these pathways in longer-term despite ongoing CLZ treatment. We identified a gene module in blood that showed a significant positive correlation with kidney ABMR MMDx score and was down-regulated with CLZ-treatment, potentially identifying a peripheral blood gene set that can be used to non-invasively assess treatment efficacy. In the kidney, CLZ-treatment was associated with a reduction in a “damaged tubule” gene signature and preservation of podocyte signatures, providing further evidence of its therapeutic efficacy in ABMR.",Homo sapiens,GSE,Expression profiling by high throughput sequencing,20301,2025/12/09,58,41278310,PRJNA1214260,ftp://ftp.ncbi.nlm.nih.gov/geo/series/GSE287nnn/GSE287697/,Q1_disease_phrases;Q2_broad_diabetes_kidney,False,disease wording not explicit; renal tissue wording not explicit,PENDING_HUMAN_REVIEW,
200289962,GSE289962,Evaluation of toxicological mechanisms of ochratoxin-A in human primary proximal tubule epithelial cells,"Ochratoxin-A (OTA) is a fungal mycotoxin that is one of the most common food contaminants, ubiquitously found in a variety of foodstuffs worldwide. As a known nephrotoxin, hepatotoxin, and class II-b carcinogen, exposure to this compound is a major health concern. Specifically, OTA has been implicated as a potential agent in chronic kidney disease of unknown etiology (CKDu), an endemic form of chronic kidney disease that disproportionally affects rural agricultural communities and is thought to arise from environmental factors rather than diabetes and hypertension. A key pathological difference between CKDu and CKD is the degeneration of the kidney proximal tubule, where OTA has been shown to accumulate. The mechanism of OTA toxicity in the human kidney remains elusive, and this study aims to elucidate OTA-induced molecular toxicological pathways using primary human proximal tubule epithelial cells (PTECs). We demonstrated that the previously reported downregulation of NRF2 target antioxidant response elements is not due to a direct interaction between NRF2 and its cytosolic binder, KEAP1, evidenced by the lack of recovery of mRNA transcripts with co-administration of NRF2 agonists, sulforaphane or tert-butylhydroquinone. Furthermore, exposure to OTA (10 uM) induces 7192 differentially expressed genes, including key regulators of mitochondrial fission and fusion. This was confirmed at the cellular level by confocal microscopy, where a breakdown of the mitochondrial network was observed at 100 nM OTA. Furthermore, OTA was found to significantly induce reactive oxygen species (mROS) and inhibit basal mitochondrial oxidative phosphorylation as well as glycolysis through measurements of oxygen consumption rate and extracellular acidification, corroborating transcriptional findings that OTA induces hypoxic response elements. In conclusion, in this work we demonstrate that OTA causes mitochondrial dysfunction and reduced ATP production, leading to a senescent-like state in PTECs characteristic of renal disease progression. These findings provide insight into early toxicological endpoints induced by OTA which have been established as pathophysiological changes involved in chronic kidney disease.",Homo sapiens,GSE,Expression profiling by high throughput sequencing,34281;24676,2025/12/10,36,41341619,PRJNA1225654,ftp://ftp.ncbi.nlm.nih.gov/geo/series/GSE289nnn/GSE289962/,Q2_broad_diabetes_kidney,False,disease wording not explicit; renal tissue wording not explicit,PENDING_HUMAN_REVIEW,
200291636,GSE291636,RBBP6 orchestrates diabetic endothelial dysfunction viadisrupting JUNB-centric chromatin topology,"Diabetes mellitus, a chronic metabolic disease affecting over 536.6 million people globally, is closely associated with vascular endothelial dysfunction, an early hallmark of diabetic cardiovascular complications. This dysfunction is characterized by impaired endothelial nitric oxide synthase (eNOS) activity, reduced nitric oxide (NO) production, and diminished angiogenic capacity, ultimately contributing to tissue ischemia and complications such as diabetic nephropathy, coronary artery disease, and peripheral arterial disease. These complications significantly increase morbidity and mortality in diabetic patients. Endothelial cells, which regulate vascular development and function, rely on the coordinated activity of cis-regulatory elements, including enhancers and promoters, which are influenced by the three-dimensional (3D) genome architecture and transcription factors (TFs) such as AP-1, ETS, and GATA families. However, the mechanisms by which these TFs mediate enhancer-promoter interactions and how these interactions are altered under diabetic conditions remain poorly understood.  To address this, we employed multi-omics profiling to map the 3D genome architecture in endothelial cells under hyperglycemic conditions in both diabetic mice and human vein endothelial cells. Our findings identify the disruption of JUNB-centric genome topology as a key feature of hyperglycemic endothelial cells. Moreover, we demonstrate that RBBP6 mediates ubiquitin-dependent degradation of JUNB, leading to changes in enhancer-promoter interactions. This study provides novel mechanistic insights into the chromatin 3D structural basis of endothelial dysfunction in diabetes and highlights the RBBP6-JUNB axis as a potential therapeutic target for preventing diabetic cardiovascular complications.",Mus musculus; Homo sapiens,GSE,Expression profiling by high throughput sequencing; Genome binding/occupancy profiling by high throughput sequencing; Other,20301;21103;18573;19057;24676;24247,2026/03/11,73,,PRJNA1234557,ftp://ftp.ncbi.nlm.nih.gov/geo/series/GSE291nnn/GSE291636/,Q1_disease_phrases,False,renal tissue wording not explicit; not a bulk-expression GEO type,PENDING_HUMAN_REVIEW,
200294519,GSE294519,The role of the renal tubules in diabetic kidney disease (DKD),To assess the renal tubular condition in DKD patients，,Homo sapiens,GSE,Expression profiling by high throughput sequencing,24676,2026/07/08,36,41076119,PRJNA1250434,ftp://ftp.ncbi.nlm.nih.gov/geo/series/GSE294nnn/GSE294519/,Q1_disease_phrases;Q2_broad_diabetes_kidney,False,renal tissue wording not explicit,PENDING_HUMAN_REVIEW,
200029660,GSE29660,RNA-sequencing of TGF-ß1-driven gene expression in human kidney cell line,TGF-beta1 is the major cytokine driver of fibrotic scarring observed in diabetic nephropathy and other fibrosis-related diseases. RNA-sequencing offers the potential for more sensitive assessment of the TGF-ß1-driven transcriptome.,Homo sapiens,GSE,Expression profiling by high throughput sequencing,9052,2012/04/01,5,22266139,PRJNA141135,ftp://ftp.ncbi.nlm.nih.gov/geo/series/GSE29nnn/GSE29660/,Q1_disease_phrases;Q2_broad_diabetes_kidney,False,renal tissue wording not explicit,PENDING_HUMAN_REVIEW,
200299230,GSE299230,RNA-seq Analysis Reveals the Anti-inflammatory Role of hnRNPF in Diabetic kidney disease,"In this study, a hyperosmotic environment was simulated using 30 mM mannitol. Human renal proximal tubular epithelial (HK-2) cells were transfected to overexpress hnRNP-F, with empty vector-transfected cells serving as the negative control (NC). RNA sequencing (RNA-seq) was performed to profile transcriptomic changes, enabling comprehensive analysis of hnRNP-F overexpression-induced alterations in differentially expressed genes (DEGs) and alternative splicing events (ASEs) under hyperosmotic stress. These data were integrated with our previously acquired dataset profiling hnRNP-F-driven DEG and ASE regulation in HK-2 cells under hyperglycemic conditions.",Homo sapiens,GSE,Expression profiling by high throughput sequencing,20795,2025/06/07,6,40995516,PRJNA1273117,ftp://ftp.ncbi.nlm.nih.gov/geo/series/GSE299nnn/GSE299230/,Q1_disease_phrases;Q2_broad_diabetes_kidney,False,renal tissue wording not explicit,PENDING_HUMAN_REVIEW,
200301094,GSE301094,GDF5 exacerbates tubulointerstitial injury by inducing partial epithelial-mesenchymal transition of tubular epithelial cells in diabetic kidney disease,"Adipokines serve crucial functions in diabetic kidney disease (DKD) pathogenesis. Growth differentiation factor 5 (GDF5) is highly expressed in adipose tissue, but its specific role in DKD is unknown. In this study, we observed elevated GDF5 expression in both DKD patients and db/db mice, suggesting a potential association between GDF5 and DKD progression. Elevated plasma GDF5 levels are associated with an increased risk of incident CKD in patients with type 2 diabetes mellitus. In animal studies, adipose-specific overexpression of GDF5 increased circulating GDF5 and exacerbated renal injury in db/db mice, characterized by increased tubulointerstitial injury and inflammation infiltration. Conversely, adipose-specific knockdown reduced circulating GDF5 and alleviated renal injury. In vitro studies demonstrated that GDF5 induces partial epithelial-mesenchymal transition (pEMT) in renal tubular epithelial cells via activation of the SMAD1/5/8 signaling pathway, as evidenced by reduced E-cadherin expression and increased Snail1 levels. Notably, the supernatant from GDF5-treated injured HK-2 cells was found to enhance the secretion of pro-inflammatory cytokines by macrophages. These findings suggest that adipose-derived GDF5 acts as a novel mediator contributing to tubulointerstitial injury in DKD.",Homo sapiens,GSE,Expression profiling by high throughput sequencing,24676,2026/06/30,6,,PRJNA1283249,ftp://ftp.ncbi.nlm.nih.gov/geo/series/GSE301nnn/GSE301094/,Q1_disease_phrases;Q2_broad_diabetes_kidney,True,priority human review,PENDING_HUMAN_REVIEW,
200030122,GSE30122,Transcriptome Analysis of Human Diabetic Kidney Disease,This SuperSeries is composed of the SubSeries listed below.,Homo sapiens,GSE,Expression profiling by array,571,2011/08/03,69,21752957;26190114,PRJNA144031,ftp://ftp.ncbi.nlm.nih.gov/geo/series/GSE30nnn/GSE30122/,Q1_disease_phrases;Q2_broad_diabetes_kidney,False,renal tissue wording not explicit,PENDING_HUMAN_REVIEW,
200302890,GSE302890,Discovery of kidney disease targets using multimodal human podocyte injury models,"Podocyte injury is a hallmark of chronic kidney disease (CKD), but whether different injury signals perturb unified or distinct molecular targets remains unclear. Using human induced pluripotent stem cell (hiPSC)-derived podocytes, we modeled cellular injury via exposure to diabetic, inflammatory, chemical toxin, biomechanical, and infectious stressors. Transcriptomic analysis revealed both shared and unique changes in gene expression across injury modes. While drug-induced injuries triggered broader transcriptional responses, conserved pathways related to lysosome function, RNA metabolism, and immune activation were identified across models. Importantly, we discovered that NEU1, CD82, ABI3BP, and ADAM17 as targets of human podocyte injury. We confirmed enrichment of these targets in kidney disease patient biopsies, underscoring their in vivo relevance and potential as therapeutic targets. These findings highlight the value of human-relevant experimental models and provide insight into podocyte injury responses, offering a framework for future precision medicine approaches.",Homo sapiens,GSE,Expression profiling by high throughput sequencing,24676,2026/04/02,48,41932339,PRJNA1292765,ftp://ftp.ncbi.nlm.nih.gov/geo/series/GSE302nnn/GSE302890/,Q2_broad_diabetes_kidney,False,disease wording not explicit; renal tissue wording not explicit,PENDING_HUMAN_REVIEW,
200303368,GSE303368,PTPN2 deficiency amplifies interferon signaling and impairs functional maturation of human stem cell-derived islets [ATAC-Seq],"Background: Protein tyrosine phosphatases (PTPs) play key roles in b-cell function and diabetes development. PTPN2 is a candidate gene for type 1 diabetes (T1D) that negatively regulates the JAK/STAT signaling. However, the impact of PTPN2 deficiency on the differentiation and functionality of human stem cell-derived somatic metabolic cells remains unclear.  Methods: PTPN2 expression in b cells from T1D organ donors and during the differentiation of human stem cell-derived islets (SC-islets) was evaluated in single-cell RNA-Sequencing data. Moreover, we differentiated CRISPR-Cas12a genome-edited PTPN2-deficient H1 human embryonic stem cells (H1-hESCs) into SC-islets, and sc RNA-Seq was performed. The maturation and functionality PTPN2 deficient SC-islets were assessed by implantation under the kidney capsule of NOD-SCID mice. Results: scRNA-Seq analysis showed that PTPN2 expression was increased in b cells from recently diagnosed T1D and decreased in long-standing T1D organ donors, compared with controls. Conversely, we found that PTPN2 expression was decreased at early stages of SC-islet differentiation and reconstituted at later stages, suggesting a developmental dynamic. CRISPR/Cas12-mediated gene editing was used to generate PTPN2-knockout human embryonic stem cells. PTPN2 deficiency exacerbated interferon-induced inflammatory signaling in stem cells and differentiated somatic metabolic cells. Interestingly, PTPN2 deficiency increased hedgehog signaling and reduced SC-islet differentiation efficiency in vitro. In addition, PTPN2-knockout SC-islets exhibited reduced glycemic control after implantation in vivo, mediated by reduced cell endocrine identity and enhanced interferon signaling. Conclusions: Our study postulates a key role of PTPN2 in preserving b-cell function during inflammatory and metabolic stress in SC-islets.",Homo sapiens,GSE,Genome binding/occupancy profiling by high throughput sequencing,24676,2026/03/18,12,41654987,PRJNA1294900,ftp://ftp.ncbi.nlm.nih.gov/geo/series/GSE303nnn/GSE303368/,Q2_broad_diabetes_kidney,False,disease wording not explicit; renal tissue wording not explicit; not a bulk-expression GEO type,PENDING_HUMAN_REVIEW,
200303371,GSE303371,PTPN2 deficiency amplifies interferon signaling and impairs functional maturation of human stem cell-derived islets [RNA-Seq],"Background: Protein tyrosine phosphatases (PTPs) play key roles in b-cell function and diabetes development. PTPN2 is a candidate gene for type 1 diabetes (T1D) that negatively regulates the JAK/STAT signaling. However, the impact of PTPN2 deficiency on the differentiation and functionality of human stem cell-derived somatic metabolic cells remains unclear.  Methods: PTPN2 expression in b cells from T1D organ donors and during the differentiation of human stem cell-derived islets (SC-islets) was evaluated in single-cell RNA-Sequencing data. Moreover, we differentiated CRISPR-Cas12a genome-edited PTPN2-deficient H1 human embryonic stem cells (H1-hESCs) into SC-islets, and sc RNA-Seq was performed. The maturation and functionality PTPN2 deficient SC-islets were assessed by implantation under the kidney capsule of NOD-SCID mice. Results: scRNA-Seq analysis showed that PTPN2 expression was increased in b cells from recently diagnosed T1D and decreased in long-standing T1D organ donors, compared with controls. Conversely, we found that PTPN2 expression was decreased at early stages of SC-islet differentiation and reconstituted at later stages, suggesting a developmental dynamic. CRISPR/Cas12-mediated gene editing was used to generate PTPN2-knockout human embryonic stem cells. PTPN2 deficiency exacerbated interferon-induced inflammatory signaling in stem cells and differentiated somatic metabolic cells. Interestingly, PTPN2 deficiency increased hedgehog signaling and reduced SC-islet differentiation efficiency in vitro. In addition, PTPN2-knockout SC-islets exhibited reduced glycemic control after implantation in vivo, mediated by reduced cell endocrine identity and enhanced interferon signaling. Conclusions: Our study postulates a key role of PTPN2 in preserving b-cell function during inflammatory and metabolic stress in SC-islets.",Homo sapiens,GSE,Expression profiling by high throughput sequencing,24676,2026/03/18,6,41654987,PRJNA1294958,ftp://ftp.ncbi.nlm.nih.gov/geo/series/GSE303nnn/GSE303371/,Q2_broad_diabetes_kidney,False,disease wording not explicit; renal tissue wording not explicit,PENDING_HUMAN_REVIEW,
200303447,GSE303447,Novel molecular signatures of peripheral Regulatory T Cells in Kidney Disease associated with Type 1 Diabetes,"Diabetic kidney disease (DKD) is a common complication of type 1 diabetes (T1D). T1D and some kidney disorders are often associated with abnormalities in regulatory T cells (Tregs). However, it is unknown if Treg subsets, and their molecular architecture are altered during the onset and progression of DKD in T1D. We addressed this critical knowledge gap by characterising changes in Tregs isolated from 31 participants (10 control, 13 with T1D, and 8 T1D with albuminuria) using flow cytometry, RNA-sequencing, and microRNA profiling. We identified that the effector and central memory Tregs were significantly different between groups. Similarly, multiple gene transcripts were also significantly different between groups that also overlapped with other publicly available datasets. Machine-learning based data analyses discovered a set of important microRNAs associated with clinical eGFR values. Importantly, our analyses identified two differentially expressed Treg ligand genes (LRRC4B, TGM2), which interacted with the receptors on kidney cells (PTPRD/F/S, ADGRG1) in silico, providing potential mechanistic insights into the role of Tregs in DKD progression. Together, our work supports the yet unappreciated role of Tregs in DKD and opens new research avenues to further consolidate their causal relationship.",Homo sapiens,GSE,Expression profiling by high throughput sequencing,24676,2025/10/01,30,40811035,PRJNA1295443,ftp://ftp.ncbi.nlm.nih.gov/geo/series/GSE303nnn/GSE303447/,Q1_disease_phrases;Q2_broad_diabetes_kidney,False,renal tissue wording not explicit,PENDING_HUMAN_REVIEW,
200304008,GSE304008,PTPN2 deficiency amplifies interferon signaling and impairs functional maturation of human stem cell-derived islets [BulkRNA_Stemcells],"Background: Protein tyrosine phosphatases (PTPs) play key roles in b-cell function and diabetes development. PTPN2 is a candidate gene for type 1 diabetes (T1D) that negatively regulates the JAK/STAT signaling. However, the impact of PTPN2 deficiency on the differentiation and functionality of human stem cell-derived somatic metabolic cells remains unclear.  Methods: PTPN2 expression in b cells from T1D organ donors and during the differentiation of human stem cell-derived islets (SC-islets) was evaluated in single-cell RNA-Sequencing data. Moreover, we differentiated CRISPR-Cas12a genome-edited PTPN2-deficient H1 human embryonic stem cells (H1-hESCs) into SC-islets, and sc RNA-Seq was performed. The maturation and functionality PTPN2 deficient SC-islets were assessed by implantation under the kidney capsule of NOD-SCID mice. Results: scRNA-Seq analysis showed that PTPN2 expression was increased in b cells from recently diagnosed T1D and decreased in long-standing T1D organ donors, compared with controls. Conversely, we found that PTPN2 expression was decreased at early stages of SC-islet differentiation and reconstituted at later stages, suggesting a developmental dynamic. CRISPR/Cas12-mediated gene editing was used to generate PTPN2-knockout human embryonic stem cells. PTPN2 deficiency exacerbated interferon-induced inflammatory signaling in stem cells and differentiated somatic metabolic cells. Interestingly, PTPN2 deficiency increased hedgehog signaling and reduced SC-islet differentiation efficiency in vitro. In addition, PTPN2-knockout SC-islets exhibited reduced glycemic control after implantation in vivo, mediated by reduced cell endocrine identity and enhanced interferon signaling. Conclusions: Our study postulates a key role of PTPN2 in preserving b-cell function during inflammatory and metabolic stress in SC-islets.",Homo sapiens,GSE,Expression profiling by high throughput sequencing,24676,2026/03/18,12,41654987,PRJNA1298754,ftp://ftp.ncbi.nlm.nih.gov/geo/series/GSE304nnn/GSE304008/,Q2_broad_diabetes_kidney,False,disease wording not explicit; renal tissue wording not explicit,PENDING_HUMAN_REVIEW,
200305271,GSE305271,PTPN2 deficiency amplifies interferon signaling and impairs functional maturation of human stem cell-derived islets [scRNA-seq],"Background: Protein tyrosine phosphatases (PTPs) play key roles in b-cell function and diabetes development. PTPN2 is a candidate gene for type 1 diabetes (T1D) that negatively regulates the JAK/STAT signaling. However, the impact of PTPN2 deficiency on the differentiation and functionality of human stem cell-derived somatic metabolic cells remains unclear.  Methods: PTPN2 expression in b cells from T1D organ donors and during the differentiation of human stem cell-derived islets (SC-islets) was evaluated in single-cell RNA-Sequencing data. Moreover, we differentiated CRISPR-Cas12a genome-edited PTPN2-deficient H1 human embryonic stem cells (H1-hESCs) into SC-islets, and sc RNA-Seq was performed. The maturation and functionality PTPN2 deficient SC-islets were assessed by implantation under the kidney capsule of NOD-SCID mice. Results: scRNA-Seq analysis showed that PTPN2 expression was increased in b cells from recently diagnosed T1D and decreased in long-standing T1D organ donors, compared with controls. Conversely, we found that PTPN2 expression was decreased at early stages of SC-islet differentiation and reconstituted at later stages, suggesting a developmental dynamic. CRISPR/Cas12-mediated gene editing was used to generate PTPN2-knockout human embryonic stem cells. PTPN2 deficiency exacerbated interferon-induced inflammatory signaling in stem cells and differentiated somatic metabolic cells. Interestingly, PTPN2 deficiency increased hedgehog signaling and reduced SC-islet differentiation efficiency in vitro. In addition, PTPN2-knockout SC-islets exhibited reduced glycemic control after implantation in vivo, mediated by reduced cell endocrine identity and enhanced interferon signaling. Conclusions: Our study postulates a key role of PTPN2 in preserving b-cell function during inflammatory and metabolic stress in SC-islets.",Homo sapiens,GSE,Expression profiling by high throughput sequencing,24676,2026/03/18,2,41654987,PRJNA1304966,ftp://ftp.ncbi.nlm.nih.gov/geo/series/GSE305nnn/GSE305271/,Q2_broad_diabetes_kidney,False,disease wording not explicit; renal tissue wording not explicit,PENDING_HUMAN_REVIEW,
200030528,GSE30528,Transcriptome Analysis of Human Diabetic Kidney Disease (DKD Glomeruli vs. Control Glomeruli),"We identified 1,700 differentially expressed probesets in DKD glomeruli and 1,831 in diabetic tubuli; 330 probesets were commonly differentially expressed in both compartments. The canonical complement signaling pathway was determined to be statistically differentially regulated in both DKD glomeruli and tubuli and was associated with increased glomerulosclerosis even in an additional set of DKD samples.",Homo sapiens,GSE,Expression profiling by array,571,2011/08/03,22,21752957,PRJNA154757,ftp://ftp.ncbi.nlm.nih.gov/geo/series/GSE30nnn/GSE30528/,Q1_disease_phrases;Q2_broad_diabetes_kidney,True,priority human review,PENDING_HUMAN_REVIEW,
200030529,GSE30529,Transcriptome Analysis of Human Diabetic Kidney Disease (DKD Tubuli vs. Control Tubuli),"We identified 1,700 differentially expressed probesets in DKD glomeruli and 1,831 in diabetic tubuli; 330 probesets were commonly differentially expressed in both compartments. The canonical complement signaling pathway was determined to be statistically differentially regulated in both DKD glomeruli and tubuli and was associated with increased glomerulosclerosis even in an additional set of DKD samples.",Homo sapiens,GSE,Expression profiling by array,571,2011/08/03,22,21752957,PRJNA154759,ftp://ftp.ncbi.nlm.nih.gov/geo/series/GSE30nnn/GSE30529/,Q1_disease_phrases;Q2_broad_diabetes_kidney,True,priority human review,PENDING_HUMAN_REVIEW,
200030566,GSE30566,Transcriptome Analysis of Human Diabetic Kidney Disease (Control Glomeruli vs. Control Tubuli),"We identified 1,700 differentially expressed probesets in DKD glomeruli and 1,831 in diabetic tubuli; 330 probesets were commonly differentially expressed in both compartments. The canonical complement signaling pathway was determined to be statistically differentially regulated in both DKD glomeruli and tubuli and was associated with increased glomerulosclerosis even in an additional set of DKD samples.",Homo sapiens,GSE,Expression profiling by array,571,2011/08/03,25,21752957,PRJNA154765,ftp://ftp.ncbi.nlm.nih.gov/geo/series/GSE30nnn/GSE30566/,Q1_disease_phrases;Q2_broad_diabetes_kidney,True,priority human review,PENDING_HUMAN_REVIEW,
200307817,GSE307817,A MEF2C transcription factor network regulates proliferation of glomerular endothelial cells in diabetic kidney disease,"The maintenance of a healthy epithelial-endothelial juxtaposition requires cross-talk within glomerular cellular niches. We sought to understand the spatially-anchored regulation and transition of endothelial and mesangial cells from health to injury in DKD. From 74 human kidney samples, an integrated multi-omics approach was leveraged to identify cellular niches, cell-cell communication, cell injury trajectories, and regulatory transcription factor (TF) networks in glomerular capillary endothelial (EC-GC) and mesangial cells. Data were culled from single nucleus RNA and ATAC sequencing and three orthogonal spatial transcriptomic technologies for correlation with histopathological and clinical trial data.  We identified a cellular niche in diabetic glomeruli enriched in a proliferative endothelial cell subtype (prEC) and altered vascular smooth muscle cells (VSMCs). Cellular communication within this niche maintained pro-angiogenic signaling with loss of anti-angiogenic factors. We identified a TF network of MEF2C, MEF2A, and TRPS1 which regulated SEMA6A and PLXNA2, a receptor-ligand pair opposing angiogenesis. It was observed in this Visium FFPE dataset that glomeruli enriched in the prEC niche had histologic evidence of neovascularization, and MEF2C activity was increased in diabetic glomeruli with nodular mesangial sclerosis.",Homo sapiens,GSE,Other,24676,2026/05/21,12,,PRJNA1327363,ftp://ftp.ncbi.nlm.nih.gov/geo/series/GSE307nnn/GSE307817/,Q1_disease_phrases;Q2_broad_diabetes_kidney,False,not a bulk-expression GEO type,PENDING_HUMAN_REVIEW,
200307956,GSE307956,DJ-1 alleviates high glucose-induced podocyte injury via activating ERK1/2 signaling,"Diabetic nephropathy (DN) is one of the most common complications of diabetes. DJ-1 has been reported to participate in the response to renal ischemia/reperfusion (I/R) injury. However, the underlying mechanisms of DJ-1 in the regulation of high glucose-induced renal injury remain obscure. In this study, we performed RNA-seq to explore the function of high glucose on human podocyte cells (HPC), and found that high glucose widely regulated a variety of signaling pathways, including cell growth and death, signal transduction, etc. Furthermore, we found that DJ-1 was decreased in the high glucose conditions and DJ-1 could attenuate the high glucose-induced HPC apoptosis. Mechanically, overexpression of DJ-1 increased the phosphorylation of ERK1/2 (p-ERK1/2) and then mediated the transport of p-ERK1/2 from the cytoplasm to the nucleus. Furthermore, the accumulation of p-ERK1/2 in the nucleus activated the ERK1/2 pathway and enhanced the expression of NF-κB p65 and AP-1, which inhibited the apoptosis of HPC in the high glucose milieu. In conclusion, our study demonstrated that high glucose decreased DJ-1 expression in HPC and that overexpression of DJ-1 attenuated the apoptosis of HPC in high glucose conditions via enhancing the ERK1/2 pathway and the expression of NF-κB p65 and AP-1. Our study provides a novel mechanism by which DJ-1 alleviates high glucose-induced podocyte injury.",Homo sapiens,GSE,Expression profiling by high throughput sequencing,34284,2026/04/22,9,41996356,PRJNA1327889,ftp://ftp.ncbi.nlm.nih.gov/geo/series/GSE307nnn/GSE307956/,Q1_disease_phrases;Q2_broad_diabetes_kidney,False,renal tissue wording not explicit,PENDING_HUMAN_REVIEW,
200030803,GSE30803,Genome-wide mRNA profiling of adult human pancreatic beta and duct cells in comparison to other human tissues,"Aims: establishment of reference samples to investigate gene expression selective for endocrine or ductal-exocrine cells within the adult human pancreas. To this end, human islet endocrine cells, FACS-enriched in insulin+ cells, (n=3) and human exocrine ductal cells (n=2) are compared on Affymetrix HG133A platform with duplicate hybridizations of a panel of other primary human tissues.",Homo sapiens,GSE,Expression profiling by array,96,2011/07/21,33,21912665,PRJNA144453,ftp://ftp.ncbi.nlm.nih.gov/geo/series/GSE30nnn/GSE30803/,Q2_broad_diabetes_kidney,False,disease wording not explicit; renal tissue wording not explicit,PENDING_HUMAN_REVIEW,
200308449,GSE308449,HIF-2-dependent Regulation of PTHrP and Paraneoplastic Hypercalcemia in Aggressive Clear Cell Renal Cell Carcinoma [RNA-seq],"Hypercalcemia (HC) in renal cell carcinoma (RCC) patients is associated with reduced survival. HC often involves PTHrP. PTHrP is induced by hypoxia, but whether HIF-2 plays a role in HC is unknown. Here we show that HC is reproduced by transplanting patient tumors (tumorgrafts, TG) in mice resulting in functional deterioration, weight loss, calcium deposition and organ damage. Treatment with PT2399, a specific HIF-2 inhibitor, rapidly normalized calcium levels, downregulated PTHrP and reduced HIF-2 binding to the PTHLH promoter. Interestingly, while the PTHLH locus was generally more accessible in TG(HC), PT2399 did not grossly affect chromatin accessibility, which was consistent with genome-wide studies where promoter accessibility was only reduced in a minority of PT2399-downregulated genes. As in TGs, paraneoplastic HC in humans was associated with clear cell histology and sarcomatoid/rhabdoid differentiation. Interestingly, HC (and PTHrP) was swiftly corrected by the related PT2977/belzutifan drug in a prospective patient with sarcomatoid ccRCC. Our data supports the evaluation of HIF-2 antagonists for ccRCC patients with humoral hypercalcemia of malignancy, which may serve as a predictive biomarker of response (along with PTHrP reduction).",Homo sapiens,GSE,Expression profiling by high throughput sequencing,34284,2025/10/07,52,41065553,PRJNA1330614,ftp://ftp.ncbi.nlm.nih.gov/geo/series/GSE308nnn/GSE308449/,Q2_broad_diabetes_kidney,False,disease wording not explicit; renal tissue wording not explicit,PENDING_HUMAN_REVIEW,
200308560,GSE308560,Plasma Olink Explore HT of primary glomerular disease patients,This study utilized large-scale systemic proteome profiling to identify distinct protein signatures that can non-invasively differentiate major subtypes of primary glomerular disease and provide insights into their underlying mechanisms.,Homo sapiens,GSE,Other,36263,2026/03/22,232,41779447,PRJNA1330888,ftp://ftp.ncbi.nlm.nih.gov/geo/series/GSE308nnn/GSE308560/,Q2_broad_diabetes_kidney,False,disease wording not explicit; not a bulk-expression GEO type,PENDING_HUMAN_REVIEW,
200310214,GSE310214,DPP4 inhibition affects metabolism and inflammation associated pathways in hiPSC-derived steatotic HLCs,"Background Metabolic dysfunction-associated steatotic liver disease (MAFLD) has a high prevalence and high co-morbidity for other diseases. Due to the complexity of this multifactorial disease, therapy options are still rather limited. We employed an in vitro pluripotent stem cell-based model to decipher potential disease-associated molecular pathways and to study the mode of action of prospective drugs. Dipeptidyl peptidase 4 (DPP4) or Cluster of differentiation 26 (CD26) is involved in inflammation, infections, immune disorders, type 2 diabetes, kidney disease and cancer.  Methods We induced the steatosis phenotype in human induced pluripotent stem cell (iPSC) derived hepatocyte-like cells (HLCs) by oleic acid (OA)-feeding and confirmed regulation of clinically relevant pathways by NGS-based global transcriptomic analyses. Analysis of the secretome of steatotic HLCs revealed DPP4 as a potential key mediator of the disease. To further elucidate its role in the development of MAFLD, we inhibited DPP4 activity with Vildagliptin (VILDA) and analyzed the global transcriptome changes as well as specific gene and protein expression of steatosis-associated genes with and without DPP4 inhibition.  Results MAFLD-associated pathways such as PPAR- and TNF signaling were differentially regulated in hiPSC-derived steatotic HLCs. We found increased hepatic DPP4 activity and secretion upon OA. Gene expression of fatty acid and purine metabolism and inflammation-associated pathways were regulated upon DPP4 inhibition.  Conclusions Our HLC-model confirmed association of DPP4 with metabolism and inflammation which foster the development of MAFLD. Inhibiting DPP4 with VILDA partially relieved the steatotic phenotype on a global transcriptomic level.  Impact and implications Given the difficulties of identifying suitable anti-MAFLD drugs, novel model systems are urgently needed. Our in vitro HLC-model reproduced DPP4-dependent aspects of the disease and responded positively to Vildagliptin treatment. Further elucidation of the role of DPP4 in the etiology of MAFLD and other diseases is warranted.",Homo sapiens,GSE,Expression profiling by high throughput sequencing,30173,2026/03/18,24,41836294,PRJNA1365309,ftp://ftp.ncbi.nlm.nih.gov/geo/series/GSE310nnn/GSE310214/,Q2_broad_diabetes_kidney,False,disease wording not explicit; renal tissue wording not explicit,PENDING_HUMAN_REVIEW,
200310216,GSE310216,DPP4 inhibition affects metabolism and inflammation associated pathways in hiPSC-derived steatotic HLCs [Vilda],"Background Metabolic dysfunction-associated steatotic liver disease (MAFLD) has a high prevalence and high co-morbidity for other diseases. Due to the complexity of this multifactorial disease, therapy options are still rather limited. We employed an in vitro pluripotent stem cell-based model to decipher potential disease-associated molecular pathways and to study the mode of action of prospective drugs. Dipeptidyl peptidase 4 (DPP4) or Cluster of differentiation 26 (CD26) is involved in inflammation, infections, immune disorders, type 2 diabetes, kidney disease and cancer.  Methods We induced the steatosis phenotype in human induced pluripotent stem cell (iPSC) derived hepatocyte-like cells (HLCs) by oleic acid (OA)-feeding and confirmed regulation of clinically relevant pathways by NGS-based global transcriptomic analyses. Analysis of the secretome of steatotic HLCs revealed DPP4 as a potential key mediator of the disease. To further elucidate its role in the development of MAFLD, we inhibited DPP4 activity with Vildagliptin (VILDA) and analyzed the global transcriptome changes as well as specific gene and protein expression of steatosis-associated genes with and without DPP4 inhibition.  Results MAFLD-associated pathways such as PPAR- and TNF signaling were differentially regulated in hiPSC-derived steatotic HLCs. We found increased hepatic DPP4 activity and secretion upon OA. Gene expression of fatty acid and purine metabolism and inflammation-associated pathways were regulated upon DPP4 inhibition.  Conclusions Our HLC-model confirmed association of DPP4 with metabolism and inflammation which foster the development of MAFLD. Inhibiting DPP4 with VILDA partially relieved the steatotic phenotype on a global transcriptomic level.  Impact and implications Given the difficulties of identifying suitable anti-MAFLD drugs, novel model systems are urgently needed. Our in vitro HLC-model reproduced DPP4-dependent aspects of the disease and responded positively to Vildagliptin treatment. Further elucidation of the role of DPP4 in the etiology of MAFLD and other diseases is warranted.",Homo sapiens,GSE,Expression profiling by high throughput sequencing,30173,2026/03/18,12,41836294,PRJNA1365319,ftp://ftp.ncbi.nlm.nih.gov/geo/series/GSE310nnn/GSE310216/,Q2_broad_diabetes_kidney,False,disease wording not explicit; renal tissue wording not explicit,PENDING_HUMAN_REVIEW,
200310639,GSE310639,small RNA-seq of Extraceullular Vesicles derived from human immortalized podocytes treated with glucose and RabGTPase silenced,"Diabetic nephropathy (DN) is a major cause of end-stage renal disease and is characterized by early podocyte injury, leading to progressive glomerular dysfunction. Increasing evidence highlights extracellular vesicles (EVs) as crucial mediators of intercellular communication in the diabetic kidney, transferring bioactive molecules such as non-coding RNAs (ncRNAs) that modulate cellular responses and contribute to disease progression. The molecular mechanisms governing the selective packaging of ncRNAs into podocyte-derived EVs under hyperglycaemic stress, as well as the role of vesicle trafficking regulators such as RAB GTPases, remain poorly understood. In this study, conditionally immortalized human podocytes were exposed to high glucose conditions to model the diabetic environment. To investigate the contribution of vesicular trafficking to EV release, the small GTPases RAB27A and RAB3A were silenced using siRNA. EVs were isolated and their small RNA content was profiled by next-generation sequencing followed by RT-qPCR validation. The results demonstrated that both hyperglycaemia and RAB GTPase knockdown significantly modified the ncRNA composition of podocyte-derived EVs, indicating that glucose stress and vesicular trafficking pathways jointly shape the extracellular RNA landscape. These findings provide new insights into how RAB GTPase–dependent mechanisms regulate EV-mediated communication in podocytes during diabetic injury, potentially influencing key signaling pathways involved in disease progression.",Homo sapiens,GSE,Non-coding RNA profiling by high throughput sequencing,20795,2026/04/16,40,42032155,PRJNA1366630,ftp://ftp.ncbi.nlm.nih.gov/geo/series/GSE310nnn/GSE310639/,Q1_disease_phrases;Q2_broad_diabetes_kidney,False,not a bulk-expression GEO type,PENDING_HUMAN_REVIEW,
200312066,GSE312066,A genetically encoded bifunctional enzyme that mitigates redox imbalance and lipotoxicity via engineered Gro3P-Glycerol shunt,"Dihydroxyacetone phosphate (DHAP), glycerol-3-phosphate (Gro3P) and reduced/oxidized nicotinamide adenine dinucleotide (NADH/NAD+) are key metabolites of the Gro3P shuttle system that forms a redox circuit, allowing transfer of reducing equivalents between cytosol and mitochondria. Targeted activation of Gro3P biosynthesis was recently identified as a promising strategy to alleviate reductive stress by promoting NAD+ recycling, including in cells with an impaired activity of the mitochondrial complex I. However, because Gro3P constitutes the backbone of triglycerides under some circumstances, its accumulation can lead to excessive fat deposition. As a step to alleviating redox imbalance while counteracting lipogenesis as a byproduct, we present the development of a novel genetically encoded tool based on a di-domain glycerol-3-phosphate dehydrogenase from algae Chlamydomonas reinhardtii (CrGPDH), which is a bifunctional enzyme that can recycle NAD+ while converting DHAP to Gro3P. Importantly, this enzyme also possesses an N-terminal domain which cleaves Gro3P into glycerol and inorganic phosphate (Pi) (in humans and other organisms, this reaction is catalyzed by a separate glycerol-3-phosphate phosphatase, a reaction also known as ""glycerol shunt""). Here, we demonstrate that CrGPDH effectively operates both the alternative Gro3P shunt, which regenerates NAD⁺ and converts DHAP to Gro3P, and the glycerol shunt, which converts Gro3P to glycerol and Pi, across in vitro assays with recombinant proteins, transformed and primary mammalian cell cultures, and in vivo mouse liver experiments. In mammalian systems, CrGPDH rewires redox balance, carbon flux, and lipid metabolism in a cell type- and tissue- dependent manner. CrGPDH expression alone supported proliferation of HeLa cells under mitochondrial electron transport chain inhibition or hypoxia, and supported growth of patient-derived fibroblasts with mitochondrial dysfunction. Moreover, human kidney cancer cell lines, which exhibit abnormal lipid accumulation, had decreased triglycerides levels when expressing CrGPDH. Finally, our CrGPDH genetic tool modulated hepatic lipid metabolism in vivo, partially reversing ethanol-induced triglycerides accumulation. Our findings suggest that the coordinated boosting of the Gro3P-glycerol shunt may be a viable strategy to alleviate consequences of redox imbalance and associated impairment of lipogenesis in a wide repertoire of conditions, ranging from primary mitochondrial diseases to obesity, type 2 diabetes, and metabolic dysfunction-associated steatotic liver disease (MASLD).",Homo sapiens,GSE,Expression profiling by high throughput sequencing,20795,2025/12/15,8,41699300,PRJNA1366069,ftp://ftp.ncbi.nlm.nih.gov/geo/series/GSE312nnn/GSE312066/,Q2_broad_diabetes_kidney,False,disease wording not explicit; renal tissue wording not explicit,PENDING_HUMAN_REVIEW,
200315877,GSE315877,Metabolic surgery mitigates early kidney injury in obese youth with diabetes by suppressing mTORC1/JAK–STAT signaling,"Background Youth with type 2 diabetes (T2D) and severe obesity face high risk of diabetic kidney disease, which metabolic bariatric surgery (MBS) can mitigate. This study explores structural and molecular changes in kidneys after vertical sleeve gastrectomy (VSG), a form of MBS. Methods Paired analyses, including metabolic profiling, kidney volume assessment, histological evaluation, and single-cell RNA sequencing (scRNAseq) on kidney biopsies from five youth with T2D and obesity pre- and 12 months post-VSG in the IMPROVE-T2D (Impact of Metabolic surgery on Pancreatic, Renal and cardiOVascular hEalth in youth with T2D) cohort. Circulating proteomics with kidney transcriptomics, were linked using data from an independent cohort of youth with obesity, with or without T2D, undergoing MBS in Teen-Longitudinal Assessment of Bariatric Surgery (Teen-LABS, n=64). Results Post-VSG, participants lost weight and had improvements in insulin sensitivity and metabolic parameters. Kidney changes included reduced renal hyperfiltration, total kidney volume, mesangial matrix area, and microalbuminuria. scRNAseq in proximal tubule (PT) and thick ascending limb cells indicated repression of glycolysis, gluconeogenesis, and tricarboxylic acid cycle genes, with upregulation of AMP-activated protein kinase (AMPK) and Forkhead box O3 (FOXO3). Decreased metabolic signaling aligned with reduced ribosomal phosphorylated S6K (pS6K), suggesting attenuated mTORC1 activity. JAK-STAT pathway activation in PT was diminished, correlating with lower circulating ligands from Teen-LABS proteomic data. Conclusion MBS/VSG prompts kidney molecular adaptations, providing potential targets for non-surgical interventions against obesity- and diabetes-associated kidney disease.",Homo sapiens,GSE,Expression profiling by high throughput sequencing,11154,2026/01/09,16,41665972,PRJNA1399477,ftp://ftp.ncbi.nlm.nih.gov/geo/series/GSE315nnn/GSE315877/,Q1_disease_phrases;Q2_broad_diabetes_kidney,False,renal tissue wording not explicit,PENDING_HUMAN_REVIEW,
200316126,GSE316126,Distinct immunometabolic signatures in peripheral blood mononuclear cells are linked to systemic inflammation in type 2 diabetes and diabetic kidney disease,"Diabetic kidney disease (DKD) is a frequent complication of type 2 diabetes and is closely linked to systemic inflammation. Peripheral blood mononuclear cells (PBMCs) are markers of systemic inflammatory and metabolic stress. It is unknown if metabolism-related transcriptomic alterations in these cells is associated with DKD.  Using the nCounter® Human Metabolic Pathways Panel we profiled PBMC metabolic transcripts in individuals with type 2 diabetes or DKD and in controls (n = 12/group), and integrated transcriptomic data with clinical, inflammatory, and mitochondrial parameters. Patients with DKD showed increased inflammatory biomarkers and reduced PBMC mitochondrial membrane potential and mass, consistent with mitochondrial dysfunction. Metabolism-related transcriptomic profiling identified 13 differentially expressed genes across groups. DKD subjects displayed downregulation of SLC7A11 versus controls and HLA-DQA1 versus type 2 diabetes, and upregulation of CPT1A and GBA1 versus controls. CPT1A upregulation was confirmed by RT-qPCR and supported by external GEO datasets, though ROC analyses indicated a limited discriminatory performance. Pathway analyses revealed enrichment of immune-related, fatty acid oxidation, and fructose-6-phosphate pathways and reduced cell proliferation pathways in DKD patients. Inflammatory markers correlated positively with energy-regulating pathways and negatively with anabolic processes. In conclusion, these findings suggest that PBMCs reflect immunometabolic remodeling in response to DKD, thus highlighting an association between systemic inflammation, mitochondrial dysfunction, and altered energy metabolism in circulating immune cells. ",Homo sapiens,GSE,Expression profiling by array,31904,2026/07/29,36,,PRJNA1401574,ftp://ftp.ncbi.nlm.nih.gov/geo/series/GSE316nnn/GSE316126/,Q1_disease_phrases;Q2_broad_diabetes_kidney,False,renal tissue wording not explicit,PENDING_HUMAN_REVIEW,
200316742,GSE316742,SGLT2 inhibition reverses metabolic and inflammatory kidney signatures in youth with type 1 diabetes,"Sodium-glucose cotransporter-2 (SGLT2) inhibitors slow progression of diabetic kidney disease, but their intrarenal mechanisms remain unclear, particularly in patients with type 1 diabetes (T1D). In a prespecified ancillary study within the placebo-controlled ATTEMPT trial of dapagliflozin in youth with T1D and well-preserved kidney function (N=98), we integrated sequential kidney biopsies, multiparametric kidney MRI, and proteomics. Single-cell RNA-seq of N=16 baseline and N=11 16-week follow-up biopsies (N=27; 214,415 cells) revealed a coordinated network of metabolic, fibrotic, and inflammatory transcriptional changes across nephron, vascular, and immune compartments. These gene shifts paralleled attenuation of hyperfiltration and improvement in glycemic control (HbA1c and time-in-range), implicating 594 transcripts. MRI indicated a reversal of the medullary hyperoxia characteristic of T1D with dapagliflozin. Urine proteomic profiles echoed the transcriptomic patterns. Together, these multimodal data point to metabolic reprogramming, reduced inflammation, and improved oxygen handling as convergent mechanisms of SGLT2-mediated kidney protection. ClinicalTrials.gov: NCT04333823.",Homo sapiens,GSE,Expression profiling by high throughput sequencing,34284,2026/03/12,27,,PRJNA1404116,ftp://ftp.ncbi.nlm.nih.gov/geo/series/GSE316nnn/GSE316742/,Q1_disease_phrases;Q2_broad_diabetes_kidney,False,renal tissue wording not explicit,PENDING_HUMAN_REVIEW,
200317226,GSE317226,HIF regulatory network reflects kidney disease progression in diabetes and reversal with SGLT2 inhibition,"Hypoxia drives diabetic kidney disease (DKD) progression through Hypoxia Inducible Factor (HIF) signaling. The kidney’s cellular heterogeneity and complex architecture pose challenges for directly assessing the pharmacologic effects on kidney oxygenation and hypoxia responsive pathways in vivo, such as treatment with SGLT2 inhibitors (SGLT2i), presumed to impact kidney oxygenation. Using single-cell transcriptional profiling of kidney tissue from youth with type 2 diabetes (T2D) who showed minimal clinical evidence of DKD, we identified cell type enrichment of HIF regulated genes, findings that replicated in people with later stage DKD in the Kidney Precision Medicine Project (KPMP). Using conserved transcription factor (TF) binding motifs, higher-order promoter regulatory structures identified potential cooperating TFs that explained the cell type enrichment pattern. From these promoter elements, 7 interconnected regulatory pathways were identified, comprising a network of 237 genes.  Analysis of multiome data from reference tissue in KPMP demonstrated that 80% of the network genes resided in accessible chromatin. Expression of network genes increased significantly in late compared to early stage DKD and were validated in a hypoxic human organoid model system. Kidney tissue from individuals with T2D treated with SGLT2i demonstrated reversal of the accumulated changes in the HIF network compared to those not treated with SGLT2i. Most high confidence genes showed concordant differential expression in spatial transcriptomics from individuals with T2D.  Hypoxic kidney organoids treated with SGLT2i confirmed these protective effects. Our promoter-anchored HIF regulatory network provides a multi-component read-out that captures disease progression and quantifies therapeutic response to SGLT2i.",Homo sapiens,GSE,Other,34284,2026/02/05,4,42009641,PRJNA1406305,ftp://ftp.ncbi.nlm.nih.gov/geo/series/GSE317nnn/GSE317226/,Q1_disease_phrases;Q2_broad_diabetes_kidney,False,not a bulk-expression GEO type,PENDING_HUMAN_REVIEW,
200317266,GSE317266,Energy-sensing molecule RORγ regulates Cholesterol Metabolism and Immune Signaling in Diabetic Kidney Disease and Aging,"Aging is a major risk factor for diabetic kidney disease (DKD), with both conditions exhibiting similar renal pathology. We identify the energy-sensing molecule Retinoic acid-related orphan receptor γ (RORγ) as significantly downregulated in diabetic and aged kidneys. Tubule-specific RORγ deficiency exacerbates kidney injury, whereas its overexpression protects. Mechanistically, RORγ stabilizes insulin-induced gene 1 (INSIG1) by upregulating the deubiquitinase YOD1 and enhancing AMPK activity via CAB39, which together promote INSIG1 phosphorylation and subsequent stabilization. Stabilized INSIG1 potently blocks the ER-to-Golgi transport and activation of SREBP2 (cholesterol synthesis) and STING (inflammatory signaling). In diabetes, RORγ itself is suppressed transcriptionally by CTCF and functionally by impaired AMPK/SIRT1 signaling, which hinders its activation. Importantly, administration of a RORγ agonist or RORγ-enriched exosomes effectively alleviates diabetic kidney injury. Thus, RORγ emerges as a key regulatory node that mitigates DKD and renal aging by co-regulating AMPK-mediated metabolic and STING-driven innate immune pathways through INSIG1 stabilization.",Homo sapiens,GSE,Expression profiling by high throughput sequencing,28352,2026/01/22,6,41708627,PRJNA1406636,ftp://ftp.ncbi.nlm.nih.gov/geo/series/GSE317nnn/GSE317266/,Q1_disease_phrases;Q2_broad_diabetes_kidney,False,renal tissue wording not explicit,PENDING_HUMAN_REVIEW,
200031901,GSE31901,Polyunsaturated fatty acids acutely affect triacylglycerol-derived skeletal muscle fatty acid uptake and increases postprandial insulin sensitivity,"Dietary fat quality may influence skeletal muscle lipid handling and fat accumulation, thereby modulating insulin sensitivity. Objective: To examine acute effects of meals with various fatty acid (FA) compositions on skeletal muscle FA handling and postprandial insulin sensitivity in obese insulin resistant men. Design: In a single-blinded randomized crossover study, 10 insulin resistant men consumed three high-fat mixed-meals (2.6MJ). Meals were high in saturated FA (SFA), in monounsaturated FA (MUFA) or in polyunsaturated FA (PUFA). Fasting and postprandial skeletal muscle FA handling were examined by measuring arterio-venous concentration differences across forearm muscle. [2H2]-palmitate was infused intravenously to label endogenous triacylglycerol (TAG) and FFA in the circulation and [U-13C]-palmitate was added to the meal to label chylomicron-TAG. Skeletal muscle biopsies were taken to assess intramuscular lipid metabolism and gene expression. Results: Insulin and glucose responses (AUC) after SFA meal were significantly higher compared with PUFA meal (p=0.003 and 0.028, respectively). Uptake of TAG-derived FA was significantly lower in the early postprandial phase after PUFA meal as compared with other meals (AUC60-120, p<0.001). The PUFA meal induced less transcriptional downregulation of oxidative pathways compared with other meals. The fractional synthetic rate was higher in DAG and PL fraction after MUFA and PUFA meal. Conclusion: Intake of a PUFA meal reduced TAG-derived skeletal muscle FA uptake, which was accompanied by higher postprandial insulin sensitivity and a tendency towards a higher muscle lipid turnover. These data suggest that the effects of replacement of SFA by PUFA may contribute to less muscle lipid uptake and may be therefore protective against the development of insulin resistance.  Keywords: expression profiling by array",Homo sapiens,GSE,Expression profiling by array,6244,2012/02/21,56,22338035,PRJNA145213,ftp://ftp.ncbi.nlm.nih.gov/geo/series/GSE31nnn/GSE31901/,Q2_broad_diabetes_kidney,False,disease wording not explicit; renal tissue wording not explicit,PENDING_HUMAN_REVIEW,
200032357,GSE32357,Calorie restriction-like effects of 30 days of resveratrol supplementation on energy metabolism and metabolic profile in obese humans,"Resveratrol is a naturally occurring compound that profoundly affects energy metabolism and mitochondrial function and serves as a calorie restriction mimetic, at least in animal models of obesity. Here we treated 10 healthy, obese men with placebo and 150 mg/day resveratrol in a randomized double-blind cross-over study for 30 days. Resveratrol supplementation significantly reduced sleeping- and resting metabolic rate. In muscle, resveratrol activated AMPK, increased SIRT1 and PGC-1alpha protein levels, increased citrate synthase activity, and improved muscle mitochondrial respiration on a fatty acid-derived substrate. Furthermore, resveratrol elevated intramyocellular lipid levels, and decreased intrahepatic lipid content, circulating glucose, triglycerides, alanine-aminotransferase, and inflammation markers. Systolic blood pressure dropped and HOMA index improved after resveratrol. In the postprandial state, adipose tissue lipolysis and plasma fatty acid and glycerol decreased. In conclusion, we demonstrate that 30 days of resveratrol supplementation induces profound metabolic changes in obese subjects, mimicking the effects of calorie restriction.",Homo sapiens,GSE,Expression profiling by array,11532,2011/11/08,20,22055504,PRJNA147241,ftp://ftp.ncbi.nlm.nih.gov/geo/series/GSE32nnn/GSE32357/,Q2_broad_diabetes_kidney,False,disease wording not explicit; renal tissue wording not explicit,PENDING_HUMAN_REVIEW,
200032553,GSE32553,To investigate how the glycosylation of podocyte proteins changes during diabetic kidney disease,"Podocytes are cells of the visceral epithelium in the kidneys and form a crucial component of the glomerular filtration barrier, contributing to size selectivity and maintaining a massive filtration surface.",Homo sapiens,GSE,Expression profiling by array,11097,2011/10/03,32,,PRJNA147019,ftp://ftp.ncbi.nlm.nih.gov/geo/series/GSE32nnn/GSE32553/,Q1_disease_phrases;Q2_broad_diabetes_kidney,True,priority human review,PENDING_HUMAN_REVIEW,
200325587,GSE325587,Spatial transcriptomics identifies IL-32 as a lipid droplet-associated cytokine linked to tubular injury in human diabetic kidney disease,"Diabetic kidney disease (DKD) is a severe complication of diabetes mellitus and the leading cause of chronic kidney disease worldwide. Among the many drivers of tubular injury, lipid accumulation and inflammation are emerging as major contributors to kidney disease progression, but the molecular link between lipid metabolism and inflammatory signaling remains to be determined. Kidney biopsies from patients with DKD across pathologic classes were labelled for lipid droplets and analyzed by Nile Red spectroscopy. Digital spatial profiling and single-cell spatial transcriptomics were performed on samples from 14 patients representing different DKD classes. RNA scope and immunofluorescence microscopy were used for data validation and characterization. Lipid droplets (LD) were increasingly abundant in advanced stages of DKD, primarily accumulating in the proximal tubules. Single-cell spatial transcriptomics identified several genes—DUSP5, AZU1, COL9A1, HSPB1, and IGFBP7—as highly upregulated in DKD. Remarkably, IL32, which encodes a LD-associated cytokine, was highly enriched in injured proximal tubules. Immunofluorescence confirmed IL-32 localization to LDs predominantly within KIM1 positive tubules in moderate to advanced DKD. Furthermore, injured IL-32 expressing tubules were in close proximity to infiltrating neutrophils and macrophages, immune effectors of non-resolving inflammation and kidney disease progression. IL-32 is a LD-associated cytokine upregulated during tubular injury that represents a potential link between lipid dysregulation, inflammation and progression in human DKD.",Homo sapiens,GSE,Other,33484,2026/03/24,17,41324332;41653322,PRJNA1440517,ftp://ftp.ncbi.nlm.nih.gov/geo/series/GSE325nnn/GSE325587/,Q1_disease_phrases;Q2_broad_diabetes_kidney,False,renal tissue wording not explicit; not a bulk-expression GEO type,PENDING_HUMAN_REVIEW,
200328635,GSE328635,PFKFB3 promotes kidney fibrosis through histone lactylation-mediated HIPK2 activation in diabetic kidney disease,"Persistently enhancement of glycolytic activity has been increasingly implicated as a key contributor to the development of diabetic kidney disease (DKD). Lactate, the end product of glycolysis, can trigger histone lactylation, —an emerging epigenetic modification involved in regulating gene expression, yet its functional significance in DKD remains largely unclear. Here, we observed that 6-phosphofructo-2-kinase/fructose-2,6-biphosphatase 3 (PFKFB3), a key glycolytic enzyme, was remarkably induced in tubular epithelial cells (TECs) in both DKD patients and mice model. Inhibition the expression of PFKFB3 mitigated kidney fibrosis, and preserved kidney function in DKD mice model.  Conversely, upregulation of PFKFB3 aggravates renal fibrogenesis and promotes the deterioration of renal pathology. Moreover, we demonstrated that reducing the lactate levels markedly alleviated renal fibrosis in DKD. Mechanistically, lactate generated via PFKFB3-driven glycolytic reprogramming selectively enhances H4K12 lactylation at the HIPK2 promoter, thereby activating its transcription and driving renal fibrotic progression. These findings suggest that tubular PFKFB3 enhancing HIPK2 expression by promoting H4K12la-mediated gene transcription. Thus, targeting the PFKFB3-mediated HIPK2 activation in renal tubular cells could be a novel strategy for DKD.",Homo sapiens,GSE,Genome binding/occupancy profiling by high throughput sequencing,,2026/04/22,,,,ftp://ftp.ncbi.nlm.nih.gov/geo/series/GSE328nnn/GSE328635/,Q1_disease_phrases;Q2_broad_diabetes_kidney,False,renal tissue wording not explicit; not a bulk-expression GEO type,PENDING_HUMAN_REVIEW,
200328849,GSE328849,Spatial transcriptomics identifies IL-32 as a lipid droplet-associated cytokine linked to tubular injury in human diabetic kidney disease [GeoMx],"Diabetic kidney disease (DKD) is a severe complication of diabetes mellitus and the leading cause of chronic kidney disease worldwide. Among the many drivers of tubular injury, lipid accumulation and inflammation are emerging as major contributors to kidney disease progression, but the molecular link between lipid metabolism and inflammatory signaling remains to be determined. Kidney biopsies from patients with DKD across pathologic classes were labelled for lipid droplets and analyzed by Nile Red spectroscopy. Digital spatial profiling and single-cell spatial transcriptomics were performed on samples from 14 patients representing different DKD classes. RNA scope and immunofluorescence microscopy were used for data validation and characterization. Lipid droplets (LD) were increasingly abundant in advanced stages of DKD, primarily accumulating in the proximal tubules. Single-cell spatial transcriptomics identified several genes—DUSP5, AZU1, COL9A1, HSPB1, and IGFBP7—as highly upregulated in DKD. Remarkably, IL32, which encodes a LD-associated cytokine, was highly enriched in injured proximal tubules. Immunofluorescence confirmed IL-32 localization to LDs predominantly within KIM1 positive tubules in moderate to advanced DKD. Furthermore, injured IL-32 expressing tubules were in close proximity to infiltrating neutrophils and macrophages, immune effectors of non-resolving inflammation and kidney disease progression. IL-32 is a LD-associated cytokine upregulated during tubular injury that represents a potential link between lipid dysregulation, inflammation and progression in human DKD.",Homo sapiens,GSE,Other,30173,2026/04/23,86,41653322,PRJNA1456868,ftp://ftp.ncbi.nlm.nih.gov/geo/series/GSE328nnn/GSE328849/,Q1_disease_phrases;Q2_broad_diabetes_kidney,False,renal tissue wording not explicit; not a bulk-expression GEO type,PENDING_HUMAN_REVIEW,
200033070,GSE33070,Adipose tissue gene expression associated with weight gain in kidney transplant recipients,"The aim of this study was to investigate the association of gene expression profiles in subcutaneous adipose tissue with percent of total body weight change in 26 kidney transplant recipients. Using multivariate linear regression analysis controlled for race and gender, expression levels of 1553 genes were significantly (p<0.05) associated with weight change.",Homo sapiens,GSE,Expression profiling by array,6244,2013/10/04,26,23544116;32151267,PRJNA149491,ftp://ftp.ncbi.nlm.nih.gov/geo/series/GSE33nnn/GSE33070/,Q2_broad_diabetes_kidney,False,disease wording not explicit; renal tissue wording not explicit,PENDING_HUMAN_REVIEW,
200003308,GSE3308,Target genes of the transcription factors HNF1beta and HNF1alpha in the human embryonic kidney cell line HEK293,"Hepatocyte nuclear factor 1beta (HNF1beta, TCF2) is a tissue-specific transcription factor whose mutation in humans leads to renal cysts, genital malformations, pancreas atrophy and maturity onset diabetes of the young (MODY5). Furthermore, HNF1beta overexpression has been observed in clear cell cancer of the ovary. To identify potential HNF1beta target genes whose activity may be deregulated in human patients we established a human embryonic kidney cell line (HEK293) expressing HNF1beta conditionally. Using Flp recombinase we introduced wildtype or mutated HNF1beta at a defined chromosomal position allowing a most reproducible induction of the HNF1beta derivatives upon tetracycline addition. By oligonucleotide microarrays we identified 25 HNF1beta regulated genes. By an identical approach we identified that the closely related transcription factor HNF1alpha (TCF1) affects only nine genes in HEK293 cells and thus is a less efficient factor in these kidney cells. The HNF1beta target genes dipeptidyl peptidase 4 (DPP4), angiotensin converting enzyme 2 (ACE2) and osteopontin (SPP1) are most likely direct target genes, as they contain functional HNF1 binding sites in their promoter region. Since nine of the potential HNF1beta target genes are deregulated in clear cell carcinoma of the ovary, we propose that HNF1beta overexpression in the ovarian cancer participates in the altered expression pattern Keywords: cnditional expression",Homo sapiens,GSE,Expression profiling by array,96,2005/12/01,12,16297991,PRJNA92825,ftp://ftp.ncbi.nlm.nih.gov/geo/series/GSE3nnn/GSE3308/,Q2_broad_diabetes_kidney,False,disease wording not explicit; renal tissue wording not explicit,PENDING_HUMAN_REVIEW,
200342773,GSE342773,Single-nucleus and bulk transcriptomic atlas of human visceral adipose tissue across metabolic disease states identifies THBS1 as a fibro-inflammatory driver,"The cellular complexity of adipose tissue plays a critical role in the pathogenesis of metabolic disease; however, mechanisms underlying adipose dysfunction remain poorly understood. Here, we constructed a single-nucleus and bulk transcriptomic atlas of human visceral adipose tissues from an ethnically homogeneous cohort with defined metabolic states: lean with normal glucose tolerance, obesity, and obesity with type 2 diabetes. Single-nucleus RNA sequencing (snRNA-seq) revealed a fibro-inflammatory subpopulation of adipose stem cells and adipocytes characterized by high THBS1 expression, which were enriched in individuals with obesity and obesity with type 2 diabetes compared to lean controls. Through complementary in vitro, ex vivo, and in vivo experiments, we demonstrated that THBS1 promoted adipose fibrosis and inflammation via macrophage-mediated TGFbeta activation, impairing adipogenesis and adipocyte function. Inhibition of THBS1 attenuated fibro-inflammatory features in metabolically dysfunctional adipose tissues. Collectively, this dataset provides a cellular atlas of human visceral adipose tissue across metabolic disease states and identifies THBS1 as a key pathogenic driver and potential therapeutic target.",Homo sapiens,GSE,Expression profiling by high throughput sequencing,24676,2026/08/14,39,,PRJNA1508875,ftp://ftp.ncbi.nlm.nih.gov/geo/series/GSE342nnn/GSE342773/,Q2_broad_diabetes_kidney,False,disease wording not explicit; renal tissue wording not explicit,PENDING_HUMAN_REVIEW,
200040360,GSE40360,DNA methylation differences between multiple sclerosis and controls in frontal lobe white matter,"Using the Illumina 450K array and a stringent statistical analysis with age and gender correction, we report genome-wide differences in DNA methylation between pathology-free regions derived from human multiple sclerosis–affected and control brains. Differences were subtle, but widespread and reproducible in an independent validation cohort. The transcriptional consequences of differential DNA methylation were further defined by genome-wide RNA-sequencing analysis and validated in two independent cohorts. Genes regulating oligodendrocyte survival, such as BCL2L2 and NDRG1, were hypermethylated and expressed at lower levels in multiple sclerosis–affected brains than in controls, while genes related to proteolytic processing (for example, LGMN, CTSZ) were hypomethylated and expressed at higher levels. These results were not due to differences in cellular composition between multiple sclerosis and controls. Thus, epigenomic changes in genes affecting oligodendrocyte susceptibility to damage are detected in pathology-free areas of multiple sclerosis–affected brains.",Homo sapiens,GSE,Methylation profiling by array,13534,2013/11/24,47,24270187,PRJNA173693,ftp://ftp.ncbi.nlm.nih.gov/geo/series/GSE40nnn/GSE40360/,Q2_broad_diabetes_kidney,False,disease wording not explicit; renal tissue wording not explicit; not a bulk-expression GEO type,PENDING_HUMAN_REVIEW,
200004117,GSE4117,Effects of laughter on gene expression profiles of patients with type 2 diabetes,"Sample tissue: peripheral blood Disease: normal subject, patients with type 2 diabetes (diabetic nephropathy +, -) Samples for gene expression analysis were obtained before and after the event. Keywords: equivalent probe, disease response",Homo sapiens,GSE,Expression profiling by array,1708,2006/07/29,8,,PRJNA95031,ftp://ftp.ncbi.nlm.nih.gov/geo/series/GSE4nnn/GSE4117/,Q1_disease_phrases,False,renal tissue wording not explicit,PENDING_HUMAN_REVIEW,
200041744,GSE41744,Ficolin-1 is upregulated in leukocytes and glomeruli from microscopic polyangiitis patients,"To search for new markers of active lesions that might help better understand the molecular basis of MPA and aid in its diagnosis, DNA microarray analysis was performed with peripheral blood mononuclear cells (PBMCs).",Homo sapiens,GSE,Expression profiling by array,4133,2013/08/18,12,23944633,PRJNA178101,ftp://ftp.ncbi.nlm.nih.gov/geo/series/GSE41nnn/GSE41744/,Q2_broad_diabetes_kidney,False,disease wording not explicit,PENDING_HUMAN_REVIEW,
200041767,GSE41767,"Chlorella ingestion and suppression of resistin gene expression in borderline diabetics: a randomized, placebo-controlled study","Diabetes and Arteriosclerosis progression are frequently observed in borderline Type 2 diabetes cases. Onset of complications (arteriosclerosis and renal damage) due to Type 2 diabetes is well documented; it is extremely important to prevent or delay their progression. Type 2 diabetes onset and progression has been controlled through dietary habits and exercise, although these remain insufficient. Chlorella ingestion improves blood glucose and cholesterol concentrations in mice and humans, although no reports have evaluated Chlorella effects in borderline diabetics. Therefore, we conducted a randomized, placebo-controlled trial for borderline diabetics using laboratory results and comprehensive gene analysis as outcomes. Chlorella ingestion suppressed resistin gene expression, suggesting that Chlorella may be useful for preventing diabetes onset and ameliorating arteriosclerosis.",Homo sapiens,GSE,Expression profiling by array,14550,2015/10/17,114,,PRJNA178145,ftp://ftp.ncbi.nlm.nih.gov/geo/series/GSE41nnn/GSE41767/,Q2_broad_diabetes_kidney,False,disease wording not explicit; renal tissue wording not explicit,PENDING_HUMAN_REVIEW,
200042227,GSE42227,An eQTL study in the Japanese population [gene expression_1],"A genome-wide eQTL analysis was performed in whole blood samples collected from 76 Japanese subjects. RNA microarray analysis was performed for 3 independent samples that were genotyped in a genome-wide scan. The correlations between the genotypes of 534,404 autosomal single nucleotide polymorphisms (SNPs) and the expression levels of 30,465 probes were examined for each sample. The SNP-probe pairs with combined correlation coefficients of all 3 samples corresponding to P < 3.10 × 10-12 (i.e., Bonferroni-corrected P < 0.05) were considered significant. SNP-probe pairs with a high likelihood of cross-hybridization and SNP-in-probe effects were excluded to exclude false positive results. We identified 102 cis-acting and 5 trans-acting eQTL regions. The cis-eQTL regions were widely distributed both upstream and downstream of the gene, as well as within the gene.",Homo sapiens,GSE,Expression profiling by array,6480,2012/11/27,24,23359819,PRJNA182133,ftp://ftp.ncbi.nlm.nih.gov/geo/series/GSE42nnn/GSE42227/,Q2_broad_diabetes_kidney,False,disease wording not explicit; renal tissue wording not explicit,PENDING_HUMAN_REVIEW,
200042228,GSE42228,An eQTL study in the Japanese population [gene expression_2],"A genome-wide eQTL analysis was performed in whole blood samples collected from 76 Japanese subjects. RNA microarray analysis was performed for 3 independent samples that were genotyped in a genome-wide scan. The correlations between the genotypes of 534,404 autosomal single nucleotide polymorphisms (SNPs) and the expression levels of 30,465 probes were examined for each sample. The SNP-probe pairs with combined correlation coefficients of all 3 samples corresponding to P < 3.10 × 10-12 (i.e., Bonferroni-corrected P < 0.05) were considered significant. SNP-probe pairs with a high likelihood of cross-hybridization and SNP-in-probe effects were excluded to exclude false positive results. We identified 102 cis-acting and 5 trans-acting eQTL regions. The cis-eQTL regions were widely distributed both upstream and downstream of the gene, as well as within the gene.",Homo sapiens,GSE,Expression profiling by array,6480,2012/11/27,24,23359819,PRJNA182134,ftp://ftp.ncbi.nlm.nih.gov/geo/series/GSE42nnn/GSE42228/,Q2_broad_diabetes_kidney,False,disease wording not explicit; renal tissue wording not explicit,PENDING_HUMAN_REVIEW,
200042229,GSE42229,An eQTL study in the Japanese population [gene expression_3],"A genome-wide eQTL analysis was performed in whole blood samples collected from 76 Japanese subjects. RNA microarray analysis was performed for 3 independent samples that were genotyped in a genome-wide scan. The correlations between the genotypes of 534,404 autosomal single nucleotide polymorphisms (SNPs) and the expression levels of 30,465 probes were examined for each sample. The SNP-probe pairs with combined correlation coefficients of all 3 samples corresponding to P < 3.10 × 10-12 (i.e., Bonferroni-corrected P < 0.05) were considered significant. SNP-probe pairs with a high likelihood of cross-hybridization and SNP-in-probe effects were excluded to exclude false positive results. We identified 102 cis-acting and 5 trans-acting eQTL regions. The cis-eQTL regions were widely distributed both upstream and downstream of the gene, as well as within the gene.",Homo sapiens,GSE,Expression profiling by array,6480,2012/11/27,28,23359819,PRJNA182135,ftp://ftp.ncbi.nlm.nih.gov/geo/series/GSE42nnn/GSE42229/,Q2_broad_diabetes_kidney,False,disease wording not explicit; renal tissue wording not explicit,PENDING_HUMAN_REVIEW,
200042432,GSE42432,Effects of 30 days resveratrol supplementation on adipose tissue morphology and gene expression patterns in obese men,"Polyphenolic compounds, such as resveratrol, have recently received widespread interest due to their ability to mimic effects of calorie restriction. The objective of the present study was to gain more insight into the effects of 30 days resveratrol supplementation on adipose tissue morphology and underlying processes. Nine healthy obese men were supplemented with placebo and 150mg/day resveratrol for 30 days, separated by a 4-week washout period. A postprandial abdominal subcutaneous adipose tissue biopsy was collected to assess adipose tissue morphology and gene expression using microarray analysis. Resveratrol significantly decreased adipocyte size, with a shift towards a reduction in the proportion of large and very large adipocytes and an increase in small adipocytes. Microarray analysis revealed downregulation of Wnt, Notch and BMP/TGF-β signaling pathways and upregulation of pathways involved in cell cycle after resveratrol supplementation, suggesting enhanced adipogenesis. Furthermore, the lysosomal/phagosomal pathway and the transcription factor EB were upregulated, reflecting an alternative pathway of lipid breakdown by autophagy. These data suggest that adipose tissue is an important target tissue for the effects of resveratrol in humans, but further research is necessary to investigate whether it translates into an improved adipose tissue function.",Homo sapiens,GSE,Expression profiling by array,11532,2013/09/25,18,23958793,PRJNA181956,ftp://ftp.ncbi.nlm.nih.gov/geo/series/GSE42nnn/GSE42432/,Q2_broad_diabetes_kidney,False,disease wording not explicit; renal tissue wording not explicit,PENDING_HUMAN_REVIEW,
200042487,GSE42487,An eQTL study in the Japanese population [genotype],"A genome-wide eQTL analysis was performed in whole blood samples collected from 76 Japanese subjects. RNA microarray analysis was performed for 3 independent samples that were genotyped in a genome-wide scan. The correlations between the genotypes of 534,404 autosomal single nucleotide polymorphisms (SNPs) and the expression levels of 30,465 probes were examined for each sample. The SNP-probe pairs with combined correlation coefficients of all 3 samples corresponding to P < 3.10 × 10-12 (i.e., Bonferroni-corrected P < 0.05) were considered significant. SNP-probe pairs with a high likelihood of cross-hybridization and SNP-in-probe effects were excluded to exclude false positive results. We identified 102 cis-acting and 5 trans-acting eQTL regions. The cis-eQTL regions were widely distributed both upstream and downstream of the gene, as well as within the gene.",Homo sapiens,GSE,Genome variation profiling by SNP array; SNP genotyping by SNP array,8882,2012/11/27,76,23359819,PRJNA182136,ftp://ftp.ncbi.nlm.nih.gov/geo/series/GSE42nnn/GSE42487/,Q2_broad_diabetes_kidney,False,disease wording not explicit; renal tissue wording not explicit; not a bulk-expression GEO type,PENDING_HUMAN_REVIEW,
200045980,GSE45980,An integrative analysis of renal miRNA- and mRNA-expression signatures in progressive chronic kidney disease [discovery cohort],"MicroRNAs (miRNAs) significantly contribute to chronic kidney disease (CKD) progression via regulating mRNA expression and abundance. However, their association with clinical outcome remains poorly understood. We performed large scale miRNA and mRNA expression profiling on cryo-cut renal biopsy sections from n=43 subjects. miRNAs differentiating stable and progressive cases were determined, and putative target mRNAs showing inversely correlated expression profiles were identified and further characterized. We found a downregulation of 7 miRNAs in the progressive phenotype, and an upregulation of 29 target mRNAs which are involved in inflammatory response, cell-cell-interaction, apoptosis, and intracellular signaling. Particularly a diminished expression of miR-206 in progressive disease correlated significantly with the upregulation of the target mRNAs CCL19, CXCL1, IFNAR2, NCK2, PTK2B, PTPRC, RASGRP1, and TNFRSF25, all participating in inflammatory pathways. Progressive cases also showed a decreased expression of miR-532-3p, and an increased expression of target transcripts MAP3K14, TNFRSF10B/TRAIL-R2, TRADD, and TRAF2, all being involved in apoptosis pathways. miR-206, miR-532-3p and all 12 mRNA targets correlated with the degree of histological damage.  The identified renal miRNA- and mRNA-profiles, and biological pathways may represent regulatory mechanisms, which are commonly present in various kinds of progressive chronic kidney disease.",Homo sapiens,GSE,Expression profiling by array; Non-coding RNA profiling by array,13497,2015/12/31,43,26707063;31316728,PRJNA196829,ftp://ftp.ncbi.nlm.nih.gov/geo/series/GSE45nnn/GSE45980/,Q1_disease_phrases;Q2_broad_diabetes_kidney,False,disease wording not explicit; not a bulk-expression GEO type,PENDING_HUMAN_REVIEW,
200046897,GSE46897,Cyclodextrin protects podocytes in diabetic kidney disease [HumanWG-6 v3.0 array],Analysis of gene expression changes in differentiated human podocytes treated with the serum from patients with (DKD+) or without (DKD-) diabetic kidney disease when compared to normal subjects (C). The hypothesis is that the three groups can be distinghed by their differential gene expression pattern. The results obtained revealed important information regarding differences in gene expression in human podocytes treated with the serum from patients with (DKD+) or without (DKD-) diabetic kidney disease when compared to normal subjects (C).,Homo sapiens,GSE,Expression profiling by array,6884,2013/07/11,6,23835338,PRJNA202986,ftp://ftp.ncbi.nlm.nih.gov/geo/series/GSE46nnn/GSE46897/,Q1_disease_phrases;Q2_broad_diabetes_kidney,False,renal tissue wording not explicit,PENDING_HUMAN_REVIEW,
200046899,GSE46899,Cyclodextrin protects podocytes in diabetic kidney disease [HumanHT-12 V4.0 array],Analysis of gene expression changes in differentiated human podocytes treated with the serum from patients with (DKD+) or without (DKD-) diabetic kidney disease when compared to normal subjects (C). The hypothesis is that the three groups can be distinghed by their differential gene expression pattern. The results obtained revealed important information regarding differences in gene expression in human podocytes treated with the serum from patients with (DKD+) or without (DKD-) diabetic kidney disease when compared to normal subjects (C).,Homo sapiens,GSE,Expression profiling by array,10558,2013/07/13,6,23835338,PRJNA202985,ftp://ftp.ncbi.nlm.nih.gov/geo/series/GSE46nnn/GSE46899/,Q1_disease_phrases;Q2_broad_diabetes_kidney,False,renal tissue wording not explicit,PENDING_HUMAN_REVIEW,
200046900,GSE46900,Cyclodextrin protects podocytes in diabetic kidney disease.,This SuperSeries is composed of the SubSeries listed below.,Homo sapiens,GSE,Expression profiling by array,10558;6884,2013/07/11,12,23835338,PRJNA202982,ftp://ftp.ncbi.nlm.nih.gov/geo/series/GSE46nnn/GSE46900/,Q1_disease_phrases;Q2_broad_diabetes_kidney,False,renal tissue wording not explicit,PENDING_HUMAN_REVIEW,
200047183,GSE47183,In silico nano-dissection: defining cell type specificity at transcriptional level in human disease (glomeruli),"To identify genes with cell-lineage-specific expression not accessible by experimental micro-dissection, we developed a genome-scale iterative method, in-silico nano-dissection, which leverages high-throughput functional-genomics data from tissue homogenates using a machine-learning framework. This study applied nano-dissection to chronic kidney disease and identified transcripts specific to podocytes, key cells in the glomerular filter responsible for hereditary proteinuric syndromes and acquired CKD. In-silico prediction accuracy exceeded predictions derived from fluorescence-tagged-murine podocytes, identified genes recently implicated in hereditary glomerular disease and predicted genes significantly correlated with kidney function. The nano-dissection method is broadly applicable to define lineage specificity in many functional and disease contexts.",Homo sapiens,GSE,Expression profiling by array,11670;14663,2013/08/06,122,23950145;24925724,PRJNA205044,ftp://ftp.ncbi.nlm.nih.gov/geo/series/GSE47nnn/GSE47183/,Q1_disease_phrases;Q2_broad_diabetes_kidney,False,disease wording not explicit,PENDING_HUMAN_REVIEW,
200047184,GSE47184,In silico nano-dissection: defining cell type specificity at transcriptional level in human disease (tubulointerstitium),"To identify genes with cell-lineage-specific expression not accessible by experimental micro-dissection, we developed a genome-scale iterative method, in-silico nano-dissection, which leverages high-throughput functional-genomics data from tissue homogenates using a machine-learning framework. This study applied nano-dissection to chronic kidney disease and identified transcripts specific to podocytes, key cells in the glomerular filter responsible for hereditary proteinuric syndromes and acquired CKD. In-silico prediction accuracy exceeded predictions derived from fluorescence-tagged-murine podocytes, identified genes recently implicated in hereditary glomerular disease and predicted genes significantly correlated with kidney function. The nano-dissection method is broadly applicable to define lineage specificity in many functional and disease contexts.",Homo sapiens,GSE,Expression profiling by array,14663;11670,2013/08/06,107,23950145,PRJNA205043,ftp://ftp.ncbi.nlm.nih.gov/geo/series/GSE47nnn/GSE47184/,Q1_disease_phrases;Q2_broad_diabetes_kidney,False,disease wording not explicit,PENDING_HUMAN_REVIEW,
200047185,GSE47185,In silico nano-dissection: defining cell type specificity at transcriptional level in human disease,This SuperSeries is composed of the SubSeries listed below.,Homo sapiens,GSE,Expression profiling by array,14663;11670,2013/08/06,229,23950145,PRJNA205042,ftp://ftp.ncbi.nlm.nih.gov/geo/series/GSE47nnn/GSE47185/,Q1_disease_phrases;Q2_broad_diabetes_kidney,False,disease wording not explicit; renal tissue wording not explicit,PENDING_HUMAN_REVIEW,
200048318,GSE48318,Differential miRNA expression profiling of urinary exosomes from normo- and microalbuminuric type 1 diabetic patients,"The aim of this study was to compare miRNA expression in urinary exosomes from type 1 diabetic patients with and without incipient diabetic nephropathy. Overnight urine collections were obtained from normo- and microalbuminuric type 1 diabetic patients. Urines were pre-cleared by both centrifugation and filtration, urinary exosomes were isolated by two consecutive ultracentrifugation steps and total RNA extracted. Differential miRNA profiling was performed using a Human TaqMan miRNA Array A on an 7900HT Fast Real-Time PCR System. Results showed that expression of 22 urinary exosomal miRNAs differed  in incipient diabetic nephropathy.",Homo sapiens,GSE,Expression profiling by RT-PCR,17346,2014/02/14,4,24223694,PRJNA209697,ftp://ftp.ncbi.nlm.nih.gov/geo/series/GSE48nnn/GSE48318/,Q1_disease_phrases,False,renal tissue wording not explicit; not a bulk-expression GEO type,PENDING_HUMAN_REVIEW,
200050892,GSE50892,Expression data from kidney biopsies of liver disease patients,"Glomerular abnormalities have been demonstrated in kidney biopsies of patient after orthotopic liver transplantation (OLT). We hypothesize that these changes exist prior to OLT and may play a role in the development of renal failure after OLT. We use gene expression microarrays to investigate the mechanism of kidney disease in patients listed for OLT. Gene expression profiles of biopsies of cirrhotic patients were compared with pre-implantation living donor biopsies. Glomerular abnormalities were seen in 92% of the biopsies, the most common being increase in mesangial matrix. Electron microscope showed effacement of podocytes (93%) and duplication (35%) and widening of glomerular basement membrane (45%). Gene Ontology analysis revealed significant up-regulation of genes implicated in immune response, including T-cell, leucocyte and platelet activation and differentiation. Pathogenesis-based transcripts analysis revealed significantly increased expression of cytotoxic T-cell, macrophage, B-cell, natural killer cell, and endothelial cell associated transcripts, indicating an ongoing inflammatory immune response.",Homo sapiens,GSE,Expression profiling by array,6244,2013/09/17,17,,PRJNA219308,ftp://ftp.ncbi.nlm.nih.gov/geo/series/GSE50nnn/GSE50892/,Q1_disease_phrases;Q2_broad_diabetes_kidney,False,disease wording not explicit,PENDING_HUMAN_REVIEW,
200051674,GSE51674,miRNA-27b-3p and miRNA-1228-3p correlate with the progression of Kidney Fibrosis in Diabetic Nephropathy,"Diabetic Nephropathy (DN) is a chronic complication of diabetes and the primary cause of end stage renal disease. DN can be differentially diagnosed only through histological investigation. Therefore, there is need for molecular biomarkers, such as miRNAs, to discriminate among different histological lesions in diabetics. Aim of this study was to identify a pattern of differentially expressed miRNAs in kidney biopsies of DN patients and to assess their potential as differential diagnostic biomarkers. Using microarray, we assayed miRNA expression in kidney tissue from 8 DN patients, 6 diabetic patients with membranous nephropathy and 4 patients with normal histology. Nine miRNAs were differentially expressed among the three groups of patients, thus underlying their potential role as markers of specific histological damage. In silico we identified 2 miRNAs (i.e., miR-27b-3p and  miR-1228-3p) showing an interaction with UBE2v1, an ubiquitin-conjugating E2 enzyme variant that mediates the formation of lysine 63-linked ubiquitin chains, a mechanism we showed as involved in DN kidney fibrosis. Both miRNAs were confirmed to be down-regulated in DN biopsies, using qPCR and in situ hybridization, and in urines of DN patients. Interestingly, the urinary levels of both miRNAs were also able to discriminate among different degrees of renal fibrosis. Finally, we showed that the combined urinary expression of both miRNAs was also able to discriminate DN patients from other glomerulonephritides, both in the presence and absence of T2D. We identified two regulatory miRNAs potentially useful as diagnostic biomarkers of tubular-interstitial fibrosis in diabetic patients with DN.",Homo sapiens,GSE,Non-coding RNA profiling by array,10656,2019/08/21,16,31388051,PRJNA224310,ftp://ftp.ncbi.nlm.nih.gov/geo/series/GSE51nnn/GSE51674/,Q1_disease_phrases;Q2_broad_diabetes_kidney,False,not a bulk-expression GEO type,PENDING_HUMAN_REVIEW,
200051822,GSE51822,Expression data for minimally invasive glioblastoma stem-like cell (GSC) plasma membrane markers,"We compared whole genome expression profiles of GSCs with normal human cortex, human neural stem cells (hNSC) from fetal cortex, glioblastoma (GBM) primary, and recurrent tumors to find GSC-specific plasma membrane transcripts.",Homo sapiens,GSE,Expression profiling by array; Third-party reanalysis,570,2013/11/14,2,25361488,PRJNA227737,ftp://ftp.ncbi.nlm.nih.gov/geo/series/GSE51nnn/GSE51822/,Q2_broad_diabetes_kidney,False,disease wording not explicit; renal tissue wording not explicit; not a bulk-expression GEO type,PENDING_HUMAN_REVIEW,
200060860,GSE60860,An integrative analysis of renal miRNA- and mRNA-expression signatures in progressive chronic kidney disease [validation cohort],"MicroRNAs (miRNAs) contribute to chronic kidney disease progression via negatively regulating mRNA abundance. However, their association with clinical outcome remains poorly understood. We performed large-scale miRNA and mRNA expression profiling on cryo-cut renal biopsy sections from a discovery (n=43) and a validation (n=29) cohort. In the discovery cohort (GEO Series accession number GSE45980), miRNAs differentiating stable and progressive cases were determined, and putative target mRNAs showing inversely correlated expression profiles were identified. We found a downregulation of 7 miRNAs in the progressive phenotype, and an upregulation of 29 target mRNAs that are involved in inflammatory response, cell-cell-interaction, apoptosis, and intracellular signaling. Reduced expression of miR-206 in progressive disease correlated with the upregulation of the target mRNAs CCL19, CXCL1, IFNAR2, NCK2, PTK2B, PTPRC, RASGRP1, and TNFRSF25, all participating in inflammatory pathways. Progressive cases also showed a lower expression of miR-532-3p and an increased expression of cognate target transcripts MAP3K14, TNFRSF10B/TRAIL-R2, TRADD, and TRAF2, all being involved in apoptosis pathways. In the independent validation cohort (this set of arrays), we confirmed the decreased expression of miR-206 and miR-532-3p, and the inverse correlation of these miRNAs with the expression of 9 of the 12 target genes. The levels of the identified miRNAs and the target mRNAs correlated to histological damage indices. These results suggest the involvement of specific miRNAs and mRNAs in biological pathways associated with the progression of chronic kidney disease.",Homo sapiens,GSE,Expression profiling by array; Non-coding RNA profiling by array,13497,2015/12/31,29,26707063;31316728,PRJNA259678,ftp://ftp.ncbi.nlm.nih.gov/geo/series/GSE60nnn/GSE60860/,Q1_disease_phrases;Q2_broad_diabetes_kidney,False,disease wording not explicit; not a bulk-expression GEO type,PENDING_HUMAN_REVIEW,
200060861,GSE60861,An integrative analysis of renal miRNA- and mRNA-expression signatures in progressive chronic kidney disease,This SuperSeries is composed of the SubSeries listed below.,Homo sapiens,GSE,Expression profiling by array; Non-coding RNA profiling by array,13497,2015/12/31,72,26707063;31316728,PRJNA259677,ftp://ftp.ncbi.nlm.nih.gov/geo/series/GSE60nnn/GSE60861/,Q1_disease_phrases;Q2_broad_diabetes_kidney,False,disease wording not explicit; renal tissue wording not explicit; not a bulk-expression GEO type,PENDING_HUMAN_REVIEW,
200065561,GSE65561,Expression data from MSC-treated monocytes,Chronic inflammation leading to pro-inflammatory macrophage infiltration contributes to the pathogenesis of type 2 diabetes and subsequently the development of diabetic nephropathy. Mesenchymal stem cells (MSCs) possess unique immunomodulatory and cytoprotective properties making them an ideal candidate for therapeutic intervention We used microarrays to detail changes in the gene expression profile of monocytes isolated from type 2 diabetic patients with end-stage renal disease and non-diabetic control subjects following co-culture with MSCs.,Homo sapiens,GSE,Expression profiling by array,16686,2015/11/10,18,26544198,PRJNA274370,ftp://ftp.ncbi.nlm.nih.gov/geo/series/GSE65nnn/GSE65561/,Q1_disease_phrases;Q2_broad_diabetes_kidney,False,renal tissue wording not explicit,PENDING_HUMAN_REVIEW,
200006573,GSE6573,Dysregulation of the circulating and tissue-based renin-angiotensin system in preeclampsia,"Preeclampsia complicates more than 3% of all pregnancies in the United States and Europe. High-risk populations include women with diabetes, dyslipidemia, thrombotic disorders, hyperhomocysteinemia, hypertension, renal diseases, previous preeclampsia, twin pregnancies, and low socioeconomic status. In the latter case, the incidence may increase to 20% to 25%. Preeclampsia is a major cause of maternal and fetal morbidity and mortality. Preeclampsia is defined by systolic blood pressure of more than 140 mm Hg and diastolic blood pressure of more than 90 mm Hg after 20 weeks gestation in a previously normotensive patient, and new-onset proteinuria. Abnormal placentation associated with shallow trophoblast invasion (fetal cells from outer cell layer of the blastocyst) into endometrium (decidua) and improper spiral artery remodeling in the decidua are initial pathological steps.  In this study we analyzed the renin-angiotensin system in adipose tissue, decidua and placenta from women with uneventful pregnancy and women with preeclampsia. We also analyzed the tissue by Affymetrix chips in a comparison study (control vs. preeclampsia) Keywords: disease comparison, disease state",Homo sapiens,GSE,Expression profiling by array,570,2007/01/01,6,17261642,PRJNA98753,ftp://ftp.ncbi.nlm.nih.gov/geo/series/GSE6nnn/GSE6573/,Q2_broad_diabetes_kidney,False,disease wording not explicit; renal tissue wording not explicit,PENDING_HUMAN_REVIEW,
200067297,GSE67297,Cold acclimation improves insulin sensitivity in patients with type 2 diabetes mellitus.,"Background: The prevalence of type 2 diabetes has increased dramatically in recent decades. Increasing brown adipose tissue (BAT) mass and activity has recently emerged as an interesting approach to not only increase energy expenditure, but also improve glucose homeostasis. BAT can be recruited by prolonged cold exposure in lean, healthy humans. Here, we tested whether cold acclimation could have therapeutic value for patients with type 2 diabetes by improving insulin sensitivity. Methods: Eight type 2 diabetic patients (age 59.3±5.8 years, BMI 29.8±3.2 kg/m2) followed a cold acclimation protocol, consisting of intermittent cold exposure (6 hours/day, 14-14.5 °C) for 12 consecutive days. Before and after cold acclimation, cold-induced BAT activity was assessed by  [18F]FDG-PET/CT scanning, insulin sensitivity at thermoneutrality by a hyperinsulinemic-euglycemic clamp, and muscle and WAT biopsies were taken. Results: Cold-induced BAT activity was low, but increased in all patients upon cold acclimation (SUV from 0.40±0.29 to 0.63±0.78, p<0.05). Interestingly, insulin sensitivity showed a very pronounced 40% increase upon cold acclimation (glucose rate of disappearance from 14.9±4.1 to 20.5±6.9 μmol kg-1 min-1, p<0.05). A 40% increase in insulin sensitivity cannot be explained by BAT glucose uptake, in fact basal skeletal muscle GLUT4 content and translocation was markedly increased after cold acclimation, without effects on insulin signaling or AMPk activation. Conclusions: Regular mild cold exposure has marked effects on insulin sensitivity, which are accompanied by small increases in BAT activity and more pronounced effects on skeletal muscle. These data suggest a novel therapeutic option for the treatment of type 2 diabetes.",Homo sapiens,GSE,Expression profiling by array,11532,2015/07/05,14,26147760,PRJNA279454,ftp://ftp.ncbi.nlm.nih.gov/geo/series/GSE67nnn/GSE67297/,Q2_broad_diabetes_kidney,False,disease wording not explicit; renal tissue wording not explicit,PENDING_HUMAN_REVIEW,
200067740,GSE67740,Hepatocyte Nuclear Factor 1 coordinates multiple functions of intestinal epithelial cells,"Background and Aims: Hepatocyte nuclear factor 1 (HNF1) transcription factors direct tissue specific gene regulation in liver, pancreas and kidney and are associated with diabetes. Here we investigate the transcriptional network governed by HNF1 in an intestinal epithelial cell line.  Methods: Chromatin immunoprecipitation followed by direct sequencing (ChIP-seq) was used to identify HNF1 binding sites genome-wide. Direct targets of HNF1 were validated using conventional ChIP assays. siRNA-mediated depletion of HNF1 followed by RT-qPCR further confirmed target genes.  The effect of HNF1 reduction on glucose uptake was measured by fluorescence activated cell sorting (FACS) following treatment of intestinal epithelial cells with 2-[N-(7-nitrobenz-2-oxa-1,3-diazol-4-yl) amino]-2-deoxy-d-glucose (2-NBDG, a fluorescent glucose mimic). Results: HNF1 controls multiple pathways that are critical for intestinal epithelial cell function, including properties of the cell membrane, cellular response to hormones, and regulation of biosynthetic processes. Approximately 50% of HNF1 binding sites are also occupied by hepatocyte nuclear factor 4A (HNF4A), caudal type homeobox 2 (CDX2), and forkhead box A2 (FOXA2). Depletion of HNF1 increases FOXA2 abundance and decreases levels of CDX2. Moreover, loss of HNF1 inhibits glucose uptake by the intestinal epithelial cell line.  Conclusions: These data show that HNF1 plays a critical role in regulating intestinal epithelial cell functions including glucose absorption. HNF1 interacts with other tissue-specific transcription factors to regulate differentiated properties of these cells.",Homo sapiens,GSE,Genome binding/occupancy profiling by high throughput sequencing,11154,2016/10/09,4,26855178,PRJNA280810,ftp://ftp.ncbi.nlm.nih.gov/geo/series/GSE67nnn/GSE67740/,Q2_broad_diabetes_kidney,False,disease wording not explicit; renal tissue wording not explicit; not a bulk-expression GEO type,PENDING_HUMAN_REVIEW,
200068475,GSE68475,Characterizing the global changes in miRNA expression in human atrial appendages with persistent atrial fibrillation.,"Atrial fibrillation (AF), the most common cardiac rhythm disorder, is a major cause of cardiovascular morbidity and mortality. AF is characterized by the rapid and irregular activation of the atrium with diverse abnormalities, including electrical, structural, metabolic, neurohormonal, or molecular alterations.3 Although the pathophysiology of AF is complex, it has traditionally been treated with antiarrhythmic drugs that control the rhythm by altering cardiac electrical properties, principally by modulating ion channel function. However, treatments of AF with antiarrhythmic drugs have mostly failed to control the heart rhythm, because the electrical characteristics of atrial cardiomyocytes are eventually altered or remodeled during the course of AF. The aims of this study were to characterize the global changes in miRNA expression in human atrial appendages and to identify the target ion channel(s) responsible for electrical remodeling in AF. In this study, we performed a comprehensive analysis of miRNA microarrays, using a strict selection for human samples.",Homo sapiens,GSE,Non-coding RNA profiling by array,15018,2017/04/25,21,27180889,PRJNA283137,ftp://ftp.ncbi.nlm.nih.gov/geo/series/GSE68nnn/GSE68475/,Q2_broad_diabetes_kidney,False,disease wording not explicit; renal tissue wording not explicit; not a bulk-expression GEO type,PENDING_HUMAN_REVIEW,
200069438,GSE69438,Tissue Transcriptome Driven Identification of Epidermal Growth Factor as a Chronic Kidney Disease Biomarker,"We identified EGF as the top candidates predicting kidney function through an intrarenal transcriptome-driven approach, and demonstrated it is an independent risk predictor of CKD progression and can significantly improve prediction of renal outcome by established clinical parameters in diverse populations with CKD from a wide spectrum of causes and stages",Homo sapiens,GSE,Expression profiling by array,11670,2015/12/14,42,26631632;40059827,PRJNA285492,ftp://ftp.ncbi.nlm.nih.gov/geo/series/GSE69nnn/GSE69438/,Q1_disease_phrases;Q2_broad_diabetes_kidney,False,disease wording not explicit; renal tissue wording not explicit,PENDING_HUMAN_REVIEW,
200070380,GSE70380,Patient Derived Xenograft for Delivery of Precision Medicine in Castrate Resistant Prostate Cancer,"Developing animal models representating the cancer biology of advanced prostate cancer patients is challenging but essential for delivering individualized medical therapies. In an effort to develop patient derived xenograft (PDX) models, we took the metastatic site tissue from the rib lesion twice (ie, before and after enzalutamide treatment) over a twelve week period  and implanted subcutaneously and under the renal capsule in immuno-deficient mice.  To characterize and compare the genome and transcriptome landscapes of patient tumor tissues and the corresponding PDX models, we performed whole exome and transcriptome sequencing for metastatic tumor tissue as well as its derived PDXs. We demonstrated the feasibility of developping PDX models from patient who developed castrate-resistant prostate cancer. Our data  suggested PDX models preserve the patient’s genomic and transcriptomic alterations in high fidelity, as illustrated by somatic mutation, copy number variation, gene fusion and gene expression.",Homo sapiens,GSE,Expression profiling by high throughput sequencing,11154,2015/06/30,12,26695660,PRJNA288475,ftp://ftp.ncbi.nlm.nih.gov/geo/series/GSE70nnn/GSE70380/,Q2_broad_diabetes_kidney,False,disease wording not explicit; renal tissue wording not explicit,PENDING_HUMAN_REVIEW,
200070528,GSE70528,Gene expression annalysis of peripheral blood cells in patients with chronic kidney disease,"Genes related to sleep and wakefulness were evaluated by RNA microarray in patients, including CKD,HD patients and control subjects.",Homo sapiens,GSE,Expression profiling by array,570,2015/07/07,19,26388507,PRJNA288956,ftp://ftp.ncbi.nlm.nih.gov/geo/series/GSE70nnn/GSE70528/,Q2_broad_diabetes_kidney,False,disease wording not explicit; renal tissue wording not explicit,PENDING_HUMAN_REVIEW,
200070752,GSE70752,Preserved DNA Damage Checkpoint Pathway Protects From Complications in Long-standing Type 1 Diabetes,"Gene expression analyses of fibroblasts obtained from healthy controls, Medalist -C patients and Medalist +C patients. Type 1diabetes (T1D) is associated with late complications, mechanisms underscoring which are poorly understood. We report the derivation of induced pluripotent stem cells (iPSCs) from patients with longstanding T1D (disease duration ≥ 50years) with severe (designated Medalist +C) or absent to mild complications (designated Medalist -C). Disease modeling of iPSCs revealed impairment in growth, reprogramming and differentiation in Medalist +C. Further investigations using genomics and proteomics analyses suggested differential regulation of DNA damage checkpoint proteins favoring protection from cellular apoptosis in Medalist –C. In silico analyses revealed altered expression patterns of DNA damage checkpoint factors among the Medalist groups to be targets of miR200, whose expression was significantly elevated in Medalist +C serum. Notably, neurons differentiated from Medalist +C iPSCs showed enhanced susceptibility to genotoxic stress that worsened upon miR200 over-expression. Furthermore, knockdown of miR200 in Medalist +C fibroblasts and iPSCs rescued checkpoint protein expression and reduced DNA damage response. In summary, we report miR200 regulated DNA damage checkpoint pathway as a potential target for therapeutic intervention for treating complications of diabetes. Clinical Characteristics of 50 year Medalist Type 1 Diabetes (T1D) patients Medalist –C:  0/6 with CVD, 5/6 have DN Class 0-IIA, and 6/6 have no to mild NPDR. Medalist +C: 6/6 with CVD, 5/6 have DN Class IIB or IV, and 4/6 have PDR. CVD: cardiovascular disease; DN class: diabetic nephropathy class, PDR: proliferative diabetic retinopathy; NPDR: non proliferative diabetic retinopathy",Homo sapiens,GSE,Expression profiling by array,10904,2015/08/15,24,26244933,PRJNA289501,ftp://ftp.ncbi.nlm.nih.gov/geo/series/GSE70nnn/GSE70752/,Q1_disease_phrases,False,renal tissue wording not explicit,PENDING_HUMAN_REVIEW,
200007319,GSE7319,Affymetrix microarray analysis of the effects of nicotinamide on HEK293 cells ,"Sirtuin deacetylases and forkhead box class O (FOXO) transcription factors are central regulators of cell survival, cell cycle and cellular resistance to stress in response to signals from hormones, growth factors and oxidative stress. FOXO activity is modulated by the sirtuins, which function in a NAD+-dependent manner. Sirtuin activity, on the other hand is subject to inhibition by a natural compound nicotinamide (NAM). This study aims to investigate the effects of NAM on the sirtuin pathway and cellular homeostasis. It was hypothesized that NAM inhibits the sirtuin deacetylase activity, which then shifts FOXO-dependent responses away from stress resistance and towards apoptosis. Expression analysis using Affymetrix microarray was employed to determine differential gene expression in HEK293 cells in response to NAM treatment. Data analyses were performed using multiple algorithms, computational methods and interaction analyses. Significant changes in gene expression were detected with the generation of an expansive list of genes and interaction amongst gene groups were identified from the NAM treatment at different concentration. Substantial changes in expression profiles were detected for genes involved in a number of unique cellular pathways and functions, including cell cycle arrest, cellular proliferation and differentiation, metabolism, apoptotic signaling, inflammatory regulation and various disease conditions such as cancer. In addition, this study observed that sirtuin activities exhibit complex cell- and contextdependent behavior in modulating FOXO signaling. Contrasting roles of FOXOs and sirtuins appear to have opposite effects on cellular homeostasis. In addition, the coexistence of reciprocal regulations in this cell system suggested several levels of feedback control and illustrated the complexity of an existing fine-tuned regulatory network system between these two proteins. Future work aims to characterize putative regulators and effectors of sirtuin- and FOXO-related pathways using molecular approaches such and RNA interference knockdown of individual FOXO-isoforms. Inter-connectivity of the pathways will provide invaluable insight into current understanding of cell degeneration diseases such as diabetes, cancers and neurological disorders. Keywords: Serial concentration experiment ",Homo sapiens,GSE,Expression profiling by array,570,2018/12/31,9,,PRJNA98067,ftp://ftp.ncbi.nlm.nih.gov/geo/series/GSE7nnn/GSE7319/,Q2_broad_diabetes_kidney,False,disease wording not explicit; renal tissue wording not explicit,PENDING_HUMAN_REVIEW,
200074296,GSE74296,Hyperglycemia induced microRNAs in endothelial dysfunction,"Hyperglycemia is a hallmark in prediabetes and type 2 diabetes mellitus (T2DM) which increases risk of micro and macrovascular complications such as diabetic retinopathy, diabetic nephropathy (microvascular complications), and peripheral vascular disease, cerebrovascular disease and cardiovascular diseases (macrovascular complications). Endothelial cells are affected in both cases. In this study, we investigated the miRNA expression changes in HUVECs during different glucose treatment (5mM, 10mM, 25mM and 40mM glucose) at various time intervals (6, 12, 24 and 48hrs). The results of miRNA microarray showed there is a correlation between hyperglycemia induced endothelial dysfunction and miRNA expression. In silico prediction showed that the following pathways: Regulation of actin cytoskeleton, PI3K-Akt signaling pathway, Apoptosis, Neurotrophin signaling pathway, and Insulin signaling pathway, were dysregulated during hyperglycemia. Majority of the pathways are related to apoptosis. 10 miRNAs (miR-26a-5p, -26b-5p, 29b-3p, 29c-3p, 125b-1-3p, -130b-3p, - 140-5p, -221-3p, -192-5p, and -320a,) showed increased expression with increasing concentration of glucose treatment. miR-26a-5p, -29b-3p, - 140-5p, -221-3p, and -192-5p are involves in endothelial apoptosis. Our study revealed miRNAs (miR-29b-3p and – 192-5p) with known mRNA targets (BCL2 and MCL1) showed expression pattern inversely correlating with their respective target mRNAs. Therefore these miRNAs could involve in the endothelial dysfunction due to hyperglycemia.",Homo sapiens,GSE,Non-coding RNA profiling by array,21059,2016/05/23,24,27070575,PRJNA299778,ftp://ftp.ncbi.nlm.nih.gov/geo/series/GSE74nnn/GSE74296/,Q1_disease_phrases,False,renal tissue wording not explicit; not a bulk-expression GEO type,PENDING_HUMAN_REVIEW,
200075669,GSE75669,miRNAs Expression of Mexican Patients with Breast Cancer,miRNAs expression of tumor sample of mexican patients with breast cancer. Samples obtained from the Hospital San Jose Tec de Monterrey.,Homo sapiens,GSE,Non-coding RNA profiling by array,7731,2015/12/04,54,,PRJNA305036,ftp://ftp.ncbi.nlm.nih.gov/geo/series/GSE75nnn/GSE75669/,Q2_broad_diabetes_kidney,False,disease wording not explicit; renal tissue wording not explicit; not a bulk-expression GEO type,PENDING_HUMAN_REVIEW,
200075678,GSE75678,Gene Expression of Mexican Patients with Breast Cancer,Gene expression of tumor sample of mexican patients with breast cancer. Samples obtained from the Hospital San Jose Tec de Monterrey.,Homo sapiens,GSE,Expression profiling by array,4133,2015/12/04,54,29596496,PRJNA305047,ftp://ftp.ncbi.nlm.nih.gov/geo/series/GSE75nnn/GSE75678/,Q2_broad_diabetes_kidney,False,disease wording not explicit; renal tissue wording not explicit,PENDING_HUMAN_REVIEW,
200075685,GSE75685,Mexican Patients with Breast Cancer,This SuperSeries is composed of the SubSeries listed below.,Homo sapiens,GSE,Expression profiling by array; Non-coding RNA profiling by array,7731;4133,2015/12/04,108,29596496,PRJNA305045,ftp://ftp.ncbi.nlm.nih.gov/geo/series/GSE75nnn/GSE75685/,Q2_broad_diabetes_kidney,False,disease wording not explicit; renal tissue wording not explicit; not a bulk-expression GEO type,PENDING_HUMAN_REVIEW,
200077011,GSE77011,Mapping the human diabetic methylome,Using methyl CpG binding domain capture and deep sequencing (MBD-seq) we examined white blood cells isolated from individuals with or without diabetic complications and non-diabetic controls. Sample where obatined from the Finnish Diabetic Nephropathy Study (FinnDiane),Homo sapiens,GSE,Methylation profiling by high throughput sequencing,10999,2023/12/31,39,,PRJNA309278,ftp://ftp.ncbi.nlm.nih.gov/geo/series/GSE77nnn/GSE77011/,Q1_disease_phrases;Q2_broad_diabetes_kidney,False,renal tissue wording not explicit; not a bulk-expression GEO type,PENDING_HUMAN_REVIEW,
200077962,GSE77962,Adipose tissue gene expression is differentially regulated with different rates of weight loss in overweight and obese humans,"Background: Moderate weight loss can ameliorate adverse health effects associated with obesity, reflected by an improved adipose tissue (AT) gene expression profile. However, the effect of rate of weight loss on the AT transcriptome is unknown.  Objective: We investigated the global AT gene expression profile before and after two different rates of weight loss that resulted in similar total weight loss, and after a subsequent weight stabilization period.  Design: In this randomized controlled trial, 25 male and 28 female individuals (BMI: 28-35 kg/m2) followed either a low-calorie diet (LCD; 1250 kcal/d) for 12 weeks or a very-low-calorie diet (VLCD; 500 kcal/d) for 5 weeks (weight loss (WL) period) and a subsequent weight stable (WS) period of four weeks. The WL period and WS period together is termed dietary intervention (DI) period. Abdominal subcutaneous AT biopsies were collected for microarray analysis, and gene expression changes were calculated for all three periods in the LCD group, VLCD group and between diets (ΔVLCD-ΔLCD).  Results: Weight loss was similar between groups during the WL period (LCD: -8.1±0.5 kg, VLCD: -8.9±0.4 kg, difference p=0.25). Overall, more genes were significantly regulated and changes in gene expression were more extreme in the VLCD group compared to the LCD group. Gene sets related to mitochondrial function, adipogenesis and immunity/inflammation were more strongly upregulated on a VLCD compared to a LCD during the DI period (positive ΔVLCD-ΔLCD). Neuronal- and olfactory-related gene sets were decreased during the WL period and DI period in the VLCD group.  Conclusions: The rate of weight loss (LCD vs. VLCD), with similar total weight loss, strongly regulates AT gene expression. Increased mitochondrial function and adipogenesis on a VLCD compared to a LCD reflect potential beneficial diet-induced changes in AT, while differential neuronal and olfactory regulation suggest functions of these genes beyond the current paradigm.",Homo sapiens,GSE,Expression profiling by array,11532,2017/02/07,152,30380678;27840413;32015415,PRJNA312210,ftp://ftp.ncbi.nlm.nih.gov/geo/series/GSE77nnn/GSE77962/,Q2_broad_diabetes_kidney,False,disease wording not explicit; renal tissue wording not explicit,PENDING_HUMAN_REVIEW,
200083452,GSE83452,Expression data from liver of obese patients,"Non-alcoholic fatty liver disease (NAFLD) encompasses a spectrum of histological findings, from simple steatosis to steatohepatitis (NASH), the latter presenting a higher risk of cardiovascular and kidney diseases, type 2 diabetes and end-stage liver disease. NAFLD is seen as the hepatic manifestation of the metabolic syndrome and affects up to 70-80% of obese patients. There are currently no approved pharmacological therapies for NASH, thus the only option is lifestyle intervention or bariatric surgery in order to lose weight and to improve insulin resistance. Although surgical intervention has allowed collections of liver biopsies, transcriptomic data from livers are still scarce and especially follow-up data to evaluate the impact of weight loss intervention on the liver. Therefore we studied hepatic transcriptomic data in a large cohort of obese patients assessed for presence of NASH at baseline and 1 year follow-up. Patients visiting the obesity clinic of the Antwerp University Hospital for a problem of being overweight (BMI above 25 to 29.9 kg/m²) or obese (BMI above 30 kg/m²) were prospectively recruited and underwent a hepatic work-up. Patients were excluded from further analysis in case of significant alcohol consumption (>20 g/day), history of bariatric surgery, diagnosis of another liver disease, pre-existing diabetes. Patients who were, however, diagnosed with de novo diabetes at baseline or at follow-up were not excluded. If NAFLD was suspected, liver biopsy was proposed. For patients undergoing bariatric surgery (BS), a liver biopsy was proposed regardless of the criteria. Patients were reassessed after 1 year. Liver biopsy was performed percutaneously (16G Menghini) or peri-operatively (14G Tru-Cut). The different histological features of NAFLD were assessed using the NASH Clinical Research Network (NASH CRN) Scoring System. The presence of NASH was defined according to Chalasani et al. necessitating the combined presence of steatosis, ballooning and lobular inflammation.",Homo sapiens,GSE,Expression profiling by array,16686,2017/07/11,231,28679947,PRJNA325947,ftp://ftp.ncbi.nlm.nih.gov/geo/series/GSE83nnn/GSE83452/,Q2_broad_diabetes_kidney,False,disease wording not explicit; renal tissue wording not explicit,PENDING_HUMAN_REVIEW,
200084046,GSE84046,The impact of protein quantity during energy restriction on genome-wide gene expression analysis in human adipose tissue,"Overweight is a growing health problem worldwide. The most effective strategy to reduce weight is energy restriction (ER): restriction of food intake without malnutrition. ER has been shown to be beneficial in disease prevention, healthy aging, and inflammation. Recent studies suggest that reducing the protein content of a diet contributes to the beneficial effects by ER. The first objective of our study was to assess the effect of energy restriction on changes in gene expression in adipose tissue. Secondly, the changes in gene expression were compared between a high protein diet and a normal protein diet during energy restriction. In a parallel double-blinded study, overweight older subjects adhered to a 25% ER diet, either combined with high protein intake  (HP-ER, 1.7 g/kg per day), or with normal protein intake  (NP-ER, 0.9 g/kg per day) for 12 weeks. From 10 HP-ER subjects and 12 NP-ER subjects subcutaneous adipose tissue biopsies were collected before and after the diet. Adipose tissue was used to isolate total RNA and to evaluate whole genome gene expression changes upon a HP-ER and NP-ER diet. Upon 25% ER, clusters of gene sets in energy metabolism, such as lipid metabolism and PPARα targets, NRF2 targets, glucose metabolism, and TCA cycle, as well as gene sets in oxidative phosphorylation, adaptive immune response, immune cell infiltration, and cell cycle were decreased, and RNA translation and processing gene sets were increased. A different gene expression response between HP-ER and NP-ER was observed for 530 genes. Pathway analysis revealed that after NP-ER a downregulation in expression of genes involved in adaptive immune response was present. HP-ER resulted in an upregulation of pathways involved in cell cycle, GPCR signalling, olfactory signalling and nitrogen metabolism. Based on the gene expression changes, we concluded that HP seems to be less beneficial for ER’s effect on immune-related gene expression in adipose tissue.",Homo sapiens,GSE,Expression profiling by array,11532,2022/06/01,44,28337029,PRJNA327863,ftp://ftp.ncbi.nlm.nih.gov/geo/series/GSE84nnn/GSE84046/,Q2_broad_diabetes_kidney,False,disease wording not explicit; renal tissue wording not explicit,PENDING_HUMAN_REVIEW,
200084908,GSE84908,Tacrolimus in diabetic nephropathy,"Validation of predicted gene expression of human mesangial cells after 24h Tacrolimus stimulus Objective: To evaluate tacrolimus as therapeutic option for diabetic nephropathy (DN) based on molecular profile and network-based molecular model comparisons. Materials and Methods: We generated molecular models representing pathophysiological mechanisms of DN and tacrolimus mechanism of action (MoA) based on literature derived data and transcriptomics datasets. Shared enriched molecular pathways were identified based on both model datasets. A newly generated transcriptomics dataset studying the effect of tacrolimus on mesangial cells in vitro was added to identify mechanisms in DN pathophysiology. We searched for features in interference between the DN molecular model and the tacrolimus MoA molecular model already holding annotation evidence as diagnostic or prognostic biomarker in the context of DN. Results: Thirty nine molecular features were shared between the DN molecular model, holding 252 molecular features and the tacrolimus MoA molecular model, holding 209 molecular features, with six additional molecular features affected by tacrolimus in mesangial cells. Significantly affected molecular pathways by both molecular model sets included cytokine-cytokine receptor interactions, adherens junctions, TGF-beta signaling, MAPK signaling, and calcium signaling. Molecular features involved in inflammation and immune response contributing to DN progression were significantly downregulated by tacrolimus (e.g. the tumor necrosis factor alpha (TNF), interleukin 4, or interleukin 10). On the other hand, pro-fibrotic stimuli being detrimental to renal function were induced by tacrolimus like the transforming growth factor beta 1 (TGFB1), endothelin 1 (EDN1), or type IV collagen alpha 1 (COL4A1). Conclusion: Patients with DN and elevated TNF levels might benefit from tacrolimus treatment regarding maintaining GFR and reducing inflammation. TGFB1 and EDN1 are proposed as monitoring markers to assess degree of renal damage. Next to this stratification approach, the use of drug combinations consisting of tacrolimus in addition to ACE inhibitors, angiotensin receptor blockers, TGFB1- or EDN1-receptor antagonists might warrant further studies.",Homo sapiens,GSE,Expression profiling by array,16686,2016/08/01,8,28060893,PRJNA335614,ftp://ftp.ncbi.nlm.nih.gov/geo/series/GSE84nnn/GSE84908/,Q1_disease_phrases;Q2_broad_diabetes_kidney,False,renal tissue wording not explicit,PENDING_HUMAN_REVIEW,
200086884,GSE86884,Differentially Expressed Gene Transcripts Using RNA Sequencing from the Blood of Immunosuppressed Kidney Allograft Recipients,"We performed RNA sequencing (RNAseq) on peripheral blood mononuclear cells (PBMCs) to identify differentially expressed gene transcripts (DEGs) after kidney transplantation and after the start of immunosuppressive drugs. RNAseq is superior to microarray to determine DEGs because it’s not limited to available probes, has increased sensitivity, and detects alternative and previously unknown transcripts. DEGs were determined in adult kidney recipients, without clinical acute rejection (AR), treated with antibody induction, calcineurin inhibitor, mycophenolate, with and without steroids. Blood was obtained pre-transplant (baseline), week 1, months 3 and 6 post-transplant. PBMCs were isolated, RNA extracted and gene expression measured using RNAseq. Principal components (PCs) were computed using a surrogate variable approach. DEGs post-transplant were identified by controlling false discovery rate (FDR) at < 0.01 with at least a 2 fold change in expression from pre-transplant. The top 5 DEGs with higher levels of transcripts in blood at week 1 were TOMM40L, TMEM205, OLFM4, MMP8, and OSBPL9 compared to baseline. The top 5 DEGs with lower levels at week 1 post-transplant were IL7R, KLRC3, CD3E, CD3D, and KLRC2(Striking Image) compared to baseline. The top pathways from genes with lower levels at 1 week post-transplant compared to baseline, were T cell receptor signaling and iCOS-iCOSL signaling while the top pathways from genes with higher levels than baseline were axonal guidance signaling and LXR/RXR activation. Gene expression signatures at month 3 were similar to week 1. DEGs at 6 months post-transplant create a different gene signature than week 1 or month 3 post-transplant. RNAseq analysis identified more DEGs with lower than higher levels in blood compared to baseline at week 1 and month 3. The number of DEGs decreased with time post-transplant. Further investigations to determine the specific lymphocyte(s) responsible for differential gene expression may be important in selecting and personalizing immune suppressant drugs and may lead to targeted therapies.",Homo sapiens,GSE,Expression profiling by high throughput sequencing,11154,2016/09/13,96,25946140,PRJNA342822,ftp://ftp.ncbi.nlm.nih.gov/geo/series/GSE86nnn/GSE86884/,Q2_broad_diabetes_kidney,False,disease wording not explicit; renal tissue wording not explicit,PENDING_HUMAN_REVIEW,
200087382,GSE87382,Dietary medium-chain saturated fatty acids induce gene expression of energy metabolism-related pathways in adipose tissue of abdominally obese subjects,"High MC-SFA intake resulted in a downregulation of gene expression of pathways related to complement system and inflammation, and an upregulation of gene expression of pathways related to citric acid cycle, electron transport chain and lipid metabolism in adipose tissue. Based on our results, we hypothesize that the beneficial effects of MC-SFAs on prevention of fat accumulation may be mediated by increases in gene expression related to energy metabolism in the adipose tissue. Additionally, decreases in inflammation-related gene expression in the adipose may potentially have beneficial effects in relation to cardiometabolic diseases.",Homo sapiens,GSE,Expression profiling by array,11532,2017/09/28,24,28529330,PRJNA344580,ftp://ftp.ncbi.nlm.nih.gov/geo/series/GSE87nnn/GSE87382/,Q2_broad_diabetes_kidney,False,disease wording not explicit; renal tissue wording not explicit,PENDING_HUMAN_REVIEW,
200088794,GSE88794,Transcriptome as marker for nutrition-related health: added value of time course analyses during challenge tests before and after energy restriction,"Phenotypic flexibility is used as a measure for health and can be studied during nutritional challenge tests. Changes in gene expression are early markers and give insight into mechanisms. Energy restriction (ER) has a variety of beneficial health effects and can be used to investigate different health states to study postprandial changes during challenge tests. Objective: We aimed to determine the postprandial effects of a 20% ER diet on whole genome expression profiles of peripheral blood mononuclear cells (PBMCs). Materials and methods: 72 healthy, overweight men and women, aged 50-65, were subjected to an oral glucose tolerance test (OGTT) and a mixed meal test (MMT), before and after a 12 week intervention with either a 20% ER diet or a control diet. Total RNA from PBMCs was isolated at fasting, and at postprandially during the OGTT at 30, 60, and 120 min and during the MMT at 60, 120, 240, and 360 min. RNA of all time points was used to evaluate whole genome gene expression response using Affymetrix microarrays, resulting in a number of 1231 arrays. Results and conclusions: Upon 20% ER, gene sets involved in OXPHOS, cell adhesion, energy metabolism, immune system, cell cycle, and DNA replication were increased. Upon an OGTT, OXPHOS, cell adhesion, and DNA replication gene sets were decreased after ER. Also, some postprandial effects seem to happen in the control group, but at a later stage. We concluded that ER increased phenotypic flexibility by means on increased use of OXPHOS pathways, and that the response to an OGTT seemed faster upon ER than upon a control diet.",Homo sapiens,GSE,Expression profiling by array,11532,2019/07/23,1231,31238007,PRJNA348614,ftp://ftp.ncbi.nlm.nih.gov/geo/series/GSE88nnn/GSE88794/,Q2_broad_diabetes_kidney,False,disease wording not explicit; renal tissue wording not explicit,PENDING_HUMAN_REVIEW,
200092724,GSE92724,Dermal endothelial cells of type 2 diabetic patients,"The prevalence of type 2 diabetes mellitus (T2D) is increasing constantly and various risk factors such as obesity, aging, nutritional states and physical inactivity, in addition to genetic pre-dispositions in different populations has been identified. The consequences of high blood glucose include damaged blood vessels, leading to arteriosclerosis and chronic diabetic microangiopathies. These changes lead to occlusive angiopathy, altered vascular permeability, or tissue hypoxia, resulting in complications such as heart disease, strokes, kidney disease, blindness, impaired wound healing, chronic skin ulcers, or amputations. We isolated dermal endothelial cells from diabetic patients (Pat) and control individuals (Ctrl) and performed RNASeq to compare differentially expressed genes.",Homo sapiens,GSE,Expression profiling by high throughput sequencing,20301,2018/01/08,10,30651639,PRJNA358470,ftp://ftp.ncbi.nlm.nih.gov/geo/series/GSE92nnn/GSE92724/,Q2_broad_diabetes_kidney,False,disease wording not explicit; renal tissue wording not explicit,PENDING_HUMAN_REVIEW,
200096804,GSE96804,Exon Level Expression Profiling of Diabetic Nephropathy,Transcriptome comparison of glomeruli from kidneys with diabetic nephropathy (DN) and glomeruli from the unaffected portion of tumor nephrectomies. Transcritomics profile of glomeruli in DN patients explored SRGAP2 was strongly associated with proteinuria and involved in podocyte cytoskeleton organization,Homo sapiens,GSE,Expression profiling by array,17586,2018/07/31,61,29242313;30511699,PRJNA379772,ftp://ftp.ncbi.nlm.nih.gov/geo/series/GSE96nnn/GSE96804/,Q1_disease_phrases;Q2_broad_diabetes_kidney,True,priority human review,PENDING_HUMAN_REVIEW,
200009707,GSE9707,Affymetrix microarray analysis of the effects of isonicotinamide on HEK293 cells,"Sirtuin deacetylases and forkhead box class O (FOXO) transcription factors are central regulators of cell survival, cell cycle and cellular resistance to stress in response to signals from hormones, growth factors and oxidative stress. FOXO activity is modulated by the sirtuins, which function in a NAD+-dependent manner. Sirtuin activity, on the other hand is subject to inhibition by a natural compound nicotinamide (NAM). This study aims to investigate the effects of NAM on the sirtuin pathway and cellular homeostasis. It was hypothesized that NAM inhibits the sirtuin deacetylase activity, which then shifts FOXO-dependent responses away from stress resistance and towards apoptosis. Expression analysis using Affymetrix microarray was employed to determine differential gene expression in HEK293 cells in response to NAM treatment. Data analyses were performed using multiple algorithms, computational methods and interaction analyses. Significant changes in gene expression were detected with the generation of an expansive list of genes and interaction amongst gene groups were identified from the NAM treatment at different concentration. Substantial changes in expression profiles were detected for genes involved in a number of unique cellular pathways and functions, including cell cycle arrest, cellular proliferation and differentiation, metabolism, apoptotic signaling, inflammatory regulation and various disease conditions such as cancer. In addition, this study observed that sirtuin activities exhibit complex cell- and contextdependent behavior in modulating FOXO signaling. Contrasting roles of FOXOs and sirtuins appear to have opposite effects on cellular homeostasis. In addition, the coexistence of reciprocal regulations in this cell system suggested several levels of feedback control and illustrated the complexity of an existing fine-tuned regulatory network system between these two proteins. Future work aims to characterize putative regulators and effectors of sirtuin- and FOXO-related pathways using molecular approaches such and RNA interference knockdown of individual FOXO-isoforms. Inter-connectivity of the pathways will provide invaluable insight into current understanding of cell degeneration diseases such as diabetes, cancers and neurological disorders. Keywords: Serial concentration experiment ",Homo sapiens,GSE,Expression profiling by array,570,2018/12/31,9,,PRJNA103611,ftp://ftp.ncbi.nlm.nih.gov/geo/series/GSE9nnn/GSE9707/,Q2_broad_diabetes_kidney,False,disease wording not explicit; renal tissue wording not explicit,PENDING_HUMAN_REVIEW,
200097084,GSE97084,Enhanced Protein Translation Underlies Improved Metabolic and Physical Adaptations to Different Exercise Training Modes in Young and Old Humans,"The molecular transducers of benefits from different exercise modalities remain incompletely defined. Here we report that 12 weeks of high-intensity aerobic interval (HIIT), resistance (RT), and combined exercise training enhanced insulin sensitivity and lean mass, but only HIIT and combined training improved aerobic capacity and skeletal muscle mitochondrial respiration. HIIT revealed a more robust increase in gene transcripts than other exercise modalities, particularly in older adults, although little overlap with corresponding individual protein abundance was noted. HIIT reversed many age-related differences in the proteome, particularly of mitochondrial proteins in concert with increased mitochondrial protein synthesis. Both RT and HIIT enhanced proteins involved in translational machinery irrespective of age. Only small changes of methylation of DNA promoter regions were observed. We provide evidence for predominant exercise regulation at the translational level, enhancing translational capacity and proteome abundance to explain phenotypic gains in muscle mitochondrial function and hypertrophy in all ages.",Homo sapiens,GSE,Expression profiling by high throughput sequencing,11154,2017/03/28,103,28273480;35484130;37939659,PRJNA380649,ftp://ftp.ncbi.nlm.nih.gov/geo/series/GSE97nnn/GSE97084/,Q2_broad_diabetes_kidney,False,disease wording not explicit; renal tissue wording not explicit,PENDING_HUMAN_REVIEW,
200098603,GSE98603,Characterization of subcutaneous white adipose tissue gene expression profile in control and chronic kidney disease patients,"Many metabolic disturbances, such as protein-energy wasting, inulin resistance, and dyslipidemia are common features of chronic kidney disease (CKD). However, to date, the underlying mechanisms of these disturbances remain elusive. Many in vitro studies have demonstrated that white adipose cells exhibit dysfunctions in conditions that mimics uremic environment. In good agreement, several animal experiments have reported that chronic kidney disease was associated with lipoatrophy, adipose tissue dysfunction and ectopic lipid redistribution. The goal of this protocol was to collect and study structural and metabolic properties of white adipose tissue in CKD stage V patients to evidence adipose tissue dysfunction associated with CKD. The primary outcome measure was to study the cellularity of the adipose tissue (i.e. size of the adipose cells) and the secondary measure was to study the gene expression profile using microarray and metabolic properties of adipose tissue (i.e. lipogenesis). To this end, 11 male adult volunteers and 10 non-diabetic and non-dialyzed CKD stage V patients, matched for age, gender and body mass index (BMI) will be recruited at the Departments of Nephrology or Urology of Lyon University Hospital (Lyon, France). The biopsies of abdominal subcutaneous white adipose tissue (2-3 g) were  performed during elective urologic surgery (i.e. peritoneal dialysis catheter for CKD patients and radical prostatectomy for non CKD patients).",Homo sapiens,GSE,Expression profiling by array,13497,2023/05/01,18,,PRJNA385656,ftp://ftp.ncbi.nlm.nih.gov/geo/series/GSE98nnn/GSE98603/,Q2_broad_diabetes_kidney,False,disease wording not explicit; renal tissue wording not explicit,PENDING_HUMAN_REVIEW,
200099325,GSE99325,Transcriptome-based network analysis reveals renal cell type-specific dysregulation of hypoxia-associated transcripts [Tub-FE],"Accumulating evidence suggests that dysregulation of hypoxia-regulated transcriptional mechanisms is involved in development of chronic kidney diseases (CKD). However, it remains unclear how hypoxia-induced transcription factors (HIFs) and subsequent biological processes contribute to CKD development and progression. In our study, genome-wide expression profiles of more than 200 renal biopsies from patients with different CKD stages revealed significant correlation of HIF-target genes with eGFR in glomeruli and tubulointerstitium. These correlations were positive and negative and in part compartment-specific. Microarrays of proximal tubular cells and podocytes with stable HIF1α and/or HIF2α suppression displayed cell type-specific HIF1/HIF2-dependencies as well as dysregulation of several pathways. WGCNA analysis identified gene sets that were highly coregulated within modules. Characterization of the modules revealed common as well as cell group- and condition-specific pathways, GO-Terms and transcription factors. Gene expression analysis of the hypoxia-interconnected pathways in patients with different CKD stages revealed an increased dysregulation with loss of renal function. In conclusion, our data clearly point to a compartment- and cell type-specific dysregulation of hypoxia-associated gene transcripts and might help to improve the understanding of hypoxia, HIF dysregulation, and transcriptional program response in CKD.",Homo sapiens,GSE,Expression profiling by array,19109;19184,2017/08/12,175,28819298,PRJNA388161,ftp://ftp.ncbi.nlm.nih.gov/geo/series/GSE99nnn/GSE99325/,Q1_disease_phrases;Q2_broad_diabetes_kidney,False,disease wording not explicit,PENDING_HUMAN_REVIEW,
200099339,GSE99339,Transcriptome-based network analysis reveals renal cell type-specific dysregulation of hypoxia-associated transcripts [glomeruli],"Accumulating evidence suggests that dysregulation of hypoxia-regulated transcriptional mechanisms is involved in development of chronic kidney diseases (CKD). However, it remains unclear how hypoxia-induced transcription factors (HIFs) and subsequent biological processes contribute to CKD development and progression. In our study, genome-wide expression profiles of more than 200 renal biopsies from patients with different CKD stages revealed significant correlation of HIF-target genes with eGFR in glomeruli and tubulointerstitium. These correlations were positive and negative and in part compartment-specific. Microarrays of proximal tubular cells and podocytes with stable HIF1α and/or HIF2α suppression displayed cell type-specific HIF1/HIF2-dependencies as well as dysregulation of several pathways. WGCNA analysis identified gene sets that were highly coregulated within modules. Characterization of the modules revealed common as well as cell group- and condition-specific pathways, GO-Terms and transcription factors. Gene expression analysis of the hypoxia-interconnected pathways in patients with different CKD stages revealed an increased dysregulation with loss of renal function. In conclusion, our data clearly point to a compartment- and cell type-specific dysregulation of hypoxia-associated gene transcripts and might help to improve the understanding of hypoxia, HIF dysregulation, and transcriptional program response in CKD.",Homo sapiens,GSE,Expression profiling by array,19109;19184,2017/08/12,187,28819298,PRJNA388165,ftp://ftp.ncbi.nlm.nih.gov/geo/series/GSE99nnn/GSE99339/,Q1_disease_phrases;Q2_broad_diabetes_kidney,False,disease wording not explicit,PENDING_HUMAN_REVIEW,
200099340,GSE99340,Transcriptome-based network analysis reveals renal cell type-specific dysregulation of hypoxia-associated transcripts,This SuperSeries is composed of the SubSeries listed below.,Homo sapiens,GSE,Expression profiling by array,19184;19109,2017/08/12,413,28819298,PRJNA388155,ftp://ftp.ncbi.nlm.nih.gov/geo/series/GSE99nnn/GSE99340/,Q1_disease_phrases;Q2_broad_diabetes_kidney,False,disease wording not explicit; renal tissue wording not explicit,PENDING_HUMAN_REVIEW,
