gene_symbol,omitted_source,retained_sources,k,pooled_effect,tau2_reml,ci_low_modified_hk,ci_high_modified_hk,p_modified_hk,i2_percent
A2M,NONE,GSE96804;GSE30528;GSE104948_H7,3,0.7312100221432959,0.26371627203530745,-0.9912279675393746,2.4536480118259663,0.20929718229516953,59.40546270005485
ACAN,NONE,GSE96804;GSE30528;GSE104948_H7,3,0.3210242641927338,0.1311653901870757,-1.013647361804206,1.6556958901896732,0.4094480909829863,47.315381144270134
ACKR2,NONE,GSE96804;GSE30528;GSE104948_H7,2,-0.511350673946114,1.2988659129051867,-11.56774057884323,10.545039230951003,0.6617691775816391,85.74762642020728
ACKR3,NONE,GSE96804;GSE30528;GSE104948_H7,2,-0.0914821288910253,0.0,-4.053375956864502,3.8704116990824518,0.818318860404386,0.0
ACKR4,NONE,GSE96804;GSE30528;GSE104948_H7,1,,,,,,
ACTA1,NONE,GSE96804;GSE30528;GSE104948_H7,3,-0.44138216530761554,0.16434535719809343,-1.826336829728793,0.9435724991135619,0.30388350619694227,53.120043003949434
ACTA2,NONE,GSE96804;GSE30528;GSE104948_H7,3,1.4709100680165186,3.2323427030489666,-3.2436046583746183,6.1854247944076555,0.3115449991148086,90.184735498467
ACTB,NONE,GSE96804;GSE30528;GSE104948_H7,2,0.839404985525884,0.07650700802023282,-4.00569415098708,5.684504122038848,0.2714548220981537,26.267729425289225
ACTC1,NONE,GSE96804;GSE30528;GSE104948_H7,3,0.9913913392028812,1.7499271130404699,-2.489529229591427,4.47231190799719,0.3451381761258469,90.24290015356932
ACTG1,NONE,GSE96804;GSE30528;GSE104948_H7,2,-0.25809324698962893,0.8273681437403251,-9.088538049478176,8.572351555498917,0.7736264526892268,85.31244880871293
ACTG2,NONE,GSE96804;GSE30528;GSE104948_H7,3,0.33554549426944397,0.4932105434447577,-1.6997854807698694,2.370876469308757,0.5516590188821395,74.79779985255355
ACTN1,NONE,GSE96804;GSE30528;GSE104948_H7,3,2.333918724885324,1.2188083198014448,-0.7151673728583501,5.3830048226289975,0.0811310606349571,84.77194594864902
ADAM10,NONE,GSE96804;GSE30528;GSE104948_H7,3,1.290541296997943,0.019671291494080742,0.25128721919101826,2.329795374804868,0.03328966246770356,6.303048066431331
ADAM12,NONE,GSE96804;GSE30528;GSE104948_H7,3,1.8149262171914449,1.9929605525177534,-2.0094983401622155,5.639350774545106,0.17792233411896227,84.93829329863023
ADAM15,NONE,GSE96804;GSE30528;GSE104948_H7,3,1.2281662763358698,0.3028188566627188,-0.4781424293036569,2.934474981975397,0.09035451663906421,66.02837438757325
ADAM17,NONE,GSE96804;GSE30528;GSE104948_H7,3,0.46252925911376935,0.4355722863516446,-1.4453559884843377,2.3704145067118763,0.4064169282859547,76.1470814392059
ADAM19,NONE,GSE96804;GSE30528;GSE104948_H7,3,0.9770335304439677,0.0,0.044757352886289015,1.9093097080016463,0.04582674937326015,0.0
ADAM8,NONE,GSE96804;GSE30528;GSE104948_H7,3,0.959255257253224,0.6082254353579654,-1.25359765490627,3.1721081694127182,0.20315623795931043,77.73667352268266
ADAM9,NONE,GSE96804;GSE30528;GSE104948_H7,3,0.4250849607763439,0.3696517359745298,-1.3813310316497724,2.23150095320246,0.4178691436462269,70.6320540127032
ADAMTS1,NONE,GSE96804;GSE30528;GSE104948_H7,3,1.5424398624500018,2.7769566667290793,-2.82985001010867,5.914729735008674,0.2683515089522186,90.63416233505093
ADAMTS13,NONE,GSE96804;GSE30528;GSE104948_H7,3,0.3936603170942482,0.0,-0.4985423953526964,1.2858630295411928,0.19805599960633194,0.0
ADAMTS14,NONE,GSE96804;GSE30528;GSE104948_H7,1,,,,,,
ADAMTS16,NONE,GSE96804;GSE30528;GSE104948_H7,1,,,,,,
ADAMTS18,NONE,GSE96804;GSE30528;GSE104948_H7,1,,,,,,
ADAMTS2,NONE,GSE96804;GSE30528;GSE104948_H7,3,1.1964306376933154,0.0,0.24168486487607166,2.1511764105105593,0.03271876610763264,0.0
ADAMTS3,NONE,GSE96804;GSE30528;GSE104948_H7,3,0.8030928101908342,0.0,-0.11281600180112528,1.7190016221827937,0.06362669504231523,0.0
ADAMTS4,NONE,GSE96804;GSE30528;GSE104948_H7,1,,,,,,
ADAMTS5,NONE,GSE96804;GSE30528;GSE104948_H7,3,0.781022342716651,0.3945159650686372,-1.0685145572181964,2.6305592426514988,0.21086893813128507,72.36592097963972
ADAMTS8,NONE,GSE96804;GSE30528;GSE104948_H7,3,0.27504286003434436,0.06296737140975327,-0.8397237671936317,1.3898094872623206,0.39966715667593655,25.97570447507223
ADAMTS9,NONE,GSE96804;GSE30528;GSE104948_H7,2,-0.3772723900443884,0.0,-3.3360519387184113,2.5815071586296345,0.3520424155729932,0.0
ADRM1,NONE,GSE96804;GSE30528;GSE104948_H7,3,-0.21756859595432418,0.9851596056186582,-2.8772228403554356,2.4420856484467874,0.7584862047953168,87.18029410173537
AGRN,NONE,GSE96804;GSE30528;GSE104948_H7,2,0.3305205027485863,0.7457056924801279,-8.44231385862182,9.103354864118991,0.7157666869998572,78.21112656367336
AJUBA,NONE,GSE96804;GSE30528;GSE104948_H7,1,,,,,,
ANGPT1,NONE,GSE96804;GSE30528;GSE104948_H7,3,0.2435665018424273,0.0,-0.6427080195093765,1.129841023194231,0.35855306428567907,0.0
ANGPT2,NONE,GSE96804;GSE30528;GSE104948_H7,3,1.3654670037531125,0.1219841918887535,0.026091510214770297,2.7048424972914544,0.04824215284692293,40.46755122989617
ANGPT4,NONE,GSE96804;GSE30528;GSE104948_H7,3,0.04714783711519025,1.0014283899745138,-2.696443317245297,2.7907389914756777,0.9477879308572416,82.74048245948966
ANO5,NONE,GSE96804;GSE30528;GSE104948_H7,1,,,,,,
ANO6,NONE,GSE96804;GSE30528;GSE104948_H7,1,,,,,,
APOB,NONE,GSE96804;GSE30528;GSE104948_H7,3,-0.7236779206267736,0.45862754314085863,-2.763698720409076,1.3163428791555287,0.26646689006281515,70.1703352661336
APP,NONE,GSE96804;GSE30528;GSE104948_H7,3,0.20676987455364315,0.18586199140644916,-1.2346687624963053,1.6482085116035914,0.6000061471695224,55.36911616037455
ARHGEF18,NONE,GSE96804;GSE30528;GSE104948_H7,3,-1.2001627637049637,0.00540190039748163,-2.178386417653641,-0.22193910975628617,0.034062891406229444,0.0
ARNT,NONE,GSE96804;GSE30528;GSE104948_H7,3,-0.4189103556294653,0.6559741027755186,-2.683373797987612,1.8455530867286813,0.5095204534536117,79.86385189078759
ASPN,NONE,GSE96804;GSE30528;GSE104948_H7,3,1.4313711472004547,0.8058016336482666,-1.0972128062118107,3.95995510061272,0.13520754399905335,79.30779101746398
ATP1B1,NONE,GSE96804;GSE30528;GSE104948_H7,3,-0.014327239785389871,0.09722658954908163,-1.2281079628484484,1.1994534832776684,0.9641108049595111,39.63938796843495
ATP1B2,NONE,GSE96804;GSE30528;GSE104948_H7,3,-0.49444484005875217,0.03519944765123001,-1.5262453830051563,0.5373557028876519,0.17534003546802,12.961285921579272
ATP1B3,NONE,GSE96804;GSE30528;GSE104948_H7,3,0.7525244020683814,0.9008880908922102,-1.8819002728956025,3.3869490770323654,0.3440330018536271,81.13799819478174
ATP1B4,NONE,GSE96804;GSE30528;GSE104948_H7,3,-0.15030951322776395,0.0,-1.0366846794770104,0.7360656530214824,0.541497254172566,0.0
BAMBI,NONE,GSE96804;GSE30528;GSE104948_H7,3,-0.18537398807711716,0.9379811949638064,-2.8592883072062585,2.488540331052024,0.7936184704138322,81.68961524928167
BCAN,NONE,GSE96804;GSE30528;GSE104948_H7,3,0.004404111920470095,0.4369321124846382,-1.9562748364549225,1.9650830602958627,0.9931661881525696,71.84695683842611
BGN,NONE,GSE96804;GSE30528;GSE104948_H7,3,0.28518937847719034,3.5194704701126116,-4.561424937048456,5.131803694002836,0.8237757191110024,92.57307714517351
BMP1,NONE,GSE96804;GSE30528;GSE104948_H7,3,0.2976265671998438,0.33992328760568297,-1.4997487859531917,2.0950019203528796,0.5500768110932645,67.09046505337149
BMP10,NONE,GSE96804;GSE30528;GSE104948_H7,3,-0.15492415733593168,0.1110578518605756,-1.4863600522773361,1.1765117376054728,0.6662809120133851,44.84432307370202
BMP2,NONE,GSE96804;GSE30528;GSE104948_H7,3,0.018106924634827062,2.7662948838764447,-4.303509939585421,4.339723788855075,0.9872536908589569,91.61330571284788
BMP4,NONE,GSE96804;GSE30528;GSE104948_H7,3,0.18078696131785116,0.18210894223253069,-1.2484262451282007,1.610000167763903,0.6408302630904034,55.11215631242795
BMP7,NONE,GSE96804;GSE30528;GSE104948_H7,3,-1.0873048801007184,0.8000565438499171,-3.5848905763845007,1.4102808161830642,0.20192001153352113,80.42005365412047
BSG,NONE,GSE96804;GSE30528;GSE104948_H7,3,-0.3157061043735438,2.3054158753214535,-4.227711432025671,3.5962992232785833,0.7615520907958022,93.49937217725055
C1QA,NONE,GSE96804;GSE30528;GSE104948_H7,3,2.3191548535476825,1.371526419345591,-0.8855363908218679,5.523846097917232,0.08951077638175022,86.56634030513499
C1QB,NONE,GSE96804;GSE30528;GSE104948_H7,3,2.0347520376413555,1.5474547834360934,-1.3138233839497344,5.383327459232445,0.12043050815120729,88.97851781424386
C1QC,NONE,GSE96804;GSE30528;GSE104948_H7,1,,,,,,
C1R,NONE,GSE96804;GSE30528;GSE104948_H7,3,0.516273931468258,2.1918439933151803,-3.3759397839065235,4.40848764684304,0.6257675563869963,89.6274032138494
C1S,NONE,GSE96804;GSE30528;GSE104948_H7,3,0.8874221086383389,0.0,-0.03734500441375266,1.8121892216904305,0.053955078251078474,0.0
C2,NONE,GSE96804;GSE30528;GSE104948_H7,3,1.2202770197959145,0.5724066512420724,-0.950616552694767,3.391170592286596,0.1367480537577178,78.79835451627847
C3,NONE,GSE96804;GSE30528;GSE104948_H7,3,1.5926383664011274,0.3119958972216953,-0.18658063559620408,3.3718573683984587,0.061282589673415766,62.20034945633901
C3AR1,NONE,GSE96804;GSE30528;GSE104948_H7,3,1.6033235236796708,1.065723235378715,-1.2181432987476453,4.424790346106986,0.1343704337919766,84.90426659645314
C4A,NONE,GSE96804;GSE30528;GSE104948_H7,1,,,,,,
C4B,NONE,GSE96804;GSE30528;GSE104948_H7,1,,,,,,
C4BPA,NONE,GSE96804;GSE30528;GSE104948_H7,3,0.10586517932797618,0.0,-0.7807804849586772,0.9925108436146297,0.6585646929558252,0.0
C4BPB,NONE,GSE96804;GSE30528;GSE104948_H7,3,0.5503351967892208,0.2163590985531941,-0.962257367280052,2.0629277608584937,0.25795650319415364,58.719069113814115
C5,NONE,GSE96804;GSE30528;GSE104948_H7,3,-0.22408047473408021,0.0,-1.111512240035541,0.6633512905673805,0.39078876317850647,0.0
C5AR1,NONE,GSE96804;GSE30528;GSE104948_H7,3,-0.224920849947088,0.9001896642011704,-2.784077334893074,2.3342356349988984,0.7416800151975964,85.5892546370311
C5AR2,NONE,GSE96804;GSE30528;GSE104948_H7,3,-0.3753001432063411,0.0,-1.266910190216231,0.5163099038035488,0.21182772533600133,0.0
C6,NONE,GSE96804;GSE30528;GSE104948_H7,3,-0.1261732348696281,0.4927190478845771,-2.1951950271470158,1.9428485574077594,0.8175791749389343,72.74119319993902
C7,NONE,GSE96804;GSE30528;GSE104948_H7,3,1.1926016391797964,0.1383105817660339,-0.3320959322172201,2.717299210576813,0.07808722840958074,46.80091572815409
C8A,NONE,GSE96804;GSE30528;GSE104948_H7,3,0.22220329328036525,0.1285119780930701,-1.1677218106681524,1.612128397228883,0.5626079040832559,47.44995327142622
C8B,NONE,GSE96804;GSE30528;GSE104948_H7,3,-0.2539162305143179,0.0,-1.1408302451889734,0.6329977841603376,0.3431950291145188,0.0
C8G,NONE,GSE96804;GSE30528;GSE104948_H7,3,0.7735813345445907,0.0,-0.14404454101156638,1.6912072101007478,0.06830970204726647,0.0
C9,NONE,GSE96804;GSE30528;GSE104948_H7,3,-0.019836538415161118,0.0,-0.9022066250415,0.8625335482111778,0.9317625273909149,0.0
CA9,NONE,GSE96804;GSE30528;GSE104948_H7,3,-0.5294643619856885,0.0,-1.52962368952192,0.470694965550543,0.1504341980778146,18.879125308512183
CAPN1,NONE,GSE96804;GSE30528;GSE104948_H7,3,0.8725106416223619,2.0101185826595276,-2.822599507451444,4.567620790696168,0.4165528857084705,92.63537868978179
CAPN10,NONE,GSE96804;GSE30528;GSE104948_H7,3,0.06401605579429459,0.3326962476644931,-1.6628046080131045,1.7908367196016937,0.887922603047108,71.62486284488418
CAPN11,NONE,GSE96804;GSE30528;GSE104948_H7,3,-0.07051637703595645,0.13271411006101,-1.4572145867253419,1.316181832653429,0.8471051544033856,48.17097026109002
CAPN12,NONE,GSE96804;GSE30528;GSE104948_H7,1,,,,,,
CAPN13,NONE,GSE96804;GSE30528;GSE104948_H7,1,,,,,,
CAPN14,NONE,GSE96804;GSE30528;GSE104948_H7,1,,,,,,
CAPN15,NONE,GSE96804;GSE30528;GSE104948_H7,2,0.7099426357583213,0.26893160481684275,-5.520060667377623,6.939945938894266,0.38478169226867054,55.89434514062077
CAPN2,NONE,GSE96804;GSE30528;GSE104948_H7,3,-0.33697191007991895,0.0,-1.226194887257343,0.5522510670975049,0.24456742880856785,0.0
CAPN3,NONE,GSE96804;GSE30528;GSE104948_H7,3,-0.14132883257694018,1.0321699555476045,-2.9036354254927828,2.620977760338903,0.8461911374382955,84.25453815868951
CAPN5,NONE,GSE96804;GSE30528;GSE104948_H7,3,-0.03988936899605897,0.3430808696675962,-1.7859593928691082,1.7061806548769904,0.9306621608797127,72.33112892688814
CAPN6,NONE,GSE96804;GSE30528;GSE104948_H7,3,1.1284897821617907,1.3101401942589899,-1.9856833755903402,4.242662939913922,0.2593022709960378,84.29225792304631
CAPN7,NONE,GSE96804;GSE30528;GSE104948_H7,3,0.18886823207050032,0.0,-0.7777757573693603,1.155512221510361,0.4890178924229746,15.39415407551271
CAPN8,NONE,GSE96804;GSE30528;GSE104948_H7,1,,,,,,
CAPN9,NONE,GSE96804;GSE30528;GSE104948_H7,3,-0.6633439578996719,0.36809383669949414,-2.519152886027037,1.192464970227693,0.26390228202439175,68.06542795675767
CAPNS1,NONE,GSE96804;GSE30528;GSE104948_H7,3,-0.10353008013006183,0.9623456092393787,-2.757425226660421,2.5503650664002975,0.8821399688564039,85.11296224300739
CAPNS2,NONE,GSE96804;GSE30528;GSE104948_H7,1,,,,,,
CASK,NONE,GSE96804;GSE30528;GSE104948_H7,3,0.7218122120612791,0.0,-0.19107301697860402,1.6346974411011623,0.076603551392823,0.0
CASP3,NONE,GSE96804;GSE30528;GSE104948_H7,3,1.898320778273979,0.8087280371455565,-0.6975087791753753,4.494150335723333,0.08789223172249346,76.186625611037
CAST,NONE,GSE96804;GSE30528;GSE104948_H7,3,-0.5337832865603852,0.2701920616569602,-2.2525255533442192,1.184958980223449,0.3132101109067863,60.38984042410566
CAV1,NONE,GSE96804;GSE30528;GSE104948_H7,3,1.1676365374793638,1.8635294705507408,-2.4644346209773627,4.799707695936091,0.300771716819112,87.97299744945634
CBL,NONE,GSE96804;GSE30528;GSE104948_H7,3,-0.5480018413402604,0.053376858687206256,-1.641778014286365,0.5457743316058442,0.1638685570665559,24.426976314702973
CCL1,NONE,GSE96804;GSE30528;GSE104948_H7,3,-0.14572976203290586,1.8128924483423274,-3.7031740440678056,3.411714520001994,0.8763243024733343,88.74328188319922
CCL11,NONE,GSE96804;GSE30528;GSE104948_H7,3,0.9381722550172091,0.0,0.011535146656933892,1.8648093633774843,0.04886611865562099,0.0
CCL13,NONE,GSE96804;GSE30528;GSE104948_H7,3,0.8898889237077149,0.0,-0.03494350199259488,1.8147213494080248,0.05368696490270031,0.0
CCL16,NONE,GSE96804;GSE30528;GSE104948_H7,3,-0.03309148294534002,0.10204323561764145,-1.305607195010763,1.2394242291200832,0.9211286364980049,42.413117326166
CCL17,NONE,GSE96804;GSE30528;GSE104948_H7,3,0.2361431360326585,0.19554807309974148,-1.229603926511287,1.701890198576604,0.5598691283001349,56.79689077842153
CCL19,NONE,GSE96804;GSE30528;GSE104948_H7,3,1.1512777048551495,0.0,0.20001072619544713,2.102544683514852,0.0349561739239881,0.0
CCL2,NONE,GSE96804;GSE30528;GSE104948_H7,3,1.4666662007936246,0.7348411004015785,-1.046612752984733,3.9799451545719826,0.12869750924516496,73.81835148930575
CCL20,NONE,GSE96804;GSE30528;GSE104948_H7,3,0.5198454108178324,0.5765381485327058,-1.678094930075729,2.7177857517113937,0.4159193497249586,75.33862983379062
CCL21,NONE,GSE96804;GSE30528;GSE104948_H7,3,1.2646241368465403,0.0,0.3034587383778524,2.2257895353152284,0.029814869924595304,0.0
CCL22,NONE,GSE96804;GSE30528;GSE104948_H7,3,0.19673164489699946,0.49435609071335457,-1.8671196456045585,2.2605829353985576,0.7214642378076142,73.21662769069665
CCL25,NONE,GSE96804;GSE30528;GSE104948_H7,3,-0.11470419672069145,0.172214509164414,-1.5858973991974925,1.3564890057561096,0.7691957370735233,53.21116505013518
CCL27,NONE,GSE96804;GSE30528;GSE104948_H7,3,0.10807200159977398,0.11691681874587122,-1.2473734631698332,1.4635174663693813,0.7642583175427021,45.84927285708334
CCL28,NONE,GSE96804;GSE30528;GSE104948_H7,1,,,,,,
CCL3,NONE,GSE96804;GSE30528;GSE104948_H7,1,,,,,,
CCL3L1,NONE,GSE96804;GSE30528;GSE104948_H7,0,,,,,,
CCL4,NONE,GSE96804;GSE30528;GSE104948_H7,2,1.2437252783746624,1.2318666608407687,-9.667548589867323,12.15499914661665,0.38470353961283127,83.41898470226016
CCL5,NONE,GSE96804;GSE30528;GSE104948_H7,3,1.4330797161181654,3.1145203793660214,-3.121234010736918,5.987393442973248,0.3084666798930679,93.8122020897496
CCL7,NONE,GSE96804;GSE30528;GSE104948_H7,3,-0.11616939949573397,0.22336595861146694,-1.631356600596594,1.399017801605126,0.7728349004195796,60.578348776212145
CCNC,NONE,GSE96804;GSE30528;GSE104948_H7,3,0.6557998202035504,0.27199412744525275,-0.9672571886412944,2.2788568290483955,0.22425414719886486,64.16446884605595
CCNK,NONE,GSE96804;GSE30528;GSE104948_H7,3,0.4283907924625823,0.0,-0.46662838400167855,1.3234099689268433,0.1756526762839799,0.0
CCNT1,NONE,GSE96804;GSE30528;GSE104948_H7,3,-0.6328618695479968,0.15718769473707192,-2.006993295275679,0.7412695561796854,0.18602993676184407,51.279654965154975
CCNT2,NONE,GSE96804;GSE30528;GSE104948_H7,3,0.6513569352531303,1.3810745330523502,-2.437032271867968,3.7397461423742286,0.4599525855177267,90.782641384955
CCR1,NONE,GSE96804;GSE30528;GSE104948_H7,3,1.4725330000837513,2.969489036819419,-3.012254657919489,5.957320658086991,0.29326417444761343,92.47025786323728
CCR10,NONE,GSE96804;GSE30528;GSE104948_H7,3,0.8937014703532157,0.0,-0.030091405414292227,1.8174943461207236,0.05315544663577097,0.0
CCR2,NONE,GSE96804;GSE30528;GSE104948_H7,3,1.3360830740667053,0.35759430135593306,-0.5006200611147114,3.1727862092481223,0.08870687950984947,67.02890416492977
CCR3,NONE,GSE96804;GSE30528;GSE104948_H7,3,-0.17150912090330905,0.00424398893246768,-1.0773532539193758,0.7343350121127575,0.5008496973883316,0.0
CCR4,NONE,GSE96804;GSE30528;GSE104948_H7,3,-0.20296959923328728,1.458771859048779,-3.432657010962855,3.02671781249628,0.8122002644956624,86.73910848530936
CCR5,NONE,GSE96804;GSE30528;GSE104948_H7,3,1.4382196323695868,0.5688379922237715,-0.743167960167116,3.6196072249062894,0.10504515745087281,76.96411540205588
CCR6,NONE,GSE96804;GSE30528;GSE104948_H7,3,0.7162134758159935,0.1898128214576661,-0.748388857824795,2.180815809456782,0.17004996165807254,55.1120265108363
CCR7,NONE,GSE96804;GSE30528;GSE104948_H7,3,0.7311291094631354,0.25369111856133014,-0.960510243594846,2.422768462521117,0.20402499845829525,58.86425758068462
CCR8,NONE,GSE96804;GSE30528;GSE104948_H7,3,-0.1179943192515836,0.8719617408687375,-2.6939095798307786,2.457920941327611,0.8619699166587642,82.06525978726393
CCR9,NONE,GSE96804;GSE30528;GSE104948_H7,3,0.205471700459548,0.0,-0.682084032611136,1.093027433530232,0.424162867152742,0.0
CCRL2,NONE,GSE96804;GSE30528;GSE104948_H7,2,0.6814932361289371,1.2813728306760088,-10.325867632901698,11.688854105159571,0.5756536586628026,85.33351296067396
CD151,NONE,GSE96804;GSE30528;GSE104948_H7,3,-0.21958910473201615,1.013279250690067,-2.9607402138992156,2.5215620044351836,0.7632070358470495,83.98636378871774
CD177,NONE,GSE96804;GSE30528;GSE104948_H7,3,-0.9451477333988216,0.30001615867249054,-2.6799454838448975,0.7896500170472545,0.14375330398083483,63.600929036352404
CD19,NONE,GSE96804;GSE30528;GSE104948_H7,3,0.6260076904934134,0.0,-0.27732688842568876,1.5293422694125156,0.09647544189620498,0.0
CD2,NONE,GSE96804;GSE30528;GSE104948_H7,3,1.4114134399600924,0.6322471062547522,-0.8587934600517086,3.6816203399718934,0.11594338905276494,79.4441431779709
CD244,NONE,GSE96804;GSE30528;GSE104948_H7,3,1.18285564763947,1.8207303070726746,-2.424337599566353,4.7900488948452935,0.2937211104842223,87.40647760701036
CD44,NONE,GSE96804;GSE30528;GSE104948_H7,3,1.928109422294657,2.026745330525795,-1.9195823940987249,5.7758012386880395,0.16382347142823767,85.95471531629994
CD46,NONE,GSE96804;GSE30528;GSE104948_H7,3,-0.40722124562149953,0.16560307211474842,-1.8011939219651598,0.9867514307221606,0.33567890088173763,52.58637520132488
CD47,NONE,GSE96804;GSE30528;GSE104948_H7,3,-0.012779068271591983,0.0,-0.895011666460514,0.8694535299173299,0.9559733063961394,0.0
CD48,NONE,GSE96804;GSE30528;GSE104948_H7,3,2.1607037925691444,3.0457275750266573,-2.4275399946136664,6.748947579751955,0.1799825942522042,91.09222161135689
CD55,NONE,GSE96804;GSE30528;GSE104948_H7,3,0.15471310862828083,1.2695167300679366,-2.885583896727758,3.1950101139843192,0.8470009199366055,85.19364563234714
CD58,NONE,GSE96804;GSE30528;GSE104948_H7,3,1.4083864284645922,0.15895068223651104,-0.019749352849623758,2.836522209778808,0.051305262457162756,47.37165439924008
CD59,NONE,GSE96804;GSE30528;GSE104948_H7,2,0.46218259586360716,0.0,-3.536659840306567,4.461025032033781,0.38058077375165505,0.0
CD74,NONE,GSE96804;GSE30528;GSE104948_H7,3,0.43128170116558584,0.30063758805980156,-1.2464156957098742,2.108979098041046,0.3839346241333076,68.4820952464794
CD81,NONE,GSE96804;GSE30528;GSE104948_H7,3,-0.568434867364132,0.15029986037849932,-1.9757393773670757,0.8388696426388118,0.22435722141089132,49.834865922293424
CD84,NONE,GSE96804;GSE30528;GSE104948_H7,3,0.8521301885929171,0.0,-0.06739963530070425,1.7716600124865385,0.05752557642152442,0.0
CD99,NONE,GSE96804;GSE30528;GSE104948_H7,3,0.548838385959909,0.1853602159335764,-0.9870032533370082,2.084680025256826,0.2639857498438656,53.75268190565453
CD99L2,NONE,GSE96804;GSE30528;GSE104948_H7,1,,,,,,
CDH1,NONE,GSE96804;GSE30528;GSE104948_H7,3,0.2218201139274189,0.0,-0.6641773421898849,1.1078175700447228,0.3940547392431403,0.0
CDK8,NONE,GSE96804;GSE30528;GSE104948_H7,3,0.685194264775499,0.9242869875236218,-1.9352078582532712,3.305596387804269,0.3774310410500753,84.23988101120943
CDK9,NONE,GSE96804;GSE30528;GSE104948_H7,2,0.2508940552894924,0.06719046615370004,-4.376592209421075,4.87838032000006,0.6159637977247805,25.328924819898198
CDKN2B,NONE,GSE96804;GSE30528;GSE104948_H7,3,1.5692245463613983,2.1451328893532158,-2.3594504841955857,5.497899576918382,0.227826048602133,86.306041633861
CEACAM1,NONE,GSE96804;GSE30528;GSE104948_H7,3,-0.7450171692775166,0.0,-1.6588709478996528,0.16883660934461964,0.07254085356370131,0.0
CEACAM3,NONE,GSE96804;GSE30528;GSE104948_H7,3,-0.35341916564934306,0.0,-1.3272119173770345,0.6203735860783484,0.2587877630022302,15.886414169258911
CEACAM5,NONE,GSE96804;GSE30528;GSE104948_H7,3,-0.2422592439742181,0.13492397863227718,-1.5530850692841762,1.06856658133574,0.5098809847446335,47.45695257335951
CEACAM6,NONE,GSE96804;GSE30528;GSE104948_H7,3,-0.5166576348614133,0.5335733866178786,-2.6588889380401666,1.6255736683173403,0.4084093375374938,73.40119286997671
CEACAM8,NONE,GSE96804;GSE30528;GSE104948_H7,3,-0.011966749627198781,0.18524626328685762,-1.4417421157661459,1.4178086165117485,0.9745440720029802,56.62363008656611
CFB,NONE,GSE96804;GSE30528;GSE104948_H7,3,1.4229783197085688,0.4182977970493632,-0.5257942597007752,3.371750899117913,0.08812414267016015,71.38871684463491
CFD,NONE,GSE96804;GSE30528;GSE104948_H7,3,1.5414096589374249,2.588816420115641,-2.7018250473635805,5.78464436523843,0.25848218628401015,90.07859353370502
CFH,NONE,GSE96804;GSE30528;GSE104948_H7,3,0.6540109862641078,1.1682498696757144,-2.265410001581886,3.5734319741101013,0.4368039339181881,85.38917872715436
CFHR1,NONE,GSE96804;GSE30528;GSE104948_H7,1,,,,,,
CFHR2,NONE,GSE96804;GSE30528;GSE104948_H7,3,-0.08530840045106325,0.9360614745396209,-2.7539108685416402,2.5832940676395135,0.9031978932961034,81.8414585215259
CFHR3,NONE,GSE96804;GSE30528;GSE104948_H7,1,,,,,,
CFHR4,NONE,GSE96804;GSE30528;GSE104948_H7,2,0.8767990375328183,0.0,-2.195696285008469,3.9492943600741057,0.1713135098876174,0.0
CFHR5,NONE,GSE96804;GSE30528;GSE104948_H7,3,-0.36091175964508976,0.0,-1.2505634687644658,0.5287399494742862,0.22301599500886377,0.0
CFI,NONE,GSE96804;GSE30528;GSE104948_H7,3,0.5616935910253117,0.16023627325822912,-0.8262256190594995,1.9496128011101228,0.2237581455843256,50.92482154887055
CFP,NONE,GSE96804;GSE30528;GSE104948_H7,3,0.6286729886727372,2.311371698318593,-3.3364132964489306,4.593759273794405,0.5655241396344186,91.58129202172924
CGN,NONE,GSE96804;GSE30528;GSE104948_H7,1,,,,,,
CITED2,NONE,GSE96804;GSE30528;GSE104948_H7,3,-1.316610168528866,0.0,-2.2882767522552707,-0.34494358480246123,0.028182545275848157,0.0
CLU,NONE,GSE96804;GSE30528;GSE104948_H7,3,1.4178543641551486,0.4919005464829481,-0.6865752942332082,3.5222840225435057,0.10124561821677033,70.6733737783571
CMA1,NONE,GSE96804;GSE30528;GSE104948_H7,3,0.6003997259586002,0.0,-0.30124553615288274,1.5020449880700832,0.10328851524611574,0.0
COL10A1,NONE,GSE96804;GSE30528;GSE104948_H7,3,1.4101264125435558,0.0535239140266873,0.24933930758452516,2.5709135175025866,0.03470854574463075,20.43456911211468
COL11A1,NONE,GSE96804;GSE30528;GSE104948_H7,3,1.1332075371420807,0.5878258336308991,-1.100405507867721,3.3668205821518824,0.16073438126147774,74.5023804359083
COL11A2,NONE,GSE96804;GSE30528;GSE104948_H7,3,0.21388939337760346,1.1687152270927965,-2.6558482294427868,3.0836270161979935,0.7788534724672248,88.0901998697842
COL12A1,NONE,GSE96804;GSE30528;GSE104948_H7,1,,,,,,
COL13A1,NONE,GSE96804;GSE30528;GSE104948_H7,3,1.08280963516624,0.7097245219208279,-1.2527133551852316,3.4183326255177118,0.18420981391416086,81.19144391125276
COL14A1,NONE,GSE96804;GSE30528;GSE104948_H7,3,1.2962716126606277,0.0,0.32503529753973015,2.2675079277815255,0.02901080374758948,0.0
COL15A1,NONE,GSE96804;GSE30528;GSE104948_H7,3,1.9865958953574747,1.026688073240912,-0.9382821521111211,4.9114739428260705,0.09985937535763952,75.83650164944848
COL16A1,NONE,GSE96804;GSE30528;GSE104948_H7,3,1.874795132397507,0.0,0.8243250094698285,2.9252652553251854,0.016538946222364993,0.0
COL17A1,NONE,GSE96804;GSE30528;GSE104948_H7,2,-0.48173724959078335,0.2754713442934037,-6.698520220351485,5.735045721169918,0.5049395155215067,57.474521565532314
COL18A1,NONE,GSE96804;GSE30528;GSE104948_H7,3,0.30549911657979417,0.010360930436710714,-0.664561116155769,1.2755593493153574,0.30816443165376767,12.806915722006677
COL19A1,NONE,GSE96804;GSE30528;GSE104948_H7,3,-0.26633057754277817,0.0,-1.1554677497648294,0.6228065946792731,0.32642339222328526,0.0
COL1A1,NONE,GSE96804;GSE30528;GSE104948_H7,3,1.946103368722299,0.3025415880905459,0.1457555474553205,3.7464511899892776,0.04325129751170875,58.27489840285702
COL1A2,NONE,GSE96804;GSE30528;GSE104948_H7,3,2.0099921088626425,0.35709325730305647,0.10575856892716962,3.9142256487981153,0.045218766212271624,62.24471769635228
COL20A1,NONE,GSE96804;GSE30528;GSE104948_H7,1,,,,,,
COL21A1,NONE,GSE96804;GSE30528;GSE104948_H7,3,1.1923367995393594,0.8109775934669786,-1.3815690130439944,3.7662426121227135,0.1844371468096176,76.96955424227416
COL22A1,NONE,GSE96804;GSE30528;GSE104948_H7,1,,,,,,
COL23A1,NONE,GSE96804;GSE30528;GSE104948_H7,1,,,,,,
COL24A1,NONE,GSE96804;GSE30528;GSE104948_H7,1,,,,,,
COL25A1,NONE,GSE96804;GSE30528;GSE104948_H7,1,,,,,,
COL26A1,NONE,GSE96804;GSE30528;GSE104948_H7,0,,,,,,
COL27A1,NONE,GSE96804;GSE30528;GSE104948_H7,1,,,,,,
COL28A1,NONE,GSE96804;GSE30528;GSE104948_H7,1,,,,,,
COL2A1,NONE,GSE96804;GSE30528;GSE104948_H7,3,0.560418328192529,1.1400282695885497,-2.2818816430342896,3.4027182994193477,0.4855804916687331,87.53559278644278
COL3A1,NONE,GSE96804;GSE30528;GSE104948_H7,2,1.3045656867977542,0.48097348876861395,-6.3173960057592105,8.926527379354718,0.2743752506955079,66.63530210503893
COL4A1,NONE,GSE96804;GSE30528;GSE104948_H7,3,0.9695047691187919,0.40888872260990183,-1.0184529970372393,2.957462535274823,0.17075268296000798,66.7542627277875
COL4A2,NONE,GSE96804;GSE30528;GSE104948_H7,3,0.8741438653092894,1.140577467519532,-2.0291157946008536,3.777403525219433,0.3245232180390324,84.44602048165356
COL4A3,NONE,GSE96804;GSE30528;GSE104948_H7,3,-0.6152995096700675,0.0,-1.522007224762453,0.29140820542231793,0.10000990445603955,0.0
COL4A4,NONE,GSE96804;GSE30528;GSE104948_H7,3,-0.3904920863956749,0.27948299577537916,-2.110154864892147,1.3291706921007973,0.4315952966780126,61.71752066192069
COL4A5,NONE,GSE96804;GSE30528;GSE104948_H7,3,-1.0743361068609607,0.7512904244131114,-3.4856375351842943,1.336965321462373,0.19528067281006123,81.50417276050827
COL4A6,NONE,GSE96804;GSE30528;GSE104948_H7,3,0.3428488712048551,0.06522041327420292,-0.8367324225938729,1.5224301650035832,0.3375616475828763,34.25969308171673
COL5A1,NONE,GSE96804;GSE30528;GSE104948_H7,3,1.5283531090171767,0.6098709772478679,-0.7692671441293668,3.82597336216372,0.10347445297239566,73.40999411581201
COL5A2,NONE,GSE96804;GSE30528;GSE104948_H7,3,1.7864741014662733,1.268679423172173,-1.3707536466202104,4.943701849552757,0.13529998205133473,79.73523516611496
COL5A3,NONE,GSE96804;GSE30528;GSE104948_H7,3,0.7427514902436955,0.2002439658925272,-0.7327197981458199,2.2182227786332107,0.1626787986066961,57.80530417618546
COL6A1,NONE,GSE96804;GSE30528;GSE104948_H7,3,0.7150555138998891,0.15760314886720142,-0.7716553680474754,2.2017663958472538,0.17437524231620194,50.497613176598385
COL6A2,NONE,GSE96804;GSE30528;GSE104948_H7,3,1.4563025364679318,0.4138510113649725,-0.532144911090842,3.4447499840267057,0.08766515666494695,67.08792509501271
COL6A3,NONE,GSE96804;GSE30528;GSE104948_H7,3,1.6866521296771055,0.12004615569377036,0.29881134830651734,3.0744929110476935,0.03468120462973487,32.147497024883904
COL6A5,NONE,GSE96804;GSE30528;GSE104948_H7,1,,,,,,
COL6A6,NONE,GSE96804;GSE30528;GSE104948_H7,1,,,,,,
COL7A1,NONE,GSE96804;GSE30528;GSE104948_H7,3,1.2083539751490007,0.006066460280837914,0.04201469650699674,2.374693253791005,0.046819500488765084,30.637005150412637
COL8A1,NONE,GSE96804;GSE30528;GSE104948_H7,2,0.8041518147252953,0.39311372089307306,-5.718547913599959,7.32685154305055,0.3617000091952787,73.90973383166242
COL8A2,NONE,GSE96804;GSE30528;GSE104948_H7,3,0.9985308804563883,0.9447402868858625,-1.6456354314932038,3.6426971924059806,0.24569668190848137,85.62903212828644
COL9A1,NONE,GSE96804;GSE30528;GSE104948_H7,3,-0.05125768166781368,0.4578185965946485,-1.99427245752163,1.8917570941860027,0.919996347007835,77.97967379599694
COL9A2,NONE,GSE96804;GSE30528;GSE104948_H7,3,1.03413866994734,0.0,0.09500934082932755,1.9732679990653526,0.04177559580016232,0.0
COL9A3,NONE,GSE96804;GSE30528;GSE104948_H7,3,0.2997309681771508,0.6641372850867099,-1.9503015769010257,2.549763513255327,0.6243880689140944,83.45574316809804
COLEC10,NONE,GSE96804;GSE30528;GSE104948_H7,3,0.07376887475928803,0.48394566582610754,-1.9096992048097812,2.0572369543283573,0.8875636905288166,78.77295033600879
COLEC11,NONE,GSE96804;GSE30528;GSE104948_H7,3,-0.4525050945125659,0.7375386408794747,-2.804258564063395,1.8992483750382634,0.49479862636887567,84.21840479262164
COLGALT1,NONE,GSE96804;GSE30528;GSE104948_H7,2,2.123755672444649,2.6160412997907376,-13.283349529089959,17.530860873979258,0.3302705830243044,88.81837624892184
COLGALT2,NONE,GSE96804;GSE30528;GSE104948_H7,2,-0.45380085529362263,7.470471412217029,-25.48564652224436,24.578044811657115,0.8558687659731012,96.2387141606565
COMP,NONE,GSE96804;GSE30528;GSE104948_H7,3,1.5871177399990442,0.3777687092921793,-0.40585327357150547,3.5800887535695938,0.0756377576592913,62.71728926290869
CPB2,NONE,GSE96804;GSE30528;GSE104948_H7,3,-0.15404483647374603,0.6842598124716731,-2.485393861944051,2.1773041889965588,0.8029128823539523,78.92447336001662
CPN1,NONE,GSE96804;GSE30528;GSE104948_H7,3,-0.1722434447934038,1.4865889981641973,-3.429561011934511,3.085074122347703,0.8411617593755387,86.85290696375054
CPN2,NONE,GSE96804;GSE30528;GSE104948_H7,3,-0.35407887509687547,0.1454621490535584,-1.7681782502792793,1.0600205000855283,0.39400914625896105,49.68527072570406
CR1,NONE,GSE96804;GSE30528;GSE104948_H7,3,-1.1901384958852246,0.6959593330174033,-3.5967972109566704,1.2165202191862212,0.16717693608111547,75.86878831677382
CR2,NONE,GSE96804;GSE30528;GSE104948_H7,3,-0.5496091166519967,0.5802354760712841,-2.686924492331597,1.5877062590276037,0.3838132388351265,79.04103867808544
CREBBP,NONE,GSE96804;GSE30528;GSE104948_H7,3,0.07332637021657448,0.44628166751922493,-1.8544078952776701,2.001060635710819,0.8850403511423807,74.985625835801
CRP,NONE,GSE96804;GSE30528;GSE104948_H7,3,-0.452827560584977,1.0939354301737256,-3.301180355137176,2.3955252339672217,0.5645765572755893,83.90646734073891
CRTAP,NONE,GSE96804;GSE30528;GSE104948_H7,2,0.8133856537794617,1.006614622164859,-9.14062816141302,10.767399468971941,0.4880456133658293,81.94883436156105
CTRB1,NONE,GSE96804;GSE30528;GSE104948_H7,2,-0.10120569487503406,0.08430781126656442,-4.139423784798984,3.9370123950489155,0.8037368192783089,38.80397743165303
CTRB2,NONE,GSE96804;GSE30528;GSE104948_H7,3,-0.15682771978729132,0.9049682067571657,-2.755956983846823,2.44230154427224,0.8194410809801357,83.54397389315518
CTSB,NONE,GSE96804;GSE30528;GSE104948_H7,3,0.08092360564346168,0.22815256598280273,-1.443297417155538,1.6051446284424613,0.8405386067700812,62.455115536396846
CTSD,NONE,GSE96804;GSE30528;GSE104948_H7,3,-0.15263474547298475,1.2749660052588685,-3.1315701100791173,2.826300619133148,0.8459719600713589,90.55795733960949
CTSG,NONE,GSE96804;GSE30528;GSE104948_H7,3,0.87565337884398,0.38684839511322217,-1.0680237855211434,2.8193305432091034,0.19214996458368286,66.18502279605136
CTSK,NONE,GSE96804;GSE30528;GSE104948_H7,3,1.7596612457672909,0.5744770439178946,-0.5779813987410765,4.097303890275658,0.08355491850836484,67.99849972247195
CTSL,NONE,GSE96804;GSE30528;GSE104948_H7,2,0.14868899032947427,0.0,-3.819536715326886,4.116914695985835,0.7171208328889055,0.0
CTSS,NONE,GSE96804;GSE30528;GSE104948_H7,3,1.5242946511040647,3.148732174143146,-3.0933077489584213,6.14189705116655,0.29136952536303806,92.52252347778155
CTSV,NONE,GSE96804;GSE30528;GSE104948_H7,2,-2.1790308276049077,0.16855093137336744,-8.371643952845526,4.013582297635709,0.1400829524052172,35.12936101782048
CUL2,NONE,GSE96804;GSE30528;GSE104948_H7,3,-0.18432201688997446,0.3858815625120498,-2.076059682733901,1.707415648953952,0.7157845361594907,68.69349311082176
CX3CL1,NONE,GSE96804;GSE30528;GSE104948_H7,3,-0.9131968681923652,0.6903805552249679,-3.2105281937285817,1.3841344573438512,0.22933513559635166,82.63635204941664
CX3CR1,NONE,GSE96804;GSE30528;GSE104948_H7,3,1.789143608019077,4.08767794102826,-3.5014374543793503,7.079724670417504,0.2829018681297745,90.61907142685969
CXADR,NONE,GSE96804;GSE30528;GSE104948_H7,3,-1.634352083683445,1.7972103652518647,-5.219642632186738,1.950938464819848,0.18886463324084157,88.09325351091614
CXCL1,NONE,GSE96804;GSE30528;GSE104948_H7,3,1.1977304936741633,2.234900226776169,-2.7499009025518095,5.145361889900136,0.32171490849091866,89.63346836024596
CXCL10,NONE,GSE96804;GSE30528;GSE104948_H7,3,0.28087461733868463,0.0,-0.6064448377124809,1.1681940723898503,0.306321681865775,0.0
CXCL11,NONE,GSE96804;GSE30528;GSE104948_H7,3,0.2503043649357437,0.0,-0.6364756183591831,1.1370843482306705,0.34849991431796173,0.0
CXCL12,NONE,GSE96804;GSE30528;GSE104948_H7,3,0.08484010217131038,0.05975845933350179,-1.018518274989303,1.1881984793319236,0.7722095098670062,25.139247303170087
CXCL13,NONE,GSE96804;GSE30528;GSE104948_H7,3,-0.034407657558123535,0.320113877266183,-1.8269480093134114,1.7581326941971642,0.9417000545324,64.42975273271063
CXCL16,NONE,GSE96804;GSE30528;GSE104948_H7,1,,,,,,
CXCL2,NONE,GSE96804;GSE30528;GSE104948_H7,3,-0.117186492897701,0.43731711420255587,-2.041640849774518,1.8072678639791158,0.8178357315318777,73.82082663556632
CXCL3,NONE,GSE96804;GSE30528;GSE104948_H7,3,0.7923071675655524,0.9365065199244046,-1.8321034610832123,3.416717796214317,0.3235386808335608,86.25404841360748
CXCL5,NONE,GSE96804;GSE30528;GSE104948_H7,3,0.4261542673673823,0.13469705014273128,-0.893775991951042,1.7460845266858067,0.29924066546815753,46.45878184250669
CXCL6,NONE,GSE96804;GSE30528;GSE104948_H7,3,1.613886554253775,0.9448953156953773,-1.0693955882861303,4.297168696793681,0.12248194605846068,82.38663921460771
CXCL8,NONE,GSE96804;GSE30528;GSE104948_H7,2,0.42702297389777366,0.08728531238948252,-4.389435266862913,5.243481214658461,0.46216781831424886,30.315734859411496
CXCL9,NONE,GSE96804;GSE30528;GSE104948_H7,3,-0.02207080313555223,0.08519035070601005,-1.2003155327285104,1.1561739264574058,0.9431016345243791,32.99322291971946
CXCR1,NONE,GSE96804;GSE30528;GSE104948_H7,3,-1.093589099351438,2.036851924653876,-4.790243840521592,2.6030656418187164,0.33101478428514775,92.7635024852269
CXCR2,NONE,GSE96804;GSE30528;GSE104948_H7,3,-1.2944974155452451,2.426923511615329,-5.30856691031707,2.7195720792265794,0.2996510114611911,93.37636899404129
CXCR3,NONE,GSE96804;GSE30528;GSE104948_H7,3,0.9531630811722586,0.0,0.022120527197407647,1.8842056351471095,0.04786819488366766,0.0
CXCR4,NONE,GSE96804;GSE30528;GSE104948_H7,3,0.1723485641204919,1.2447173296995044,-2.7794162953602375,3.1241134236012216,0.8250956490023016,90.33829387050618
CXCR5,NONE,GSE96804;GSE30528;GSE104948_H7,3,-0.018368925421378145,0.7128098051623857,-2.4088033217537443,2.3720654709109876,0.9766272635300289,77.98069465390243
CXCR6,NONE,GSE96804;GSE30528;GSE104948_H7,3,1.2566331270881688,0.0,0.2929176804156589,2.2203485737606785,0.030331338870498385,0.0
DAG1,NONE,GSE96804;GSE30528;GSE104948_H7,3,-0.4339353286792347,0.0,-1.32948978932177,0.46161913196330073,0.17243420886359886,0.0
DCN,NONE,GSE96804;GSE30528;GSE104948_H7,3,-1.3360769390044656,0.06732324495819221,-2.712787055138133,0.04063317712920167,0.052846925732884784,38.60613080949431
DDR1,NONE,GSE96804;GSE30528;GSE104948_H7,3,0.3275107320378318,0.29940258003961895,-1.3447388836898082,1.999760347765472,0.4881204093619643,67.0820320787471
DDR2,NONE,GSE96804;GSE30528;GSE104948_H7,3,1.0391399959061607,0.0,0.10256751313171497,1.9757124786806064,0.04118760211850609,0.0
DMD,NONE,GSE96804;GSE30528;GSE104948_H7,3,-0.001195777124191537,0.8871438636049435,-2.554388210471034,2.5519966562226504,0.9985750896246252,84.7450347222675
DMP1,NONE,GSE96804;GSE30528;GSE104948_H7,3,0.1283260246623181,0.24241031594882875,-1.5124550876398102,1.7691071369644464,0.768513348856775,59.39798057739204
DOK2,NONE,GSE96804;GSE30528;GSE104948_H7,3,1.389932938323933,1.9541370786316492,-2.2785358910733784,5.058401767721245,0.24462270146791593,91.75939678902017
DRP2,NONE,GSE96804;GSE30528;GSE104948_H7,3,0.3226177823381299,0.42360516264543574,-1.6107638934100854,2.2559994580863454,0.5473147528319324,71.50394956116993
DSPP,NONE,GSE96804;GSE30528;GSE104948_H7,3,-0.004306026566627439,0.10325643190987073,-1.3505216031004352,1.3419095499671803,0.9902688800160176,44.56973119842267
DST,NONE,GSE96804;GSE30528;GSE104948_H7,2,-1.401244728417644,1.0371949242961287,-11.62653354147371,8.824044084638421,0.33187939838532793,79.94285831662495
DTNA,NONE,GSE96804;GSE30528;GSE104948_H7,3,-0.42857434926019944,0.5652548151540584,-2.5815961285153604,1.7244474299949617,0.48197495866551626,76.51107020850962
DTNB,NONE,GSE96804;GSE30528;GSE104948_H7,3,0.25009725452191817,0.11676811521087595,-1.0513026863960742,1.5514971954399106,0.4952608010050258,44.894081124607084
E2F4,NONE,GSE96804;GSE30528;GSE104948_H7,3,0.0419269644284389,0.7210769728582296,-2.341315554345163,2.425169483202041,0.9465527595513387,79.46377172632695
E2F5,NONE,GSE96804;GSE30528;GSE104948_H7,3,0.49625497114265754,0.0,-0.39936964678614767,1.3918795890714628,0.13993700664428077,0.0
EFEMP1,NONE,GSE96804;GSE30528;GSE104948_H7,3,-1.4310126035377333,2.2132180873575424,-5.419143802279556,2.5571185952040896,0.26260816855484925,86.3887935097166
EFEMP2,NONE,GSE96804;GSE30528;GSE104948_H7,3,-0.2707842705963814,1.635702956508759,-3.652783712404761,3.1112151712119984,0.763324306912299,88.74840494306844
EGLN1,NONE,GSE96804;GSE30528;GSE104948_H7,3,-0.5830019185293963,0.0469599749985005,-1.6697112184682874,0.5037073814094949,0.1473077380292943,24.97967752167813
EGLN2,NONE,GSE96804;GSE30528;GSE104948_H7,2,0.30922879855704827,0.0,-2.6448637743262706,3.263321371440367,0.41041658658451813,0.0
EGLN3,NONE,GSE96804;GSE30528;GSE104948_H7,3,0.5855202467425539,0.5087363088331119,-1.453446449074649,2.6244869425597566,0.3420579874419968,79.04196593863057
ELANE,NONE,GSE96804;GSE30528;GSE104948_H7,3,-0.3707928630462396,0.0,-1.2613627085793988,0.5197769824869196,0.21510173559978407,0.0
ELN,NONE,GSE96804;GSE30528;GSE104948_H7,3,1.5562711583725848,0.5471922270616124,-0.5761690361949177,3.6887113529400875,0.08820508392675001,75.713852293095
ELOB,NONE,GSE96804;GSE30528;GSE104948_H7,0,,,,,,
ELOC,NONE,GSE96804;GSE30528;GSE104948_H7,0,,,,,,
EMILIN1,NONE,GSE96804;GSE30528;GSE104948_H7,3,1.0624228851592856,0.3186576534320027,-0.7836981382284047,2.908543908546976,0.13164838308041404,61.77620888538461
EMILIN2,NONE,GSE96804;GSE30528;GSE104948_H7,2,0.008237324605803053,0.13799542036549128,-4.566561314792691,4.583035964004297,0.9854375511918848,50.732499591036564
EMILIN3,NONE,GSE96804;GSE30528;GSE104948_H7,1,,,,,,
EP300,NONE,GSE96804;GSE30528;GSE104948_H7,2,-0.46663552105943024,0.0,-4.46701283532264,3.533741793203779,0.37785924442802094,0.0
EPAS1,NONE,GSE96804;GSE30528;GSE104948_H7,3,-0.7634020299699632,0.0,-1.6760546793760058,0.14925061943607953,0.06927609303950678,0.0
EPCAM,NONE,GSE96804;GSE30528;GSE104948_H7,3,0.11351413235458666,0.0,-0.7710315837080115,0.9980598484171848,0.636301432484494,0.0
EPO,NONE,GSE96804;GSE30528;GSE104948_H7,3,0.10195187772396043,1.2190920980960933,-2.8708749101874713,3.074778665635392,0.8962242950349889,85.74556001625353
ESAM,NONE,GSE96804;GSE30528;GSE104948_H7,1,,,,,,
F10,NONE,GSE96804;GSE30528;GSE104948_H7,3,0.7409170193083596,0.0,-0.17081017352811179,1.652644212144831,0.07295541911216336,0.0
F11,NONE,GSE96804;GSE30528;GSE104948_H7,3,-0.8195809149422325,0.04953763363507875,-1.9148554452348354,0.2756936153503703,0.08443136396077283,16.03818581775005
F11R,NONE,GSE96804;GSE30528;GSE104948_H7,2,1.448393432020848,0.15612159405947482,-4.2395165470331735,7.136303411074869,0.19082852118606616,38.702903329361476
F12,NONE,GSE96804;GSE30528;GSE104948_H7,3,0.5652000201158673,0.606454569108213,-1.6572570139936362,2.787657054225371,0.38805548188566963,77.25349098876049
F13A1,NONE,GSE96804;GSE30528;GSE104948_H7,3,0.6709130241622508,0.3142426441357127,-1.0426184846605917,2.384444532985093,0.2340948121116128,66.74491913054885
F13B,NONE,GSE96804;GSE30528;GSE104948_H7,3,-0.2906356187977148,0.7441437125239583,-2.675497163194212,2.0942259255987823,0.6523544882483348,81.63154078788261
F2,NONE,GSE96804;GSE30528;GSE104948_H7,3,-0.06488479169695978,0.26927142814793026,-1.713000761560769,1.5832311781668496,0.8810722430038637,63.14508208747923
F2R,NONE,GSE96804;GSE30528;GSE104948_H7,3,-1.4316624917854786,1.1944770894098242,-4.484355667374685,1.6210306838037278,0.18109282360853204,80.46652516230013
F3,NONE,GSE96804;GSE30528;GSE104948_H7,3,-1.2371231629584374,0.31267638570609546,-3.087505260253735,0.6132589343368602,0.10258395838612562,60.58882896207
F5,NONE,GSE96804;GSE30528;GSE104948_H7,3,-1.1068072190981348,1.2347965396075022,-4.166809158834804,1.9531947206385338,0.2599220287894187,82.50919856070134
F7,NONE,GSE96804;GSE30528;GSE104948_H7,3,-0.058173596884620406,0.7274391924371525,-2.464832691611688,2.348485497842447,0.9266565401938418,78.5186073810097
F8,NONE,GSE96804;GSE30528;GSE104948_H7,3,-0.2885564643171242,0.0,-1.1781590982837367,0.6010461696494882,0.2975845863856674,0.0
F9,NONE,GSE96804;GSE30528;GSE104948_H7,3,-0.347277266405315,0.15336305284850338,-1.7104555852460608,1.0159010524354308,0.3873901964766751,50.56956418794908
FBLN1,NONE,GSE96804;GSE30528;GSE104948_H7,3,1.2979869364451955,0.18345356573600183,-0.27506669642304016,2.871040569313431,0.07099189596435629,50.254045681074864
FBLN2,NONE,GSE96804;GSE30528;GSE104948_H7,3,0.8871453925441037,0.04790214660898171,-0.3527139058552362,2.1270046909434437,0.09129001238330714,35.114035133615964
FBLN5,NONE,GSE96804;GSE30528;GSE104948_H7,3,1.1194080808386402,0.0,0.17373267536807935,2.065083486309201,0.03645585452593899,0.0
FBN1,NONE,GSE96804;GSE30528;GSE104948_H7,3,1.5183784915442862,1.5231562613127625,-1.8137043500966443,4.850461333185216,0.18896496063418017,85.91917553272252
FBN2,NONE,GSE96804;GSE30528;GSE104948_H7,3,1.3822660255440442,0.8924058193643083,-1.3102890193041197,4.074821070392208,0.15782537405609656,77.65736247075307
FBN3,NONE,GSE96804;GSE30528;GSE104948_H7,1,,,,,,
FCAMR,NONE,GSE96804;GSE30528;GSE104948_H7,1,,,,,,
FCER1G,NONE,GSE96804;GSE30528;GSE104948_H7,3,1.9064379123659583,3.032155868689005,-2.658805995233813,6.471681819965729,0.21420408630525173,91.44777415302943
FCN1,NONE,GSE96804;GSE30528;GSE104948_H7,3,1.1108836207119135,4.142738704563868,-4.124958933412621,6.346726174836448,0.45766600751393527,94.27636390213203
FCN2,NONE,GSE96804;GSE30528;GSE104948_H7,3,0.20485934187656213,0.0,-0.6795501498751157,1.08926883362824,0.4239448506519386,0.0
FCN3,NONE,GSE96804;GSE30528;GSE104948_H7,3,-0.5209535580771736,0.0,-1.4182446127561348,0.3763374966017877,0.12977604074494192,0.0
FGA,NONE,GSE96804;GSE30528;GSE104948_H7,3,0.008246120275643887,0.0,-0.8770498911615374,0.8935421317128251,0.9716725073323702,0.0
FGB,NONE,GSE96804;GSE30528;GSE104948_H7,3,0.2817242366067107,0.0,-0.6057181892673111,1.1691666624807324,0.30528523613414715,0.0
FGF2,NONE,GSE96804;GSE30528;GSE104948_H7,3,1.0629664689348142,0.0,0.12221528160698436,2.003717656262644,0.03980067026884433,0.0
FGG,NONE,GSE96804;GSE30528;GSE104948_H7,3,0.5948976915652114,0.08465731471481376,-0.6000798389686778,1.7898752220991008,0.16547937346315916,30.30424100695493
FKBP1A,NONE,GSE96804;GSE30528;GSE104948_H7,3,0.4475380174694619,0.0,-0.44619349483751497,1.3412695297764388,0.16400223440414932,0.0
FMOD,NONE,GSE96804;GSE30528;GSE104948_H7,3,1.9215300969509437,0.6670185836359996,-0.4423372450585592,4.285397438960446,0.07291958666293986,77.80161567698586
FN1,NONE,GSE96804;GSE30528;GSE104948_H7,3,2.682729657708376,7.13137924095965,-4.257500546037188,9.62295986145394,0.23817604333255546,92.22087424315278
FURIN,NONE,GSE96804;GSE30528;GSE104948_H7,3,-0.08366352365676936,0.0,-0.969090785897965,0.8017637385844264,0.7237121370792228,0.0
FYN,NONE,GSE96804;GSE30528;GSE104948_H7,3,-1.1909078828231041,1.1440799049093582,-4.075250354664242,1.693434589018033,0.21763086214840438,87.79463081310284
GAS6,NONE,GSE96804;GSE30528;GSE104948_H7,3,-1.1121877856258238,0.8915957512101371,-3.674722622244812,1.4503470509931644,0.20280365912225384,85.38021611498601
GDF5,NONE,GSE96804;GSE30528;GSE104948_H7,3,0.17036754715435395,0.6611418436891451,-2.1051252646206247,2.4458603589293326,0.7779002919429533,79.81357524232186
GLG1,NONE,GSE96804;GSE30528;GSE104948_H7,3,0.3274424855460097,1.8486132231900492,-3.2639771909725996,3.918862162064619,0.7327034161781358,88.99654616651877
GP1BA,NONE,GSE96804;GSE30528;GSE104948_H7,3,-0.091870040463705,0.17548722837209163,-1.5009949940477987,1.3172549131203888,0.8054345159584557,54.690116438194934
GP1BB,NONE,GSE96804;GSE30528;GSE104948_H7,1,,,,,,
GP5,NONE,GSE96804;GSE30528;GSE104948_H7,3,-0.3087249044591335,0.0,-1.2285445323210868,0.6110947234028199,0.2855323277856328,6.165320955741895
GP6,NONE,GSE96804;GSE30528;GSE104948_H7,3,0.03749527407741487,0.0,-0.8462450878482491,0.9212356360030788,0.8719779765859205,0.0
GP9,NONE,GSE96804;GSE30528;GSE104948_H7,3,0.08870782878868892,0.22663223510575153,-1.5290168966302782,1.706432554207656,0.8354426129856611,57.87388740804693
GPC1,NONE,GSE96804;GSE30528;GSE104948_H7,3,1.0761387536156766,0.1346125680335926,-0.28347624342153965,2.435753750652893,0.0764644819025173,43.43360957260114
GPC2,NONE,GSE96804;GSE30528;GSE104948_H7,1,,,,,,
GPC3,NONE,GSE96804;GSE30528;GSE104948_H7,3,0.46281094560867947,0.26952474766749074,-1.1809292005570906,2.1065510917744494,0.349434499763995,63.040684741662076
GPC4,NONE,GSE96804;GSE30528;GSE104948_H7,3,0.213722684403227,0.053731807496647715,-0.8734970424505406,1.3009424112569945,0.4867204403567916,20.54806524920436
GPC5,NONE,GSE96804;GSE30528;GSE104948_H7,3,-0.4701683785764964,0.05748459519932766,-1.633938556476528,0.6936017993235354,0.2242906572903301,32.26299636287095
GPC6,NONE,GSE96804;GSE30528;GSE104948_H7,1,,,,,,
GRB14,NONE,GSE96804;GSE30528;GSE104948_H7,3,0.2973888748400694,0.11987832234169382,-0.9804151968596942,1.575192946539833,0.42212085625303464,43.18066055670338
GRB2,NONE,GSE96804;GSE30528;GSE104948_H7,3,-0.02150535312387585,3.548124227222965,-4.823728171542658,4.780717465294906,0.9863766076921132,95.34321872049615
GRB7,NONE,GSE96804;GSE30528;GSE104948_H7,3,0.30297521394250176,1.081289476594211,-2.474255104107868,3.080205531992872,0.684990781865938,88.71083060986157
GYPA,NONE,GSE96804;GSE30528;GSE104948_H7,3,-0.939418838019509,0.6936388970575464,-3.257326125303992,1.3784884492649743,0.22331233973625114,80.44511625119148
GYPB,NONE,GSE96804;GSE30528;GSE104948_H7,3,-0.19922442908595167,0.4085040722138885,-2.095928369927366,1.6974795117554624,0.6955968993748216,71.487950025797
GYPC,NONE,GSE96804;GSE30528;GSE104948_H7,3,1.1491789527554743,0.5776247933584132,-1.023946988342807,3.3223048938537554,0.15068732829047135,79.03299519985377
GZMM,NONE,GSE96804;GSE30528;GSE104948_H7,3,0.7691317935673369,0.5972221688895057,-1.3939563492371816,2.9322199363718555,0.26567490825147644,80.75208695648931
HAPLN1,NONE,GSE96804;GSE30528;GSE104948_H7,3,0.2329324958204377,1.6768888820070451,-3.2041715854157498,3.670036577056625,0.7980620033937226,88.06579744204606
HDAC1,NONE,GSE96804;GSE30528;GSE104948_H7,3,-0.662042258744659,2.150594995865031,-4.532999946293327,3.2089154288040085,0.5384087172653649,88.87106395518366
HIF1A,NONE,GSE96804;GSE30528;GSE104948_H7,3,0.8994232360668176,0.0,-0.02518356907117003,1.8240300412048054,0.052618909743581646,0.0
HIF1AN,NONE,GSE96804;GSE30528;GSE104948_H7,3,0.3517743720396984,0.10646498230629187,-0.8927050330435733,1.5962537771229701,0.3479613104709221,38.93050582519454
HIF3A,NONE,GSE96804;GSE30528;GSE104948_H7,3,-0.2514045350362,1.3260991948500205,-3.338056112103894,2.8352470420314937,0.7594718303299303,86.613844605416
HIGD1A,NONE,GSE96804;GSE30528;GSE104948_H7,3,-0.07387200097228853,0.020284479631004736,-1.059461311529687,0.9117173095851098,0.7776704788288722,14.571476053062005
HRAS,NONE,GSE96804;GSE30528;GSE104948_H7,3,-0.3349558556837108,0.5450922117476585,-2.4138090739848863,1.7438973626174645,0.5598303514718994,79.79285631928961
HSPG2,NONE,GSE96804;GSE30528;GSE104948_H7,3,1.3890523178102674,1.650075645048148,-2.0612743693131343,4.839379004933669,0.22537903631448078,86.60083729780177
HTRA1,NONE,GSE96804;GSE30528;GSE104948_H7,3,-1.5064540733931935,0.28306999982164094,-3.354513372071796,0.34160522528540893,0.07255565782085496,57.054128701478525
IBSP,NONE,GSE96804;GSE30528;GSE104948_H7,3,0.19931511829634396,0.027405313632760036,-0.9058842482996838,1.3045144848923718,0.5189684643107249,28.788195180122116
ICAM1,NONE,GSE96804;GSE30528;GSE104948_H7,3,0.3553623070576053,0.45293079376182754,-1.617391037542492,2.3281156516577024,0.5193949377091813,73.30378023114712
ICAM2,NONE,GSE96804;GSE30528;GSE104948_H7,3,0.21245262395450853,0.6361250804213634,-2.0444491311028874,2.469354379011904,0.7246707985848435,78.38049455429426
ICAM3,NONE,GSE96804;GSE30528;GSE104948_H7,3,0.4744739457638937,2.988774372097489,-3.960787857162754,4.909735748690541,0.6905075095028386,94.76070012789555
ICAM4,NONE,GSE96804;GSE30528;GSE104948_H7,3,-0.26593911414439375,0.22732257685727464,-1.8332905080555144,1.3014122797667267,0.5412913220201523,59.35051806970129
ICAM5,NONE,GSE96804;GSE30528;GSE104948_H7,3,-0.23335000625569133,0.13413421376130544,-1.5737844287647245,1.107084416253342,0.5319524213690265,47.90197631816234
IGHA1,NONE,GSE96804;GSE30528;GSE104948_H7,2,0.9016415020512377,0.0,-2.178562591492806,3.9818455955952814,0.16720884694914,0.0
IGHA2,NONE,GSE96804;GSE30528;GSE104948_H7,0,,,,,,
IGHG1,NONE,GSE96804;GSE30528;GSE104948_H7,1,,,,,,
IGHG2,NONE,GSE96804;GSE30528;GSE104948_H7,0,,,,,,
IGHG3,NONE,GSE96804;GSE30528;GSE104948_H7,0,,,,,,
IGHG4,NONE,GSE96804;GSE30528;GSE104948_H7,1,,,,,,
IGHM,NONE,GSE96804;GSE30528;GSE104948_H7,3,0.7830608364889003,0.23336965114560432,-0.7805848701274779,2.3467065431052787,0.16398236320358542,59.61255341889641
IGHV1-2,NONE,GSE96804;GSE30528;GSE104948_H7,1,,,,,,
IGHV1-46,NONE,GSE96804;GSE30528;GSE104948_H7,2,0.2642461901018744,0.08112486974975315,-3.771348570720233,4.299840950923982,0.5582216871885146,37.06506491016335
IGHV1-69,NONE,GSE96804;GSE30528;GSE104948_H7,1,,,,,,
IGHV2-5,NONE,GSE96804;GSE30528;GSE104948_H7,1,,,,,,
IGHV2-70,NONE,GSE96804;GSE30528;GSE104948_H7,1,,,,,,
IGHV3-11,NONE,GSE96804;GSE30528;GSE104948_H7,1,,,,,,
IGHV3-13,NONE,GSE96804;GSE30528;GSE104948_H7,1,,,,,,
IGHV3-23,NONE,GSE96804;GSE30528;GSE104948_H7,2,0.6771316592404735,0.0,-2.360399996769247,3.7146633152501938,0.21605997836791965,0.0
IGHV3-30,NONE,GSE96804;GSE30528;GSE104948_H7,1,,,,,,
IGHV3-33,NONE,GSE96804;GSE30528;GSE104948_H7,1,,,,,,
IGHV3-48,NONE,GSE96804;GSE30528;GSE104948_H7,1,,,,,,
IGHV3-53,NONE,GSE96804;GSE30528;GSE104948_H7,1,,,,,,
IGHV3-7,NONE,GSE96804;GSE30528;GSE104948_H7,2,0.7316591203885253,0.1280343090365441,-3.8508292855305672,5.314147526307618,0.291551390934738,45.527114948398506
IGHV3-9,NONE,GSE96804;GSE30528;GSE104948_H7,1,,,,,,
IGHV4-34,NONE,GSE96804;GSE30528;GSE104948_H7,2,0.040515620119481385,0.7723142359946131,-8.535273721024277,8.616304961263241,0.9618298816941443,84.34121085140444
IGHV4-39,NONE,GSE96804;GSE30528;GSE104948_H7,1,,,,,,
IGHV4-59,NONE,GSE96804;GSE30528;GSE104948_H7,1,,,,,,
IGHV7-81,NONE,GSE96804;GSE30528;GSE104948_H7,1,,,,,,
IGKC,NONE,GSE96804;GSE30528;GSE104948_H7,2,1.0409217247598876,0.0,-3.16498292615063,5.246826375670405,0.19600669262501477,0.0
IGKV1-12,NONE,GSE96804;GSE30528;GSE104948_H7,0,,,,,,
IGKV1-16,NONE,GSE96804;GSE30528;GSE104948_H7,0,,,,,,
IGKV1-17,NONE,GSE96804;GSE30528;GSE104948_H7,2,0.8377541415895775,0.0,-2.221968625167359,3.8974769083465146,0.178187260919139,0.0
IGKV1-33,NONE,GSE96804;GSE30528;GSE104948_H7,0,,,,,,
IGKV1-39,NONE,GSE96804;GSE30528;GSE104948_H7,0,,,,,,
IGKV1-5,NONE,GSE96804;GSE30528;GSE104948_H7,1,,,,,,
IGKV1D-12,NONE,GSE96804;GSE30528;GSE104948_H7,1,,,,,,
IGKV1D-16,NONE,GSE96804;GSE30528;GSE104948_H7,1,,,,,,
IGKV1D-33,NONE,GSE96804;GSE30528;GSE104948_H7,1,,,,,,
IGKV1D-39,NONE,GSE96804;GSE30528;GSE104948_H7,1,,,,,,
IGKV2-28,NONE,GSE96804;GSE30528;GSE104948_H7,1,,,,,,
IGKV2-29,NONE,GSE96804;GSE30528;GSE104948_H7,1,,,,,,
IGKV2-30,NONE,GSE96804;GSE30528;GSE104948_H7,0,,,,,,
IGKV2D-28,NONE,GSE96804;GSE30528;GSE104948_H7,1,,,,,,
IGKV2D-30,NONE,GSE96804;GSE30528;GSE104948_H7,1,,,,,,
IGKV2D-40,NONE,GSE96804;GSE30528;GSE104948_H7,1,,,,,,
IGKV3-11,NONE,GSE96804;GSE30528;GSE104948_H7,1,,,,,,
IGKV3-15,NONE,GSE96804;GSE30528;GSE104948_H7,0,,,,,,
IGKV3-20,NONE,GSE96804;GSE30528;GSE104948_H7,0,,,,,,
IGKV3D-20,NONE,GSE96804;GSE30528;GSE104948_H7,1,,,,,,
IGKV4-1,NONE,GSE96804;GSE30528;GSE104948_H7,2,0.6518137521385533,0.0,-2.3736733665426675,3.6773008708197743,0.2229723908370035,0.0
IGKV5-2,NONE,GSE96804;GSE30528;GSE104948_H7,1,,,,,,
IGLC1,NONE,GSE96804;GSE30528;GSE104948_H7,1,,,,,,
IGLC2,NONE,GSE96804;GSE30528;GSE104948_H7,0,,,,,,
IGLC3,NONE,GSE96804;GSE30528;GSE104948_H7,0,,,,,,
IGLC6,NONE,GSE96804;GSE30528;GSE104948_H7,0,,,,,,
IGLC7,NONE,GSE96804;GSE30528;GSE104948_H7,1,,,,,,
IGLL1,NONE,GSE96804;GSE30528;GSE104948_H7,3,0.5017068683576239,0.011249714531641603,-0.479133628548848,1.4825473652640957,0.1587153939750279,13.035796639187739
IGLV1-36,NONE,GSE96804;GSE30528;GSE104948_H7,0,,,,,,
IGLV1-40,NONE,GSE96804;GSE30528;GSE104948_H7,1,,,,,,
IGLV1-44,NONE,GSE96804;GSE30528;GSE104948_H7,1,,,,,,
IGLV1-47,NONE,GSE96804;GSE30528;GSE104948_H7,0,,,,,,
IGLV1-51,NONE,GSE96804;GSE30528;GSE104948_H7,0,,,,,,
IGLV10-54,NONE,GSE96804;GSE30528;GSE104948_H7,1,,,,,,
IGLV11-55,NONE,GSE96804;GSE30528;GSE104948_H7,1,,,,,,
IGLV2-11,NONE,GSE96804;GSE30528;GSE104948_H7,0,,,,,,
IGLV2-14,NONE,GSE96804;GSE30528;GSE104948_H7,1,,,,,,
IGLV2-18,NONE,GSE96804;GSE30528;GSE104948_H7,1,,,,,,
IGLV2-23,NONE,GSE96804;GSE30528;GSE104948_H7,0,,,,,,
IGLV2-33,NONE,GSE96804;GSE30528;GSE104948_H7,1,,,,,,
IGLV2-8,NONE,GSE96804;GSE30528;GSE104948_H7,0,,,,,,
IGLV3-1,NONE,GSE96804;GSE30528;GSE104948_H7,1,,,,,,
IGLV3-12,NONE,GSE96804;GSE30528;GSE104948_H7,1,,,,,,
IGLV3-16,NONE,GSE96804;GSE30528;GSE104948_H7,1,,,,,,
IGLV3-19,NONE,GSE96804;GSE30528;GSE104948_H7,1,,,,,,
IGLV3-21,NONE,GSE96804;GSE30528;GSE104948_H7,0,,,,,,
IGLV3-22,NONE,GSE96804;GSE30528;GSE104948_H7,1,,,,,,
IGLV3-25,NONE,GSE96804;GSE30528;GSE104948_H7,2,0.4221914875399512,0.0,-2.563344755492516,3.4077277305724185,0.32330804074713015,0.0
IGLV3-27,NONE,GSE96804;GSE30528;GSE104948_H7,1,,,,,,
IGLV4-3,NONE,GSE96804;GSE30528;GSE104948_H7,1,,,,,,
IGLV4-60,NONE,GSE96804;GSE30528;GSE104948_H7,3,-0.027083477923195518,0.5411458841353244,-2.1487108383717266,2.0945438825253357,0.9611912792025603,75.57619494205447
IGLV4-69,NONE,GSE96804;GSE30528;GSE104948_H7,1,,,,,,
IGLV5-37,NONE,GSE96804;GSE30528;GSE104948_H7,1,,,,,,
IGLV5-45,NONE,GSE96804;GSE30528;GSE104948_H7,1,,,,,,
IGLV6-57,NONE,GSE96804;GSE30528;GSE104948_H7,3,0.7277069537527328,0.0,-0.18161656866901954,1.637030476174485,0.07498042578393738,0.0
IGLV7-43,NONE,GSE96804;GSE30528;GSE104948_H7,1,,,,,,
IGLV7-46,NONE,GSE96804;GSE30528;GSE104948_H7,1,,,,,,
IGLV8-61,NONE,GSE96804;GSE30528;GSE104948_H7,0,,,,,,
INPP5D,NONE,GSE96804;GSE30528;GSE104948_H7,3,1.8390691750596033,0.6811128450782328,-0.6403549673149829,4.318493317434189,0.0857431029554491,71.19056364024988
ITGA1,NONE,GSE96804;GSE30528;GSE104948_H7,2,0.11850099932322265,0.9331261694837937,-9.171737211138979,9.408739209785423,0.8977104905405948,87.00704710614629
ITGA10,NONE,GSE96804;GSE30528;GSE104948_H7,2,0.4013293712861741,0.5574947887132048,-7.443995539945063,8.246654282517412,0.6330731601920317,73.08419598513306
ITGA11,NONE,GSE96804;GSE30528;GSE104948_H7,1,,,,,,
ITGA2,NONE,GSE96804;GSE30528;GSE104948_H7,3,0.7379722317571602,0.0,-0.1747925722043946,1.650737035718715,0.07362540025741568,0.0
ITGA2B,NONE,GSE96804;GSE30528;GSE104948_H7,3,0.6693041317883923,0.0,-0.23813927234815113,1.5767475359249357,0.08659091201719728,0.0
ITGA3,NONE,GSE96804;GSE30528;GSE104948_H7,3,-1.1238809383763226,1.6960860922345875,-4.615121928834447,2.3673600520818017,0.30028873040938175,86.69909446734225
ITGA4,NONE,GSE96804;GSE30528;GSE104948_H7,3,1.3597567391215564,0.3565302265774055,-0.5104311733184961,3.229944651561609,0.08878464984003814,64.83612414901684
ITGA5,NONE,GSE96804;GSE30528;GSE104948_H7,3,1.1906289705813622,1.0345941929271816,-1.5686161854681586,3.949874126630883,0.20449554009747933,84.77350279908909
ITGA6,NONE,GSE96804;GSE30528;GSE104948_H7,3,0.13874636714604502,0.496115013117021,-1.8957594406889444,2.1732521749810343,0.7968431232895911,75.1908639431873
ITGA7,NONE,GSE96804;GSE30528;GSE104948_H7,3,1.0490855090710862,0.3758089510642027,-0.8828170416196193,2.980988059761792,0.14450456399997114,65.39183660877151
ITGA8,NONE,GSE96804;GSE30528;GSE104948_H7,3,-0.7868347932279338,0.19743842828140987,-2.3696154719756723,0.7959458855198047,0.16584116489222567,54.072157935898844
ITGA9,NONE,GSE96804;GSE30528;GSE104948_H7,3,0.04576421363433309,0.8413265739140511,-2.440676075800892,2.532204503069558,0.9440900095824158,85.85580410679357
ITGAD,NONE,GSE96804;GSE30528;GSE104948_H7,1,,,,,,
ITGAE,NONE,GSE96804;GSE30528;GSE104948_H7,3,0.6628944137029774,0.5762226702038798,-1.5621388741846545,2.887927701590609,0.3284117049042465,73.528540463894
ITGAL,NONE,GSE96804;GSE30528;GSE104948_H7,3,1.360405719796983,1.1338897489077135,-1.519742070557224,4.24055351015119,0.17917672143549596,86.13485416178024
ITGAM,NONE,GSE96804;GSE30528;GSE104948_H7,3,1.0676276618661056,0.4740018687748169,-0.9424895814575753,3.0777449051897863,0.14965687886876342,75.16345241524185
ITGAV,NONE,GSE96804;GSE30528;GSE104948_H7,3,-0.6206307194228026,0.5735992832569946,-2.8328339594205607,1.5915725205749558,0.3507848780170327,74.10745666768803
ITGAX,NONE,GSE96804;GSE30528;GSE104948_H7,3,1.1003536969106549,0.4177985619006587,-0.8216906390377023,3.0223980328590123,0.13276762583507742,73.19304848894328
ITGB1,NONE,GSE96804;GSE30528;GSE104948_H7,2,0.5707178704711299,0.0,-2.4252872296274504,3.5667229705697103,0.2494205463214379,0.0
ITGB2,NONE,GSE96804;GSE30528;GSE104948_H7,3,1.856033027816823,2.5065938865782447,-2.294497453673497,6.006563509307142,0.1942419296183381,91.27646104777088
ITGB3,NONE,GSE96804;GSE30528;GSE104948_H7,3,-0.047249733922602566,1.200730747317335,-3.010334184661067,2.915834716815862,0.9515419276822784,84.9595394114027
ITGB4,NONE,GSE96804;GSE30528;GSE104948_H7,3,0.7211467520006202,0.0,-0.1881809216758259,1.6304744256770662,0.07619874367509435,0.0
ITGB5,NONE,GSE96804;GSE30528;GSE104948_H7,3,-0.9609629009354199,0.0550716574904033,-2.134425886643509,0.21250008477266924,0.07196135623944018,29.35956901414069
ITGB6,NONE,GSE96804;GSE30528;GSE104948_H7,3,1.260094111672985,0.06941736549351997,0.05672751247646679,2.4634607108695032,0.045897602811548296,18.740756376341807
ITGB7,NONE,GSE96804;GSE30528;GSE104948_H7,3,1.1096327738061649,1.97483242399358,-2.5719821938022567,4.791247741414587,0.3241479097037857,91.0332475529077
ITGB8,NONE,GSE96804;GSE30528;GSE104948_H7,3,-0.25261419204190694,0.0,-1.1981824655772684,0.6929540814934545,0.3692650091922054,11.172095422704627
JAM2,NONE,GSE96804;GSE30528;GSE104948_H7,3,0.43609744301903575,0.5401917448347254,-1.6382778464264418,2.5104727324645135,0.4611774084198531,78.82069503361232
JAM3,NONE,GSE96804;GSE30528;GSE104948_H7,3,-1.036242213267573,1.0815636938945077,-3.8923549007338925,1.8198704741987464,0.2588936087792972,83.39311101471455
JAML,NONE,GSE96804;GSE30528;GSE104948_H7,0,,,,,,
JCHAIN,NONE,GSE96804;GSE30528;GSE104948_H7,1,,,,,,
JUNB,NONE,GSE96804;GSE30528;GSE104948_H7,3,-1.0993171363287764,0.8815701530537443,-3.6467745325498835,1.4481402598923308,0.20447542360166887,85.63311548227811
KDR,NONE,GSE96804;GSE30528;GSE104948_H7,3,-0.9010010773922262,0.20501794507188453,-2.4480215570535964,0.646019402269144,0.12911421012050744,55.39570887497513
KLK2,NONE,GSE96804;GSE30528;GSE104948_H7,3,-0.30274027600992337,0.7623719762818424,-2.761316460400665,2.1558359083808183,0.6491766053251458,78.84756930481198
KLK7,NONE,GSE96804;GSE30528;GSE104948_H7,3,-1.406861087295082,0.4184185351899195,-3.4600782352855686,0.6463560606954046,0.09836859242212206,64.9285667340058
KLKB1,NONE,GSE96804;GSE30528;GSE104948_H7,3,0.18399065694380803,0.03170227246092169,-0.8264378739857349,1.194419187873351,0.5153957376296481,5.947237714086312
KNG1,NONE,GSE96804;GSE30528;GSE104948_H7,3,-0.4832095574359183,0.28411251568205953,-2.1220803741914693,1.155661259319633,0.3322532681711145,67.35942664926623
KRAS,NONE,GSE96804;GSE30528;GSE104948_H7,3,0.3130294702414475,0.2009156738910235,-1.2102355503087743,1.8362944907916694,0.4698685111355075,56.405180962893965
L1CAM,NONE,GSE96804;GSE30528;GSE104948_H7,3,1.0035664740988386,0.0,0.07099898037342522,1.936133967824252,0.04361509146363283,0.0
LAMA1,NONE,GSE96804;GSE30528;GSE104948_H7,2,0.30646894741003344,0.09572194198244781,-3.8583777843181335,4.4713156791382005,0.5213831983274728,41.90337804485336
LAMA2,NONE,GSE96804;GSE30528;GSE104948_H7,3,1.1585463213795664,0.0,0.19896495418236226,2.1181276885767706,0.0351161890095847,1.5398908232819277
LAMA3,NONE,GSE96804;GSE30528;GSE104948_H7,3,-0.182780532368872,0.48017487905637246,-2.1813728877339402,1.8158118229961964,0.7319384860526759,75.27465384036746
LAMA4,NONE,GSE96804;GSE30528;GSE104948_H7,3,1.2200428920035453,0.5022872399490229,-0.8840162886916481,3.3241020726987385,0.13004302025707368,71.95217176748183
LAMA5,NONE,GSE96804;GSE30528;GSE104948_H7,2,-0.2816657841517209,0.1098450540531183,-5.275215312485049,4.711883744181607,0.6041181392823837,35.56009052930302
LAMB1,NONE,GSE96804;GSE30528;GSE104948_H7,3,0.766602910045604,0.0,-0.1462554453617546,1.6794612654529626,0.06878483286994845,0.0
LAMB2,NONE,GSE96804;GSE30528;GSE104948_H7,3,-0.6642902707078658,0.9323643415484741,-3.3144022429414366,1.9858217015257051,0.39359102582894623,82.84286327679365
LAMB3,NONE,GSE96804;GSE30528;GSE104948_H7,2,1.1709892093699141,0.0,-3.095253613686249,5.437232032426077,0.177770161723565,0.0
LAMC1,NONE,GSE96804;GSE30528;GSE104948_H7,3,1.9112956794061164,2.1287721672992728,-2.03635723776784,5.858948596580073,0.17264092320298485,85.04647197009378
LAMC2,NONE,GSE96804;GSE30528;GSE104948_H7,3,1.3310136857019954,0.07674217037032428,0.1000806227572697,2.5619467486467213,0.04322546416643566,27.28944190204567
LAMC3,NONE,GSE96804;GSE30528;GSE104948_H7,3,1.4668314958090944,0.0035068046620005153,0.46178784791072003,2.471875143707469,0.024433674570433963,0.0
LCK,NONE,GSE96804;GSE30528;GSE104948_H7,3,1.7521137661789583,1.4333825591562663,-1.465590602521995,4.969818134879912,0.1438768118123951,89.10322927564374
LIMD1,NONE,GSE96804;GSE30528;GSE104948_H7,3,0.40422426174121245,0.3568017617896008,-1.3676973690927745,2.1761458925751995,0.4298153791644865,72.47441393241783
LOX,NONE,GSE96804;GSE30528;GSE104948_H7,3,-1.2868081150487898,0.4939573700343459,-3.3273079141344657,0.7536916840368861,0.11321788460308058,73.90147347826476
LOXL1,NONE,GSE96804;GSE30528;GSE104948_H7,3,0.13764405379532635,0.7454592433778813,-2.292179040117176,2.567467147707829,0.8301568663707435,78.89523825302298
LOXL2,NONE,GSE96804;GSE30528;GSE104948_H7,3,1.2232029445104942,1.002633538448902,-1.572784480589174,4.019190369610162,0.2005004999268507,80.3448177842789
LOXL3,NONE,GSE96804;GSE30528;GSE104948_H7,1,,,,,,
LOXL4,NONE,GSE96804;GSE30528;GSE104948_H7,1,,,,,,
LRP4,NONE,GSE96804;GSE30528;GSE104948_H7,3,-0.4165699109723971,1.2767482495538234,-3.4728633684413377,2.6397235464965436,0.6169480423117444,84.97389710659135
LTBP1,NONE,GSE96804;GSE30528;GSE104948_H7,3,1.5894818483442257,0.0,0.5846146905090135,2.5943490061794376,0.020914162148538282,0.0
LTBP2,NONE,GSE96804;GSE30528;GSE104948_H7,3,0.7655813926232818,0.0,-0.1467458645884373,1.6779086498350009,0.06887784362698113,0.0
LTBP3,NONE,GSE96804;GSE30528;GSE104948_H7,3,0.10527522807150183,0.315445727599712,-1.6774667848053355,1.8880172409483393,0.8231681560912191,64.23954042130013
LTBP4,NONE,GSE96804;GSE30528;GSE104948_H7,3,0.19328871350660715,0.0,-0.6923371545448804,1.0789145815580947,0.4468304073056763,0.0
LUM,NONE,GSE96804;GSE30528;GSE104948_H7,3,1.5565765169430912,0.0,0.5532980009438861,2.559855032942296,0.021712173544924353,0.0
LYN,NONE,GSE96804;GSE30528;GSE104948_H7,3,0.8994009419257467,1.0216515810332645,-1.8495775499321971,3.6483794337836906,0.2945205722464134,84.75372328902947
MADCAM1,NONE,GSE96804;GSE30528;GSE104948_H7,3,-0.3374835403783627,0.40852940281074474,-2.239617353464384,1.5646502727076586,0.5249873969947774,71.18260679220472
MAG,NONE,GSE96804;GSE30528;GSE104948_H7,3,-0.06738190534415758,0.0,-0.9505196072049529,0.8157557965166378,0.7738797618031168,0.0
MAPK1,NONE,GSE96804;GSE30528;GSE104948_H7,3,0.8092121978720669,1.7244699818686398,-2.6299430443050573,4.248367440049191,0.41791108655033066,92.21188659230701
MAPK3,NONE,GSE96804;GSE30528;GSE104948_H7,3,0.0725848600042783,0.9667048107847513,-2.567103316107813,2.71227303611637,0.9166318398724028,87.93957582304049
MASP1,NONE,GSE96804;GSE30528;GSE104948_H7,3,-0.2965863193664371,1.0960457088417486,-3.1130372636817727,2.519864624948899,0.69489295102418,85.9998995412348
MASP2,NONE,GSE96804;GSE30528;GSE104948_H7,3,-0.05040361264014853,1.887126784738034,-3.63013878722648,3.529331561946183,0.9572009688568912,91.45788318082847
MATN1,NONE,GSE96804;GSE30528;GSE104948_H7,3,0.178425652537221,1.2253672609687631,-2.815905628595961,3.172756933670403,0.8216157183296128,84.80626582955966
MATN3,NONE,GSE96804;GSE30528;GSE104948_H7,3,-0.7608259844798994,0.0057371672332909435,-1.8203750499233453,0.2987230809635465,0.0907293367860793,23.11744253022148
MATN4,NONE,GSE96804;GSE30528;GSE104948_H7,3,0.41780147411849206,0.01918759318795348,-0.5549136636079353,1.3905166118449195,0.2058446911431353,0.0
MBL2,NONE,GSE96804;GSE30528;GSE104948_H7,3,0.5095388213978108,0.0,-0.3888440900434673,1.407921732839089,0.13478585931036216,0.0
MEN1,NONE,GSE96804;GSE30528;GSE104948_H7,3,0.5402108716354539,0.0,-0.3602041340661255,1.4406258773370333,0.12298741644034863,0.0
MERTK,NONE,GSE96804;GSE30528;GSE104948_H7,3,0.6217395781826063,0.10059387356755456,-0.6481638761739181,1.8916430325391307,0.16974386936060987,41.09048971355312
MFAP2,NONE,GSE96804;GSE30528;GSE104948_H7,3,1.4315748872122487,0.0,0.44854295524842336,2.414606819176074,0.024536768764838478,0.0
MFAP3,NONE,GSE96804;GSE30528;GSE104948_H7,3,-0.34182879253873244,1.1786584459499887,-3.277118695209541,2.593461110132076,0.6660358700022554,85.04671304028977
MFAP4,NONE,GSE96804;GSE30528;GSE104948_H7,3,1.493475781346999,0.16860404048385913,-0.11552175567494127,3.102473318368939,0.057355411473071986,48.14200507055889
MFAP5,NONE,GSE96804;GSE30528;GSE104948_H7,3,0.12161276277267834,0.6164186437306959,-2.0653634161095473,2.3085889416549037,0.8331876053403448,81.88532342051948
MIF,NONE,GSE96804;GSE30528;GSE104948_H7,3,-0.16213252015926355,1.0059150750231136,-2.844396495799631,2.520131455481104,0.8191296631815295,88.38565490975495
MMP1,NONE,GSE96804;GSE30528;GSE104948_H7,3,0.8116601729635834,0.09639478362321302,-0.42941332530182075,2.0527336712289874,0.10649546390527054,33.03041203792884
MMP10,NONE,GSE96804;GSE30528;GSE104948_H7,3,0.5679172044400786,0.09667558679868582,-0.6525220956561286,1.788356504536286,0.18320581870245212,37.8255340413153
MMP11,NONE,GSE96804;GSE30528;GSE104948_H7,3,1.8510727449264042,0.7051708352698365,-0.620897903682849,4.323043393535658,0.08432526987762805,73.82003400513588
MMP12,NONE,GSE96804;GSE30528;GSE104948_H7,3,0.4129353555018834,0.33942054668397537,-1.330455225765696,2.1563259367694627,0.41536196021686067,69.76486382572644
MMP13,NONE,GSE96804;GSE30528;GSE104948_H7,3,0.5660513803738619,0.25010816106086137,-1.0076434912053784,2.1397462519531025,0.26178663817955244,64.08833003277657
MMP14,NONE,GSE96804;GSE30528;GSE104948_H7,3,0.35140338318581693,0.5156496194144232,-1.717118612880815,2.4199253792524487,0.5408492569803635,75.55727773784557
MMP15,NONE,GSE96804;GSE30528;GSE104948_H7,3,-0.23283251223170537,1.3931775919513396,-3.3320306937049176,2.866365669241507,0.7771783042783691,91.21361331128722
MMP16,NONE,GSE96804;GSE30528;GSE104948_H7,3,-0.17975891636424568,0.4340371418769527,-2.164452677952431,1.8049348452239393,0.7343404628327399,70.04474831365684
MMP17,NONE,GSE96804;GSE30528;GSE104948_H7,3,0.4742262108767676,0.5311337100753485,-1.6552398784987823,2.6036923002523173,0.43908234751573444,73.83069741559143
MMP19,NONE,GSE96804;GSE30528;GSE104948_H7,3,0.7138399577594743,0.0,-0.19597687860807456,1.6236567941270232,0.07766287464289016,0.0
MMP2,NONE,GSE96804;GSE30528;GSE104948_H7,3,1.9266900319652818,0.23523151263909048,0.22372549479841997,3.6296545691321436,0.03970393429283021,51.68495041056639
MMP20,NONE,GSE96804;GSE30528;GSE104948_H7,3,-0.04306927272486741,0.0,-0.926038552015751,0.8399000065660163,0.853204480737154,0.0
MMP24,NONE,GSE96804;GSE30528;GSE104948_H7,3,-0.10628756922538782,0.0,-0.9906387845326475,0.7780636460818718,0.6565778091095525,0.0
MMP25,NONE,GSE96804;GSE30528;GSE104948_H7,3,-0.2443363447566395,0.5601521423882561,-2.346655546594355,1.857982857081076,0.6666286594158053,79.95024110144769
MMP3,NONE,GSE96804;GSE30528;GSE104948_H7,3,0.876074472823363,0.0,-0.04694304957624207,1.7990919952229683,0.05505549108617199,0.0
MMP7,NONE,GSE96804;GSE30528;GSE104948_H7,3,1.1560181657821216,0.0,0.20264859465767426,2.109387736906569,0.03483035665513983,0.0
MMP8,NONE,GSE96804;GSE30528;GSE104948_H7,3,-0.119595059050882,0.23423583890429034,-1.6546986342584902,1.415508516156726,0.769363752238533,63.294801001651734
MMP9,NONE,GSE96804;GSE30528;GSE104948_H7,3,0.056756595615921376,0.0,-0.8300053204051356,0.9435185116369784,0.8088612278460964,0.0
MTMR4,NONE,GSE96804;GSE30528;GSE104948_H7,3,-0.24081533472567893,0.2892847096208517,-1.8860112239257638,1.404380554474406,0.5931815308390821,68.45472247521903
MUSK,NONE,GSE96804;GSE30528;GSE104948_H7,3,-0.24077852575803346,0.27126853175624943,-1.9260324816339327,1.4444754301178657,0.6013499171840675,62.0248202143201
MYC,NONE,GSE96804;GSE30528;GSE104948_H7,3,0.5714150892737493,0.07330286197790978,-0.5887937043471865,1.731623882894685,0.16821773002642107,32.015195545546966
NCAM1,NONE,GSE96804;GSE30528;GSE104948_H7,3,0.29539007537946094,1.595434780536412,-3.0052182412793282,3.5959983920382497,0.7372800967810602,91.12711510608932
NCAN,NONE,GSE96804;GSE30528;GSE104948_H7,3,0.10994650437699509,0.4615046028335274,-1.8961910796879335,2.116084088441924,0.8355298183750542,72.43396548430442
NCOR1,NONE,GSE96804;GSE30528;GSE104948_H7,3,0.3963539611612671,0.10371369846527509,-0.8377978312323392,1.6305057535548735,0.30113279111601715,40.15196299266924
NCOR2,NONE,GSE96804;GSE30528;GSE104948_H7,3,-0.2616138348392976,0.0,-1.1505339260952454,0.6273062564166503,0.3329289292711499,0.0
NCSTN,NONE,GSE96804;GSE30528;GSE104948_H7,3,-0.8298060523956774,0.7883937388415532,-3.2692624749279613,1.6096503701366063,0.2808664331372569,82.4032026372637
NEDD4L,NONE,GSE96804;GSE30528;GSE104948_H7,3,-1.0897557018403594,1.0068726252404216,-3.8406945668516728,1.661183163170954,0.23041210815005006,83.25316988122985
NEDD8,NONE,GSE96804;GSE30528;GSE104948_H7,3,0.3091057673628194,0.07089683741406941,-0.853436760927498,1.471648295653137,0.3710731701491465,33.528650610502496
NID1,NONE,GSE96804;GSE30528;GSE104948_H7,3,0.6823852590706447,0.0,-0.22751193831197114,1.5922824564532605,0.08410171118387044,0.0
NID2,NONE,GSE96804;GSE30528;GSE104948_H7,3,0.5648477099633585,1.7928864668948352,-2.9432235056820986,4.072918925608816,0.560076098204551,90.42281971545194
NRAS,NONE,GSE96804;GSE30528;GSE104948_H7,3,1.3765026466983703,3.724597948755916,-3.660327697183869,6.41333299058061,0.3606663922698472,90.81648025482116
NRXN1,NONE,GSE96804;GSE30528;GSE104948_H7,3,-0.628445127976085,0.16435752344065754,-2.0215526950878333,0.7646624391356633,0.19177889765111755,52.13060462330502
NTN4,NONE,GSE96804;GSE30528;GSE104948_H7,1,,,,,,
OLR1,NONE,GSE96804;GSE30528;GSE104948_H7,3,0.7909069524844384,0.2313758310403294,-0.7695255868727892,2.351339491841666,0.1609751002730525,58.90207215079596
OPTC,NONE,GSE96804;GSE30528;GSE104948_H7,1,,,,,,
P3H1,NONE,GSE96804;GSE30528;GSE104948_H7,1,,,,,,
P3H2,NONE,GSE96804;GSE30528;GSE104948_H7,1,,,,,,
P3H3,NONE,GSE96804;GSE30528;GSE104948_H7,1,,,,,,
P4HA1,NONE,GSE96804;GSE30528;GSE104948_H7,3,-0.709752288103108,0.0,-1.619939132301797,0.20043455609558103,0.07851369032522,0.0
P4HA2,NONE,GSE96804;GSE30528;GSE104948_H7,1,,,,,,
P4HA3,NONE,GSE96804;GSE30528;GSE104948_H7,1,,,,,,
P4HB,NONE,GSE96804;GSE30528;GSE104948_H7,3,0.6046338823598081,0.09093000066920874,-0.6079990773695714,1.8172668420891875,0.1650827122923082,35.86493374937682
PARD3,NONE,GSE96804;GSE30528;GSE104948_H7,3,-0.11816813785345302,0.8842753751998653,-2.719023218915951,2.4826869432090453,0.8630709898359143,81.55420764303402
PARD6A,NONE,GSE96804;GSE30528;GSE104948_H7,3,-0.01194197726080312,1.195817185918964,-2.91231840427283,2.8884344497512235,0.9874740954515024,88.482097536407
PARP1,NONE,GSE96804;GSE30528;GSE104948_H7,3,0.4273617915858029,0.19484705373279432,-1.0339279313449579,1.8886515145165639,0.33526604502032953,57.24944490768923
PCOLCE,NONE,GSE96804;GSE30528;GSE104948_H7,3,2.021905408386425,0.5132458016355382,-0.13593005476569608,4.179740871538546,0.05637169501655123,70.89106074066423
PCOLCE2,NONE,GSE96804;GSE30528;GSE104948_H7,3,-1.4678512976493867,0.0,-2.4616126553385724,-0.4740899399602009,0.023875560563371125,0.0
PDGFA,NONE,GSE96804;GSE30528;GSE104948_H7,3,-0.29759700179957416,0.0,-1.1891775468131107,0.5939835432139624,0.28746881277992836,0.0
PDGFB,NONE,GSE96804;GSE30528;GSE104948_H7,3,1.5173290945852376,0.0,0.5230113458333511,2.511646843337124,0.022419159882943136,0.0
PECAM1,NONE,GSE96804;GSE30528;GSE104948_H7,3,0.6725215819245367,0.5062241634498422,-1.4068798362417274,2.751923000090801,0.2986233502197086,73.8131882845287
PF4,NONE,GSE96804;GSE30528;GSE104948_H7,3,-0.18419844056623672,0.0,-1.0973765717625572,0.7289796906300838,0.4769482111286572,5.351054147526021
PF4V1,NONE,GSE96804;GSE30528;GSE104948_H7,3,0.2569545844663931,0.09990265236811749,-0.9665897223852776,1.4804988913180637,0.46158199510466325,37.41507790577583
PHYKPL,NONE,GSE96804;GSE30528;GSE104948_H7,0,,,,,,
PICK1,NONE,GSE96804;GSE30528;GSE104948_H7,3,0.04849982797446913,0.14525813390994266,-1.289965059891895,1.3869647158408331,0.8904200050052806,49.585054521498996
PIK3CA,NONE,GSE96804;GSE30528;GSE104948_H7,3,-0.5186802684572953,0.15089310453599386,-1.9949767725428194,0.9576162356282287,0.269741349205047,49.958716497086385
PIK3CB,NONE,GSE96804;GSE30528;GSE104948_H7,3,-0.5067775701646321,0.0,-1.4056135795755442,0.39205843924628003,0.13608228277167173,0.0
PIK3R1,NONE,GSE96804;GSE30528;GSE104948_H7,3,0.00047417861447427773,0.23311116284091038,-1.5957266626202482,1.5966750198491966,0.9990961933175418,59.482970744237626
PIK3R2,NONE,GSE96804;GSE30528;GSE104948_H7,3,-0.18103515524327182,0.1008725118287098,-1.4782796755992247,1.116209365112681,0.6091846716280295,42.91034150033072
PLCG1,NONE,GSE96804;GSE30528;GSE104948_H7,3,1.0865743921687678,0.32797274938167204,-0.656409711845414,2.8295584961829494,0.11542086630571902,68.77006869437294
PLEC,NONE,GSE96804;GSE30528;GSE104948_H7,3,0.1841212761666929,0.11273315797702874,-1.107002231567175,1.4752447839005607,0.6019797581941146,44.21323129646375
PLG,NONE,GSE96804;GSE30528;GSE104948_H7,3,-0.9565060637403927,0.2937358584749552,-2.711730099905388,0.7987179724246026,0.14369842748323017,62.01719837680141
PLOD1,NONE,GSE96804;GSE30528;GSE104948_H7,3,0.12182353395014374,1.4988444300616508,-3.085793323360898,3.329440391261185,0.8852137465417917,91.69245988191213
PLOD2,NONE,GSE96804;GSE30528;GSE104948_H7,3,0.5384588923450867,0.0,-0.35871744854544974,1.4356352332356233,0.12291557447382963,0.0
PLOD3,NONE,GSE96804;GSE30528;GSE104948_H7,3,-0.07294983229761408,1.0697081784435438,-2.8559059364150046,2.710006271819777,0.9205008494310098,86.01697784476193
PMEPA1,NONE,GSE96804;GSE30528;GSE104948_H7,3,-1.231799194858208,1.4273657173941714,-4.49762597578011,2.0340275860636945,0.24609060046902798,83.37848926621865
PPBP,NONE,GSE96804;GSE30528;GSE104948_H7,3,-0.42568375144518955,0.5621211092883464,-2.5311842817098147,1.6798167788194358,0.4760720431054085,80.0431422859738
PPIA,NONE,GSE96804;GSE30528;GSE104948_H7,1,,,,,,
PPIB,NONE,GSE96804;GSE30528;GSE104948_H7,3,0.6259756720495163,1.4923125560662498,-2.5884619043063624,3.840413248405395,0.49026924958714135,90.60509763302159
PPIL2,NONE,GSE96804;GSE30528;GSE104948_H7,2,0.9150605722013609,1.3189134365911894,-10.28008353165494,12.110204676057661,0.48795634237998176,84.90334507915152
PPM1A,NONE,GSE96804;GSE30528;GSE104948_H7,3,-0.7359208563982496,0.9750776006419548,-3.4669140075814378,1.9950722947849389,0.36599204778698724,81.84543476492397
PPP1CA,NONE,GSE96804;GSE30528;GSE104948_H7,3,0.9345148444977399,3.7608965094550175,-4.032004183420794,5.901033872416274,0.5031775859818309,94.88733263274301
PPP1CB,NONE,GSE96804;GSE30528;GSE104948_H7,3,-0.019484435873773083,0.45768584260368683,-2.0428073998067693,2.0038385280592235,0.970714165436577,70.8567074915575
PPP1CC,NONE,GSE96804;GSE30528;GSE104948_H7,3,0.058657978245784115,0.14017648101142008,-1.2651330470844502,1.3824490035760184,0.8663964838866469,48.6217274708996
PPP1R15A,NONE,GSE96804;GSE30528;GSE104948_H7,3,-0.7965798201318074,0.23421381664650917,-2.376201043701842,0.7830414034382273,0.162239204579855,59.24317859391244
PRKCA,NONE,GSE96804;GSE30528;GSE104948_H7,3,-0.7572806803272703,1.1736509527085728,-3.7054165174571514,2.190855156802611,0.38423214447678417,84.11159491082532
PRKCZ,NONE,GSE96804;GSE30528;GSE104948_H7,3,-0.526620080874586,0.6075632738733004,-2.698161332064297,1.6449211703151252,0.4062909023147219,82.04592906348064
PROC,NONE,GSE96804;GSE30528;GSE104948_H7,3,-0.6032835298038359,0.11695769152516682,-1.8776256569181602,0.6710585973104883,0.178572055908651,42.38158778054745
PROCR,NONE,GSE96804;GSE30528;GSE104948_H7,3,1.4087785788774836,0.28434232324145586,-0.30144427227688864,3.119001430031856,0.0712080123775396,61.38563929116647
PROS1,NONE,GSE96804;GSE30528;GSE104948_H7,3,0.9804737317062094,0.32155009094558723,-0.8343585234098326,2.7953059868222514,0.14568398290260284,63.41019665586868
PROZ,NONE,GSE96804;GSE30528;GSE104948_H7,3,-0.35082487695046444,0.12930532344471735,-1.6552567250301693,0.9536069711292403,0.36672687114587593,46.7239225749568
PRSS1,NONE,GSE96804;GSE30528;GSE104948_H7,3,-0.1801310398193085,0.2548976636132247,-1.8035332744257297,1.4432711947871126,0.6801486786848712,61.80359813680303
PRSS2,NONE,GSE96804;GSE30528;GSE104948_H7,1,,,,,,
PRTN3,NONE,GSE96804;GSE30528;GSE104948_H7,3,0.12040681122591299,0.0,-0.7633209088411054,1.0041345312929313,0.6170686469160092,0.0
PSEN1,NONE,GSE96804;GSE30528;GSE104948_H7,3,0.6020849270524741,0.0,-0.29963617784477037,1.5038060319497184,0.10281181868660824,0.0
PSG1,NONE,GSE96804;GSE30528;GSE104948_H7,3,-0.13797773427785992,0.2693714300152798,-1.840096693206912,1.5641412246511923,0.7605479483880135,61.08269475869677
PSG11,NONE,GSE96804;GSE30528;GSE104948_H7,3,-0.2792533046449407,0.8227756519549335,-2.8136164468423757,2.2551098375524945,0.6821490189196142,79.9615933247502
PSG2,NONE,GSE96804;GSE30528;GSE104948_H7,2,-0.46975035152082917,0.7697357260236808,-9.356661158647885,8.417160455606226,0.6234820071895246,78.64359460176473
PSG3,NONE,GSE96804;GSE30528;GSE104948_H7,3,0.01412807879472736,0.6238296961493053,-2.210542352067685,2.23879850965714,0.9806821996277479,78.90497620415199
PSG4,NONE,GSE96804;GSE30528;GSE104948_H7,3,-0.3027772794428109,0.4225148381059814,-2.221476134427399,1.6159215755417773,0.5671907600649206,72.26050783076255
PSG5,NONE,GSE96804;GSE30528;GSE104948_H7,3,-0.4884020743730233,0.0,-1.3843445515462975,0.40754040280025106,0.1436236509913361,0.0
PSG6,NONE,GSE96804;GSE30528;GSE104948_H7,2,-0.8385132969371736,0.403802022854119,-7.500024574949987,5.82299798107564,0.35572536623926054,71.87785161419605
PSG7,NONE,GSE96804;GSE30528;GSE104948_H7,2,0.06743478177870509,0.0,-2.8696842417097095,3.0045538052671192,0.8192950176287549,0.0
PSG8,NONE,GSE96804;GSE30528;GSE104948_H7,1,,,,,,
PSG9,NONE,GSE96804;GSE30528;GSE104948_H7,3,-0.2417101695832246,0.15367229476818664,-1.703592719964347,1.2201723807978977,0.5506141191817233,50.817540541859486
PSMA1,NONE,GSE96804;GSE30528;GSE104948_H7,3,0.33226319431049806,0.0,-0.557793135492465,1.2223195241134612,0.2494609993093761,0.0
PSMA2,NONE,GSE96804;GSE30528;GSE104948_H7,3,-0.4402346267992745,0.0,-1.3331780280277625,0.4527087744292134,0.16795542073272418,0.0
PSMA3,NONE,GSE96804;GSE30528;GSE104948_H7,3,0.23259123255500297,0.41288195496407704,-1.719583941692549,2.184766406802555,0.6592091094622553,69.0674419519528
PSMA4,NONE,GSE96804;GSE30528;GSE104948_H7,3,0.5647472096458951,0.15443458411867442,-0.8365841021275154,1.9660785214193055,0.22505466663721974,50.574315026033226
PSMA5,NONE,GSE96804;GSE30528;GSE104948_H7,3,-0.945516305859718,0.0,-1.873125187501693,-0.01790742421774305,0.04825757675069225,0.0
PSMA6,NONE,GSE96804;GSE30528;GSE104948_H7,2,0.70885277482059,0.0,-2.3317829226757576,3.749488472316938,0.2072698314628257,0.0
PSMA7,NONE,GSE96804;GSE30528;GSE104948_H7,3,0.2879629758813753,1.128787326948924,-2.5533639044443595,3.1292898562071096,0.7053445304014998,87.14091609724805
PSMB1,NONE,GSE96804;GSE30528;GSE104948_H7,3,-0.23455254458995417,0.6463453729464556,-2.4593413098627583,1.9902362206828499,0.6945726932230171,83.01788884513142
PSMB2,NONE,GSE96804;GSE30528;GSE104948_H7,2,0.19815975628526625,0.07530801542556353,-4.494939923206027,4.891259435776559,0.6865149202835462,27.60005098635867
PSMB3,NONE,GSE96804;GSE30528;GSE104948_H7,3,-0.08276412443002963,1.2302767521362,-3.0151350131839325,2.8496067643238736,0.9144442494106295,90.01661051297854
PSMB4,NONE,GSE96804;GSE30528;GSE104948_H7,3,0.35306776492055136,0.18023601638922812,-1.0729307566716515,1.7790662865127542,0.3983211952139005,54.74788225667122
PSMB5,NONE,GSE96804;GSE30528;GSE104948_H7,3,-0.08835788229145997,1.6225497375674263,-3.411595621927141,3.234879857344221,0.9193714388882812,92.04929163660181
PSMB6,NONE,GSE96804;GSE30528;GSE104948_H7,3,-0.024430758107497348,0.9916304957633225,-2.691288865113132,2.642427348898137,0.9721394481457951,88.44112356956312
PSMB7,NONE,GSE96804;GSE30528;GSE104948_H7,3,-0.1318499924508127,0.76562537409502,-2.519595320965847,2.255895336064222,0.8343202535666288,84.52970450696058
PSMC1,NONE,GSE96804;GSE30528;GSE104948_H7,2,-0.489959791713574,0.0,-3.467749292905458,2.48782970947831,0.28402977124752354,0.0
PSMC2,NONE,GSE96804;GSE30528;GSE104948_H7,3,-1.0190591129703916,0.6964496852645644,-3.426130709496428,1.3880124835556447,0.21010891739422127,75.73466051448518
PSMC3,NONE,GSE96804;GSE30528;GSE104948_H7,3,-0.002331082027568239,1.1625672346425588,-2.8687275689516207,2.8640654048964844,0.9975257632043741,87.94447318837386
PSMC4,NONE,GSE96804;GSE30528;GSE104948_H7,3,0.20185785952261528,2.0842554553087758,-3.534492536947706,3.9382082559929366,0.8378075903425448,92.90305857080358
PSMC5,NONE,GSE96804;GSE30528;GSE104948_H7,3,-0.1464175107670878,0.5101381023391646,-2.175629952912044,1.8827949313778687,0.7855794474996692,77.11092650381404
PSMC6,NONE,GSE96804;GSE30528;GSE104948_H7,2,-0.9605478725862306,0.09518714236389182,-5.25830412110787,3.3372083759354085,0.21554284817771346,37.45786531840175
PSMD1,NONE,GSE96804;GSE30528;GSE104948_H7,3,-0.6781471188172087,0.7774246690777709,-3.1807046903195637,1.8244104526851466,0.3638723605298606,77.74605566768167
PSMD11,NONE,GSE96804;GSE30528;GSE104948_H7,3,-0.0028118373916249596,0.0,-0.8861111520837058,0.880487477300456,0.9903153654300845,0.0
PSMD12,NONE,GSE96804;GSE30528;GSE104948_H7,3,-0.10891080020097271,1.127471055187334,-2.993797480136831,2.7759758797348852,0.8858916289737913,84.22353972619183
PSMD13,NONE,GSE96804;GSE30528;GSE104948_H7,3,0.1672415776651725,1.1641721498271043,-2.6976169458927597,3.0321001012231044,0.8251287668369318,89.29269140813189
PSMD14,NONE,GSE96804;GSE30528;GSE104948_H7,3,0.4283585998269467,0.2908976832963772,-1.2960361301936625,2.1527533298475556,0.39705584118067283,63.21071285063454
PSMD2,NONE,GSE96804;GSE30528;GSE104948_H7,3,0.3624607493441528,0.30430332269964033,-1.4076337635295793,2.1325552622178847,0.4712242463046033,63.2412605460867
PSMD3,NONE,GSE96804;GSE30528;GSE104948_H7,3,-0.4121824015767002,0.686517300637471,-2.693109063356419,1.8687442602030184,0.5182203380974739,83.8419854216202
PSMD6,NONE,GSE96804;GSE30528;GSE104948_H7,3,-0.26661784450388076,0.11633250500270317,-1.649929138516555,1.1166934495087937,0.4941594559802744,46.176185157628595
PSMD7,NONE,GSE96804;GSE30528;GSE104948_H7,3,0.37561406768654904,1.1569907306205007,-2.5215626002395966,3.2727907356126944,0.6330671111371531,85.7849213827722
PSMD8,NONE,GSE96804;GSE30528;GSE104948_H7,3,0.007776588453512579,1.764996234175749,-3.447874762506573,3.463427939413598,0.9931534731507773,92.4129221449306
PTPN11,NONE,GSE96804;GSE30528;GSE104948_H7,3,-0.37923363477509847,0.0,-1.2707293984207721,0.5122621288705751,0.2086910878479256,0.0
PTPN6,NONE,GSE96804;GSE30528;GSE104948_H7,3,1.114211727357635,2.9970130673548483,-3.344754837238144,5.573178291953415,0.3947920209937677,93.99977655113035
PTPRS,NONE,GSE96804;GSE30528;GSE104948_H7,3,0.18629316218091133,0.0,-0.699373684392256,1.0719600087540786,0.46097461287356806,0.0
PXDN,NONE,GSE96804;GSE30528;GSE104948_H7,3,1.3301279771312216,1.7081764508191095,-2.173256651587443,4.833512605849886,0.24395355155708093,86.85341374138518
RBL1,NONE,GSE96804;GSE30528;GSE104948_H7,3,-0.0712854426678188,0.5139469485752929,-2.168340494019596,2.0257696086839583,0.8971268528823565,73.7221830973075
RBX1,NONE,GSE96804;GSE30528;GSE104948_H7,2,0.569336852435852,0.6891277441314201,-7.949762255226611,9.088435960098314,0.5518143266455755,76.6033981698922
RHOA,NONE,GSE96804;GSE30528;GSE104948_H7,3,0.0988888012239401,0.896614760559545,-2.457620645323327,2.6553982477712075,0.8831216133650496,85.56679253667694
RNF111,NONE,GSE96804;GSE30528;GSE104948_H7,3,-0.4373720547411956,0.9153004544825447,-3.084816515052278,2.2100724055698873,0.5509099229361591,81.39925240478945
RPS27A,NONE,GSE96804;GSE30528;GSE104948_H7,1,,,,,,
SCUBE1,NONE,GSE96804;GSE30528;GSE104948_H7,1,,,,,,
SCUBE3,NONE,GSE96804;GSE30528;GSE104948_H7,1,,,,,,
SDC1,NONE,GSE96804;GSE30528;GSE104948_H7,3,-0.6019221266360985,1.6156727464332155,-3.9251225548417823,2.721278301569585,0.5173633768942707,90.7446605171376
SDC2,NONE,GSE96804;GSE30528;GSE104948_H7,3,-0.5993583610318087,1.3568464111132577,-3.749065099588768,2.5503483775251503,0.49896488578507936,84.8992544146254
SDC3,NONE,GSE96804;GSE30528;GSE104948_H7,3,0.11259165786540097,0.32507372575912885,-1.6027886704460155,1.8279719861768173,0.8041715098195031,69.05145998935009
SDC4,NONE,GSE96804;GSE30528;GSE104948_H7,3,-0.5549275005208832,0.8625406466472553,-3.0669402150190512,1.957085213977285,0.44218016297545515,86.20185484474717
SELE,NONE,GSE96804;GSE30528;GSE104948_H7,3,0.8660565486902626,0.2871136048563066,-0.8558477635784457,2.587960860958971,0.16289530895904747,62.28532485326802
SELL,NONE,GSE96804;GSE30528;GSE104948_H7,3,0.11077841916736354,1.7855019947516073,-3.3642387467433217,3.585795585078049,0.9034646429973245,92.9490597247398
SELP,NONE,GSE96804;GSE30528;GSE104948_H7,3,-0.19295104044378025,0.009498613119102727,-1.1201002021157331,0.7341981212281725,0.46504774790579634,0.0
SELPLG,NONE,GSE96804;GSE30528;GSE104948_H7,3,0.6819109296242029,0.8841415504743481,-1.8747628457736636,3.238584705022069,0.36988824077196647,86.69861685343953
SEM1,NONE,GSE96804;GSE30528;GSE104948_H7,0,,,,,,
SERPINA10,NONE,GSE96804;GSE30528;GSE104948_H7,3,-0.03340435960218041,0.9331273495039349,-2.692076267840876,2.625267548636515,0.9618018236103375,82.24700059132121
SERPINA5,NONE,GSE96804;GSE30528;GSE104948_H7,3,-0.34067820708563507,0.47820379187623413,-2.3160176233265557,1.6346612091552855,0.5353635812904514,78.0486610854124
SERPINC1,NONE,GSE96804;GSE30528;GSE104948_H7,3,-0.5239568968968208,0.0644718131416405,-1.6509045668837024,0.6029907730900609,0.1834419413789934,28.333678123751326
SERPIND1,NONE,GSE96804;GSE30528;GSE104948_H7,3,-0.6084222968118332,0.2270615290277703,-2.1468806818974207,0.9300360882737543,0.2309390565829465,60.30395800996513
SERPINE1,NONE,GSE96804;GSE30528;GSE104948_H7,3,0.47346706614844614,0.16927267031242849,-0.9704756090903961,1.9174097413872884,0.2937394614145643,52.73071516866445
SERPINE2,NONE,GSE96804;GSE30528;GSE104948_H7,3,1.592117483882559,0.9000360960086514,-1.0430105593935926,4.22724552715871,0.12157081152463607,81.36519977782743
SERPING1,NONE,GSE96804;GSE30528;GSE104948_H7,3,-0.14838060718133134,0.5934425646111624,-2.311652374532385,2.0148911601697224,0.7957175733173543,79.09523725928321
SERPINH1,NONE,GSE96804;GSE30528;GSE104948_H7,3,1.8651184105942118,1.4069634440835312,-1.3334981690163867,5.063734990204811,0.12886494691222308,87.82436081495622
SGCA,NONE,GSE96804;GSE30528;GSE104948_H7,3,0.41869702935916114,1.1063075922018386,-2.380332233166834,3.2177262918851564,0.5857733383009698,88.18666436314513
SGCB,NONE,GSE96804;GSE30528;GSE104948_H7,3,-0.8584233308581932,0.011372668938604306,-1.8282124325409275,0.11136577082454102,0.0625431189022079,0.0
SGCD,NONE,GSE96804;GSE30528;GSE104948_H7,3,0.40027834459602596,0.030931402974633957,-0.6125465241907978,1.4131032133828496,0.23115009467695297,6.228149326885156
SGCE,NONE,GSE96804;GSE30528;GSE104948_H7,3,-0.659248283338058,4.8906173703261375,-6.350690896864116,5.032194330188,0.6676255946343148,93.48952561388305
SGCG,NONE,GSE96804;GSE30528;GSE104948_H7,3,0.1330001774832289,0.0697889573703486,-1.1258777104532038,1.3918780654196614,0.6939873488758616,39.384699083350455
SGCZ,NONE,GSE96804;GSE30528;GSE104948_H7,1,,,,,,
SH3PXD2A,NONE,GSE96804;GSE30528;GSE104948_H7,3,0.9929689441584955,0.2683951622311919,-0.6647955084160004,2.650733396732991,0.12331770508397483,61.68604814011766
SHC1,NONE,GSE96804;GSE30528;GSE104948_H7,3,1.2534738584973504,0.3340901745052791,-0.5622969245700291,3.0692446415647296,0.09711786402514525,64.22715636813763
SIRPA,NONE,GSE96804;GSE30528;GSE104948_H7,3,-1.3626736760378484,0.0,-2.3355736872773116,-0.3897736647983854,0.02644723862322093,0.0
SIRPG,NONE,GSE96804;GSE30528;GSE104948_H7,3,0.5346406694085007,0.0,-0.3622044839069857,1.431485822723987,0.12428696531269086,0.0
SKI,NONE,GSE96804;GSE30528;GSE104948_H7,3,0.20313076403293903,0.6863211377987215,-2.1471471939448437,2.5534087220107216,0.7456922259015435,77.78164264172112
SKIL,NONE,GSE96804;GSE30528;GSE104948_H7,3,0.7895182832220335,2.1099314629714163,-2.964085081014432,4.543121647458499,0.46098580865216326,93.23061604664561
SLC16A1,NONE,GSE96804;GSE30528;GSE104948_H7,3,0.44294041839542975,0.05794037755713914,-0.7430072172893301,1.6288880540801896,0.2492987290795518,33.429972512185266
SLC16A3,NONE,GSE96804;GSE30528;GSE104948_H7,2,1.0193797977772399,0.5938905565717332,-6.770940684307688,8.809700279862168,0.34472259448391973,77.82351208632127
SLC16A8,NONE,GSE96804;GSE30528;GSE104948_H7,3,-0.056991208782477557,0.8766840680424288,-2.6519119222430683,2.537929504678113,0.9333288887259201,81.1329987798249
SLC3A2,NONE,GSE96804;GSE30528;GSE104948_H7,3,-0.7395495807085087,0.8328737860582829,-3.2175499264826346,1.7384507650656174,0.32776834928558074,85.65949972281962
SLC7A10,NONE,GSE96804;GSE30528;GSE104948_H7,3,-0.8956412433871976,0.48315432683764464,-2.9908766356071714,1.1995941488327764,0.20725444595049797,70.17596844015355
SLC7A11,NONE,GSE96804;GSE30528;GSE104948_H7,3,0.9691067608923097,0.0,0.0374341053974,1.9007794163872194,0.04647167647467964,0.0
SLC7A5,NONE,GSE96804;GSE30528;GSE104948_H7,3,-0.33610012335287703,0.055726007236585766,-1.4294444690978485,0.7572442223920943,0.3169295310571616,22.00243926386957
SLC7A6,NONE,GSE96804;GSE30528;GSE104948_H7,3,1.674329544630316,0.722084342172772,-0.8006166132339583,4.14927570249459,0.10054033821898062,74.87067106486421
SLC7A7,NONE,GSE96804;GSE30528;GSE104948_H7,3,-0.8763555857386401,0.7469452902389428,-3.2496837755595327,1.4969726040822526,0.253053242286971,83.50608017662267
SLC7A8,NONE,GSE96804;GSE30528;GSE104948_H7,3,-0.9099413594164256,1.2435519855965205,-3.8814277490555185,2.0615450302226668,0.31833340376401925,87.55716556364203
SLC7A9,NONE,GSE96804;GSE30528;GSE104948_H7,3,-0.9175237984595281,0.0,-1.907179533129662,0.07213193621060576,0.05747877771136704,12.074763221587688
SMAD2,NONE,GSE96804;GSE30528;GSE104948_H7,3,-0.3810345259319182,0.07053946372599565,-1.5548105778524515,0.7927415259886149,0.29730249707555556,33.59855148059121
SMAD3,NONE,GSE96804;GSE30528;GSE104948_H7,3,0.5444989272739788,0.19132914086732253,-0.91457551071684,2.0035733652647973,0.2495705639676957,56.19959981193705
SMAD4,NONE,GSE96804;GSE30528;GSE104948_H7,3,-0.5752506578556107,0.27822064022538545,-2.275634985446037,1.1251336697348153,0.28276696818124275,62.252000778014306
SMAD7,NONE,GSE96804;GSE30528;GSE104948_H7,3,-0.00919709471050401,0.01088547624803144,-1.0540401004626783,1.0356459110416703,0.9732289605739005,24.529512250396987
SMPD1,NONE,GSE96804;GSE30528;GSE104948_H7,3,-0.09086086581375749,1.135926698954211,-2.921931824252292,2.7402100926247774,0.9028177733089174,89.36740311754164
SMURF1,NONE,GSE96804;GSE30528;GSE104948_H7,3,1.0131503945026146,0.5506381337007072,-1.0949669045305601,3.1212676935357893,0.17457751522520898,77.65893713210318
SMURF2,NONE,GSE96804;GSE30528;GSE104948_H7,3,0.4032311033846002,0.737023634516402,-1.9493207626536373,2.755782969422838,0.5376158970091053,83.43206955094192
SNTA1,NONE,GSE96804;GSE30528;GSE104948_H7,3,-1.40336231999709,0.3444992391480251,-3.2004324699851843,0.3937078299910042,0.07831272108160255,66.9399101910504
SNTB1,NONE,GSE96804;GSE30528;GSE104948_H7,3,0.13864267278212625,0.06274261653143617,-0.975629543718281,1.2529148892825335,0.6459648872659094,25.968314905251123
SNTB2,NONE,GSE96804;GSE30528;GSE104948_H7,3,0.668712555416126,0.0,-0.23642055917163696,1.5738456700038888,0.0863392628703423,0.0
SNTG2,NONE,GSE96804;GSE30528;GSE104948_H7,3,0.9653394668407038,0.39979009986320213,-0.9854380813364239,2.9161170150178313,0.16700700012359995,67.44012014542885
SNW1,NONE,GSE96804;GSE30528;GSE104948_H7,3,0.31517781932748623,0.7061676552167502,-2.0000143113167317,2.630369949971704,0.6173424462835713,82.93054085350639
SOS1,NONE,GSE96804;GSE30528;GSE104948_H7,3,0.33236302412402924,0.14986857466051434,-1.0187551899169232,1.6834812381649815,0.4008140671663939,50.36063487989614
SP1,NONE,GSE96804;GSE30528;GSE104948_H7,3,-0.6188620391974282,0.0,-1.5234288378932228,0.2857047594983665,0.09862640605945426,0.0
SPARC,NONE,GSE96804;GSE30528;GSE104948_H7,3,-0.0816874652917739,0.07814316809358227,-1.3059631790483923,1.1425882484648446,0.8010570884742362,37.93593746895157
SPN,NONE,GSE96804;GSE30528;GSE104948_H7,3,0.3198691210519573,0.0,-0.5700455272568046,1.2097837693607192,0.2620275253273636,0.0
SPOCK3,NONE,GSE96804;GSE30528;GSE104948_H7,3,0.4354027035791953,0.20850267917685358,-1.1545995423765611,2.025404949534952,0.35990614085251066,56.00643259411567
SPP1,NONE,GSE96804;GSE30528;GSE104948_H7,3,0.5617148459597653,0.5876277937061924,-1.6652036439273794,2.7886333358469098,0.39119233622662286,74.80847201250843
SRC,NONE,GSE96804;GSE30528;GSE104948_H7,3,0.26811928875273433,0.8028939682401656,-2.243455006818004,2.7796935843234722,0.6910941460057245,79.42224577545916
SSPN,NONE,GSE96804;GSE30528;GSE104948_H7,3,1.3653043942941867,0.0,0.3386245660794456,2.3919842225089276,0.02921303500430869,9.530614801145267
STAT1,NONE,GSE96804;GSE30528;GSE104948_H7,3,-0.054090089467080334,0.0,-1.061823094521177,0.9536429155870163,0.838832100425517,22.394764059844707
STRAP,NONE,GSE96804;GSE30528;GSE104948_H7,3,-0.40689807699732283,0.23581714668133888,-2.05365251446058,1.2398563604659345,0.3991010125497125,58.124593078696684
STUB1,NONE,GSE96804;GSE30528;GSE104948_H7,3,-0.24180913435248505,1.0883853365095113,-3.018063859564171,2.534445590859201,0.7438479257078632,89.19696658858504
TEK,NONE,GSE96804;GSE30528;GSE104948_H7,3,-0.5799730710970649,0.9072820143734364,-3.1606818382215116,2.0007356960273817,0.4355814346556341,87.0349789827757
TFDP1,NONE,GSE96804;GSE30528;GSE104948_H7,3,0.10713927274040633,0.25582928943174693,-1.54593003105641,1.7602085765372226,0.8065380121582646,60.94338309265347
TFDP2,NONE,GSE96804;GSE30528;GSE104948_H7,3,-0.49815686688814187,0.3243770534497439,-2.212699068171454,1.2163853343951705,0.3376959617160284,70.59599556670678
TFPI,NONE,GSE96804;GSE30528;GSE104948_H7,3,0.1527326502402772,1.2880835127117636,-2.8986285612232585,3.2040938617038126,0.8494498431891235,85.97525014881666
TGFB1,NONE,GSE96804;GSE30528;GSE104948_H7,3,0.76846386659323,0.15563739724353806,-0.7000246731369764,2.2369524063234363,0.1531819868578478,49.829627582033524
TGFB2,NONE,GSE96804;GSE30528;GSE104948_H7,3,1.1700779244080228,0.23191073277545368,-0.48776450833947416,2.82792035715552,0.09348168284788341,56.379745314241184
TGFB3,NONE,GSE96804;GSE30528;GSE104948_H7,3,0.9517649417597626,0.20610802861811675,-0.5492005976616613,2.4527304811811863,0.11218287268814969,56.789600048046886
TGFBR1,NONE,GSE96804;GSE30528;GSE104948_H7,3,0.6749518114445727,0.25132347614354833,-0.9436276838273314,2.293531306716477,0.2146334289150204,60.91777399641831
TGFBR2,NONE,GSE96804;GSE30528;GSE104948_H7,3,-1.0061446963088738,0.20339689499141847,-2.528755614028856,0.5164662214111084,0.10464415736349425,55.2409343464213
TGFBR3,NONE,GSE96804;GSE30528;GSE104948_H7,3,-1.9482346675936475,1.4397813878200951,-5.316098839988112,1.419629504800817,0.13054572485679578,79.58223752396194
TGIF1,NONE,GSE96804;GSE30528;GSE104948_H7,3,0.09304219882519635,0.028619947132523763,-0.9067657088609061,1.0928501065112988,0.7275792297026507,7.124409681308828
TGIF2,NONE,GSE96804;GSE30528;GSE104948_H7,3,-0.12652748848230597,0.0,-1.0122307996219746,0.7591758226573626,0.6013929778059492,0.0
THBD,NONE,GSE96804;GSE30528;GSE104948_H7,3,1.3238717931199522,2.8929887943947477,-3.116619113504374,5.764362699744279,0.32815103627343245,91.36717110254521
THBS1,NONE,GSE96804;GSE30528;GSE104948_H7,3,-0.15813154516457806,0.3969884169304716,-1.9997380613138067,1.6834749709846508,0.747240753286628,74.39076047967995
TIMP1,NONE,GSE96804;GSE30528;GSE104948_H7,3,0.7594963541195807,2.270494082963092,-3.2026734651232016,4.7216661733623635,0.4962180370864935,89.60214766752897
TIMP2,NONE,GSE96804;GSE30528;GSE104948_H7,2,-0.8227922035569625,1.7554414427459308,-13.498867836767742,11.853283429653816,0.5609551765828262,88.1596547132311
TLL1,NONE,GSE96804;GSE30528;GSE104948_H7,3,0.09280173085191037,0.0,-0.7914851814194462,0.9770886431232669,0.6958385954287329,0.0
TLL2,NONE,GSE96804;GSE30528;GSE104948_H7,2,0.5748558275692335,0.3503072613754939,-6.128174325222732,7.277885980361198,0.472692411371004,62.86584229382635
TMPRSS6,NONE,GSE96804;GSE30528;GSE104948_H7,3,0.2064082828328302,1.5224874660770924,-3.0866246945238305,3.499441260189491,0.8126750610799651,86.99632315823025
TNC,NONE,GSE96804;GSE30528;GSE104948_H7,3,1.475815819634406,0.08206512416699839,0.19312696922771466,2.7585046700410976,0.03846534394042387,31.44471728038714
TNFRSF10A,NONE,GSE96804;GSE30528;GSE104948_H7,1,,,,,,
TNFRSF10B,NONE,GSE96804;GSE30528;GSE104948_H7,3,1.3489730038989687,2.53386753033942,-2.8456825844134817,5.5436285922114195,0.3006453180106405,89.57403513422798
TNFRSF10D,NONE,GSE96804;GSE30528;GSE104948_H7,3,1.2605039817549764,1.2819048274942255,-1.8150000305310865,4.336007994041039,0.21987626431454138,84.78444650349834
TNN,NONE,GSE96804;GSE30528;GSE104948_H7,3,-0.37621191642700036,1.629436359101001,-3.776057918305204,3.023634085451203,0.6809341027241861,87.34156299439779
TNR,NONE,GSE96804;GSE30528;GSE104948_H7,3,-0.3315249048374335,0.35271961223530823,-2.1873990621642716,1.5243492524894047,0.522480945743932,65.96899684477387
TNXB,NONE,GSE96804;GSE30528;GSE104948_H7,3,0.872210588117512,0.6010480734798748,-1.302872890331991,3.047294066567015,0.22660296313874465,79.70447762813357
TPSAB1,NONE,GSE96804;GSE30528;GSE104948_H7,2,0.92116810075881,0.04766190210909395,-3.704780233414515,5.547116434932135,0.2396138246552746,17.939794685944616
TRAPPC4,NONE,GSE96804;GSE30528;GSE104948_H7,1,,,,,,
TREM1,NONE,GSE96804;GSE30528;GSE104948_H7,3,-0.7029455288313491,1.0012583476127805,-3.382461944409877,1.976570886747179,0.37618522234087576,87.86146732177093
TRIM33,NONE,GSE96804;GSE30528;GSE104948_H7,3,0.13802812289817445,0.21780125906815445,-1.364200447466795,1.6402566932631442,0.7307757900322216,59.809069538675
TSPAN7,NONE,GSE96804;GSE30528;GSE104948_H7,3,-0.8310202109411201,0.0,-1.7489221273011581,0.08688170541891793,0.060028917976901845,0.0
TTR,NONE,GSE96804;GSE30528;GSE104948_H7,3,0.08556140434109681,0.4013748816542512,-1.765064673140281,1.9361874818224747,0.8607080649356533,75.09273033154318
UBA52,NONE,GSE96804;GSE30528;GSE104948_H7,3,0.3604527773625967,0.7785488186667758,-2.0514455682178117,2.7723511229430047,0.5860917424543048,85.54042283704412
UBB,NONE,GSE96804;GSE30528;GSE104948_H7,3,-0.8839934846504998,0.6540807629297201,-3.1618696702218987,1.393882700920899,0.236914827416766,78.7667954839037
UBC,NONE,GSE96804;GSE30528;GSE104948_H7,2,-1.4499316825660515,0.31621886874284644,-7.5901075769668065,4.6902442118347025,0.20480579935277554,66.88210479201113
UBE2D1,NONE,GSE96804;GSE30528;GSE104948_H7,3,-0.03155450956263141,0.16093244080739802,-1.4049832108882183,1.3418741917629553,0.9302702327103118,52.77339438469918
UBE2D2,NONE,GSE96804;GSE30528;GSE104948_H7,3,0.15535796203875382,0.24130220677761002,-1.4916319944321363,1.8023479185096438,0.7241470948985356,59.06588055910482
UBE2D3,NONE,GSE96804;GSE30528;GSE104948_H7,3,0.22704529211389202,0.0,-0.6603740414103645,1.1144646256381485,0.3857516627028953,0.0
UBE2M,NONE,GSE96804;GSE30528;GSE104948_H7,3,-0.4687153298626509,0.5707955663493833,-2.5864837236771727,1.6490530639518708,0.4414579045741415,81.00312169567106
UCHL5,NONE,GSE96804;GSE30528;GSE104948_H7,3,-0.23134347734908153,0.16718790576143783,-1.6201210536724338,1.1574340989742709,0.5479329073119866,53.77805178325692
USP15,NONE,GSE96804;GSE30528;GSE104948_H7,2,0.33365598412254077,0.15281435208010596,-4.408179677249313,5.075491645494395,0.5355696685243961,52.49458985203653
USP9X,NONE,GSE96804;GSE30528;GSE104948_H7,3,-1.2536576563397128,1.5786899893749937,-4.59914085787711,2.091825545197685,0.24821337553350853,88.46642961731389
UTRN,NONE,GSE96804;GSE30528;GSE104948_H7,3,0.044846235514976414,0.6112787318424748,-2.1314483659725085,2.2211408370024617,0.937428328094467,81.73394925362749
VCAM1,NONE,GSE96804;GSE30528;GSE104948_H7,3,1.0276942552040538,0.10305781237511347,-0.24709503999636007,2.3024835504044674,0.07400612876718257,36.211696303268695
VCAN,NONE,GSE96804;GSE30528;GSE104948_H7,3,1.2274548602047772,0.01774040495813368,0.1293213004972713,2.3255884199122834,0.04061818953578613,19.057808714232895
VEGFA,NONE,GSE96804;GSE30528;GSE104948_H7,3,-1.089227733479754,0.18022404419427215,-2.6151158221013415,0.43666035514183354,0.09166487719724048,50.95472918539209
VHL,NONE,GSE96804;GSE30528;GSE104948_H7,2,0.5960099079799446,0.0,-2.3988342724103817,3.590854088370271,0.23974356463480231,0.0
VPREB1,NONE,GSE96804;GSE30528;GSE104948_H7,3,0.5658053236362096,0.0394131027831658,-0.5515591714827836,1.6831698187552027,0.1612086998287143,27.54854426045209
VPREB3,NONE,GSE96804;GSE30528;GSE104948_H7,3,0.09762651076605011,0.0626183733458318,-1.095602079332681,1.2908551008647813,0.7584479272631549,35.44571571925446
VTN,NONE,GSE96804;GSE30528;GSE104948_H7,1,,,,,,
VWF,NONE,GSE96804;GSE30528;GSE104948_H7,3,1.1730849106867889,0.0,0.21744807022878165,2.1287217511447962,0.034027970183830705,0.0
WTIP,NONE,GSE96804;GSE30528;GSE104948_H7,1,,,,,,
WWTR1,NONE,GSE96804;GSE30528;GSE104948_H7,3,-0.8236366816240309,0.7461532366727865,-3.2069925093062803,1.5597191460582183,0.27540323256238025,81.78111240263884
XCL1,NONE,GSE96804;GSE30528;GSE104948_H7,3,0.20433120962340792,0.3626634293403501,-1.6663204227614992,2.074982842008315,0.6846335069500376,66.52828116283136
XCL2,NONE,GSE96804;GSE30528;GSE104948_H7,1,,,,,,
XCR1,NONE,GSE96804;GSE30528;GSE104948_H7,3,0.0729822329527379,0.1642146160605613,-1.308081284381946,1.4540457502874218,0.841261234652682,53.30943698489388
XPO1,NONE,GSE96804;GSE30528;GSE104948_H7,3,0.21006279340460457,0.8307623831197987,-2.264633021453977,2.684758608263186,0.7499491374249665,84.34007705122384
YBX1,NONE,GSE96804;GSE30528;GSE104948_H7,2,0.8139905248976322,0.34234248650426496,-5.446438256426316,7.074419306221581,0.346515719645643,68.67445373736992
YES1,NONE,GSE96804;GSE30528;GSE104948_H7,3,-0.6612881620582607,1.1136991096155582,-3.552310500291191,2.22973417617467,0.428786244666386,83.04150122473672
ZFYVE9,NONE,GSE96804;GSE30528;GSE104948_H7,3,-0.5540595755800564,0.6016107022752382,-2.7640563211531894,1.655937169993077,0.3935282005524272,77.26098891469262
A2M,GSE96804,GSE30528;GSE104948_H7,2,0.8663285822496087,0.8212683779788715,-8.305123608666928,10.037780773166144,0.44222707100685976,78.7361139346658
ACAN,GSE96804,GSE30528;GSE104948_H7,2,0.08425897020987021,0.2383884111235806,-5.854947024293324,6.023464964713064,0.8864611096445193,54.55177247682022
ACKR2,GSE96804,GSE30528;GSE104948_H7,2,-0.511350673946114,1.2988659129051867,-11.56774057884323,10.545039230951003,0.6617691775816391,85.74762642020728
ACKR3,GSE96804,GSE30528;GSE104948_H7,2,-0.0914821288910253,0.0,-4.053375956864502,3.8704116990824518,0.818318860404386,0.0
ACKR4,GSE96804,GSE30528;GSE104948_H7,1,,,,,,
ACTA1,GSE96804,GSE30528;GSE104948_H7,2,-0.07510838561797419,0.0,-4.024946205818085,3.874729434582137,0.8490752448928542,0.0
ACTA2,GSE96804,GSE30528;GSE104948_H7,2,1.7878232710695396,6.61648594942623,-21.906227745696334,25.481874287835417,0.5134079371174781,95.09091452700646
ACTB,GSE96804,GSE30528;GSE104948_H7,2,0.839404985525884,0.07650700802023282,-4.00569415098708,5.684504122038848,0.2714548220981537,26.267729425289225
ACTC1,GSE96804,GSE30528;GSE104948_H7,2,1.6727172490921538,1.0913385049746938,-8.810008565151286,12.155443063335593,0.29170204112278214,79.98596791242238
ACTG1,GSE96804,GSE30528;GSE104948_H7,1,,,,,,
ACTG2,GSE96804,GSE30528;GSE104948_H7,2,0.6814751395419655,0.6238974996775838,-7.549783082307251,8.912733361391183,0.4838825721757707,74.30149574009877
ACTN1,GSE96804,GSE30528;GSE104948_H7,2,3.0638005411410463,0.0,-2.706715184187269,8.834316266469362,0.09368444202529395,0.0
ADAM10,GSE96804,GSE30528;GSE104948_H7,2,1.0428879408316845,0.0004530815724245599,-3.1734058209427087,5.259181702606078,0.19611334185431067,0.20409614429320105
ADAM12,GSE96804,GSE30528;GSE104948_H7,2,2.293428824438318,3.5014178347317664,-15.340775608612955,19.927633257489592,0.3464416148786707,90.76470479684477
ADAM15,GSE96804,GSE30528;GSE104948_H7,2,0.805532311494999,0.0,-3.303273890161516,4.914338513151514,0.24302585096805907,0.0
ADAM17,GSE96804,GSE30528;GSE104948_H7,2,0.018779395233044664,0.0,-3.9515014507436654,3.989060241209755,0.9617849646240411,0.0
ADAM19,GSE96804,GSE30528;GSE104948_H7,2,0.7311844036906531,0.0,-3.3473628512531564,4.809731658634463,0.2633487488193995,0.0
ADAM8,GSE96804,GSE30528;GSE104948_H7,2,1.4101471096079201,0.3773333882877315,-5.70457826017391,8.52487247938975,0.240633673948457,59.9713126388378
ADAM9,GSE96804,GSE30528;GSE104948_H7,2,0.13114546749952655,0.4997558292995955,-7.392672628785037,7.654963563784089,0.8612425085698955,71.2558467365884
ADAMTS1,GSE96804,GSE30528;GSE104948_H7,2,1.6061351896272837,6.042669282998585,-21.0541244620414,24.26639484129597,0.5332636278121494,94.95375847227605
ADAMTS13,GSE96804,GSE30528;GSE104948_H7,2,0.47009164908565504,0.0,-3.5510221916445235,4.491205489815833,0.37720751983269774,0.0
ADAMTS14,GSE96804,GSE30528;GSE104948_H7,0,,,,,,
ADAMTS16,GSE96804,GSE30528;GSE104948_H7,0,,,,,,
ADAMTS18,GSE96804,GSE30528;GSE104948_H7,0,,,,,,
ADAMTS2,GSE96804,GSE30528;GSE104948_H7,2,1.3599840711921183,0.0,-3.0127380128177195,5.7327061552019565,0.15778297643670938,0.0
ADAMTS3,GSE96804,GSE30528;GSE104948_H7,2,0.6970396579623165,0.0,-3.3762183540113564,4.77029766993599,0.2744217804157291,0.0
ADAMTS4,GSE96804,GSE30528;GSE104948_H7,0,,,,,,
ADAMTS5,GSE96804,GSE30528;GSE104948_H7,2,0.4336894227725005,0.34172777317198844,-6.198079219453752,7.0654580649987535,0.55861927192264,62.67271177738771
ADAMTS8,GSE96804,GSE30528;GSE104948_H7,2,-0.02080789187485286,0.0,-3.981140040928297,3.939524257178592,0.9575626266464619,0.0
ADAMTS9,GSE96804,GSE30528;GSE104948_H7,1,,,,,,
ADRM1,GSE96804,GSE30528;GSE104948_H7,2,0.33839460455998605,0.3695673441755119,-6.45334870927768,7.1301379183976525,0.6406994642308402,64.63951064700906
AGRN,GSE96804,GSE30528;GSE104948_H7,2,0.3305205027485863,0.7457056924801279,-8.44231385862182,9.103354864118991,0.7157666869998572,78.21112656367336
AJUBA,GSE96804,GSE30528;GSE104948_H7,0,,,,,,
ANGPT1,GSE96804,GSE30528;GSE104948_H7,2,0.4139211912362202,0.0,-3.5750699162633994,4.402912298735839,0.4130962649383657,0.0
ANGPT2,GSE96804,GSE30528;GSE104948_H7,2,1.071477361696457,0.04857127173014345,-3.5989476312880817,5.741902354680995,0.210383740864825,17.85767889248269
ANGPT4,GSE96804,GSE30528;GSE104948_H7,2,-0.06385940339855059,2.264480693810258,-14.231714859032666,14.103996052235564,0.9635797806657546,91.06657455559878
ANO5,GSE96804,GSE30528;GSE104948_H7,0,,,,,,
ANO6,GSE96804,GSE30528;GSE104948_H7,0,,,,,,
APOB,GSE96804,GSE30528;GSE104948_H7,2,-0.7345593533741037,1.2478513057630316,-11.622927015239027,10.153808308490818,0.5488551251618841,84.92123201131815
APP,GSE96804,GSE30528;GSE104948_H7,2,0.4996800594392633,0.17973284165276007,-5.068417516548641,6.067777635427167,0.45834135013139304,46.78562803474471
ARHGEF18,GSE96804,GSE30528;GSE104948_H7,2,-0.9086091003765107,0.0,-5.061863060219365,3.2446448594663435,0.21984415944958904,0.0
ARNT,GSE96804,GSE30528;GSE104948_H7,2,-0.11576689917698099,1.0428298036225294,-10.163469769342221,9.93193597098826,0.9074578891940545,83.37981164772906
ASPN,GSE96804,GSE30528;GSE104948_H7,2,1.3260944262604288,1.8410697967408174,-11.67938411710891,14.331572969629768,0.4184772768814439,87.78005815804613
ATP1B1,GSE96804,GSE30528;GSE104948_H7,2,0.2535829831417203,0.07490770433796609,-4.441881918170273,4.949047884453714,0.617129746448763,27.4264493657116
ATP1B2,GSE96804,GSE30528;GSE104948_H7,2,-0.20998210377414045,0.0,-4.181701735372113,3.7617375278238323,0.6234227017871664,0.0
ATP1B3,GSE96804,GSE30528;GSE104948_H7,2,0.7239125478516865,2.1224372609053033,-13.057290189374475,14.505115285077848,0.6253234410415266,90.18551230613264
ATP1B4,GSE96804,GSE30528;GSE104948_H7,2,-0.41653107096002523,0.0,-4.409781757595542,3.5767196156754912,0.41149791242046435,0.0
BAMBI,GSE96804,GSE30528;GSE104948_H7,2,-0.3185105108510873,2.119231110983296,-14.072267834932871,13.435246813230696,0.8178157389753847,90.43223813555579
BCAN,GSE96804,GSE30528;GSE104948_H7,2,-0.2475557673629839,0.8303033557295079,-9.394322393570066,8.899210858844098,0.7891371965749807,80.1007117975512
BGN,GSE96804,GSE30528;GSE104948_H7,2,0.48862062775854637,7.2638986867375355,-24.195019585339814,25.172260840856907,0.8431292738631182,96.23616167386953
BMP1,GSE96804,GSE30528;GSE104948_H7,2,0.5746461395909207,0.5873344668748284,-7.442629833099304,8.591922112281146,0.5297215919079133,73.70882701806384
BMP10,GSE96804,GSE30528;GSE104948_H7,2,-0.02661546657024618,0.4249141593945763,-7.131660715666706,7.0784297825262135,0.9697214158935318,67.94157275107673
BMP2,GSE96804,GSE30528;GSE104948_H7,2,-0.23833458831254906,5.559059807726166,-21.919099927731786,21.442430751106684,0.9116497717924978,95.46609400136117
BMP4,GSE96804,GSE30528;GSE104948_H7,2,0.4841970724512373,0.13229237870587196,-4.708579571363842,5.676973716266316,0.4462845948730667,39.53359320364878
BMP7,GSE96804,GSE30528;GSE104948_H7,2,-0.9465948890419486,1.754797290957295,-13.61780117737917,11.724611399295272,0.5165846560504387,88.17544205465492
BSG,GSE96804,GSE30528;GSE104948_H7,2,0.48868901415668636,0.9610974015716579,-9.239123345129917,10.216501373443288,0.6383267506051608,81.95743109657295
C1QA,GSE96804,GSE30528;GSE104948_H7,2,3.1092941414101807,0.0,-2.7145643476597723,8.933152630480134,0.09317442590338687,0.0
C1QB,GSE96804,GSE30528;GSE104948_H7,2,2.856889486051118,0.0,-2.7060843760267352,8.41986334812897,0.09680819494644682,0.0
C1QC,GSE96804,GSE30528;GSE104948_H7,0,,,,,,
C1R,GSE96804,GSE30528;GSE104948_H7,2,0.9095636515233535,3.973680257911538,-17.571862448053665,19.39098975110037,0.6442308130460369,93.89131182093902
C1S,GSE96804,GSE30528;GSE104948_H7,2,0.9225304126529702,0.20990574055805358,-4.944255486930936,6.789316312236877,0.29542160731190253,49.07615831521045
C2,GSE96804,GSE30528;GSE104948_H7,2,1.7696124374622797,0.0,-2.865199164395714,6.404424039320274,0.129412931809861,0.0
C3,GSE96804,GSE30528;GSE104948_H7,2,2.0338393152442666,0.0,-2.805085138263264,6.872763768751797,0.11784096210020753,0.0
C3AR1,GSE96804,GSE30528;GSE104948_H7,2,2.2111787091277546,0.2286758370881526,-4.384759436329608,8.807116854585118,0.14679882586197895,42.04894858716027
C4A,GSE96804,GSE30528;GSE104948_H7,1,,,,,,
C4B,GSE96804,GSE30528;GSE104948_H7,0,,,,,,
C4BPA,GSE96804,GSE30528;GSE104948_H7,2,0.30721756672350503,0.0,-3.689006159057499,4.303441292504509,0.5074663897998078,0.0
C4BPB,GSE96804,GSE30528;GSE104948_H7,2,0.26891962845858897,0.25361419838184307,-5.786686588573496,6.324525845490673,0.6729513184684323,55.82854935881654
C5,GSE96804,GSE30528;GSE104948_H7,2,-0.001009859980030283,0.0,-3.9595181542600475,3.9574984342999873,0.9979364069653801,0.0
C5AR1,GSE96804,GSE30528;GSE104948_H7,2,0.2725819984296712,0.6028258747473882,-7.796383016955235,8.341547013814578,0.7418810456552637,74.72204156959292
C5AR2,GSE96804,GSE30528;GSE104948_H7,2,-0.25279541531151983,0.0028916778553855576,-4.265286781494367,3.759695950871327,0.5702456689241138,1.4470066858952717
C6,GSE96804,GSE30528;GSE104948_H7,2,-0.3163983127194509,1.1161888207505521,-10.663705460703458,10.030908835264555,0.7640826935492537,84.14312417878442
C7,GSE96804,GSE30528;GSE104948_H7,2,1.3603654414165574,0.6260566905130477,-7.047989773477545,9.76872065631066,0.28822975375576654,71.31946824162291
C8A,GSE96804,GSE30528;GSE104948_H7,2,0.36517409291980435,0.4710933334803827,-7.022319247230449,7.752667433070057,0.6429741067979203,69.67616512599164
C8B,GSE96804,GSE30528;GSE104948_H7,2,-0.28616145671318693,0.0,-4.2700588146354805,3.6977359012091062,0.5290433476926331,0.0
C8G,GSE96804,GSE30528;GSE104948_H7,2,0.6847168960311839,0.1431313392767729,-4.649579882930417,6.019013674992785,0.3501508504797794,40.57546817458591
C9,GSE96804,GSE30528;GSE104948_H7,2,0.06953225078810793,0.0,-3.8805388462384056,4.019603347814622,0.8599162674134566,0.0
CA9,GSE96804,GSE30528;GSE104948_H7,2,-0.644826936250946,0.2771293103719734,-6.898688701121137,5.609034828619245,0.4150456883553649,57.10773866673664
CAPN1,GSE96804,GSE30528;GSE104948_H7,2,1.6797572831191343,0.2362627871854376,-4.699575653348413,8.05909021958668,0.18489926342253304,46.56559036227575
CAPN10,GSE96804,GSE30528;GSE104948_H7,2,-0.37076109970580834,0.0,-4.351580191109121,3.610057991697504,0.44664646742580194,0.0
CAPN11,GSE96804,GSE30528;GSE104948_H7,2,-0.24946099502876082,0.4193821048064537,-7.328299950177449,6.829377960119928,0.7319836007798627,67.53716111820754
CAPN12,GSE96804,GSE30528;GSE104948_H7,0,,,,,,
CAPN13,GSE96804,GSE30528;GSE104948_H7,0,,,,,,
CAPN14,GSE96804,GSE30528;GSE104948_H7,0,,,,,,
CAPN15,GSE96804,GSE30528;GSE104948_H7,2,0.7099426357583213,0.26893160481684275,-5.520060667377623,6.939945938894266,0.38478169226867054,55.89434514062077
CAPN2,GSE96804,GSE30528;GSE104948_H7,2,-0.30848052005338084,0.0,-4.2939097711558025,3.6769487310490407,0.5052999867367932,0.0
CAPN3,GSE96804,GSE30528;GSE104948_H7,2,0.11623707736750005,1.9936312289507623,-13.250787906129677,13.483262060864678,0.9299435935649436,90.06923937832147
CAPN5,GSE96804,GSE30528;GSE104948_H7,2,0.40130220037330533,0.0,-3.587208414596402,4.389812815343013,0.42258747697719873,0.0
CAPN6,GSE96804,GSE30528;GSE104948_H7,2,1.19387814648322,3.013014989584052,-15.059851811829569,17.44760810479601,0.5219539224473201,92.01949717257484
CAPN7,GSE96804,GSE30528;GSE104948_H7,2,0.03961518406720614,0.1962779151200123,-5.601016684798178,5.68024705293259,0.9433394182546331,49.793161121537125
CAPN8,GSE96804,GSE30528;GSE104948_H7,0,,,,,,
CAPN9,GSE96804,GSE30528;GSE104948_H7,2,-0.9862934440940431,0.5179138889541979,-8.717196387278412,6.744609499090326,0.3518894446878577,69.82379115940795
CAPNS1,GSE96804,GSE30528;GSE104948_H7,2,0.3289267055050501,1.1346942238530222,-10.09174241230685,10.749595823316952,0.7571755119237734,84.3375034848007
CAPNS2,GSE96804,GSE30528;GSE104948_H7,0,,,,,,
CASK,GSE96804,GSE30528;GSE104948_H7,2,0.965195495512514,0.0,-3.219693088283525,5.150084079308553,0.2093489431252366,0.0
CASP3,GSE96804,GSE30528;GSE104948_H7,2,1.889346392711955,2.029187463915091,-11.814293169822413,15.592985955246323,0.330212417543731,87.08306655513093
CAST,GSE96804,GSE30528;GSE104948_H7,2,-0.6744169374346417,0.7950489440793161,-9.714576694348487,8.365742819479205,0.5170192893796712,78.5029135790866
CAV1,GSE96804,GSE30528;GSE104948_H7,2,1.2181208591362394,4.141609923875722,-17.66048305654773,20.096724774820206,0.5628140039251162,93.77082724934442
CBL,GSE96804,GSE30528;GSE104948_H7,2,-0.2909868464381681,0.015158408676349785,-4.430739894754604,3.848766201878268,0.5358999599271193,7.125830936581723
CCL1,GSE96804,GSE30528;GSE104948_H7,2,-0.41707848511391227,3.5909520963597874,-18.002809988882635,17.168653018654812,0.8136638501709278,93.72701800238808
CCL11,GSE96804,GSE30528;GSE104948_H7,2,0.8364201825018801,0.0,-3.2775097710495635,4.9503501360533235,0.23512362275072468,0.0
CCL13,GSE96804,GSE30528;GSE104948_H7,2,1.0921898622036033,0.0,-3.1425322939998495,5.3269120184070555,0.18854976112920505,0.0
CCL16,GSE96804,GSE30528;GSE104948_H7,2,-0.2633938994871256,0.22760766916731634,-6.133803066157358,5.607015267183107,0.6701379287053935,53.282120488259366
CCL17,GSE96804,GSE30528;GSE104948_H7,2,-0.04624888149209591,0.22058902457369783,-5.8592920732551335,5.766794310270942,0.9358612116511459,52.68538218143447
CCL19,GSE96804,GSE30528;GSE104948_H7,2,1.396852660731149,0.0,-3.0012842915679023,5.7949896130302,0.15463974417430634,0.0
CCL2,GSE96804,GSE30528;GSE104948_H7,2,1.7598078591594861,1.5861833424693674,-10.519921985376389,14.039537703695363,0.3197146715508492,84.7592267231633
CCL20,GSE96804,GSE30528;GSE104948_H7,2,0.8243752420621251,1.0119289011564974,-9.15300264959282,10.80175313371707,0.48452330029527085,81.99503654373652
CCL21,GSE96804,GSE30528;GSE104948_H7,2,1.2022577412323252,0.0,-3.0799122061719246,5.4844276886365755,0.17399025295097828,0.0
CCL22,GSE96804,GSE30528;GSE104948_H7,2,0.021212479846007836,1.1202750963765407,-10.336797702168244,10.379222661860261,0.9834379882893982,84.28900259217015
CCL25,GSE96804,GSE30528;GSE104948_H7,2,-0.31990889816322604,0.4409605835641837,-7.5266212412916556,6.886803444965203,0.6730615654841291,68.50815081416881
CCL27,GSE96804,GSE30528;GSE104948_H7,2,0.2451234738793419,0.4454594751432102,-6.9881161832802645,7.478363131038948,0.741150913693908,68.72900039897414
CCL28,GSE96804,GSE30528;GSE104948_H7,0,,,,,,
CCL3,GSE96804,GSE30528;GSE104948_H7,1,,,,,,
CCL3L1,GSE96804,GSE30528;GSE104948_H7,0,,,,,,
CCL4,GSE96804,GSE30528;GSE104948_H7,2,1.2437252783746624,1.2318666608407687,-9.667548589867323,12.15499914661665,0.38470353961283127,83.41898470226016
CCL5,GSE96804,GSE30528;GSE104948_H7,2,2.374835064730716,1.1756936451648363,-8.672380063798341,13.422050193259773,0.22342043763279773,77.472753419193
CCL7,GSE96804,GSE30528;GSE104948_H7,2,-0.4512651440010046,0.06570319981042608,-5.085268195308956,4.182737907306947,0.432716528527025,24.643538054036846
CCNC,GSE96804,GSE30528;GSE104948_H7,2,0.3672201467975469,0.3181518388759755,-6.110762200487251,6.845202494082345,0.6026163490977162,61.158899882197304
CCNK,GSE96804,GSE30528;GSE104948_H7,2,0.33765905884358566,0.1479156976027711,-4.956626456064016,5.631944573751187,0.5664388938017421,42.55211842031029
CCNT1,GSE96804,GSE30528;GSE104948_H7,2,-0.269437762142445,0.0,-4.235599140991462,3.6967236167065716,0.5466636586603045,0.0
CCNT2,GSE96804,GSE30528;GSE104948_H7,2,-0.07805403209962046,0.0,-4.0329279566047465,3.8768198924055057,0.8435794342524592,0.0
CCR1,GSE96804,GSE30528;GSE104948_H7,2,2.3177441889620822,2.1911870044872805,-11.976321604427351,16.611809982351517,0.2876735859888762,86.3807623010151
CCR10,GSE96804,GSE30528;GSE104948_H7,2,1.0667518254771298,0.0,-3.1456904772240066,5.279194128178267,0.19182513014249616,0.0
CCR2,GSE96804,GSE30528;GSE104948_H7,2,1.7585436134482753,0.0,-2.8784134551243317,6.395500682020883,0.13026364239874647,0.0
CCR3,GSE96804,GSE30528;GSE104948_H7,2,0.07522692231886616,0.0,-3.894272202079048,4.0447260467167805,0.8495669549529955,0.0
CCR4,GSE96804,GSE30528;GSE104948_H7,2,-0.4444253008139535,2.963640584318252,-16.508945143072584,15.620094541444676,0.784805953773233,92.694834972517
CCR5,GSE96804,GSE30528;GSE104948_H7,2,1.959705828233909,0.0,-2.8206435358312345,6.740055192299053,0.12074827614598056,0.0
CCR6,GSE96804,GSE30528;GSE104948_H7,2,1.1134085249924865,0.0,-3.12467162556941,5.351488675554383,0.18529616833405047,0.0
CCR7,GSE96804,GSE30528;GSE104948_H7,2,0.9457674569317788,0.6577674506734841,-7.503690296044149,9.395225209907707,0.3901307566667738,74.30350675550783
CCR8,GSE96804,GSE30528;GSE104948_H7,2,-0.4251317478739787,1.5484289772266333,-12.361925559304444,11.511662063556487,0.7294623042124754,87.70941384270448
CCR9,GSE96804,GSE30528;GSE104948_H7,2,0.41467515158173135,0.0,-3.5910295074646927,4.420379810628155,0.41382028618470257,0.0
CCRL2,GSE96804,GSE30528;GSE104948_H7,2,0.6814932361289371,1.2813728306760088,-10.325867632901698,11.688854105159571,0.5756536586628026,85.33351296067396
CD151,GSE96804,GSE30528;GSE104948_H7,2,0.03882598755243404,1.9565219155439568,-13.211760024142555,13.289411999247422,0.9763090294063684,89.95256208628025
CD177,GSE96804,GSE30528;GSE104948_H7,2,-0.7963974881927552,0.7309869911210977,-9.545108547322979,7.952313570937469,0.4538399003757458,77.01917764094044
CD19,GSE96804,GSE30528;GSE104948_H7,2,0.44198424867708985,0.0,-3.555624576416244,4.439593073770424,0.39382763479032173,0.0
CD2,GSE96804,GSE30528;GSE104948_H7,2,1.9742809593842172,0.0,-2.8134249869697032,6.761986905738137,0.12005799281646744,0.0
CD244,GSE96804,GSE30528;GSE104948_H7,2,1.7170661056789231,2.5764269761722987,-13.491262931395573,16.92539514275342,0.38754816672464004,89.81896395794195
CD44,GSE96804,GSE30528;GSE104948_H7,2,2.5203594948792847,2.8370576872282247,-13.566694187131981,18.60741317689055,0.29635811249143507,88.31578447042452
CD46,GSE96804,GSE30528;GSE104948_H7,2,-0.7822173725885385,0.0,-4.873219582773535,3.3087848375964577,0.24858420501122855,0.0
CD47,GSE96804,GSE30528;GSE104948_H7,2,-0.07803984729179769,0.0,-4.028583506422285,3.8725038118386896,0.8434421298986502,0.0
CD48,GSE96804,GSE30528;GSE104948_H7,2,3.021826445364153,2.3751361309500876,-12.021170227727415,18.06482311845572,0.23771726787851524,84.45770321651833
CD55,GSE96804,GSE30528;GSE104948_H7,2,0.23979181759232637,2.8478462834822067,-15.521434786523582,16.001018421708235,0.8784328767137876,92.53907533886584
CD58,GSE96804,GSE30528;GSE104948_H7,2,1.041613583764928,0.0,-3.1576910293289098,5.2409181968587655,0.1955961746518312,0.0
CD59,GSE96804,GSE30528;GSE104948_H7,2,0.46218259586360716,0.0,-3.536659840306567,4.461025032033781,0.38058077375165505,0.0
CD74,GSE96804,GSE30528;GSE104948_H7,2,0.856190328736144,0.0,-3.2632273768228153,4.975608034295103,0.23044091856069798,0.0
CD81,GSE96804,GSE30528;GSE104948_H7,2,-0.37614424559929394,0.3773870214408709,-7.227014784281533,6.474726293082945,0.6122139521296048,64.90280416551136
CD84,GSE96804,GSE30528;GSE104948_H7,2,0.8153785232223775,0.0,-3.2977301615811028,4.9284872080258575,0.24059204471326381,0.0
CD99,GSE96804,GSE30528;GSE104948_H7,2,0.7509962532246296,0.5313727116469266,-7.003007510070969,8.505000016520228,0.43441137693901927,71.25824259902843
CD99L2,GSE96804,GSE30528;GSE104948_H7,0,,,,,,
CDH1,GSE96804,GSE30528;GSE104948_H7,2,0.1330729977934339,0.0,-3.8320746456955055,4.098220641282373,0.7433912088645699,0.0
CDK8,GSE96804,GSE30528;GSE104948_H7,2,1.1844202925964802,0.7233456612531972,-7.608214104859853,9.977054690052812,0.3366169796441749,75.38825480941838
CDK9,GSE96804,GSE30528;GSE104948_H7,2,0.2508940552894924,0.06719046615370004,-4.376592209421075,4.87838032000006,0.6159637977247805,25.328924819898198
CDKN2B,GSE96804,GSE30528;GSE104948_H7,2,1.9948250993486771,4.009002623459591,-16.71448667560144,20.704136874298793,0.40480463739035555,92.36336255130149
CEACAM1,GSE96804,GSE30528;GSE104948_H7,2,-0.5632981546147112,0.0,-4.61437684782819,3.4877805385987677,0.32788738980497534,0.0
CEACAM3,GSE96804,GSE30528;GSE104948_H7,2,-0.3028640038899296,0.26057657093045045,-6.401282676022685,5.795554668242826,0.6416340822804282,56.522548781188085
CEACAM5,GSE96804,GSE30528;GSE104948_H7,2,0.11277002715156337,0.0,-3.838431969086248,4.063972023389375,0.7785237288083441,0.0
CEACAM6,GSE96804,GSE30528;GSE104948_H7,2,-0.49632945955167246,1.3782102075770326,-11.840771925924136,10.84811300682079,0.6769997474594607,86.42634681275969
CEACAM8,GSE96804,GSE30528;GSE104948_H7,2,0.3498933556406936,0.0,-3.632548164215464,4.332334875496851,0.4650346421414737,0.0
CFB,GSE96804,GSE30528;GSE104948_H7,2,1.9336024933530185,0.0,-2.8252688375962336,6.692473824302271,0.121802457002068,0.0
CFD,GSE96804,GSE30528;GSE104948_H7,2,2.246453491791979,2.934709393870385,-14.012480857593395,18.505387841177352,0.3296259918799362,89.471491399253
CFH,GSE96804,GSE30528;GSE104948_H7,2,0.4976222798603878,2.4834855119894943,-14.299024215689151,15.294268775409925,0.7429117003400668,91.55506652434613
CFHR1,GSE96804,GSE30528;GSE104948_H7,0,,,,,,
CFHR2,GSE96804,GSE30528;GSE104948_H7,2,-0.20903368015767598,2.119030543363138,-13.95698850178643,13.538921141471079,0.8785055656207099,90.50200917682373
CFHR3,GSE96804,GSE30528;GSE104948_H7,0,,,,,,
CFHR4,GSE96804,GSE30528;GSE104948_H7,1,,,,,,
CFHR5,GSE96804,GSE30528;GSE104948_H7,2,-0.5127450455772483,0.0,-4.522771661983577,3.49728157082908,0.3512489738359879,0.0
CFI,GSE96804,GSE30528;GSE104948_H7,2,0.9343827531342876,0.0,-3.2165749085892017,5.085340414857777,0.21412350014859546,0.0
CFP,GSE96804,GSE30528;GSE104948_H7,2,1.304380128568158,2.359016392159659,-13.231869420620367,15.84062967775668,0.45836560448291697,90.05408744906693
CGN,GSE96804,GSE30528;GSE104948_H7,0,,,,,,
CITED2,GSE96804,GSE30528;GSE104948_H7,2,-1.3141905112397607,0.02667972224090791,-5.940372833381289,3.311991810901768,0.1720562972947178,10.00152464494168
CLU,GSE96804,GSE30528;GSE104948_H7,2,1.8213179836760298,0.5187927360259504,-6.189955748294999,9.832591715647059,0.21216386085571937,64.95430926443169
CMA1,GSE96804,GSE30528;GSE104948_H7,2,0.6860713348708563,0.0,-3.381984479221824,4.754127148963537,0.27796267373534983,0.0
COL10A1,GSE96804,GSE30528;GSE104948_H7,2,1.1440155814871746,0.01389546656862056,-3.2476074717168473,5.535638634691196,0.18678373461376513,5.768341600492851
COL11A1,GSE96804,GSE30528;GSE104948_H7,2,1.0678680543893357,1.4558316004755227,-10.619557519780166,12.755293628558839,0.45267045294846575,85.96318281539732
COL11A2,GSE96804,GSE30528;GSE104948_H7,2,-0.3229333287289332,0.9075925441870742,-9.811910231299388,9.166043573841522,0.7401689793089071,81.35184261181666
COL12A1,GSE96804,GSE30528;GSE104948_H7,0,,,,,,
COL13A1,GSE96804,GSE30528;GSE104948_H7,2,0.7393970078960848,0.9593807833167532,-9.00863040193008,10.487424417722249,0.5117413131653894,81.44557757978204
COL14A1,GSE96804,GSE30528;GSE104948_H7,2,1.5971512682840419,0.0,-2.950878834302554,6.145181370870638,0.14035381830607535,0.0
COL15A1,GSE96804,GSE30528;GSE104948_H7,2,2.3180432344506934,2.2130429445566944,-12.0383112646753,16.674397733576686,0.2887301011896469,86.48853187849038
COL16A1,GSE96804,GSE30528;GSE104948_H7,2,2.0778660869732497,0.01880953924692541,-2.9577157862463577,7.1134479601928575,0.11998070550308444,5.90630652094421
COL17A1,GSE96804,GSE30528;GSE104948_H7,2,-0.48173724959078335,0.2754713442934037,-6.698520220351485,5.735045721169918,0.5049395155215067,57.474521565532314
COL18A1,GSE96804,GSE30528;GSE104948_H7,2,0.5437490513907168,0.05922096752970618,-4.050795027182604,5.138293129964037,0.3736032937127843,22.58161503651392
COL19A1,GSE96804,GSE30528;GSE104948_H7,2,-0.052927209482634525,0.0,-4.020673750600254,3.9148193316349853,0.8931134265197419,0.0
COL1A1,GSE96804,GSE30528;GSE104948_H7,2,2.3975820132524412,0.0,-2.7466543924585562,7.541818418963439,0.10649616762752795,0.0
COL1A2,GSE96804,GSE30528;GSE104948_H7,2,2.4913208249415333,0.0,-2.73446446422274,7.717106114105807,0.10415658931881452,0.0
COL20A1,GSE96804,GSE30528;GSE104948_H7,0,,,,,,
COL21A1,GSE96804,GSE30528;GSE104948_H7,2,1.330801059866812,1.9771495599830333,-12.09559612151838,14.757198241252006,0.4272246412544332,88.45531330581025
COL22A1,GSE96804,GSE30528;GSE104948_H7,0,,,,,,
COL23A1,GSE96804,GSE30528;GSE104948_H7,0,,,,,,
COL24A1,GSE96804,GSE30528;GSE104948_H7,0,,,,,,
COL25A1,GSE96804,GSE30528;GSE104948_H7,0,,,,,,
COL26A1,GSE96804,GSE30528;GSE104948_H7,0,,,,,,
COL27A1,GSE96804,GSE30528;GSE104948_H7,0,,,,,,
COL28A1,GSE96804,GSE30528;GSE104948_H7,0,,,,,,
COL2A1,GSE96804,GSE30528;GSE104948_H7,2,0.07437544685929115,1.1567005838863686,-10.427331635922101,10.576082529640683,0.9428656270794148,84.66472599134572
COL3A1,GSE96804,GSE30528;GSE104948_H7,2,1.3045656867977542,0.48097348876861395,-6.3173960057592105,8.926527379354718,0.2743752506955079,66.63530210503893
COL4A1,GSE96804,GSE30528;GSE104948_H7,2,1.0497431590972899,1.171943927872708,-9.597415455904835,11.696901774099414,0.4288705909449641,83.36986485591926
COL4A2,GSE96804,GSE30528;GSE104948_H7,2,0.7922782325733738,2.5525364707446734,-14.214684355476326,15.799240820623073,0.6238424431949595,91.46745068333433
COL4A3,GSE96804,GSE30528;GSE104948_H7,2,-0.8399517247296249,0.0,-4.987522696640115,3.307619247180865,0.23596728129704472,0.0
COL4A4,GSE96804,GSE30528;GSE104948_H7,2,-0.33137546906642606,0.8479008158727352,-9.567945930976844,8.905194992843992,0.7277106151090619,80.22405664824204
COL4A5,GSE96804,GSE30528;GSE104948_H7,2,-1.5874572897398942,0.2500728460766162,-8.009293440032486,4.8343788605526985,0.1962251641307694,48.68144386690065
COL4A6,GSE96804,GSE30528;GSE104948_H7,2,0.14984693910167504,0.22802985903495573,-5.72099847837413,6.02069235657748,0.8003499646514863,53.40549937075686
COL5A1,GSE96804,GSE30528;GSE104948_H7,2,1.4904871669580713,1.5571195633500396,-10.626350321005297,13.607324654921438,0.3623463367219663,85.49480531801316
COL5A2,GSE96804,GSE30528;GSE104948_H7,2,2.1298488933460216,2.606588943060404,-13.253764587673203,17.513462374365247,0.32906830223987577,88.76675829654748
COL5A3,GSE96804,GSE30528;GSE104948_H7,2,0.36142325974349837,0.0,-3.619469518376392,4.342316037863389,0.45467422558881576,0.0
COL6A1,GSE96804,GSE30528;GSE104948_H7,2,0.7035682861325848,0.6342001421036332,-7.566431549153204,8.973568121418374,0.47523961574709006,74.78582621342778
COL6A2,GSE96804,GSE30528;GSE104948_H7,2,1.38289720072763,1.1052179870350178,-9.076129167561055,11.841923569016314,0.34180464025574164,81.42247792038944
COL6A3,GSE96804,GSE30528;GSE104948_H7,2,2.1001927950635966,0.0,-2.7874874579732425,6.987873048100436,0.11532424789940357,0.0
COL6A5,GSE96804,GSE30528;GSE104948_H7,0,,,,,,
COL6A6,GSE96804,GSE30528;GSE104948_H7,0,,,,,,
COL7A1,GSE96804,GSE30528;GSE104948_H7,2,1.3306241767194946,0.4415067165935855,-6.085806672769906,8.747055026208896,0.2631658742254887,64.58666721936191
COL8A1,GSE96804,GSE30528;GSE104948_H7,1,,,,,,
COL8A2,GSE96804,GSE30528;GSE104948_H7,2,1.5731981740320662,0.14719089381473718,-4.112875547524899,7.259271895589032,0.17642949560048027,36.48198675500384
COL9A1,GSE96804,GSE30528;GSE104948_H7,2,-0.5354106560635918,0.0,-4.551406397098374,3.4805850849711906,0.3394930003775613,0.0
COL9A2,GSE96804,GSE30528;GSE104948_H7,2,0.7847390854029797,0.0,-3.3249772217244367,4.894455392530396,0.24888582203267226,0.0
COL9A3,GSE96804,GSE30528;GSE104948_H7,2,-0.23478095941399388,0.0,-4.209964587711159,3.7404026688831715,0.590151329204224,0.0
COLEC10,GSE96804,GSE30528;GSE104948_H7,2,-0.40820436550901906,0.0,-4.397896923692501,3.581488192674463,0.4174212126404983,0.0
COLEC11,GSE96804,GSE30528;GSE104948_H7,2,0.066782662622995,0.14600206914991884,-5.19804543974041,5.331610764986399,0.898268229017366,42.514984846402676
COLGALT1,GSE96804,GSE30528;GSE104948_H7,2,2.123755672444649,2.6160412997907376,-13.283349529089959,17.530860873979258,0.3302705830243044,88.81837624892184
COLGALT2,GSE96804,GSE30528;GSE104948_H7,2,-0.45380085529362263,7.470471412217029,-25.48564652224436,24.578044811657115,0.8558687659731012,96.2387141606565
COMP,GSE96804,GSE30528;GSE104948_H7,2,1.909111530391305,0.7692259931013034,-7.3212125035225295,11.13943556430514,0.23147204134272442,72.61162171556786
CPB2,GSE96804,GSE30528;GSE104948_H7,2,-0.4561024163067472,1.1874625096421128,-11.089055803350398,10.176850970736904,0.682311936422047,84.76298470434745
CPN1,GSE96804,GSE30528;GSE104948_H7,2,-0.36936559366837185,3.123405837338317,-16.83219001156431,16.093458824227564,0.8232018600961297,93.02442878378862
CPN2,GSE96804,GSE30528;GSE104948_H7,2,-0.23136160897414695,0.48874946112360373,-7.698678783194149,7.235955565245854,0.7612385403577691,70.73685170956438
CR1,GSE96804,GSE30528;GSE104948_H7,2,-1.2131324015899785,1.7623241039528719,-13.948923943215233,11.522659140035275,0.4396066593840331,87.63107762998139
CR2,GSE96804,GSE30528;GSE104948_H7,2,-0.19082676488993294,0.6628648707810836,-8.554678944509002,8.173025414729137,0.8203678447103389,76.48034421178038
CREBBP,GSE96804,GSE30528;GSE104948_H7,2,0.4535476919479468,0.3316790972738209,-6.12928970430359,7.0363850881994825,0.5422205072448468,61.776774138318835
CRP,GSE96804,GSE30528;GSE104948_H7,2,-0.3928777132270225,2.487035210762286,-15.194437047516532,14.408681621062486,0.7929196620149475,91.6289661993594
CRTAP,GSE96804,GSE30528;GSE104948_H7,2,0.8133856537794617,1.006614622164859,-9.14062816141302,10.767399468971941,0.4880456133658293,81.94883436156105
CTRB1,GSE96804,GSE30528;GSE104948_H7,1,,,,,,
CTRB2,GSE96804,GSE30528;GSE104948_H7,2,0.1683875159670254,1.4959236215386154,-11.581643793589556,11.918418825523606,0.8853340464876218,87.4643623416748
CTSB,GSE96804,GSE30528;GSE104948_H7,2,0.47785404047311775,0.0,-3.5274868779696744,4.48319495891591,0.37124153588602926,0.0
CTSD,GSE96804,GSE30528;GSE104948_H7,2,0.55213032822201,0.0,-3.4782041744637513,4.582464830907771,0.3319667027202954,0.0
CTSG,GSE96804,GSE30528;GSE104948_H7,2,1.1290507787629116,0.8575347208287981,-8.27791807404966,10.536019631575483,0.36948639211728224,78.13345539627983
CTSK,GSE96804,GSE30528;GSE104948_H7,2,1.99519668382141,1.4851241817289111,-10.012331589125438,14.002724956768258,0.2816032774421266,82.95176849956263
CTSL,GSE96804,GSE30528;GSE104948_H7,2,0.14868899032947427,0.0,-3.819536715326886,4.116914695985835,0.7171208328889055,0.0
CTSS,GSE96804,GSE30528;GSE104948_H7,2,2.379489243591073,2.5016805847443373,-12.791958357463734,17.55093684464588,0.29608140940266786,87.55707722583101
CTSV,GSE96804,GSE30528;GSE104948_H7,2,-2.1790308276049077,0.16855093137336744,-8.371643952845526,4.013582297635709,0.1400829524052172,35.12936101782048
CUL2,GSE96804,GSE30528;GSE104948_H7,2,-0.38308010272875326,0.8730141178778175,-9.734426918586099,8.968266713128592,0.694471698640974,80.58280593854117
CX3CL1,GSE96804,GSE30528;GSE104948_H7,2,-0.386081926596087,0.0,-4.39692045032217,3.6247565971299966,0.4363262935817911,0.0
CX3CR1,GSE96804,GSE30528;GSE104948_H7,2,2.4734122527620706,6.463455323676312,-21.06721576377873,26.01404026930287,0.4092746865722761,94.0656502753373
CXADR,GSE96804,GSE30528;GSE104948_H7,2,-2.3193021113973216,1.3486018177549859,-14.013624630016597,9.375020407221953,0.24049494784356246,79.28371089300063
CXCL1,GSE96804,GSE30528;GSE104948_H7,2,1.831869438477494,2.701622995700255,-13.7324436237375,17.39618250069249,0.3752214611860944,89.91702541756914
CXCL10,GSE96804,GSE30528;GSE104948_H7,2,0.1455787306358905,0.0,-3.814436328417725,4.1055937896895065,0.7218040448931539,0.0
CXCL11,GSE96804,GSE30528;GSE104948_H7,2,0.045127827228127894,0.0,-3.9037372628381926,3.993992917294448,0.9081998796724772,0.0
CXCL12,GSE96804,GSE30528;GSE104948_H7,2,0.3843554504036484,0.0,-3.6064867989424694,4.375197699749766,0.43616526258331456,0.0
CXCL13,GSE96804,GSE30528;GSE104948_H7,2,-0.10729079071525355,0.929109370691443,-9.681578047333376,9.466996465902868,0.9099585576918631,81.8149964768655
CXCL16,GSE96804,GSE30528;GSE104948_H7,0,,,,,,
CXCL2,GSE96804,GSE30528;GSE104948_H7,2,0.22542699175228467,0.4834359686515532,-7.212501915457201,7.66335589896177,0.7659830194502301,70.52213938085659
CXCL3,GSE96804,GSE30528;GSE104948_H7,2,1.369394637897772,0.07882211546830706,-3.693981194919581,6.432770470715124,0.18027879518461237,24.628598606697228
CXCL5,GSE96804,GSE30528;GSE104948_H7,2,0.7720763195297334,0.0,-3.3189534893747616,4.863106128434229,0.2515233054286757,0.0
CXCL6,GSE96804,GSE30528;GSE104948_H7,2,2.1719482269966557,0.43699643196324606,-5.583058358200174,9.926954812193486,0.17439694367540606,58.27958480335978
CXCL8,GSE96804,GSE30528;GSE104948_H7,2,0.42702297389777366,0.08728531238948252,-4.389435266862913,5.243481214658461,0.46216781831424886,30.315734859411496
CXCL9,GSE96804,GSE30528;GSE104948_H7,2,0.3097241187614398,0.0,-3.6639059591850875,4.283354196707967,0.5030757599962967,0.0
CXCR1,GSE96804,GSE30528;GSE104948_H7,2,-0.2526160140452428,0.16380638240936765,-5.660256016629194,5.155023988538709,0.6589786240035699,45.18389617486983
CXCR2,GSE96804,GSE30528;GSE104948_H7,2,-0.36757178584059336,0.0,-4.36506780618205,3.629924234500863,0.4506741630298203,0.0
CXCR3,GSE96804,GSE30528;GSE104948_H7,2,1.0900186817245916,0.0,-3.158059221720411,5.338096585169595,0.1894649525524238,0.0
CXCR4,GSE96804,GSE30528;GSE104948_H7,2,0.8676528293133846,0.0,-3.2727485772960367,5.008054235922806,0.22871361701853485,0.0
CXCR5,GSE96804,GSE30528;GSE104948_H7,2,-0.0388408405426687,1.7454175469036535,-12.621996536924781,12.544314855839444,0.975044143275341,88.98534156728286
CXCR6,GSE96804,GSE30528;GSE104948_H7,2,1.1774957455166974,0.0,-3.127487644062426,5.482479135095821,0.1783611667708566,0.0
DAG1,GSE96804,GSE30528;GSE104948_H7,2,-0.4719992976644122,0.07153866320794872,-5.173334544584722,4.229335949255897,0.4232568041531152,26.12298411977394
DCN,GSE96804,GSE30528;GSE104948_H7,2,-1.5129344891145018,0.528280774492519,-9.48554339703238,6.4596744188033774,0.2502800755701595,66.87489737597512
DDR1,GSE96804,GSE30528;GSE104948_H7,2,0.6926622869160749,0.0917234266240854,-4.216205377735258,5.601529951567408,0.323898194333627,30.6274846670254
DDR2,GSE96804,GSE30528;GSE104948_H7,2,0.8993947249277892,0.0,-3.2387722352147046,5.0375616850702825,0.22117648065892717,0.0
DMD,GSE96804,GSE30528;GSE104948_H7,2,-0.467189601980132,0.7902518430515556,-9.447613491898899,8.513234287938634,0.6281627313522804,79.0681127238471
DMP1,GSE96804,GSE30528;GSE104948_H7,2,0.025787705671791977,0.7387313001698963,-8.699146945023818,8.750722356367403,0.9761030515542389,78.33524897845128
DOK2,GSE96804,GSE30528;GSE104948_H7,2,2.1889046072866245,0.23165219699175496,-4.411390554116358,8.789199768689606,0.14833389344396675,42.54619402787302
DRP2,GSE96804,GSE30528;GSE104948_H7,2,0.08808953310027805,0.8240572322476625,-9.028962479583953,9.20514154578451,0.9222325122663649,80.02936958575691
DSPP,GSE96804,GSE30528;GSE104948_H7,2,-0.02932307242780579,0.5245900145355586,-7.6858919119518525,7.627245767096241,0.9690451430728553,72.2317211738108
DST,GSE96804,GSE30528;GSE104948_H7,2,-1.401244728417644,1.0371949242961287,-11.62653354147371,8.824044084638421,0.33187939838532793,79.94285831662495
DTNA,GSE96804,GSE30528;GSE104948_H7,2,-0.21560090766711704,1.138991443844659,-10.64871054799186,10.217508732657626,0.8365299896831908,84.46112245494955
DTNB,GSE96804,GSE30528;GSE104948_H7,2,0.01864494368489807,0.230304586091143,-5.862781744206899,5.9000716315766955,0.9743705290230165,53.739067423737964
E2F4,GSE96804,GSE30528;GSE104948_H7,2,0.2893478441996084,1.4118863016405787,-11.170782476341202,11.74947816474042,0.8023699061026348,86.77806386387918
E2F5,GSE96804,GSE30528;GSE104948_H7,2,0.4318912024512075,0.0,-3.5705171108781957,4.43429951578061,0.4011648858071481,0.0
EFEMP1,GSE96804,GSE30528;GSE104948_H7,2,-1.8472236546240324,4.206977591166044,-20.99567295919621,17.301225649948147,0.4356500852499565,92.53495227810943
EFEMP2,GSE96804,GSE30528;GSE104948_H7,2,0.030283895930777988,3.074591680040387,-16.306784841409794,16.367352633271352,0.9850082169139118,92.99082540079466
EGLN1,GSE96804,GSE30528;GSE104948_H7,2,-0.3702203615828363,0.11285964809555356,-5.390868195989354,4.650427472823681,0.5207154263502084,36.09116574333097
EGLN2,GSE96804,GSE30528;GSE104948_H7,1,,,,,,
EGLN3,GSE96804,GSE30528;GSE104948_H7,2,1.0974471139678807,0.0,-3.1291226472823817,5.324016875218144,0.18735726041785666,0.0
ELANE,GSE96804,GSE30528;GSE104948_H7,2,-0.2540238587574094,0.0,-4.228982981039832,3.7209352635250132,0.565814379975247,0.0
ELN,GSE96804,GSE30528;GSE104948_H7,2,1.213411164771811,0.6507040728423331,-7.243119731150065,9.669942060693687,0.3193812295240184,73.297294134203
ELOB,GSE96804,GSE30528;GSE104948_H7,0,,,,,,
ELOC,GSE96804,GSE30528;GSE104948_H7,0,,,,,,
EMILIN1,GSE96804,GSE30528;GSE104948_H7,2,1.1480598674209548,1.001537749685123,-8.844409100916558,11.140528835758467,0.3823473034775325,80.86200599709981
EMILIN2,GSE96804,GSE30528;GSE104948_H7,1,,,,,,
EMILIN3,GSE96804,GSE30528;GSE104948_H7,0,,,,,,
EP300,GSE96804,GSE30528;GSE104948_H7,2,-0.46663552105943024,0.0,-4.46701283532264,3.533741793203779,0.37785924442802094,0.0
EPAS1,GSE96804,GSE30528;GSE104948_H7,2,-0.7459324376300972,0.0,-4.836622707325511,3.3447578320653166,0.2593891013784503,0.0
EPCAM,GSE96804,GSE30528;GSE104948_H7,2,0.3011427684996611,0.0,-3.6735035948930856,4.275789131892408,0.5120980044618777,0.0
EPO,GSE96804,GSE30528;GSE104948_H7,2,-0.16305989002992743,2.3681231963961125,-14.626973200932891,14.300853420873036,0.9094240341408063,91.37451618821645
ESAM,GSE96804,GSE30528;GSE104948_H7,0,,,,,,
F10,GSE96804,GSE30528;GSE104948_H7,2,0.5019305685127583,0.0,-3.505712213062554,4.509573350088071,0.3571650878749811,0.0
F11,GSE96804,GSE30528;GSE104948_H7,2,-0.5051261686947396,0.0,-4.51351039602424,3.503258058634761,0.3554003726624077,0.0
F11R,GSE96804,GSE30528;GSE104948_H7,2,1.448393432020848,0.15612159405947482,-4.2395165470331735,7.136303411074869,0.19082852118606616,38.702903329361476
F12,GSE96804,GSE30528;GSE104948_H7,2,0.9384827520072244,0.7760356584207565,-8.063531788304608,9.940497292319058,0.4116630160769203,77.24042278071343
F13A1,GSE96804,GSE30528;GSE104948_H7,2,1.039440175572028,0.14278577484959687,-4.379863514940015,6.458743866084071,0.24788418090147746,39.07187918356744
F13B,GSE96804,GSE30528;GSE104948_H7,2,0.03804004569116461,1.137534560712322,-10.388080230845228,10.464160322227558,0.9705080534589682,84.47323178609088
F2,GSE96804,GSE30528;GSE104948_H7,2,-0.33436688616357707,0.44044932992698327,-7.539267325746612,6.870533553419457,0.6608144640274585,68.46145040757914
F2R,GSE96804,GSE30528;GSE104948_H7,2,-1.825071196245958,2.1818703709081575,-15.998956425654606,12.348814033162691,0.3492650572440341,87.52894902767149
F3,GSE96804,GSE30528;GSE104948_H7,2,-1.5216140836891232,0.6990440320524333,-10.33002691505079,7.286798747672545,0.27215211262001143,72.53307391948793
F5,GSE96804,GSE30528;GSE104948_H7,2,-1.4978778767570329,2.171712245363148,-15.56547198590089,12.569716232386826,0.4052182618250482,88.49154304753013
F7,GSE96804,GSE30528;GSE104948_H7,2,-0.19569752715077532,1.6792029618348203,-12.56320086169105,12.171805807389498,0.873687202718363,88.61782356550691
F8,GSE96804,GSE30528;GSE104948_H7,2,-0.5251381769089591,0.0,-4.549323279506298,3.4990469256883796,0.34549034153680236,0.0
F9,GSE96804,GSE30528;GSE104948_H7,2,-0.6508590212104778,0.07925632293185107,-5.444311672512919,4.142593630091964,0.3344174487022518,27.7560426137488
FBLN1,GSE96804,GSE30528;GSE104948_H7,2,1.601421365175493,0.3572350827819117,-5.476792980039594,8.67963571039058,0.2131183252114393,57.29111931232691
FBLN2,GSE96804,GSE30528;GSE104948_H7,2,1.0680972865931395,0.3843328220115352,-5.944653658144834,8.080848231331114,0.3036294666420727,62.92292102386471
FBLN5,GSE96804,GSE30528;GSE104948_H7,2,1.0899658409164548,0.0,-3.146096735870465,5.326028417703375,0.18896866356038822,0.0
FBN1,GSE96804,GSE30528;GSE104948_H7,2,1.5156419584950043,3.450917217051634,-15.847269964769835,18.878553881759842,0.46708411650468024,92.34139875160669
FBN2,GSE96804,GSE30528;GSE104948_H7,2,1.741872451230696,1.6421490109320709,-10.717691333183927,14.20143623564532,0.3264153522615212,85.24226415558974
FBN3,GSE96804,GSE30528;GSE104948_H7,0,,,,,,
FCAMR,GSE96804,GSE30528;GSE104948_H7,0,,,,,,
FCER1G,GSE96804,GSE30528;GSE104948_H7,2,2.7484529025506323,2.5114323811061574,-12.563933587199516,18.06083939230078,0.2630661495299019,86.23982636382762
FCN1,GSE96804,GSE30528;GSE104948_H7,2,2.0626834279292283,3.4123405349933753,-15.311516099744567,19.436882955603025,0.37267672976334326,91.14272424115772
FCN2,GSE96804,GSE30528;GSE104948_H7,2,0.28385860404543894,0.0,-3.68344575515775,4.251162963248628,0.530281343714403,0.0
FCN3,GSE96804,GSE30528;GSE104948_H7,2,-0.5629169133217605,0.0,-4.599653210318526,3.473819383675005,0.3271048402177184,0.0
FGA,GSE96804,GSE30528;GSE104948_H7,2,-0.23994825972254835,0.0,-4.2110112077927395,3.7311146883476427,0.583159014291582,0.0
FGB,GSE96804,GSE30528;GSE104948_H7,2,0.4538939731415937,0.0,-3.5443366024092637,4.452124548692451,0.3859123338351182,0.0
FGF2,GSE96804,GSE30528;GSE104948_H7,2,1.031688488714813,0.14074795335117174,-4.3695085215176785,6.432885498947304,0.24881088115773248,38.77342732624315
FGG,GSE96804,GSE30528;GSE104948_H7,2,0.9437205468303902,0.0,-3.21385769798994,5.10129879165072,0.21247274702023736,0.0
FKBP1A,GSE96804,GSE30528;GSE104948_H7,2,0.6300948492125618,0.0,-3.411931132495518,4.672120830920642,0.2976413486663565,0.0
FMOD,GSE96804,GSE30528;GSE104948_H7,2,2.53064928543119,0.0,-2.731046221435096,7.7923447922974765,0.1032585361978428,0.0
FN1,GSE96804,GSE30528;GSE104948_H7,2,3.201835367137073,14.21405052309665,-31.35260389290888,37.756274627183025,0.4482562122647598,96.03007425307499
FURIN,GSE96804,GSE30528;GSE104948_H7,2,-0.0912486605875551,0.08864431615248435,-4.8890385681231106,4.7065412469479995,0.8490497738909927,31.06919528311764
FYN,GSE96804,GSE30528;GSE104948_H7,2,-1.8454029999077293,0.0,-6.576662608052343,2.8858566082368853,0.1267527514774962,0.0
GAS6,GSE96804,GSE30528;GSE104948_H7,2,-0.5392494468375397,0.11256830500179797,-5.598507459379071,4.520008565703993,0.40490559247631996,35.489718696846104
GDF5,GSE96804,GSE30528;GSE104948_H7,2,-0.172488226119972,0.9399375362723816,-9.793922645979395,9.44894619373945,0.8574170179471764,81.95666395144052
GLG1,GSE96804,GSE30528;GSE104948_H7,2,0.7536915006168279,3.0756428337498165,-15.627575740355088,17.134958741588743,0.6632140229992544,92.50456954881716
GP1BA,GSE96804,GSE30528;GSE104948_H7,2,-0.4204738720942903,0.0,-4.426888936894026,3.5859411927054454,0.4096231820322669,0.0
GP1BB,GSE96804,GSE30528;GSE104948_H7,1,,,,,,
GP5,GSE96804,GSE30528;GSE104948_H7,2,-0.36940837338761706,0.22018738028195667,-6.197685531865975,5.458868785090742,0.5683768391106357,52.27699496943864
GP6,GSE96804,GSE30528;GSE104948_H7,2,-0.045599272009169856,0.0,-4.00911548784258,3.9179169438242405,0.9075923292251308,0.0
GP9,GSE96804,GSE30528;GSE104948_H7,2,0.051312475406287826,0.7598402064979193,-8.772384904938892,8.875009855751468,0.9530452199572548,78.78056727791937
GPC1,GSE96804,GSE30528;GSE104948_H7,2,1.414776783013017,0.0,-2.9929220125479015,5.822475578573935,0.1530748246302417,0.0
GPC2,GSE96804,GSE30528;GSE104948_H7,0,,,,,,
GPC3,GSE96804,GSE30528;GSE104948_H7,2,0.7793380768605168,0.29789584524045837,-5.6356182090947655,7.1942943628158,0.3659536595514296,58.32073470194863
GPC4,GSE96804,GSE30528;GSE104948_H7,2,0.5207140690582887,0.0,-3.504146963237347,4.545575101353925,0.34792442822059017,0.0
GPC5,GSE96804,GSE30528;GSE104948_H7,2,-0.2898703862559302,0.23546880923399666,-6.223920446249464,5.644179673737604,0.6463656553005569,53.979181996587
GPC6,GSE96804,GSE30528;GSE104948_H7,0,,,,,,
GRB14,GSE96804,GSE30528;GSE104948_H7,2,0.6462556330070877,0.0,-3.400675730477232,4.6931869964914075,0.2915100689963535,0.0
GRB2,GSE96804,GSE30528;GSE104948_H7,2,0.9792669284440904,1.2589160981905334,-9.984413879466562,11.942947736354743,0.45982454771929504,84.47470631704398
GRB7,GSE96804,GSE30528;GSE104948_H7,2,0.9307582539871594,0.016004617657200654,-3.410169010973762,5.271685518948081,0.223953945058936,6.8392776901371715
GYPA,GSE96804,GSE30528;GSE104948_H7,2,-0.6506948239495016,1.1350071584759804,-11.097866739129389,9.796477091230384,0.5738001113916126,83.90783143880964
GYPB,GSE96804,GSE30528;GSE104948_H7,2,0.053176499011901635,0.7308029862188283,-8.635117968849805,8.741470966873607,0.9505907855543557,78.15002065660252
GYPC,GSE96804,GSE30528;GSE104948_H7,2,1.6838118481194813,0.0,-2.8905735321919273,6.258197228430889,0.13409520752282986,0.0
GZMM,GSE96804,GSE30528;GSE104948_H7,2,0.277163140845025,0.008846361643949835,-3.8061566863496665,4.360482968039717,0.5469290228735224,4.28285972745982
HAPLN1,GSE96804,GSE30528;GSE104948_H7,2,0.5590456901867789,3.1424218079355826,-15.971099407307506,17.089190787681062,0.7416199103522157,92.82648831357893
HDAC1,GSE96804,GSE30528;GSE104948_H7,2,-0.839726889014124,4.588609814692738,-20.645649395898147,18.9661956178699,0.6854222251683469,94.41055928532062
HIF1A,GSE96804,GSE30528;GSE104948_H7,2,0.7673687061949523,0.0,-3.3338788896374343,4.868616302027339,0.2534765007591416,0.0
HIF1AN,GSE96804,GSE30528;GSE104948_H7,2,0.7033907643316042,0.0,-3.3625346498051725,4.76931617846838,0.2718036399270947,0.0
HIF3A,GSE96804,GSE30528;GSE104948_H7,2,-0.6400573500641177,2.162957080696038,-14.533805146213751,13.253690446085518,0.662860496302666,90.42986131318914
HIGD1A,GSE96804,GSE30528;GSE104948_H7,2,-0.30317935194357293,0.05747088172047149,-4.850819362925711,4.244460659038565,0.5525823223319914,22.432464982680063
HRAS,GSE96804,GSE30528;GSE104948_H7,2,0.1273008024633889,0.0555896743848742,-4.381460891159688,4.636062496086466,0.7807182657889316,22.055825943571293
HSPG2,GSE96804,GSE30528;GSE104948_H7,2,1.4241806483975212,3.7235558835284652,-16.55471167310389,19.40307296989893,0.4979346035537461,92.93729759432006
HTRA1,GSE96804,GSE30528;GSE104948_H7,2,-1.6094788150394512,1.008011470771959,-11.778543702768292,8.559586072689392,0.2937681199745004,78.50386641233601
IBSP,GSE96804,GSE30528;GSE104948_H7,2,0.07572017867824359,0.3014784166468558,-6.282313959855037,6.433754317211523,0.904390230563325,60.199913811717245
ICAM1,GSE96804,GSE30528;GSE104948_H7,2,0.7002774457086315,0.5540246395100866,-7.163655517367338,8.5642104087846,0.46078041274030396,72.24461871769718
ICAM2,GSE96804,GSE30528;GSE104948_H7,2,0.5505647283339067,0.9535471626507,-9.151155082701102,10.252284539368915,0.6022875305795048,81.74546427831783
ICAM3,GSE96804,GSE30528;GSE104948_H7,2,1.430029624235622,0.6200548651679696,-6.971915631902826,9.831974880374071,0.2757319827036683,70.72314950114847
ICAM4,GSE96804,GSE30528;GSE104948_H7,2,-0.03768812367564265,0.4543166104580934,-7.310631820570846,7.235255573219561,0.9581434105784279,69.33073310465169
ICAM5,GSE96804,GSE30528;GSE104948_H7,2,-0.014415161293623155,0.2742707590217048,-6.193214646209088,6.164384323621841,0.981133809582829,57.98550237665617
IGHA1,GSE96804,GSE30528;GSE104948_H7,1,,,,,,
IGHA2,GSE96804,GSE30528;GSE104948_H7,0,,,,,,
IGHG1,GSE96804,GSE30528;GSE104948_H7,1,,,,,,
IGHG2,GSE96804,GSE30528;GSE104948_H7,0,,,,,,
IGHG3,GSE96804,GSE30528;GSE104948_H7,0,,,,,,
IGHG4,GSE96804,GSE30528;GSE104948_H7,0,,,,,,
IGHM,GSE96804,GSE30528;GSE104948_H7,2,1.1489416094747165,0.0,-3.1417942881846788,5.439677507134112,0.18198576282536502,0.0
IGHV1-2,GSE96804,GSE30528;GSE104948_H7,1,,,,,,
IGHV1-46,GSE96804,GSE30528;GSE104948_H7,1,,,,,,
IGHV1-69,GSE96804,GSE30528;GSE104948_H7,0,,,,,,
IGHV2-5,GSE96804,GSE30528;GSE104948_H7,0,,,,,,
IGHV2-70,GSE96804,GSE30528;GSE104948_H7,0,,,,,,
IGHV3-11,GSE96804,GSE30528;GSE104948_H7,0,,,,,,
IGHV3-13,GSE96804,GSE30528;GSE104948_H7,0,,,,,,
IGHV3-23,GSE96804,GSE30528;GSE104948_H7,1,,,,,,
IGHV3-30,GSE96804,GSE30528;GSE104948_H7,0,,,,,,
IGHV3-33,GSE96804,GSE30528;GSE104948_H7,0,,,,,,
IGHV3-48,GSE96804,GSE30528;GSE104948_H7,0,,,,,,
IGHV3-53,GSE96804,GSE30528;GSE104948_H7,0,,,,,,
IGHV3-7,GSE96804,GSE30528;GSE104948_H7,1,,,,,,
IGHV3-9,GSE96804,GSE30528;GSE104948_H7,0,,,,,,
IGHV4-34,GSE96804,GSE30528;GSE104948_H7,1,,,,,,
IGHV4-39,GSE96804,GSE30528;GSE104948_H7,0,,,,,,
IGHV4-59,GSE96804,GSE30528;GSE104948_H7,0,,,,,,
IGHV7-81,GSE96804,GSE30528;GSE104948_H7,0,,,,,,
IGKC,GSE96804,GSE30528;GSE104948_H7,2,1.0409217247598876,0.0,-3.16498292615063,5.246826375670405,0.19600669262501477,0.0
IGKV1-12,GSE96804,GSE30528;GSE104948_H7,0,,,,,,
IGKV1-16,GSE96804,GSE30528;GSE104948_H7,0,,,,,,
IGKV1-17,GSE96804,GSE30528;GSE104948_H7,1,,,,,,
IGKV1-33,GSE96804,GSE30528;GSE104948_H7,0,,,,,,
IGKV1-39,GSE96804,GSE30528;GSE104948_H7,0,,,,,,
IGKV1-5,GSE96804,GSE30528;GSE104948_H7,0,,,,,,
IGKV1D-12,GSE96804,GSE30528;GSE104948_H7,0,,,,,,
IGKV1D-16,GSE96804,GSE30528;GSE104948_H7,0,,,,,,
IGKV1D-33,GSE96804,GSE30528;GSE104948_H7,0,,,,,,
IGKV1D-39,GSE96804,GSE30528;GSE104948_H7,0,,,,,,
IGKV2-28,GSE96804,GSE30528;GSE104948_H7,0,,,,,,
IGKV2-29,GSE96804,GSE30528;GSE104948_H7,0,,,,,,
IGKV2-30,GSE96804,GSE30528;GSE104948_H7,0,,,,,,
IGKV2D-28,GSE96804,GSE30528;GSE104948_H7,0,,,,,,
IGKV2D-30,GSE96804,GSE30528;GSE104948_H7,0,,,,,,
IGKV2D-40,GSE96804,GSE30528;GSE104948_H7,0,,,,,,
IGKV3-11,GSE96804,GSE30528;GSE104948_H7,0,,,,,,
IGKV3-15,GSE96804,GSE30528;GSE104948_H7,0,,,,,,
IGKV3-20,GSE96804,GSE30528;GSE104948_H7,0,,,,,,
IGKV3D-20,GSE96804,GSE30528;GSE104948_H7,0,,,,,,
IGKV4-1,GSE96804,GSE30528;GSE104948_H7,1,,,,,,
IGKV5-2,GSE96804,GSE30528;GSE104948_H7,0,,,,,,
IGLC1,GSE96804,GSE30528;GSE104948_H7,1,,,,,,
IGLC2,GSE96804,GSE30528;GSE104948_H7,0,,,,,,
IGLC3,GSE96804,GSE30528;GSE104948_H7,0,,,,,,
IGLC6,GSE96804,GSE30528;GSE104948_H7,0,,,,,,
IGLC7,GSE96804,GSE30528;GSE104948_H7,0,,,,,,
IGLL1,GSE96804,GSE30528;GSE104948_H7,2,0.2950275369734501,0.09438145536683779,-4.572005478061224,5.162060552008124,0.5821762207238637,32.163151348271846
IGLV1-36,GSE96804,GSE30528;GSE104948_H7,0,,,,,,
IGLV1-40,GSE96804,GSE30528;GSE104948_H7,1,,,,,,
IGLV1-44,GSE96804,GSE30528;GSE104948_H7,1,,,,,,
IGLV1-47,GSE96804,GSE30528;GSE104948_H7,0,,,,,,
IGLV1-51,GSE96804,GSE30528;GSE104948_H7,0,,,,,,
IGLV10-54,GSE96804,GSE30528;GSE104948_H7,0,,,,,,
IGLV11-55,GSE96804,GSE30528;GSE104948_H7,0,,,,,,
IGLV2-11,GSE96804,GSE30528;GSE104948_H7,0,,,,,,
IGLV2-14,GSE96804,GSE30528;GSE104948_H7,1,,,,,,
IGLV2-18,GSE96804,GSE30528;GSE104948_H7,0,,,,,,
IGLV2-23,GSE96804,GSE30528;GSE104948_H7,0,,,,,,
IGLV2-33,GSE96804,GSE30528;GSE104948_H7,0,,,,,,
IGLV2-8,GSE96804,GSE30528;GSE104948_H7,0,,,,,,
IGLV3-1,GSE96804,GSE30528;GSE104948_H7,0,,,,,,
IGLV3-12,GSE96804,GSE30528;GSE104948_H7,0,,,,,,
IGLV3-16,GSE96804,GSE30528;GSE104948_H7,0,,,,,,
IGLV3-19,GSE96804,GSE30528;GSE104948_H7,1,,,,,,
IGLV3-21,GSE96804,GSE30528;GSE104948_H7,0,,,,,,
IGLV3-22,GSE96804,GSE30528;GSE104948_H7,0,,,,,,
IGLV3-25,GSE96804,GSE30528;GSE104948_H7,1,,,,,,
IGLV3-27,GSE96804,GSE30528;GSE104948_H7,0,,,,,,
IGLV4-3,GSE96804,GSE30528;GSE104948_H7,0,,,,,,
IGLV4-60,GSE96804,GSE30528;GSE104948_H7,2,0.21880823750264775,1.0393304203773546,-9.821703261583318,10.259319736588614,0.8280285037927726,83.22216643660609
IGLV4-69,GSE96804,GSE30528;GSE104948_H7,0,,,,,,
IGLV5-37,GSE96804,GSE30528;GSE104948_H7,0,,,,,,
IGLV5-45,GSE96804,GSE30528;GSE104948_H7,1,,,,,,
IGLV6-57,GSE96804,GSE30528;GSE104948_H7,2,0.6950896477844417,0.0,-3.3716711634111762,4.761850458980059,0.27471313451095436,0.0
IGLV7-43,GSE96804,GSE30528;GSE104948_H7,0,,,,,,
IGLV7-46,GSE96804,GSE30528;GSE104948_H7,0,,,,,,
IGLV8-61,GSE96804,GSE30528;GSE104948_H7,0,,,,,,
INPP5D,GSE96804,GSE30528;GSE104948_H7,2,2.2006147286836986,1.3245226863953694,-9.318330453315822,13.719559910683218,0.2487733272124509,80.33553635911304
ITGA1,GSE96804,GSE30528;GSE104948_H7,1,,,,,,
ITGA10,GSE96804,GSE30528;GSE104948_H7,2,0.4013293712861741,0.5574947887132048,-7.443995539945063,8.246654282517412,0.6330731601920317,73.08419598513306
ITGA11,GSE96804,GSE30528;GSE104948_H7,0,,,,,,
ITGA2,GSE96804,GSE30528;GSE104948_H7,2,0.8315084569585371,0.0,-3.3061819080343717,4.969198821951446,0.2376308854256904,0.0
ITGA2B,GSE96804,GSE30528;GSE104948_H7,2,0.5499027038320823,0.0,-3.493495611821571,4.593301019485736,0.3339719021303748,0.0
ITGA3,GSE96804,GSE30528;GSE104948_H7,2,-1.1732089803119206,3.8172642652541784,-19.35710239056638,17.01068442994254,0.5628370051655168,93.15602079229451
ITGA4,GSE96804,GSE30528;GSE104948_H7,2,1.7351102012664696,0.3503287796074376,-5.32761399621396,8.797834398746899,0.19736707935641726,56.38526132393871
ITGA5,GSE96804,GSE30528;GSE104948_H7,2,0.9422496516453275,1.9420705032237628,-12.317829840155216,14.202329143445873,0.5324597650298275,89.11580785165192
ITGA6,GSE96804,GSE30528;GSE104948_H7,2,-0.17304426159379613,0.730750084139897,-8.861480360905608,8.515391837718015,0.8422068318351381,78.13332234230631
ITGA7,GSE96804,GSE30528;GSE104948_H7,2,1.3311505836720352,0.7796409988186946,-7.756153576228466,10.418454743572536,0.3138641500053968,76.05257110038312
ITGA8,GSE96804,GSE30528;GSE104948_H7,2,-0.7696568761106547,0.7230501778643874,-9.494359917951737,7.955046165730427,0.4637525845878935,76.63670815532605
ITGA9,GSE96804,GSE30528;GSE104948_H7,2,-0.4985183315431799,0.17436269753547734,-6.026835965469528,5.029799302383167,0.4568136830069807,46.04336698061155
ITGAD,GSE96804,GSE30528;GSE104948_H7,0,,,,,,
ITGAE,GSE96804,GSE30528;GSE104948_H7,2,0.8450811125827837,1.3680490837556392,-10.498360038368068,12.188522263533637,0.5174575206019847,85.77407839967677
ITGAL,GSE96804,GSE30528;GSE104948_H7,2,1.9674107145072681,0.37958901015686464,-5.372654196320173,9.30747562533471,0.18181571772064947,56.525972336815656
ITGAM,GSE96804,GSE30528;GSE104948_H7,2,1.540004752565698,0.0,-2.9435476842445136,6.023557189375909,0.14339423588014508,0.0
ITGAV,GSE96804,GSE30528;GSE104948_H7,2,-0.8822337644789533,1.163762473393568,-11.490136104960133,9.725668576002228,0.4824404385964003,83.43948797157275
ITGAX,GSE96804,GSE30528;GSE104948_H7,2,1.5928614108776582,0.0,-2.919173318775824,6.104896140531141,0.13964142886465494,0.0
ITGB1,GSE96804,GSE30528;GSE104948_H7,1,,,,,,
ITGB2,GSE96804,GSE30528;GSE104948_H7,2,2.6843029712695303,1.3737585417984524,-9.194318278287266,14.562924220826325,0.21335333639291235,78.2744129288011
ITGB3,GSE96804,GSE30528;GSE104948_H7,2,-0.2303214831725869,2.552828872508278,-15.212591575780388,14.751948609435216,0.8771942741305578,91.80417554026732
ITGB4,GSE96804,GSE30528;GSE104948_H7,2,0.5451381769578566,0.0,-3.4733331676072683,4.563609521522982,0.33466729769868303,0.0
ITGB5,GSE96804,GSE30528;GSE104948_H7,2,-0.7868291509167975,0.2303144072447769,-6.777311551733432,5.203653249899838,0.343663054130413,51.757787437057786
ITGB6,GSE96804,GSE30528;GSE104948_H7,2,1.6319638887019505,0.0,-2.9086360426538627,6.172563820057764,0.13723530602134154,0.0
ITGB7,GSE96804,GSE30528;GSE104948_H7,2,1.850960506578087,1.0068771382292183,-8.394115607738897,12.09603662089507,0.2615403653912618,77.19222225048789
ITGB8,GSE96804,GSE30528;GSE104948_H7,2,-0.39373607186580933,0.187247796528918,-5.999299788848224,5.211827645116606,0.5361279111240662,48.09976080870076
JAM2,GSE96804,GSE30528;GSE104948_H7,2,0.02710790141796236,0.36134559188234083,-6.702620253016709,6.756836055852634,0.9674451605704761,64.40020181353535
JAM3,GSE96804,GSE30528;GSE104948_H7,2,-1.5225089322240748,1.2668679450886775,-12.6601234423252,9.615105577877051,0.3325576629640795,82.2997353001625
JAML,GSE96804,GSE30528;GSE104948_H7,0,,,,,,
JCHAIN,GSE96804,GSE30528;GSE104948_H7,1,,,,,,
JUNB,GSE96804,GSE30528;GSE104948_H7,2,-0.4948233722601283,0.0,-4.506203825799616,3.5165570812793594,0.36153668435220426,0.0
KDR,GSE96804,GSE30528;GSE104948_H7,2,-0.7287230718757758,0.516794047344736,-8.418555921617452,6.961109777865901,0.44121733051535983,70.50866272108101
KLK2,GSE96804,GSE30528;GSE104948_H7,2,-0.4793946226642433,1.7080258971468658,-12.953247254507449,11.994458009178963,0.7108068402404153,88.59659025733856
KLK7,GSE96804,GSE30528;GSE104948_H7,2,-1.719081679771276,0.8722960765620086,-11.363952992167466,7.925789632624913,0.2647117773307902,75.46843175806497
KLKB1,GSE96804,GSE30528;GSE104948_H7,2,-0.11911775043798867,0.0,-4.073176997038315,3.834941496162338,0.7672684110710377,0.0
KNG1,GSE96804,GSE30528;GSE104948_H7,2,-0.08179596163124835,0.0,-4.041382972099034,3.877791048836537,0.8365857357014387,0.0
KRAS,GSE96804,GSE30528;GSE104948_H7,2,0.11662403090274884,0.4803051581768548,-7.303329458307511,7.536577520113008,0.8745107954634362,70.42301096916508
L1CAM,GSE96804,GSE30528;GSE104948_H7,2,0.9499435096228774,0.0,-3.209293092924634,5.109180112170389,0.21125922759209748,0.0
LAMA1,GSE96804,GSE30528;GSE104948_H7,1,,,,,,
LAMA2,GSE96804,GSE30528;GSE104948_H7,2,1.3513078382101649,0.14569632708451072,-4.215964760910548,6.918580437330878,0.1996110072932221,37.71392835499962
LAMA3,GSE96804,GSE30528;GSE104948_H7,2,-0.5502249754578331,0.482681265819757,-8.012550279099239,6.912100328183573,0.5207405995190632,69.91350318104516
LAMA4,GSE96804,GSE30528;GSE104948_H7,2,1.1259770438479904,1.240875916975129,-9.795813887446293,12.047767975142275,0.415087554043462,83.88436640153431
LAMA5,GSE96804,GSE30528;GSE104948_H7,2,-0.2816657841517209,0.1098450540531183,-5.275215312485049,4.711883744181607,0.6041181392823837,35.56009052930302
LAMB1,GSE96804,GSE30528;GSE104948_H7,2,0.9056991144206603,0.0,-3.234918789435198,5.046317018276518,0.21987675536128,0.0
LAMB2,GSE96804,GSE30528;GSE104948_H7,2,-0.4658375065985387,1.9219261609646967,-13.630540111191904,12.698865097994828,0.731007529288354,89.51148831185894
LAMB3,GSE96804,GSE30528;GSE104948_H7,2,1.1709892093699141,0.0,-3.095253613686249,5.437232032426077,0.177770161723565,0.0
LAMC1,GSE96804,GSE30528;GSE104948_H7,2,2.382496767724477,3.8613406410261444,-16.085978318717864,20.850971854166815,0.34873668537563635,91.25863361702984
LAMC2,GSE96804,GSE30528;GSE104948_H7,2,1.6656577607255412,0.0,-2.9022013011032803,6.233516822554362,0.1353256303990449,0.0
LAMC3,GSE96804,GSE30528;GSE104948_H7,2,1.809618746427355,0.0,-2.8545027457342096,6.47374023858892,0.12740722805990348,0.0
LCK,GSE96804,GSE30528;GSE104948_H7,2,2.5408032865154153,0.0,-2.726046699941228,7.8076532729720585,0.10295204434482555,0.0
LIMD1,GSE96804,GSE30528;GSE104948_H7,2,-0.022368876992754298,0.0,-3.979674113477962,3.9349363594924536,0.9543547592197241,0.0
LOX,GSE96804,GSE30528;GSE104948_H7,2,-1.0280462142420084,0.8307440435588455,-10.271493651611754,8.215401223127737,0.39204804147931704,78.38461883958281
LOXL1,GSE96804,GSE30528;GSE104948_H7,2,0.07209521192934416,1.781090843931185,-12.626220378867792,12.77041080272648,0.9541536685712538,89.16410961937025
LOXL2,GSE96804,GSE30528;GSE104948_H7,2,1.3201302589994377,2.3936776002896685,-13.315614259589367,15.955874777588242,0.45673102773123875,90.13859648347218
LOXL3,GSE96804,GSE30528;GSE104948_H7,0,,,,,,
LOXL4,GSE96804,GSE30528;GSE104948_H7,0,,,,,,
LRP4,GSE96804,GSE30528;GSE104948_H7,2,-0.6980663037690588,2.510304807595624,-15.596884649464341,14.200752041926224,0.658146917105685,91.2737476262574
LTBP1,GSE96804,GSE30528;GSE104948_H7,2,1.5018994783986548,6.863873055218297e-05,-2.9633833215359457,5.967182278333255,0.14632834526568217,0.0274731468518336
LTBP2,GSE96804,GSE30528;GSE104948_H7,2,0.7225750737244063,0.0,-3.3549543860180107,4.800104533466823,0.26607626483817787,0.0
LTBP3,GSE96804,GSE30528;GSE104948_H7,2,0.21606863820104164,0.8883751156868512,-9.1852191352521,9.617356411654184,0.8191207611236049,81.12814186184572
LTBP4,GSE96804,GSE30528;GSE104948_H7,2,0.3975997339826436,0.0,-3.5881140855118963,4.383313553477183,0.4252370454908033,0.0
LUM,GSE96804,GSE30528;GSE104948_H7,2,1.596206821032056,0.0,-2.961409214736908,6.15382285680102,0.14072065239190149,0.0
LYN,GSE96804,GSE30528;GSE104948_H7,2,1.419865754100129,0.8231394261824461,-7.88473146625419,10.724462974454449,0.3031351477371013,76.57952269778006
MADCAM1,GSE96804,GSE30528;GSE104948_H7,2,-0.1156781529756503,0.8057924712419462,-9.148806968819217,8.917450662867916,0.8973120355809232,79.71107266718681
MAG,GSE96804,GSE30528;GSE104948_H7,2,0.06566935021819578,0.0,-3.8861624405133566,4.017501140949748,0.8675268986101321,0.0
MAPK1,GSE96804,GSE30528;GSE104948_H7,2,1.5993744871074684,0.0,-2.921956524011697,6.120705498226633,0.1393682442930124,0.0
MAPK3,GSE96804,GSE30528;GSE104948_H7,2,0.6886212381972318,0.0,-3.3940238167474157,4.7712662931418794,0.27793098335341415,0.0
MASP1,GSE96804,GSE30528;GSE104948_H7,2,0.05745981860438672,1.7508679378148841,-12.544568716327799,12.659488353536574,0.9631587315852633,88.99673532944507
MASP2,GSE96804,GSE30528;GSE104948_H7,2,-0.6944603386710869,1.6295245886759115,-12.926068484315309,11.537147806973135,0.6021454941308099,87.89039835414215
MATN1,GSE96804,GSE30528;GSE104948_H7,2,0.16885772371153845,2.7907373492149565,-15.446383373259575,15.784098820682651,0.9130724751705589,92.38911756472893
MATN3,GSE96804,GSE30528;GSE104948_H7,2,-0.6836133621519225,0.3061812206515248,-7.147723932122162,5.780497207818318,0.40729069862302575,59.1162078695475
MATN4,GSE96804,GSE30528;GSE104948_H7,2,0.7250734008090913,0.0,-3.346716637240522,4.796863438858704,0.26493039096406534,0.0
MBL2,GSE96804,GSE30528;GSE104948_H7,2,0.7668780334121827,0.0,-3.3228566289148773,4.856612695739242,0.252982808098596,0.0
MEN1,GSE96804,GSE30528;GSE104948_H7,2,0.6694280287309894,0.15655097414920643,-4.746231354760941,6.0850874122229195,0.3609412586887122,42.98394223500209
MERTK,GSE96804,GSE30528;GSE104948_H7,2,0.4390661213479586,0.2768638817561992,-5.781329619785657,6.6594618624815745,0.5345792913581315,57.70522940131846
MFAP2,GSE96804,GSE30528;GSE104948_H7,2,1.5731285911559953,0.0,-2.927260287202358,6.073517469514348,0.14098341607502143,0.0
MFAP3,GSE96804,GSE30528;GSE104948_H7,2,-0.18182786551125077,2.5279426182559845,-15.094289498779352,14.730633767756851,0.9021483859927827,91.76292063078745
MFAP4,GSE96804,GSE30528;GSE104948_H7,2,1.769463902204833,0.5231993739480776,-6.280039548211079,9.818967352620746,0.21887289895675469,64.88345384274538
MFAP5,GSE96804,GSE30528;GSE104948_H7,2,0.6158377633190345,0.03733750754889218,-3.813858401366317,5.045533928004386,0.32793469074055204,15.351491478050349
MIF,GSE96804,GSE30528;GSE104948_H7,2,0.46583464341717506,0.0,-3.5383408791093296,4.4700101659436795,0.37864676588090235,0.0
MMP1,GSE96804,GSE30528;GSE104948_H7,2,1.1739873684530098,0.0,-3.0912174264395285,5.439192163345548,0.17729836734759755,0.0
MMP10,GSE96804,GSE30528;GSE104948_H7,2,0.2725388623673238,0.0,-3.709897401817032,4.254975126551679,0.5443483463117785,0.0
MMP11,GSE96804,GSE30528;GSE104948_H7,2,2.319450589487121,0.7650509665585945,-7.113415568361199,11.752316747335442,0.19720247439686672,68.97312686227296
MMP12,GSE96804,GSE30528;GSE104948_H7,2,0.059546574854943475,0.2185420837644892,-5.740653295407144,5.859746445117031,0.9174219837211918,52.434530385284496
MMP13,GSE96804,GSE30528;GSE104948_H7,2,0.17335322548385296,0.0,-3.7883034044707387,4.135009855438445,0.6769572909072566,0.0
MMP14,GSE96804,GSE30528;GSE104948_H7,2,0.06760077028091145,0.853400388182116,-9.179410909258968,9.31461244982079,0.9410339872881153,80.56567893064828
MMP15,GSE96804,GSE30528;GSE104948_H7,2,0.4992670248191908,0.0,-3.50802552897302,4.506559578611402,0.35866769158004447,0.0
MMP16,GSE96804,GSE30528;GSE104948_H7,2,-0.3167697550046153,1.0978818081858888,-10.591607103077276,9.958067593068044,0.7623147896925152,83.93438628980603
MMP17,GSE96804,GSE30528;GSE104948_H7,2,0.3622892158594872,1.29089896932724,-10.663067977858471,11.387646409577446,0.7482047416275601,85.72046976590853
MMP19,GSE96804,GSE30528;GSE104948_H7,2,0.6266002546689902,0.0,-3.4327997689892586,4.6860002783272385,0.30017172633485234,0.0
MMP2,GSE96804,GSE30528;GSE104948_H7,2,2.3031094450812515,0.21086737717893458,-4.242121480497374,8.848340370659876,0.14008289708945854,39.350065131222244
MMP20,GSE96804,GSE30528;GSE104948_H7,2,0.005509389609680503,0.0,-3.951146587226398,3.9621653664457592,0.988737732007955,0.0
MMP24,GSE96804,GSE30528;GSE104948_H7,2,-0.19192800872125337,0.0,-4.1643022940306995,3.7804462765881923,0.649487322196274,0.0
MMP25,GSE96804,GSE30528;GSE104948_H7,2,0.2011511669628842,0.21617627127110872,-5.590233720730569,5.992536054656337,0.7354117521471789,52.02884722716442
MMP3,GSE96804,GSE30528;GSE104948_H7,2,1.0503112252449605,0.0,-3.162276305001547,5.2628987554914675,0.19465170252008426,0.0
MMP7,GSE96804,GSE30528;GSE104948_H7,2,1.4285109212647567,0.0,-3.0006184589542815,5.857640301483794,0.15236801998458957,0.0
MMP8,GSE96804,GSE30528;GSE104948_H7,2,0.27846546410051237,0.0,-3.6892638818838166,4.246194810084841,0.5363875892474547,0.0
MMP9,GSE96804,GSE30528;GSE104948_H7,2,0.16328183663143309,0.14148745582312328,-5.071705239049079,5.398268912311945,0.75978825259339,41.67510007947213
MTMR4,GSE96804,GSE30528;GSE104948_H7,2,0.17825169672859006,0.0,-3.7772679670884877,4.133771360545667,0.6689428128982393,0.0
MUSK,GSE96804,GSE30528;GSE104948_H7,2,-0.4567006215678385,0.6252333727032051,-8.651810649151981,7.738409406016304,0.6077534455492933,75.11439720195723
MYC,GSE96804,GSE30528;GSE104948_H7,2,0.8559460405103245,0.010374286139406353,-3.377903759536543,5.0897958405571915,0.23633848938455673,4.643125972097575
NCAM1,GSE96804,GSE30528;GSE104948_H7,2,-0.3536401835655733,0.9490029095812571,-10.028819706155057,9.321539339023909,0.7232058158066778,81.83261323943985
NCAN,GSE96804,GSE30528;GSE104948_H7,2,-0.10544807095194877,0.970303927047893,-9.853834199851864,9.642938057947966,0.9130460455182574,82.41818925101441
NCOR1,GSE96804,GSE30528;GSE104948_H7,2,0.09007719825710826,0.0,-3.8770885843765774,4.057242980890794,0.8211887705173107,0.0
NCOR2,GSE96804,GSE30528;GSE104948_H7,2,-0.23214549532428952,0.06928106749392177,-4.8759406067114694,4.411649616062891,0.6397414525972204,25.933717952819997
NCSTN,GSE96804,GSE30528;GSE104948_H7,2,-0.4790895275964662,1.1141739838050706,-10.83927448839655,9.881095433203617,0.6618052371772056,83.78480191775036
NEDD4L,GSE96804,GSE30528;GSE104948_H7,2,-0.9635368082774107,2.2043299384058797,-15.010116194036577,13.083042577481756,0.5436092359159522,90.14380753373689
NEDD8,GSE96804,GSE30528;GSE104948_H7,2,0.5702556819470969,0.08552322323979222,-4.257795226740346,5.398306590634539,0.3741836525353458,29.53889620241646
NID1,GSE96804,GSE30528;GSE104948_H7,2,0.9300581291354453,0.0,-3.236635352876732,5.0967516111476225,0.21579955013882673,0.0
NID2,GSE96804,GSE30528;GSE104948_H7,2,0.17042217160351292,2.955080071812628,-15.865269134994065,16.20611347820109,0.9145493824994996,92.76592144048368
NRAS,GSE96804,GSE30528;GSE104948_H7,2,1.8655075619907018,6.884155416742318,-22.29553428022217,26.02654940420357,0.5060850431770104,95.14819954489697
NRXN1,GSE96804,GSE30528;GSE104948_H7,2,-0.35177318976926236,0.15410518024592607,-5.69513814270745,4.991591763168926,0.5565295647791415,43.52114463441074
NTN4,GSE96804,GSE30528;GSE104948_H7,0,,,,,,
OLR1,GSE96804,GSE30528;GSE104948_H7,2,1.138913085296215,0.08946741344854969,-3.930862008888144,6.208688179480574,0.2145232416362689,27.999580382639188
OPTC,GSE96804,GSE30528;GSE104948_H7,0,,,,,,
P3H1,GSE96804,GSE30528;GSE104948_H7,1,,,,,,
P3H2,GSE96804,GSE30528;GSE104948_H7,1,,,,,,
P3H3,GSE96804,GSE30528;GSE104948_H7,1,,,,,,
P4HA1,GSE96804,GSE30528;GSE104948_H7,2,-0.436392820256578,0.0,-4.4297016099606665,3.5569159694475103,0.3973397583042068,0.0
P4HA2,GSE96804,GSE30528;GSE104948_H7,1,,,,,,
P4HA3,GSE96804,GSE30528;GSE104948_H7,0,,,,,,
P4HB,GSE96804,GSE30528;GSE104948_H7,2,0.9103695546585826,0.0,-3.2406598424848205,5.061398951801985,0.2193434875372001,0.0
PARD3,GSE96804,GSE30528;GSE104948_H7,2,-0.33633074292014753,1.8352905933258623,-13.220257894185155,12.54759640834486,0.7961084814808521,89.24684721351184
PARD6A,GSE96804,GSE30528;GSE104948_H7,2,0.5495296480348308,0.8034080726022923,-8.510847277957563,9.609906574027224,0.5820014547753212,78.98656694102066
PARP1,GSE96804,GSE30528;GSE104948_H7,2,0.8147005961856668,0.0,-3.2882219202206904,4.917623112592024,0.24023249452703552,0.0
PCOLCE,GSE96804,GSE30528;GSE104948_H7,2,2.555809979574083,0.0,-2.754067725129029,7.865687684277195,0.10317965230828353,0.0
PCOLCE2,GSE96804,GSE30528;GSE104948_H7,2,-1.5179168940709085,0.20577264690739497,-7.616411708752323,4.580577920610506,0.1949648741881034,44.42111691408915
PDGFA,GSE96804,GSE30528;GSE104948_H7,2,-0.2857264645342624,0.19740476031781712,-5.95114454516877,5.379691616100246,0.6371949016335714,49.6467790379909
PDGFB,GSE96804,GSE30528;GSE104948_H7,2,1.4961082580490692,0.0,-2.962076575135223,5.954293091233362,0.14664961857130593,0.0
PECAM1,GSE96804,GSE30528;GSE104948_H7,2,0.5307432125672521,1.1661364440565898,-10.025854991426266,11.08734141656077,0.6380986388898271,84.44294170617799
PF4,GSE96804,GSE30528;GSE104948_H7,2,-0.01914468947999252,0.12749232075648292,-5.136940058708012,5.098650679748026,0.9697632824797229,39.285277048976425
PF4V1,GSE96804,GSE30528;GSE104948_H7,2,0.60111795962759,0.0,-3.4319086765872067,4.634144595842387,0.30928034878996913,0.0
PHYKPL,GSE96804,GSE30528;GSE104948_H7,0,,,,,,
PICK1,GSE96804,GSE30528;GSE104948_H7,2,0.348017721789452,0.060766100170678336,-4.235851679935669,4.9318871235145725,0.5114423441798609,23.344824110292556
PIK3CA,GSE96804,GSE30528;GSE104948_H7,2,-0.553590099337083,0.6332917850755648,-8.811671299699475,7.704491101025309,0.5508496096652427,74.94491742417213
PIK3CB,GSE96804,GSE30528;GSE104948_H7,2,-0.2784119209668794,0.0,-4.264486047921851,3.707662205988092,0.5379067071806284,0.0
PIK3R1,GSE96804,GSE30528;GSE104948_H7,2,-0.2108500945286859,0.5337503894325439,-7.919410575486913,7.497710386429541,0.7870571392518135,72.49380619558497
PIK3R2,GSE96804,GSE30528;GSE104948_H7,2,-0.03797659928414882,0.37868108654942373,-6.872068743354632,6.796115544786334,0.9551243188035987,65.44401641845401
PLCG1,GSE96804,GSE30528;GSE104948_H7,2,0.655059139064715,0.0,-3.3951363048684335,4.705254582997863,0.28831049567387873,0.0
PLEC,GSE96804,GSE30528;GSE104948_H7,2,-0.0487210758407745,0.2228697989812959,-5.877774710102635,5.780332558421087,0.9326418860835418,52.93803479430185
PLG,GSE96804,GSE30528;GSE104948_H7,2,-0.8955075121399696,0.8630932397175081,-10.256103858203666,8.465088833923726,0.4382515386754684,79.43504607260208
PLOD1,GSE96804,GSE30528;GSE104948_H7,2,0.85977436947736,0.0,-3.2667712184690516,4.986319957423771,0.22992517292014292,0.0
PLOD2,GSE96804,GSE30528;GSE104948_H7,2,0.5577170807081261,0.0,-3.467562368878054,4.582996530294306,0.32886210601972354,0.0
PLOD3,GSE96804,GSE30528;GSE104948_H7,2,0.36154520487672076,1.3503822195702107,-10.873982648015694,11.597073057769137,0.7529092483533605,86.33896391128107
PMEPA1,GSE96804,GSE30528;GSE104948_H7,2,-1.4286729622693415,3.1876963582687563,-18.178449681243862,15.321103756705178,0.4744190651872912,91.6560279661935
PPBP,GSE96804,GSE30528;GSE104948_H7,2,0.03531861666100561,0.10779103610851574,-4.922171124849732,4.992808358171744,0.9425280718397735,35.3922145226219
PPIA,GSE96804,GSE30528;GSE104948_H7,1,,,,,,
PPIB,GSE96804,GSE30528;GSE104948_H7,2,1.3100881184890143,0.38845229056836583,-5.8016946834102985,8.421870920388328,0.2570405054589199,61.78476110873754
PPIL2,GSE96804,GSE30528;GSE104948_H7,2,0.9150605722013609,1.3189134365911894,-10.28008353165494,12.110204676057661,0.48795634237998176,84.90334507915152
PPM1A,GSE96804,GSE30528;GSE104948_H7,2,-1.097929890717395,1.648532369535979,-13.444483203024639,11.248623421589848,0.4612179419616273,87.23080220409342
PPP1CA,GSE96804,GSE30528;GSE104948_H7,2,1.9326913656157234,1.8311679147607134,-11.180083015028991,15.045465746260437,0.3122316141745919,85.80708598964429
PPP1CB,GSE96804,GSE30528;GSE104948_H7,2,-0.06875835464681947,1.2192962220554686,-10.809481101709716,10.671964392416077,0.948330665501745,85.31665513594629
PPP1CC,GSE96804,GSE30528;GSE104948_H7,2,-0.28726485236769467,0.0,-4.264491486795499,3.6899617820601094,0.5272918036335591,0.0
PPP1R15A,GSE96804,GSE30528;GSE104948_H7,2,-0.565420462019806,0.4332124502470756,-7.767439778432424,6.636598854392812,0.5007819768783404,67.40066185698575
PRKCA,GSE96804,GSE30528;GSE104948_H7,2,-0.7628643210332726,2.69817039361962,-16.158320119542253,14.632591477475707,0.6422792434778131,91.87112486380803
PRKCZ,GSE96804,GSE30528;GSE104948_H7,2,-0.0015888467229683901,0.0,-3.954115947021411,3.950938253575474,0.996748383329365,0.0
PROC,GSE96804,GSE30528;GSE104948_H7,2,-0.257223721574233,0.0,-4.221503014252216,3.7070555711037496,0.5610692716037075,0.0
PROCR,GSE96804,GSE30528;GSE104948_H7,2,1.8427913334916055,0.0,-2.847551764308332,6.533134431291543,0.1258584817174813,0.0
PROS1,GSE96804,GSE30528;GSE104948_H7,2,0.9453178303153135,0.9492020121712564,-8.79182543836721,10.682461098997836,0.43366935682045427,80.73398595886123
PROZ,GSE96804,GSE30528;GSE104948_H7,2,-0.10049474691470091,0.1727262690349217,-5.567611427705802,5.3666219338764,0.8539287966391464,46.632195733052725
PRSS1,GSE96804,GSE30528;GSE104948_H7,2,0.03075595179058856,0.5381085740173125,-7.698296477148599,7.759808380729776,0.967839024356264,72.71226320319593
PRSS2,GSE96804,GSE30528;GSE104948_H7,1,,,,,,
PRTN3,GSE96804,GSE30528;GSE104948_H7,2,-0.008825481518060025,0.0,-3.961018418285723,3.943367455249603,0.9819415804316579,0.0
PSEN1,GSE96804,GSE30528;GSE104948_H7,2,0.6910266810999156,0.0,-3.3780611730310945,4.760114535230926,0.2762726103802439,0.0
PSG1,GSE96804,GSE30528;GSE104948_H7,2,-0.19627763862074624,0.8413512854088849,-9.390445176447898,8.997889899206406,0.831372689555191,80.33501223475021
PSG11,GSE96804,GSE30528;GSE104948_H7,2,-0.46019768147150547,1.8196720909644586,-13.293105887112377,12.372710524169365,0.7278158674159456,89.18194044072064
PSG2,GSE96804,GSE30528;GSE104948_H7,2,-0.46975035152082917,0.7697357260236808,-9.356661158647885,8.417160455606226,0.6234820071895246,78.64359460176473
PSG3,GSE96804,GSE30528;GSE104948_H7,2,-0.33568967230838653,0.8491594537267895,-9.570562626480175,8.899183281863401,0.724544925759837,80.35828543456222
PSG4,GSE96804,GSE30528;GSE104948_H7,2,-0.6423434225830541,0.5066261872693095,-8.247255314080496,6.962568468914388,0.47752567686777914,70.6443285725275
PSG5,GSE96804,GSE30528;GSE104948_H7,2,-0.41088825550761027,0.0,-4.415840062838273,3.594063551823052,0.4165797636479189,0.0
PSG6,GSE96804,GSE30528;GSE104948_H7,1,,,,,,
PSG7,GSE96804,GSE30528;GSE104948_H7,1,,,,,,
PSG8,GSE96804,GSE30528;GSE104948_H7,0,,,,,,
PSG9,GSE96804,GSE30528;GSE104948_H7,2,-0.21787628679253387,0.6135541257199526,-8.338418289281812,7.902665715696744,0.7908355639773186,75.09357832934269
PSMA1,GSE96804,GSE30528;GSE104948_H7,2,0.3371214108754638,0.060449793035275375,-4.233071314433331,4.907314136184259,0.5206047813048423,23.323133837094044
PSMA2,GSE96804,GSE30528;GSE104948_H7,2,-0.30700631771582787,0.0,-4.282513952525367,3.668501317093711,0.5060312814873791,0.0
PSMA3,GSE96804,GSE30528;GSE104948_H7,2,0.3725979644705885,1.055952550245476,-9.737271870092018,10.482467799033193,0.7211887323458012,83.38065139796475
PSMA4,GSE96804,GSE30528;GSE104948_H7,2,0.37123358469001344,0.3575880264935194,-6.351042241593198,7.093509410973224,0.6104772481355816,63.8381929144556
PSMA5,GSE96804,GSE30528;GSE104948_H7,2,-0.7780021256239507,0.0,-4.867437831423812,3.3114335801759114,0.24971116673929716,0.0
PSMA6,GSE96804,GSE30528;GSE104948_H7,1,,,,,,
PSMA7,GSE96804,GSE30528;GSE104948_H7,2,0.8167511619185082,0.9189685070499432,-8.771746659573838,10.405248983410855,0.47484619150203994,80.62016625100648
PSMB1,GSE96804,GSE30528;GSE104948_H7,2,0.28716280012980844,0.0,-3.6888509647939327,4.263176565053549,0.5273077614484036,0.0
PSMB2,GSE96804,GSE30528;GSE104948_H7,2,0.19815975628526625,0.07530801542556353,-4.494939923206027,4.891259435776559,0.6865149202835462,27.60005098635867
PSMB3,GSE96804,GSE30528;GSE104948_H7,2,0.5756652618829922,0.009559827613029986,-3.562048320634562,4.713378844400546,0.32773537600277136,4.489248147294975
PSMB4,GSE96804,GSE30528;GSE104948_H7,2,0.6792680473447726,0.022223120742280108,-3.60930396348737,4.9678400581769155,0.29357867770143736,9.710393128016182
PSMB5,GSE96804,GSE30528;GSE104948_H7,2,0.6540307099086844,0.06700054579270628,-4.034738806771543,5.342800226588912,0.32702620272890537,24.518321102783666
PSMB6,GSE96804,GSE30528;GSE104948_H7,2,0.6172694987162456,0.0,-3.4227511190902664,4.657290116522757,0.3028118784869935,0.0
PSMB7,GSE96804,GSE30528;GSE104948_H7,2,0.3835919751903669,0.1790030513558961,-5.150374808927153,5.917558759307886,0.5403140584248735,47.13035932805097
PSMC1,GSE96804,GSE30528;GSE104948_H7,1,,,,,,
PSMC2,GSE96804,GSE30528;GSE104948_H7,2,-1.0995613163445024,1.7553856832874186,-13.79457941815224,11.595456785463236,0.46955495583348356,87.85951768727816
PSMC3,GSE96804,GSE30528;GSE104948_H7,2,0.5396380073163359,0.8705493850891224,-8.805283964879601,9.884559979512273,0.5970109063489258,80.43580213838456
PSMC4,GSE96804,GSE30528;GSE104948_H7,2,0.9757974772032397,0.7984190335647863,-8.11344842365142,10.0650433780579,0.4027161883811116,77.9173536911112
PSMC5,GSE96804,GSE30528;GSE104948_H7,2,0.23841255141143342,0.4334686165965118,-6.920622963640257,7.397448066463124,0.7451614763838952,68.25231803564407
PSMC6,GSE96804,GSE30528;GSE104948_H7,1,,,,,,
PSMD1,GSE96804,GSE30528;GSE104948_H7,2,-0.8407238267069759,1.8119329065290604,-13.700041575053126,12.018593921639175,0.5587014371919858,88.42107255340025
PSMD11,GSE96804,GSE30528;GSE104948_H7,2,0.01837336132996089,0.0,-3.9434858328512545,3.9802325555111766,0.9625300040214477,0.0
PSMD12,GSE96804,GSE30528;GSE104948_H7,2,-0.3061397171991757,2.3803678787260836,-14.814117358426063,14.20183792402771,0.8332320887034034,91.28931379092066
PSMD13,GSE96804,GSE30528;GSE104948_H7,2,0.7980233059742257,0.11887409693152355,-4.3594776342865185,5.955524246234971,0.2995507755870926,35.95065582129379
PSMD14,GSE96804,GSE30528;GSE104948_H7,2,0.3267560068562846,0.8071692786122069,-8.72005998592963,9.373571999642198,0.7260925420132596,79.5929304069267
PSMD2,GSE96804,GSE30528;GSE104948_H7,2,0.5119163581588905,0.8386678135001884,-8.689987218716844,9.713819935034625,0.6082755911919605,79.91903597506517
PSMD3,GSE96804,GSE30528;GSE104948_H7,2,0.13220381428991282,0.0,-3.823643666596419,4.088051295176244,0.7443556646820478,0.0
PSMD6,GSE96804,GSE30528;GSE104948_H7,2,-0.28872608734251887,0.5544831513248881,-8.116897123455564,7.539444948770527,0.7210024472983898,73.03945602743951
PSMD7,GSE96804,GSE30528;GSE104948_H7,2,0.12353063561798594,2.2373398346686684,-13.965982323458878,14.213043594694849,0.9293702526034974,90.97767090365792
PSMD8,GSE96804,GSE30528;GSE104948_H7,2,0.7634290912007774,0.25908034332063057,-5.396120783566559,6.922978965968113,0.3601665768723293,55.00753201664165
PTPN11,GSE96804,GSE30528;GSE104948_H7,2,-0.3015797346787156,0.013464460885955556,-4.425895549658762,3.822736080301331,0.5233844365488654,6.376421614310308
PTPN6,GSE96804,GSE30528;GSE104948_H7,2,2.0351228864483515,1.148786422125206,-8.784280315034657,12.854526087931362,0.2522741765036774,78.98073660946896
PTPRS,GSE96804,GSE30528;GSE104948_H7,2,0.40184061823101475,0.0,-3.584589460384234,4.388270696846264,0.4220121859648105,0.0
PXDN,GSE96804,GSE30528;GSE104948_H7,2,1.3859178041750473,3.842190730562139,-16.85502251432323,19.626858122673326,0.5112071272877752,93.16690374270368
RBL1,GSE96804,GSE30528;GSE104948_H7,2,-0.2771484308323785,1.118035635063213,-10.63002955815038,10.075732696485623,0.7912711252838988,84.19385358801726
RBX1,GSE96804,GSE30528;GSE104948_H7,2,0.569336852435852,0.6891277441314201,-7.949762255226611,9.088435960098314,0.5518143266455755,76.6033981698922
RHOA,GSE96804,GSE30528;GSE104948_H7,2,0.6114511185999244,0.5035393100057878,-6.972353646833191,8.19525588403304,0.4923119243963212,70.6097623707218
RNF111,GSE96804,GSE30528;GSE104948_H7,2,-0.38609251219720664,2.1402602222610088,-14.206193579238255,13.43400855484384,0.7828498102227387,90.45308343226289
RPS27A,GSE96804,GSE30528;GSE104948_H7,1,,,,,,
SCUBE1,GSE96804,GSE30528;GSE104948_H7,0,,,,,,
SCUBE3,GSE96804,GSE30528;GSE104948_H7,1,,,,,,
SDC1,GSE96804,GSE30528;GSE104948_H7,2,-0.04267239000234249,1.6443266058245674,-12.293330872699391,12.207986092694705,0.9718421059406547,88.44367884552533
SDC2,GSE96804,GSE30528;GSE104948_H7,2,-0.7534573541041908,2.9942913298619134,-16.93051816918709,15.423603460978706,0.6598106276853629,92.34543967132382
SDC3,GSE96804,GSE30528;GSE104948_H7,2,-0.23271975625310126,0.2309488591807298,-6.130015429233125,5.664575916726922,0.7041131781996877,53.605764870271045
SDC4,GSE96804,GSE30528;GSE104948_H7,2,0.01806410861943537,0.0,-3.9503733361379085,3.9865015533767796,0.9632201970401262,0.0
SELE,GSE96804,GSE30528;GSE104948_H7,2,1.181411741569305,0.4110106418681503,-6.017469623970835,8.380293107109445,0.2846751853924911,63.83852663450396
SELL,GSE96804,GSE30528;GSE104948_H7,2,0.935643341975083,0.0,-3.2168152245541797,5.0881019085043455,0.2139278794430554,0.0
SELP,GSE96804,GSE30528;GSE104948_H7,2,0.0929461197941692,0.0,-3.8621942515863448,4.048086491174683,0.8152726787818007,0.0
SELPLG,GSE96804,GSE30528;GSE104948_H7,2,1.3058408464783102,0.0,-3.0296268891683926,5.6413085821250135,0.16270726801308077,0.0
SEM1,GSE96804,GSE30528;GSE104948_H7,0,,,,,,
SERPINA10,GSE96804,GSE30528;GSE104948_H7,2,0.13459023560733735,2.0281012725006016,-13.337873727082377,13.607054198297051,0.9196203541061064,90.19786745607361
SERPINA5,GSE96804,GSE30528;GSE104948_H7,2,0.12079637858228112,0.0,-3.8525621531568666,4.0941549103214285,0.7653224067752534,0.0
SERPINC1,GSE96804,GSE30528;GSE104948_H7,2,-0.25717814389765475,0.007498228011415598,-4.316759900089023,3.802403612293714,0.5685299123902997,3.665762667527592
SERPIND1,GSE96804,GSE30528;GSE104948_H7,2,-0.9866577240110213,0.0,-5.165730157516728,3.1924147094946855,0.2048410254677757,0.0
SERPINE1,GSE96804,GSE30528;GSE104948_H7,2,0.29441876569803016,0.4229489192280996,-6.807722212703075,7.396559744099134,0.6913628986494387,67.66077792313058
SERPINE2,GSE96804,GSE30528;GSE104948_H7,2,2.1402415145832583,0.42454170066985913,-5.575590269197366,9.856073298363881,0.17600211860555195,57.11382743684902
SERPING1,GSE96804,GSE30528;GSE104948_H7,2,0.2342022039870773,0.6201439824465718,-7.92008263577601,8.388487043750166,0.7772330395264294,75.27219378298365
SERPINH1,GSE96804,GSE30528;GSE104948_H7,2,2.5720761692818868,0.04241209746137577,-3.051576189888856,8.19572852845263,0.10848419178720292,10.665594922530799
SGCA,GSE96804,GSE30528;GSE104948_H7,2,-0.15504598422055113,0.5009395967447179,-7.685873793570684,7.375781825129582,0.8371120085529505,71.29007816458187
SGCB,GSE96804,GSE30528;GSE104948_H7,2,-1.1601407416692424,0.0,-5.420570919952974,3.1002894366144886,0.1791146362196435,0.0
SGCD,GSE96804,GSE30528;GSE104948_H7,2,0.09834421479862017,0.0,-3.854771476478999,4.051459906076239,0.8050914456371308,0.0
SGCE,GSE96804,GSE30528;GSE104948_H7,2,-1.3826548336189426,7.447782053629042,-26.45238089987874,23.687071232640854,0.6108677787197937,95.63101184701524
SGCG,GSE96804,GSE30528;GSE104948_H7,2,0.10096331143728494,0.45892943279246773,-7.199735100902608,7.401661723777178,0.8892652329182308,69.50482124044835
SGCZ,GSE96804,GSE30528;GSE104948_H7,0,,,,,,
SH3PXD2A,GSE96804,GSE30528;GSE104948_H7,2,0.7993762100318854,0.5689496503062792,-7.158368501856769,8.75712092192054,0.42308522610592836,72.43735637832684
SHC1,GSE96804,GSE30528;GSE104948_H7,2,1.622441284076091,0.3064844594125476,-5.130528525726348,8.37541109387853,0.20152746517809197,53.96143646964281
SIRPA,GSE96804,GSE30528;GSE104948_H7,2,-1.3073953636885107,0.0,-5.643559549148131,3.0287688217711093,0.1625470950599576,0.0
SIRPG,GSE96804,GSE30528;GSE104948_H7,2,0.6072636910742983,0.0,-3.4275451675819046,4.642072549730502,0.30672969549197815,0.0
SKI,GSE96804,GSE30528;GSE104948_H7,2,0.13210429555678616,1.653350167329653,-12.148826631106907,12.41303522222048,0.9135233419041437,88.4895424718798
SKIL,GSE96804,GSE30528;GSE104948_H7,2,-0.04742552069246739,0.29494427266039003,-6.362467408765657,6.267616367380723,0.9394353988943352,59.69856719785477
SLC16A1,GSE96804,GSE30528;GSE104948_H7,2,0.6436219442097081,0.2524165820326509,-5.462219901659253,6.74946379007867,0.4082856235824705,54.62609863810616
SLC16A3,GSE96804,GSE30528;GSE104948_H7,1,,,,,,
SLC16A8,GSE96804,GSE30528;GSE104948_H7,2,0.037356640477456196,2.0239671412558873,-13.420316590323054,13.495029871277968,0.9775552996140077,90.21214208344351
SLC3A2,GSE96804,GSE30528;GSE104948_H7,2,-0.16319448053943464,0.0,-4.138131701295776,3.811742740216906,0.6938951412239838,0.0
SLC7A10,GSE96804,GSE30528;GSE104948_H7,2,-0.9555137601230903,1.316721720664344,-12.128583422164185,10.217555901918006,0.47358583991869413,85.07869468424177
SLC7A11,GSE96804,GSE30528;GSE104948_H7,2,1.1848413819098462,0.0,-3.0901267377059503,5.459809501525643,0.17613792775147133,0.0
SLC7A5,GSE96804,GSE30528;GSE104948_H7,2,-0.031084956381275505,0.0,-3.9858193903297976,3.923649477567247,0.9366289162792643,0.0
SLC7A6,GSE96804,GSE30528;GSE104948_H7,2,1.6881874888124178,1.8538941501062012,-11.433312157247242,14.809687134872076,0.3494958082950325,86.79177263537919
SLC7A7,GSE96804,GSE30528;GSE104948_H7,2,-0.3912756778707693,0.3738729269072319,-7.213629789972517,6.431078434230978,0.5990910254835367,64.8005099184213
SLC7A8,GSE96804,GSE30528;GSE104948_H7,2,-0.5695480585013761,2.0442521075489326,-14.104803359523817,12.965707242521066,0.6874250269953437,90.05701445102956
SLC7A9,GSE96804,GSE30528;GSE104948_H7,2,-0.8340795878477886,0.2302404858928173,-6.816800287805483,5.148641112109907,0.32717082276144066,51.792720639290756
SMAD2,GSE96804,GSE30528;GSE104948_H7,2,-0.6278383055263518,0.13070959029629084,-5.851699597882009,4.596022986829306,0.3690882957404066,38.644047992684676
SMAD3,GSE96804,GSE30528;GSE104948_H7,2,0.9351208380042291,0.0,-3.222415826538116,5.092657502546574,0.21428104305652917,0.0
SMAD4,GSE96804,GSE30528;GSE104948_H7,2,-0.8501330578334776,0.508070412122362,-8.499268930062382,6.7990028143954255,0.3922582793003045,69.99334129816597
SMAD7,GSE96804,GSE30528;GSE104948_H7,2,-0.11817840082425984,0.281856852125834,-6.350658688552007,6.114301886903488,0.8494869928124715,58.57335233367157
SMPD1,GSE96804,GSE30528;GSE104948_H7,2,0.5556302392826153,0.0110625829357501,-3.607430707869526,4.718691186434757,0.33918548523147024,5.150791120970637
SMURF1,GSE96804,GSE30528;GSE104948_H7,2,0.6199721890336728,0.4594167848738216,-6.73828237331084,7.978226751378186,0.4783121954764263,68.4689133227305
SMURF2,GSE96804,GSE30528;GSE104948_H7,2,-0.0569429724412809,0.4884328547497004,-7.519478263297827,7.405592318415266,0.9384689403523734,70.79862480660691
SNTA1,GSE96804,GSE30528;GSE104948_H7,2,-1.0870300659114256,0.36622299311843554,-7.999104204545095,5.825044072722244,0.29539068007117236,61.70749311204274
SNTB1,GSE96804,GSE30528;GSE104948_H7,2,0.43760144721212924,0.0,-3.57354386553322,4.448746759957479,0.3978503744064203,0.0
SNTB2,GSE96804,GSE30528;GSE104948_H7,2,0.5766807893734178,0.0,-3.452327608074068,4.605689186820904,0.3200482260411198,0.0
SNTG2,GSE96804,GSE30528;GSE104948_H7,2,0.9438920830636074,1.119119432621017,-9.480723795216475,11.36850796134369,0.45552566358120655,83.05787215857417
SNW1,GSE96804,GSE30528;GSE104948_H7,2,0.8080893313241806,0.21357934608316947,-5.053282123758449,6.66946078640681,0.3302222210812127,50.054292678190116
SOS1,GSE96804,GSE30528;GSE104948_H7,2,0.0677792656686495,0.1703562004032982,-5.381054521991599,5.516613053328898,0.9002044007935749,46.304326446906565
SP1,GSE96804,GSE30528;GSE104948_H7,2,-0.3276028880132625,0.0,-4.3012139290483065,3.6460081530217816,0.48521598470397137,0.0
SPARC,GSE96804,GSE30528;GSE104948_H7,2,-0.26597955726984074,0.27832825997904387,-6.485831110203607,5.953871995663926,0.6831367822653706,58.07578210228357
SPN,GSE96804,GSE30528;GSE104948_H7,2,0.3688603936385287,0.08107401439078718,-4.386114403913716,5.123835191190773,0.5045955995187869,28.897725869488177
SPOCK3,GSE96804,GSE30528;GSE104948_H7,2,0.5790611353037294,0.6668592618695297,-7.8338354331128945,8.991957703720352,0.5425335821862481,76.00865398442826
SPP1,GSE96804,GSE30528;GSE104948_H7,2,0.8271707686415694,1.1692833614469813,-9.79292379297775,11.447265330260887,0.5033108715792289,83.64938231689584
SRC,GSE96804,GSE30528;GSE104948_H7,2,0.3088374236653905,1.930583019740908,-12.872178839854165,13.489853687184947,0.8157897854798979,89.69720994165633
SSPN,GSE96804,GSE30528;GSE104948_H7,2,1.345202147506545,0.27960984768351027,-5.126100652689545,7.816504947702636,0.23041114011448546,53.66061279037919
STAT1,GSE96804,GSE30528;GSE104948_H7,2,-0.08906803881487967,0.31222619467214635,-6.5141046076885445,6.335968530058786,0.889003301367352,61.04328048365388
STRAP,GSE96804,GSE30528;GSE104948_H7,2,-0.5011951068740321,0.762919236492144,-9.371065743526449,8.368675529778384,0.6035871576876005,78.26583176977098
STUB1,GSE96804,GSE30528;GSE104948_H7,2,0.41959150800019895,0.0,-3.5765365648847656,4.415719580885163,0.40947950599763605,0.0
TEK,GSE96804,GSE30528;GSE104948_H7,2,-1.1972511664393781,0.0,-5.473552320419113,3.0790499875403565,0.1744543369651306,0.0
TFDP1,GSE96804,GSE30528;GSE104948_H7,2,-0.05969232994336134,0.6675341334036033,-8.444075301410496,8.324690641523773,0.9425668116255326,76.64944967216341
TFDP2,GSE96804,GSE30528;GSE104948_H7,2,-0.07032193378179967,0.0,-4.0226521839003455,3.8820083163367465,0.8584553306525109,0.0
TFPI,GSE96804,GSE30528;GSE104948_H7,2,0.4543480939680175,2.4233034709529426,-14.173090854754417,15.08178704269045,0.7606915643633574,91.41663925641595
TGFB1,GSE96804,GSE30528;GSE104948_H7,2,1.0151069713279626,0.3883991656345683,-6.006828889100772,8.037042831756697,0.3173831835037826,63.4353736210036
TGFB2,GSE96804,GSE30528;GSE104948_H7,2,1.126931593000285,0.7687552482374478,-7.860377133020616,10.114240319021185,0.35682623636096233,76.70493365575815
TGFB3,GSE96804,GSE30528;GSE104948_H7,2,0.6593065184412064,0.18290278551517697,-4.94920381494401,6.267816851826423,0.37557695279170694,46.83677058199636
TGFBR1,GSE96804,GSE30528;GSE104948_H7,2,0.455617378227956,0.5021849194624077,-7.112315767027944,8.023550523483856,0.5842827749987073,70.76958252311483
TGFBR2,GSE96804,GSE30528;GSE104948_H7,2,-0.7814981798729952,0.3874909474195092,-7.761643605169565,6.198647245423576,0.39005629033531247,64.15020553516187
TGFBR3,GSE96804,GSE30528;GSE104948_H7,2,-2.307763645538192,3.0262234279920537,-18.858341111576483,14.2428138205001,0.3271272667642906,89.00623739481881
TGIF1,GSE96804,GSE30528;GSE104948_H7,2,0.3835404308987909,0.0,-3.61168298914474,4.378763850942322,0.43716998035378357,0.0
TGIF2,GSE96804,GSE30528;GSE104948_H7,2,-0.3707994319257739,0.0,-4.356757928154344,3.6151590643027953,0.4470189885217502,0.0
THBD,GSE96804,GSE30528;GSE104948_H7,2,1.3497636490834752,6.244230216505286,-21.64188989515119,24.34141719331814,0.5919922592348124,95.32562002335938
THBS1,GSE96804,GSE30528;GSE104948_H7,2,0.26258433542945214,0.023016807275812765,-3.9582361197042277,4.483404790563132,0.5741614863670091,10.42909904933094
TIMP1,GSE96804,GSE30528;GSE104948_H7,2,0.8935499808349311,4.888640191403988,-19.507693677279473,21.294793638949333,0.6767037754497712,94.79825924326691
TIMP2,GSE96804,GSE30528;GSE104948_H7,2,-0.8227922035569625,1.7554414427459308,-13.498867836767742,11.853283429653816,0.5609551765828262,88.1596547132311
TLL1,GSE96804,GSE30528;GSE104948_H7,2,0.06456701276849357,0.0,-3.903764346580436,4.032898372117423,0.8702154102143805,0.0
TLL2,GSE96804,GSE30528;GSE104948_H7,2,0.5748558275692335,0.3503072613754939,-6.128174325222732,7.277885980361198,0.472692411371004,62.86584229382635
TMPRSS6,GSE96804,GSE30528;GSE104948_H7,2,0.18156637610090123,3.391801670863955,-16.934164186775124,17.297296938976924,0.9147044605499863,93.46269661446803
TNC,GSE96804,GSE30528;GSE104948_H7,2,1.7928062956020012,0.057549595348630085,-3.3476079734499704,6.933220564653973,0.1412912282018369,17.39209332632456
TNFRSF10A,GSE96804,GSE30528;GSE104948_H7,0,,,,,,
TNFRSF10B,GSE96804,GSE30528;GSE104948_H7,2,1.498303662419501,5.489988402834549,-20.130150882000947,23.126758206839952,0.5405020791492426,94.69788072123008
TNFRSF10D,GSE96804,GSE30528;GSE104948_H7,2,1.2306614080972178,2.9153702997766775,-14.780966207605234,17.24228902379967,0.5075346440560408,91.74603272384023
TNN,GSE96804,GSE30528;GSE104948_H7,2,-0.5957994006379249,3.3896440896227427,-17.71593851311241,16.524339711836557,0.734949770764227,93.34440937662897
TNR,GSE96804,GSE30528;GSE104948_H7,2,-0.4665937792558151,0.95195896594765,-10.154150603546636,9.220963045035006,0.6503778612950244,81.85589838828436
TNXB,GSE96804,GSE30528;GSE104948_H7,2,0.44441374552231766,0.39033858338879346,-6.491805578438193,7.380633069482828,0.5650087378642595,65.48401918571842
TPSAB1,GSE96804,GSE30528;GSE104948_H7,2,0.92116810075881,0.04766190210909395,-3.704780233414515,5.547116434932135,0.2396138246552746,17.939794685944616
TRAPPC4,GSE96804,GSE30528;GSE104948_H7,1,,,,,,
TREM1,GSE96804,GSE30528;GSE104948_H7,2,-0.06641403444791545,0.0,-4.016840761625811,3.88401269272998,0.8660221236771118,0.0
TRIM33,GSE96804,GSE30528;GSE104948_H7,2,-0.17756258602302277,0.13782291747827846,-5.380346463629459,5.025221291583413,0.7395156724648517,41.07482532739656
TSPAN7,GSE96804,GSE30528;GSE104948_H7,2,-0.9253749901849864,0.0,-5.078123248233158,3.227373267863186,0.2161382891691682,0.0
TTR,GSE96804,GSE30528;GSE104948_H7,2,0.5342725341041199,0.0,-3.4972316359572275,4.565776704165467,0.34116259551977257,0.0
UBA52,GSE96804,GSE30528;GSE104948_H7,2,0.9402908396132682,0.0,-3.2133902512575596,5.093971930484096,0.2130059295443539,0.0
UBB,GSE96804,GSE30528;GSE104948_H7,2,-0.621801874560672,1.1671653609853456,-11.204674237882859,9.961070488761514,0.5917386492794213,84.10553909519957
UBC,GSE96804,GSE30528;GSE104948_H7,1,,,,,,
UBE2D1,GSE96804,GSE30528;GSE104948_H7,2,0.337137279798731,0.0,-3.6380564877222383,4.3123310473197005,0.476227869790276,0.0
UBE2D2,GSE96804,GSE30528;GSE104948_H7,2,0.2463202669836416,0.764588029980001,-8.602194717057525,9.094835251024808,0.7835652844463695,78.81612799672445
UBE2D3,GSE96804,GSE30528;GSE104948_H7,2,0.3137344510795088,0.0,-3.6833417798774777,4.310810682036495,0.5008534080290591,0.0
UBE2M,GSE96804,GSE30528;GSE104948_H7,2,0.032981117116399436,0.0,-3.930162548485418,3.9961247827182174,0.9329327215664147,0.0
UCHL5,GSE96804,GSE30528;GSE104948_H7,2,0.12422674086710206,0.0,-3.836496285399218,4.084949767133422,0.7585715712329169,0.0
USP15,GSE96804,GSE30528;GSE104948_H7,1,,,,,,
USP9X,GSE96804,GSE30528;GSE104948_H7,2,-1.909401089971368,1.014991244039176,-12.20779275963806,8.388990579695324,0.255557907515434,76.99550191019078
UTRN,GSE96804,GSE30528;GSE104948_H7,2,-0.4392855696050229,0.04318833996781544,-4.868362456946399,3.9897913177363535,0.42702472441978584,17.728385870216115
VCAM1,GSE96804,GSE30528;GSE104948_H7,2,1.3629188253839075,0.0,-3.011133002015298,5.736970652783113,0.15750287845509275,0.0
VCAN,GSE96804,GSE30528;GSE104948_H7,2,1.5012024140048488,0.11773710992449525,-3.9317724655081707,6.934177293517868,0.1766492663407359,31.957546406286706
VEGFA,GSE96804,GSE30528;GSE104948_H7,2,-1.390838230244249,0.290001658207396,-7.976078621387892,5.1944021608993936,0.22707734571443397,53.78010498568199
VHL,GSE96804,GSE30528;GSE104948_H7,1,,,,,,
VPREB1,GSE96804,GSE30528;GSE104948_H7,2,0.40072917099570055,0.230557802437899,-5.513162764170231,6.314621106161632,0.547468707795978,53.20996853315903
VPREB3,GSE96804,GSE30528;GSE104948_H7,2,-0.07400717810591406,0.28820862303640277,-6.344336149933531,6.196321793721703,0.9052334740903044,59.162597158519695
VTN,GSE96804,GSE30528;GSE104948_H7,1,,,,,,
VWF,GSE96804,GSE30528;GSE104948_H7,2,1.1832133165905514,0.1086268941873099,-4.058206604103244,6.424633237284347,0.21355894280912735,31.799928211853985
WTIP,GSE96804,GSE30528;GSE104948_H7,0,,,,,,
WWTR1,GSE96804,GSE30528;GSE104948_H7,2,-0.5111278781822802,1.1604796696272643,-11.044195025532476,10.021939269167914,0.6482531099897152,84.4106651230046
XCL1,GSE96804,GSE30528;GSE104948_H7,2,0.2670585532317971,1.024139416221998,-9.714243755745532,10.248360862209125,0.791374746989353,82.98058804337131
XCL2,GSE96804,GSE30528;GSE104948_H7,0,,,,,,
XCR1,GSE96804,GSE30528;GSE104948_H7,2,-0.2841533909543662,0.0,-4.255183410685919,3.6868766287771866,0.530249875228115,0.0
XPO1,GSE96804,GSE30528;GSE104948_H7,2,-0.23745240242612065,0.7589942855007743,-9.065178001028311,8.59027319617607,0.7903413467186898,78.62070053480844
YBX1,GSE96804,GSE30528;GSE104948_H7,1,,,,,,
YES1,GSE96804,GSE30528;GSE104948_H7,2,-0.9670571693917799,2.1400813939566548,-14.826146477341341,12.892032138557783,0.5382159809176188,89.89880137408993
ZFYVE9,GSE96804,GSE30528;GSE104948_H7,2,-0.3623218739914117,1.257035129339477,-11.253418006923312,10.528774258940487,0.7453989877505968,85.53334876775986
A2M,GSE30528,GSE96804;GSE104948_H7,2,1.0086011797737457,0.3682685365476045,-5.46746636310053,7.4846687226480215,0.2978765612173051,68.92443190787304
ACAN,GSE30528,GSE96804;GSE104948_H7,2,0.1781876749842297,0.36635078872065824,-6.164761423249606,6.521136773218066,0.7817354397958899,72.40106897942218
ACKR2,GSE30528,GSE96804;GSE104948_H7,1,,,,,,
ACKR3,GSE30528,GSE96804;GSE104948_H7,1,,,,,,
ACKR4,GSE30528,GSE96804;GSE104948_H7,0,,,,,,
ACTA1,GSE30528,GSE96804;GSE104948_H7,2,-0.6095762669830768,0.19100311539662587,-5.700597872279728,4.4814453383135735,0.3701862403778919,57.63983843498676
ACTA2,GSE30528,GSE96804;GSE104948_H7,2,2.2489380530312264,3.4645714758483006,-15.13073900308722,19.62861510914967,0.34786756546303677,92.31053491541297
ACTB,GSE30528,GSE96804;GSE104948_H7,1,,,,,,
ACTC1,GSE30528,GSE96804;GSE104948_H7,2,1.0908962630789147,3.7151036904227603,-16.69189281554464,18.87368534170247,0.5784961417634229,94.72889787779549
ACTG1,GSE30528,GSE96804;GSE104948_H7,2,-0.25809324698962893,0.8273681437403251,-9.088538049478176,8.572351555498917,0.7736264526892268,85.31244880871293
ACTG2,GSE30528,GSE96804;GSE104948_H7,2,-0.1433956202836598,0.0,-3.1046657142172247,2.817874473649905,0.6488532396539934,0.0
ACTN1,GSE30528,GSE96804;GSE104948_H7,2,2.1840279944701257,2.26451028273072,-12.07385372114118,16.441909710081433,0.3021488227706656,89.46022261933201
ADAM10,GSE30528,GSE96804;GSE104948_H7,2,1.4904378463672892,0.0,-1.8152141401198203,4.796089832854399,0.11001550598089355,0.0
ADAM12,GSE30528,GSE96804;GSE104948_H7,2,2.3028300555134615,3.37714276614478,-14.880352216636929,19.48601232766385,0.3380416587932387,92.03028874807696
ADAM15,GSE30528,GSE96804;GSE104948_H7,2,1.3309113578199776,0.5932533822338939,-6.43122435522731,9.093047070867264,0.2739477920647416,79.10664211272501
ADAM17,GSE30528,GSE96804;GSE104948_H7,2,0.8280475269357334,0.21943676332590695,-4.517581089100026,6.173676142971492,0.29926640921849185,60.4466109447723
ADAM19,GSE30528,GSE96804;GSE104948_H7,2,1.0247396544782108,0.0,-2.1113780382312504,4.1608573471876715,0.15046959157081938,0.0
ADAM8,GSE30528,GSE96804;GSE104948_H7,2,0.4474391244642136,0.06875761296553366,-3.4766653484215264,4.3715435973499535,0.3846045833183111,32.15503233653238
ADAM9,GSE30528,GSE96804;GSE104948_H7,2,0.8467180578814545,0.0,-2.227053369221187,3.920489484984096,0.17716523527282904,0.0
ADAMTS1,GSE30528,GSE96804;GSE104948_H7,2,2.3686631304942067,1.589203025110611,-9.836352607636876,14.57367886862529,0.24526506793748254,85.31433044715527
ADAMTS13,GSE30528,GSE96804;GSE104948_H7,2,0.30357009264362245,0.0,-2.6678122250972605,3.274952410384506,0.4178730966327434,0.0
ADAMTS14,GSE30528,GSE96804;GSE104948_H7,1,,,,,,
ADAMTS16,GSE30528,GSE96804;GSE104948_H7,1,,,,,,
ADAMTS18,GSE30528,GSE96804;GSE104948_H7,1,,,,,,
ADAMTS2,GSE30528,GSE96804;GSE104948_H7,2,1.2250402175750872,0.0008713441939378619,-1.99252248432928,4.442602919479454,0.1297677952508192,0.5053275516873807
ADAMTS3,GSE30528,GSE96804;GSE104948_H7,2,0.9178479276267464,0.0,-2.1750086292208373,4.0107044844743305,0.16503248050122837,0.0
ADAMTS4,GSE30528,GSE96804;GSE104948_H7,1,,,,,,
ADAMTS5,GSE30528,GSE96804;GSE104948_H7,2,1.233838180779663,0.0,-1.9705112181176674,4.438187579676994,0.12835267737305492,0.0
ADAMTS8,GSE30528,GSE96804;GSE104948_H7,2,0.4882084161700443,0.0,-2.5120883906550726,3.4885052229951614,0.28679276306721696,0.0
ADAMTS9,GSE30528,GSE96804;GSE104948_H7,1,,,,,,
ADRM1,GSE30528,GSE96804;GSE104948_H7,2,-0.2043350080158798,2.094059332295395,-13.662129950330542,13.253459934298782,0.8786718005517353,93.25861830751822
AGRN,GSE30528,GSE96804;GSE104948_H7,1,,,,,,
AJUBA,GSE30528,GSE96804;GSE104948_H7,1,,,,,,
ANGPT1,GSE30528,GSE96804;GSE104948_H7,2,0.19370180341709994,0.0,-2.770676650976228,3.1580802578104277,0.5588710449269026,0.0
ANGPT2,GSE30528,GSE96804;GSE104948_H7,2,1.659472343539609,0.0,-1.7267098010136273,5.045654488092845,0.10137063864188176,0.0
ANGPT4,GSE30528,GSE96804;GSE104948_H7,2,-0.41818149384068504,0.8548360732970925,-9.406308014772701,8.569945027091332,0.6601082957045038,84.91817680916765
ANO5,GSE30528,GSE96804;GSE104948_H7,1,,,,,,
ANO6,GSE30528,GSE96804;GSE104948_H7,1,,,,,,
APOB,GSE30528,GSE96804;GSE104948_H7,2,-1.0754782879460583,0.21063143945718849,-6.444670409938971,4.293713834046854,0.23833651650179832,55.784473098029295
APP,GSE30528,GSE96804;GSE104948_H7,2,-0.11545486350212761,0.0,-3.075343602082942,2.8444338750786864,0.7070651283276506,0.0
ARHGEF18,GSE30528,GSE96804;GSE104948_H7,2,-1.186742226869497,0.10285905622367537,-5.5944073329981325,3.2209228792591382,0.18104343238765583,40.436657439490034
ARNT,GSE30528,GSE96804;GSE104948_H7,2,-0.9330491757510833,0.0,-4.030291132607373,2.164192781105207,0.16268034008081125,0.0
ASPN,GSE30528,GSE96804;GSE104948_H7,2,1.8672817333632474,0.047718520454435386,-2.23892931386989,5.973492780596385,0.10909752809790238,18.52875366496528
ATP1B1,GSE30528,GSE96804;GSE104948_H7,2,-0.2693076906868892,0.0,-3.2384698859210213,2.6998545045472433,0.45497953312495115,0.0
ATP1B2,GSE30528,GSE96804;GSE104948_H7,2,-0.45980945065667733,0.17094481336531997,-5.36865109466672,4.449032193353365,0.4448571809827654,55.15921213454894
ATP1B3,GSE30528,GSE96804;GSE104948_H7,2,1.2356723341515183,0.3147621904916881,-4.936232614272099,7.407577282575136,0.23844061590644472,64.18258904287106
ATP1B4,GSE30528,GSE96804;GSE104948_H7,2,-0.05007807736005997,0.0,-3.010408389008108,2.9102522342879884,0.8652137884251533,0.0
BAMBI,GSE30528,GSE96804;GSE104948_H7,2,0.3022402102033047,0.11805743849827291,-4.125287268629622,4.7297676890362315,0.5451383702074356,45.28369857149116
BCAN,GSE30528,GSE96804;GSE104948_H7,2,-0.23726925234421095,0.7963796761486426,-8.940629506034831,8.46609100134641,0.7877135762325502,84.37892193763551
BGN,GSE30528,GSE96804;GSE104948_H7,2,1.1318907103867528,2.976050388642554,-14.870531312279304,17.13431273305281,0.5339184627161556,93.66512320351437
BMP1,GSE30528,GSE96804;GSE104948_H7,2,0.4980159143912081,0.7346480001237042,-7.932525885842044,8.92855771462446,0.5900935810768869,82.7909318155317
BMP10,GSE30528,GSE96804;GSE104948_H7,2,-0.3882735247956413,0.0,-3.3709682350458383,2.5944211854545554,0.34618222763481643,0.0
BMP2,GSE30528,GSE96804;GSE104948_H7,2,0.8893870128844727,0.31251892788785063,-5.19225384711992,6.971027872888866,0.3143056716989581,66.04631864981381
BMP4,GSE30528,GSE96804;GSE104948_H7,2,0.27890792001806214,0.5027688632284155,-6.912571655809407,7.4703874958455305,0.7085173676964098,77.53974104226675
BMP7,GSE30528,GSE96804;GSE104948_H7,2,-1.512755978042733,0.0,-4.835779313426949,1.8102673573414825,0.10898257968066173,0.0
BSG,GSE30528,GSE96804;GSE104948_H7,2,-0.3214948690238477,4.758286408284053,-20.26286590587817,19.619876167830473,0.8713683331244385,96.57559669628543
C1QA,GSE30528,GSE96804;GSE104948_H7,2,1.926407276588637,1.6826566217420615,-10.483960151129047,14.336774704306322,0.29872983599097847,87.62154625730786
C1QB,GSE30528,GSE96804;GSE104948_H7,2,1.7388694056524745,2.4468547658913358,-12.94620864679818,16.42394745810313,0.37344473083119545,91.28289913775113
C1QC,GSE30528,GSE96804;GSE104948_H7,1,,,,,,
C1R,GSE30528,GSE96804;GSE104948_H7,2,1.0537172604996228,3.1000437960104748,-15.252432498939784,17.35986701993903,0.5623452189762378,93.98420720307017
C1S,GSE30528,GSE96804;GSE104948_H7,2,1.0129686108722256,0.0,-2.115919342215129,4.14185656395958,0.15181502963730464,0.0
C2,GSE30528,GSE96804;GSE104948_H7,2,1.0394604420554825,0.9110716000212311,-8.280558236521545,10.359479120632509,0.3912103510876583,83.9726411374326
C3,GSE30528,GSE96804;GSE104948_H7,2,1.5869777267876342,0.7146376078157234,-6.937261201116696,10.111216654691964,0.25461684802370654,78.07577236798205
C3AR1,GSE30528,GSE96804;GSE104948_H7,2,1.599380167531629,2.2773587879009525,-12.580293633816805,15.779053968880064,0.38783707115106986,91.12526951503995
C4A,GSE30528,GSE96804;GSE104948_H7,0,,,,,,
C4B,GSE30528,GSE96804;GSE104948_H7,1,,,,,,
C4BPA,GSE30528,GSE96804;GSE104948_H7,2,-0.031703464264018745,0.0,-2.9874802612323736,2.9240733327043364,0.9137689617032736,0.0
C4BPB,GSE30528,GSE96804;GSE104948_H7,2,0.4240742656405898,0.5316277313580912,-6.91496213028341,7.763110661564589,0.5968179012757737,79.07094781067336
C5,GSE30528,GSE96804;GSE104948_H7,2,-0.19258815312438093,0.05024997786312847,-3.869310830587764,3.484134524339002,0.6261557191692327,26.75369154238319
C5AR1,GSE30528,GSE96804;GSE104948_H7,2,-0.13231970852501543,1.920699897467898,-13.057270472868577,12.792631055818546,0.9176507139069195,92.71799826058424
C5AR2,GSE30528,GSE96804;GSE104948_H7,2,-0.5009126887490474,0.0,-3.4982071211817685,2.4963817436836733,0.2801878583778596,0.0
C6,GSE30528,GSE96804;GSE104948_H7,2,-0.4289602117190102,0.7040756355239591,-8.702529895523476,7.844609472085455,0.6291548440155091,82.37288149358115
C7,GSE30528,GSE96804;GSE104948_H7,2,0.9549991683418035,0.0,-2.152584229562908,4.062582566246515,0.15960594602440473,0.0
C8A,GSE30528,GSE96804;GSE104948_H7,2,-0.017952604505450543,0.0,-2.9758001121534456,2.939894903142545,0.9510008127813759,0.0
C8B,GSE30528,GSE96804;GSE104948_H7,2,-0.32580191389605306,0.0,-3.3028242399726677,2.651220412180561,0.39690411493463995,0.0
C8G,GSE30528,GSE96804;GSE104948_H7,2,0.6665934024728494,0.023212178064016844,-2.714552968896249,4.047739773841948,0.24179698753118165,14.198009483992069
C9,GSE30528,GSE96804;GSE104948_H7,2,-0.026028423560510112,0.0,-2.9833930675475107,2.931336220426491,0.9291013000730723,0.0
CA9,GSE30528,GSE96804;GSE104948_H7,2,-0.7012391963643935,0.08859716030596719,-4.883299424686414,3.4808210319576274,0.2793732541954299,36.84461127149352
CAPN1,GSE30528,GSE96804;GSE104948_H7,2,0.23602037229398246,1.6119042460175161,-11.693476201868528,12.165516946456492,0.8432108185102384,91.2613760243263
CAPN10,GSE30528,GSE96804;GSE104948_H7,2,0.2017838061936017,0.5628557884902594,-7.306199360727821,7.709766973115024,0.790504907318597,79.98137466907315
CAPN11,GSE30528,GSE96804;GSE104948_H7,2,-0.26577643207224066,0.3148113687038436,-6.2802048936898185,5.748652029545337,0.6742939388513345,68.65375874310917
CAPN12,GSE30528,GSE96804;GSE104948_H7,1,,,,,,
CAPN13,GSE30528,GSE96804;GSE104948_H7,1,,,,,,
CAPN14,GSE30528,GSE96804;GSE104948_H7,1,,,,,,
CAPN15,GSE30528,GSE96804;GSE104948_H7,1,,,,,,
CAPN2,GSE30528,GSE96804;GSE104948_H7,2,-0.28351778044293363,0.0,-3.255026779134598,2.687991218248731,0.43908778448059677,0.0
CAPN3,GSE30528,GSE96804;GSE104948_H7,2,-0.6851371244617234,0.0,-3.720849285131664,2.3505750362082174,0.21360323019159816,0.0
CAPN5,GSE30528,GSE96804;GSE104948_H7,2,-0.25284665145660207,0.4270067889799797,-6.978278065213999,6.472584762300794,0.716292373571266,75.32486376308897
CAPN6,GSE30528,GSE96804;GSE104948_H7,2,1.6973745573321246,0.8198651811435597,-7.349492594004427,10.744241708668676,0.2528529440411911,79.66531040055473
CAPN7,GSE30528,GSE96804;GSE104948_H7,2,0.034526335762943484,0.11185569645692271,-4.315178054040603,4.384230725566489,0.9360087493058101,44.66124173486391
CAPN8,GSE30528,GSE96804;GSE104948_H7,1,,,,,,
CAPN9,GSE30528,GSE96804;GSE104948_H7,2,-0.8418866211393199,0.8611220254716021,-9.908271098764493,8.224497856485852,0.4475877864095578,83.90977930523856
CAPNS1,GSE30528,GSE96804;GSE104948_H7,2,0.10847977638267009,1.905300573201238,-12.777217899959094,12.994177452724433,0.9321595798933603,92.51179931758284
CAPNS2,GSE30528,GSE96804;GSE104948_H7,1,,,,,,
CASK,GSE30528,GSE96804;GSE104948_H7,2,0.6029130035104141,0.0,-2.4135371223962623,3.6193631294170907,0.2388029846857583,0.0
CASP3,GSE30528,GSE96804;GSE104948_H7,2,2.3619655051836337,0.26732454553175616,-3.858751974613775,8.582682984981043,0.13011411045560972,51.48605970245504
CAST,GSE30528,GSE96804;GSE104948_H7,2,-0.2506114367219365,0.0,-3.221479783780744,2.720256910336871,0.47793191048505407,0.0
CAV1,GSE30528,GSE96804;GSE104948_H7,2,1.8462335422921272,1.059347580714928,-8.269214739720304,11.96168182430456,0.2591765817347592,82.60907529441639
CBL,GSE30528,GSE96804;GSE104948_H7,2,-0.7670625706455086,0.0,-3.82049113690729,2.2863659956162725,0.19327831588940972,0.0
CCL1,GSE30528,GSE96804;GSE104948_H7,2,-0.692379523744486,2.1350380849284774,-14.328641834932334,12.94388278744336,0.6352408179207717,92.52204622278425
CCL11,GSE30528,GSE96804;GSE104948_H7,2,1.0229691247325068,0.0,-2.1019947109985875,4.147932960463601,0.1502040625638993,0.0
CCL13,GSE30528,GSE96804;GSE104948_H7,2,0.9821104973062331,0.0878106269411946,-3.2527021641714065,5.216923158783873,0.20827834265293424,35.19578495870688
CCL16,GSE30528,GSE96804;GSE104948_H7,2,-0.18279914482918191,0.32677487270072353,-6.273475219421118,5.907876929762755,0.7680624082236739,69.62891249063155
CCL17,GSE30528,GSE96804;GSE104948_H7,2,0.11421899746572646,0.5066841567748529,-7.081485410408614,7.309923405340066,0.8733009043842554,78.24198082137157
CCL19,GSE30528,GSE96804;GSE104948_H7,2,1.0625516733814429,0.0,-2.077577816696623,4.202681163459509,0.1454816836332462,0.0
CCL2,GSE30528,GSE96804;GSE104948_H7,2,1.826833810298623,1.2539395786930188,-9.04764241960108,12.701310040198328,0.2789141370609734,84.82273569845023
CCL20,GSE30528,GSE96804;GSE104948_H7,2,0.7795410336289799,1.0982507198913778,-9.293887071731653,10.852969138989614,0.5053666385977231,86.91471624734834
CCL21,GSE30528,GSE96804;GSE104948_H7,2,1.2724237219853751,0.0,-1.9425405928299038,4.487388036800654,0.12496263509586553,0.0
CCL22,GSE30528,GSE96804;GSE104948_H7,2,-0.10541357814338727,0.6681708640856848,-8.175362099611522,7.964534943324748,0.8952918081444982,82.24338119623235
CCL25,GSE30528,GSE96804;GSE104948_H7,2,-0.3093455725996702,0.3993149863233296,-6.883553447636577,6.264862302437236,0.656950084832172,73.32419473958754
CCL27,GSE30528,GSE96804;GSE104948_H7,2,-0.12649987394585505,0.0,-3.0869251695301276,2.8339254216384173,0.6833410545669625,0.0
CCL28,GSE30528,GSE96804;GSE104948_H7,1,,,,,,
CCL3,GSE30528,GSE96804;GSE104948_H7,0,,,,,,
CCL3L1,GSE30528,GSE96804;GSE104948_H7,0,,,,,,
CCL4,GSE30528,GSE96804;GSE104948_H7,1,,,,,,
CCL5,GSE30528,GSE96804;GSE104948_H7,2,1.419614446170049,6.447613106048131,-21.833217871621855,24.67244676396195,0.5799800661991125,96.19143577527109
CCL7,GSE30528,GSE96804;GSE104948_H7,2,-0.1765674157497514,0.5743609845871822,-7.75919980460409,7.406064973104587,0.8168655378129606,79.89639310265709
CCNC,GSE30528,GSE96804;GSE104948_H7,2,1.0353949383024548,0.0,-2.0953538072873004,4.1661436838922095,0.1487314363182509,0.0
CCNK,GSE30528,GSE96804;GSE104948_H7,2,0.5758733384894466,0.0,-2.436186830434048,3.5879335074129406,0.2486019614649985,0.0
CCNT1,GSE30528,GSE96804;GSE104948_H7,2,-0.7455483875655818,0.2655670491754242,-6.42788229365719,4.936785518526027,0.3439666066538359,65.09072964227795
CCNT2,GSE30528,GSE96804;GSE104948_H7,2,1.0703842523215783,1.760957445280548,-11.3588621903274,13.499630694970556,0.471372999439488,91.96541701905923
CCR1,GSE30528,GSE96804;GSE104948_H7,2,1.6419915960381168,6.21466790062288,-21.225925386318025,24.50990857839426,0.5291591599842754,95.84599995722944
CCR10,GSE30528,GSE96804;GSE104948_H7,2,0.8963443394115059,0.0,-2.196663659542448,3.98935233836546,0.16881853968246793,0.0
CCR2,GSE30528,GSE96804;GSE104948_H7,2,1.357729977123633,0.8433849400241475,-7.71885251592605,10.434312470173316,0.3083356238018873,81.69658166447556
CCR3,GSE30528,GSE96804;GSE104948_H7,2,-0.3264679662384739,0.0,-3.3005887854573994,2.647652852980452,0.3959940325674749,0.0
CCR4,GSE30528,GSE96804;GSE104948_H7,2,-0.7035524094125359,1.7062151136738954,-12.990763046921728,11.583658228096656,0.5995830959016736,90.99895069917426
CCR5,GSE30528,GSE96804;GSE104948_H7,2,1.3720838839963312,1.147753025133701,-8.994911525074688,11.739079293067348,0.34152823880487143,85.56302160715767
CCR6,GSE30528,GSE96804;GSE104948_H7,2,0.5420794234280666,0.20910737155278514,-4.715844625918962,5.800003472775094,0.4150784078232894,58.45454050533678
CCR7,GSE30528,GSE96804;GSE104948_H7,2,0.4157370013914681,0.0,-2.569416661341063,3.4008906641239998,0.3274575406354276,0.0
CCR8,GSE30528,GSE96804;GSE104948_H7,2,-0.4404288118438908,1.427443233073774,-11.737177689917747,10.856320066229966,0.707190274290524,90.05173393752673
CCR9,GSE30528,GSE96804;GSE104948_H7,2,0.08582991526044408,0.0,-2.871487353897554,3.0431471844184426,0.7750832741267674,0.0
CCRL2,GSE30528,GSE96804;GSE104948_H7,1,,,,,,
CD151,GSE30528,GSE96804;GSE104948_H7,2,0.16368380901314067,1.3947161358757774,-10.994603015448668,11.321970633474947,0.8826862349658385,90.2249112739569
CD177,GSE30528,GSE96804;GSE104948_H7,2,-1.2753799427050898,0.0,-4.492520529453692,1.9417606440435125,0.12476259551473465,0.0
CD19,GSE30528,GSE96804;GSE104948_H7,2,0.6570397175460635,0.0,-2.375716294684245,3.6897957297763724,0.22182871681587596,0.0
CD2,GSE30528,GSE96804;GSE104948_H7,2,1.2751153774249575,1.1320419015490375,-9.011331282048648,11.561562036898565,0.3601238749690935,85.74978453333839
CD244,GSE30528,GSE96804;GSE104948_H7,2,1.5435681616470494,3.43166703735023,-15.636920961515541,18.72405728480964,0.4579743332396466,93.6787043092489
CD44,GSE30528,GSE96804;GSE104948_H7,2,2.3067538457444736,3.9804326341283804,-16.258802310131617,20.872310001620566,0.35945481253177003,92.97730975507848
CD46,GSE30528,GSE96804;GSE104948_H7,2,-0.32325455089145655,0.3054446439197388,-6.277358816105634,5.630849714322721,0.6155644590340399,67.85688427679214
CD47,GSE30528,GSE96804;GSE104948_H7,2,-0.0153100607265889,0.0,-2.97208043204805,2.941460310594872,0.9581755896774088,0.0
CD48,GSE30528,GSE96804;GSE104948_H7,2,2.361908169973501,6.45111153497241,-21.02871599478226,25.75253233472926,0.4214779355630458,95.04278961685421
CD55,GSE30528,GSE96804;GSE104948_H7,2,0.6925701633560192,0.9230292112571334,-8.629983972931365,10.015124299643402,0.5183537335667325,85.19213203903817
CD58,GSE30528,GSE96804;GSE104948_H7,2,1.650474433117109,0.08385773482563702,-2.7168451422191637,6.017794008453382,0.1307094744353725,33.31689124742193
CD59,GSE30528,GSE96804;GSE104948_H7,1,,,,,,
CD74,GSE30528,GSE96804;GSE104948_H7,2,0.3375141610968829,0.5637925545886865,-7.199430496950075,7.874458819143841,0.6706678811681468,79.2829933375453
CD81,GSE30528,GSE96804;GSE104948_H7,2,-0.3926811108664517,0.3414542591958681,-6.576146017808731,5.790783796075828,0.5677740741322903,70.98919037705704
CD84,GSE30528,GSE96804;GSE104948_H7,2,0.9434163745424762,0.0,-2.1580639470235092,4.044896696108461,0.1611792490866246,0.0
CD99,GSE30528,GSE96804;GSE104948_H7,2,0.7686253761502261,0.41983609307489217,-5.988773122034096,7.526023874334547,0.3853300835334973,72.70924406560243
CD99L2,GSE30528,GSE96804;GSE104948_H7,1,,,,,,
CDH1,GSE30528,GSE96804;GSE104948_H7,2,0.31677447465028025,0.0,-2.6556460506019444,3.2891949999025045,0.40494968967452166,0.0
CDK8,GSE30528,GSE96804;GSE104948_H7,2,0.8127954594308242,2.0104903454278067,-12.458523915898851,14.084114834760499,0.5790052352024954,91.94765777189214
CDK9,GSE30528,GSE96804;GSE104948_H7,1,,,,,,
CDKN2B,GSE30528,GSE96804;GSE104948_H7,2,2.116237728314799,3.236644224777371,-14.692030661013012,18.92450611764261,0.3556566486783972,92.20089752839648
CEACAM1,GSE30528,GSE96804;GSE104948_H7,2,-0.6775997881310923,0.050040026219610255,-4.404388577833255,3.04918900157107,0.2600641161969935,26.253192005219645
CEACAM3,GSE30528,GSE96804;GSE104948_H7,2,-0.5068066505688442,0.0,-3.5091266689096554,2.495513367771967,0.2777363890577958,0.0
CEACAM5,GSE30528,GSE96804;GSE104948_H7,2,-0.3802598317516377,0.1792899971399153,-5.354839889912419,4.594320226409144,0.5092777416264879,56.400901310661425
CEACAM6,GSE30528,GSE96804;GSE104948_H7,2,-0.8901316717254464,0.18348258690746025,-5.996858530751026,4.2165951873001335,0.26999896592748673,53.542498646524116
CEACAM8,GSE30528,GSE96804;GSE104948_H7,2,-0.045839830878232124,0.4171210024698585,-6.711924815300229,6.620245153543765,0.9445161516204109,74.77384806401979
CFB,GSE30528,GSE96804;GSE104948_H7,2,1.2383001522875703,0.5953280948245866,-6.602685172699447,9.079285477274587,0.29432306756950394,76.83911365319317
CFD,GSE30528,GSE96804;GSE104948_H7,2,1.8633245544272012,5.197973639107525,-19.14325548392316,22.869904592777562,0.4620152013787707,94.95979139828844
CFH,GSE30528,GSE96804;GSE104948_H7,2,1.1923744345195688,0.08788641203297255,-3.1004378773040164,5.485186746343154,0.17577486753161506,33.97688658755438
CFHR1,GSE30528,GSE96804;GSE104948_H7,1,,,,,,
CFHR2,GSE30528,GSE96804;GSE104948_H7,2,0.40275270708110633,0.13291547362276057,-4.177355017725846,4.982860431888058,0.4647603775588921,47.88026209588915
CFHR3,GSE30528,GSE96804;GSE104948_H7,1,,,,,,
CFHR4,GSE30528,GSE96804;GSE104948_H7,1,,,,,,
CFHR5,GSE30528,GSE96804;GSE104948_H7,2,-0.3333647464994229,0.0,-3.3104223607680225,2.643692867769177,0.39000875306841437,0.0
CFI,GSE30528,GSE96804;GSE104948_H7,2,0.5020112582016453,0.32635936583649094,-5.614906065032041,6.618928581435331,0.48666689497134125,68.68703767681109
CFP,GSE30528,GSE96804;GSE104948_H7,2,0.8858234852036411,4.6208258673801845,-18.844412757241116,20.6160597276484,0.6699628377974141,95.75354548917846
CGN,GSE30528,GSE96804;GSE104948_H7,1,,,,,,
CITED2,GSE30528,GSE96804;GSE104948_H7,2,-1.2215453368087015,0.0,-4.420538859728008,1.9774481861106052,0.12939839615653154,0.0
CLU,GSE30528,GSE96804;GSE104948_H7,2,1.5818630241826854,1.1988636459227577,-9.0275150434082,12.191241091773573,0.30918936505511285,85.27847910248265
CMA1,GSE30528,GSE96804;GSE104948_H7,2,0.5385717479906879,0.0,-2.46487274089335,3.5420162368747254,0.26329343058067256,0.0
COL10A1,GSE30528,GSE96804;GSE104948_H7,2,1.6466717450300132,0.0,-1.731848627519966,5.0251921175799925,0.10191806421780066,0.0
COL11A1,GSE30528,GSE96804;GSE104948_H7,2,1.5144881052138244,0.07751085380071186,-2.775426813695047,5.804403024122696,0.1396378080833243,29.24449987554032
COL11A2,GSE30528,GSE96804;GSE104948_H7,2,0.08824087718217935,2.436943733637802,-14.371958658694835,14.548440413059195,0.9507367082224345,94.01433339367532
COL12A1,GSE30528,GSE96804;GSE104948_H7,1,,,,,,
COL13A1,GSE30528,GSE96804;GSE104948_H7,2,1.6443104919414326,0.0,-1.732956074722612,5.0215770586054775,0.10202469585769146,0.0
COL14A1,GSE30528,GSE96804;GSE104948_H7,2,1.1606376262036113,0.0,-2.0124998678355412,4.3337751202427635,0.13492272601949376,0.0
COL15A1,GSE30528,GSE96804;GSE104948_H7,2,2.415592280389462,1.691953491658637,-10.143395480868964,14.97458004164789,0.24726034745282277,85.82538621723906
COL16A1,GSE30528,GSE96804;GSE104948_H7,2,1.980343047779171,0.08921992316613603,-2.6192200482021164,6.579906143760459,0.11509911329947868,28.999959138601
COL17A1,GSE30528,GSE96804;GSE104948_H7,1,,,,,,
COL18A1,GSE30528,GSE96804;GSE104948_H7,2,0.43358547024167354,0.17943751458237794,-4.565540912096325,5.432711852579673,0.4691212631862624,55.17715720016444
COL19A1,GSE30528,GSE96804;GSE104948_H7,2,-0.4100014873014515,0.0,-3.3936987277453015,2.5736957531423985,0.33112514133615034,0.0
COL1A1,GSE30528,GSE96804;GSE104948_H7,2,1.9577864748599934,0.7249863933807539,-6.715115199712045,10.630688149432032,0.21356495439600476,76.21238236680938
COL1A2,GSE30528,GSE96804;GSE104948_H7,2,1.9939692813197172,0.795771531667436,-7.021412341070212,11.009350903709647,0.21763762356692393,77.5701690220822
COL20A1,GSE30528,GSE96804;GSE104948_H7,1,,,,,,
COL21A1,GSE30528,GSE96804;GSE104948_H7,2,1.6326715624925343,0.7777241191639774,-7.203404158333679,10.468747283318748,0.2563435556965027,79.18381420041706
COL22A1,GSE30528,GSE96804;GSE104948_H7,1,,,,,,
COL23A1,GSE30528,GSE96804;GSE104948_H7,1,,,,,,
COL24A1,GSE30528,GSE96804;GSE104948_H7,1,,,,,,
COL25A1,GSE30528,GSE96804;GSE104948_H7,1,,,,,,
COL26A1,GSE30528,GSE96804;GSE104948_H7,0,,,,,,
COL27A1,GSE30528,GSE96804;GSE104948_H7,1,,,,,,
COL28A1,GSE30528,GSE96804;GSE104948_H7,1,,,,,,
COL2A1,GSE30528,GSE96804;GSE104948_H7,2,0.37448423776889994,2.270364826539267,-13.603379434978232,14.352347910516032,0.791118439181263,93.74657099160872
COL3A1,GSE30528,GSE96804;GSE104948_H7,1,,,,,,
COL4A1,GSE30528,GSE96804;GSE104948_H7,2,1.3080543354233913,0.34046168775506225,-5.054294944523789,7.670403615370572,0.23274466316659279,65.46121162537555
COL4A2,GSE30528,GSE96804;GSE104948_H7,2,1.417320092926168,0.2552132416758918,-4.381463930303813,7.216104116156149,0.19831614928848462,58.06590503516698
COL4A3,GSE30528,GSE96804;GSE104948_H7,2,-0.4767190626918435,0.0,-3.4699751992869157,2.516537073903229,0.29218479771166855,0.0
COL4A4,GSE30528,GSE96804;GSE104948_H7,2,-0.1188561635552187,0.24437350946567504,-5.607484700885493,5.3697723737750565,0.8290624133303609,63.73348434526639
COL4A5,GSE30528,GSE96804;GSE104948_H7,2,-0.5800979844744171,0.26431493537401013,-6.267928279629339,5.107732310680505,0.4184016870358419,63.768785360652444
COL4A6,GSE30528,GSE96804;GSE104948_H7,2,0.18933280363047428,0.23396175381719658,-5.219881260292707,5.598546867553656,0.7335922820923004,62.772513484065165
COL5A1,GSE30528,GSE96804;GSE104948_H7,2,1.924870212399029,0.12753173163828652,-3.0141519832652004,6.863892408063258,0.12685338978191085,37.24833552175751
COL5A2,GSE30528,GSE96804;GSE104948_H7,2,2.245363441157091,1.979484472382432,-11.181295591437076,15.672022473751257,0.2800262643817566,88.06836108155363
COL5A3,GSE30528,GSE96804;GSE104948_H7,2,0.8573012667063157,0.3514761482412725,-5.430275852430894,7.1448783858435245,0.33326645977205793,70.85791663818651
COL6A1,GSE30528,GSE96804;GSE104948_H7,2,0.9375059829673665,0.02802624288004175,-2.5792015225231153,4.454213488457849,0.18275194541052586,14.953508017157057
COL6A2,GSE30528,GSE96804;GSE104948_H7,2,1.7710689017148558,0.0,-1.675621753145602,5.217759556575313,0.09675405535186121,0.0
COL6A3,GSE30528,GSE96804;GSE104948_H7,2,1.6102982987688392,0.2196821749373,-3.9801835341984235,7.200780131736102,0.16979867629972828,52.96767718470336
COL6A5,GSE30528,GSE96804;GSE104948_H7,1,,,,,,
COL6A6,GSE30528,GSE96804;GSE104948_H7,1,,,,,,
COL7A1,GSE30528,GSE96804;GSE104948_H7,2,1.430434963477782,0.12763150011359128,-3.327054879151304,6.187924806106868,0.1629814216242001,41.038967731889606
COL8A1,GSE30528,GSE96804;GSE104948_H7,1,,,,,,
COL8A2,GSE30528,GSE96804;GSE104948_H7,2,0.9679746208767672,1.9838064592364362,-12.239654611665296,14.17560385341883,0.5226615604916739,91.57295286026613
COL9A1,GSE30528,GSE96804;GSE104948_H7,2,0.14719970825662634,0.6802849682042548,-7.975811120042091,8.270210536555345,0.8559272800080326,82.73882128089191
COL9A2,GSE30528,GSE96804;GSE104948_H7,2,1.0007857409962742,0.07274097514446537,-3.051354991728369,5.052926473720918,0.19638889151512404,33.16254409572133
COL9A3,GSE30528,GSE96804;GSE104948_H7,2,0.6544157563244262,0.6264539733068664,-7.205199848579931,8.514031361228783,0.48207579937642536,81.4354023782154
COLEC10,GSE30528,GSE96804;GSE104948_H7,2,0.2075430289002597,0.8794000770354984,-8.860318266702288,9.275404324502807,0.8198299385017594,86.01547894015374
COLEC11,GSE30528,GSE96804;GSE104948_H7,2,-0.9141649696405715,0.3694282614765234,-7.324999288428091,5.496669349146948,0.3210563612044973,71.72034396634672
COLGALT1,GSE30528,GSE96804;GSE104948_H7,1,,,,,,
COLGALT2,GSE30528,GSE96804;GSE104948_H7,1,,,,,,
COMP,GSE30528,GSE96804;GSE104948_H7,2,1.8376887934753834,0.9183309049740477,-7.682852953634347,11.358230540585113,0.24646944954200423,80.64753113796786
CPB2,GSE30528,GSE96804;GSE104948_H7,2,-0.43213653974331545,1.2077437907850637,-10.90413827701955,10.03986519753292,0.6925610828649582,88.59655791337964
CPN1,GSE30528,GSE96804;GSE104948_H7,2,-0.7029020482166971,1.532263608410153,-12.397620267353156,10.991816170919764,0.5847905352429252,90.17170138566294
CPN2,GSE30528,GSE96804;GSE104948_H7,2,-0.6038754988984332,0.0,-3.6220121894262114,2.414261191629345,0.23857819629107044,0.0
CR1,GSE30528,GSE96804;GSE104948_H7,2,-1.6198372331018007,0.3414070622589415,-8.074233344367741,4.834558878164139,0.19345706692115852,63.36545343907372
CR2,GSE30528,GSE96804;GSE104948_H7,2,-1.0739192154859425,0.0,-4.219311804312336,2.071473373340451,0.14422717339204208,0.0
CREBBP,GSE30528,GSE96804;GSE104948_H7,2,-0.40489677233294696,0.0,-3.395641595169498,2.5858480505036043,0.3352279858454032,0.0
CRP,GSE30528,GSE96804;GSE104948_H7,2,-0.9854350981658336,0.3249584586831495,-7.170756787282102,5.199886590950435,0.29209916575775846,66.38322074290319
CRTAP,GSE30528,GSE96804;GSE104948_H7,1,,,,,,
CTRB1,GSE30528,GSE96804;GSE104948_H7,1,,,,,,
CTRB2,GSE30528,GSE96804;GSE104948_H7,2,-0.7342408241750442,0.0,-3.77822381214661,2.309742163796521,0.20078185961250208,0.0
CTSB,GSE30528,GSE96804;GSE104948_H7,2,-0.11269116685330278,0.25274856706184967,-5.664584830025071,5.439202496318466,0.8393124586869825,64.49458685265365
CTSD,GSE30528,GSE96804;GSE104948_H7,2,-0.5626439306630672,1.5623832762096397,-12.303699477435728,11.178411616109592,0.651810862301068,91.39669903032058
CTSG,GSE30528,GSE96804;GSE104948_H7,2,0.4965371534869438,0.0,-2.5003345187873256,3.4934088257612137,0.28231192048785364,0.0
CTSK,GSE30528,GSE96804;GSE104948_H7,2,2.130792100366898,0.905797575478748,-7.415094106395955,11.676678307129752,0.21579666083424648,78.87568175941476
CTSL,GSE30528,GSE96804;GSE104948_H7,1,,,,,,
CTSS,GSE30528,GSE96804;GSE104948_H7,2,1.7242060262313423,6.558687395061291,-21.760087658380865,25.20849971084355,0.5220967272060472,95.91194405484032
CTSV,GSE30528,GSE96804;GSE104948_H7,1,,,,,,
CUL2,GSE30528,GSE96804;GSE104948_H7,2,0.17738774804030757,0.0,-2.784999337148801,3.1397748332294158,0.5859377323438248,0.0
CX3CL1,GSE30528,GSE96804;GSE104948_H7,2,-0.9941665013034898,1.4155947521028198,-12.234547347489746,10.246214344882768,0.4629286896622081,90.3604511282914
CX3CR1,GSE30528,GSE96804;GSE104948_H7,2,2.407671239354822,6.9094579223658155,-21.77767062458723,26.593013103296876,0.42587517766150307,95.22302261588706
CXADR,GSE30528,GSE96804;GSE104948_H7,2,-0.8548348940590846,0.3798637308788926,-7.3763980539886385,5.666728265870469,0.3442373123336088,70.34131592474411
CXCL1,GSE30528,GSE96804;GSE104948_H7,2,1.523374775027445,4.392548145488553,-17.803944536011123,20.850694086066014,0.4995228685643195,94.80125196489291
CXCL10,GSE30528,GSE96804;GSE104948_H7,2,0.37288901894934445,0.0,-2.6058283985053774,3.3516064364040665,0.35730005077306437,0.0
CXCL11,GSE30528,GSE96804;GSE104948_H7,2,0.29960344112952353,0.0,-2.6764609567528987,3.2756678390119456,0.42241413994905774,0.0
CXCL12,GSE30528,GSE96804;GSE104948_H7,2,0.11344772235015939,0.2163311400845252,-5.163068624195932,5.3899640688962505,0.8302246960021705,60.58747733068167
CXCL13,GSE30528,GSE96804;GSE104948_H7,2,-0.32515075980790437,0.28941157681555013,-6.166198321944141,5.515896802328332,0.6080871513277691,66.68653874711534
CXCL16,GSE30528,GSE96804;GSE104948_H7,1,,,,,,
CXCL2,GSE30528,GSE96804;GSE104948_H7,2,0.0304801689313183,0.9628849912807059,-9.411489409782936,9.472449747645571,0.9739019918139724,86.86422405243412
CXCL3,GSE30528,GSE96804;GSE104948_H7,2,0.7331557797502317,1.9242063621825463,-12.261214278053076,13.727525837553541,0.6040374147016596,91.79290145657686
CXCL5,GSE30528,GSE96804;GSE104948_H7,2,0.4152885751013133,0.3348187033637663,-5.749244758623633,6.57982190882626,0.5493000538962156,69.51407274790144
CXCL6,GSE30528,GSE96804;GSE104948_H7,2,1.6842835695059315,2.111013648718772,-12.022204358924556,15.390771497936418,0.3626458156939057,90.34614288285286
CXCL8,GSE30528,GSE96804;GSE104948_H7,1,,,,,,
CXCL9,GSE30528,GSE96804;GSE104948_H7,2,-0.18588998159445405,0.06003114123162937,-3.979726184271158,3.60794622108225,0.6454949527106371,30.368363527693543
CXCR1,GSE30528,GSE96804;GSE104948_H7,2,-1.7177584771643541,1.8664240732353,-14.545599069138568,11.11008211480986,0.33826557230697646,91.5311554649979
CXCR2,GSE30528,GSE96804;GSE104948_H7,2,-1.6322919763793036,4.297317662545821,-20.63875616861452,17.374172215855914,0.47224790546667866,96.02559640484647
CXCR3,GSE30528,GSE96804;GSE104948_H7,2,0.8523978240712143,0.0,-2.221798219784161,3.9265938679265893,0.17606728152422765,0.0
CXCR4,GSE30528,GSE96804;GSE104948_H7,2,-0.2489670833770272,1.4312916158199875,-11.525892871234525,11.027958704480472,0.8258890971445939,90.71551566049025
CXCR5,GSE30528,GSE96804;GSE104948_H7,2,-0.4398793619984548,0.39597910806040143,-7.005444707744985,6.125685983748076,0.55102884323842,72.79613778378022
CXCR6,GSE30528,GSE96804;GSE104948_H7,2,1.1874110028128058,0.0,-2.001733831328699,4.37655583695431,0.1326145697375688,0.0
DAG1,GSE30528,GSE96804;GSE104948_H7,2,-0.32391906464711145,0.0,-3.3000364760574468,2.652198346763224,0.3985627827892536,0.0
DCN,GSE30528,GSE96804;GSE104948_H7,2,-1.1305599504874062,0.0,-4.295280835221638,2.0341609342468256,0.13804589605764336,0.0
DDR1,GSE30528,GSE96804;GSE104948_H7,2,0.38166180418918794,0.730568668744282,-8.01784809809162,8.781171706469994,0.6666658867134435,82.983649174177
DDR2,GSE30528,GSE96804;GSE104948_H7,2,1.1339832693001082,0.0,-2.028791875803193,4.29675841440341,0.1375600268728954,0.0
DMD,GSE30528,GSE96804;GSE104948_H7,2,-0.1452945497093148,1.8688852970879324,-12.91728779490333,12.626698695484702,0.908612036840956,92.35877794127313
DMP1,GSE30528,GSE96804;GSE104948_H7,2,-0.125634849342915,0.29411097316035095,-5.986064355671534,5.734794656985704,0.8306965531405867,67.51750651324282
DOK2,GSE30528,GSE96804;GSE104948_H7,2,1.2756405793837016,3.8909818465786876,-16.92822371381238,19.47950487257978,0.5368714504900647,94.66617234064161
DRP2,GSE30528,GSE96804;GSE104948_H7,2,0.08120039406402513,0.7367939082742376,-8.322538753196115,8.484939541324165,0.9222297291505894,83.7677646482576
DSPP,GSE30528,GSE96804;GSE104948_H7,2,-0.2079924352847484,0.07302962290968333,-4.1572452724186,3.741260401849104,0.6245557578965464,34.15209490781727
DST,GSE30528,GSE96804;GSE104948_H7,1,,,,,,
DTNA,GSE30528,GSE96804;GSE104948_H7,2,-0.8591605643751952,0.0,-3.936650522677888,2.2183293939274975,0.17492818349470846,0.0
DTNB,GSE30528,GSE96804;GSE104948_H7,2,0.10580590068414752,0.3419456843202391,-6.076657189920081,6.288268991288377,0.8636875973601752,70.98120400935227
E2F4,GSE30528,GSE96804;GSE104948_H7,2,-0.43602200243103734,0.0,-3.4245451079993137,2.5525011031372387,0.31492893663909144,0.0
E2F5,GSE30528,GSE96804;GSE104948_H7,2,0.4672959048990884,0.0,-2.5273251516861057,3.461916961484283,0.29738000844545887,0.0
EFEMP1,GSE30528,GSE96804;GSE104948_H7,2,-0.6440249689698745,0.0,-3.6726227304442176,2.3845727925044686,0.22566314618234457,0.0
EFEMP2,GSE30528,GSE96804;GSE104948_H7,2,0.21160733891766564,2.1302867240321794,-13.37204147358135,13.795256151416682,0.8755965380229839,93.08971481326196
EGLN1,GSE30528,GSE96804;GSE104948_H7,2,-0.799288592359983,0.0,-3.8594553033409382,2.260878118620972,0.18631688434502663,0.0
EGLN2,GSE30528,GSE96804;GSE104948_H7,1,,,,,,
EGLN3,GSE30528,GSE96804;GSE104948_H7,2,0.37926781199199544,0.7436511343590495,-8.083609945755773,8.842145569739765,0.6704591278991563,83.2266080854851
ELANE,GSE30528,GSE96804;GSE104948_H7,2,-0.4749895808889425,0.0,-3.4678794408280553,2.51790027905017,0.293073771202915,0.0
ELN,GSE30528,GSE96804;GSE104948_H7,2,2.074931569977644,0.0,-1.5292581148351472,5.679121254790435,0.08649367491975153,0.0
ELOB,GSE30528,GSE96804;GSE104948_H7,0,,,,,,
ELOC,GSE30528,GSE96804;GSE104948_H7,0,,,,,,
EMILIN1,GSE30528,GSE96804;GSE104948_H7,2,1.3740857702965046,0.29236959526534423,-4.678827282476371,7.426998823069381,0.212451683529916,61.57312515763189
EMILIN2,GSE30528,GSE96804;GSE104948_H7,1,,,,,,
EMILIN3,GSE30528,GSE96804;GSE104948_H7,1,,,,,,
EP300,GSE30528,GSE96804;GSE104948_H7,1,,,,,,
EPAS1,GSE30528,GSE96804;GSE104948_H7,2,-0.7225489731874274,0.0,-3.7653462862090836,2.320248339834229,0.20374076826869617,0.0
EPCAM,GSE30528,GSE96804;GSE104948_H7,2,0.027835050695810944,0.0,-2.929221782962627,2.984891884354249,0.9242172883068037,0.0
EPO,GSE30528,GSE96804;GSE104948_H7,2,-0.3258104721732817,1.6058981090029958,-12.240815165616763,11.589194221270198,0.7871160857387117,91.12832312390158
ESAM,GSE30528,GSE96804;GSE104948_H7,1,,,,,,
F10,GSE30528,GSE96804;GSE104948_H7,2,0.836082851521417,0.0,-2.238458637917269,3.910624340960103,0.17934478313909027,0.0
F11,GSE30528,GSE96804;GSE104948_H7,2,-0.9763433972561144,0.021140980931346153,-4.402312461550427,2.449625667038198,0.17153517775190974,12.66228208181029
F11R,GSE30528,GSE96804;GSE104948_H7,1,,,,,,
F12,GSE30528,GSE96804;GSE104948_H7,2,0.040594371733251325,0.0,-2.9178452966237565,2.999034040090259,0.8901106772431461,0.0
F13A1,GSE30528,GSE96804;GSE104948_H7,2,0.7463135864809377,0.7810925779274273,-7.936617930932146,9.42924510389402,0.47198618608426074,82.93042310865239
F13B,GSE30528,GSE96804;GSE104948_H7,2,-0.839517630208806,0.0,-3.910536210663305,2.2315009502456933,0.17845486792966705,0.0
F2,GSE30528,GSE96804;GSE104948_H7,2,-0.2384513947152847,0.6178308885286921,-8.056693633133955,7.579790843703386,0.7646344423145847,80.8949758438181
F2R,GSE30528,GSE96804;GSE104948_H7,2,-0.7963302490447837,0.0,-3.855888088836947,2.2632275907473796,0.18693489267040767,0.0
F3,GSE30528,GSE96804;GSE104948_H7,2,-0.875095294439335,0.0,-3.955587286070661,2.2053966971919907,0.1720564172216111,0.0
F5,GSE30528,GSE96804;GSE104948_H7,2,-0.456401985004382,0.0,-3.44652507350664,2.533721103497876,0.3030702090251201,0.0
F7,GSE30528,GSE96804;GSE104948_H7,2,-0.4481627140985897,0.7464447549235019,-8.930898583817,8.03457315561982,0.623628893254921,83.12452903119303
F8,GSE30528,GSE96804;GSE104948_H7,2,-0.1784970570766689,0.0,-3.141112496825021,2.784118382671683,0.5840473421197178,0.0
F9,GSE30528,GSE96804;GSE104948_H7,2,-0.43555634129227305,0.44957050597856524,-7.329824630089993,6.4587119475054475,0.5693864457919126,75.183563367271
FBLN1,GSE30528,GSE96804;GSE104948_H7,2,0.9880809861605123,0.0,-2.126057279853955,4.102219252174979,0.15478600794580072,0.0
FBLN2,GSE30528,GSE96804;GSE104948_H7,2,1.1000700473135576,0.2358775446277384,-4.471387624291227,6.671527718918341,0.24146683490972737,58.35512552712163
FBLN5,GSE30528,GSE96804;GSE104948_H7,2,1.081739086375776,0.0,-2.0646040212419616,4.228082193993513,0.14326133593638005,0.0
FBN1,GSE30528,GSE96804;GSE104948_H7,2,2.146369410537206,0.6405444182922531,-6.169810637327982,10.462549458402394,0.1884240220066085,72.76925669167494
FBN2,GSE30528,GSE96804;GSE104948_H7,2,1.7227919552075297,1.6515163098638554,-10.540806853004197,13.986390763419257,0.32510022089899315,88.13372439081014
FBN3,GSE30528,GSE96804;GSE104948_H7,1,,,,,,
FCAMR,GSE30528,GSE96804;GSE104948_H7,1,,,,,,
FCER1G,GSE30528,GSE96804;GSE104948_H7,2,2.1245978946227946,6.365229715746946,-21.07797321574085,25.32716900498644,0.45198782986688707,95.32284178619206
FCN1,GSE30528,GSE96804;GSE104948_H7,2,1.3427634631124257,8.46419376400949,-25.203765598559,27.88929252478385,0.6363465093412165,96.9087791829028
FCN2,GSE30528,GSE96804;GSE104948_H7,2,0.19822003510573422,0.0,-2.7650128701367787,3.1614529403482474,0.5515205681399579,0.0
FCN3,GSE30528,GSE96804;GSE104948_H7,2,-0.4565088492441438,0.0,-3.447135703684512,2.534118005196224,0.3030531842723751,0.0
FGA,GSE30528,GSE96804;GSE104948_H7,2,-0.04045136175030619,0.08492536212781147,-4.113028160619405,4.0321254371187925,0.9200773653344726,37.92916859466217
FGB,GSE30528,GSE96804;GSE104948_H7,2,0.22275461502198107,0.0,-2.743085765164036,3.188594995207998,0.514876995370312,0.0
FGF2,GSE30528,GSE96804;GSE104948_H7,2,1.1994177929754233,0.0,-1.9901401404619643,4.388975726412811,0.1313410835623209,0.0
FGG,GSE30528,GSE96804;GSE104948_H7,2,0.4627393201778211,0.08997083344688868,-3.6964372924583264,4.621915932813969,0.3919441068230243,38.193655386314
FKBP1A,GSE30528,GSE96804;GSE104948_H7,2,0.3972790413315932,0.0,-2.587365723510568,3.381923806173754,0.3399364411053597,0.0
FMOD,GSE30528,GSE96804;GSE104948_H7,2,1.6778657317641523,0.9040098767810271,-7.740641682948507,11.096373146476811,0.26483364631072076,81.20978432327027
FN1,GSE30528,GSE96804;GSE104948_H7,2,3.8075641607183166,8.123684601196738,-22.605889080544674,30.22101740198131,0.31814273026755174,93.75434971168212
FURIN,GSE30528,GSE96804;GSE104948_H7,2,-0.18729668149899606,0.0,-3.1535116953436653,2.7789183323456728,0.569550097360253,0.0
FYN,GSE30528,GSE96804;GSE104948_H7,2,-0.7280113982165066,1.0033396896830538,-10.401319485911383,8.945296689478369,0.5142295946839698,86.06224850674852
GAS6,GSE30528,GSE96804;GSE104948_H7,2,-1.172182379484373,1.8546793211883066,-13.910338905749107,11.565974146780363,0.45043196325237567,92.22793222566374
GDF5,GSE30528,GSE96804;GSE104948_H7,2,-0.051675804019335886,1.27657779483777,-10.763966162506804,10.660614554468133,0.9610275346015459,89.59012142307078
GLG1,GSE30528,GSE96804;GSE104948_H7,2,-0.45852244313790774,0.0,-3.4489852128870875,2.5319403266112723,0.3018992282044887,0.0
GP1BA,GSE30528,GSE96804;GSE104948_H7,2,-0.1310794678056014,0.46485261789725496,-7.092404973337987,6.830246037726785,0.8504967459953452,76.4799645126607
GP1BB,GSE30528,GSE96804;GSE104948_H7,0,,,,,,
GP5,GSE30528,GSE96804;GSE104948_H7,2,-0.43622613628467305,0.016640846913653858,-3.6902236367330157,2.81777136416367,0.3379545006374392,10.331205477023389
GP6,GSE30528,GSE96804;GSE104948_H7,2,-0.009976110398823894,0.0,-2.9709333741744257,2.950981153376778,0.9727629555173416,0.0
GP9,GSE30528,GSE96804;GSE104948_H7,2,-0.1689282082257833,0.16522894150278883,-5.022409396125505,4.6845529796739385,0.7349193790170812,53.95503327306221
GPC1,GSE30528,GSE96804;GSE104948_H7,2,1.1338077989979163,0.4111678445399843,-5.638480752289118,7.906096350284951,0.27975227723584184,70.49898898388864
GPC2,GSE30528,GSE96804;GSE104948_H7,1,,,,,,
GPC3,GSE30528,GSE96804;GSE104948_H7,2,0.5975204677843748,0.6831943290042006,-7.589953681655717,8.784994617224466,0.5240038037186453,81.51043364603755
GPC4,GSE30528,GSE96804;GSE104948_H7,2,0.020776008986950124,0.0,-2.940769575463302,2.982321593437202,0.9434030024843193,0.0
GPC5,GSE30528,GSE96804;GSE104948_H7,2,-0.3150608375808455,0.21098626871295792,-5.547048885706823,4.916927210545132,0.5842087184102566,60.3555692693983
GPC6,GSE30528,GSE96804;GSE104948_H7,1,,,,,,
GRB14,GSE30528,GSE96804;GSE104948_H7,2,0.24655482885915636,0.2580730726809489,-5.359525095207791,5.852634752926103,0.6755863643969872,64.35786299935974
GRB2,GSE30528,GSE96804;GSE104948_H7,2,-0.0814148377596726,7.236644126803894,-24.56641171274915,24.403582037229803,0.9731192566206086,97.4281255536618
GRB7,GSE30528,GSE96804;GSE104948_H7,2,-0.16290276037397786,0.9083062743450352,-9.360419182067687,9.034613661319732,0.859078216379513,86.36403494916826
GYPA,GSE30528,GSE96804;GSE104948_H7,2,-1.4630449692348284,0.0,-4.75582575271657,1.829735814246913,0.11160613381763788,0.0
GYPB,GSE30528,GSE96804;GSE104948_H7,2,-0.6097801687244472,0.0,-3.626594245681595,2.407033908232701,0.23638120401666568,0.0
GYPC,GSE30528,GSE96804;GSE104948_H7,2,1.0259985709877684,1.0572624034403661,-8.914793826117975,10.966790968093513,0.4147411173868626,85.79929769614583
GZMM,GSE30528,GSE96804;GSE104948_H7,2,0.8225296087397077,1.255432669259705,-9.813080834485984,11.458140051965398,0.5055663860645684,89.4748785515062
HAPLN1,GSE30528,GSE96804;GSE104948_H7,2,-0.44652407166967883,0.0,-3.4393063068326533,2.5462581634932957,0.3090134157458891,0.0
HDAC1,GSE30528,GSE96804;GSE104948_H7,2,0.10104991012339469,0.4317394871677524,-6.660049578917307,6.862149399164097,0.8805259277686186,75.21061119311935
HIF1A,GSE30528,GSE96804;GSE104948_H7,2,0.8822975608611926,0.0,-2.2068715996981987,3.9714667214205837,0.17117659823594913,0.0
HIF1AN,GSE30528,GSE96804;GSE104948_H7,2,0.21763776402543414,0.12628891019410263,-4.282849628999234,4.7181251570501015,0.6492346538067639,47.18329708513978
HIF3A,GSE30528,GSE96804;GSE104948_H7,2,-0.6148931950169825,2.2143490673701276,-14.478918501412373,13.249132111378408,0.67329910709458,92.85099106669902
HIGD1A,GSE30528,GSE96804;GSE104948_H7,2,0.10543701802148278,0.0,-2.8521143405549134,3.062988376597879,0.7292282377383261,0.0
HRAS,GSE30528,GSE96804;GSE104948_H7,2,-0.3563761210339491,1.1755694120721414,-10.668712063803017,9.95595982173512,0.7365947774347775,89.05556995315408
HSPG2,GSE30528,GSE96804;GSE104948_H7,2,2.0349859174029494,0.8646158439480642,-7.3029275762082,11.372899411014098,0.22062835550694454,78.67770756677727
HTRA1,GSE30528,GSE96804;GSE104948_H7,2,-1.2447321498870159,0.01982072784459567,-4.7376530727898425,2.248188773015811,0.13837613380563912,11.474286941720596
IBSP,GSE30528,GSE96804;GSE104948_H7,2,0.02650377692305642,0.13175036742484508,-4.515778458950925,4.568786012797038,0.9528875391740026,48.698644826747085
ICAM1,GSE30528,GSE96804;GSE104948_H7,2,0.52273005285719,1.0092254602105255,-9.152328658705622,10.197788764420002,0.6170050315962592,86.60846487912883
ICAM2,GSE30528,GSE96804;GSE104948_H7,2,0.44433257574509877,1.2463313022938272,-10.178140394460932,11.06680554595113,0.6889958171934869,88.86738977014899
ICAM3,GSE30528,GSE96804;GSE104948_H7,2,-0.31991157881975113,2.2398781978541265,-14.209387188225996,13.569564030586495,0.8187497645016317,93.66407635144697
ICAM4,GSE30528,GSE96804;GSE104948_H7,2,-0.0816744777804877,0.49313688976881126,-7.200287910004071,7.036938954443095,0.9078408927250295,77.76341182168596
ICAM5,GSE30528,GSE96804;GSE104948_H7,2,-0.5115210636350632,0.0,-3.510325430913202,2.4872833036430757,0.27520174611232484,0.0
IGHA1,GSE30528,GSE96804;GSE104948_H7,1,,,,,,
IGHA2,GSE30528,GSE96804;GSE104948_H7,0,,,,,,
IGHG1,GSE30528,GSE96804;GSE104948_H7,0,,,,,,
IGHG2,GSE30528,GSE96804;GSE104948_H7,0,,,,,,
IGHG3,GSE30528,GSE96804;GSE104948_H7,0,,,,,,
IGHG4,GSE30528,GSE96804;GSE104948_H7,1,,,,,,
IGHM,GSE30528,GSE96804;GSE104948_H7,2,0.4362666204412608,0.012800709704473742,-2.76069471075513,3.6332279516376516,0.333035197651406,8.142490449612815
IGHV1-2,GSE30528,GSE96804;GSE104948_H7,1,,,,,,
IGHV1-46,GSE30528,GSE96804;GSE104948_H7,2,0.2642461901018744,0.08112486974975315,-3.771348570720233,4.299840950923982,0.5582216871885146,37.06506491016335
IGHV1-69,GSE30528,GSE96804;GSE104948_H7,1,,,,,,
IGHV2-5,GSE30528,GSE96804;GSE104948_H7,1,,,,,,
IGHV2-70,GSE30528,GSE96804;GSE104948_H7,1,,,,,,
IGHV3-11,GSE30528,GSE96804;GSE104948_H7,1,,,,,,
IGHV3-13,GSE30528,GSE96804;GSE104948_H7,1,,,,,,
IGHV3-23,GSE30528,GSE96804;GSE104948_H7,2,0.6771316592404735,0.0,-2.360399996769247,3.7146633152501938,0.21605997836791965,0.0
IGHV3-30,GSE30528,GSE96804;GSE104948_H7,1,,,,,,
IGHV3-33,GSE30528,GSE96804;GSE104948_H7,1,,,,,,
IGHV3-48,GSE30528,GSE96804;GSE104948_H7,1,,,,,,
IGHV3-53,GSE30528,GSE96804;GSE104948_H7,1,,,,,,
IGHV3-7,GSE30528,GSE96804;GSE104948_H7,2,0.7316591203885253,0.1280343090365441,-3.8508292855305672,5.314147526307618,0.291551390934738,45.527114948398506
IGHV3-9,GSE30528,GSE96804;GSE104948_H7,1,,,,,,
IGHV4-34,GSE30528,GSE96804;GSE104948_H7,2,0.040515620119481385,0.7723142359946131,-8.535273721024277,8.616304961263241,0.9618298816941443,84.34121085140444
IGHV4-39,GSE30528,GSE96804;GSE104948_H7,1,,,,,,
IGHV4-59,GSE30528,GSE96804;GSE104948_H7,1,,,,,,
IGHV7-81,GSE30528,GSE96804;GSE104948_H7,1,,,,,,
IGKC,GSE30528,GSE96804;GSE104948_H7,1,,,,,,
IGKV1-12,GSE30528,GSE96804;GSE104948_H7,0,,,,,,
IGKV1-16,GSE30528,GSE96804;GSE104948_H7,0,,,,,,
IGKV1-17,GSE30528,GSE96804;GSE104948_H7,1,,,,,,
IGKV1-33,GSE30528,GSE96804;GSE104948_H7,0,,,,,,
IGKV1-39,GSE30528,GSE96804;GSE104948_H7,0,,,,,,
IGKV1-5,GSE30528,GSE96804;GSE104948_H7,1,,,,,,
IGKV1D-12,GSE30528,GSE96804;GSE104948_H7,1,,,,,,
IGKV1D-16,GSE30528,GSE96804;GSE104948_H7,1,,,,,,
IGKV1D-33,GSE30528,GSE96804;GSE104948_H7,1,,,,,,
IGKV1D-39,GSE30528,GSE96804;GSE104948_H7,1,,,,,,
IGKV2-28,GSE30528,GSE96804;GSE104948_H7,1,,,,,,
IGKV2-29,GSE30528,GSE96804;GSE104948_H7,1,,,,,,
IGKV2-30,GSE30528,GSE96804;GSE104948_H7,0,,,,,,
IGKV2D-28,GSE30528,GSE96804;GSE104948_H7,1,,,,,,
IGKV2D-30,GSE30528,GSE96804;GSE104948_H7,1,,,,,,
IGKV2D-40,GSE30528,GSE96804;GSE104948_H7,1,,,,,,
IGKV3-11,GSE30528,GSE96804;GSE104948_H7,1,,,,,,
IGKV3-15,GSE30528,GSE96804;GSE104948_H7,0,,,,,,
IGKV3-20,GSE30528,GSE96804;GSE104948_H7,0,,,,,,
IGKV3D-20,GSE30528,GSE96804;GSE104948_H7,1,,,,,,
IGKV4-1,GSE30528,GSE96804;GSE104948_H7,2,0.6518137521385533,0.0,-2.3736733665426675,3.6773008708197743,0.2229723908370035,0.0
IGKV5-2,GSE30528,GSE96804;GSE104948_H7,1,,,,,,
IGLC1,GSE30528,GSE96804;GSE104948_H7,0,,,,,,
IGLC2,GSE30528,GSE96804;GSE104948_H7,0,,,,,,
IGLC3,GSE30528,GSE96804;GSE104948_H7,0,,,,,,
IGLC6,GSE30528,GSE96804;GSE104948_H7,0,,,,,,
IGLC7,GSE30528,GSE96804;GSE104948_H7,1,,,,,,
IGLL1,GSE30528,GSE96804;GSE104948_H7,2,0.3738512226720759,0.15439340041708371,-4.384369999560833,5.132072444904984,0.5005350247409803,52.72547147022975
IGLV1-36,GSE30528,GSE96804;GSE104948_H7,0,,,,,,
IGLV1-40,GSE30528,GSE96804;GSE104948_H7,1,,,,,,
IGLV1-44,GSE30528,GSE96804;GSE104948_H7,0,,,,,,
IGLV1-47,GSE30528,GSE96804;GSE104948_H7,0,,,,,,
IGLV1-51,GSE30528,GSE96804;GSE104948_H7,0,,,,,,
IGLV10-54,GSE30528,GSE96804;GSE104948_H7,1,,,,,,
IGLV11-55,GSE30528,GSE96804;GSE104948_H7,1,,,,,,
IGLV2-11,GSE30528,GSE96804;GSE104948_H7,0,,,,,,
IGLV2-14,GSE30528,GSE96804;GSE104948_H7,1,,,,,,
IGLV2-18,GSE30528,GSE96804;GSE104948_H7,1,,,,,,
IGLV2-23,GSE30528,GSE96804;GSE104948_H7,0,,,,,,
IGLV2-33,GSE30528,GSE96804;GSE104948_H7,1,,,,,,
IGLV2-8,GSE30528,GSE96804;GSE104948_H7,0,,,,,,
IGLV3-1,GSE30528,GSE96804;GSE104948_H7,1,,,,,,
IGLV3-12,GSE30528,GSE96804;GSE104948_H7,1,,,,,,
IGLV3-16,GSE30528,GSE96804;GSE104948_H7,1,,,,,,
IGLV3-19,GSE30528,GSE96804;GSE104948_H7,1,,,,,,
IGLV3-21,GSE30528,GSE96804;GSE104948_H7,0,,,,,,
IGLV3-22,GSE30528,GSE96804;GSE104948_H7,1,,,,,,
IGLV3-25,GSE30528,GSE96804;GSE104948_H7,2,0.4221914875399512,0.0,-2.563344755492516,3.4077277305724185,0.32330804074713015,0.0
IGLV3-27,GSE30528,GSE96804;GSE104948_H7,1,,,,,,
IGLV4-3,GSE30528,GSE96804;GSE104948_H7,1,,,,,,
IGLV4-60,GSE30528,GSE96804;GSE104948_H7,2,-0.4664026055737449,0.0,-3.458409880621984,2.525604669474494,0.2976463650223335,0.0
IGLV4-69,GSE30528,GSE96804;GSE104948_H7,1,,,,,,
IGLV5-37,GSE30528,GSE96804;GSE104948_H7,1,,,,,,
IGLV5-45,GSE30528,GSE96804;GSE104948_H7,1,,,,,,
IGLV6-57,GSE30528,GSE96804;GSE104948_H7,2,0.7989966183998548,0.0,-2.261633696246828,3.8596269330465374,0.18640779532145296,0.0
IGLV7-43,GSE30528,GSE96804;GSE104948_H7,1,,,,,,
IGLV7-46,GSE30528,GSE96804;GSE104948_H7,1,,,,,,
IGLV8-61,GSE30528,GSE96804;GSE104948_H7,0,,,,,,
INPP5D,GSE30528,GSE96804;GSE104948_H7,2,2.1552141070604285,1.4199258152130025,-9.408101904860676,13.718530118981533,0.2543578678495265,84.90989200913164
ITGA1,GSE30528,GSE96804;GSE104948_H7,1,,,,,,
ITGA10,GSE30528,GSE96804;GSE104948_H7,1,,,,,,
ITGA11,GSE30528,GSE96804;GSE104948_H7,1,,,,,,
ITGA2,GSE30528,GSE96804;GSE104948_H7,2,0.6395274177117733,0.0,-2.383890235565166,3.662945070988713,0.2267628698111777,0.0
ITGA2B,GSE30528,GSE96804;GSE104948_H7,2,0.6267511357339142,0.0,-2.4017190365588714,3.6552213080267,0.2313466175985229,0.0
ITGA3,GSE30528,GSE96804;GSE104948_H7,2,-0.47344950986167816,0.7285329506292622,-8.838023375757784,7.891124356034427,0.6030728943840905,83.68752726197475
ITGA4,GSE30528,GSE96804;GSE104948_H7,2,1.5048458126330322,0.9260864803474431,-7.9703967768483395,10.980088402114404,0.2928939237369547,82.3462635056859
ITGA5,GSE30528,GSE96804;GSE104948_H7,2,1.7516597818523765,0.0,-1.679359573261898,5.182679136966651,0.09737163110371477,0.0
ITGA6,GSE30528,GSE96804;GSE104948_H7,2,-0.06402375424466723,0.993750520870623,-9.63989495561881,9.511847447129476,0.9460467890414406,87.16817418222193
ITGA7,GSE30528,GSE96804;GSE104948_H7,2,1.297095371054709,0.8144279290872003,-7.634580497811795,10.228771239921214,0.3161633697283967,81.46486838819766
ITGA8,GSE30528,GSE96804;GSE104948_H7,2,-0.547713245850046,0.13259298165848568,-5.121972579722176,4.026546088022084,0.3701799487078674,48.73591421081342
ITGA9,GSE30528,GSE96804;GSE104948_H7,2,0.5259673318803046,0.4486270265249416,-6.338950986712289,7.390885650472898,0.5085455554463589,76.1089901847347
ITGAD,GSE30528,GSE96804;GSE104948_H7,1,,,,,,
ITGAE,GSE30528,GSE96804;GSE104948_H7,2,1.0106478649388024,0.7520767224134137,-7.574487801004317,9.59578353088192,0.3751617622897374,81.49729728039382
ITGAL,GSE30528,GSE96804;GSE104948_H7,2,1.3820693145515976,2.4428373663986047,-13.232251558949915,15.996390188053113,0.44186186760755897,92.09111557486234
ITGAM,GSE30528,GSE96804;GSE104948_H7,2,1.0261481433158326,0.9968835954180351,-8.662324193878803,10.714620480510469,0.4068323521460909,85.11786637498038
ITGAV,GSE30528,GSE96804;GSE104948_H7,2,-0.17896450642523254,0.0,-3.140664257053108,2.7827352442026427,0.5831483612751263,0.0
ITGAX,GSE30528,GSE96804;GSE104948_H7,2,0.9622586219807258,0.7032095452551985,-7.377020628998756,9.301537872960207,0.3810692033349842,80.70511704856158
ITGB1,GSE30528,GSE96804;GSE104948_H7,1,,,,,,
ITGB2,GSE30528,GSE96804;GSE104948_H7,2,1.9434586880666609,5.32614430506442,-19.322815813658824,23.209733189792143,0.4526087246242069,94.93575976288717
ITGB3,GSE30528,GSE96804;GSE104948_H7,2,0.502278903522652,0.07940879036924217,-3.5482999912258997,4.552857798271203,0.36002854062053374,35.16430863736248
ITGB4,GSE30528,GSE96804;GSE104948_H7,2,0.7754810692963362,0.0,-2.2822451551647758,3.8332072937574484,0.1915580932604132,0.0
ITGB5,GSE30528,GSE96804;GSE104948_H7,2,-0.8114234625440699,0.19568514652966879,-5.96588523580518,4.34303831071704,0.2951378653142353,57.74059299927817
ITGB6,GSE30528,GSE96804;GSE104948_H7,2,1.1582848226713447,0.09606243395673157,-3.2091551722436114,5.5257248175863,0.18364928696351684,36.2018161947523
ITGB7,GSE30528,GSE96804;GSE104948_H7,2,0.35717066999883074,0.7656150203123239,-8.2094702710111,8.923811611008762,0.6898560283471138,83.65574508630364
ITGB8,GSE30528,GSE96804;GSE104948_H7,2,-0.09802913222891003,0.0,-3.0564283838074084,2.8603701193495885,0.7463043503722518,0.0
JAM2,GSE30528,GSE96804;GSE104948_H7,2,0.9502914071417471,0.013436757646170925,-2.361662036787696,4.26224485107119,0.17042753646417425,8.470149559244849
JAM3,GSE30528,GSE96804;GSE104948_H7,2,-0.33624556601330596,0.0,-3.3171044044867766,2.6446132724601648,0.3878166477288351,0.0
JAML,GSE30528,GSE96804;GSE104948_H7,0,,,,,,
JCHAIN,GSE30528,GSE96804;GSE104948_H7,1,,,,,,
JUNB,GSE30528,GSE96804;GSE104948_H7,2,-1.484064605469332,0.9538991649326942,-10.968050285122644,7.99992107418398,0.2966663667625,85.45832378946773
KDR,GSE30528,GSE96804;GSE104948_H7,2,-0.7014403035658471,0.37408277029103587,-7.118593736623695,5.715713129492001,0.39726775078919835,72.45007295712746
KLK2,GSE30528,GSE96804;GSE104948_H7,2,-0.6897293278854142,0.8929843895001398,-9.878920342356734,8.499461686585905,0.5150801766462149,84.80260256586006
KLK7,GSE30528,GSE96804;GSE104948_H7,2,-0.9973408071471377,0.0,-4.114153618650162,2.1194720043558863,0.153530827864546,0.0
KLKB1,GSE30528,GSE96804;GSE104948_H7,2,0.33646267617472675,0.0,-2.646290112118763,3.319215464468217,0.3878135670247949,0.0
KNG1,GSE30528,GSE96804;GSE104948_H7,2,-0.7715656209942406,0.17303744532176,-5.732572029501638,4.189440787513156,0.2982337141226879,54.84279646180007
KRAS,GSE30528,GSE96804;GSE104948_H7,2,0.11717362577996839,0.412936237630931,-6.52174599729641,6.756093248856347,0.8595564184243578,74.64963459544784
L1CAM,GSE30528,GSE96804;GSE104948_H7,2,1.070603322581672,0.0,-2.0701121976677843,4.211318842831129,0.14445089131803704,0.0
LAMA1,GSE30528,GSE96804;GSE104948_H7,1,,,,,,
LAMA2,GSE30528,GSE96804;GSE104948_H7,2,1.3123520159274338,0.13321641946829654,-3.4598666901917263,6.084570722046594,0.17745090371656375,42.919546760948656
LAMA3,GSE30528,GSE96804;GSE104948_H7,2,-0.3230653350535017,1.0747219765403384,-10.253621443977371,9.607490773870369,0.7504617871932681,87.63732455361216
LAMA4,GSE30528,GSE96804;GSE104948_H7,2,1.5609461043351793,0.0,-1.7838357409870371,4.905727949657396,0.10635965935185707,0.0
LAMA5,GSE30528,GSE96804;GSE104948_H7,1,,,,,,
LAMB1,GSE30528,GSE96804;GSE104948_H7,2,0.7743774715971791,0.0,-2.2841801837697555,3.8329351269641134,0.19186393192662887,0.0
LAMB2,GSE30528,GSE96804;GSE104948_H7,2,-0.27161393956520624,1.1162142894287144,-10.347060281769297,9.803832402638884,0.7899103063180403,88.55311085918173
LAMB3,GSE30528,GSE96804;GSE104948_H7,1,,,,,,
LAMC1,GSE30528,GSE96804;GSE104948_H7,2,2.435127260775349,3.4788494626429634,-15.015504221342216,19.885758742892914,0.3269187733607974,91.90327204299851
LAMC2,GSE30528,GSE96804;GSE104948_H7,2,1.399555922659513,0.3062282261511753,-4.756256483162622,7.555368328481648,0.2121544921126102,62.46269370783788
LAMC3,GSE30528,GSE96804;GSE104948_H7,2,1.4972271374789667,0.11303159180376791,-3.1447761640393894,6.1392304389973225,0.1523622651394306,37.679746201727205
LCK,GSE30528,GSE96804;GSE104948_H7,2,1.4556505828221886,2.2349015205831506,-12.576647608453209,15.487948774097587,0.41318538102684077,91.33912480349245
LIMD1,GSE30528,GSE96804;GSE104948_H7,2,0.47692627706737584,0.7293470137046035,-7.891720008682157,8.845572562816908,0.6010096286281226,83.7008796058049
LOX,GSE30528,GSE96804;GSE104948_H7,2,-1.7466089428041027,0.0,-5.17275024667683,1.6795323610686241,0.09751215111431863,0.0
LOXL1,GSE30528,GSE96804;GSE104948_H7,2,0.5747897630958816,0.18618316542775956,-4.4994886407319665,5.64906816692373,0.38656589408672626,55.50681090184669
LOXL2,GSE30528,GSE96804;GSE104948_H7,2,1.7200099537499727,0.7535796518638794,-7.024325816785916,10.464345724285861,0.2422985587184559,78.21988514092702
LOXL3,GSE30528,GSE96804;GSE104948_H7,1,,,,,,
LOXL4,GSE30528,GSE96804;GSE104948_H7,1,,,,,,
LRP4,GSE30528,GSE96804;GSE104948_H7,2,0.16873889834909292,0.0,-2.7963901241853804,3.133867920883566,0.6014443442259296,0.0
LTBP1,GSE30528,GSE96804;GSE104948_H7,2,1.7199561156668415,0.0,-1.693809188857507,5.13372142019119,0.09864725773027727,0.0
LTBP2,GSE30528,GSE96804;GSE104948_H7,2,0.847491573177033,0.0,-2.226027783271586,3.9210109296256523,0.17699796468310078,0.0
LTBP3,GSE30528,GSE96804;GSE104948_H7,2,0.38722892705704887,0.3646578260995162,-5.9722281473246035,6.746686001438702,0.5807939333214029,71.33763606305507
LTBP4,GSE30528,GSE96804;GSE104948_H7,2,0.13557844326719648,0.0,-2.8270316941303535,3.0981885806647464,0.664700171522178,0.0
LUM,GSE30528,GSE96804;GSE104948_H7,2,1.4592186700864784,0.0,-1.8343322387359067,4.752769578908864,0.11191843425443275,0.0
LYN,GSE30528,GSE96804;GSE104948_H7,2,1.0381867649143364,2.2201979245570875,-12.890086895290457,14.966460425119129,0.5172931310179888,92.17738796739077
MADCAM1,GSE30528,GSE96804;GSE104948_H7,2,-0.7324743058780528,0.0,-3.7764144483272437,2.311465836571138,0.20123185756581605,0.0
MAG,GSE30528,GSE96804;GSE104948_H7,2,-0.0734299267675429,0.0,-3.033987470013007,2.8871276164779216,0.8056425036445061,0.0
MAPK1,GSE30528,GSE96804;GSE104948_H7,2,0.5767729798588367,3.1127743646094523,-15.713023132040307,16.86656909175798,0.7308617438790774,94.60681034840442
MAPK3,GSE30528,GSE96804;GSE104948_H7,2,-0.3397681668747501,0.9464330712719964,-9.703788062165875,9.024251728416376,0.7249836508415026,86.86961505449129
MASP1,GSE30528,GSE96804;GSE104948_H7,2,-0.9330786064109657,0.0,-4.030237965510841,2.1640807526889088,0.162671277504942,0.0
MASP2,GSE30528,GSE96804;GSE104948_H7,2,-0.22828990741535665,3.8401687598743455,-18.221996421614826,17.765416606784115,0.8982482976967647,95.69897419862383
MATN1,GSE30528,GSE96804;GSE104948_H7,2,-0.36921300159533466,0.6429512523851992,-8.328396954786752,7.589970951596084,0.6609342808465288,81.21434719951044
MATN3,GSE30528,GSE96804;GSE104948_H7,2,-0.6030140195036626,0.07059731246516465,-4.555698873932588,3.3496708349252624,0.3032035213230536,33.56368619896311
MATN4,GSE30528,GSE96804;GSE104948_H7,2,0.4043131036895131,0.09325851754620496,-3.7824522827501497,4.591078490129176,0.4353246314771155,39.24585128824775
MBL2,GSE30528,GSE96804;GSE104948_H7,2,0.4224136445442948,0.0,-2.566781460959586,3.4116087500481758,0.3234970898356804,0.0
MEN1,GSE30528,GSE96804;GSE104948_H7,2,0.6737115434838604,0.0674271262464862,-3.2704973650975315,4.617920452065253,0.27486804690979977,30.89076774566407
MERTK,GSE30528,GSE96804;GSE104948_H7,2,0.8759767315501162,0.0,-2.204808447954926,3.956761911055158,0.17190716096932623,0.0
MFAP2,GSE30528,GSE96804;GSE104948_H7,2,1.402284272116994,0.0,-1.865878821086538,4.670447365320526,0.11548646412634188,0.0
MFAP3,GSE30528,GSE96804;GSE104948_H7,2,0.13402757579950778,1.1665739124741104,-10.155151160398033,10.423206311997047,0.8955784808446873,88.6926111282713
MFAP4,GSE30528,GSE96804;GSE104948_H7,2,1.2049650957477487,0.0,-1.9834036451516799,4.3933338366471775,0.13070593560995347,0.0
MFAP5,GSE30528,GSE96804;GSE104948_H7,2,-0.28496208357956226,0.36010305851571933,-6.588290796528164,6.01836662936904,0.6680653783351118,72.08535332621346
MIF,GSE30528,GSE96804;GSE104948_H7,2,-0.35660534716774417,1.8110841457814801,-12.928067656128745,12.214856961793258,0.7797715954835951,92.42061156779566
MMP1,GSE30528,GSE96804;GSE104948_H7,2,0.7018596053569928,0.13507816210181195,-3.9415171719141435,5.345236382628129,0.3056102854737147,46.99681876623289
MMP10,GSE30528,GSE96804;GSE104948_H7,2,0.8243535345762658,0.0,-2.2467231287902956,3.895430197942827,0.18156713681559664,0.0
MMP11,GSE30528,GSE96804;GSE104948_H7,2,1.2674515347146114,0.0,-1.9501224664545485,4.485025535883771,0.1255394995816095,0.0
MMP12,GSE30528,GSE96804;GSE104948_H7,2,0.3275585587799633,0.7959933454495148,-8.356970685194085,9.01208780275401,0.7154901637988106,84.84990614535558
MMP13,GSE30528,GSE96804;GSE104948_H7,2,0.6410171196047793,0.5086147629839722,-6.579604719356788,7.861638958566346,0.4617518704389751,78.15903961779847
MMP14,GSE30528,GSE96804;GSE104948_H7,2,0.12186961506155002,0.9519931543342764,-9.268115824606676,9.511855054729777,0.8959516456450268,86.86116605786059
MMP15,GSE30528,GSE96804;GSE104948_H7,2,-0.5315140928608291,2.273717997407852,-14.518935289043682,13.455907103322023,0.7136380126249037,93.76490626238692
MMP16,GSE30528,GSE96804;GSE104948_H7,2,-0.49187810030930973,0.5175273483515366,-7.787129611582031,6.803373410963411,0.5490339506286118,77.48032341534883
MMP17,GSE30528,GSE96804;GSE104948_H7,2,0.1382649647384551,0.5397272548146989,-7.24296934448355,7.519499273960459,0.8512445687527991,79.28713256490269
MMP19,GSE30528,GSE96804;GSE104948_H7,2,0.6740819559859041,0.0,-2.3615179393361023,3.709681851307911,0.21683612769283167,0.0
MMP2,GSE30528,GSE96804;GSE104948_H7,2,2.073141347007763,0.7341518232248555,-6.677309834390943,10.823592528406468,0.20417707659396617,75.72820496002998
MMP20,GSE30528,GSE96804;GSE104948_H7,2,-0.11013366763005894,0.0,-3.0680317683433977,2.8477644330832796,0.7186797706642937,0.0
MMP24,GSE30528,GSE96804;GSE104948_H7,2,-0.15813625980786367,0.0,-3.1237597372096277,2.8074872175939007,0.620900134808828,0.0
MMP25,GSE30528,GSE96804;GSE104948_H7,2,-0.7054437869702774,0.13471315761851232,-5.318765082356773,3.9078775084162185,0.3025986101325085,48.801186249304884
MMP3,GSE30528,GSE96804;GSE104948_H7,2,0.7978340788937668,0.0,-2.2625382250411734,3.8582063828287074,0.18664927215716723,0.0
MMP7,GSE30528,GSE96804;GSE104948_H7,2,1.038985371031888,0.0,-2.092632149489276,4.170602891553052,0.14827553468508217,0.0
MMP8,GSE30528,GSE96804;GSE104948_H7,2,-0.3004776962977061,0.2906264782886639,-6.13110005415302,5.530144661557607,0.6309216487113846,67.64055812425342
MMP9,GSE30528,GSE96804;GSE104948_H7,2,-0.08588439978515518,0.0,-3.044242311416606,2.8724735118462954,0.7750248299944957,0.0
MTMR4,GSE30528,GSE96804;GSE104948_H7,2,-0.3982596163183193,0.4431480426647835,-7.224722233026571,6.428203000389932,0.5938993243946363,75.97554595243193
MUSK,GSE30528,GSE96804;GSE104948_H7,2,-0.46535657228778987,0.5374706037457412,-7.869510364053063,6.938797219477484,0.5709925722014917,78.18614965644986
MYC,GSE30528,GSE96804;GSE104948_H7,2,0.6608390021676376,0.29541911439550556,-5.262976791149077,6.584654795484353,0.3911392707724555,65.91067535794511
NCAM1,GSE30528,GSE96804;GSE104948_H7,2,1.006355858003177,0.46956253780244944,-6.026337252613269,8.039048968619623,0.3201146994193388,76.0517142899192
NCAN,GSE30528,GSE96804;GSE104948_H7,2,-0.16168715831222136,0.7360585378682295,-8.571878097997113,8.248503781372671,0.8474743938073148,83.48201281467676
NCOR1,GSE30528,GSE96804;GSE104948_H7,2,0.36215901554515945,0.3121344227540624,-5.621160169543028,6.345478200633346,0.5826304705573884,69.14615873123185
NCOR2,GSE30528,GSE96804;GSE104948_H7,2,-0.16898761562198153,0.0,-3.1351247174342256,2.797149486190263,0.6011018074770282,0.0
NCSTN,GSE30528,GSE96804;GSE104948_H7,2,-0.5921050051842857,1.4333606358519597,-11.878388470891212,10.694178460522641,0.6256964376255824,90.7282724297618
NEDD4L,GSE30528,GSE96804;GSE104948_H7,2,-1.5851361479937234,0.08266082387881225,-5.955457576091739,2.785185280104292,0.13602863310787836,30.12093235354505
NEDD8,GSE30528,GSE96804;GSE104948_H7,2,0.4247094792262416,0.2922893530082882,-5.446597445751289,6.2960164042037725,0.5268134509478853,66.5915426646417
NID1,GSE30528,GSE96804;GSE104948_H7,2,0.5670836773144983,0.0,-2.442867537219654,3.5770348918486503,0.25190882941498927,0.0
NID2,GSE30528,GSE96804;GSE104948_H7,2,1.3396864536305297,0.0,-1.9012305498699946,4.580603457131054,0.11977386369008093,0.0
NRAS,GSE30528,GSE96804;GSE104948_H7,2,2.1010853788491493,5.1016557281490265,-18.754475144061903,22.9566459017602,0.4221884299899168,94.52695728668513
NRXN1,GSE30528,GSE96804;GSE104948_H7,2,-0.9427648133783194,0.0,-4.044769158824689,2.15923953206805,0.16131203796857116,0.0
NTN4,GSE30528,GSE96804;GSE104948_H7,1,,,,,,
OLR1,GSE30528,GSE96804;GSE104948_H7,2,0.43486882887707495,0.0,-2.5577319837882535,3.427469641542403,0.3159972740322632,0.0
OPTC,GSE30528,GSE96804;GSE104948_H7,1,,,,,,
P3H1,GSE30528,GSE96804;GSE104948_H7,1,,,,,,
P3H2,GSE30528,GSE96804;GSE104948_H7,1,,,,,,
P3H3,GSE30528,GSE96804;GSE104948_H7,1,,,,,,
P4HA1,GSE30528,GSE96804;GSE104948_H7,2,-0.8160658632737667,0.0,-3.8870181147413465,2.254886388193813,0.18330426005878245,0.0
P4HA2,GSE30528,GSE96804;GSE104948_H7,1,,,,,,
P4HA3,GSE30528,GSE96804;GSE104948_H7,1,,,,,,
P4HB,GSE30528,GSE96804;GSE104948_H7,2,0.6663906396196196,0.313398003339966,-5.383760815784522,6.716542095023761,0.39496677469652997,67.17379230184626
PARD3,GSE30528,GSE96804;GSE104948_H7,2,0.36221179134756687,0.0,-2.6202929136128517,3.3447164963079854,0.36605450183076005,0.0
PARD6A,GSE30528,GSE96804;GSE104948_H7,2,-0.6601992833733016,0.24886582038717095,-6.209883523262084,4.889484956515481,0.3720835693715894,63.799539741509506
PARP1,GSE30528,GSE96804;GSE104948_H7,2,0.33810804453848764,0.35612211161234475,-5.960842723688363,6.637058812765338,0.6189428868370589,71.00354849562196
PCOLCE,GSE30528,GSE96804;GSE104948_H7,2,1.6763523870923294,0.35731109046272275,-4.898138380423207,8.250843154607866,0.19059318922158253,63.977245781302194
PCOLCE2,GSE30528,GSE96804;GSE104948_H7,2,-1.3409224153156474,0.0,-4.587661135007464,1.9058163043761691,0.11987596572874755,0.0
PDGFA,GSE30528,GSE96804;GSE104948_H7,2,-0.17966124952704562,0.0,-3.147830732085769,2.7885082330316777,0.5826243851456471,0.0
PDGFB,GSE30528,GSE96804;GSE104948_H7,2,1.614889859818246,0.0,-1.7490048713890938,4.978784591025586,0.1034469332138583,0.0
PECAM1,GSE30528,GSE96804;GSE104948_H7,2,1.0407199911034812,0.0,-2.0950158953656186,4.176455877572581,0.148224943471419,0.0
PF4,GSE30528,GSE96804;GSE104948_H7,2,-0.04972828658401966,0.1043504700992923,-4.323995604973662,4.224539031805623,0.9065662513190997,42.97775619010883
PF4V1,GSE30528,GSE96804;GSE104948_H7,2,0.1814912191994392,0.1882701794018741,-4.869888097853194,5.232870536252073,0.7273585601615408,57.11510580840292
PHYKPL,GSE30528,GSE96804;GSE104948_H7,0,,,,,,
PICK1,GSE30528,GSE96804;GSE104948_H7,2,-0.24607235303293598,0.0,-3.215281649903815,2.7231369438379427,0.4835618055291064,0.0
PIK3CA,GSE30528,GSE96804;GSE104948_H7,2,-0.3083626728123545,0.029558447763041146,-3.726584360213426,3.109859014588717,0.45668774073642326,17.692733930859443
PIK3CB,GSE30528,GSE96804;GSE104948_H7,2,-0.44080225910581544,0.08866881772262798,-4.570097672911396,3.6884931546997644,0.40443990016791165,39.046946275685734
PIK3R1,GSE30528,GSE96804;GSE104948_H7,2,-0.20588673555300926,0.4802004328396282,-7.261794721894046,6.850021250788028,0.773970019468375,76.90776869113928
PIK3R2,GSE30528,GSE96804;GSE104948_H7,2,-0.4154526486555945,0.0,-3.4009917773649567,2.570086480053768,0.32767936468740766,0.0
PLCG1,GSE30528,GSE96804;GSE104948_H7,2,1.3457782718619997,0.3207915024577946,-4.820808187976114,7.512364731700114,0.2203395107890098,67.17549696681074
PLEC,GSE30528,GSE96804;GSE104948_H7,2,0.04055276635349845,0.33858732463119007,-6.120505400516143,6.20161093322314,0.9468807867367187,70.71942245531737
PLG,GSE30528,GSE96804;GSE104948_H7,2,-1.2249459272662229,0.0,-4.4285383981395015,1.9786465436070553,0.1292294170535461,0.0
PLOD1,GSE30528,GSE96804;GSE104948_H7,2,-0.10495383227795242,2.7102623544288607,-15.31409336592093,15.104185701365024,0.9443224197403236,94.5265091247559
PLOD2,GSE30528,GSE96804;GSE104948_H7,2,0.5840199856230734,0.0,-2.4290742929698106,3.5971142642159575,0.24554595264292203,0.0
PLOD3,GSE30528,GSE96804;GSE104948_H7,2,0.16829777908088853,2.057541591759314,-13.192973519937885,13.52956907809966,0.8989679975886212,92.9268058171327
PMEPA1,GSE30528,GSE96804;GSE104948_H7,2,-0.618776456980792,0.18176628457118982,-5.634104788474106,4.396551874512522,0.3614848007909567,56.414478576756935
PPBP,GSE30528,GSE96804;GSE104948_H7,2,-0.42940607300547534,1.2244123379160996,-10.933156953044083,10.074344807033132,0.6950066921539804,89.42686960021487
PPIA,GSE30528,GSE96804;GSE104948_H7,0,,,,,,
PPIB,GSE30528,GSE96804;GSE104948_H7,2,0.5865279656791764,3.0900511510224637,-15.647144784461963,16.820200715820317,0.7260124502966651,94.56493669407634
PPIL2,GSE30528,GSE96804;GSE104948_H7,1,,,,,,
PPM1A,GSE30528,GSE96804;GSE104948_H7,2,-1.0605714566449551,1.738806500932617,-13.499768802648667,11.378625889358759,0.4745478133422758,90.41736077464365
PPP1CA,GSE30528,GSE96804;GSE104948_H7,2,0.9687243952176576,7.782544763881643,-24.473215648169507,26.41066443860482,0.7131367004297522,97.0192495145788
PPP1CB,GSE30528,GSE96804;GSE104948_H7,2,-0.3598712556885966,0.3246988902368564,-6.450282104231662,5.730539592854469,0.5900141687741937,69.0444897363552
PPP1CC,GSE30528,GSE96804;GSE104948_H7,2,0.29596072919791117,0.05080429815224888,-3.3934095534834174,3.98533101187924,0.49391869590907433,26.964445732275205
PPP1R15A,GSE30528,GSE96804;GSE104948_H7,2,-0.6223250272007803,0.4939984343751161,-7.758424588110162,6.5137745337086015,0.46738863696983934,77.68867918879818
PRKCA,GSE30528,GSE96804;GSE104948_H7,2,-1.3039360321867963,0.5496647989432689,-8.914341362917968,6.306469298544376,0.274125342407767,75.1038173726436
PRKCZ,GSE30528,GSE96804;GSE104948_H7,2,-0.8323569417229356,0.6928753149619842,-9.041678920277695,7.376965036831824,0.4202126464493402,82.6554982988002
PROC,GSE30528,GSE96804;GSE104948_H7,2,-0.7107548419481735,0.1932905933681258,-5.832139522998309,4.410629839101963,0.32841248365904285,57.70981122599578
PROCR,GSE30528,GSE96804;GSE104948_H7,2,1.3828195917204333,0.6260612421706119,-6.650204258053901,9.415843441494768,0.27299392673157363,76.95669053857091
PROS1,GSE30528,GSE96804;GSE104948_H7,2,1.2696393422889005,0.045112266417581065,-2.5666003072799533,5.105878991857754,0.14862687542366684,20.5823309425339
PROZ,GSE30528,GSE96804;GSE104948_H7,2,-0.6338572218503821,0.0,-3.656319041899683,2.3886045981989192,0.22855585467451106,0.0
PRSS1,GSE30528,GSE96804;GSE104948_H7,2,-0.5137095797733388,0.0,-3.5130251110277917,2.4856059514811144,0.2742104176538078,0.0
PRSS2,GSE30528,GSE96804;GSE104948_H7,0,,,,,,
PRTN3,GSE30528,GSE96804;GSE104948_H7,2,0.12018677758569922,0.0,-2.842208555521387,3.0825821106927855,0.6969872076322585,0.0
PSEN1,GSE30528,GSE96804;GSE104948_H7,2,0.541057450383628,0.0,-2.462822400497693,3.544937301264949,0.26225016680001534,0.0
PSG1,GSE30528,GSE96804;GSE104948_H7,2,-0.4144304736392731,0.22454020458497762,-5.779462146007158,4.950601198728612,0.5059399216961057,60.63508791437889
PSG11,GSE30528,GSE96804;GSE104948_H7,2,-0.6782666055863508,0.956011691108097,-10.142908782783623,8.78637557161092,0.5297780915481738,85.63998851000504
PSG2,GSE30528,GSE96804;GSE104948_H7,1,,,,,,
PSG3,GSE30528,GSE96804;GSE104948_H7,2,-0.19337733136887053,1.248995182578333,-10.807570588571025,10.420815925833285,0.8551790784729688,89.24926700377578
PSG4,GSE30528,GSE96804;GSE104948_H7,2,-0.46301403528053203,0.9522946752718567,-9.888413379783925,8.962385309222862,0.6447598996714422,86.08951371351108
PSG5,GSE30528,GSE96804;GSE104948_H7,2,-0.5987800071806338,0.0,-3.6142820209811037,2.416722006619836,0.24023101348546347,0.0
PSG6,GSE30528,GSE96804;GSE104948_H7,1,,,,,,
PSG7,GSE30528,GSE96804;GSE104948_H7,1,,,,,,
PSG8,GSE30528,GSE96804;GSE104948_H7,1,,,,,,
PSG9,GSE30528,GSE96804;GSE104948_H7,2,-0.4557179887918945,0.02275629413248419,-3.8004333190335955,2.8889973414498065,0.3334652274112375,13.57334953192467
PSMA1,GSE30528,GSE96804;GSE104948_H7,2,0.43251454524408306,0.0,-2.5581554356073015,3.4231845260954676,0.31727406801627195,0.0
PSMA2,GSE30528,GSE96804;GSE104948_H7,2,-0.44506033071305545,0.0,-3.4379742855260247,2.547853624099914,0.30988840427613396,0.0
PSMA3,GSE30528,GSE96804;GSE104948_H7,2,0.5386743398441144,0.5071925974981742,-6.703277275558859,7.780625955247087,0.5179572708718384,76.99580949274039
PSMA4,GSE30528,GSE96804;GSE104948_H7,2,0.8522157135113364,0.0,-2.221972101642658,3.9264035286653307,0.1761025677987028,0.0
PSMA5,GSE30528,GSE96804;GSE104948_H7,2,-1.0175247466517496,0.0,-4.142909175240062,2.1078596819365623,0.15099759023705048,0.0
PSMA6,GSE30528,GSE96804;GSE104948_H7,2,0.70885277482059,0.0,-2.3317829226757576,3.749488472316938,0.2072698314628257,0.0
PSMA7,GSE30528,GSE96804;GSE104948_H7,2,0.4256533578707779,2.3826640471779625,-13.909035784486543,14.760342500228097,0.7703183004272078,93.49167427357322
PSMB1,GSE30528,GSE96804;GSE104948_H7,2,-0.35561305557638284,1.2425554371308964,-10.928974389677533,10.217748278524768,0.7428968138089075,89.55687625271592
PSMB2,GSE30528,GSE96804;GSE104948_H7,1,,,,,,
PSMB3,GSE30528,GSE96804;GSE104948_H7,2,-0.230731509124558,2.3785010475869455,-14.521726160621155,14.060263142372039,0.8711879747851637,93.95161251548907
PSMB4,GSE30528,GSE96804;GSE104948_H7,2,0.4101466836538283,0.4896191754753202,-6.717171428607546,7.537464795915202,0.5980687308130691,76.76515044851455
PSMB5,GSE30528,GSE96804;GSE104948_H7,2,-0.26061615740097943,3.122593087681127,-16.530901639199996,16.00966932439804,0.872176562506098,95.18328638378665
PSMB6,GSE30528,GSE96804;GSE104948_H7,2,-0.33936213821180033,1.3912790224202747,-11.470298620397053,10.791574343973451,0.7647129917315458,90.51036010298704
PSMB7,GSE30528,GSE96804;GSE104948_H7,2,-0.1442126499141511,1.6329503754843004,-12.128711635344233,11.840286335515932,0.903410703768378,91.65556388074828
PSMC1,GSE30528,GSE96804;GSE104948_H7,1,,,,,,
PSMC2,GSE30528,GSE96804;GSE104948_H7,2,-1.4407696193021493,0.5190044539154502,-8.914545886897738,6.033006648293439,0.24675444688663795,73.2795720283733
PSMC3,GSE30528,GSE96804;GSE104948_H7,2,0.11673559154905006,2.4441544107771547,-14.372264714579577,14.605735897677677,0.9350542780844895,93.90385645523797
PSMC4,GSE30528,GSE96804;GSE104948_H7,2,0.1891730351119925,4.316483717214654,-18.84933293193991,19.227679002163892,0.920047767832015,96.09543139386604
PSMC5,GSE30528,GSE96804;GSE104948_H7,2,-0.028794886420037972,1.1303839967711176,-10.166310710822387,10.108720937982312,0.9770336839369502,88.5487621662897
PSMC6,GSE30528,GSE96804;GSE104948_H7,1,,,,,,
PSMD1,GSE30528,GSE96804;GSE104948_H7,2,-0.24640417150161484,0.03621956078738083,-3.748538327592668,3.2557299845894385,0.5355967216402115,20.853886979102363
PSMD11,GSE30528,GSE96804;GSE104948_H7,2,-0.0754232026291765,0.0,-3.0332474440136803,2.8824010387553276,0.8005282494833319,0.0
PSMD12,GSE30528,GSE96804;GSE104948_H7,2,0.414731192238511,0.03487646819232389,-3.09021382072124,3.9196762051982623,0.3736510133685248,19.48552287289229
PSMD13,GSE30528,GSE96804;GSE104948_H7,2,0.07644614378348016,2.3470975021523337,-14.135287078945106,14.288179366512066,0.9565560188838768,93.7256211696046
PSMD14,GSE30528,GSE96804;GSE104948_H7,2,0.7127200417444602,0.0,-2.331797548149056,3.7572376316379765,0.20646761143848974,0.0
PSMD2,GSE30528,GSE96804;GSE104948_H7,2,0.6355231560831143,0.43636775619194423,-6.203120106552977,7.474166418719206,0.4473405619554099,73.97280910477734
PSMD3,GSE30528,GSE96804;GSE104948_H7,2,-0.5854220507958311,1.221124669032984,-11.079409618247844,9.908565516656182,0.6074411012360198,89.36803483480502
PSMD6,GSE30528,GSE96804;GSE104948_H7,2,-0.07109876969831648,0.024461145743795532,-3.4072776584328968,3.265080119036264,0.8316486537763162,15.075266661885697
PSMD7,GSE30528,GSE96804;GSE104948_H7,2,0.9378522693390888,0.0,-2.1647620140807966,4.040466552758974,0.16215154686863456,0.0
PSMD8,GSE30528,GSE96804;GSE104948_H7,2,-0.11254155020188478,3.522659225746204,-17.35766683130396,17.132583730900187,0.9473316046456316,95.58277064147121
PTPN11,GSE30528,GSE96804;GSE104948_H7,2,-0.493943553317648,0.0,-3.4908791539402646,2.5029920473049687,0.28361147435819567,0.0
PTPN6,GSE30528,GSE96804;GSE104948_H7,2,1.099247999986642,6.195152408994619,-21.671609157324212,23.870105157297495,0.64973033726326,96.39312158235018
PTPRS,GSE30528,GSE96804;GSE104948_H7,2,0.14420366493574452,0.0,-2.8211295236216745,3.109536853493163,0.6476450476822156,0.0
PXDN,GSE30528,GSE96804;GSE104948_H7,2,1.981652564104459,0.9878885000397943,-7.873061882025488,11.836367010234406,0.23749414537428112,80.97861326025529
RBL1,GSE30528,GSE96804;GSE104948_H7,2,-0.3694588954098863,0.7648175406539729,-8.933331017946545,8.194413227126772,0.6807773439973022,83.61716278292577
RBX1,GSE30528,GSE96804;GSE104948_H7,1,,,,,,
RHOA,GSE30528,GSE96804;GSE104948_H7,2,0.16743210002326936,1.934333147292402,-12.812791608379008,13.147655808425547,0.8965790975289906,92.55523785447012
RNF111,GSE30528,GSE96804;GSE104948_H7,2,0.022861774226328686,0.619665683644147,-7.793401472529412,7.83912502098207,0.9763513203874076,81.26337856636154
RPS27A,GSE30528,GSE96804;GSE104948_H7,0,,,,,,
SCUBE1,GSE30528,GSE96804;GSE104948_H7,1,,,,,,
SCUBE3,GSE30528,GSE96804;GSE104948_H7,0,,,,,,
SDC1,GSE30528,GSE96804;GSE104948_H7,2,-1.4256487603800465,0.04514037617607652,-5.296049876179062,2.444752355418969,0.1340065937426958,22.112005577593223
SDC2,GSE30528,GSE96804;GSE104948_H7,2,-0.0015192983000798111,0.2286102043291479,-5.370505549588904,5.367466952988744,0.9977110049136133,62.07308568022264
SDC3,GSE30528,GSE96804;GSE104948_H7,2,0.5272329063195581,0.0,-2.480293128647316,3.5347589412864324,0.26863726797027465,0.0
SDC4,GSE30528,GSE96804;GSE104948_H7,2,-0.6696208366286178,1.707132147054048,-12.903618658673262,11.564376985416027,0.6131407609939153,92.00007384143895
SELE,GSE30528,GSE96804;GSE104948_H7,2,1.0353737213481418,0.7333291367538467,-7.463686364927431,9.534433807623715,0.3651554122376782,81.0368903549095
SELL,GSE30528,GSE96804;GSE104948_H7,2,-0.27628976953786394,2.6713741551231958,-15.376718326018596,14.824138786942866,0.8545798453789141,94.52424521944837
SELP,GSE30528,GSE96804;GSE104948_H7,2,-0.18036040491535865,0.0978994281747891,-4.390107242291669,4.029386432460952,0.6826341313611392,41.519044334120245
SELPLG,GSE30528,GSE96804;GSE104948_H7,2,0.43942137371283996,1.384796359966897,-10.702099465652186,11.580942213077865,0.7042562600222612,89.80105932824712
SEM1,GSE30528,GSE96804;GSE104948_H7,0,,,,,,
SERPINA10,GSE30528,GSE96804;GSE104948_H7,2,-0.506127868264838,0.03366315940082671,-4.007551601357599,2.9952958648279226,0.31740742121714827,18.723297522579067
SERPINA5,GSE30528,GSE96804;GSE104948_H7,2,-0.702419778268,0.2900650323855757,-6.555680597349319,5.150841040813319,0.36953002726270817,67.14718735376405
SERPINC1,GSE30528,GSE96804;GSE104948_H7,2,-0.7528560355473907,0.0,-3.803353612555207,2.2976415414604254,0.19652265100077254,0.0
SERPIND1,GSE30528,GSE96804;GSE104948_H7,2,-0.599518124595336,0.5295230198162262,-7.974801040886456,6.775764791695785,0.48971175596946986,77.53152788333635
SERPINE1,GSE30528,GSE96804;GSE104948_H7,2,0.7611604864639081,0.0,-2.289726431640242,3.8120474045680584,0.19453346995717186,0.0
SERPINE2,GSE30528,GSE96804;GSE104948_H7,2,1.0340158050728296,0.2473428384911789,-4.6090784780514396,6.677110088197099,0.2582672727612069,59.89355858651214
SERPING1,GSE30528,GSE96804;GSE104948_H7,2,0.005091933675573318,1.2624528875052576,-10.651383399034547,10.661567266385692,0.9961349084085199,89.5329332211894
SERPINH1,GSE30528,GSE96804;GSE104948_H7,2,1.7712713410558398,2.8094346817560054,-13.897202029250487,17.439744711362167,0.38716803889752377,92.11367009760156
SGCA,GSE30528,GSE96804;GSE104948_H7,2,0.3873095302623805,2.3405921073420837,-13.793203481923392,14.567822542448152,0.7873452878825172,93.90752565850417
SGCB,GSE30528,GSE96804;GSE104948_H7,2,-0.915392829097507,0.1448013238252307,-5.690427950908623,3.859642292713609,0.24800007210507538,47.55157254263673
SGCD,GSE30528,GSE96804;GSE104948_H7,2,0.4313524226533794,0.10562603702463286,-3.8713528627943763,4.734057708101135,0.4237049124234849,43.2763106991431
SGCE,GSE30528,GSE96804;GSE104948_H7,2,0.6489054481881457,0.0,-2.376671652822927,3.6744825491992184,0.22389761547374876,0.0
SGCG,GSE30528,GSE96804;GSE104948_H7,2,-0.05483567169895497,0.06572392386013344,-3.913682857693441,3.804011514295531,0.8862772573952497,32.10807628919603
SGCZ,GSE30528,GSE96804;GSE104948_H7,1,,,,,,
SH3PXD2A,GSE30528,GSE96804;GSE104948_H7,2,1.3388169672552483,0.0,-1.9018330065327285,4.579466941043226,0.11984018254202082,0.0
SHC1,GSE30528,GSE96804;GSE104948_H7,2,1.3886374885799866,0.8714889532632695,-7.821008715683034,10.598283692843006,0.3062534600397488,82.02017033403455
SIRPA,GSE30528,GSE96804;GSE104948_H7,2,-1.4199311837075814,0.0,-4.694076719158552,1.8542143517433896,0.11428628860628547,0.0
SIRPG,GSE30528,GSE96804;GSE104948_H7,2,0.5345452669298222,0.0,-2.4692623549562325,3.538352888815877,0.2650844728124573,0.0
SKI,GSE30528,GSE96804;GSE104948_H7,2,0.6211123189824282,0.14736742951381757,-4.121879280709437,5.364103918674293,0.3445043876451588,49.538815767986236
SKIL,GSE30528,GSE96804;GSE104948_H7,2,1.4484501586524392,1.7368073268266866,-10.933000633163976,13.829900950468856,0.37700664050981486,91.41549364321016
SLC16A1,GSE30528,GSE96804;GSE104948_H7,2,0.23016598862002577,0.0,-2.734406354776545,3.1947383320165965,0.5043278917118968,0.0
SLC16A3,GSE30528,GSE96804;GSE104948_H7,2,1.0193797977772399,0.5938905565717332,-6.770940684307688,8.809700279862168,0.34472259448391973,77.82351208632127
SLC16A8,GSE30528,GSE96804;GSE104948_H7,2,-0.5308927104806688,0.1723644254704695,-5.481650290673287,4.41986486971195,0.40306345243541314,53.80681057113213
SLC3A2,GSE30528,GSE96804;GSE104948_H7,2,-1.1670740867683354,0.6699527756808848,-9.297873247011928,6.963725073475257,0.3192888695330327,81.48606976618781
SLC7A10,GSE30528,GSE96804;GSE104948_H7,2,-1.2572745346347447,0.33689285783052547,-7.5833915784957,5.06884250922621,0.24003764655742363,65.55541767388232
SLC7A11,GSE30528,GSE96804;GSE104948_H7,2,1.0153010236463784,0.049373644316754915,-2.794808110607553,4.82541015790031,0.18282376477259044,23.28766519117247
SLC7A5,GSE30528,GSE96804;GSE104948_H7,2,-0.33982592543355,0.18149280472971344,-5.330833725450834,4.6511818745837346,0.545952840469933,56.72281340331552
SLC7A6,GSE30528,GSE96804;GSE104948_H7,2,2.115597030617531,0.30488597848872967,-4.264010988792719,8.495205050027781,0.14834197013526068,56.7992023102341
SLC7A7,GSE30528,GSE96804;GSE104948_H7,2,-1.4114978149051753,0.1530894489422851,-6.3383235253956896,3.5153278955853393,0.17067433745520139,49.091846318833504
SLC7A8,GSE30528,GSE96804;GSE104948_H7,2,-1.5732807433150526,0.0,-4.915814183554278,1.7692526969241724,0.10547139042263547,0.0
SLC7A9,GSE30528,GSE96804;GSE104948_H7,2,-1.0875765167013505,0.0,-4.236398971854367,2.0612459384516657,0.14262648469354453,0.0
SMAD2,GSE30528,GSE96804;GSE104948_H7,2,-0.152929598802429,0.0,-3.112633927638527,2.8067747300336694,0.6301514208029659,0.0
SMAD3,GSE30528,GSE96804;GSE104948_H7,2,0.3529319556682661,0.18606397375673558,-4.693628397656995,5.399492308993527,0.5375041939850911,56.34317138885577
SMAD4,GSE30528,GSE96804;GSE104948_H7,2,-0.7700364727620015,0.6558898415585936,-8.842075900063236,7.302002954539233,0.43914191691591703,80.36579490944946
SMAD7,GSE30528,GSE96804;GSE104948_H7,2,0.16058317675832937,0.0,-2.801873742030252,3.1230400955469104,0.6160303820940881,0.0
SMPD1,GSE30528,GSE96804;GSE104948_H7,2,-0.5606471611974723,1.0056123269000057,-10.182533035957155,9.06123871356221,0.5942787360127572,87.47686896657144
SMURF1,GSE30528,GSE96804;GSE104948_H7,2,0.8970622373566146,1.1776188351147192,-9.441628781532545,11.235753256245774,0.468992572965967,88.80871681183292
SMURF2,GSE30528,GSE96804;GSE104948_H7,2,0.9584879608949117,0.08337586850719833,-3.1970951657538293,5.114071087543653,0.20933850333331946,36.397774742376114
SNTA1,GSE30528,GSE96804;GSE104948_H7,2,-1.8335570854872474,0.0,-5.306655571054184,1.6395414000796888,0.09421071805270957,0.0
SNTB1,GSE30528,GSE96804;GSE104948_H7,2,-0.0717343111969866,0.0,-3.0328217756507834,2.88935315325681,0.8098975995799284,0.0
SNTB2,GSE30528,GSE96804;GSE104948_H7,2,0.6798624112571356,0.0,-2.353584956028147,3.713309778542418,0.21498899652557105,0.0
SNTG2,GSE30528,GSE96804;GSE104948_H7,2,1.2917476909094812,0.10365744243883862,-3.191716900815154,5.775212282634117,0.16975885575770094,37.0951703866018
SNW1,GSE30528,GSE96804;GSE104948_H7,2,0.330579595618655,1.53680082606638,-11.345903045611326,12.007062236848636,0.7801631718024481,90.79246833089283
SOS1,GSE30528,GSE96804;GSE104948_H7,2,0.6316448904240778,0.0,-2.3908804117631384,3.6541701926112937,0.22929342769833708,0.0
SP1,GSE30528,GSE96804;GSE104948_H7,2,-0.707374100023508,0.0,-3.755132057764302,2.340383857717286,0.20812559367124192,0.0
SPARC,GSE30528,GSE96804;GSE104948_H7,2,0.1468732109478514,0.0,-2.8125459675006272,3.10629238939633,0.6418287651649828,0.0
SPN,GSE30528,GSE96804;GSE104948_H7,2,0.41124237697004434,0.0,-2.5788096829575564,3.4012944368976448,0.33087963715444446,0.0
SPOCK3,GSE30528,GSE96804;GSE104948_H7,2,0.6823740186543156,0.3388807651649719,-5.543343345067744,6.908091382376376,0.39644456859556665,68.76784302475357
SPP1,GSE30528,GSE96804;GSE104948_H7,2,0.11243315561244051,0.0,-2.845889082922308,3.070755394147189,0.7135968056460581,0.0
SRC,GSE30528,GSE96804;GSE104948_H7,2,-0.1843360158121917,0.29206276787705293,-6.033583555633839,5.664911524009455,0.7575264481479357,67.24474423067318
SSPN,GSE30528,GSE96804;GSE104948_H7,2,1.5299519075937933,0.0,-1.7976879263435415,4.857591741531128,0.10792795228295904,0.0
STAT1,GSE30528,GSE96804;GSE104948_H7,2,-0.20232390740364378,0.019636381517858858,-3.4764687897551356,3.0718209749478484,0.5762440731394265,12.274354348460276
STRAP,GSE30528,GSE96804;GSE104948_H7,2,-0.15964086937182123,0.0,-3.12703166845679,2.8077499297131476,0.6182725015073411,0.0
STUB1,GSE30528,GSE96804;GSE104948_H7,2,-0.6118766118860044,1.3770018531885184,-11.693878667621961,10.470125443849954,0.6105360402969715,90.39699884325884
TEK,GSE30528,GSE96804;GSE104948_H7,2,-0.3862859422143376,1.5783604763145296,-12.211212916970775,11.4386410325421,0.7495321982536945,90.92059636395688
TFDP1,GSE30528,GSE96804;GSE104948_H7,2,-0.12841721201009826,0.42556949217194506,-6.853211048256374,6.596376624236178,0.8484599890067586,74.90176083819904
TFDP2,GSE30528,GSE96804;GSE104948_H7,2,-0.7423868766490489,0.33407049061230515,-6.9019233474790775,5.417149594180979,0.3682650562768147,70.07732114924889
TFPI,GSE30528,GSE96804;GSE104948_H7,2,0.5767481375791325,1.8178280239525002,-12.063194297738058,13.216690572896322,0.6655117684057021,91.65829141046295
TGFB1,GSE30528,GSE96804;GSE104948_H7,2,0.9604938692379881,0.4510119954567108,-6.018170172407339,7.939157910883314,0.33068808313281867,73.20697829503807
TGFB2,GSE30528,GSE96804;GSE104948_H7,2,1.4186978673534685,0.0,-1.8629389967565992,4.700334731463537,0.1146396149680813,0.0
TGFB3,GSE30528,GSE96804;GSE104948_H7,2,1.2990564294837545,0.0,-1.9278979688322178,4.526010827799727,0.12290955047797872,0.0
TGFBR1,GSE30528,GSE96804;GSE104948_H7,2,0.48495360222339406,0.5012390429596066,-6.684997283592085,7.654904488038873,0.5480438057885302,78.06575048670065
TGFBR2,GSE30528,GSE96804;GSE104948_H7,2,-0.8392332428400249,0.44081347070665633,-7.682693382053039,6.00422689637299,0.3632333156294594,75.305622882864
TGFBR3,GSE30528,GSE96804;GSE104948_H7,2,-1.3177785477296209,0.0,-4.554666850501119,1.9191097550418772,0.12156964613112747,0.0
TGIF1,GSE30528,GSE96804;GSE104948_H7,2,-0.07337519959400332,0.0,-3.034090730813157,2.88734033162515,0.8057882652847885,0.0
TGIF2,GSE30528,GSE96804;GSE104948_H7,2,-0.1487270982068264,0.05465478829888209,-3.880467512211474,3.5830133157978215,0.7015811320284603,28.093278147185224
THBD,GSE30528,GSE96804;GSE104948_H7,2,2.1748377861805395,1.4640113056178752,-9.549333265348821,13.8990088377099,0.2554435373465501,85.18341002331213
THBS1,GSE30528,GSE96804;GSE104948_H7,2,-0.5291793565405652,0.1503758822289906,-5.26383298994154,4.20547427686041,0.3905728634515415,51.89561315666498
TIMP1,GSE30528,GSE96804;GSE104948_H7,2,1.4703508601221615,1.7308997955468226,-11.008142603024174,13.948844323268498,0.37488674932068194,89.32987918628919
TIMP2,GSE30528,GSE96804;GSE104948_H7,1,,,,,,
TLL1,GSE30528,GSE96804;GSE104948_H7,2,0.023294237191703166,0.0,-2.935969131526516,2.982557605909922,0.9365372481385641,0.0
TLL2,GSE30528,GSE96804;GSE104948_H7,1,,,,,,
TMPRSS6,GSE30528,GSE96804;GSE104948_H7,2,-0.39803436858149954,0.8572010569701014,-9.395125105902846,8.599056368739845,0.6739832293123642,84.9925087237741
TNC,GSE30528,GSE96804;GSE104948_H7,2,1.6026294938788666,0.37702956758030204,-5.07541307052815,8.280672058285884,0.201740150795882,65.7006665183894
TNFRSF10A,GSE30528,GSE96804;GSE104948_H7,1,,,,,,
TNFRSF10B,GSE30528,GSE96804;GSE104948_H7,2,2.1066360129473396,1.940023002774442,-11.166710323056755,15.379982348951433,0.29306459412530556,88.3542011194707
TNFRSF10D,GSE30528,GSE96804;GSE104948_H7,2,1.8379476482382127,0.4495019259968995,-5.349970522211267,9.025865818687691,0.1900869830532483,67.80783391743454
TNN,GSE30528,GSE96804;GSE104948_H7,2,-0.9268787577833025,1.7359194968047444,-13.338639504413374,11.484881988846768,0.5166993209917426,90.69598320592856
TNR,GSE30528,GSE96804;GSE104948_H7,2,-0.6238636271276805,0.4453717729156343,-7.5152084979887235,6.2674812437333625,0.4555812604834114,74.39497969220456
TNXB,GSE30528,GSE96804;GSE104948_H7,2,0.7869612877707554,1.3041002200576424,-10.031109594923691,11.6050321704652,0.5250263586453096,89.84080053361399
TPSAB1,GSE30528,GSE96804;GSE104948_H7,1,,,,,,
TRAPPC4,GSE30528,GSE96804;GSE104948_H7,1,,,,,,
TREM1,GSE30528,GSE96804;GSE104948_H7,2,-0.9639861917170769,1.6341604222228978,-12.965690811318243,11.03771842788409,0.49351856483317846,91.51871208283617
TRIM33,GSE30528,GSE96804;GSE104948_H7,2,0.05021395504574542,0.5625342220086336,-7.458257485424079,7.558685395515569,0.9460331803263783,79.8727856020429
TSPAN7,GSE30528,GSE96804;GSE104948_H7,2,-0.7833080312185233,0.0,-3.8393987916644896,2.272782729227443,0.1896602993677236,0.0
TTR,GSE30528,GSE96804;GSE104948_H7,2,-0.21793011139858284,0.3126255986077915,-6.201103914678684,5.765243691881518,0.7240543563091024,69.19121148121103
UBA52,GSE30528,GSE96804;GSE104948_H7,2,0.17483414107145506,1.3473791318455137,-10.809777051267506,11.159445333410417,0.872966244285811,89.92717099079111
UBB,GSE30528,GSE96804;GSE104948_H7,2,-0.607817393835575,1.0433728529513697,-10.389598326358456,9.173963538687307,0.5745299429340855,87.83753636256132
UBC,GSE30528,GSE96804;GSE104948_H7,1,,,,,,
UBE2D1,GSE30528,GSE96804;GSE104948_H7,2,-0.16653854491720932,0.22858852276051436,-5.533886771711853,5.200809681877435,0.7609244486562261,62.22405515527439
UBE2D2,GSE30528,GSE96804;GSE104948_H7,2,0.41781341537368294,0.26790533165792507,-5.276610895561008,6.112237726308374,0.5223007923940852,64.68618217323593
UBE2D3,GSE30528,GSE96804;GSE104948_H7,2,0.12111607642715799,0.0,-2.8376091602544014,3.0798413131087177,0.6946627340842629,0.0
UBE2M,GSE30528,GSE96804;GSE104948_H7,2,-0.8229564304554824,0.46733162488504193,-7.821479123061562,6.175566262150597,0.37548844114443897,76.39729637221753
UCHL5,GSE30528,GSE96804;GSE104948_H7,2,-0.4799172843481433,0.07243142779316035,-4.43747650498245,3.4776419362861635,0.36648444614402936,34.32326686561072
USP15,GSE30528,GSE96804;GSE104948_H7,2,0.33365598412254077,0.15281435208010596,-4.408179677249313,5.075491645494395,0.5355696685243961,52.49458985203653
USP9X,GSE30528,GSE96804;GSE104948_H7,2,-0.5384886155754162,0.421386188168161,-7.2733379129705895,6.1963606818197565,0.4949689783105128,73.66235244909203
UTRN,GSE30528,GSE96804;GSE104948_H7,2,0.0817388010332426,1.2936172226873184,-10.69026868883004,10.853746290896526,0.9388090425936977,89.80693080734567
VCAM1,GSE30528,GSE96804;GSE104948_H7,2,1.0737078975123402,0.3322923744912118,-5.179474714762792,7.326890509787473,0.2736049761809278,66.37024891959251
VCAN,GSE30528,GSE96804;GSE104948_H7,2,1.3920947437276683,0.2576009934770774,-4.417071460381793,7.201260947837129,0.20201330488220617,58.47037869898555
VEGFA,GSE30528,GSE96804;GSE104948_H7,2,-0.7785318230997257,0.0,-3.833955595879092,2.2768919496796403,0.19071644415646752,0.0
VHL,GSE30528,GSE96804;GSE104948_H7,1,,,,,,
VPREB1,GSE30528,GSE96804;GSE104948_H7,2,0.41086993824835844,0.17403306192859166,-4.520923131717806,5.342663008214522,0.4818949957681795,55.648501248050074
VPREB3,GSE30528,GSE96804;GSE104948_H7,2,-0.07388617315154229,0.2180096344267458,-5.361987524323108,5.214215178020024,0.8881443779250576,60.843888289036876
VTN,GSE30528,GSE96804;GSE104948_H7,1,,,,,,
VWF,GSE30528,GSE96804;GSE104948_H7,2,1.0648490606163057,0.0,-2.0793349095120455,4.209033030744657,0.14535959903045467,0.0
WTIP,GSE30528,GSE96804;GSE104948_H7,1,,,,,,
WWTR1,GSE30528,GSE96804;GSE104948_H7,2,-1.3725285462300363,0.0,-4.626852516856807,1.881795424396734,0.11744572923756745,0.0
XCL1,GSE30528,GSE96804;GSE104948_H7,2,-0.09687063218983877,0.05905649391285079,-3.8790340442110742,3.685292779831397,0.7997018368492236,29.76723733391108
XCL2,GSE30528,GSE96804;GSE104948_H7,1,,,,,,
XCR1,GSE30528,GSE96804;GSE104948_H7,2,0.11781991393648199,0.36105691976993415,-6.190873033146939,6.426512861019903,0.8516745084451272,72.07838874763452
XPO1,GSE30528,GSE96804;GSE104948_H7,2,0.8371521379029482,0.005084244204041516,-2.3216109615876293,3.995915237393526,0.18376969396348017,3.4362026596306707
YBX1,GSE30528,GSE96804;GSE104948_H7,1,,,,,,
YES1,GSE30528,GSE96804;GSE104948_H7,2,-1.062242298427523,1.6716030642002933,-13.278765854231942,11.154281257376894,0.46832231498042937,90.10257290262348
ZFYVE9,GSE30528,GSE96804;GSE104948_H7,2,-0.9787697195730747,0.0,-4.092538689057465,2.134999249911315,0.15618260219979835,0.0
A2M,GSE104948_H7,GSE96804;GSE30528,2,0.45843561526818255,0.0,-2.5159549180725067,3.4328261486088723,0.30055649376548954,0.0
ACAN,GSE104948_H7,GSE96804;GSE30528,2,0.5993308738063557,0.0,-2.3961210210628328,3.5947827686755445,0.23858029520652677,0.0
ACKR2,GSE104948_H7,GSE96804;GSE30528,1,,,,,,
ACKR3,GSE104948_H7,GSE96804;GSE30528,1,,,,,,
ACKR4,GSE104948_H7,GSE96804;GSE30528,1,,,,,,
ACTA1,GSE104948_H7,GSE96804;GSE30528,2,-0.5411648188248857,0.2904290959640354,-6.355670094608075,5.273340456958304,0.44686684490385026,68.26709721669272
ACTA2,GSE104948_H7,GSE96804;GSE30528,2,0.5125669328403061,0.35561752947483033,-5.744424288179133,6.769558153859745,0.48724968045909706,72.47059129091063
ACTB,GSE104948_H7,GSE96804;GSE30528,1,,,,,,
ACTC1,GSE104948_H7,GSE96804;GSE30528,2,0.2542215561007489,0.5184741360373233,-7.006826741898568,7.515269854100065,0.7335262278914307,78.5807058084723
ACTG1,GSE104948_H7,GSE96804;GSE30528,1,,,,,,
ACTG2,GSE104948_H7,GSE96804;GSE30528,2,0.5130338886556407,1.0595717443006785,-9.363351378652613,10.389419155963896,0.6285997684085489,87.31399546619545
ACTN1,GSE104948_H7,GSE96804;GSE30528,2,1.8727194188423675,1.1215306232589597,-8.524001073032805,12.269439910717539,0.26224181911049493,82.7533555268232
ADAM10,GSE104948_H7,GSE96804;GSE30528,2,1.2001130233030604,0.15938165306611213,-3.7031893887354745,6.103415435341596,0.19805864316749391,51.871352696268836
ADAM12,GSE104948_H7,GSE96804;GSE30528,2,1.0060758252872937,0.0,-2.0989659326319705,4.111117583206558,0.15169485774943559,0.0
ADAM15,GSE104948_H7,GSE96804;GSE30528,2,1.4726958963500432,0.30853821929081315,-4.621673862908445,7.5670656556085305,0.20044149833830374,66.20884830712818
ADAM17,GSE104948_H7,GSE96804;GSE30528,2,0.4886928573642539,0.9379685917085314,-8.820865209812762,9.798250924541271,0.6255210964703644,87.16118325386756
ADAM19,GSE104948_H7,GSE96804;GSE30528,2,1.074305237464753,0.0,-2.055683436679085,4.204293911608591,0.14349475425889088,0.0
ADAM8,GSE104948_H7,GSE96804;GSE30528,2,1.0556053599543067,1.3950043033767416,-10.199914936540589,12.311125656449201,0.444469425878295,88.48085842012497
ADAM9,GSE104948_H7,GSE96804;GSE30528,2,0.26049430152887265,0.7681255565629997,-8.271674911350395,8.79266351440814,0.7644130808664125,84.84929565496995
ADAMTS1,GSE104948_H7,GSE96804;GSE30528,2,0.7072780545941086,1.199610274051525,-9.688835184181212,11.10339129336943,0.5462060160133143,89.48548285615696
ADAMTS13,GSE104948_H7,GSE96804;GSE30528,2,0.4421308249702155,0.0,-2.532777644886306,3.4170392948267367,0.3100384072682335,0.0
ADAMTS14,GSE104948_H7,GSE96804;GSE30528,1,,,,,,
ADAMTS16,GSE104948_H7,GSE96804;GSE30528,1,,,,,,
ADAMTS18,GSE104948_H7,GSE96804;GSE30528,1,,,,,,
ADAMTS2,GSE104948_H7,GSE96804;GSE30528,2,1.085820099409728,0.0,-2.047354538705125,4.21899473752458,0.14216307746779006,0.0
ADAMTS3,GSE104948_H7,GSE96804;GSE30528,2,0.7514718117400194,0.0,-2.283458039466855,3.7864016629468935,0.19591976148404225,0.0
ADAMTS4,GSE104948_H7,GSE96804;GSE30528,1,,,,,,
ADAMTS5,GSE104948_H7,GSE96804;GSE30528,2,0.6687699335506262,0.8627890430302614,-8.31261168719745,9.650151554298702,0.5176185094690212,86.13276227893553
ADAMTS8,GSE104948_H7,GSE96804;GSE30528,2,0.2452271070025047,0.21619651309678461,-4.998715292920266,5.489169506925275,0.6586842199709554,61.83493281547469
ADAMTS9,GSE104948_H7,GSE96804;GSE30528,2,-0.3772723900443884,0.0,-3.3360519387184113,2.5815071586296345,0.3520424155729932,0.0
ADRM1,GSE104948_H7,GSE96804;GSE30528,2,-0.7571449109391413,0.4129916159727252,-7.398451043665723,5.884161221787441,0.3846511075909571,74.94286507474848
AGRN,GSE104948_H7,GSE96804;GSE30528,1,,,,,,
AJUBA,GSE104948_H7,GSE96804;GSE30528,1,,,,,,
ANGPT1,GSE104948_H7,GSE96804;GSE30528,2,0.19993707262741064,0.0,-2.7447510540841678,3.144625199338989,0.5468333610686521,0.0
ANGPT2,GSE104948_H7,GSE96804;GSE30528,2,1.2851002638230862,0.35344557428082557,-5.061868452150042,7.632068979796214,0.236011750706303,70.10809726275671
ANGPT4,GSE104948_H7,GSE96804;GSE30528,2,0.5559331139311171,0.18380808508507376,-4.478377645536444,5.590243873398679,0.3941905796810863,55.86999395280476
ANO5,GSE104948_H7,GSE96804;GSE30528,1,,,,,,
ANO6,GSE104948_H7,GSE96804;GSE30528,1,,,,,,
APOB,GSE104948_H7,GSE96804;GSE30528,2,-0.3840840644584133,0.22359164973636855,-5.691262145094461,4.923094016177634,0.5266633944908525,62.58327665576062
APP,GSE104948_H7,GSE96804;GSE30528,2,0.3200152597659874,0.49506612735841404,-6.813369664001575,7.4534001835335495,0.6701772272666081,77.64788855097
ARHGEF18,GSE104948_H7,GSE96804;GSE30528,2,-1.3452727842461067,0.0,-4.580534314714618,1.8899887462224045,0.11908474426166096,0.0
ARNT,GSE104948_H7,GSE96804;GSE30528,2,-0.17214946068222325,1.1564099298543253,-10.393830897549192,10.049531976184744,0.8657921056195118,89.16185790858712
ASPN,GSE104948_H7,GSE96804;GSE30528,2,1.03415345635741,0.7406598672126493,-7.406460733810377,9.474767646525198,0.36349722552685704,83.68988384739896
ATP1B1,GSE104948_H7,GSE96804;GSE30528,2,0.08318737572283633,0.31438007906620674,-5.893991854611274,6.060366606056947,0.888573049412621,69.72449697635645
ATP1B2,GSE104948_H7,GSE96804;GSE30528,2,-0.6741185275359387,0.0,-3.6882901787491162,2.3400531236772393,0.2154092227001609,0.0
ATP1B3,GSE104948_H7,GSE96804;GSE30528,2,0.2940850230786147,0.5595546361586202,-7.173428969427019,7.761599015584248,0.7046317713066755,80.48840263620755
ATP1B4,GSE104948_H7,GSE96804;GSE30528,2,-0.12233327467945491,0.022198943621104656,-3.406893553063678,3.162227003704768,0.7186058295884779,14.169527649398564
BAMBI,GSE104948_H7,GSE96804;GSE30528,2,-0.6291749208468909,0.8849177961855113,-9.767461287701373,8.50911144600759,0.5424407666870973,85.01587201610809
BCAN,GSE104948_H7,GSE96804;GSE30528,2,0.4160478912339427,0.0,-2.548077116768236,3.380172899236121,0.32533034736140537,0.0
BGN,GSE104948_H7,GSE96804;GSE30528,2,-0.6997797425756752,0.773687513775434,-9.334283799895687,7.9347243147443365,0.49066387332160666,83.10785638933051
BMP1,GSE104948_H7,GSE96804;GSE30528,2,-0.08956709966801626,0.0,-3.024612111923683,2.8454779125876506,0.7645144002146771,0.0
BMP10,GSE104948_H7,GSE96804;GSE30528,2,0.035543700187118304,0.21937349987251975,-5.236907685919231,5.307995086293468,0.9456014636475306,61.88516638962699
BMP2,GSE104948_H7,GSE96804;GSE30528,2,-0.687980494130538,2.796620907296369,-16.179141988405274,14.803181000144196,0.672934211171493,93.96008478667561
BMP4,GSE104948_H7,GSE96804;GSE30528,2,-0.13708765111250004,0.0,-3.0773127259210273,2.803137423696027,0.6595158442235843,0.0
BMP7,GSE104948_H7,GSE96804;GSE30528,2,-0.705171819904686,0.83342947293276,-9.55454349228493,8.144199852475557,0.4960434503670038,85.6931394842701
BSG,GSE104948_H7,GSE96804;GSE30528,2,-1.093278281622526,1.1453764156190807,-11.301251858540683,9.11469529529563,0.4034438367088965,88.63247128676495
C1QA,GSE104948_H7,GSE96804;GSE30528,2,2.056084653642686,2.2125736801650473,-12.055085589687653,16.167254896973027,0.3152805349581368,89.19921647054741
C1QB,GSE104948_H7,GSE96804;GSE30528,2,1.6296512921589732,1.987324522929112,-11.711685239309721,14.970987823627668,0.364374709191357,89.71833542493161
C1QC,GSE104948_H7,GSE96804;GSE30528,1,,,,,,
C1R,GSE104948_H7,GSE96804;GSE30528,2,-0.2767671553064538,0.0,-3.229040882527232,2.6755065719143243,0.44459797265644396,0.0
C1S,GSE104948_H7,GSE96804;GSE30528,2,0.7637470577534966,0.0,-2.272765717849745,3.8002598333567383,0.19305619587713216,0.0
C2,GSE104948_H7,GSE96804;GSE30528,2,0.9652484224201981,0.7165480548311101,-7.438191306983534,9.36868815182393,0.3824222912638139,81.01612757152158
C3,GSE104948_H7,GSE96804;GSE30528,2,1.2644220884469781,0.12304039413282936,-3.3982265634175146,5.927070740311471,0.17981883119593647,41.34576571007238
C3AR1,GSE104948_H7,GSE96804;GSE30528,2,1.0644503792144884,0.5410749405338433,-6.447832702745352,8.576733461174328,0.32276868658159413,76.06221916256158
C4A,GSE104948_H7,GSE96804;GSE30528,1,,,,,,
C4B,GSE104948_H7,GSE96804;GSE30528,1,,,,,,
C4BPA,GSE104948_H7,GSE96804;GSE30528,2,0.18678874674184548,0.0773231026487791,-3.7853435792618315,4.158921072745523,0.6571266203856022,36.27558231850561
C4BPB,GSE104948_H7,GSE96804;GSE30528,2,0.893668688736923,0.0,-2.1761071475897142,3.96344452506356,0.16808735787833362,0.0
C5,GSE104948_H7,GSE96804;GSE30528,2,-0.34308146582410365,0.0,-3.297802208173335,2.611639276525128,0.37921697784529795,0.0
C5AR1,GSE104948_H7,GSE96804;GSE30528,2,-0.8044458373399138,0.15472114121706437,-5.58538905976781,3.9764973850879826,0.2785243449853325,52.845599133698784
C5AR2,GSE104948_H7,GSE96804;GSE30528,2,-0.31817555164607236,0.002932443640300025,-3.3246640043770466,2.6883129010849016,0.4070762392971629,2.1703609257926573
C6,GSE104948_H7,GSE96804;GSE30528,2,0.2558950514899802,0.0,-2.6938380292792856,3.2056281322592457,0.46904936198997693,0.0
C7,GSE104948_H7,GSE96804;GSE30528,2,1.445672901861495,0.32098971945293014,-4.830531302606795,7.721877106329785,0.2095992587590174,62.99039708384024
C8A,GSE104948_H7,GSE96804;GSE30528,2,0.42692024871002404,0.25994816106247237,-5.1908731281510345,6.044713625571083,0.5111406613568545,64.5852167309867
C8B,GSE104948_H7,GSE96804;GSE30528,2,-0.16625780683352237,0.0,-3.1060697874686367,2.7735541738015916,0.603328117148009,0.0
C8G,GSE104948_H7,GSE96804;GSE30528,2,0.9199507866331103,0.0,-2.1628899452490375,4.002791518515258,0.16416195711187787,0.0
C9,GSE104948_H7,GSE96804;GSE30528,2,-0.06306151290289855,0.0,-2.9975301812968924,2.871407155491095,0.8303042712078996,0.0
CA9,GSE104948_H7,GSE96804;GSE30528,2,-0.37969796733195976,0.0,-3.340339894064343,2.580943959400424,0.3504000878779891,0.0
CAPN1,GSE104948_H7,GSE96804;GSE30528,2,0.7398049103246103,3.9720492738413555,-17.593408320812458,19.07301814146168,0.6983790795531009,95.32306312508955
CAPN10,GSE104948_H7,GSE96804;GSE30528,2,0.2734184404472844,0.4116594163232902,-6.333134875721424,6.879971756615992,0.6917998998143523,75.34671444050281
CAPN11,GSE104948_H7,GSE96804;GSE30528,2,0.18494988927065975,0.0,-2.7558108325074135,3.125710611048733,0.5707895840343323,0.0
CAPN12,GSE104948_H7,GSE96804;GSE30528,1,,,,,,
CAPN13,GSE104948_H7,GSE96804;GSE30528,1,,,,,,
CAPN14,GSE104948_H7,GSE96804;GSE30528,1,,,,,,
CAPN15,GSE104948_H7,GSE96804;GSE30528,1,,,,,,
CAPN2,GSE104948_H7,GSE96804;GSE30528,2,-0.40591610429125,0.0,-3.3699419108759026,2.558109702293402,0.3320592848891318,0.0
CAPN3,GSE104948_H7,GSE96804;GSE30528,2,0.2455320625885836,1.4090356591761186,-10.960031730407028,11.451095855584196,0.8271341948114173,90.38954675951868
CAPN5,GSE104948_H7,GSE96804;GSE30528,2,-0.180356278591309,0.5734838107009497,-7.724273672357592,7.363561115174974,0.8122510818229279,80.81501432453913
CAPN6,GSE104948_H7,GSE96804;GSE30528,2,0.5514252710346197,0.4960165568184156,-6.567524725214689,7.670375267283928,0.5050668836783518,78.47165085375461
CAPN7,GSE104948_H7,GSE96804;GSE30528,2,0.3490913846548805,0.0,-2.607588656838489,3.30577142614825,0.3742939033585609,0.0
CAPN8,GSE104948_H7,GSE96804;GSE30528,1,,,,,,
CAPN9,GSE104948_H7,GSE96804;GSE30528,2,-0.24878193950690647,0.0,-3.195445421487396,2.6978815424735827,0.4776607778976993,0.0
CAPNS1,GSE104948_H7,GSE96804;GSE30528,2,-0.755609173144518,0.0,-3.7899609424164686,2.2787425961274326,0.1948781048088846,0.0
CAPNS2,GSE104948_H7,GSE96804;GSE30528,1,,,,,,
CASK,GSE104948_H7,GSE96804;GSE30528,2,0.7575938783810442,0.05737766518386668,-3.072946596811893,4.588134353573982,0.2411015737775778,27.628200164202855
CASP3,GSE104948_H7,GSE96804;GSE30528,2,1.4667828902279183,0.49234717765234864,-5.753438938350282,8.687004718806119,0.23529753774654785,75.80253002027555
CAST,GSE104948_H7,GSE96804;GSE30528,2,-0.7999198588426052,0.3894399761567387,-7.363720078810346,5.7638803611251355,0.3650452526045934,71.36899952087211
CAV1,GSE104948_H7,GSE96804;GSE30528,2,0.4842248745881092,0.8019749126927694,-8.210180945956878,9.178630695133098,0.6079398296019622,85.37760355900134
CBL,GSE104948_H7,GSE96804;GSE30528,2,-0.46369475041477387,0.21869380939592423,-5.737117140974743,4.809727640145194,0.46477724487370553,61.99572274678893
CCL1,GSE104948_H7,GSE96804;GSE30528,2,0.5370947460422703,0.04897268764812659,-3.147545870600493,4.221735362685034,0.3151715597756256,25.493668364520794
CCL11,GSE104948_H7,GSE96804;GSE30528,2,0.9128757161969963,0.0,-2.164445832526713,3.990197264920705,0.16509502664370526,0.0
CCL13,GSE104948_H7,GSE96804;GSE30528,2,0.7587162113648267,0.0,-2.2742814959546016,3.791713918684255,0.1940473437717298,0.0
CCL16,GSE104948_H7,GSE96804;GSE30528,2,0.2191139177529338,0.0,-2.7227687391744126,3.16099657468028,0.5175372569884408,0.0
CCL17,GSE104948_H7,GSE96804;GSE30528,2,0.5635145013564885,0.0,-2.425568322524331,3.5525973252373078,0.25176316389535053,0.0
CCL19,GSE104948_H7,GSE96804;GSE30528,2,1.114424523276037,0.0,-2.042767978297583,4.2716170248496566,0.13965885131136882,0.0
CCL2,GSE104948_H7,GSE96804;GSE30528,2,0.9865982448869905,0.0,-2.112133075087079,4.08532956486106,0.15427239851543212,0.0
CCL20,GSE104948_H7,GSE96804;GSE30528,2,0.047172485672063426,0.0,-2.8867672785137666,2.981112249857893,0.8717083931519303,0.0
CCL21,GSE104948_H7,GSE96804;GSE30528,2,1.2919197625243106,0.0,-1.9195859906057773,4.503425515654398,0.12299469241597842,0.0
CCL22,GSE104948_H7,GSE96804;GSE30528,2,0.5750043999886874,0.0,-2.4225116719610753,3.57252047193845,0.2478565689879398,0.0
CCL25,GSE104948_H7,GSE96804;GSE30528,2,0.1704179693047927,0.0,-2.768675039148177,3.109510977757763,0.5957689963959619,0.0
CCL27,GSE104948_H7,GSE96804;GSE30528,2,0.3062811258614363,0.2389148402724824,-5.13855722774009,5.751119479462963,0.604943368625521,63.12719985941884
CCL28,GSE104948_H7,GSE96804;GSE30528,1,,,,,,
CCL3,GSE104948_H7,GSE96804;GSE30528,1,,,,,,
CCL3L1,GSE104948_H7,GSE96804;GSE30528,0,,,,,,
CCL4,GSE104948_H7,GSE96804;GSE30528,1,,,,,,
CCL5,GSE104948_H7,GSE96804;GSE30528,2,0.5525261890261665,1.6796495308844914,-11.627084788490267,12.732137166542598,0.6671133892493241,91.19955361757049
CCL7,GSE104948_H7,GSE96804;GSE30528,2,0.2312118667243444,0.0,-2.7187916389702598,3.1812153724189485,0.5013167613239519,0.0
CCNC,GSE104948_H7,GSE96804;GSE30528,2,0.5238974322928388,0.6096715704209451,-7.218168575419402,8.26596344000508,0.5478949733512776,81.70926459611016
CCNK,GSE104948_H7,GSE96804;GSE30528,2,0.31797886056963903,0.03094135785339856,-3.094189176963804,3.7301468981030825,0.44646861519221986,18.948447703463543
CCNT1,GSE104948_H7,GSE96804;GSE30528,2,-0.7837072815019794,0.2045392246575888,-5.978579334007556,4.411164771003596,0.30611332464086743,59.74147481222866
CCNT2,GSE104948_H7,GSE96804;GSE30528,2,0.9216919640090029,2.369323648161701,-13.335011571713958,15.178395499731964,0.5622057313529766,94.07585282027891
CCR1,GSE104948_H7,GSE96804;GSE30528,2,0.5134567744577211,0.7589003114884304,-8.024975235060605,9.051888783976047,0.584634459041547,83.44047963361754
CCR10,GSE104948_H7,GSE96804;GSE30528,2,0.8007151369142586,0.0,-2.244314643065332,3.8457449168938487,0.18513459294300208,0.0
CCR2,GSE104948_H7,GSE96804;GSE30528,2,0.9680138495516263,0.10428015782352361,-3.424312765144867,5.36034046424812,0.21835504078670354,39.55064985274308
CCR3,GSE104948_H7,GSE96804;GSE30528,2,-0.08792678014174819,0.1272429084901716,-4.560149426308942,4.384295866025446,0.8441542830850489,48.82876257391465
CCR4,GSE104948_H7,GSE96804;GSE30528,2,0.4028690159445937,0.03579082423037027,-3.0934295235224596,3.8991675554116467,0.3814841451929696,20.408785436343702
CCR5,GSE104948_H7,GSE96804;GSE30528,2,1.0799602338320449,0.4154512757415759,-5.705294414055033,7.865214881719123,0.29234611296261,71.05831536637095
CCR6,GSE104948_H7,GSE96804;GSE30528,2,0.6141647159728868,0.31988345153332315,-5.458736189633379,6.687065621579153,0.4210036217706089,68.27540502559043
CCR7,GSE104948_H7,GSE96804;GSE30528,2,0.9693190458578355,0.5214275499486053,-6.413518289850013,8.352156381565685,0.34377629525689224,75.92090268283718
CCR8,GSE104948_H7,GSE96804;GSE30528,2,0.4314613968083271,0.0,-2.53528745342901,3.3982102470456645,0.3157814470234762,0.0
CCR9,GSE104948_H7,GSE96804;GSE30528,2,0.24201981730081673,0.040491996078985217,-3.297164126305733,3.7812037609073665,0.5445891730620612,22.89070782808614
CCRL2,GSE104948_H7,GSE96804;GSE30528,1,,,,,,
CD151,GSE104948_H7,GSE96804;GSE30528,2,-0.7619484744288583,0.0,-3.8016019578052482,2.2777050089475317,0.1936723948426664,0.0
CD177,GSE104948_H7,GSE96804;GSE30528,2,-0.7096732796550317,0.43023375622583204,-7.451883268086279,6.032536708776215,0.40872780587575963,75.78526315283061
CD19,GSE104948_H7,GSE96804;GSE30528,2,0.7001916304370467,0.0,-2.3184247867408585,3.718808047614952,0.20824139403090083,0.0
CD2,GSE104948_H7,GSE96804;GSE30528,2,1.0952684005802615,0.644792414871042,-6.974744034768809,9.165280835929332,0.3345396557361227,78.809240510382
CD244,GSE104948_H7,GSE96804;GSE30528,2,0.33426443282467333,0.0,-2.623497255422798,3.292026121072145,0.3872583797452104,0.0
CD44,GSE104948_H7,GSE96804;GSE30528,2,1.020710478370471,0.0,-2.098467973294142,4.1398889300350845,0.1502557709280819,0.0
CD46,GSE104948_H7,GSE96804;GSE30528,2,-0.2298024561331102,0.16372371664092958,-5.050831880399196,4.591226968132975,0.6533142180182069,54.381331807700796
CD47,GSE104948_H7,GSE96804;GSE30528,2,0.02570148808511936,0.0,-2.907994481547175,2.9593974577174134,0.9294243531602855,0.0
CD48,GSE104948_H7,GSE96804;GSE30528,2,1.1698119858802207,0.6838519345787563,-7.113891136863973,9.453515108624416,0.3236791556501708,79.351499274652
CD55,GSE104948_H7,GSE96804;GSE30528,2,-0.4208698514425534,0.3653358867456229,-6.770762152536152,5.929022449651045,0.5544120254659282,71.78989077644825
CD58,GSE104948_H7,GSE96804;GSE30528,2,1.454274770029432,0.3696762706850628,-5.033506706881041,7.942056246939905,0.2149588963299122,70.22741983932463
CD59,GSE104948_H7,GSE96804;GSE30528,1,,,,,,
CD74,GSE104948_H7,GSE96804;GSE30528,2,0.19748669413050227,0.2919171554348318,-5.629553934757807,6.024527323018811,0.7411308147079412,67.89627468152861
CD81,GSE104948_H7,GSE96804;GSE30528,2,-0.8495307216525294,0.0,-3.9078595625166352,2.2087981192115764,0.17576558117957433,0.0
CD84,GSE104948_H7,GSE96804;GSE30528,2,0.7844759158257806,0.0,-2.256145175042783,3.825097006694344,0.18849080636918708,0.0
CD99,GSE104948_H7,GSE96804;GSE30528,2,0.2662013714219274,0.0,-2.6800778012193476,3.2124805440632027,0.45619776700537656,0.0
CD99L2,GSE104948_H7,GSE96804;GSE30528,1,,,,,,
CDH1,GSE104948_H7,GSE96804;GSE30528,2,0.17759011675491104,0.0,-2.7665939832814437,3.1217742167912657,0.5836949010661004,0.0
CDK8,GSE104948_H7,GSE96804;GSE30528,2,0.08353581797132474,0.11440806125855729,-4.268954701672147,4.436026337614797,0.847722500930529,45.91656279483251
CDK9,GSE104948_H7,GSE96804;GSE30528,1,,,,,,
CDKN2B,GSE104948_H7,GSE96804;GSE30528,2,0.7777478647765659,0.0,-2.260639784575228,3.8161355141283604,0.18989516377864207,0.0
CEACAM1,GSE104948_H7,GSE96804;GSE30528,2,-0.8825874976895729,0.0,-3.9491506372873557,2.1839756419082095,0.16992962504901132,0.0
CEACAM3,GSE104948_H7,GSE96804;GSE30528,2,-0.21865938650634162,0.029553484026892583,-3.6053704673211704,3.168051694308487,0.5626203202025349,18.265763936417827
CEACAM5,GSE104948_H7,GSE96804;GSE30528,2,-0.3522216523421903,0.21472512307998073,-5.587909677534331,4.88346637284995,0.5497399267838476,61.65839346399409
CEACAM6,GSE104948_H7,GSE96804;GSE30528,2,-0.15601771495848332,0.3244339267801419,-6.194719020164232,5.882683590247266,0.7980661810115904,70.70133623636178
CEACAM8,GSE104948_H7,GSE96804;GSE30528,2,-0.25250733649613194,0.10206828898150438,-4.47980429578774,3.974789622795476,0.5866937190606155,43.47653013235092
CFB,GSE104948_H7,GSE96804;GSE30528,2,1.2288906908823816,0.5748998309885645,-6.505016953218325,8.962798334983088,0.292769951562616,76.19509643290705
CFD,GSE104948_H7,GSE96804;GSE30528,2,0.550496017174559,0.13490114783785678,-4.049165075162426,5.150157109511543,0.37031729301452637,48.290458125363244
CFH,GSE104948_H7,GSE96804;GSE30528,2,0.18723308507153422,1.1555094220913833,-10.030473163165713,10.404939333308782,0.85436836762347,89.16382861026153
CFHR1,GSE104948_H7,GSE96804;GSE30528,1,,,,,,
CFHR2,GSE104948_H7,GSE96804;GSE30528,2,-0.5303124075505771,0.8543701123125081,-9.517635594357278,8.457010779256125,0.5904357767506369,84.87725807720305
CFHR3,GSE104948_H7,GSE96804;GSE30528,1,,,,,,
CFHR4,GSE104948_H7,GSE96804;GSE30528,2,0.8767990375328183,0.0,-2.195696285008469,3.9492943600741057,0.1713135098876174,0.0
CFHR5,GSE104948_H7,GSE96804;GSE30528,2,-0.30570675940131337,0.0,-3.257925433058409,2.6465119142557825,0.41373029258933286,0.0
CFI,GSE104948_H7,GSE96804;GSE30528,2,0.3624346870183595,0.12194405728395856,-4.087283079041044,4.812152453077764,0.48907177730251816,46.63725544985878
CFP,GSE104948_H7,GSE96804;GSE30528,2,-0.2856939192561666,0.20104590381634121,-5.408740649257095,4.837352810744762,0.6075488786184992,60.125224004012566
CGN,GSE104948_H7,GSE96804;GSE30528,1,,,,,,
CITED2,GSE104948_H7,GSE96804;GSE30528,2,-1.4194127792465823,0.0,-4.695130547630421,1.8563049891372563,0.11438086315193755,0.0
CLU,GSE104948_H7,GSE96804;GSE30528,2,0.9271670238141478,0.0,-2.1624401579608974,4.0167742055891935,0.1632817099260573,0.0
CMA1,GSE104948_H7,GSE96804;GSE30528,2,0.6155349304369038,0.0,-2.3884715607604114,3.619541421634219,0.23345836640828804,0.0
COL10A1,GSE104948_H7,GSE96804;GSE30528,2,1.3235072785401647,0.2243780593347472,-4.133006722682931,6.78002127976326,0.1997403907949809,59.61861706374063
COL11A1,GSE104948_H7,GSE96804;GSE30528,2,0.7755363510689847,0.4800412647361933,-6.2679632916730155,7.819035993810984,0.3950700820616783,77.59534206536199
COL11A2,GSE104948_H7,GSE96804;GSE30528,2,0.8725095965926736,0.1672367110887695,-4.028273180219283,5.77329237340463,0.26498017053856954,54.53636094857748
COL12A1,GSE104948_H7,GSE96804;GSE30528,1,,,,,,
COL13A1,GSE104948_H7,GSE96804;GSE30528,2,0.8676663092066258,1.3000148872342365,-9.92123182489383,11.656564443307083,0.493117178532993,90.06974709271016
COL14A1,GSE104948_H7,GSE96804;GSE30528,2,1.379216339333688,0.1419030167437215,-3.4955991938476325,6.254031872515008,0.17272177740689396,43.87385505828563
COL15A1,GSE104948_H7,GSE96804;GSE30528,2,1.4351781338327556,0.0,-1.8380696650937827,4.708425932759294,0.11306729661576011,0.0
COL16A1,GSE104948_H7,GSE96804;GSE30528,2,1.7353228145872988,0.0,-1.6840859128778278,5.154731542052425,0.09794656705693251,0.0
COL17A1,GSE104948_H7,GSE96804;GSE30528,1,,,,,,
COL18A1,GSE104948_H7,GSE96804;GSE30528,2,0.14195366132006243,0.0,-2.7954859525959526,3.079393275236077,0.6494288526647776,0.0
COL19A1,GSE104948_H7,GSE96804;GSE30528,2,-0.18875459825933955,0.08485498375396566,-4.234213007671088,3.8567038111524092,0.6593152253967031,39.013067147239596
COL1A1,GSE104948_H7,GSE96804;GSE30528,2,1.5975216755859047,0.08121420967627167,-2.7706815214000544,5.965724872571864,0.1349419682783906,29.427827165927866
COL1A2,GSE104948_H7,GSE96804;GSE30528,2,1.6696442249346688,0.1595797557320029,-3.465843856618707,6.805132306488045,0.15119836101182124,44.24569748307549
COL20A1,GSE104948_H7,GSE96804;GSE30528,1,,,,,,
COL21A1,GSE104948_H7,GSE96804;GSE30528,2,0.7372246987800387,0.11725071030359475,-3.6891868125717897,5.163636210131867,0.28102755220250436,46.15706310325097
COL22A1,GSE104948_H7,GSE96804;GSE30528,1,,,,,,
COL23A1,GSE104948_H7,GSE96804;GSE30528,1,,,,,,
COL24A1,GSE104948_H7,GSE96804;GSE30528,1,,,,,,
COL25A1,GSE104948_H7,GSE96804;GSE30528,1,,,,,,
COL26A1,GSE104948_H7,GSE96804;GSE30528,0,,,,,,
COL27A1,GSE104948_H7,GSE96804;GSE30528,1,,,,,,
COL28A1,GSE104948_H7,GSE96804;GSE30528,1,,,,,,
COL2A1,GSE104948_H7,GSE96804;GSE30528,2,1.279921939260376,0.0,-1.9317547799576427,4.491598658478395,0.12412520422207325,0.0
COL3A1,GSE104948_H7,GSE96804;GSE30528,1,,,,,,
COL4A1,GSE104948_H7,GSE96804;GSE30528,2,0.648650540802982,0.08040482009962092,-3.390731303564844,4.688032385170808,0.2901073374844606,37.273556097779476
COL4A2,GSE104948_H7,GSE96804;GSE30528,2,0.3810054874643328,0.8775351162634647,-8.658823654182804,9.420834629111468,0.686993857375891,86.44187027588148
COL4A3,GSE104948_H7,GSE96804;GSE30528,2,-0.7104546021956459,0.10683348996080597,-5.0677056360071235,3.646796431615832,0.2862858992219744,41.724685985923486
COL4A4,GSE104948_H7,GSE96804;GSE30528,2,-0.6532459641251329,0.02081246610281195,-3.989399223268892,2.6829072950186257,0.24329789605639804,12.450955524405884
COL4A5,GSE104948_H7,GSE96804;GSE30528,2,-1.1107712455443308,1.6628465110776494,-13.311687343301422,11.09014485221276,0.45380626395653295,89.83274424163166
COL4A6,GSE104948_H7,GSE96804;GSE30528,2,0.566473764061879,0.0,-2.423176108373753,3.5561236364975106,0.2506227138713839,0.0
COL5A1,GSE104948_H7,GSE96804;GSE30528,2,1.1579843762428377,0.4374654387440361,-5.685556081244018,8.001524833729693,0.2771549234673891,74.8647241228403
COL5A2,GSE104948_H7,GSE96804;GSE30528,2,1.18105262081438,0.0,-1.9870398071294433,4.349145048758203,0.13245314087576654,0.0
COL5A3,GSE104948_H7,GSE96804;GSE30528,2,0.9170563523444681,0.24835377317302473,-4.635884957008148,6.469997661697084,0.2831141614692534,63.86133794661798
COL6A1,GSE104948_H7,GSE96804;GSE30528,2,0.49601536221833303,0.1043640322595077,-3.7720426962952307,4.764073420731897,0.3789555981563172,43.83150291738398
COL6A2,GSE104948_H7,GSE96804;GSE30528,2,1.1566171997464967,0.3845126681483611,-5.363099887045546,7.676334286538539,0.26581805553728627,72.37428019394963
COL6A3,GSE104948_H7,GSE96804;GSE30528,2,1.5114613725546695,0.09079157891220582,-2.921656217015941,5.94457896212528,0.14442267786796106,32.43763084803534
COL6A5,GSE104948_H7,GSE96804;GSE30528,1,,,,,,
COL6A6,GSE104948_H7,GSE96804;GSE30528,1,,,,,,
COL7A1,GSE104948_H7,GSE96804;GSE30528,2,1.0468477738026642,0.0,-2.073906164932495,4.167601712537824,0.1467085907138788,0.0
COL8A1,GSE104948_H7,GSE96804;GSE30528,2,0.8041518147252953,0.39311372089307306,-5.718547913599959,7.32685154305055,0.3617000091952787,73.90973383166242
COL8A2,GSE104948_H7,GSE96804;GSE30528,2,0.5084996965617213,0.5519159662250814,-6.966910318611159,7.9839097117346025,0.5462520686078332,78.84288167720112
COL9A1,GSE104948_H7,GSE96804;GSE30528,2,0.15133498957189617,0.6662423505847888,-7.880105554129117,8.18277553327291,0.8503961437307029,82.94255304568222
COL9A2,GSE104948_H7,GSE96804;GSE30528,2,1.1708874207422402,0.0,-1.9928551758328847,4.334630017317365,0.13339166686963042,0.0
COL9A3,GSE104948_H7,GSE96804;GSE30528,2,0.4198550520960609,1.2757296519459278,-10.263687994083993,11.103398098276115,0.7051668963948348,90.09927447594374
COLEC10,GSE104948_H7,GSE96804;GSE30528,2,0.34870543104131546,0.5318182387630693,-6.965957218179736,7.663368080262367,0.6532820474229608,79.70202873180516
COLEC11,GSE104948_H7,GSE96804;GSE30528,2,-0.4732333391954671,1.557704686444006,-12.181229628574243,11.23476295018331,0.6979538616891464,91.647154409981
COLGALT1,GSE104948_H7,GSE96804;GSE30528,1,,,,,,
COLGALT2,GSE104948_H7,GSE96804;GSE30528,1,,,,,,
COMP,GSE104948_H7,GSE96804;GSE30528,2,1.186925802347104,0.0,-1.9840663425728426,4.357917947267051,0.13193357553957805,0.0
CPB2,GSE104948_H7,GSE96804;GSE30528,2,0.3513832300465907,0.0,-2.6037792682663117,3.3065457283594935,0.37222328822345174,0.0
CPN1,GSE104948_H7,GSE96804;GSE30528,2,0.4528163303968807,0.13781445134119039,-4.159199825535157,5.0648324863289185,0.43017058604319836,49.28114222937191
CPN2,GSE104948_H7,GSE96804;GSE30528,2,-0.15378305318845717,0.244565933389442,-5.617497666263199,5.309931559886285,0.7813480712564117,64.62443114815288
CR1,GSE104948_H7,GSE96804;GSE30528,2,-0.7767469936963272,0.3298829117890942,-6.886002048166848,5.3325080607741935,0.35286262388187795,70.4890505441324
CR2,GSE104948_H7,GSE96804;GSE30528,2,-0.3837879135849022,1.1728985093759383,-10.668189749246894,9.90061392207709,0.7181266688414486,89.36654841401153
CREBBP,GSE104948_H7,GSE96804;GSE30528,2,0.17497212424561118,1.0067777279197845,-9.448324271559576,9.798268520050799,0.8554601808669012,87.45600224364921
CRP,GSE104948_H7,GSE96804;GSE30528,2,0.04452346646174635,0.7585206618097138,-8.450753210529228,8.53980014345272,0.9576682063928119,84.43003387590652
CRTAP,GSE104948_H7,GSE96804;GSE30528,1,,,,,,
CTRB1,GSE104948_H7,GSE96804;GSE30528,2,-0.10120569487503406,0.08430781126656442,-4.139423784798984,3.9370123950489155,0.8037368192783089,38.80397743165303
CTRB2,GSE104948_H7,GSE96804;GSE30528,2,0.1460077732849367,1.5110137824632464,-11.417814744595253,11.709830291165128,0.8987289211311238,91.0548775461493
CTSB,GSE104948_H7,GSE96804;GSE30528,2,-0.023512350018592622,0.4015824087131213,-6.570522265993594,6.523497565956408,0.9709699460382664,74.69850293287482
CTSD,GSE104948_H7,GSE96804;GSE30528,2,-0.3977579621177843,2.206997966354303,-14.17770332420401,13.38218739996844,0.7762084227650395,93.77317727573029
CTSG,GSE104948_H7,GSE96804;GSE30528,2,1.138137514524763,0.7576469086523597,-7.498966187306969,9.775241216356495,0.3427537905219949,81.03640720349463
CTSK,GSE104948_H7,GSE96804;GSE30528,2,1.359460123732519,0.0,-1.881708105044576,4.600628352509614,0.11808062715086308,0.0
CTSL,GSE104948_H7,GSE96804;GSE30528,1,,,,,,
CTSS,GSE104948_H7,GSE96804;GSE30528,2,0.5263373679987852,0.7046286901154394,-7.748701079721547,8.801375815719117,0.567282499657137,82.41002112810189
CTSV,GSE104948_H7,GSE96804;GSE30528,1,,,,,,
CUL2,GSE104948_H7,GSE96804;GSE30528,2,-0.4468234699580593,0.6218292352156625,-8.29013887522595,7.39649193530983,0.6011208572284049,80.86949997404321
CX3CL1,GSE104948_H7,GSE96804;GSE30528,2,-1.3138408990203905,0.5213263486199138,-8.665912650762332,6.038230852721551,0.2640986401090159,77.45551871801082
CX3CR1,GSE104948_H7,GSE96804;GSE30528,2,0.6022286022479998,0.0,-2.3951185449697787,3.599575749465778,0.23767287243597812,0.0
CXADR,GSE104948_H7,GSE96804;GSE30528,2,-1.7915217572724063,3.8897894750182904,-20.092377120887253,16.50933360634244,0.4310869545729935,93.55260386501277
CXCL1,GSE104948_H7,GSE96804;GSE30528,2,0.2476723023054516,0.039216159059642965,-3.2755882630732684,3.7709328676841714,0.5358753767258468,22.319565649334564
CXCL10,GSE104948_H7,GSE96804;GSE30528,2,0.26569417780279003,0.0,-2.6856213514345972,3.2170097070401775,0.45733787689639255,0.0
CXCL11,GSE104948_H7,GSE96804;GSE30528,2,0.3165491993066452,0.0,-2.6374324323031497,3.27053083091644,0.403274406830682,0.0
CXCL12,GSE104948_H7,GSE96804;GSE30528,2,-0.11594918524856873,0.0,-3.057543859520543,2.825645489023406,0.7044040947117061,0.0
CXCL13,GSE104948_H7,GSE96804;GSE30528,2,0.24544693822358177,0.02918683701303248,-3.14472657848067,3.6356204549278335,0.5265369925805236,17.63024106520923
CXCL16,GSE104948_H7,GSE96804;GSE30528,1,,,,,,
CXCL2,GSE104948_H7,GSE96804;GSE30528,2,-0.5763746515590481,0.0,-3.569289944705909,2.416540641587813,0.2469822820595706,0.0
CXCL3,GSE104948_H7,GSE96804;GSE30528,2,0.3251209236789092,0.6340625043250544,-7.569018707642692,8.21926055500051,0.6930739342472688,81.48503120916402
CXCL5,GSE104948_H7,GSE96804;GSE30528,2,0.1880425580395154,0.037034739604162585,-3.302015207810279,3.6781003238893097,0.6178256150504106,21.46489414599344
CXCL6,GSE104948_H7,GSE96804;GSE30528,2,1.0470344611902132,0.2736492445387284,-4.788020984153138,6.882089906533564,0.2631359306878034,62.317316730445484
CXCL8,GSE104948_H7,GSE96804;GSE30528,1,,,,,,
CXCL9,GSE104948_H7,GSE96804;GSE30528,2,-0.07961016671782292,0.17919143095847923,-5.018896109198932,4.859675775763286,0.871401375030413,57.25283867701015
CXCR1,GSE104948_H7,GSE96804;GSE30528,2,-1.2832084134256256,3.958585430063833,-19.52240875691291,16.955991930061657,0.5356141094478225,96.05341312473912
CXCR2,GSE104948_H7,GSE96804;GSE30528,2,-1.8704374594753104,2.9916322033479363,-17.86348503081871,14.122610111868088,0.37708815145400554,94.41260214654473
CXCR3,GSE104948_H7,GSE96804;GSE30528,2,0.9829542575359211,0.0,-2.127819343595685,4.093727858667528,0.1554001623716196,0.0
CXCR4,GSE104948_H7,GSE96804;GSE30528,2,-0.04705263981349553,2.2068227895494235,-13.836721159003368,13.742615879376377,0.9724161905596981,93.60982198204721
CXCR5,GSE104948_H7,GSE96804;GSE30528,2,0.40728897151019733,0.2970923868736064,-5.47757352128496,6.292151464305354,0.5407986975870657,67.58929340379063
CXCR6,GSE104948_H7,GSE96804;GSE30528,2,1.3736564370259012,0.0,-1.8767767647149118,4.624089638766714,0.1172143161334068,0.0
DAG1,GSE104948_H7,GSE96804;GSE30528,2,-0.5251418787948571,0.0,-3.515946062180493,2.4656623045907793,0.2682565095683416,0.0
DCN,GSE104948_H7,GSE96804;GSE30528,2,-1.5818626953455954,0.2662024987570609,-7.520329930567021,4.35660453987583,0.1828886772983939,57.50564942722636
DDR1,GSE104948_H7,GSE96804;GSE30528,2,-0.05357870922455678,0.02013903424274363,-3.3048174167876434,3.19765999833853,0.8685956868056479,13.170619815026354
DDR2,GSE104948_H7,GSE96804;GSE30528,2,1.026327633503769,0.0,-2.088272102521814,4.140927369529352,0.14925193301153247,0.0
DMD,GSE104948_H7,GSE96804;GSE30528,2,0.6158914367275854,0.04401314063663544,-3.0010929244528715,4.232875797908042,0.2756245868328327,24.624712814921622
DMP1,GSE104948_H7,GSE96804;GSE30528,2,0.38954835730274645,0.0,-2.579355468355646,3.358452182961139,0.3439561553879405,0.0
DOK2,GSE104948_H7,GSE96804;GSE30528,2,0.7530414039086767,1.4946890249582119,-10.814134235336262,12.320217043153615,0.560029462287748,89.89175737411243
DRP2,GSE104948_H7,GSE96804;GSE30528,2,0.7260872230129537,0.0,-2.2995027273212947,3.751677173347202,0.20174241764589435,0.0
DSPP,GSE104948_H7,GSE96804;GSE30528,2,0.18264310839639683,0.016675925247181447,-3.0261502706266086,3.3914364874194023,0.6013817530788145,10.975929580261617
DST,GSE104948_H7,GSE96804;GSE30528,1,,,,,,
DTNA,GSE104948_H7,GSE96804;GSE30528,2,-0.13956277052752805,0.8284900585244598,-8.957695822890571,8.678570281835515,0.8736618097027844,85.691121543599
DTNB,GSE104948_H7,GSE96804;GSE30528,2,0.5165755030179034,0.0,-2.4630843733101804,3.496235379345987,0.27129023423114657,0.0
E2F4,GSE104948_H7,GSE96804;GSE30528,2,0.3642488255411124,1.0815875206447179,-9.587280135805404,10.31577778688763,0.7228664282669954,87.8430287214337
E2F5,GSE104948_H7,GSE96804;GSE30528,2,0.5609802675357967,0.0,-2.4275228506099458,3.5494833856815386,0.2527408579151726,0.0
EFEMP1,GSE104948_H7,GSE96804;GSE30528,2,-1.9981285392479742,3.246533108952969,-18.839040117716525,14.842783039220576,0.3728589876616152,92.10930215163773
EFEMP2,GSE104948_H7,GSE96804;GSE30528,2,-0.934206950493656,0.0,-4.026705061878574,2.158291160891262,0.1622491496322888,0.0
EGLN1,GSE104948_H7,GSE96804;GSE30528,2,-0.4642569653729739,0.19946175055335574,-5.58363441904483,4.6551204882988815,0.45503290775054067,59.821105317406385
EGLN2,GSE104948_H7,GSE96804;GSE30528,2,0.30922879855704827,0.0,-2.6448637743262706,3.263321371440367,0.41041658658451813,0.0
EGLN3,GSE104948_H7,GSE96804;GSE30528,2,0.37516989132507134,0.7305757966166228,-8.010340017898292,8.760679800548436,0.670918704248305,83.31301053605874
ELANE,GSE104948_H7,GSE96804;GSE30528,2,-0.33365506451317,0.0,-3.292439563734146,2.6251294347078056,0.38790660689524614,0.0
ELN,GSE104948_H7,GSE96804;GSE30528,2,1.3864705452117123,1.0688937085556225,-8.546785228979267,11.319726319402694,0.32685071478728134,87.34780920866744
ELOB,GSE104948_H7,GSE96804;GSE30528,0,,,,,,
ELOC,GSE104948_H7,GSE96804;GSE30528,0,,,,,,
EMILIN1,GSE104948_H7,GSE96804;GSE30528,2,0.7805789002293435,0.0423753865890172,-2.8474040965268035,4.408561896985491,0.2232449620289069,23.58989185233545
EMILIN2,GSE104948_H7,GSE96804;GSE30528,2,0.008237324605803053,0.13799542036549128,-4.566561314792691,4.583035964004297,0.9854375511918848,50.732499591036564
EMILIN3,GSE104948_H7,GSE96804;GSE30528,1,,,,,,
EP300,GSE104948_H7,GSE96804;GSE30528,1,,,,,,
EPAS1,GSE104948_H7,GSE96804;GSE30528,2,-0.8141277160799273,0.0,-3.8631488924186046,2.23489346025875,0.18247575655707782,0.0
EPCAM,GSE104948_H7,GSE96804;GSE30528,2,0.09551066974164907,0.0,-2.8475991173998136,3.038620456883112,0.7510157457032771,0.0
EPO,GSE104948_H7,GSE96804;GSE30528,2,0.6774000934358874,0.0,-2.3437315113164856,3.6985316981882606,0.21490146801775076,0.0
ESAM,GSE104948_H7,GSE96804;GSE30528,1,,,,,,
F10,GSE104948_H7,GSE96804;GSE30528,2,0.785540046534257,0.0,-2.2595814206489395,3.8306615137174536,0.188512735684779,0.0
F11,GSE104948_H7,GSE96804;GSE30528,2,-0.8697782734013324,0.12703046994431483,-5.411825339973701,3.6722687931710367,0.24824428123023096,47.70419862102292
F11R,GSE104948_H7,GSE96804;GSE30528,1,,,,,,
F12,GSE104948_H7,GSE96804;GSE30528,2,0.7613905366709989,1.2876423475358214,-10.049542171314823,11.572323244656822,0.535284215021839,88.58158961659652
F13A1,GSE104948_H7,GSE96804;GSE30528,2,0.26428925599022807,0.0,-2.6928296477208757,3.2214081597013315,0.4596311334338504,0.0
F13B,GSE104948_H7,GSE96804;GSE30528,2,-0.03842575365167134,1.3314738359882867,-10.940337611137508,10.863486103834166,0.9715078256404723,90.26916866680165
F2,GSE104948_H7,GSE96804;GSE30528,2,0.293442281800725,0.0,-2.655172555363741,3.2420571189651914,0.4259752436672373,0.0
F2R,GSE104948_H7,GSE96804;GSE30528,2,-1.8233157820432115,2.117073053164298,-15.59934375499353,11.952712190907107,0.3415217231795657,89.60930462535616
F3,GSE104948_H7,GSE96804;GSE30528,2,-1.480464171368539,0.7438765468066526,-10.132046318596528,7.171117975859451,0.2744291267787871,78.98853398800594
F5,GSE104948_H7,GSE96804;GSE30528,2,-1.4889136158945544,2.1437730064763785,-15.27523047881023,12.29740324702112,0.4009079013352909,90.71683032886978
F7,GSE104948_H7,GSE96804;GSE30528,2,0.36206883888178076,0.045218990795934146,-3.2499090918536204,3.974046769617182,0.4237366532456211,24.578425371564524
F8,GSE104948_H7,GSE96804;GSE30528,2,-0.295098819222201,0.03134182307265588,-3.7192541577700626,3.1290565193256605,0.4711400715660609,18.587144798506444
F9,GSE104948_H7,GSE96804;GSE30528,2,-0.051429726928118105,0.0,-2.989930305454884,2.887070851598647,0.8606926518154834,0.0
FBLN1,GSE104948_H7,GSE96804;GSE30528,2,1.484771852975934,0.5781623695653962,-6.332407033610375,9.301950739562242,0.2500778324382236,74.73548849825198
FBLN2,GSE104948_H7,GSE96804;GSE30528,2,0.6902694812534874,0.0,-2.3255538554375668,3.706092817944542,0.21084029974170215,0.0
FBLN5,GSE104948_H7,GSE96804;GSE30528,2,1.1740328177208001,0.0,-1.9930488381717983,4.341114473613398,0.13318097844238214,0.0
FBN1,GSE104948_H7,GSE96804;GSE30528,2,0.9208853486131225,0.8475665231261192,-8.008549731236117,9.850320428462362,0.414984404371565,85.61849107037148
FBN2,GSE104948_H7,GSE96804;GSE30528,2,0.820658578166108,0.0,-2.228217520107508,3.8695346764397236,0.181092809557047,0.0
FBN3,GSE104948_H7,GSE96804;GSE30528,1,,,,,,
FCAMR,GSE104948_H7,GSE96804;GSE30528,1,,,,,,
FCER1G,GSE104948_H7,GSE96804;GSE30528,2,0.9114963997520367,0.6062710769279762,-6.921259162978189,8.744251962482263,0.3785639712300488,78.71910883569213
FCN1,GSE104948_H7,GSE96804;GSE30528,2,-0.022333819585290494,0.9011135733604202,-9.1745213504673,9.12985371129672,0.9802669168961763,86.53821633718397
FCN2,GSE104948_H7,GSE96804;GSE30528,2,0.1680391364554337,0.0,-2.770847780798847,3.106926053709715,0.6000122866009555,0.0
FCN3,GSE104948_H7,GSE96804;GSE30528,2,-0.5624191303144206,0.0,-3.5549584613242136,2.430120200695373,0.25246585026803026,0.0
FGA,GSE104948_H7,GSE96804;GSE30528,2,0.13436042675810372,0.0,-2.803894354278666,3.072615207794873,0.6649130237167443,0.0
FGB,GSE104948_H7,GSE96804;GSE30528,2,0.24635369425097187,0.0,-2.7030143390286323,3.195721727530576,0.4810677485943672,0.0
FGF2,GSE104948_H7,GSE96804;GSE30528,2,0.9611259293838769,0.0,-2.133343727303049,4.055595586070803,0.15798804094108,0.0
FGG,GSE104948_H7,GSE96804;GSE30528,2,0.5093621828457131,0.14164275901416803,-4.146391187739992,5.165115553431418,0.3969977877943801,49.69693674353536
FKBP1A,GSE104948_H7,GSE96804;GSE30528,2,0.3988641935039343,0.0,-2.567422310181055,3.365150697188924,0.33711194036949205,0.0
FMOD,GSE104948_H7,GSE96804;GSE30528,2,1.6979981816910377,0.9651372127319995,-8.00823424306197,11.404230606444045,0.269134148065473,81.634876049405
FN1,GSE104948_H7,GSE96804;GSE30528,2,1.2287558825317355,0.6673838563647345,-6.877344850006675,9.334856615070146,0.3048679515451866,81.72346568296123
FURIN,GSE104948_H7,GSE96804;GSE30528,2,0.019995750606349623,0.0,-2.918544128327045,2.9585356295397442,0.9450935474330665,0.0
FYN,GSE104948_H7,GSE96804;GSE30528,2,-1.0633825418202671,2.205855061518638,-14.960399590297047,12.833634506656512,0.5089525186748545,91.977767314991
GAS6,GSE104948_H7,GSE96804;GSE30528,2,-1.5891491132105307,0.5688250255980201,-9.253273100075702,6.074974873654642,0.23094253381142607,77.83099058555634
GDF5,GSE104948_H7,GSE96804;GSE30528,2,0.7015397081757532,0.0,-2.316710527173769,3.7197899435252753,0.20784564105397113,0.0
GLG1,GSE104948_H7,GSE96804;GSE30528,2,0.7683957663458906,2.931880476911222,-15.084221185628731,16.62101271832051,0.6485743838188456,94.0619076005438
GP1BA,GSE104948_H7,GSE96804;GSE30528,2,0.21883513693048637,0.0,-2.7309821516024586,3.1686524254634314,0.5187978134420904,0.0
GP1BB,GSE104948_H7,GSE96804;GSE30528,1,,,,,,
GP5,GSE104948_H7,GSE96804;GSE30528,2,-0.17487619092637854,0.0,-3.117721252951237,2.7679688710984798,0.5882794839886275,0.0
GP6,GSE104948_H7,GSE96804;GSE30528,2,0.1298293043404921,0.0,-2.807186873718747,3.0668454823997315,0.6742036388117729,0.0
GP9,GSE104948_H7,GSE96804;GSE30528,2,0.3356047255049679,0.04558222418008939,-3.2777545500747207,3.948964001084657,0.4475173320585863,24.801406441201877
GPC1,GSE104948_H7,GSE96804;GSE30528,2,0.7982738190384656,0.0,-2.2551216359676487,3.8516692740445797,0.18615080605065695,0.0
GPC2,GSE104948_H7,GSE96804;GSE30528,1,,,,,,
GPC3,GSE104948_H7,GSE96804;GSE30528,2,0.09223173909278344,0.0,-2.8461260734858826,3.0305895516714494,0.7584025931351838,0.0
GPC4,GSE104948_H7,GSE96804;GSE30528,2,0.22678361475312217,0.18411095156315216,-4.769594519706368,5.223161749212613,0.66696310578844,57.248654831735536
GPC5,GSE104948_H7,GSE96804;GSE30528,2,-0.6880382698589191,0.0,-3.704296126959229,2.3282195872413904,0.21150317293077628,0.0
GPC6,GSE104948_H7,GSE96804;GSE30528,1,,,,,,
GRB14,GSE104948_H7,GSE96804;GSE30528,2,0.11139453462245515,0.08049204361640355,-3.8907511804356942,4.113540249680605,0.7835923660928219,37.38605419356211
GRB2,GSE104948_H7,GSE96804;GSE30528,2,-0.9420088659988946,2.1156400191301343,-14.458181035566787,12.574163303568996,0.5385915577968847,93.45404729972626
GRB7,GSE104948_H7,GSE96804;GSE30528,2,0.18763166195578057,2.1228941720170234,-13.36543287643313,13.740696200344692,0.8891478767721386,93.19424135569531
GYPA,GSE104948_H7,GSE96804;GSE30528,2,-0.6793029612595587,1.1503326618378236,-10.879882084883265,9.521276162364147,0.5529255971038427,89.11895577051142
GYPB,GSE104948_H7,GSE96804;GSE30528,2,0.02041501792311477,0.7531560718934053,-8.447769204279695,8.488599240125925,0.9805051606981581,84.37292427742108
GYPC,GSE104948_H7,GSE96804;GSE30528,2,0.8387451601017945,0.5705199125354653,-6.789527780806057,8.467018101009646,0.3954930979370176,78.07194092277432
GZMM,GSE104948_H7,GSE96804;GSE30528,2,1.1620387733074298,0.3860442727344977,-5.368237322553925,7.692314869168784,0.2650971058003855,72.43232358147587
HAPLN1,GSE104948_H7,GSE96804;GSE30528,2,0.7186961215660876,2.2834547332552178,-13.358634778598914,14.79602702173109,0.633652333238935,92.86080051756446
HDAC1,GSE104948_H7,GSE96804;GSE30528,2,-1.332339004007667,1.8887312647130652,-14.307809460612424,11.64313145259709,0.416321266546889,90.21203810438796
HIF1A,GSE104948_H7,GSE96804;GSE30528,2,0.9921516307890728,0.0,-2.1084326699367995,4.0927359315149445,0.15353027092504637,0.0
HIF1AN,GSE104948_H7,GSE96804;GSE30528,2,0.25648178312819786,0.17221524731803395,-4.6409470772851025,5.153910643541498,0.6262100141566861,55.532133988893804
HIF3A,GSE104948_H7,GSE96804;GSE30528,2,0.43472158421620005,0.0,-2.531706785353929,3.401149953786329,0.31375096832867705,0.0
HIGD1A,GSE104948_H7,GSE96804;GSE30528,2,-0.18925018987751596,0.17218149056332258,-5.080682893216351,4.702182513461319,0.7091227606810665,55.735125072195146
HRAS,GSE104948_H7,GSE96804;GSE30528,2,-0.7317447847289231,0.28123445539236325,-6.4988392415685095,5.035349672110662,0.3534459262314961,67.20522292526041
HSPG2,GSE104948_H7,GSE96804;GSE30528,2,0.7525272576694173,0.7694103785410735,-7.800522946671871,9.305577462010705,0.46458669248310136,84.65866413210973
HTRA1,GSE104948_H7,GSE96804;GSE30528,2,-1.8207541594250753,0.29991737185670814,-8.080519133014922,4.439010814164773,0.1682264856600086,58.25359018035131
IBSP,GSE104948_H7,GSE96804;GSE30528,2,0.38130466311404887,0.0,-2.5812667046474456,3.3438760308755437,0.349387439671326,0.0
ICAM1,GSE104948_H7,GSE96804;GSE30528,2,-0.1054394834002563,0.0,-3.043722761918639,2.8328437951181265,0.7276552865558626,0.0
ICAM2,GSE104948_H7,GSE96804;GSE30528,2,-0.3028299128972659,0.0,-3.2526855545145046,2.647025728719973,0.416387528720272,0.0
ICAM3,GSE104948_H7,GSE96804;GSE30528,2,0.34005786856493064,5.968249916870895,-21.96336539535392,22.64348113248378,0.8781766784600367,96.82315325622152
ICAM4,GSE104948_H7,GSE96804;GSE30528,2,-0.5934569871336238,0.0,-3.588103658047032,2.401189683779784,0.24066516139432734,0.0
ICAM5,GSE104948_H7,GSE96804;GSE30528,2,-0.0831400479666432,0.345191557441253,-6.263201699336437,6.096921603403151,0.8922205019754375,71.87874361692698
IGHA1,GSE104948_H7,GSE96804;GSE30528,2,0.9016415020512377,0.0,-2.178562591492806,3.9818455955952814,0.16720884694914,0.0
IGHA2,GSE104948_H7,GSE96804;GSE30528,0,,,,,,
IGHG1,GSE104948_H7,GSE96804;GSE30528,1,,,,,,
IGHG2,GSE104948_H7,GSE96804;GSE30528,0,,,,,,
IGHG3,GSE104948_H7,GSE96804;GSE30528,0,,,,,,
IGHG4,GSE104948_H7,GSE96804;GSE30528,1,,,,,,
IGHM,GSE104948_H7,GSE96804;GSE30528,2,0.8214217046440258,0.5871943739957821,-6.893505852838628,8.53634926212668,0.40523385599425416,78.61423576926025
IGHV1-2,GSE104948_H7,GSE96804;GSE30528,0,,,,,,
IGHV1-46,GSE104948_H7,GSE96804;GSE30528,1,,,,,,
IGHV1-69,GSE104948_H7,GSE96804;GSE30528,1,,,,,,
IGHV2-5,GSE104948_H7,GSE96804;GSE30528,1,,,,,,
IGHV2-70,GSE104948_H7,GSE96804;GSE30528,1,,,,,,
IGHV3-11,GSE104948_H7,GSE96804;GSE30528,1,,,,,,
IGHV3-13,GSE104948_H7,GSE96804;GSE30528,1,,,,,,
IGHV3-23,GSE104948_H7,GSE96804;GSE30528,1,,,,,,
IGHV3-30,GSE104948_H7,GSE96804;GSE30528,1,,,,,,
IGHV3-33,GSE104948_H7,GSE96804;GSE30528,1,,,,,,
IGHV3-48,GSE104948_H7,GSE96804;GSE30528,1,,,,,,
IGHV3-53,GSE104948_H7,GSE96804;GSE30528,1,,,,,,
IGHV3-7,GSE104948_H7,GSE96804;GSE30528,1,,,,,,
IGHV3-9,GSE104948_H7,GSE96804;GSE30528,1,,,,,,
IGHV4-34,GSE104948_H7,GSE96804;GSE30528,1,,,,,,
IGHV4-39,GSE104948_H7,GSE96804;GSE30528,1,,,,,,
IGHV4-59,GSE104948_H7,GSE96804;GSE30528,1,,,,,,
IGHV7-81,GSE104948_H7,GSE96804;GSE30528,1,,,,,,
IGKC,GSE104948_H7,GSE96804;GSE30528,1,,,,,,
IGKV1-12,GSE104948_H7,GSE96804;GSE30528,0,,,,,,
IGKV1-16,GSE104948_H7,GSE96804;GSE30528,0,,,,,,
IGKV1-17,GSE104948_H7,GSE96804;GSE30528,2,0.8377541415895775,0.0,-2.221968625167359,3.8974769083465146,0.178187260919139,0.0
IGKV1-33,GSE104948_H7,GSE96804;GSE30528,0,,,,,,
IGKV1-39,GSE104948_H7,GSE96804;GSE30528,0,,,,,,
IGKV1-5,GSE104948_H7,GSE96804;GSE30528,1,,,,,,
IGKV1D-12,GSE104948_H7,GSE96804;GSE30528,1,,,,,,
IGKV1D-16,GSE104948_H7,GSE96804;GSE30528,1,,,,,,
IGKV1D-33,GSE104948_H7,GSE96804;GSE30528,1,,,,,,
IGKV1D-39,GSE104948_H7,GSE96804;GSE30528,1,,,,,,
IGKV2-28,GSE104948_H7,GSE96804;GSE30528,1,,,,,,
IGKV2-29,GSE104948_H7,GSE96804;GSE30528,1,,,,,,
IGKV2-30,GSE104948_H7,GSE96804;GSE30528,0,,,,,,
IGKV2D-28,GSE104948_H7,GSE96804;GSE30528,1,,,,,,
IGKV2D-30,GSE104948_H7,GSE96804;GSE30528,1,,,,,,
IGKV2D-40,GSE104948_H7,GSE96804;GSE30528,1,,,,,,
IGKV3-11,GSE104948_H7,GSE96804;GSE30528,1,,,,,,
IGKV3-15,GSE104948_H7,GSE96804;GSE30528,0,,,,,,
IGKV3-20,GSE104948_H7,GSE96804;GSE30528,0,,,,,,
IGKV3D-20,GSE104948_H7,GSE96804;GSE30528,1,,,,,,
IGKV4-1,GSE104948_H7,GSE96804;GSE30528,1,,,,,,
IGKV5-2,GSE104948_H7,GSE96804;GSE30528,1,,,,,,
IGLC1,GSE104948_H7,GSE96804;GSE30528,1,,,,,,
IGLC2,GSE104948_H7,GSE96804;GSE30528,0,,,,,,
IGLC3,GSE104948_H7,GSE96804;GSE30528,0,,,,,,
IGLC6,GSE104948_H7,GSE96804;GSE30528,0,,,,,,
IGLC7,GSE104948_H7,GSE96804;GSE30528,1,,,,,,
IGLL1,GSE104948_H7,GSE96804;GSE30528,2,0.6781236012242341,0.0,-2.334791690525727,3.6910388929741953,0.21414842353885824,0.0
IGLV1-36,GSE104948_H7,GSE96804;GSE30528,0,,,,,,
IGLV1-40,GSE104948_H7,GSE96804;GSE30528,0,,,,,,
IGLV1-44,GSE104948_H7,GSE96804;GSE30528,1,,,,,,
IGLV1-47,GSE104948_H7,GSE96804;GSE30528,0,,,,,,
IGLV1-51,GSE104948_H7,GSE96804;GSE30528,0,,,,,,
IGLV10-54,GSE104948_H7,GSE96804;GSE30528,1,,,,,,
IGLV11-55,GSE104948_H7,GSE96804;GSE30528,1,,,,,,
IGLV2-11,GSE104948_H7,GSE96804;GSE30528,0,,,,,,
IGLV2-14,GSE104948_H7,GSE96804;GSE30528,0,,,,,,
IGLV2-18,GSE104948_H7,GSE96804;GSE30528,1,,,,,,
IGLV2-23,GSE104948_H7,GSE96804;GSE30528,0,,,,,,
IGLV2-33,GSE104948_H7,GSE96804;GSE30528,1,,,,,,
IGLV2-8,GSE104948_H7,GSE96804;GSE30528,0,,,,,,
IGLV3-1,GSE104948_H7,GSE96804;GSE30528,1,,,,,,
IGLV3-12,GSE104948_H7,GSE96804;GSE30528,1,,,,,,
IGLV3-16,GSE104948_H7,GSE96804;GSE30528,1,,,,,,
IGLV3-19,GSE104948_H7,GSE96804;GSE30528,0,,,,,,
IGLV3-21,GSE104948_H7,GSE96804;GSE30528,0,,,,,,
IGLV3-22,GSE104948_H7,GSE96804;GSE30528,1,,,,,,
IGLV3-25,GSE104948_H7,GSE96804;GSE30528,1,,,,,,
IGLV3-27,GSE104948_H7,GSE96804;GSE30528,1,,,,,,
IGLV4-3,GSE104948_H7,GSE96804;GSE30528,1,,,,,,
IGLV4-60,GSE104948_H7,GSE96804;GSE30528,2,0.24373203461089799,0.8922291979402188,-8.885488797906305,9.372952867128102,0.7917944698255874,86.03851834022198
IGLV4-69,GSE104948_H7,GSE96804;GSE30528,1,,,,,,
IGLV5-37,GSE104948_H7,GSE96804;GSE30528,1,,,,,,
IGLV5-45,GSE104948_H7,GSE96804;GSE30528,0,,,,,,
IGLV6-57,GSE104948_H7,GSE96804;GSE30528,2,0.6765144795826485,0.0,-2.3367315735168948,3.6897605326821914,0.21464191533297694,0.0
IGLV7-43,GSE104948_H7,GSE96804;GSE30528,1,,,,,,
IGLV7-46,GSE104948_H7,GSE96804;GSE30528,1,,,,,,
IGLV8-61,GSE104948_H7,GSE96804;GSE30528,0,,,,,,
INPP5D,GSE104948_H7,GSE96804;GSE30528,2,1.333500183089079,0.0,-1.8961684506864267,4.563168816864584,0.11990863797178104,0.0
ITGA1,GSE104948_H7,GSE96804;GSE30528,2,0.11850099932322265,0.9331261694837937,-9.171737211138979,9.408739209785423,0.8977104905405948,87.00704710614629
ITGA10,GSE104948_H7,GSE96804;GSE30528,1,,,,,,
ITGA11,GSE104948_H7,GSE96804;GSE30528,1,,,,,,
ITGA2,GSE104948_H7,GSE96804;GSE30528,2,0.7873497140995952,0.0,-2.2631864141839575,3.837885842383148,0.1884195584457645,0.0
ITGA2B,GSE104948_H7,GSE96804;GSE30528,2,0.7795731599333656,0.0,-2.2590168752103597,3.818163195077091,0.18948825468898164,0.0
ITGA3,GSE104948_H7,GSE96804;GSE30528,2,-1.7715068590403396,0.9679425825211886,-11.509548237873943,7.966534519793264,0.25993976471308927,81.28276883731404
ITGA4,GSE104948_H7,GSE96804;GSE30528,2,0.9350150443331603,0.0,-2.1560640665944457,4.0260941552607665,0.16204369636563185,0.0
ITGA5,GSE104948_H7,GSE96804;GSE30528,2,0.8186161464223145,1.3736034391264593,-10.241154750724748,11.878387043569377,0.5195204686940998,90.57020466099016
ITGA6,GSE104948_H7,GSE96804;GSE30528,2,0.6049685969678149,0.0,-2.3917482857974273,3.6016854797330575,0.2366477885936804,0.0
ITGA7,GSE104948_H7,GSE96804;GSE30528,2,0.6608207727081413,0.0,-2.3480289534729493,3.6696704988892317,0.219054118944797,0.0
ITGA8,GSE104948_H7,GSE96804;GSE30528,2,-1.0270675491741688,0.040982867919896984,-4.7299315556565125,2.6757964573081745,0.17600935052539737,20.26276106629416
ITGA9,GSE104948_H7,GSE96804;GSE30528,2,0.07015772727714256,1.766435553555644,-12.350000490645357,12.490315945199644,0.9543857784199505,92.33501911921529
ITGAD,GSE104948_H7,GSE96804;GSE30528,1,,,,,,
ITGAE,GSE104948_H7,GSE96804;GSE30528,2,0.2785411099770994,0.0,-2.6741435044100244,3.2312257243642235,0.44263968596477493,0.0
ITGAL,GSE104948_H7,GSE96804;GSE30528,2,0.7893143395247055,0.4975924109618053,-6.423807110880723,8.002435789930134,0.3969352378009513,75.98713942924967
ITGAM,GSE104948_H7,GSE96804;GSE30528,2,0.7197998014644861,0.2991643071442975,-5.227190599900758,6.66679020282973,0.36703656830233394,66.30969336470758
ITGAV,GSE104948_H7,GSE96804;GSE30528,2,-0.9167977086254369,0.9791653808158338,-10.51205263833209,8.678457221081217,0.4386462153068803,85.27166366958909
ITGAX,GSE104948_H7,GSE96804;GSE30528,2,0.861126162379717,0.4754396936924241,-6.237035510457525,7.959287835216959,0.3663626741074022,74.83134208461313
ITGB1,GSE104948_H7,GSE96804;GSE30528,2,0.5707178704711299,0.0,-2.4252872296274504,3.5667229705697103,0.2494205463214379,0.0
ITGB2,GSE104948_H7,GSE96804;GSE30528,2,1.003196536978667,0.9170513109710062,-8.33772609670065,10.344119170657983,0.40260127628611275,84.16801481285539
ITGB3,GSE104948_H7,GSE96804;GSE30528,2,-0.5222982404511386,1.2651776028681898,-11.217484206856136,10.172887725953858,0.6464460573306138,88.99124434354022
ITGB4,GSE104948_H7,GSE96804;GSE30528,2,0.7680567994215846,0.0,-2.2682600149764434,3.8043736138196125,0.1920259526219276,0.0
ITGB5,GSE104948_H7,GSE96804;GSE30528,2,-1.1858929842497474,0.0,-4.357562177704782,1.9857762092052877,0.13207260465694493,0.0
ITGB6,GSE104948_H7,GSE96804;GSE30528,2,1.1458754516983303,0.08191816647489045,-3.0663256814725592,5.35807658486922,0.1792824122137157,32.8302613247681
ITGB7,GSE104948_H7,GSE96804;GSE30528,2,1.170056897694916,4.18186298440939,-17.675850087913705,20.015963883303538,0.5747903202573771,94.93959747255364
ITGB8,GSE104948_H7,GSE96804;GSE30528,2,-0.39981857194736736,0.09643657124453159,-4.5985798747096815,3.7989427308149466,0.4397077796141891,40.76890479846289
JAM2,GSE104948_H7,GSE96804;GSE30528,2,0.3475815069073617,1.1767521235784018,-9.952132581719585,10.64729559553431,0.7421189075690898,89.39022308053869
JAM3,GSE104948_H7,GSE96804;GSE30528,2,-1.2654975270700228,2.2672246286894975,-15.374246515186377,12.84325146104633,0.45849569004589613,91.68578405287543
JAML,GSE104948_H7,GSE96804;GSE30528,0,,,,,,
JCHAIN,GSE104948_H7,GSE96804;GSE30528,0,,,,,,
JUNB,GSE104948_H7,GSE96804;GSE30528,2,-1.271165868359345,1.645745711261275,-13.318059363646105,10.775727626927415,0.4079751634533412,91.50099360802577
KDR,GSE104948_H7,GSE96804;GSE30528,2,-1.206088594566585,0.0,-4.387107600856961,1.974930411723791,0.1302948871210832,0.0
KLK2,GSE104948_H7,GSE96804;GSE30528,2,0.11888482992356113,0.0,-2.827616465080467,3.065386124927589,0.6984140817340476,0.0
KLK7,GSE104948_H7,GSE96804;GSE30528,2,-1.6719482049386993,0.9477081339318211,-11.296700604657708,7.95280419478031,0.27081266160629613,81.51863706380432
KLKB1,GSE104948_H7,GSE96804;GSE30528,2,0.2132782685169566,0.10271699019567467,-4.019226919703254,4.445783456737168,0.6374408403154909,43.62693854992946
KNG1,GSE104948_H7,GSE96804;GSE30528,2,-0.5280840848357613,0.6084616725281065,-8.26394721422345,7.207779044551928,0.5451359579652689,81.67742166752365
KRAS,GSE104948_H7,GSE96804;GSE30528,2,0.6155573226048281,0.0,-2.3847772511406706,3.615891896350327,0.23319012028143582,0.0
L1CAM,GSE104948_H7,GSE96804;GSE30528,2,0.9682005358634937,0.0,-2.124998374940331,4.061399446667319,0.15681811025617692,0.0
LAMA1,GSE104948_H7,GSE96804;GSE30528,2,0.30646894741003344,0.09572194198244781,-3.8583777843181335,4.4713156791382005,0.5213831983274728,41.90337804485336
LAMA2,GSE104948_H7,GSE96804;GSE30528,2,1.011397258391831,0.0,-2.0953254823859035,4.118119999169565,0.15100504303661327,0.0
LAMA3,GSE104948_H7,GSE96804;GSE30528,2,0.29922964753016185,0.0,-2.6544252211439994,3.252884516204323,0.42046646741941796,0.0
LAMA4,GSE104948_H7,GSE96804;GSE30528,2,0.8992309048332026,0.4891910102738271,-6.210065449999037,8.008527259665442,0.35433820412735834,77.6512067498388
LAMA5,GSE104948_H7,GSE96804;GSE30528,1,,,,,,
LAMB1,GSE104948_H7,GSE96804;GSE30528,2,0.6852818888567153,0.0,-2.3300283541461857,3.700592131859616,0.21223046143661406,0.0
LAMB2,GSE104948_H7,GSE96804;GSE30528,2,-1.1500107044257168,0.0,-4.318706580422785,2.0186851715713514,0.13594720477867353,0.0
LAMB3,GSE104948_H7,GSE96804;GSE30528,1,,,,,,
LAMC1,GSE104948_H7,GSE96804;GSE30528,2,1.094523254782595,0.0,-2.0408167192297757,4.229863228794965,0.1411637723169422,0.0
LAMC2,GSE104948_H7,GSE96804;GSE30528,2,1.1064246671102191,0.0,-2.0425344998157233,4.255383834036161,0.14028123353307434,0.0
LAMC3,GSE104948_H7,GSE96804;GSE30528,2,1.338334372731144,0.0,-1.9022100270123505,4.5788787724746385,0.11987856805822736,0.0
LCK,GSE104948_H7,GSE96804;GSE30528,2,1.3714456733580958,1.8922372565021808,-11.622367347738683,14.365258694454875,0.40789448700728137,90.1136013035952
LIMD1,GSE104948_H7,GSE96804;GSE30528,2,0.6886847139093402,0.2888561498469436,-5.127893053385639,6.505262481204319,0.3734702770406228,67.8863359750446
LOX,GSE104948_H7,GSE96804;GSE30528,2,-1.062149805574093,0.8442694462137661,-9.990274230861171,7.865974619712986,0.3720709115889142,85.31908391086246
LOXL1,GSE104948_H7,GSE96804;GSE30528,2,-0.2769150152093715,0.5537107290524761,-7.736741388175639,7.182911357756896,0.7194265485959223,79.57135540712375
LOXL2,GSE104948_H7,GSE96804;GSE30528,2,0.7144741363298033,0.28298405309728286,-5.063155529966054,6.492103802625661,0.3608189022332464,67.3819344941789
LOXL3,GSE104948_H7,GSE96804;GSE30528,1,,,,,,
LOXL4,GSE104948_H7,GSE96804;GSE30528,1,,,,,,
LRP4,GSE104948_H7,GSE96804;GSE30528,2,-0.860091473616073,1.723387392033132,-13.224019419404117,11.50383647217197,0.5391830645431227,90.74745011252797
LTBP1,GSE104948_H7,GSE96804;GSE30528,2,1.514856438798967,0.0,-1.7975206345828862,4.82723351218082,0.10849243652333673,0.0
LTBP2,GSE104948_H7,GSE96804;GSE30528,2,0.7100300950686697,0.0,-2.31160751753096,3.731667707668299,0.20574526044976713,0.0
LTBP3,GSE104948_H7,GSE96804;GSE30528,2,-0.1766369952231337,0.0,-3.1247409549603473,2.7714669645140804,0.5857561348161298,0.0
LTBP4,GSE104948_H7,GSE96804;GSE30528,2,0.13887045758726516,0.0,-2.8034132217953913,3.081154136969922,0.6560941042253415,0.0
LUM,GSE104948_H7,GSE96804;GSE30528,2,1.6373366012250745,0.0,-1.7430965480542011,5.01776975050435,0.1025462081103235,0.0
LYN,GSE104948_H7,GSE96804;GSE30528,2,0.2701222637729614,0.12772065607410377,-4.225158663051136,4.765403190597059,0.5848623048107602,48.11707874789566
MADCAM1,GSE104948_H7,GSE96804;GSE30528,2,-0.09915775448097522,0.6880907197678378,-8.242356725269238,8.044041216307287,0.9022768177702435,83.3346569075563
MAG,GSE104948_H7,GSE96804;GSE30528,2,-0.13492479213480651,0.0,-3.0720280713913937,2.8021784871217807,0.6636440621064779,0.0
MAPK1,GSE104948_H7,GSE96804;GSE30528,2,0.30159767759313494,1.8734092355888639,-12.48766087250052,13.090856227686789,0.814663651919934,92.3224995591294
MAPK3,GSE104948_H7,GSE96804;GSE30528,2,-0.076534514388863,1.8248536452673916,-12.686521580027637,12.533452551249912,0.9510018234656054,92.54432551828762
MASP1,GSE104948_H7,GSE96804;GSE30528,2,0.02442024332213038,1.8139583305232794,-12.555121541067212,12.603962027711471,0.9843002375064186,92.42610101416192
MASP2,GSE104948_H7,GSE96804;GSE30528,2,0.7611068656367734,0.2739207258484894,-4.956979827194882,6.479193558468429,0.3399416441102833,66.5513626884829
MATN1,GSE104948_H7,GSE96804;GSE30528,2,0.733267415811007,0.5635978731749587,-6.839186624306292,8.305721455928305,0.43447309324821903,78.33110086093077
MATN3,GSE104948_H7,GSE96804;GSE30528,2,-0.933002836974735,0.0,-4.0229212609934795,2.156915587044009,0.16231986613968455,0.0
MATN4,GSE104948_H7,GSE96804;GSE30528,2,0.2839857204361465,0.0,-2.6724808260173982,3.2404522668896916,0.4369878331715971,0.0
MBL2,GSE104948_H7,GSE96804;GSE30528,2,0.4594266608611906,0.0,-2.522700584905897,3.4415539066282785,0.30066951287534716,0.0
MEN1,GSE104948_H7,GSE96804;GSE30528,2,0.4011996462260966,0.0,-2.560908498659102,3.3633077911112954,0.33510400838500626,0.0
MERTK,GSE104948_H7,GSE96804;GSE30528,2,0.4682941881312929,0.2585308197800601,-5.109903354346457,6.046491730609043,0.47946221778668346,65.81303575507226
MFAP2,GSE104948_H7,GSE96804;GSE30528,2,1.3865505210354463,0.0,-1.8695285927905367,4.6426296348614295,0.11634571858343391,0.0
MFAP3,GSE104948_H7,GSE96804;GSE30528,2,-0.8880760668748492,0.10709728551635625,-5.288149063872872,3.5119969301231735,0.23669582857804836,40.70910891565235
MFAP4,GSE104948_H7,GSE96804;GSE30528,2,1.729609384902532,0.5466018102618102,-5.989950567811091,9.449169337616155,0.2150481522580289,72.02100352109852
MFAP5,GSE104948_H7,GSE96804;GSE30528,2,0.08525709081140403,1.2946383298005326,-10.684475307645936,10.854989489268743,0.9361790506250377,89.91143412316482
MIF,GSE104948_H7,GSE96804;GSE30528,2,-0.5470417566247247,1.1433393488363346,-10.715678527827201,9.621595014577753,0.6182804198049885,89.12058070367657
MMP1,GSE104948_H7,GSE96804;GSE30528,2,0.6966497521274354,0.12694625336215867,-3.854374960137197,5.247674464392068,0.3023263626444648,46.00733583218628
MMP10,GSE104948_H7,GSE96804;GSE30528,2,0.5144196367423084,0.29689106807937515,-5.343832890291674,6.37267216377629,0.4652071884108235,68.77190620117713
MMP11,GSE104948_H7,GSE96804;GSE30528,2,2.0466376466644083,1.696987648416219,-10.468624017895927,14.561899311224742,0.28555360390085616,86.77237274260223
MMP12,GSE104948_H7,GSE96804;GSE30528,2,0.8329816590897616,0.0,-2.2233737501813025,3.8893370683608257,0.17896831423806472,0.0
MMP13,GSE104948_H7,GSE96804;GSE30528,2,0.8029188920251398,0.21681579715177848,-4.491919054139439,6.097756838189719,0.30476881484561996,61.070442115146164
MMP14,GSE104948_H7,GSE96804;GSE30528,2,0.8119013112359013,0.0,-2.234582413110585,3.8583850355823874,0.18280506134412802,0.0
MMP15,GSE104948_H7,GSE96804;GSE30528,2,-0.6224201839625444,1.8921050979769234,-13.440092209956198,12.195251842031109,0.64805675285747,92.91536408716284
MMP16,GSE104948_H7,GSE96804;GSE30528,2,0.14827601710313837,0.0,-2.7978319964435827,3.09438403064986,0.6377914653213858,0.0
MMP17,GSE104948_H7,GSE96804;GSE30528,2,0.8219518791433089,0.009476676712669425,-2.3897648309285087,4.033668589215127,0.1899307783509195,5.86101481680876
MMP19,GSE104948_H7,GSE96804;GSE30528,2,0.8029337483177712,0.0,-2.242106185182953,3.8479736818184955,0.18465187106087327,0.0
MMP2,GSE104948_H7,GSE96804;GSE30528,2,1.5700402888286158,0.0,-1.774572533730744,4.914653111387976,0.10574964658838658,0.0
MMP20,GSE104948_H7,GSE96804;GSE30528,2,-0.0037346049141665123,0.0,-2.940040274990152,2.9325710651618193,0.9897126961173034,0.0
MMP24,GSE104948_H7,GSE96804;GSE30528,2,-0.008817700585394725,0.0,-2.942839971208401,2.9252045700376117,0.9757016405952161,0.0
MMP25,GSE104948_H7,GSE96804;GSE30528,2,-0.20596841608951094,1.2280501817620724,-10.708451489704412,10.296514657525389,0.844529266193972,89.71268500899312
MMP3,GSE104948_H7,GSE96804;GSE30528,2,0.8622652260955624,0.0,-2.2082911448980527,3.932821597089178,0.17395592484605724,0.0
MMP7,GSE104948_H7,GSE96804;GSE30528,2,1.18223572151541,0.0606662594929407,-2.806409534578666,5.170880977609486,0.16522591281783178,26.390538212076564
MMP8,GSE104948_H7,GSE96804;GSE30528,2,-0.24085723694337519,0.39081595637897265,-6.71629819897859,6.23458372509184,0.7189327298102848,74.38041847698062
MMP9,GSE104948_H7,GSE96804;GSE30528,2,0.17239761386664293,0.04323675725185028,-3.3963190510179184,3.7411142787512044,0.6495324271029133,24.214444068726806
MTMR4,GSE104948_H7,GSE96804;GSE30528,2,-0.41284317132482673,0.4106583081373412,-7.016334912937073,6.190648570287419,0.5726348548200454,75.28076747761015
MUSK,GSE104948_H7,GSE96804;GSE30528,2,0.08977267705244849,0.0,-2.845809490714375,3.0253548448192715,0.7640613568396347,0.0
MYC,GSE104948_H7,GSE96804;GSE30528,2,0.34675842305883975,0.0,-2.6116718920849857,3.3051887382026655,0.3764408776764199,0.0
NCAM1,GSE104948_H7,GSE96804;GSE30528,2,0.2200772969903884,3.3128528537531565,-16.51244527906307,16.952599873043848,0.8945820094382613,95.48575675771447
NCAN,GSE104948_H7,GSE96804;GSE30528,2,0.5070921484235249,0.0,-2.473777663119245,3.487961959966295,0.2758555870821339,0.0
NCOR1,GSE104948_H7,GSE96804;GSE30528,2,0.6482396357311947,0.0,-2.3618637169215577,3.658342988383947,0.22305462588854097,0.0
NCOR2,GSE104948_H7,GSE96804;GSE30528,2,-0.3699401064059187,0.0,-3.3321995577700614,2.5923193449582236,0.3579886362491329,0.0
NCSTN,GSE104948_H7,GSE96804;GSE30528,2,-1.4084310073500417,0.0,-4.669432650002869,1.8525706353027855,0.11474681362987323,0.0
NEDD4L,GSE104948_H7,GSE96804;GSE30528,2,-0.6503997579846635,0.9422573337942044,-9.983839714327582,8.683040198358254,0.5386371329686506,87.13367723012271
NEDD8,GSE104948_H7,GSE96804;GSE30528,2,0.08302470158885862,0.0,-2.853047066181042,3.019096469358759,0.7804074109546696,0.0
NID1,GSE104948_H7,GSE96804;GSE30528,2,0.7062406998488747,0.049326926711317456,-3.0158816141880993,4.428363013885849,0.250309935194739,24.947333448727548
NID2,GSE104948_H7,GSE96804;GSE30528,2,0.13565345213976654,2.704021381595648,-15.047448913976218,15.318755818255752,0.9280367171369022,94.63902812904256
NRAS,GSE104948_H7,GSE96804;GSE30528,2,0.37296628451790037,0.0020730463580832807,-2.62601847352955,3.3719510425653505,0.35918846498608226,1.541833732923677
NRXN1,GSE104948_H7,GSE96804;GSE30528,2,-0.5241659131537268,0.42495703628506976,-7.220845667632541,6.172513841325087,0.5017406450942197,75.82059486155973
NTN4,GSE104948_H7,GSE96804;GSE30528,1,,,,,,
OLR1,GSE104948_H7,GSE96804;GSE30528,2,0.8703075267237415,0.6122160942704425,-6.986073986677589,8.726689040125072,0.39324354018991586,79.05994108900539
OPTC,GSE104948_H7,GSE96804;GSE30528,1,,,,,,
P3H1,GSE104948_H7,GSE96804;GSE30528,0,,,,,,
P3H2,GSE104948_H7,GSE96804;GSE30528,0,,,,,,
P3H3,GSE104948_H7,GSE96804;GSE30528,0,,,,,,
P4HA1,GSE104948_H7,GSE96804;GSE30528,2,-0.7441530886790507,0.028528323934115512,-4.188170654058058,2.6998644766999567,0.22237366112381138,17.280618630250803
P4HA2,GSE104948_H7,GSE96804;GSE30528,0,,,,,,
P4HA3,GSE104948_H7,GSE96804;GSE30528,1,,,,,,
P4HB,GSE104948_H7,GSE96804;GSE30528,2,0.3664437922139933,0.0,-2.59707550447611,3.3299630889040968,0.36084360386080655,0.0
PARD3,GSE104948_H7,GSE96804;GSE30528,2,-0.5033730318674958,1.137851819531461,-10.697839394119,9.69109333038401,0.6432892340672157,88.04591143789
PARD6A,GSE104948_H7,GSE96804;GSE30528,2,0.0868820830484204,2.510978859464722,-14.58047437349386,14.754238539590702,0.9521748561426603,94.14987822940269
PARP1,GSE104948_H7,GSE96804;GSE30528,2,0.23978750657906428,0.1968262923999591,-4.863816825628451,5.34339183878658,0.6573701879799915,58.812308781429714
PCOLCE,GSE104948_H7,GSE96804;GSE30528,2,1.9625589536934385,1.0471675447693833,-8.159630215738645,12.084748123125522,0.24547786248431425,81.34687132869549
PCOLCE2,GSE104948_H7,GSE96804;GSE30528,2,-1.5920158367819184,0.0,-4.955653265428745,1.7716215918649079,0.10489879780611504,0.0
PDGFA,GSE104948_H7,GSE96804;GSE30528,2,-0.42318753536306386,0.0,-3.396433709254077,2.5500586385279496,0.3215576955000447,0.0
PDGFB,GSE104948_H7,GSE96804;GSE30528,2,1.4363461951704979,0.0,-1.8378853989817276,4.710577789322723,0.1130105147668119,0.0
PECAM1,GSE104948_H7,GSE96804;GSE30528,2,0.36520912025825386,0.5980691382421697,-7.310910744071138,8.041328984587645,0.6538433826018726,81.48811577622726
PF4,GSE104948_H7,GSE96804;GSE30528,2,-0.33794811483913045,0.0,-3.2922439029301063,2.616347673251845,0.38364389678423805,0.0
PF4V1,GSE104948_H7,GSE96804;GSE30528,2,0.10840634121569902,0.09560112292536449,-4.054751482107059,4.271564164538456,0.7965839165964612,41.47547000634831
PHYKPL,GSE104948_H7,GSE96804;GSE30528,0,,,,,,
PICK1,GSE104948_H7,GSE96804;GSE30528,2,0.12761224003856242,0.40863017419199116,-6.471329383366142,6.726553863443267,0.8466110107423133,74.75502328624269
PIK3CA,GSE104948_H7,GSE96804;GSE30528,2,-0.7499307259484655,0.10996775619301014,-5.146778283440149,3.6469168315432174,0.27522162509151443,42.194990514207845
PIK3CB,GSE104948_H7,GSE96804;GSE30528,2,-0.6454919230030748,0.0,-3.650852651102779,2.3598688050966294,0.22360337372281344,0.0
PIK3R1,GSE104948_H7,GSE96804;GSE30528,2,0.31805726217537206,0.0,-2.633804342321266,3.2699188666720103,0.40161417668758004,0.0
PIK3R2,GSE104948_H7,GSE96804;GSE30528,2,4.222643586883945e-05,0.22573302687327398,-5.321160509458393,5.32124496233013,0.9999358095248208,62.61058355588823
PLCG1,GSE104948_H7,GSE96804;GSE30528,2,1.1869815573519622,0.6404173138271685,-6.776673313684644,9.15063642838857,0.30927857681811705,81.22776906918118
PLEC,GSE104948_H7,GSE96804;GSE30528,2,0.4471432053184977,0.0,-2.5210054950923366,3.4152919057293323,0.3064849961545343,0.0
PLG,GSE104948_H7,GSE96804;GSE30528,2,-0.6908884366561103,0.27030937578200265,-6.374722450181679,4.992945576869458,0.3657969245919026,66.42904020305441
PLOD1,GSE104948_H7,GSE96804;GSE30528,2,-0.35032857606182305,1.669807533589647,-12.441933141992099,11.741275989868452,0.7754395227216071,92.10887678150735
PLOD2,GSE104948_H7,GSE96804;GSE30528,2,0.48355395468898504,0.0,-2.4906081106877616,3.4577160200657313,0.28700008524682225,0.0
PLOD3,GSE104948_H7,GSE96804;GSE30528,2,-0.7494776707367101,0.0,-3.7812582447497114,2.2823029032762916,0.1962174929349105,0.0
PMEPA1,GSE104948_H7,GSE96804;GSE30528,2,-1.7830416385944423,1.4511911502169113,-13.39244790416477,9.826364626975886,0.3014651432248328,86.22902695211192
PPBP,GSE104948_H7,GSE96804;GSE30528,2,-0.8442366709130711,0.2431809588885638,-6.347316633701819,4.658843291875677,0.30175859447589515,63.62161524171894
PPIA,GSE104948_H7,GSE96804;GSE30528,1,,,,,,
PPIB,GSE104948_H7,GSE96804;GSE30528,2,0.021141707407332698,0.8890420939629933,-9.079093598927725,9.121377013742391,0.9812130053992963,86.33904319761328
PPIL2,GSE104948_H7,GSE96804;GSE30528,1,,,,,,
PPM1A,GSE104948_H7,GSE96804;GSE30528,2,-0.14076378751573143,0.0,-3.077794632995698,2.796267057964235,0.6517744357522238,0.0
PPP1CA,GSE104948_H7,GSE96804;GSE30528,2,-0.05810107483802413,1.7342133412481546,-12.372664728314664,12.256462578638615,0.96188098643487,92.20754553288364
PPP1CB,GSE104948_H7,GSE96804;GSE30528,2,0.32291273389129516,0.12111278440781631,-4.114228135121792,4.760053602904382,0.5248959986186016,46.61850463397842
PPP1CC,GSE104948_H7,GSE96804;GSE30528,2,0.08270180001961759,0.3284744519647214,-5.984702137499574,6.1501057375388095,0.890825513057049,70.88396766129539
PPP1R15A,GSE104948_H7,GSE96804;GSE30528,2,-1.1377371586788545,0.0,-4.2895917988309,2.0141174814731913,0.13666106985236443,0.0
PRKCA,GSE104948_H7,GSE96804;GSE30528,2,-0.22352570134380897,0.6004585330440269,-7.911809183665035,7.464757780977417,0.7747226615832257,81.51930879260803
PRKCZ,GSE104948_H7,GSE96804;GSE30528,2,-0.6834229777572094,1.094651483716932,-10.659879443583367,9.29303348806895,0.5440335597103367,88.64631462167735
PROC,GSE104948_H7,GSE96804;GSE30528,2,-0.7351407674227262,0.1571018373314978,-5.526279043630481,4.05599750878503,0.30171489177761385,53.44041556241501
PROCR,GSE104948_H7,GSE96804;GSE30528,2,1.1134901202311585,0.14399729700931627,-3.697219845442048,5.924200085904365,0.2086573410350192,46.3268350867259
PROS1,GSE104948_H7,GSE96804;GSE30528,2,0.6988854132276656,0.2430075814505382,-4.783812051466359,6.1815828779216915,0.35212806619518294,64.01236430616692
PROZ,GSE104948_H7,GSE96804;GSE30528,2,-0.23088812750764087,0.3573570007884535,-6.490157740209915,6.0283814851946325,0.7209730308251551,72.66823859752279
PRSS1,GSE104948_H7,GSE96804;GSE30528,2,0.019431866682904458,0.49527682172832516,-7.093207913667409,7.132071647033217,0.9779095112743031,78.29761596031535
PRSS2,GSE104948_H7,GSE96804;GSE30528,1,,,,,,
PRTN3,GSE104948_H7,GSE96804;GSE30528,2,0.1921440652729223,0.0,-2.74799536785342,3.132283498399265,0.5588285155679301,0.0
PSEN1,GSE104948_H7,GSE96804;GSE30528,2,0.6146413181489854,0.0,-2.389157446558902,3.618440082856873,0.23375335516589715,0.0
PSG1,GSE104948_H7,GSE96804;GSE30528,2,0.12373046219440317,0.037489012438272386,-3.368194105830408,3.6156550302192145,0.7306848062120995,21.783825012036385
PSG11,GSE104948_H7,GSE96804;GSE30528,2,0.1593814180001157,0.003466196126396854,-2.845845527410081,3.1646083634103124,0.6225015943373847,2.506527683762491
PSG2,GSE104948_H7,GSE96804;GSE30528,1,,,,,,
PSG3,GSE104948_H7,GSE96804;GSE30528,2,0.5363866997283914,0.0,-2.4475891436417547,3.5203625430985377,0.2627227654732397,0.0
PSG4,GSE104948_H7,GSE96804;GSE30528,2,0.14508127865213027,0.0,-2.7948431878592386,3.0850057451634996,0.6434543552550068,0.0
PSG5,GSE104948_H7,GSE96804;GSE30528,2,-0.4239673830831757,0.0,-3.3937585283827003,2.545823762216349,0.32074854648743595,0.0
PSG6,GSE104948_H7,GSE96804;GSE30528,2,-0.8385132969371736,0.403802022854119,-7.500024574949987,5.82299798107564,0.35572536623926054,71.87785161419605
PSG7,GSE104948_H7,GSE96804;GSE30528,2,0.06743478177870509,0.0,-2.8696842417097095,3.0045538052671192,0.8192950176287549,0.0
PSG8,GSE104948_H7,GSE96804;GSE30528,1,,,,,,
PSG9,GSE104948_H7,GSE96804;GSE30528,2,-0.020920096083394426,0.11079671730711724,-4.33390844228686,4.29206825012007,0.9608138688154773,45.31851312407203
PSMA1,GSE104948_H7,GSE96804;GSE30528,2,0.23475750169739906,0.0,-2.711894454126587,3.1814094575213856,0.49611078440286965,0.0
PSMA2,GSE104948_H7,GSE96804;GSE30528,2,-0.5102443390078708,0.0,-3.488859571316431,2.4683708933006896,0.2741724455259957,0.0
PSMA3,GSE104948_H7,GSE96804;GSE30528,2,-0.09180998130905817,0.0,-3.034667880955092,2.851047918336976,0.7597388715599093,0.0
PSMA4,GSE104948_H7,GSE96804;GSE30528,2,0.397947419345587,0.34014820885646113,-5.750819581323941,6.546714420015115,0.5618670728390978,71.67993697007024
PSMA5,GSE104948_H7,GSE96804;GSE30528,2,-0.9708608344314015,0.0,-4.06643604790823,2.124714379045427,0.15652088547645215,0.0
PSMA6,GSE104948_H7,GSE96804;GSE30528,1,,,,,,
PSMA7,GSE104948_H7,GSE96804;GSE30528,2,-0.3640298112699868,0.14642090351439602,-5.021815114852535,4.293755492312561,0.5022183339233081,52.369827056892504
PSMB1,GSE104948_H7,GSE96804;GSE30528,2,-0.5785382540977683,0.6220541136724699,-8.388018836391582,7.230942328196046,0.5192455745858126,81.95952844791836
PSMB2,GSE104948_H7,GSE96804;GSE30528,1,,,,,,
PSMB3,GSE104948_H7,GSE96804;GSE30528,2,-0.5601481958533283,1.1365030502013715,-10.70171292655517,9.581416534848513,0.6104310381374727,89.061082291703
PSMB4,GSE104948_H7,GSE96804;GSE30528,2,0.037582600262065675,0.0,-2.9041144690034386,2.9792796695275703,0.8975497757891084,0.0
PSMB5,GSE104948_H7,GSE96804;GSE30528,2,-0.6316933145967233,1.518097394975041,-12.203479868986634,10.940093239793185,0.6139338086160123,91.43943876948514
PSMB6,GSE104948_H7,GSE96804;GSE30528,2,-0.29071981417130166,1.5571494309883698,-11.997975926727445,11.416536298384841,0.8054239082004706,91.61018465158553
PSMB7,GSE104948_H7,GSE96804;GSE30528,2,-0.5969357298337616,0.38029284776527233,-7.019301978523103,5.82543051885558,0.44728917961370535,73.66774433086763
PSMC1,GSE104948_H7,GSE96804;GSE30528,2,-0.489959791713574,0.0,-3.467749292905458,2.48782970947831,0.28402977124752354,0.0
PSMC2,GSE104948_H7,GSE96804;GSE30528,2,-0.5974660134855971,0.19195457850637063,-5.667155869514746,4.472223842543551,0.3748373334823234,58.68720845613791
PSMC3,GSE104948_H7,GSE96804;GSE30528,2,-0.6510869879207543,0.19254544105439017,-5.731550945726045,4.429376969884537,0.3506071053786937,58.64495359349117
PSMC4,GSE104948_H7,GSE96804;GSE30528,2,-0.5300565578172631,1.0865581490596077,-10.468638548014509,9.408525432379983,0.6208440870666702,88.6454598015191
PSMC5,GSE104948_H7,GSE96804;GSE30528,2,-0.6472902265166602,0.0,-3.6583212144850776,2.3637407614517567,0.2234189312501418,0.0
PSMC6,GSE104948_H7,GSE96804;GSE30528,2,-0.9605478725862306,0.09518714236389182,-5.25830412110787,3.3372083759354085,0.21554284817771346,37.45786531840175
PSMD1,GSE104948_H7,GSE96804;GSE30528,2,-1.0848068286440402,0.8539041425929892,-10.15907358907992,7.989459931791839,0.3706454127723465,82.92546012942161
PSMD11,GSE104948_H7,GSE96804;GSE30528,2,0.05713984728299867,0.0,-2.879897901813888,2.9941775963798856,0.8457215703359051,0.0
PSMD12,GSE104948_H7,GSE96804;GSE30528,2,-0.5620561382131284,1.262301158121212,-11.250809258159478,10.126696981733222,0.6250163116130092,88.88406146737022
PSMD13,GSE104948_H7,GSE96804;GSE30528,2,-0.33541630742755385,0.8772569879076835,-9.373802675879888,8.70297006102478,0.7194969648535736,86.43412782652443
PSMD14,GSE104948_H7,GSE96804;GSE30528,2,0.16931207509378723,0.3359346639806956,-5.947362406710291,6.285986556897865,0.7846951577171839,71.41431652225447
PSMD2,GSE104948_H7,GSE96804;GSE30528,2,0.06246514368252771,0.0,-2.876473799163647,3.0014040865287024,0.8320792104210688,0.0
PSMD3,GSE104948_H7,GSE96804;GSE30528,2,-0.7254907451623696,0.8095087592416388,-9.465431815757213,8.014450325432474,0.4830484594241881,85.32128586302645
PSMD6,GSE104948_H7,GSE96804;GSE30528,2,-0.475849496222389,0.07769902409932647,-4.484826278473262,3.5331272860284844,0.3727386383206715,35.40244179390433
PSMD7,GSE104948_H7,GSE96804;GSE30528,2,-0.03704118826196299,1.5012365435039312,-11.559787508954072,11.485705132430146,0.9740113610320618,91.12621218865624
PSMD8,GSE104948_H7,GSE96804;GSE30528,2,-0.5999224271855876,1.3802633280924532,-11.676399370011083,10.476554515639908,0.6162731360765392,90.72093816566917
PTPN11,GSE104948_H7,GSE96804;GSE30528,2,-0.3107898888659823,0.0,-3.267254866992518,2.6456750892605534,0.40912299575812766,0.0
PTPN6,GSE104948_H7,GSE96804;GSE30528,2,0.25003855368069616,1.6146510872918072,-11.68111348641823,12.181190593779622,0.8343245118426534,91.40177447271539
PTPRS,GSE104948_H7,GSE96804;GSE30528,2,0.11044486480772163,0.0,-2.8292350857023814,3.0501248153178246,0.7164585803770441,0.0
PXDN,GSE104948_H7,GSE96804;GSE30528,2,0.6755349951897937,0.7196485136335061,-7.63251006283753,8.983580053217118,0.4896199117941523,83.88065788706021
RBL1,GSE104948_H7,GSE96804;GSE30528,2,0.32833747599626345,0.0,-2.6278545003134175,3.2845294523059447,0.3924565159071532,0.0
RBX1,GSE104948_H7,GSE96804;GSE30528,1,,,,,,
RHOA,GSE104948_H7,GSE96804;GSE30528,2,-0.45626931612663313,0.22736552050485723,-5.797084902530527,4.88454627027726,0.4739150936360131,62.908060515859354
RNF111,GSE104948_H7,GSE96804;GSE30528,2,-0.9231084088687973,0.28232672883028415,-6.791624632596973,4.945407814859378,0.2953371633190772,63.84312798633136
RPS27A,GSE104948_H7,GSE96804;GSE30528,1,,,,,,
SCUBE1,GSE104948_H7,GSE96804;GSE30528,1,,,,,,
SCUBE3,GSE104948_H7,GSE96804;GSE30528,1,,,,,,
SDC1,GSE104948_H7,GSE96804;GSE30528,2,-0.3868837427622003,3.142184297057933,-16.694728523408255,15.920961037883853,0.8136125905468209,95.34885147517595
SDC2,GSE104948_H7,GSE96804;GSE30528,2,-1.1356999325237425,1.2412283325063451,-11.830617187707187,9.559217322659702,0.40603866809681033,87.09102814025168
SDC3,GSE104948_H7,GSE96804;GSE30528,2,0.01845363272598859,0.7587569466000349,-8.47491584498785,8.511823110439826,0.9824293619415255,84.51331191963335
SDC4,GSE104948_H7,GSE96804;GSE30528,2,-0.9719856076663104,0.7513959097763545,-9.457527189908237,7.513555974575617,0.38324409155644046,84.00806547128677
SELE,GSE104948_H7,GSE96804;GSE30528,2,0.49210056766885246,0.0,-2.486241661377973,3.470442796715678,0.2829967214298206,0.0
SELL,GSE104948_H7,GSE96804;GSE30528,2,-0.27787251566161214,2.660282274400701,-15.338609187016978,14.782864155693755,0.8534038041032047,94.63377039399394
SELP,GSE104948_H7,GSE96804;GSE30528,2,-0.325483305579229,0.0,-3.281485951289799,2.6305193401313414,0.3950629826479509,0.0
SELPLG,GSE104948_H7,GSE96804;GSE30528,2,0.38308876230135763,1.1979561732400694,-10.037240305991888,10.803417830594602,0.7217945525907064,88.77896659475019
SEM1,GSE104948_H7,GSE96804;GSE30528,0,,,,,,
SERPINA10,GSE104948_H7,GSE96804;GSE30528,2,0.38720027924228895,1.0071051212526472,-9.25566975831514,10.03007031679972,0.6996563554617217,87.07019235820115
SERPINA5,GSE104948_H7,GSE96804;GSE30528,2,-0.38460173500041916,1.0063091344751975,-9.98706386107781,9.217860391076972,0.7003090563232656,87.90440182648808
SERPINC1,GSE104948_H7,GSE96804;GSE30528,2,-0.4460699821082168,0.23950026183526105,-5.879710954993673,4.98757099077724,0.4865708089444689,64.11264448508128
SERPIND1,GSE104948_H7,GSE96804;GSE30528,2,-0.3245015173373466,0.08835111256799695,-4.429102244284392,3.780099209609699,0.49856223223177865,38.965914041869596
SERPINE1,GSE104948_H7,GSE96804;GSE30528,2,0.29158624466078975,0.3426479160573657,-5.870863863125893,6.454036352447473,0.6553900422000685,71.85217143705621
SERPINE2,GSE104948_H7,GSE96804;GSE30528,2,1.6678227983597513,2.0329808182964864,-11.821230111747322,15.156875708466824,0.36086429552071386,89.78023508622317
SERPING1,GSE104948_H7,GSE96804;GSE30528,2,-0.6780579538901158,0.0,-3.6939762611630025,2.337860353382771,0.2143653248222851,0.0
SERPINH1,GSE104948_H7,GSE96804;GSE30528,2,1.3187011416048158,1.0528716667450209,-8.663878229801686,11.301280513011317,0.3420592001861636,84.56473661799305
SGCA,GSE104948_H7,GSE96804;GSE30528,2,1.0012747890696674,0.4055528235679774,-5.624159377863574,7.626708956002908,0.30565675402410347,73.96233708639008
SGCB,GSE104948_H7,GSE96804;GSE30528,2,-0.7144615249479804,0.0,-3.7416859562410423,2.312762906345081,0.20490805463222297,0.0
SGCD,GSE104948_H7,GSE96804;GSE30528,2,0.5483835694954776,0.0,-2.4437545413278947,3.54052168031885,0.2582178808862981,0.0
SGCE,GSE104948_H7,GSE96804;GSE30528,2,-1.3042758535436962,8.023675601951032,-27.18222340267779,24.573671695590395,0.6373805823382355,96.66448685240509
SGCG,GSE104948_H7,GSE96804;GSE30528,2,0.30321030017806905,0.0,-2.657593945178468,3.264014545534606,0.4171406862227963,0.0
SGCZ,GSE104948_H7,GSE96804;GSE30528,1,,,,,,
SH3PXD2A,GSE104948_H7,GSE96804;GSE30528,2,0.7922905338540679,0.4711013841996847,-6.20083450787859,7.785415575586726,0.38651201649145245,77.23750405028254
SHC1,GSE104948_H7,GSE96804;GSE30528,2,0.8402161455432076,0.0,-2.222805101376546,3.903237392462961,0.17787361822173245,0.0
SIRPA,GSE104948_H7,GSE96804;GSE30528,2,-1.3376145178778738,0.0,-4.568110854344202,1.8928818185884548,0.1195783590949908,0.0
SIRPG,GSE104948_H7,GSE96804;GSE30528,2,0.49521120186591927,0.0,-2.4813276810331137,3.4717500847649525,0.28129331841115357,0.0
SKI,GSE104948_H7,GSE96804;GSE30528,2,-0.19256808871050332,0.534556094974541,-7.53903389119065,7.153897713769643,0.7953241950913368,79.21293987557387
SKIL,GSE104948_H7,GSE96804;GSE30528,2,0.9432576597744464,4.172321443021309,-17.755488009693945,19.642003329242836,0.6371287323683037,96.32177800204268
SLC16A1,GSE104948_H7,GSE96804;GSE30528,2,0.6111095130603944,0.2431302601293807,-4.907007731930062,6.12922675805085,0.3933280174578221,62.225951471529264
SLC16A3,GSE104948_H7,GSE96804;GSE30528,1,,,,,,
SLC16A8,GSE104948_H7,GSE96804;GSE30528,2,0.38249232309830594,0.7219474166945349,-7.961481376849299,8.726466023045912,0.664232641548563,83.13750678434651
SLC3A2,GSE104948_H7,GSE96804;GSE30528,2,-0.8392916996340599,1.6676149951945471,-12.931054827969932,11.252471428701812,0.5398848117654579,92.01623140284678
SLC7A10,GSE104948_H7,GSE96804;GSE30528,2,-0.5451679047312245,0.14354553196995337,-5.191649432358876,4.101313622896427,0.37614217149793966,51.651267783249054
SLC7A11,GSE104948_H7,GSE96804;GSE30528,2,0.8512411730071588,0.0,-2.2080332616882026,3.91051560770252,0.17548156545829377,0.0
SLC7A5,GSE104948_H7,GSE96804;GSE30528,2,-0.5254370982931696,0.0,-3.512697198800292,2.4618230022139524,0.2678414758460335,0.0
SLC7A6,GSE104948_H7,GSE96804;GSE30528,2,1.2585561433261925,0.3813894643201366,-5.260669422926089,7.777781709578473,0.24643548360702788,71.79215067096914
SLC7A7,GSE104948_H7,GSE96804;GSE30528,2,-0.8235353666032934,1.5930065673148928,-12.661507945430559,11.014437212223973,0.5391708821792361,91.70260093120373
SLC7A8,GSE104948_H7,GSE96804;GSE30528,2,-0.5566338315763513,1.9080928604755671,-13.424177696347948,12.310910033195247,0.6800489619186945,92.97286336356999
SLC7A9,GSE104948_H7,GSE96804;GSE30528,2,-0.7830133879176794,0.052623152889443886,-4.534793881172385,2.968767105337027,0.22956976309226948,27.701531290199522
SMAD2,GSE104948_H7,GSE96804;GSE30528,2,-0.5108008894128367,0.2812093679953298,-6.295794677904893,5.27419289907922,0.46345968754320427,65.97466534079591
SMAD3,GSE104948_H7,GSE96804;GSE30528,2,0.4583917071695136,0.34850252513546176,-5.785315580598537,6.702098994937565,0.5221094775573487,70.71039818276165
SMAD4,GSE104948_H7,GSE96804;GSE30528,2,-0.21870576215586274,0.0,-3.1609699603071557,2.72355843599543,0.5181710248001361,0.0
SMAD7,GSE104948_H7,GSE96804;GSE30528,2,-0.17327429427950464,0.10088253851786187,-4.395098153593261,4.048549565034251,0.693979988206989,42.61655643718632
SMPD1,GSE104948_H7,GSE96804;GSE30528,2,-0.22376370789704778,2.210059420424488,-14.016333346519318,13.568805930725222,0.8705806222536434,93.72088471542959
SMURF1,GSE104948_H7,GSE96804;GSE30528,2,1.5374685745828385,0.0,-1.7854644067662016,4.860401555931879,0.10726120636302748,0.0
SMURF2,GSE104948_H7,GSE96804;GSE30528,2,0.3142713142541889,1.57146350662219,-11.442263871928585,12.070806500436962,0.791550640119064,91.68269546989599
SNTA1,GSE104948_H7,GSE96804;GSE30528,2,-1.2715879932180738,0.7381135792809304,-9.730656952126159,7.187480965690012,0.3070491295235436,83.04975797536783
SNTB1,GSE104948_H7,GSE96804;GSE30528,2,0.17477252085907272,0.2212912086881647,-5.121045118414843,5.470590160132989,0.7472247993196984,61.766273391204074
SNTB2,GSE104948_H7,GSE96804;GSE30528,2,0.7093668779543365,0.0,-2.310552640715649,3.729286396624322,0.20581538989996878,0.0
SNTG2,GSE104948_H7,GSE96804;GSE30528,2,0.6530108430435707,0.2635444985447501,-4.9774689777926175,6.28349066387976,0.3795614211623924,65.94839489082335
SNW1,GSE104948_H7,GSE96804;GSE30528,2,-0.15092444078102812,0.28545982881395904,-5.916736279188508,5.614887397626451,0.7955906952595543,68.02404773924583
SOS1,GSE104948_H7,GSE96804;GSE30528,2,0.21802463911556857,0.40013548955602013,-6.316240564947886,6.752289843179023,0.7447223148226694,74.80928295487884
SP1,GSE104948_H7,GSE96804;GSE30528,2,-0.695396880063594,0.0066560800471168755,-3.8213484538896454,2.430554693762457,0.21647529731113907,4.67685399984467
SPARC,GSE104948_H7,GSE96804;GSE30528,2,-0.24609356744236655,0.2450344599656121,-5.731971490556305,5.239784355671571,0.6701904113401994,63.89944049930736
SPN,GSE104948_H7,GSE96804;GSE30528,2,0.2082323883081432,0.0,-2.735156970644641,3.1516217472609274,0.5338588561979973,0.0
SPOCK3,GSE104948_H7,GSE96804;GSE30528,2,0.1709080304227753,0.0,-2.771272556557893,3.1130886174034433,0.5952150764780144,0.0
SPP1,GSE104948_H7,GSE96804;GSE30528,2,0.8560593889611613,1.0037584581241499,-8.833860824491548,10.545979602413873,0.4632886259996482,85.76211143185128
SRC,GSE104948_H7,GSE96804;GSE30528,2,0.7110648190173287,0.4986945150095564,-6.494960465575666,7.917090103610324,0.42861040195747163,76.37666550148535
SSPN,GSE104948_H7,GSE96804;GSE30528,2,1.2450397311743173,0.0,-1.9525137842190299,4.4425932465676645,0.12696580707845095,0.0
STAT1,GSE104948_H7,GSE96804;GSE30528,2,0.08831195706746739,0.0,-2.8544911260685284,3.0311150402034635,0.7680869798920713,0.0
STRAP,GSE104948_H7,GSE96804;GSE30528,2,-0.6681273376521669,0.2712957733515911,-6.406090169113682,5.069835493809348,0.3783863612277603,64.42256406225239
STUB1,GSE104948_H7,GSE96804;GSE30528,2,-0.48047948987328154,1.8521386284933048,-13.169761490216867,12.208802510470303,0.7145205516139375,92.79211514219912
TEK,GSE104948_H7,GSE96804;GSE30528,2,-0.22873952993728666,1.05649743398546,-10.06482495023866,9.607345890364089,0.8170933772967768,87.8561382874367
TFDP1,GSE104948_H7,GSE96804;GSE30528,2,0.41177611270168585,0.0,-2.554790928750564,3.378343154153936,0.3283655918086868,0.0
TFDP2,GSE104948_H7,GSE96804;GSE30528,2,-0.603850124435362,0.6085282473688559,-8.343715656676459,7.136015407805735,0.5027766228220254,81.6162979203127
TFPI,GSE104948_H7,GSE96804;GSE30528,2,-0.4592815792902628,0.0,-3.4345694130509865,2.516006254470461,0.3001590775178824,0.0
TGFB1,GSE104948_H7,GSE96804;GSE30528,2,0.4863398735263103,0.0,-2.488306212938506,3.460985959991127,0.28560885387458446,0.0
TGFB2,GSE104948_H7,GSE96804;GSE30528,2,0.924892821029294,0.20213492829802437,-4.273206910762778,6.1229925528213665,0.26512003032645437,58.97523764117931
TGFB3,GSE104948_H7,GSE96804;GSE30528,2,0.8477730740848248,0.5008416097095121,-6.322390531330193,8.017936679499842,0.373877447999496,78.16923956728901
TGFBR1,GSE104948_H7,GSE96804;GSE30528,2,1.0165143419659055,0.0,-2.093168216061126,4.126196899992936,0.15041078172522906,0.0
TGFBR2,GSE104948_H7,GSE96804;GSE30528,2,-1.3339697092769678,0.0,-4.5638877335195485,1.8959483149656127,0.11987646230756166,0.0
TGFBR3,GSE104948_H7,GSE96804;GSE30528,2,-2.4497931160742668,2.2153877493785985,-16.669697512217756,11.770111280069221,0.27280203555097826,87.7905938535965
TGIF1,GSE104948_H7,GSE96804;GSE30528,2,0.12005089915928661,0.14331429526274486,-4.509529911098647,4.74963170941722,0.7973729870439176,51.4072087445725
TGIF2,GSE104948_H7,GSE96804;GSE30528,2,-0.012383737778285922,0.0,-2.9483385753870253,2.9235710998304536,0.9659134497236543,0.0
THBD,GSE104948_H7,GSE96804;GSE30528,2,0.4833350198028459,1.417428843260035,-10.726986999921346,11.693657039527038,0.6809415356559331,90.94764982324206
THBS1,GSE104948_H7,GSE96804;GSE30528,2,-0.160203528536631,0.8776844456545414,-9.202569341338592,8.88216228426533,0.8590367224500643,86.36637878305702
TIMP1,GSE104948_H7,GSE96804;GSE30528,2,-0.019999626702274512,0.6339655888680586,-7.891388920527097,7.8513896671225485,0.9794545500751182,82.07350169673042
TIMP2,GSE104948_H7,GSE96804;GSE30528,1,,,,,,
TLL1,GSE104948_H7,GSE96804;GSE30528,2,0.17698037730807953,0.0,-2.7643408049633265,3.118301559579485,0.5844527686849499,0.0
TLL2,GSE104948_H7,GSE96804;GSE30528,1,,,,,,
TMPRSS6,GSE104948_H7,GSE96804;GSE30528,2,0.8277911653991229,0.6504833908867721,-7.2195106517742875,8.875092982572534,0.4157701472124972,80.17584136103562
TNC,GSE104948_H7,GSE96804;GSE30528,2,1.2386380447745875,0.0,-1.9567879826852037,4.434064072234379,0.12752196768562915,0.0
TNFRSF10A,GSE104948_H7,GSE96804;GSE30528,1,,,,,,
TNFRSF10B,GSE104948_H7,GSE96804;GSE30528,2,0.5248109609758235,0.7203460578683301,-7.779599497969976,8.829221419921623,0.5692877416320465,84.012730082074
TNFRSF10D,GSE104948_H7,GSE96804;GSE30528,2,0.7200842807910635,0.7986567071425179,-7.968881800480865,9.409050362062992,0.4835667695503316,85.16169280550606
TNN,GSE104948_H7,GSE96804;GSE30528,2,0.2814492717959577,0.13462356633032685,-4.280243862694843,4.843142406286758,0.5767247679533123,49.38110588530103
TNR,GSE104948_H7,GSE96804;GSE30528,2,-0.027242083989721305,0.0,-2.967790811144122,2.9133066431646797,0.9254042784512221,0.0
TNXB,GSE104948_H7,GSE96804;GSE30528,2,1.3981005123769898,0.03266724400359965,-2.2969261769313656,5.093127201685345,0.13055537329762507,17.443954047334095
TPSAB1,GSE104948_H7,GSE96804;GSE30528,1,,,,,,
TRAPPC4,GSE104948_H7,GSE96804;GSE30528,0,,,,,,
TREM1,GSE104948_H7,GSE96804;GSE30528,2,-1.033509478401308,1.3830944523905775,-12.141163126584736,10.07414416978212,0.4469569389795891,90.42346897156128
TRIM33,GSE104948_H7,GSE96804;GSE30528,2,0.4827088634107055,0.0,-2.4944766797920943,3.459894406613505,0.28769106422897106,0.0
TSPAN7,GSE104948_H7,GSE96804;GSE30528,2,-0.8276340132067733,0.0,-3.882765311837556,2.2274972854240094,0.1799958428731615,0.0
TTR,GSE104948_H7,GSE96804;GSE30528,2,0.014540231201974731,0.8075248481658394,-8.711802285284127,8.740882747688078,0.9865237160856772,85.23553292202423
UBA52,GSE104948_H7,GSE96804;GSE30528,2,0.037576936465690894,0.9230742704229138,-9.214945889749208,9.290099762680589,0.9671774644286417,86.7324172000087
UBB,GSE104948_H7,GSE96804;GSE30528,2,-1.3766422685596431,0.0,-4.626552025437189,1.8732674883179021,0.11694736092069304,0.0
UBC,GSE104948_H7,GSE96804;GSE30528,2,-1.4499316825660515,0.31621886874284644,-7.5901075769668065,4.6902442118347025,0.20480579935277554,66.88210479201113
UBE2D1,GSE104948_H7,GSE96804;GSE30528,2,-0.1577288208214494,0.2380492931081548,-5.5716139527535615,5.256156311110662,0.7742916026941289,64.01556668356737
UBE2D2,GSE104948_H7,GSE96804;GSE30528,2,-0.092685422460799,0.0,-3.036963478627825,2.8515926337062267,0.7577679452757765,0.0
UBE2D3,GSE104948_H7,GSE96804;GSE30528,2,0.28539450840066666,0.0,-2.6712923351479163,3.2420813519492495,0.43546742630236274,0.0
UBE2M,GSE104948_H7,GSE96804;GSE30528,2,-0.5575631142388385,1.140631402243369,-10.71560524713088,9.600479018653202,0.6122996803099009,89.09552269679773
UCHL5,GSE104948_H7,GSE96804;GSE30528,2,-0.25938162009577775,0.38179783312979465,-6.67745121424438,6.158687974052825,0.6979884000993467,73.94684895565653
USP15,GSE104948_H7,GSE96804;GSE30528,1,,,,,,
USP9X,GSE104948_H7,GSE96804;GSE30528,2,-1.364963162039896,3.400053134161148,-18.46097855483911,15.731052230759317,0.49542526189027747,93.74071906643839
UTRN,GSE104948_H7,GSE96804;GSE30528,2,0.445674105369639,0.3645778996814792,-5.8663214757423,6.757669686481577,0.5344781559220694,73.01722102363556
VCAM1,GSE104948_H7,GSE96804;GSE30528,2,0.7805487701664042,0.0,-2.267952351640502,3.82904989197331,0.18984656409931033,0.0
VCAN,GSE104948_H7,GSE96804;GSE30528,2,1.0510149253310117,0.0,-2.0707423791950483,4.172772229857072,0.14619252288500792,0.0
VEGFA,GSE104948_H7,GSE96804;GSE30528,2,-1.2533204547906023,0.5502425850960591,-8.859672467011379,6.353031557430174,0.283676575759733,75.28597994458333
VHL,GSE104948_H7,GSE96804;GSE30528,2,0.5960099079799446,0.0,-2.3988342724103817,3.590854088370271,0.23974356463480231,0.0
VPREB1,GSE104948_H7,GSE96804;GSE30528,2,0.7693605776337267,0.0,-2.2677415779277617,3.8064627331952146,0.19176651949573692,0.0
VPREB3,GSE104948_H7,GSE96804;GSE30528,2,0.31170225521188655,0.0,-2.6400044613518134,3.2634089717755868,0.40773662286982365,0.0
VTN,GSE104948_H7,GSE96804;GSE30528,0,,,,,,
VWF,GSE104948_H7,GSE96804;GSE30528,2,1.287595488758557,0.0,-1.9337582509401179,4.508949228457232,0.12376645274594186,0.0
WTIP,GSE104948_H7,GSE96804;GSE30528,1,,,,,,
WWTR1,GSE104948_H7,GSE96804;GSE30528,2,-0.5675601399690414,1.2754964393062993,-11.251967428649056,10.116847148710974,0.6220252163344682,90.08242968593346
XCL1,GSE104948_H7,GSE96804;GSE30528,2,0.5106240612121093,0.2977092076815286,-5.392200957520293,6.413449079944511,0.4699524300603483,67.21418017033699
XCL2,GSE104948_H7,GSE96804;GSE30528,1,,,,,,
XCR1,GSE104948_H7,GSE96804;GSE30528,2,0.29146271014379277,0.10507915152466657,-3.9680544979936014,4.550979918281187,0.5443897061296671,44.1835944366748
XPO1,GSE104948_H7,GSE96804;GSE30528,2,0.06488429740589226,1.7228707602784414,-12.211811767054726,12.341580361866512,0.9573123251425195,92.17001422795394
YBX1,GSE104948_H7,GSE96804;GSE30528,2,0.8139905248976322,0.34234248650426496,-5.446438256426316,7.074419306221581,0.346515719645643,68.67445373736992
YES1,GSE104948_H7,GSE96804;GSE30528,2,-0.08314553478871327,0.0,-3.0201262352986467,2.85383516572122,0.7801753892658364,0.0
ZFYVE9,GSE104948_H7,GSE96804;GSE30528,2,-0.2442966658232084,0.8071207839701802,-8.961044827258434,8.472451495612017,0.7822099688588265,85.44385625585203
