cohort,reactome_id,removed_gene,full_mean_hedges_g,leave_one_gene_out_mean_hedges_g,absolute_change
GSE96804,R-HSA-166658,C1QA,0.34284062879180577,0.3362784406408312,0.0065621881509745905
GSE96804,R-HSA-166658,C1QB,0.34284062879180577,0.3399023291296301,0.0029382996621756807
GSE96804,R-HSA-166658,C1QC,0.34284062879180577,0.33671224942976163,0.006128379362044134
GSE96804,R-HSA-166658,C1R,0.34284062879180577,0.3478902997644239,0.005049670972618159
GSE96804,R-HSA-166658,C1S,0.34284062879180577,0.33767830321557024,0.005162325576235527
GSE96804,R-HSA-166658,C2,0.34284062879180577,0.34258248568284194,0.0002581431089638264
GSE96804,R-HSA-166658,C3,0.34284062879180577,0.3365450767609068,0.006295552030898988
GSE96804,R-HSA-166658,C3AR1,0.34284062879180577,0.34088394132602784,0.0019566874657779287
GSE96804,R-HSA-166658,C4B,0.34284062879180577,0.34328218559330304,0.00044155680149726706
GSE96804,R-HSA-166658,C4BPA,0.34284062879180577,0.3465756178318892,0.0037349890400834584
GSE96804,R-HSA-166658,C4BPB,0.34284062879180577,0.33697060569939413,0.005870023092411636
GSE96804,R-HSA-166658,C5,0.34284062879180577,0.3499654492748357,0.0071248204830299255
GSE96804,R-HSA-166658,C5AR1,0.34284062879180577,0.35688416527876793,0.01404353648696216
GSE96804,R-HSA-166658,C5AR2,0.34284062879180577,0.3506615016474977,0.00782087285569194
GSE96804,R-HSA-166658,C6,0.34284062879180577,0.34453508392576193,0.001694455133956163
GSE96804,R-HSA-166658,C7,0.34284062879180577,0.3360903995703256,0.006750229221480164
GSE96804,R-HSA-166658,C8A,0.34284062879180577,0.3456155562272347,0.0027749274354289533
GSE96804,R-HSA-166658,C8B,0.34284062879180577,0.3483426501814106,0.0055020213896048165
GSE96804,R-HSA-166658,C8G,0.34284062879180577,0.3379839371105049,0.004856691681300873
GSE96804,R-HSA-166658,C9,0.34284062879180577,0.34698994182841947,0.0041493130366137
GSE96804,R-HSA-166658,CD19,0.34284062879180577,0.3386973729179998,0.004143255873805984
GSE96804,R-HSA-166658,CD46,0.34284062879180577,0.34539561961140464,0.002554990819598868
GSE96804,R-HSA-166658,CD55,0.34284062879180577,0.34599296371541133,0.0031523349236055598
GSE96804,R-HSA-166658,CD81,0.34284062879180577,0.35404589359492616,0.011205264803120396
GSE96804,R-HSA-166658,CFB,0.34284062879180577,0.33943541213995043,0.003405216651855336
GSE96804,R-HSA-166658,CFD,0.34284062879180577,0.3435441852912447,0.0007035564994389287
GSE96804,R-HSA-166658,CFH,0.34284062879180577,0.3369449691177746,0.005895659674031162
GSE96804,R-HSA-166658,CFHR1,0.34284062879180577,0.3352238851708511,0.007616743620954658
GSE96804,R-HSA-166658,CFHR2,0.34284062879180577,0.34494142496063585,0.002100796168830077
GSE96804,R-HSA-166658,CFHR3,0.34284062879180577,0.3413886044129701,0.0014520243788356813
GSE96804,R-HSA-166658,CFHR4,0.34284062879180577,0.33861988490372863,0.004220743888077139
GSE96804,R-HSA-166658,CFHR5,0.34284062879180577,0.3485095146896253,0.005668885897819553
GSE96804,R-HSA-166658,CFI,0.34284062879180577,0.3452637162402379,0.002423087448432115
GSE96804,R-HSA-166658,CFP,0.34284062879180577,0.35216192020341036,0.009321291411604593
GSE96804,R-HSA-166658,CLU,0.34284062879180577,0.33826088125231635,0.0045797475394894205
GSE96804,R-HSA-166658,COLEC10,0.34284062879180577,0.3376839574326534,0.005156671359152376
GSE96804,R-HSA-166658,COLEC11,0.34284062879180577,0.35928174223918846,0.016441113447382694
GSE96804,R-HSA-166658,CPB2,0.34284062879180577,0.34282014778221964,2.048100958612631e-05
GSE96804,R-HSA-166658,CPN1,0.34284062879180577,0.344514620045727,0.0016739912539212587
GSE96804,R-HSA-166658,CPN2,0.34284062879180577,0.3511666772220344,0.008326048430228605
GSE96804,R-HSA-166658,CR1,0.34284062879180577,0.357746656142617,0.014906027350811257
GSE96804,R-HSA-166658,CR2,0.34284062879180577,0.35729765739868774,0.014457028606881972
GSE96804,R-HSA-166658,CRP,0.34284062879180577,0.3517041244913096,0.008863495699503843
GSE96804,R-HSA-166658,ELANE,0.34284062879180577,0.35057666214135863,0.007736033349552862
GSE96804,R-HSA-166658,F2,0.34284062879180577,0.3430376682290231,0.00019703943721732786
GSE96804,R-HSA-166658,FCN1,0.34284062879180577,0.35287940691553976,0.010038778123733993
GSE96804,R-HSA-166658,FCN2,0.34284062879180577,0.3447483734141346,0.0019077446223288441
GSE96804,R-HSA-166658,FCN3,0.34284062879180577,0.35084084676559474,0.00800021797378897
GSE96804,R-HSA-166658,GZMM,0.34284062879180577,0.33046595356171815,0.012374675230087617
GSE96804,R-HSA-166658,IGHG4,0.34284062879180577,0.33423127772095607,0.008609351070849702
GSE96804,R-HSA-166658,IGHV1-46,0.34284062879180577,0.3413051311642103,0.0015354976275954724
GSE96804,R-HSA-166658,IGHV1-69,0.34284062879180577,0.3395371591718777,0.0033034696199280567
GSE96804,R-HSA-166658,IGHV2-5,0.34284062879180577,0.33884587687085854,0.003994751920947226
GSE96804,R-HSA-166658,IGHV2-70,0.34284062879180577,0.34173015837579557,0.0011104704160102008
GSE96804,R-HSA-166658,IGHV3-11,0.34284062879180577,0.33781800273372997,0.005022626058075796
GSE96804,R-HSA-166658,IGHV3-13,0.34284062879180577,0.33955814400084283,0.003282484790962936
GSE96804,R-HSA-166658,IGHV3-23,0.34284062879180577,0.34084161991549605,0.001999008876309716
GSE96804,R-HSA-166658,IGHV3-30,0.34284062879180577,0.3390931935085026,0.00374743528330318
GSE96804,R-HSA-166658,IGHV3-33,0.34284062879180577,0.3385516843462305,0.00428894444557526
GSE96804,R-HSA-166658,IGHV3-48,0.34284062879180577,0.33743289102719104,0.0054077377646147284
GSE96804,R-HSA-166658,IGHV3-53,0.34284062879180577,0.3403464461326259,0.002494182659179889
GSE96804,R-HSA-166658,IGHV3-7,0.34284062879180577,0.34172021191539115,0.0011204168764146205
GSE96804,R-HSA-166658,IGHV3-9,0.34284062879180577,0.341998183546865,0.0008424452449407593
GSE96804,R-HSA-166658,IGHV4-34,0.34284062879180577,0.33970467205002264,0.0031359567417831302
GSE96804,R-HSA-166658,IGHV4-39,0.34284062879180577,0.3432928938491725,0.00045226505736672973
GSE96804,R-HSA-166658,IGHV4-59,0.34284062879180577,0.34108445980489377,0.001756168986911999
GSE96804,R-HSA-166658,IGHV7-81,0.34284062879180577,0.33587256830767526,0.006968060484130512
GSE96804,R-HSA-166658,IGKV1-17,0.34284062879180577,0.3388811963836697,0.0039594324081360655
GSE96804,R-HSA-166658,IGKV1-5,0.34284062879180577,0.33898908911863973,0.003851539673166038
GSE96804,R-HSA-166658,IGKV1D-12,0.34284062879180577,0.34030118120619185,0.0025394475856139187
GSE96804,R-HSA-166658,IGKV1D-16,0.34284062879180577,0.3371053821446624,0.005735246647143366
GSE96804,R-HSA-166658,IGKV1D-33,0.34284062879180577,0.3370331041598446,0.005807524631961158
GSE96804,R-HSA-166658,IGKV1D-39,0.34284062879180577,0.3382488146538679,0.004591814137937855
GSE96804,R-HSA-166658,IGKV2-28,0.34284062879180577,0.3408117885344897,0.002028840257316089
GSE96804,R-HSA-166658,IGKV2-29,0.34284062879180577,0.3392188650388708,0.003621763752934992
GSE96804,R-HSA-166658,IGKV2D-28,0.34284062879180577,0.34092960593947563,0.0019110228523301354
GSE96804,R-HSA-166658,IGKV2D-30,0.34284062879180577,0.33879929687587307,0.0040413319159327
GSE96804,R-HSA-166658,IGKV2D-40,0.34284062879180577,0.3445804224652082,0.0017397936734024344
GSE96804,R-HSA-166658,IGKV3-11,0.34284062879180577,0.33888076270383777,0.003959866087968
GSE96804,R-HSA-166658,IGKV3D-20,0.34284062879180577,0.3406596078431313,0.0021810209486744503
GSE96804,R-HSA-166658,IGKV4-1,0.34284062879180577,0.34002067485605103,0.0028199539357547376
GSE96804,R-HSA-166658,IGKV5-2,0.34284062879180577,0.3449877346126885,0.002147105820882733
GSE96804,R-HSA-166658,IGLC7,0.34284062879180577,0.33588780052993,0.006952828261875765
GSE96804,R-HSA-166658,IGLV10-54,0.34284062879180577,0.34641349008414896,0.003572861292343188
GSE96804,R-HSA-166658,IGLV11-55,0.34284062879180577,0.34792208930112084,0.005081460509315072
GSE96804,R-HSA-166658,IGLV2-18,0.34284062879180577,0.3426437984346074,0.00019683035719836317
GSE96804,R-HSA-166658,IGLV2-33,0.34284062879180577,0.34108857322810376,0.001752055563702004
GSE96804,R-HSA-166658,IGLV3-1,0.34284062879180577,0.34286906908805553,2.8440296249765407e-05
GSE96804,R-HSA-166658,IGLV3-12,0.34284062879180577,0.3376457916351377,0.005194837156668075
GSE96804,R-HSA-166658,IGLV3-16,0.34284062879180577,0.3423874368922328,0.0004531918995729911
GSE96804,R-HSA-166658,IGLV3-22,0.34284062879180577,0.34004439464272795,0.002796234149077814
GSE96804,R-HSA-166658,IGLV3-25,0.34284062879180577,0.34243736924431006,0.0004032595474957046
GSE96804,R-HSA-166658,IGLV3-27,0.34284062879180577,0.3433342750972621,0.0004936463054563411
GSE96804,R-HSA-166658,IGLV4-3,0.34284062879180577,0.3438673273219409,0.0010266985301351506
GSE96804,R-HSA-166658,IGLV4-60,0.34284062879180577,0.3502577863269234,0.0074171575351176244
GSE96804,R-HSA-166658,IGLV4-69,0.34284062879180577,0.34238440928205416,0.00045621950975160974
GSE96804,R-HSA-166658,IGLV5-37,0.34284062879180577,0.3527226899451884,0.009882061153382637
GSE96804,R-HSA-166658,IGLV6-57,0.34284062879180577,0.3388975289968916,0.0039430997949141955
GSE96804,R-HSA-166658,IGLV7-43,0.34284062879180577,0.34449842042726403,0.0016577916354582611
GSE96804,R-HSA-166658,IGLV7-46,0.34284062879180577,0.3422651801524745,0.0005754486393312885
GSE96804,R-HSA-166658,MASP1,0.34284062879180577,0.355102805890646,0.012262177098840255
GSE96804,R-HSA-166658,MASP2,0.34284062879180577,0.3350071557059135,0.007833473085892273
GSE96804,R-HSA-166658,MBL2,0.34284062879180577,0.34303558716119803,0.00019495836939226185
GSE96804,R-HSA-166658,PROS1,0.34284062879180577,0.33580668091129934,0.00703394788050643
GSE96804,R-HSA-166658,SERPING1,0.34284062879180577,0.353773299737701,0.010932670945895229
GSE96804,R-HSA-9769740,ADAMTS13,-0.11686691362783587,-0.12510373949851006,0.008236825870674189
GSE96804,R-HSA-9769740,ANO5,-0.11686691362783587,-0.10451842866103501,0.012348484966800855
GSE96804,R-HSA-9769740,ANO6,-0.11686691362783587,-0.12036223906108767,0.003495325433251803
GSE96804,R-HSA-9769740,APP,-0.11686691362783587,-0.11563670596734758,0.0012302076604882861
GSE96804,R-HSA-9769740,CD177,-0.11686691362783587,-0.09727171579084488,0.019595197836990985
GSE96804,R-HSA-9769740,F10,-0.11686691362783587,-0.13603755705468587,0.01917064342685
GSE96804,R-HSA-9769740,F11,-0.11686691362783587,-0.09787456866877474,0.01899234495906113
GSE96804,R-HSA-9769740,F12,-0.11686691362783587,-0.11831118191136046,0.0014442682835245912
GSE96804,R-HSA-9769740,F13A1,-0.11686691362783587,-0.12122655454247933,0.004359640914643456
GSE96804,R-HSA-9769740,F13B,-0.11686691362783587,-0.10334440766591936,0.013522505961916509
GSE96804,R-HSA-9769740,F2,-0.11686691362783587,-0.12485264891781839,0.007985735289982518
GSE96804,R-HSA-9769740,F2R,-0.11686691362783587,-0.10421748817166597,0.0126494254561699
GSE96804,R-HSA-9769740,F3,-0.11686691362783587,-0.10300156139696645,0.013865352230869418
GSE96804,R-HSA-9769740,F5,-0.11686691362783587,-0.11048724588615257,0.006379667741683304
GSE96804,R-HSA-9769740,F7,-0.11686691362783587,-0.12198284262033945,0.005115928992503585
GSE96804,R-HSA-9769740,F8,-0.11686691362783587,-0.11694005701023856,7.314338240269058e-05
GSE96804,R-HSA-9769740,F9,-0.11686691362783587,-0.1197841408914887,0.00291722726365283
GSE96804,R-HSA-9769740,FGA,-0.11686691362783587,-0.12259393639016025,0.0057270227623243825
GSE96804,R-HSA-9769740,FGB,-0.11686691362783587,-0.12175600157641413,0.004889087948578258
GSE96804,R-HSA-9769740,FGG,-0.11686691362783587,-0.1230403029774828,0.006173389349646924
GSE96804,R-HSA-9769740,GP1BA,-0.11686691362783587,-0.12551899500522837,0.008652081377392498
GSE96804,R-HSA-9769740,GP5,-0.11686691362783587,-0.11399695267253387,0.002869960955301995
GSE96804,R-HSA-9769740,GP9,-0.11686691362783587,-0.12149100835170892,0.004624094723873054
GSE96804,R-HSA-9769740,GPC1,-0.11686691362783587,-0.13136616767639833,0.014499254048562463
GSE96804,R-HSA-9769740,GPC2,-0.11686691362783587,-0.11099559318288699,0.005871320444948883
GSE96804,R-HSA-9769740,GPC3,-0.11686691362783587,-0.11921707280520505,0.0023501591773691793
GSE96804,R-HSA-9769740,GPC4,-0.11686691362783587,-0.1172529419092087,0.0003860282813728244
GSE96804,R-HSA-9769740,GPC5,-0.11686691362783587,-0.10697749206530725,0.009889421562528616
GSE96804,R-HSA-9769740,GPC6,-0.11686691362783587,-0.11437560836082225,0.0024913052670136188
GSE96804,R-HSA-9769740,HSPG2,-0.11686691362783587,-0.14427445473540132,0.02740754110756545
GSE96804,R-HSA-9769740,ITGA2B,-0.11686691362783587,-0.13286143608369838,0.01599452245586251
GSE96804,R-HSA-9769740,ITGB3,-0.11686691362783587,-0.12394613472614427,0.0070792210983084
GSE96804,R-HSA-9769740,KLKB1,-0.11686691362783587,-0.12761264806644707,0.010745734438611196
GSE96804,R-HSA-9769740,KNG1,-0.11686691362783587,-0.09906718634214863,0.01779972728568724
GSE96804,R-HSA-9769740,PF4,-0.11686691362783587,-0.1134031341935272,0.0034637794343086725
GSE96804,R-HSA-9769740,PF4V1,-0.11686691362783587,-0.11640608513742902,0.0004608284904068505
GSE96804,R-HSA-9769740,PROC,-0.11686691362783587,-0.09991523875251208,0.016951674875323786
GSE96804,R-HSA-9769740,PROCR,-0.11686691362783587,-0.13406665740772417,0.017199743779888296
GSE96804,R-HSA-9769740,PROS1,-0.11686691362783587,-0.1385257885731506,0.021658874945314724
GSE96804,R-HSA-9769740,PROZ,-0.11686691362783587,-0.10680863751737459,0.010058276110461284
GSE96804,R-HSA-9769740,PRTN3,-0.11686691362783587,-0.12299764608960237,0.0061307324617665
GSE96804,R-HSA-9769740,SDC1,-0.11686691362783587,-0.08901414543280536,0.027852768195030506
GSE96804,R-HSA-9769740,SDC2,-0.11686691362783587,-0.11252238263210863,0.004344530995727236
GSE96804,R-HSA-9769740,SDC3,-0.11686691362783587,-0.1306794039073296,0.01381249027949373
GSE96804,R-HSA-9769740,SDC4,-0.11686691362783587,-0.08979649351807875,0.027070420109757118
GSE96804,R-HSA-9769740,SERPINA10,-0.11686691362783587,-0.1130927210400307,0.003774192587805175
GSE96804,R-HSA-9769740,SERPINA5,-0.11686691362783587,-0.09888877644468441,0.017978137183151457
GSE96804,R-HSA-9769740,SERPINC1,-0.11686691362783587,-0.10416011559021528,0.012706798037620592
GSE96804,R-HSA-9769740,SERPIND1,-0.11686691362783587,-0.11748727145116336,0.0006203578233274915
GSE96804,R-HSA-9769740,SERPINE1,-0.11686691362783587,-0.13213999433452062,0.015273080706684747
GSE96804,R-HSA-9769740,SERPINE2,-0.11686691362783587,-0.13127800739768947,0.014411093769853597
GSE96804,R-HSA-9769740,SERPING1,-0.11686691362783587,-0.1045525457014093,0.012314367926426567
GSE96804,R-HSA-9769740,SMPD1,-0.11686691362783587,-0.09568088615499482,0.021186027472841054
GSE96804,R-HSA-9769740,TFPI,-0.11686691362783587,-0.11219287627089972,0.004674037356936153
GSE96804,R-HSA-9769740,THBD,-0.11686691362783587,-0.1432989267099609,0.02643201308212502
GSE96804,R-HSA-9769740,VWF,-0.11686691362783587,-0.14034241225768693,0.023475498629851058
GSE96804,R-HSA-202733,ANGPT1,0.16963767697562854,0.16993902232317126,0.00030134534754272524
GSE96804,R-HSA-202733,ANGPT2,0.16963767697562854,0.1610278444802854,0.00860983249534314
GSE96804,R-HSA-202733,ANGPT4,0.16963767697562854,0.16926733647739814,0.00037034049823039816
GSE96804,R-HSA-202733,APOB,0.16963767697562854,0.1746473312018113,0.005009654226182769
GSE96804,R-HSA-202733,ATP1B1,0.16963767697562854,0.1723673540271238,0.002729677051495266
GSE96804,R-HSA-202733,ATP1B2,0.16963767697562854,0.17484417081581383,0.005206493840185289
GSE96804,R-HSA-202733,ATP1B3,0.16963767697562854,0.16597225218295708,0.0036654247926714567
GSE96804,R-HSA-202733,BSG,0.16963767697562854,0.18084692257948465,0.01120924560385611
GSE96804,R-HSA-202733,CAV1,0.16963767697562854,0.16435258133900102,0.005285095636627518
GSE96804,R-HSA-202733,CD177,0.16963767697562854,0.17713350374287007,0.007495826767241531
GSE96804,R-HSA-202733,CD2,0.16963767697562854,0.16765116076189338,0.001986516213735162
GSE96804,R-HSA-202733,CD244,0.16963767697562854,0.16920672469170323,0.00043095228392531215
GSE96804,R-HSA-202733,CD44,0.16963767697562854,0.1655226371574254,0.004115039818203131
GSE96804,R-HSA-202733,CD47,0.16963767697562854,0.17036398259828264,0.0007263056226541054
GSE96804,R-HSA-202733,CD48,0.16963767697562854,0.1673279113236186,0.0023097656520099374
GSE96804,R-HSA-202733,CD58,0.16963767697562854,0.16003442842128987,0.009603248554338667
GSE96804,R-HSA-202733,CD74,0.16963767697562854,0.17165709032376344,0.0020194133481349075
GSE96804,R-HSA-202733,CD84,0.16963767697562854,0.1657317011956604,0.003905975779968124
GSE96804,R-HSA-202733,CD99,0.16963767697562854,0.16887758261471206,0.0007600943609164801
GSE96804,R-HSA-202733,CD99L2,0.16963767697562854,0.17280197916572687,0.0031643021900983337
GSE96804,R-HSA-202733,CEACAM1,0.16963767697562854,0.1754598824095101,0.0058222054338815665
GSE96804,R-HSA-202733,CEACAM3,0.16963767697562854,0.17278850838034746,0.003150831404718918
GSE96804,R-HSA-202733,CEACAM5,0.16963767697562854,0.17443610399352227,0.004798427017893736
GSE96804,R-HSA-202733,CEACAM6,0.16963767697562854,0.1737304958825817,0.0040928189069531495
GSE96804,R-HSA-202733,CEACAM8,0.16963767697562854,0.17338999917006515,0.003752322194436608
GSE96804,R-HSA-202733,COL1A1,0.16963767697562854,0.16306003793413792,0.006577639041490613
GSE96804,R-HSA-202733,COL1A2,0.16963767697562854,0.16301321232989432,0.006624464645734213
GSE96804,R-HSA-202733,CXADR,0.16963767697562854,0.17285726460357476,0.0032195876279462188
GSE96804,R-HSA-202733,DOK2,0.16963767697562854,0.17116008159875631,0.0015224046231277766
GSE96804,R-HSA-202733,EPCAM,0.16963767697562854,0.17072987550198568,0.001092198526357141
GSE96804,R-HSA-202733,ESAM,0.16963767697562854,0.16797895670289723,0.0016587202727313122
GSE96804,R-HSA-202733,F2,0.16963767697562854,0.16879860636933416,0.0008390706062943731
GSE96804,R-HSA-202733,FCAMR,0.16963767697562854,0.1738274044740393,0.004189727498410761
GSE96804,R-HSA-202733,FCER1G,0.16963767697562854,0.1685798134941163,0.001057863481512239
GSE96804,R-HSA-202733,FN1,0.16963767697562854,0.16050702074008338,0.009130656235545154
GSE96804,R-HSA-202733,FYN,0.16963767697562854,0.1706918166400463,0.0010541396644177525
GSE96804,R-HSA-202733,GAS6,0.16963767697562854,0.18240317090510005,0.012765493929471516
GSE96804,R-HSA-202733,GLG1,0.16963767697562854,0.17296704233109547,0.0033293653554669345
GSE96804,R-HSA-202733,GP6,0.16963767697562854,0.17001427781574807,0.0003766008401195342
GSE96804,R-HSA-202733,GPC1,0.16963767697562854,0.16683023531591715,0.0028074416597113905
GSE96804,R-HSA-202733,GRB14,0.16963767697562854,0.1712556618889669,0.0016179849133383661
GSE96804,R-HSA-202733,GRB2,0.16963767697562854,0.1814871413060965,0.011849464330467963
GSE96804,R-HSA-202733,GRB7,0.16963767697562854,0.1752106439642106,0.005572966988582062
GSE96804,R-HSA-202733,GYPA,0.16963767697562854,0.1785515174922343,0.008913840516605764
GSE96804,R-HSA-202733,GYPB,0.16963767697562854,0.17387320256272118,0.004235525587092642
GSE96804,R-HSA-202733,GYPC,0.16963767697562854,0.168895898192248,0.0007417787833805256
GSE96804,R-HSA-202733,HRAS,0.16963767697562854,0.1767914497096326,0.007153772734004055
GSE96804,R-HSA-202733,IGHA1,0.16963767697562854,0.16614854223345374,0.0034891347421747987
GSE96804,R-HSA-202733,IGHM,0.16963767697562854,0.16903354535540577,0.0006041316202227698
GSE96804,R-HSA-202733,IGHV1-46,0.16963767697562854,0.1678085851894411,0.0018290917861874256
GSE96804,R-HSA-202733,IGHV1-69,0.16963767697562854,0.16679831547953683,0.002839361496091708
GSE96804,R-HSA-202733,IGHV2-5,0.16963767697562854,0.16640329702181156,0.0032343799538169793
GSE96804,R-HSA-202733,IGHV2-70,0.16963767697562854,0.16805145788177556,0.0015862190938529808
GSE96804,R-HSA-202733,IGHV3-11,0.16963767697562854,0.16581594037202382,0.003821736603604714
GSE96804,R-HSA-202733,IGHV3-13,0.16963767697562854,0.16681030681037398,0.0028273701652545558
GSE96804,R-HSA-202733,IGHV3-23,0.16963767697562854,0.1675437216187473,0.0020939553568812275
GSE96804,R-HSA-202733,IGHV3-30,0.16963767697562854,0.166544620814751,0.003093056160877544
GSE96804,R-HSA-202733,IGHV3-33,0.16963767697562854,0.1662351870077384,0.0034024899678901377
GSE96804,R-HSA-202733,IGHV3-48,0.16963767697562854,0.16559587653971586,0.004041800435912679
GSE96804,R-HSA-202733,IGHV3-53,0.16963767697562854,0.16726076517139288,0.0023769118042356596
GSE96804,R-HSA-202733,IGHV3-7,0.16963767697562854,0.1680457741901159,0.0015919027855126333
GSE96804,R-HSA-202733,IGHV3-9,0.16963767697562854,0.16820461512238666,0.0014330618532418793
GSE96804,R-HSA-202733,IGHV4-34,0.16963767697562854,0.16689403712419107,0.0027436398514374682
GSE96804,R-HSA-202733,IGHV4-39,0.16963767697562854,0.16894444958084812,0.0006932273947804213
GSE96804,R-HSA-202733,IGHV4-59,0.16963767697562854,0.1676824872698317,0.0019551897057968337
GSE96804,R-HSA-202733,IGHV7-81,0.16963767697562854,0.16470426355713544,0.004933413418493099
GSE96804,R-HSA-202733,IGKV1-17,0.16963767697562854,0.16642347960056084,0.003214197375067701
GSE96804,R-HSA-202733,IGKV1-5,0.16963767697562854,0.16648513259197223,0.0031525443836563083
GSE96804,R-HSA-202733,IGKV1D-12,0.16963767697562854,0.1672348994991449,0.002402777476483625
GSE96804,R-HSA-202733,IGKV1D-16,0.16963767697562854,0.1654087286068423,0.004228948368786234
GSE96804,R-HSA-202733,IGKV1D-33,0.16963767697562854,0.16536742690123218,0.004270250074396353
GSE96804,R-HSA-202733,IGKV1D-39,0.16963767697562854,0.1660621186121026,0.003575558363525938
GSE96804,R-HSA-202733,IGKV2-28,0.16963767697562854,0.1675266751153151,0.002111001860313433
GSE96804,R-HSA-202733,IGKV2-29,0.16963767697562854,0.16661643311781857,0.0030212438578099687
GSE96804,R-HSA-202733,IGKV2D-28,0.16963767697562854,0.16759399934673566,0.002043677628892876
GSE96804,R-HSA-202733,IGKV2D-30,0.16963767697562854,0.16637667988181984,0.0032609970938086985
GSE96804,R-HSA-202733,IGKV2D-40,0.16963767697562854,0.1696801802185828,4.2503242954267106e-05
GSE96804,R-HSA-202733,IGKV3-11,0.16963767697562854,0.166423231783514,0.003214445192114529
GSE96804,R-HSA-202733,IGKV3D-20,0.16963767697562854,0.16743971472025315,0.0021979622553753853
GSE96804,R-HSA-202733,IGKV4-1,0.16963767697562854,0.16707461015620725,0.0025630668194212836
GSE96804,R-HSA-202733,IGKV5-2,0.16963767697562854,0.16991293001714294,0.0002752530415144061
GSE96804,R-HSA-202733,IGLC7,0.16963767697562854,0.16471296768413815,0.004924709291490387
GSE96804,R-HSA-202733,IGLL1,0.16963767697562854,0.16684505355469195,0.0027926234209365852
GSE96804,R-HSA-202733,IGLV10-54,0.16963767697562854,0.17072764742940605,0.0010899704537775112
GSE96804,R-HSA-202733,IGLV11-55,0.16963767697562854,0.17158970412481858,0.0019520271491900443
GSE96804,R-HSA-202733,IGLV2-18,0.16963767697562854,0.16857353791538235,0.0010641390602461887
GSE96804,R-HSA-202733,IGLV2-33,0.16963767697562854,0.16768483779738025,0.001952839178248289
GSE96804,R-HSA-202733,IGLV3-1,0.16963767697562854,0.16870226400306698,0.0009354129725615556
GSE96804,R-HSA-202733,IGLV3-12,0.16963767697562854,0.16571753402997105,0.003920142945657484
GSE96804,R-HSA-202733,IGLV3-16,0.16963767697562854,0.16842704560545402,0.0012106313701745197
GSE96804,R-HSA-202733,IGLV3-22,0.16963767697562854,0.16708816432002266,0.002549512655605879
GSE96804,R-HSA-202733,IGLV3-25,0.16963767697562854,0.16845557837806957,0.001182098597558967
GSE96804,R-HSA-202733,IGLV3-27,0.16963767697562854,0.1689680960083279,0.0006695809673006314
GSE96804,R-HSA-202733,IGLV4-3,0.16963767697562854,0.16927269727957292,0.0003649796960556173
GSE96804,R-HSA-202733,IGLV4-60,0.16963767697562854,0.17292438813956293,0.0032867111639343916
GSE96804,R-HSA-202733,IGLV4-69,0.16963767697562854,0.16842531554249476,0.001212361433133774
GSE96804,R-HSA-202733,IGLV5-37,0.16963767697562854,0.17433290449285718,0.004695227517228645
GSE96804,R-HSA-202733,IGLV6-57,0.16963767697562854,0.16643281252240189,0.0032048644532266524
GSE96804,R-HSA-202733,IGLV7-43,0.16963767697562854,0.16963332191118619,4.355064442351786e-06
GSE96804,R-HSA-202733,IGLV7-46,0.16963767697562854,0.16835718461130642,0.0012804923643221222
GSE96804,R-HSA-202733,INPP5D,0.16963767697562854,0.1632624948599284,0.006375182115700151
GSE96804,R-HSA-202733,ITGA3,0.16963767697562854,0.17655645629830838,0.006918779322679841
GSE96804,R-HSA-202733,ITGA4,0.16963767697562854,0.1659883158247382,0.0036493611508903456
GSE96804,R-HSA-202733,ITGA5,0.16963767697562854,0.1614297078884968,0.008207969087131728
GSE96804,R-HSA-202733,ITGA6,0.16963767697562854,0.16702196195383148,0.002615715021797055
GSE96804,R-HSA-202733,ITGAL,0.16963767697562854,0.16898243997637497,0.0006552369992535723
GSE96804,R-HSA-202733,ITGAM,0.16963767697562854,0.16878073875351568,0.0008569382221128574
GSE96804,R-HSA-202733,ITGAV,0.16963767697562854,0.17178575497220636,0.0021480779965778185
GSE96804,R-HSA-202733,ITGAX,0.16963767697562854,0.16852402357913748,0.0011136533964910544
GSE96804,R-HSA-202733,ITGB1,0.16963767697562854,0.1666441747084738,0.002993502267154724
GSE96804,R-HSA-202733,ITGB2,0.16963767697562854,0.16875140205097366,0.0008862749246548729
GSE96804,R-HSA-202733,ITGB3,0.16963767697562854,0.16907255296571921,0.0005651240099093235
GSE96804,R-HSA-202733,JAM2,0.16963767697562854,0.16438697441440606,0.005250702561222481
GSE96804,R-HSA-202733,JAM3,0.16963767697562854,0.1717366985229607,0.0020990215473321583
GSE96804,R-HSA-202733,KRAS,0.16963767697562854,0.167365189754413,0.0022724872212155356
GSE96804,R-HSA-202733,L1CAM,0.16963767697562854,0.1648256326323549,0.004812044343273647
GSE96804,R-HSA-202733,LCK,0.16963767697562854,0.16831099813569045,0.001326678839938089
GSE96804,R-HSA-202733,LYN,0.16963767697562854,0.17060969862491804,0.0009720216492895006
GSE96804,R-HSA-202733,MAG,0.16963767697562854,0.17150404397756097,0.001866367001932434
GSE96804,R-HSA-202733,MERTK,0.16963767697562854,0.16589494062959312,0.003742736346035419
GSE96804,R-HSA-202733,MIF,0.16963767697562854,0.1778028660800432,0.00816518910441466
GSE96804,R-HSA-202733,MMP1,0.16963767697562854,0.16824240664585513,0.001395270329773407
GSE96804,R-HSA-202733,NRAS,0.16963767697562854,0.16768556609366292,0.0019521108819656185
GSE96804,R-HSA-202733,OLR1,0.16963767697562854,0.16882305217081475,0.000814624804813785
GSE96804,R-HSA-202733,PECAM1,0.16963767697562854,0.16548047786965464,0.004157199105973897
GSE96804,R-HSA-202733,PF4,0.16963767697562854,0.17225862455524635,0.0026209475796178106
GSE96804,R-HSA-202733,PF4V1,0.16963767697562854,0.1713511393798914,0.001713462404262872
GSE96804,R-HSA-202733,PICK1,0.16963767697562854,0.17241183965411724,0.0027741626784887063
GSE96804,R-HSA-202733,PIK3CA,0.16963767697562854,0.17327160454981938,0.0036339275741908428
GSE96804,R-HSA-202733,PIK3CB,0.16963767697562854,0.174353950155266,0.004716273179637465
GSE96804,R-HSA-202733,PIK3R1,0.16963767697562854,0.16897062620473938,0.0006670507708891604
GSE96804,R-HSA-202733,PIK3R2,0.16963767697562854,0.17251837403302056,0.002880697057392023
GSE96804,R-HSA-202733,PLCG1,0.16963767697562854,0.16080302323348553,0.008834653742143012
GSE96804,R-HSA-202733,PROC,0.16963767697562854,0.1763346369137949,0.0066969599381663525
GSE96804,R-HSA-202733,PROCR,0.16963767697562854,0.16601415325425276,0.003623523721375782
GSE96804,R-HSA-202733,PROS1,0.16963767697562854,0.16466661361634916,0.004971063359279382
GSE96804,R-HSA-202733,PSG1,0.16963767697562854,0.17093807071156777,0.001300393735939237
GSE96804,R-HSA-202733,PSG11,0.16963767697562854,0.17050746702653571,0.0008697900509071765
GSE96804,R-HSA-202733,PSG3,0.16963767697562854,0.16727594070679633,0.0023617362688322097
GSE96804,R-HSA-202733,PSG4,0.16963767697562854,0.16931953647506356,0.0003181405005649729
GSE96804,R-HSA-202733,PSG5,0.16963767697562854,0.17358311181107516,0.003945434835446626
GSE96804,R-HSA-202733,PSG6,0.16963767697562854,0.17269168502585358,0.0030540080502250433
GSE96804,R-HSA-202733,PSG7,0.16963767697562854,0.1706047279033421,0.0009670509277135697
GSE96804,R-HSA-202733,PSG8,0.16963767697562854,0.16937801350155385,0.0002596634740746895
GSE96804,R-HSA-202733,PSG9,0.16963767697562854,0.17214529162292408,0.002507614647295542
GSE96804,R-HSA-202733,PTPN11,0.16963767697562854,0.17298670591323465,0.0033490289376061078
GSE96804,R-HSA-202733,PTPN6,0.16963767697562854,0.17414372183206797,0.004506044856439434
GSE96804,R-HSA-202733,SDC1,0.16963767697562854,0.17962892335656339,0.009991246380934848
GSE96804,R-HSA-202733,SDC2,0.16963767697562854,0.1725247857413893,0.0028871087657607597
GSE96804,R-HSA-202733,SDC3,0.16963767697562854,0.1670377738175588,0.0025999031580697385
GSE96804,R-HSA-202733,SDC4,0.16963767697562854,0.17939249948464014,0.009754822509011607
GSE96804,R-HSA-202733,SELE,0.16963767697562854,0.16818627493117463,0.0014514020444539033
GSE96804,R-HSA-202733,SELL,0.16963767697562854,0.1784740840870329,0.008836407111404376
GSE96804,R-HSA-202733,SELP,0.16963767697562854,0.17295198846791374,0.003314311492285199
GSE96804,R-HSA-202733,SELPLG,0.16963767697562854,0.17272475811752108,0.003087081141892545
GSE96804,R-HSA-202733,SHC1,0.16963767697562854,0.16652236513017873,0.003115311845449803
GSE96804,R-HSA-202733,SIRPA,0.16963767697562854,0.17829466505883879,0.008656988083210249
GSE96804,R-HSA-202733,SIRPG,0.16963767697562854,0.1679342592324291,0.0017034177431994313
GSE96804,R-HSA-202733,SLC16A1,0.16963767697562854,0.16918890041865034,0.00044877655697819763
GSE96804,R-HSA-202733,SLC16A3,0.16963767697562854,0.1679495136702171,0.0016881633054114387
GSE96804,R-HSA-202733,SLC16A8,0.16963767697562854,0.1717900301424866,0.002152353166858051
GSE96804,R-HSA-202733,SLC3A2,0.16963767697562854,0.18028515893525812,0.010647481959629584
GSE96804,R-HSA-202733,SLC7A10,0.16963767697562854,0.17521599700502194,0.005578320029393402
GSE96804,R-HSA-202733,SLC7A11,0.16963767697562854,0.16608314823547593,0.003554528740152607
GSE96804,R-HSA-202733,SLC7A5,0.16963767697562854,0.1742201562946676,0.004582479319039073
GSE96804,R-HSA-202733,SLC7A6,0.16963767697562854,0.16109062447006278,0.008547052505565755
GSE96804,R-HSA-202733,SLC7A7,0.16963767697562854,0.1800847126135552,0.01044703563792665
GSE96804,R-HSA-202733,SLC7A8,0.16963767697562854,0.17905957408812204,0.0094218971124935
GSE96804,R-HSA-202733,SLC7A9,0.16963767697562854,0.17608021506271182,0.006442538087083283
GSE96804,R-HSA-202733,SOS1,0.16963767697562854,0.16683010615829175,0.002807570817336791
GSE96804,R-HSA-202733,SPN,0.16963767697562854,0.1689897857752892,0.00064789120033934
GSE96804,R-HSA-202733,SRC,0.16963767697562854,0.16942005559323525,0.00021762138239328488
GSE96804,R-HSA-202733,TEK,0.16963767697562854,0.1678123183593398,0.0018253586162887414
GSE96804,R-HSA-202733,TGFB1,0.16963767697562854,0.16790288050431723,0.0017347964713113062
GSE96804,R-HSA-202733,THBD,0.16963767697562854,0.16322418176181858,0.006413495213809961
GSE96804,R-HSA-202733,TNFRSF10A,0.16963767697562854,0.16283311268576814,0.006804564289860399
GSE96804,R-HSA-202733,TNFRSF10B,0.16963767697562854,0.16430539479812975,0.005332282177498787
GSE96804,R-HSA-202733,TNFRSF10D,0.16963767697562854,0.16304688722130856,0.006590789754319981
GSE96804,R-HSA-202733,TREM1,0.16963767697562854,0.18092146718468735,0.011283790209058814
GSE96804,R-HSA-202733,TSPAN7,0.16963767697562854,0.17475092758951724,0.0051132506138887035
GSE96804,R-HSA-202733,VPREB1,0.16963767697562854,0.16655488427722231,0.0030827926984062226
GSE96804,R-HSA-202733,VPREB3,0.16963767697562854,0.16907379465350936,0.0005638823221191802
GSE96804,R-HSA-202733,YES1,0.16963767697562854,0.17142533115959793,0.001787654183969395
GSE96804,R-HSA-380108,CCL1,0.08312769172167696,0.07784866787170264,0.005279023849974321
GSE96804,R-HSA-380108,CCL11,0.08312769172167696,0.06363204135428774,0.01949565036738922
GSE96804,R-HSA-380108,CCL13,0.08312769172167696,0.06932166286343987,0.01380602885823709
GSE96804,R-HSA-380108,CCL16,0.08312769172167696,0.08003149187537027,0.0030961998463066853
GSE96804,R-HSA-380108,CCL17,0.08312769172167696,0.07178163770065636,0.011346054021020596
GSE96804,R-HSA-380108,CCL19,0.08312769172167696,0.06440009593954922,0.018727595782127737
GSE96804,R-HSA-380108,CCL2,0.08312769172167696,0.06300757595271857,0.02012011576895839
GSE96804,R-HSA-380108,CCL20,0.08312769172167696,0.08398682893474514,0.000859137213068184
GSE96804,R-HSA-380108,CCL21,0.08312769172167696,0.057494923074222715,0.025632768647454243
GSE96804,R-HSA-380108,CCL22,0.08312769172167696,0.07488770403345595,0.008239987688221012
GSE96804,R-HSA-380108,CCL25,0.08312769172167696,0.08184444995916974,0.0012832417625072146
GSE96804,R-HSA-380108,CCL27,0.08312769172167696,0.08598161065389848,0.002853918932221519
GSE96804,R-HSA-380108,CCL28,0.08312769172167696,0.08071723937239784,0.002410452349279113
GSE96804,R-HSA-380108,CCL5,0.08312769172167696,0.09240075364591238,0.009273061924235423
GSE96804,R-HSA-380108,CCL7,0.08312769172167696,0.07724654973103869,0.005881141990638272
GSE96804,R-HSA-380108,CCR1,0.08312769172167696,0.08703564093197853,0.003907949210301576
GSE96804,R-HSA-380108,CCR10,0.08312769172167696,0.06884511148242224,0.014282580239254716
GSE96804,R-HSA-380108,CCR2,0.08312769172167696,0.0699431268761695,0.013184564845507452
GSE96804,R-HSA-380108,CCR3,0.08312769172167696,0.09254330448926666,0.009415612767589704
GSE96804,R-HSA-380108,CCR4,0.08312769172167696,0.08035625135417375,0.0027714403675032084
GSE96804,R-HSA-380108,CCR5,0.08312769172167696,0.07186118297051143,0.011266508751165527
GSE96804,R-HSA-380108,CCR6,0.08312769172167696,0.08055770442446426,0.0025699872972126947
GSE96804,R-HSA-380108,CCR7,0.08312769172167696,0.07528826388958275,0.007839427832094209
GSE96804,R-HSA-380108,CCR8,0.08312769172167696,0.07644650508880425,0.006681186632872704
GSE96804,R-HSA-380108,CCR9,0.08312769172167696,0.08384199620634487,0.0007143044846679159
GSE96804,R-HSA-380108,CX3CL1,0.08312769172167696,0.1234501580726423,0.04032246635096534
GSE96804,R-HSA-380108,CX3CR1,0.08312769172167696,0.0729082845222772,0.01021940719939976
GSE96804,R-HSA-380108,CXCL1,0.08312769172167696,0.08369322265244356,0.0005655309307665973
GSE96804,R-HSA-380108,CXCL10,0.08312769172167696,0.0768125490007137,0.006315142720963257
GSE96804,R-HSA-380108,CXCL11,0.08312769172167696,0.07628914838647842,0.006838543335198538
GSE96804,R-HSA-380108,CXCL12,0.08312769172167696,0.08967443587582662,0.0065467441541496585
GSE96804,R-HSA-380108,CXCL13,0.08312769172167696,0.083497453988022,0.00036976226634503895
GSE96804,R-HSA-380108,CXCL16,0.08312769172167696,0.0692262224721783,0.013901469249498657
GSE96804,R-HSA-380108,CXCL2,0.08312769172167696,0.09879100170067895,0.01566330997900199
GSE96804,R-HSA-380108,CXCL3,0.08312769172167696,0.08992570084132184,0.006798009119644885
GSE96804,R-HSA-380108,CXCL5,0.08312769172167696,0.0848936853049045,0.001765993583227543
GSE96804,R-HSA-380108,CXCL6,0.08312769172167696,0.07086839256812365,0.01225929915355331
GSE96804,R-HSA-380108,CXCL9,0.08312769172167696,0.093231409094848,0.010103717373171048
GSE96804,R-HSA-380108,CXCR1,0.08312769172167696,0.14131002308359297,0.058182331361916015
GSE96804,R-HSA-380108,CXCR2,0.08312769172167696,0.14988365249522592,0.06675596077354896
GSE96804,R-HSA-380108,CXCR3,0.08312769172167696,0.06705730427142034,0.016070387450256615
GSE96804,R-HSA-380108,CXCR4,0.08312769172167696,0.10782560836457016,0.024697916642893197
GSE96804,R-HSA-380108,CXCR5,0.08312769172167696,0.08462856403606385,0.0015008723143868918
GSE96804,R-HSA-380108,CXCR6,0.08312769172167696,0.05739977683605655,0.025727914885620408
GSE96804,R-HSA-380108,PF4,0.08312769172167696,0.09126315993493717,0.008135468213260208
GSE96804,R-HSA-380108,PPBP,0.08312769172167696,0.11031626011939948,0.027188568397722518
GSE96804,R-HSA-380108,XCL1,0.08312769172167696,0.08246039898163132,0.0006672927400456358
GSE96804,R-HSA-380108,XCL2,0.08312769172167696,0.08326110859370917,0.00013341687203220765
GSE96804,R-HSA-380108,XCR1,0.08312769172167696,0.07328705248882018,0.009840639232856774
GSE96804,R-HSA-1474244,A2M,0.36271336957247097,0.36197727121055323,0.0007360983619177364
GSE96804,R-HSA-1474244,ACAN,0.36271336957247097,0.36183382477072373,0.000879544801747234
GSE96804,R-HSA-1474244,ACTA1,0.36271336957247097,0.3671913910086283,0.004478021436157331
GSE96804,R-HSA-1474244,ACTA2,0.36271336957247097,0.3606869763074977,0.0020263932649732808
GSE96804,R-HSA-1474244,ACTC1,0.36271336957247097,0.3648541257706982,0.002140756198227234
GSE96804,R-HSA-1474244,ACTG1,0.36271336957247097,0.367074126281721,0.004360756709250013
GSE96804,R-HSA-1474244,ACTG2,0.36271336957247097,0.3646921775765844,0.0019788080041134304
GSE96804,R-HSA-1474244,ACTN1,0.36271336957247097,0.360052675551052,0.002660694021418941
GSE96804,R-HSA-1474244,ADAM10,0.36271336957247097,0.35873837505431044,0.003974994518160524
GSE96804,R-HSA-1474244,ADAM12,0.36271336957247097,0.36044359779766433,0.0022697717748066393
GSE96804,R-HSA-1474244,ADAM15,0.36271336957247097,0.3574450256060491,0.00526834396642184
GSE96804,R-HSA-1474244,ADAM17,0.36271336957247097,0.3598908453776388,0.0028225241948321433
GSE96804,R-HSA-1474244,ADAM19,0.36271336957247097,0.3599047594900802,0.00280861008239075
GSE96804,R-HSA-1474244,ADAM8,0.36271336957247097,0.36317515443967885,0.0004617848672078817
GSE96804,R-HSA-1474244,ADAM9,0.36271336957247097,0.3609019738767874,0.0018113956956835597
GSE96804,R-HSA-1474244,ADAMTS1,0.36271336957247097,0.35882906112887153,0.003884308443599438
GSE96804,R-HSA-1474244,ADAMTS14,0.36271336957247097,0.3616171023727054,0.001096267199765577
GSE96804,R-HSA-1474244,ADAMTS16,0.36271336957247097,0.35989400137629907,0.002819368196171901
GSE96804,R-HSA-1474244,ADAMTS18,0.36271336957247097,0.36234440117448485,0.0003689683979861136
GSE96804,R-HSA-1474244,ADAMTS2,0.36271336957247097,0.3602567464995482,0.00245662307292277
GSE96804,R-HSA-1474244,ADAMTS3,0.36271336957247097,0.36091876195386824,0.0017946076186027282
GSE96804,R-HSA-1474244,ADAMTS4,0.36271336957247097,0.3642273349436133,0.001513965371142345
GSE96804,R-HSA-1474244,ADAMTS5,0.36271336957247097,0.35936077146102424,0.003352598111446725
GSE96804,R-HSA-1474244,ADAMTS8,0.36271336957247097,0.36191331308035185,0.0008000564921191167
GSE96804,R-HSA-1474244,ADAMTS9,0.36271336957247097,0.36518261517557227,0.0024692456031013
GSE96804,R-HSA-1474244,APP,0.36271336957247097,0.36458748499893384,0.0018741154264628745
GSE96804,R-HSA-1474244,ASPN,0.36271336957247097,0.3582554449185158,0.00445792465395517
GSE96804,R-HSA-1474244,BCAN,0.36271336957247097,0.3625942535186682,0.00011911605380277024
GSE96804,R-HSA-1474244,BGN,0.36271336957247097,0.3642234026415575,0.001510033069086536
GSE96804,R-HSA-1474244,BMP1,0.36271336957247097,0.3643300717872435,0.0016167022147725585
GSE96804,R-HSA-1474244,BMP10,0.36271336957247097,0.3650320368167676,0.002318667244296635
GSE96804,R-HSA-1474244,BMP2,0.36271336957247097,0.362278906779163,0.0004344627933079437
GSE96804,R-HSA-1474244,BMP4,0.36271336957247097,0.36473740704616564,0.002024037473694673
GSE96804,R-HSA-1474244,BMP7,0.36271336957247097,0.3686385777744936,0.005925208202022636
GSE96804,R-HSA-1474244,BSG,0.36271336957247097,0.37036117228650745,0.007647802714036478
GSE96804,R-HSA-1474244,CAPN1,0.36271336957247097,0.3662266650978697,0.003513295525398752
GSE96804,R-HSA-1474244,CAPN10,0.36271336957247097,0.36141147538639884,0.0013018941860721278
GSE96804,R-HSA-1474244,CAPN11,0.36271336957247097,0.36347330887392154,0.000759939301450574
GSE96804,R-HSA-1474244,CAPN12,0.36271336957247097,0.3654034551815765,0.0026900856091055525
GSE96804,R-HSA-1474244,CAPN13,0.36271336957247097,0.3648694413609488,0.0021560717884778202
GSE96804,R-HSA-1474244,CAPN14,0.36271336957247097,0.36263709490829493,7.627466417603479e-05
GSE96804,R-HSA-1474244,CAPN2,0.36271336957247097,0.36518441247917977,0.002471042906708798
GSE96804,R-HSA-1474244,CAPN3,0.36271336957247097,0.3659976940529393,0.003284324480468337
GSE96804,R-HSA-1474244,CAPN5,0.36271336957247097,0.3664485291196958,0.003735159547224809
GSE96804,R-HSA-1474244,CAPN6,0.36271336957247097,0.3603003094378734,0.0024130601345975777
GSE96804,R-HSA-1474244,CAPN7,0.36271336957247097,0.3629324293322868,0.0002190597598158428
GSE96804,R-HSA-1474244,CAPN8,0.36271336957247097,0.3622554654258311,0.0004579041466398759
GSE96804,R-HSA-1474244,CAPN9,0.36271336957247097,0.36460171388109386,0.0018883443086228913
GSE96804,R-HSA-1474244,CAPNS1,0.36271336957247097,0.3669353965721929,0.004222026999721906
GSE96804,R-HSA-1474244,CAPNS2,0.36271336957247097,0.3636083355617698,0.0008949659892988349
GSE96804,R-HSA-1474244,CASK,0.36271336957247097,0.36207481160680777,0.0006385579656632001
GSE96804,R-HSA-1474244,CASP3,0.36271336957247097,0.3571282023050335,0.005585167267437463
GSE96804,R-HSA-1474244,CAST,0.36271336957247097,0.365170958405411,0.0024575888329400053
GSE96804,R-HSA-1474244,CD151,0.36271336957247097,0.3662638577274655,0.0035504881549945355
GSE96804,R-HSA-1474244,CD44,0.36271336957247097,0.36080973411248424,0.00190363545998673
GSE96804,R-HSA-1474244,CD47,0.36271336957247097,0.36382728503795003,0.001113915465479065
GSE96804,R-HSA-1474244,CDH1,0.36271336957247097,0.3629614854251573,0.00024811585268635916
GSE96804,R-HSA-1474244,CEACAM1,0.36271336957247097,0.3670034965641261,0.004290126991655152
GSE96804,R-HSA-1474244,CEACAM6,0.36271336957247097,0.3659255912630954,0.003212221690624406
GSE96804,R-HSA-1474244,CEACAM8,0.36271336957247097,0.36571336386008846,0.002999994287617491
GSE96804,R-HSA-1474244,CMA1,0.36271336957247097,0.36211927457680987,0.0005940949956610986
GSE96804,R-HSA-1474244,COL10A1,0.36271336957247097,0.35814742574234343,0.004565943830127539
GSE96804,R-HSA-1474244,COL11A1,0.36271336957247097,0.3595494222879022,0.0031639472845687577
GSE96804,R-HSA-1474244,COL11A2,0.36271336957247097,0.3598577994440183,0.002855570128452667
GSE96804,R-HSA-1474244,COL12A1,0.36271336957247097,0.3603543631887004,0.0023590063837705677
GSE96804,R-HSA-1474244,COL13A1,0.36271336957247097,0.3581649066337985,0.0045484629386724484
GSE96804,R-HSA-1474244,COL14A1,0.36271336957247097,0.3601966514965372,0.002516718075933788
GSE96804,R-HSA-1474244,COL15A1,0.36271336957247097,0.3587629928565217,0.0039503767159492775
GSE96804,R-HSA-1474244,COL16A1,0.36271336957247097,0.3579997420197813,0.00471362755268967
GSE96804,R-HSA-1474244,COL18A1,0.36271336957247097,0.36354902878440587,0.0008356592119349027
GSE96804,R-HSA-1474244,COL19A1,0.36271336957247097,0.3654370592218321,0.0027236896493611495
GSE96804,R-HSA-1474244,COL1A1,0.36271336957247097,0.35927482637742153,0.003438543195049437
GSE96804,R-HSA-1474244,COL1A2,0.36271336957247097,0.35924564055559843,0.003467729016872534
GSE96804,R-HSA-1474244,COL20A1,0.36271336957247097,0.35801922298364747,0.0046941465888235
GSE96804,R-HSA-1474244,COL21A1,0.36271336957247097,0.36046779362081766,0.0022455759516533114
GSE96804,R-HSA-1474244,COL22A1,0.36271336957247097,0.3589464255884741,0.003766943983996851
GSE96804,R-HSA-1474244,COL23A1,0.36271336957247097,0.3602372449126593,0.0024761246598116737
GSE96804,R-HSA-1474244,COL24A1,0.36271336957247097,0.36125397405661375,0.0014593955158572203
GSE96804,R-HSA-1474244,COL25A1,0.36271336957247097,0.36183255659052915,0.0008808129819418142
GSE96804,R-HSA-1474244,COL27A1,0.36271336957247097,0.35906608804248047,0.003647281529990498
GSE96804,R-HSA-1474244,COL28A1,0.36271336957247097,0.36255581596057623,0.00015755361189473405
GSE96804,R-HSA-1474244,COL2A1,0.36271336957247097,0.3589967832608867,0.00371658631158428
GSE96804,R-HSA-1474244,COL4A1,0.36271336957247097,0.3608916832259229,0.001821686346548057
GSE96804,R-HSA-1474244,COL4A2,0.36271336957247097,0.3603401365696937,0.002373233002777253
GSE96804,R-HSA-1474244,COL4A3,0.36271336957247097,0.36551293353391673,0.0027995639614457613
GSE96804,R-HSA-1474244,COL4A4,0.36271336957247097,0.36561698273767057,0.0029036131651996033
GSE96804,R-HSA-1474244,COL4A5,0.36271336957247097,0.3646668071100382,0.0019534375375672153
GSE96804,R-HSA-1474244,COL4A6,0.36271336957247097,0.362073892829557,0.0006394767429139803
GSE96804,R-HSA-1474244,COL5A1,0.36271336957247097,0.35829499602027526,0.004418373552195709
GSE96804,R-HSA-1474244,COL5A2,0.36271336957247097,0.3596055160498971,0.003107853522573867
GSE96804,R-HSA-1474244,COL5A3,0.36271336957247097,0.3595061176017164,0.0032072519707545544
GSE96804,R-HSA-1474244,COL6A1,0.36271336957247097,0.3613453162265397,0.0013680533459312638
GSE96804,R-HSA-1474244,COL6A2,0.36271336957247097,0.35839569994391585,0.004317669628555121
GSE96804,R-HSA-1474244,COL6A3,0.36271336957247097,0.3595981748213946,0.0031151947510763556
GSE96804,R-HSA-1474244,COL6A5,0.36271336957247097,0.36108511919412317,0.0016282503783477953
GSE96804,R-HSA-1474244,COL6A6,0.36271336957247097,0.3584743325456,0.004239037026870951
GSE96804,R-HSA-1474244,COL7A1,0.36271336957247097,0.35998353326234384,0.0027298363101271317
GSE96804,R-HSA-1474244,COL8A1,0.36271336957247097,0.3596038461668532,0.0031095234056177645
GSE96804,R-HSA-1474244,COL8A2,0.36271336957247097,0.3640268440933405,0.0013134745208695509
GSE96804,R-HSA-1474244,COL9A1,0.36271336957247097,0.3614236119035134,0.0012897576689575585
GSE96804,R-HSA-1474244,COL9A2,0.36271336957247097,0.359699774545603,0.003013595026867988
GSE96804,R-HSA-1474244,COL9A3,0.36271336957247097,0.3597439816345886,0.002969387937882373
GSE96804,R-HSA-1474244,COMP,0.36271336957247097,0.359941321102543,0.002772048469927957
GSE96804,R-HSA-1474244,CTRB1,0.36271336957247097,0.3651318033787229,0.0024184338062519517
GSE96804,R-HSA-1474244,CTRB2,0.36271336957247097,0.36644422156061385,0.0037308519881428803
GSE96804,R-HSA-1474244,CTSB,0.36271336957247097,0.3656146301272287,0.0029012605547577563
GSE96804,R-HSA-1474244,CTSD,0.36271336957247097,0.36894728111821906,0.006233911545748094
GSE96804,R-HSA-1474244,CTSG,0.36271336957247097,0.36214750155056435,0.0005658680219066126
GSE96804,R-HSA-1474244,CTSK,0.36271336957247097,0.35891476268339984,0.003798606889071132
GSE96804,R-HSA-1474244,CTSS,0.36271336957247097,0.36419326057575907,0.001479891003288103
GSE96804,R-HSA-1474244,DAG1,0.36271336957247097,0.3653483981088729,0.0026350285364019066
GSE96804,R-HSA-1474244,DCN,0.36271336957247097,0.36811612306014535,0.005402753487674383
GSE96804,R-HSA-1474244,DDR1,0.36271336957247097,0.36472709057158464,0.0020137209991136773
GSE96804,R-HSA-1474244,DDR2,0.36271336957247097,0.36001044859803266,0.0027029209744383054
GSE96804,R-HSA-1474244,DMD,0.36271336957247097,0.3611351950236806,0.0015781745487903898
GSE96804,R-HSA-1474244,DMP1,0.36271336957247097,0.36303147834701954,0.00031810877454857556
GSE96804,R-HSA-1474244,DRP2,0.36271336957247097,0.3615723259720574,0.0011410436004135605
GSE96804,R-HSA-1474244,DSPP,0.36271336957247097,0.3638958279911977,0.0011824584187267173
GSE96804,R-HSA-1474244,DTNA,0.36271336957247097,0.36667020719851495,0.003956837626043985
GSE96804,R-HSA-1474244,DTNB,0.36271336957247097,0.3621322316343665,0.0005811379381044923
GSE96804,R-HSA-1474244,EFEMP1,0.36271336957247097,0.3665088283965225,0.003795458824051523
GSE96804,R-HSA-1474244,EFEMP2,0.36271336957247097,0.3667692350318191,0.004055865459348107
GSE96804,R-HSA-1474244,ELANE,0.36271336957247097,0.36553672645306745,0.0028233568805964837
GSE96804,R-HSA-1474244,ELN,0.36271336957247097,0.3566194886903909,0.006093880882080072
GSE96804,R-HSA-1474244,EMILIN1,0.36271336957247097,0.36056779144409434,0.002145578128376624
GSE96804,R-HSA-1474244,EMILIN2,0.36271336957247097,0.36293771390830337,0.00022434433583240487
GSE96804,R-HSA-1474244,EMILIN3,0.36271336957247097,0.3633961244562187,0.0006827548837477493
GSE96804,R-HSA-1474244,FBLN1,0.36271336957247097,0.3606885567685909,0.0020248128038800606
GSE96804,R-HSA-1474244,FBLN2,0.36271336957247097,0.36138809311630105,0.0013252764561699215
GSE96804,R-HSA-1474244,FBLN5,0.36271336957247097,0.3600444366180738,0.002668932954397185
GSE96804,R-HSA-1474244,FBN1,0.36271336957247097,0.35850565574664467,0.004207713825826298
GSE96804,R-HSA-1474244,FBN2,0.36271336957247097,0.3611190073078124,0.0015943622646585887
GSE96804,R-HSA-1474244,FBN3,0.36271336957247097,0.36172130873936126,0.0009920608331097092
GSE96804,R-HSA-1474244,FGA,0.36271336957247097,0.36327704776176023,0.0005636781892892628
GSE96804,R-HSA-1474244,FGB,0.36271336957247097,0.36343487794928087,0.0007215083768098984
GSE96804,R-HSA-1474244,FGF2,0.36271336957247097,0.36018523054051654,0.002528139031954424
GSE96804,R-HSA-1474244,FGG,0.36271336957247097,0.3631929718634632,0.0004796022909922537
GSE96804,R-HSA-1474244,FMOD,0.36271336957247097,0.36047513222272337,0.002238237349747596
GSE96804,R-HSA-1474244,FN1,0.36271336957247097,0.35768356223592174,0.00502980733654923
GSE96804,R-HSA-1474244,FURIN,0.36271336957247097,0.3642327579713828,0.0015193883989118584
GSE96804,R-HSA-1474244,GDF5,0.36271336957247097,0.36138215277463814,0.0013312167978328238
GSE96804,R-HSA-1474244,HAPLN1,0.36271336957247097,0.3651369482526068,0.0024235786801358183
GSE96804,R-HSA-1474244,HSPG2,0.36271336957247097,0.3591933884844032,0.0035199810880677807
GSE96804,R-HSA-1474244,HTRA1,0.36271336957247097,0.36886887150816117,0.0061555019356902
GSE96804,R-HSA-1474244,IBSP,0.36271336957247097,0.3629013052596273,0.00018793568715635978
GSE96804,R-HSA-1474244,ICAM1,0.36271336957247097,0.36459691400496286,0.0018835444324918904
GSE96804,R-HSA-1474244,ICAM2,0.36271336957247097,0.3651365599801889,0.0024231904077179345
GSE96804,R-HSA-1474244,ICAM3,0.36271336957247097,0.3687006200639769,0.005987250491505947
GSE96804,R-HSA-1474244,ICAM4,0.36271336957247097,0.365969971114379,0.003256601541908044
GSE96804,R-HSA-1474244,ICAM5,0.36271336957247097,0.3657142604246532,0.0030008908521822475
GSE96804,R-HSA-1474244,ITGA1,0.36271336957247097,0.3611807801317285,0.0015325894407424712
GSE96804,R-HSA-1474244,ITGA11,0.36271336957247097,0.35973960526354554,0.0029737643089254306
GSE96804,R-HSA-1474244,ITGA2,0.36271336957247097,0.36166440740932787,0.0010489621631430968
GSE96804,R-HSA-1474244,ITGA2B,0.36271336957247097,0.36134310090167604,0.0013702686707949274
GSE96804,R-HSA-1474244,ITGA3,0.36271336957247097,0.3676869775496099,0.004973607977138916
GSE96804,R-HSA-1474244,ITGA4,0.36271336957247097,0.3610999858845765,0.0016133836878944874
GSE96804,R-HSA-1474244,ITGA5,0.36271336957247097,0.3582586617599329,0.0044547078125380946
GSE96804,R-HSA-1474244,ITGA6,0.36271336957247097,0.3617442447732579,0.0009691247992130725
GSE96804,R-HSA-1474244,ITGA7,0.36271336957247097,0.3616751838690963,0.001038185703374661
GSE96804,R-HSA-1474244,ITGA8,0.36271336957247097,0.3668197412933001,0.004106371720829116
GSE96804,R-HSA-1474244,ITGA9,0.36271336957247097,0.36047704773041084,0.0022363218420601294
GSE96804,R-HSA-1474244,ITGAD,0.36271336957247097,0.3610344683785333,0.0016789011939376541
GSE96804,R-HSA-1474244,ITGAE,0.36271336957247097,0.3625812345964196,0.00013213497605135682
GSE96804,R-HSA-1474244,ITGAL,0.36271336957247097,0.36296618655443225,0.0002528169819612791
GSE96804,R-HSA-1474244,ITGAM,0.36271336957247097,0.3628404686689515,0.00012709909648050965
GSE96804,R-HSA-1474244,ITGAV,0.36271336957247097,0.3647134582299162,0.0020000886574452204
GSE96804,R-HSA-1474244,ITGAX,0.36271336957247097,0.36268046126574316,3.290830672780798e-05
GSE96804,R-HSA-1474244,ITGB1,0.36271336957247097,0.36150877464087744,0.0012045949315935278
GSE96804,R-HSA-1474244,ITGB2,0.36271336957247097,0.3628221834639424,0.00010881389147143761
GSE96804,R-HSA-1474244,ITGB3,0.36271336957247097,0.36302235286970846,0.0003089832972374973
GSE96804,R-HSA-1474244,ITGB4,0.36271336957247097,0.3609994986335744,0.0017138709388965778
GSE96804,R-HSA-1474244,ITGB5,0.36271336957247097,0.36790470018891497,0.005191330616444001
GSE96804,R-HSA-1474244,ITGB6,0.36271336957247097,0.3608234316247346,0.001889937947736342
GSE96804,R-HSA-1474244,ITGB7,0.36271336957247097,0.36486015939827215,0.0021467898258011875
GSE96804,R-HSA-1474244,ITGB8,0.36271336957247097,0.36447326210893727,0.001759892536466301
GSE96804,R-HSA-1474244,JAM2,0.36271336957247097,0.36010188952608174,0.002611480046389225
GSE96804,R-HSA-1474244,JAM3,0.36271336957247097,0.3646828819499069,0.0019695123774359224
GSE96804,R-HSA-1474244,KDR,0.36271336957247097,0.36790713751583787,0.0051937679433669
GSE96804,R-HSA-1474244,KLK2,0.36271336957247097,0.36403475349522113,0.0013213839227501634
GSE96804,R-HSA-1474244,KLK7,0.36271336957247097,0.3673669563628683,0.004653586790397346
GSE96804,R-HSA-1474244,KLKB1,0.36271336957247097,0.36233174248026784,0.0003816270922031295
GSE96804,R-HSA-1474244,LAMA1,0.36271336957247097,0.3620305218422537,0.000682847730217262
GSE96804,R-HSA-1474244,LAMA2,0.36271336957247097,0.36040320150313493,0.0023101680693360382
GSE96804,R-HSA-1474244,LAMA3,0.36271336957247097,0.36254596901387515,0.00016740055859582048
GSE96804,R-HSA-1474244,LAMA4,0.36271336957247097,0.3591046390139648,0.00360873055850619
GSE96804,R-HSA-1474244,LAMB1,0.36271336957247097,0.3616806552567794,0.0010327143156915741
GSE96804,R-HSA-1474244,LAMB2,0.36271336957247097,0.3674730230063819,0.0047596534339109375
GSE96804,R-HSA-1474244,LAMC1,0.36271336957247097,0.36005232951437616,0.00266104005809481
GSE96804,R-HSA-1474244,LAMC2,0.36271336957247097,0.3605086062831201,0.002204763289350875
GSE96804,R-HSA-1474244,LAMC3,0.36271336957247097,0.3597141796585994,0.002999189913871547
GSE96804,R-HSA-1474244,LOX,0.36271336957247097,0.36989136287196905,0.007177993299498087
GSE96804,R-HSA-1474244,LOXL1,0.36271336957247097,0.363078922193769,0.00036555262129805977
GSE96804,R-HSA-1474244,LOXL2,0.36271336957247097,0.3601338592093435,0.0025795103631274796
GSE96804,R-HSA-1474244,LOXL3,0.36271336957247097,0.36567772065196086,0.002964351079489891
GSE96804,R-HSA-1474244,LOXL4,0.36271336957247097,0.3588202070442621,0.003893162528208871
GSE96804,R-HSA-1474244,LRP4,0.36271336957247097,0.3637418957429335,0.001028526170462507
GSE96804,R-HSA-1474244,LTBP1,0.36271336957247097,0.35827471033673297,0.004438659235737996
GSE96804,R-HSA-1474244,LTBP2,0.36271336957247097,0.36121955840881204,0.0014938111636589313
GSE96804,R-HSA-1474244,LTBP3,0.36271336957247097,0.3641165435745703,0.0014031740020993277
GSE96804,R-HSA-1474244,LTBP4,0.36271336957247097,0.36382266797695273,0.0011092984044817622
GSE96804,R-HSA-1474244,LUM,0.36271336957247097,0.35872412987868757,0.003989239693783397
GSE96804,R-HSA-1474244,MADCAM1,0.36271336957247097,0.36633803851302676,0.0036246689405557975
GSE96804,R-HSA-1474244,MATN1,0.36271336957247097,0.3632666935183305,0.0005533239458595518
GSE96804,R-HSA-1474244,MATN3,0.36271336957247097,0.36681745456517334,0.004104084992702373
GSE96804,R-HSA-1474244,MATN4,0.36271336957247097,0.3634048210264525,0.0006914514539815286
GSE96804,R-HSA-1474244,MFAP2,0.36271336957247097,0.3593983401191682,0.0033150294533027536
GSE96804,R-HSA-1474244,MFAP3,0.36271336957247097,0.3661240020846859,0.003410632512214906
GSE96804,R-HSA-1474244,MFAP4,0.36271336957247097,0.3597931819232098,0.0029201876492611634
GSE96804,R-HSA-1474244,MFAP5,0.36271336957247097,0.36643531938131174,0.0037219498088407743
GSE96804,R-HSA-1474244,MMP1,0.36271336957247097,0.36250493290321784,0.00020843666925313142
GSE96804,R-HSA-1474244,MMP10,0.36271336957247097,0.3607988937238881,0.0019144758485828417
GSE96804,R-HSA-1474244,MMP11,0.36271336957247097,0.360033116425954,0.0026802531465169865
GSE96804,R-HSA-1474244,MMP12,0.36271336957247097,0.3606377516012257,0.0020756179712452805
GSE96804,R-HSA-1474244,MMP13,0.36271336957247097,0.3599757924031309,0.0027375771693400885
GSE96804,R-HSA-1474244,MMP14,0.36271336957247097,0.3611508820765933,0.0015624874958776735
GSE96804,R-HSA-1474244,MMP15,0.36271336957247097,0.3694613622425983,0.006747992670127323
GSE96804,R-HSA-1474244,MMP16,0.36271336957247097,0.36388619233969993,0.0011728227672289648
GSE96804,R-HSA-1474244,MMP17,0.36271336957247097,0.3616684662048931,0.001044903367577843
GSE96804,R-HSA-1474244,MMP19,0.36271336957247097,0.3612779690100184,0.00143540056245256
GSE96804,R-HSA-1474244,MMP2,0.36271336957247097,0.3588899109675648,0.0038234586049061825
GSE96804,R-HSA-1474244,MMP20,0.36271336957247097,0.36423076036292595,0.0015173907904549866
GSE96804,R-HSA-1474244,MMP24,0.36271336957247097,0.3640962689403825,0.0013828993679115276
GSE96804,R-HSA-1474244,MMP25,0.36271336957247097,0.367374133744878,0.004660764172407017
GSE96804,R-HSA-1474244,MMP3,0.36271336957247097,0.36138503964056023,0.0013283299319107322
GSE96804,R-HSA-1474244,MMP7,0.36271336957247097,0.3606292957304651,0.0020840738420058735
GSE96804,R-HSA-1474244,MMP8,0.36271336957247097,0.36634835587595993,0.003634986303488963
GSE96804,R-HSA-1474244,MMP9,0.36271336957247097,0.3640392579800322,0.0013258884075612598
GSE96804,R-HSA-1474244,MUSK,0.36271336957247097,0.36376207323140003,0.0010487036589290621
GSE96804,R-HSA-1474244,NCAM1,0.36271336957247097,0.35877292727678856,0.0039404422956824114
GSE96804,R-HSA-1474244,NCAN,0.36271336957247097,0.36241473319020834,0.00029863638226262923
GSE96804,R-HSA-1474244,NCSTN,0.36271336957247097,0.3689225011245994,0.006209131552128433
GSE96804,R-HSA-1474244,NID1,0.36271336957247097,0.3622224804131743,0.0004908891592966813
GSE96804,R-HSA-1474244,NID2,0.36271336957247097,0.35948990942003184,0.003223460152439128
GSE96804,R-HSA-1474244,NRXN1,0.36271336957247097,0.3673934505786432,0.004680081006172232
GSE96804,R-HSA-1474244,NTN4,0.36271336957247097,0.3659839308763253,0.0032705613038543357
GSE96804,R-HSA-1474244,OPTC,0.36271336957247097,0.36381675097989036,0.0011033814074193904
GSE96804,R-HSA-1474244,P4HA1,0.36271336957247097,0.3671616670540477,0.004448297481576713
GSE96804,R-HSA-1474244,P4HA3,0.36271336957247097,0.36194845970039763,0.0007649098720733383
GSE96804,R-HSA-1474244,P4HB,0.36271336957247097,0.3630503069164733,0.00033693734400230824
GSE96804,R-HSA-1474244,PCOLCE,0.36271336957247097,0.3596567367621452,0.0030566328103257545
GSE96804,R-HSA-1474244,PCOLCE2,0.36271336957247097,0.3689280141272552,0.00621464455478421
GSE96804,R-HSA-1474244,PDGFA,0.36271336957247097,0.3650088066038159,0.002295437031344938
GSE96804,R-HSA-1474244,PDGFB,0.36271336957247097,0.3587035252561214,0.004009844316349542
GSE96804,R-HSA-1474244,PECAM1,0.36271336957247097,0.36078345674818874,0.0019299128242822317
GSE96804,R-HSA-1474244,PLEC,0.36271336957247097,0.36236494604844827,0.0003484235240227007
GSE96804,R-HSA-1474244,PLG,0.36271336957247097,0.3676679529707796,0.004954583398308621
GSE96804,R-HSA-1474244,PLOD1,0.36271336957247097,0.368317021821514,0.005603652249043023
GSE96804,R-HSA-1474244,PLOD2,0.36271336957247097,0.36216191538905357,0.0005514541834173992
GSE96804,R-HSA-1474244,PLOD3,0.36271336957247097,0.36685862509592165,0.004145255523450686
GSE96804,R-HSA-1474244,PPIB,0.36271336957247097,0.3661908940033675,0.0034775244308965503
GSE96804,R-HSA-1474244,PRKCA,0.36271336957247097,0.3666398616858425,0.003926492113371538
GSE96804,R-HSA-1474244,PRSS1,0.36271336957247097,0.3656296541146818,0.002916284542210823
GSE96804,R-HSA-1474244,PSEN1,0.36271336957247097,0.36212176167513455,0.0005916078973364214
GSE96804,R-HSA-1474244,PTPRS,0.36271336957247097,0.36387546136069265,0.0011620917882216864
GSE96804,R-HSA-1474244,PXDN,0.36271336957247097,0.35952911005841415,0.0031842595140568197
GSE96804,R-HSA-1474244,SCUBE1,0.36271336957247097,0.36330512877681254,0.0005917592043415687
GSE96804,R-HSA-1474244,SDC1,0.36271336957247097,0.3696020083872894,0.006888638814818437
GSE96804,R-HSA-1474244,SDC2,0.36271336957247097,0.3651740869970097,0.0024607174245387387
GSE96804,R-HSA-1474244,SDC3,0.36271336957247097,0.36175410011297837,0.0009592694594925955
GSE96804,R-HSA-1474244,SDC4,0.36271336957247097,0.3694546483027345,0.0067412787302635335
GSE96804,R-HSA-1474244,SERPINE1,0.36271336957247097,0.3614789889023773,0.0012343806700936821
GSE96804,R-HSA-1474244,SERPINH1,0.36271336957247097,0.36189254917976427,0.0008208203927067004
GSE96804,R-HSA-1474244,SGCA,0.36271336957247097,0.358896492468048,0.0038168771044229666
GSE96804,R-HSA-1474244,SGCB,0.36271336957247097,0.3661137925483323,0.0034004229758613502
GSE96804,R-HSA-1474244,SGCD,0.36271336957247097,0.36157587196643126,0.0011374976060397057
GSE96804,R-HSA-1474244,SGCE,0.36271336957247097,0.3616123018197006,0.0011010677527703572
GSE96804,R-HSA-1474244,SGCG,0.36271336957247097,0.3633921591835814,0.000678789611110453
GSE96804,R-HSA-1474244,SGCZ,0.36271336957247097,0.3656404286443969,0.0029270590719259193
GSE96804,R-HSA-1474244,SH3PXD2A,0.36271336957247097,0.35950646277757903,0.0032069067948919394
GSE96804,R-HSA-1474244,SNTA1,0.36271336957247097,0.3704762729773388,0.007762903404867849
GSE96804,R-HSA-1474244,SNTB1,0.36271336957247097,0.36455429487956564,0.0018409253070946763
GSE96804,R-HSA-1474244,SNTB2,0.36271336957247097,0.3614176503531246,0.0012957192193463474
GSE96804,R-HSA-1474244,SNTG2,0.36271336957247097,0.36038947638526647,0.0023238931872044954
GSE96804,R-HSA-1474244,SPARC,0.36271336957247097,0.3635487330821794,0.00083536350970842
GSE96804,R-HSA-1474244,SPOCK3,0.36271336957247097,0.36304633024901745,0.00033296067654647876
GSE96804,R-HSA-1474244,SPP1,0.36271336957247097,0.36343757691221606,0.0007242073397450977
GSE96804,R-HSA-1474244,SSPN,0.36271336957247097,0.35912308621880845,0.0035902833536625156
GSE96804,R-HSA-1474244,TGFB1,0.36271336957247097,0.362293310445136,0.00042005912733494855
GSE96804,R-HSA-1474244,TGFB2,0.36271336957247097,0.35958726291736315,0.0031261066551078187
GSE96804,R-HSA-1474244,TGFB3,0.36271336957247097,0.3592638326394536,0.003449536933017361
GSE96804,R-HSA-1474244,THBS1,0.36271336957247097,0.3668053310068291,0.004091961434358138
GSE96804,R-HSA-1474244,TIMP1,0.36271336957247097,0.36206517464987975,0.0006481949225912165
GSE96804,R-HSA-1474244,TLL1,0.36271336957247097,0.3635638696405791,0.0008505000681081065
GSE96804,R-HSA-1474244,TMPRSS6,0.36271336957247097,0.3630709612271179,0.0003575916546469382
GSE96804,R-HSA-1474244,TNC,0.36271336957247097,0.359947237807843,0.002766131764627977
GSE96804,R-HSA-1474244,TNN,0.36271336957247097,0.36396105793696587,0.0012476883644949033
GSE96804,R-HSA-1474244,TNR,0.36271336957247097,0.3644647352566687,0.0017513656841977587
GSE96804,R-HSA-1474244,TNXB,0.36271336957247097,0.35844568954443684,0.0042676800280341265
GSE96804,R-HSA-1474244,TTR,0.36271336957247097,0.3661081985450659,0.00339482897259491
GSE96804,R-HSA-1474244,UTRN,0.36271336957247097,0.36090180222619966,0.0018115673462713033
GSE96804,R-HSA-1474244,VCAM1,0.36271336957247097,0.36168305144733526,0.0010303181251357096
GSE96804,R-HSA-1474244,VCAN,0.36271336957247097,0.3604320393593378,0.002281330213133148
GSE96804,R-HSA-1474244,VWF,0.36271336957247097,0.3599340129236987,0.0027793566487722687
GSE96804,R-HSA-1234174,ADRM1,-0.42658951957627494,-0.41164344761614097,0.014946071960133978
GSE96804,R-HSA-1234174,AJUBA,-0.42658951957627494,-0.4196455482100248,0.0069439713662501346
GSE96804,R-HSA-1234174,ARNT,-0.42658951957627494,-0.417063264136704,0.009526255439570919
GSE96804,R-HSA-1234174,CA9,-0.42658951957627494,-0.4259043849761041,0.0006851346001708336
GSE96804,R-HSA-1234174,CITED2,-0.42658951957627494,-0.41003005897400324,0.016559460602271703
GSE96804,R-HSA-1234174,CREBBP,-0.42658951957627494,-0.4245043892058454,0.0020851303704295665
GSE96804,R-HSA-1234174,CUL2,-0.42658951957627494,-0.4366131504882236,0.010023630911948633
GSE96804,R-HSA-1234174,EGLN1,-0.42658951957627494,-0.41955683256676085,0.007032687009514094
GSE96804,R-HSA-1234174,EGLN2,-0.42658951957627494,-0.43877481790736744,0.012185298331092498
GSE96804,R-HSA-1234174,EGLN3,-0.42658951957627494,-0.430174261804731,0.0035847422284560615
GSE96804,R-HSA-1234174,EPAS1,-0.42658951957627494,-0.42010409964228235,0.006485419933992598
GSE96804,R-HSA-1234174,EPO,-0.42658951957627494,-0.44505761210727707,0.018468092531002123
GSE96804,R-HSA-1234174,HIF1A,-0.42658951957627494,-0.45309217121421286,0.026502651637937913
GSE96804,R-HSA-1234174,HIF1AN,-0.42658951957627494,-0.4334396515662263,0.00685013198995138
GSE96804,R-HSA-1234174,HIF3A,-0.42658951957627494,-0.4425229105535126,0.01593339097723767
GSE96804,R-HSA-1234174,HIGD1A,-0.42658951957627494,-0.43679685139477525,0.01020733181850031
GSE96804,R-HSA-1234174,LIMD1,-0.42658951957627494,-0.4547380800865338,0.02814856051025888
GSE96804,R-HSA-1234174,PSMA1,-0.42658951957627494,-0.4406375826943669,0.01404806311809198
GSE96804,R-HSA-1234174,PSMA2,-0.42658951957627494,-0.42439857144243914,0.0021909481338358017
GSE96804,R-HSA-1234174,PSMA3,-0.42658951957627494,-0.43508145926264175,0.0084919396863668
GSE96804,R-HSA-1234174,PSMA4,-0.42658951957627494,-0.44984945184124775,0.023259932264972805
GSE96804,R-HSA-1234174,PSMA5,-0.42658951957627494,-0.4144549066417183,0.012134612934556643
GSE96804,R-HSA-1234174,PSMA6,-0.42658951957627494,-0.4460786083168457,0.01948908874057076
GSE96804,R-HSA-1234174,PSMA7,-0.42658951957627494,-0.42218712688359106,0.0044023926926838874
GSE96804,R-HSA-1234174,PSMB1,-0.42658951957627494,-0.4131383400963398,0.013451179479935127
GSE96804,R-HSA-1234174,PSMB3,-0.42658951957627494,-0.40990670279678704,0.016682816779487908
GSE96804,R-HSA-1234174,PSMB4,-0.42658951957627494,-0.43283589680222473,0.006246377225949784
GSE96804,R-HSA-1234174,PSMB5,-0.42658951957627494,-0.4064093415875559,0.020180177988719072
GSE96804,R-HSA-1234174,PSMB6,-0.42658951957627494,-0.4125998446299625,0.013989674946312425
GSE96804,R-HSA-1234174,PSMB7,-0.42658951957627494,-0.4149768219363442,0.011612697639930725
GSE96804,R-HSA-1234174,PSMC1,-0.42658951957627494,-0.4235894355454654,0.0030000840308095356
GSE96804,R-HSA-1234174,PSMC2,-0.42658951957627494,-0.41715687462057893,0.009432644955696012
GSE96804,R-HSA-1234174,PSMC3,-0.42658951957627494,-0.4161418161301609,0.010447703446114065
GSE96804,R-HSA-1234174,PSMC4,-0.42658951957627494,-0.4107780173830531,0.01581150219322186
GSE96804,R-HSA-1234174,PSMC5,-0.42658951957627494,-0.41993251308724705,0.006657006489027895
GSE96804,R-HSA-1234174,PSMC6,-0.42658951957627494,-0.4212193936094547,0.005370125966820238
GSE96804,R-HSA-1234174,PSMD1,-0.42658951957627494,-0.4264000607366927,0.00018945883958226828
GSE96804,R-HSA-1234174,PSMD11,-0.42658951957627494,-0.4341370574700787,0.007547537893803746
GSE96804,R-HSA-1234174,PSMD12,-0.42658951957627494,-0.43877353061070135,0.0121840110344264
GSE96804,R-HSA-1234174,PSMD13,-0.42658951957627494,-0.41579633857140386,0.010793181004871089
GSE96804,R-HSA-1234174,PSMD14,-0.42658951957627494,-0.44551611524837603,0.018926595672101088
GSE96804,R-HSA-1234174,PSMD2,-0.42658951957627494,-0.43754638089849013,0.010956861322215183
GSE96804,R-HSA-1234174,PSMD3,-0.42658951957627494,-0.4089551020719427,0.017634417504332256
GSE96804,R-HSA-1234174,PSMD6,-0.42658951957627494,-0.42994265037619495,0.003353130799920001
GSE96804,R-HSA-1234174,PSMD7,-0.42658951957627494,-0.4499382047550807,0.023348685178805728
GSE96804,R-HSA-1234174,PSMD8,-0.42658951957627494,-0.4077493552948947,0.018840164281380245
GSE96804,R-HSA-1234174,UBA52,-0.42658951957627494,-0.4224791514033505,0.004110368172924428
GSE96804,R-HSA-1234174,UBB,-0.42658951957627494,-0.4096202758304925,0.01696924374578246
GSE96804,R-HSA-1234174,UBC,-0.42658951957627494,-0.3996281504439295,0.026961369132345425
GSE96804,R-HSA-1234174,UBE2D1,-0.42658951957627494,-0.4248095652230368,0.0017799543532381334
GSE96804,R-HSA-1234174,UBE2D2,-0.42658951957627494,-0.43526152781080923,0.00867200823453429
GSE96804,R-HSA-1234174,UBE2D3,-0.42658951957627494,-0.4374834780365188,0.01089395846024388
GSE96804,R-HSA-1234174,VEGFA,-0.42658951957627494,-0.42091685902375703,0.005672660552517916
GSE96804,R-HSA-1234174,VHL,-0.42658951957627494,-0.44573503152841976,0.01914551195214481
GSE96804,R-HSA-1234174,WTIP,-0.42658951957627494,-0.4207005036022038,0.0058890159740711545
GSE96804,R-HSA-170834,ARHGEF18,-0.08696655112405231,-0.07153252594502603,0.015434025179026284
GSE96804,R-HSA-170834,ATP1B4,-0.08696655112405231,-0.08850841098826244,0.0015418598642101267
GSE96804,R-HSA-170834,BAMBI,-0.08696655112405231,-0.08834494002737694,0.0013783889033246316
GSE96804,R-HSA-170834,CBL,-0.08696655112405231,-0.07873696011393884,0.008229591010113474
GSE96804,R-HSA-170834,CCNC,-0.08696655112405231,-0.10021501060722036,0.013248459483168051
GSE96804,R-HSA-170834,CCNK,-0.08696655112405231,-0.09363013188625907,0.006663580762206758
GSE96804,R-HSA-170834,CCNT1,-0.08696655112405231,-0.0752026591617365,0.011763891962315809
GSE96804,R-HSA-170834,CCNT2,-0.08696655112405231,-0.11070805176788791,0.023741500643835595
GSE96804,R-HSA-170834,CDK8,-0.08696655112405231,-0.08587269098016378,0.0010938601438885281
GSE96804,R-HSA-170834,CDKN2B,-0.08696655112405231,-0.09765443559218602,0.010687884468133707
GSE96804,R-HSA-170834,CGN,-0.08696655112405231,-0.08562967755629279,0.0013368735677595223
GSE96804,R-HSA-170834,COL1A2,-0.08696655112405231,-0.1033964027377973,0.01642985161374498
GSE96804,R-HSA-170834,E2F4,-0.08696655112405231,-0.08375104595535873,0.0032155051686935804
GSE96804,R-HSA-170834,E2F5,-0.08696655112405231,-0.09408022193219673,0.007113670808144415
GSE96804,R-HSA-170834,FBN1,-0.08696655112405231,-0.10582421806605014,0.018857666941997822
GSE96804,R-HSA-170834,FKBP1A,-0.08696655112405231,-0.09144766696932889,0.004481115845276579
GSE96804,R-HSA-170834,FURIN,-0.08696655112405231,-0.08703417481185304,6.762368780072192e-05
GSE96804,R-HSA-170834,HDAC1,-0.08696655112405231,-0.08375932553718005,0.003207225586872267
GSE96804,R-HSA-170834,ITGA8,-0.08696655112405231,-0.07854654413769767,0.008420006986354645
GSE96804,R-HSA-170834,ITGAV,-0.08696655112405231,-0.08545704587374355,0.001509505250308768
GSE96804,R-HSA-170834,ITGB1,-0.08696655112405231,-0.09597128866025278,0.009004737536200472
GSE96804,R-HSA-170834,ITGB3,-0.08696655112405231,-0.0910053915499307,0.00403884042587839
GSE96804,R-HSA-170834,ITGB5,-0.08696655112405231,-0.07498690371612961,0.011979647407922706
GSE96804,R-HSA-170834,ITGB6,-0.08696655112405231,-0.09821982979186741,0.0112532786678151
GSE96804,R-HSA-170834,ITGB8,-0.08696655112405231,-0.08624510505717989,0.0007214460668724249
GSE96804,R-HSA-170834,JUNB,-0.08696655112405231,-0.063227654998373,0.02373889612567931
GSE96804,R-HSA-170834,LTBP1,-0.08696655112405231,-0.10658192660194032,0.01961537547788801
GSE96804,R-HSA-170834,LTBP2,-0.08696655112405231,-0.096920177871074,0.009953626747021688
GSE96804,R-HSA-170834,LTBP3,-0.08696655112405231,-0.0874154624957771,0.0004489113717247861
GSE96804,R-HSA-170834,LTBP4,-0.08696655112405231,-0.08837963861380332,0.001413087489751011
GSE96804,R-HSA-170834,MAPK1,-0.08696655112405231,-0.08044773101974234,0.006518820104309972
GSE96804,R-HSA-170834,MAPK3,-0.08696655112405231,-0.07628640615795004,0.01068014496610227
GSE96804,R-HSA-170834,MEN1,-0.08696655112405231,-0.09307178692504235,0.006105235800990039
GSE96804,R-HSA-170834,MTMR4,-0.08696655112405231,-0.07801611467215233,0.008950436451899982
GSE96804,R-HSA-170834,MYC,-0.08696655112405231,-0.09097289553854247,0.004006344414490159
GSE96804,R-HSA-170834,NCOR1,-0.08696655112405231,-0.09664371631671269,0.009677165192660375
GSE96804,R-HSA-170834,NCOR2,-0.08696655112405231,-0.08475681144270983,0.0022097396813424847
GSE96804,R-HSA-170834,NEDD4L,-0.08696655112405231,-0.07275008410694496,0.014216467017107354
GSE96804,R-HSA-170834,NEDD8,-0.08696655112405231,-0.08831832034659075,0.0013517692225384348
GSE96804,R-HSA-170834,PARD3,-0.08696655112405231,-0.09076375543802533,0.0037972043139730127
GSE96804,R-HSA-170834,PARD6A,-0.08696655112405231,-0.07629777895192005,0.01066877217213226
GSE96804,R-HSA-170834,PARP1,-0.08696655112405231,-0.08691215753398238,5.439359006993716e-05
GSE96804,R-HSA-170834,PMEPA1,-0.08696655112405231,-0.0772992898711023,0.009667261252950018
GSE96804,R-HSA-170834,PPM1A,-0.08696655112405231,-0.08641626519711329,0.0005502859269390231
GSE96804,R-HSA-170834,PPP1CA,-0.08696655112405231,-0.0767644751193013,0.01020207600475101
GSE96804,R-HSA-170834,PPP1CB,-0.08696655112405231,-0.08852416137545603,0.0015576102514037182
GSE96804,R-HSA-170834,PPP1CC,-0.08696655112405231,-0.09359994595910269,0.006633394835050377
GSE96804,R-HSA-170834,PPP1R15A,-0.08696655112405231,-0.07517918501138482,0.011787366112667494
GSE96804,R-HSA-170834,PRKCZ,-0.08696655112405231,-0.07178113025714557,0.015185420866906746
GSE96804,R-HSA-170834,RBL1,-0.08696655112405231,-0.09076854308395656,0.003801991959904244
GSE96804,R-HSA-170834,RHOA,-0.08696655112405231,-0.07875429465773343,0.008212256466318887
GSE96804,R-HSA-170834,RNF111,-0.08696655112405231,-0.08186321713638035,0.00510333398767196
GSE96804,R-HSA-170834,SERPINE1,-0.08696655112405231,-0.0960690126562307,0.00910246153217839
GSE96804,R-HSA-170834,SKI,-0.08696655112405231,-0.09167853252686305,0.004711981402810733
GSE96804,R-HSA-170834,SKIL,-0.08696655112405231,-0.11494028703898233,0.02797373591493002
GSE96804,R-HSA-170834,SMAD2,-0.08696655112405231,-0.08653342155441235,0.0004331295696399645
GSE96804,R-HSA-170834,SMAD3,-0.08696655112405231,-0.08830816767181397,0.0013416165477616593
GSE96804,R-HSA-170834,SMAD4,-0.08696655112405231,-0.08571704274697266,0.0012495083770796556
GSE96804,R-HSA-170834,SMAD7,-0.08696655112405231,-0.08885985980259455,0.0018933086785422326
GSE96804,R-HSA-170834,SMURF1,-0.08696655112405231,-0.10682648603274222,0.01985993490868991
GSE96804,R-HSA-170834,SMURF2,-0.08696655112405231,-0.10153810871191259,0.014571557587860273
GSE96804,R-HSA-170834,SNW1,-0.08696655112405231,-0.0818034624137985,0.00516308871025381
GSE96804,R-HSA-170834,SP1,-0.08696655112405231,-0.07829169992447571,0.008674851199576603
GSE96804,R-HSA-170834,STAT1,-0.08696655112405231,-0.0875383516406679,0.000571800516615581
GSE96804,R-HSA-170834,STRAP,-0.08696655112405231,-0.08467770017812475,0.0022888509459275674
GSE96804,R-HSA-170834,STUB1,-0.08696655112405231,-0.07161033767687096,0.015356213447181355
GSE96804,R-HSA-170834,TFDP1,-0.08696655112405231,-0.0917809912826227,0.004814440158570382
GSE96804,R-HSA-170834,TFDP2,-0.08696655112405231,-0.07476799798517723,0.012198553138875079
GSE96804,R-HSA-170834,TGFB1,-0.08696655112405231,-0.09339730602156174,0.006430754897509425
GSE96804,R-HSA-170834,TGFB2,-0.08696655112405231,-0.10227557431492881,0.0153090231908765
GSE96804,R-HSA-170834,TGFB3,-0.08696655112405231,-0.10333671635031737,0.016370165226265054
GSE96804,R-HSA-170834,TGFBR1,-0.08696655112405231,-0.09918421291816219,0.01221766179410988
GSE96804,R-HSA-170834,TGFBR2,-0.08696655112405231,-0.07300854799112011,0.013958003132932204
GSE96804,R-HSA-170834,TGFBR3,-0.08696655112405231,-0.07195591629808445,0.015010634825967858
GSE96804,R-HSA-170834,TGIF1,-0.08696655112405231,-0.08601293118692896,0.0009536199371233539
GSE96804,R-HSA-170834,TGIF2,-0.08696655112405231,-0.08859759644011837,0.0016310453160660598
GSE96804,R-HSA-170834,TRIM33,-0.08696655112405231,-0.09456564088898771,0.007599089764935396
GSE96804,R-HSA-170834,UBA52,-0.08696655112405231,-0.08065663146348888,0.0063099196605634345
GSE96804,R-HSA-170834,UBB,-0.08696655112405231,-0.07285461707096824,0.014111934053084071
GSE96804,R-HSA-170834,UBC,-0.08696655112405231,-0.066791979195975,0.02017457192807731
GSE96804,R-HSA-170834,UBE2D1,-0.08696655112405231,-0.08207059041026483,0.004895960713787478
GSE96804,R-HSA-170834,UBE2D3,-0.08696655112405231,-0.08976038020720903,0.0027938290831567153
GSE96804,R-HSA-170834,UBE2M,-0.08696655112405231,-0.07304261367258891,0.013923937451463406
GSE96804,R-HSA-170834,UCHL5,-0.08696655112405231,-0.07993764797086454,0.007028903153187771
GSE96804,R-HSA-170834,USP15,-0.08696655112405231,-0.09508881394975172,0.008122262825699403
GSE96804,R-HSA-170834,USP9X,-0.08696655112405231,-0.08710168002483328,0.00013512890078096196
GSE96804,R-HSA-170834,WWTR1,-0.08696655112405231,-0.07244590361406852,0.014520647509983789
GSE96804,R-HSA-170834,XPO1,-0.08696655112405231,-0.09916605508133004,0.01219950395727773
GSE96804,R-HSA-170834,YBX1,-0.08696655112405231,-0.09238533494841898,0.005418783824366669
GSE96804,R-HSA-170834,ZFYVE9,-0.08696655112405231,-0.07793786517759697,0.00902868594645534
GSE30528,R-HSA-166658,C1QA,0.551476799468845,0.5049051587278202,0.04657164074102482
GSE30528,R-HSA-166658,C1QB,0.551476799468845,0.5135158156862086,0.03796098378263635
GSE30528,R-HSA-166658,C1R,0.551476799468845,0.5700064289605693,0.01852962949172432
GSE30528,R-HSA-166658,C1S,0.551476799468845,0.5526075362009671,0.0011307367321221617
GSE30528,R-HSA-166658,C2,0.551476799468845,0.5316800480937623,0.019796751375082633
GSE30528,R-HSA-166658,C3,0.551476799468845,0.5304840600147154,0.020992739454129605
GSE30528,R-HSA-166658,C3AR1,0.551476799468845,0.5310003131883232,0.02047648628052179
GSE30528,R-HSA-166658,C4A,0.551476799468845,0.5449861779467353,0.006490621522109663
GSE30528,R-HSA-166658,C4BPA,0.551476799468845,0.5505138913377323,0.0009629081311126608
GSE30528,R-HSA-166658,C4BPB,0.551476799468845,0.548107529499968,0.0033692699688769867
GSE30528,R-HSA-166658,C5,0.551476799468845,0.5645300199142489,0.013053220445403912
GSE30528,R-HSA-166658,C5AR1,0.551476799468845,0.5670620677307487,0.015585268261903762
GSE30528,R-HSA-166658,C5AR2,0.551476799468845,0.560134970982284,0.008658171513439061
GSE30528,R-HSA-166658,C6,0.551476799468845,0.5525717400178835,0.00109494054903847
GSE30528,R-HSA-166658,C7,0.551476799468845,0.5255642593685128,0.02591254010033217
GSE30528,R-HSA-166658,C8A,0.551476799468845,0.5445806504574298,0.00689614901141522
GSE30528,R-HSA-166658,C8B,0.551476799468845,0.5611174516192026,0.009640652150357587
GSE30528,R-HSA-166658,C8G,0.551476799468845,0.5417425843033222,0.009734215165522753
GSE30528,R-HSA-166658,C9,0.551476799468845,0.5609564734572459,0.009479673988400883
GSE30528,R-HSA-166658,CD19,0.551476799468845,0.5520211864863511,0.0005443870175061427
GSE30528,R-HSA-166658,CD46,0.551476799468845,0.5730341597894482,0.02155736032060318
GSE30528,R-HSA-166658,CD55,0.551476799468845,0.5781205196793379,0.026643720210492883
GSE30528,R-HSA-166658,CD59,0.551476799468845,0.5544245723299478,0.0029477728611028153
GSE30528,R-HSA-166658,CD81,0.551476799468845,0.576848615413207,0.025371815944361997
GSE30528,R-HSA-166658,CFB,0.551476799468845,0.5277883800424064,0.023688419426438623
GSE30528,R-HSA-166658,CFD,0.551476799468845,0.5434481583732422,0.008028641095602751
GSE30528,R-HSA-166658,CFH,0.551476799468845,0.5722598863659915,0.020783086897146474
GSE30528,R-HSA-166658,CFHR2,0.551476799468845,0.5833041809738446,0.03182738150499964
GSE30528,R-HSA-166658,CFHR4,0.551476799468845,0.5413281889140434,0.01014861055480154
GSE30528,R-HSA-166658,CFHR5,0.551476799468845,0.5688798110436967,0.01740301157485169
GSE30528,R-HSA-166658,CFI,0.551476799468845,0.546950705103584,0.004526094365260969
GSE30528,R-HSA-166658,CFP,0.551476799468845,0.5576884317889657,0.006211632320120675
GSE30528,R-HSA-166658,CLU,0.551476799468845,0.5397428822906838,0.01173391717816119
GSE30528,R-HSA-166658,COLEC10,0.551476799468845,0.5657449887781545,0.014268189309309509
GSE30528,R-HSA-166658,COLEC11,0.551476799468845,0.5527660894103593,0.0012892899415143377
GSE30528,R-HSA-166658,CPB2,0.551476799468845,0.5546460075352513,0.003169208066406304
GSE30528,R-HSA-166658,CPN1,0.551476799468845,0.5451814263989995,0.006295373069845511
GSE30528,R-HSA-166658,CPN2,0.551476799468845,0.555003601278633,0.0035268018097880383
GSE30528,R-HSA-166658,CR1,0.551476799468845,0.5651216381962576,0.013644838727412623
GSE30528,R-HSA-166658,CR2,0.551476799468845,0.5530631414803776,0.0015863420115326266
GSE30528,R-HSA-166658,CRP,0.551476799468845,0.5478559535090576,0.0036208459597874
GSE30528,R-HSA-166658,ELANE,0.551476799468845,0.5612892095643736,0.009812410095528579
GSE30528,R-HSA-166658,F2,0.551476799468845,0.5571787506919846,0.005701951223139656
GSE30528,R-HSA-166658,FCN1,0.551476799468845,0.5481932577854429,0.003283541683402058
GSE30528,R-HSA-166658,FCN2,0.551476799468845,0.5570544680992658,0.005577668630420862
GSE30528,R-HSA-166658,FCN3,0.551476799468845,0.5740252186147086,0.022548419145863585
GSE30528,R-HSA-166658,GZMM,0.551476799468845,0.5506856951031962,0.000791104365648776
GSE30528,R-HSA-166658,IGHG1,0.551476799468845,0.5410925440104368,0.010384255458408154
GSE30528,R-HSA-166658,IGKC,0.551476799468845,0.5413087525861185,0.010168046882726434
GSE30528,R-HSA-166658,IGKV1-17,0.551476799468845,0.5426258329719492,0.008850966496895762
GSE30528,R-HSA-166658,IGLC1,0.551476799468845,0.542181361365748,0.009295438103096965
GSE30528,R-HSA-166658,IGLV1-44,0.551476799468845,0.5425752722336838,0.008901527235161133
GSE30528,R-HSA-166658,IGLV4-60,0.551476799468845,0.5435435888193952,0.00793321064944974
GSE30528,R-HSA-166658,IGLV6-57,0.551476799468845,0.5525484741528338,0.0010716746839888325
GSE30528,R-HSA-166658,MASP1,0.551476799468845,0.5429024690079374,0.008574330460907609
GSE30528,R-HSA-166658,MASP2,0.551476799468845,0.5566707807176671,0.005193981248822088
GSE30528,R-HSA-166658,MBL2,0.551476799468845,0.5466256190852515,0.004851180383593445
GSE30528,R-HSA-166658,PROS1,0.551476799468845,0.5574846661470153,0.006007866678170326
GSE30528,R-HSA-166658,SERPING1,0.551476799468845,0.5678555050153181,0.016378705546473138
GSE30528,R-HSA-9769740,ADAMTS13,0.08696330367246335,0.07492345991747137,0.01203984375499198
GSE30528,R-HSA-9769740,AGRN,0.08696330367246335,0.06925039514182463,0.017712908530638727
GSE30528,R-HSA-9769740,APP,0.08696330367246335,0.07077959168468106,0.01618371198778229
GSE30528,R-HSA-9769740,CD177,0.08696330367246335,0.09103903171083397,0.004075728038370613
GSE30528,R-HSA-9769740,F10,0.08696330367246335,0.08053141150844834,0.006431892164015018
GSE30528,R-HSA-9769740,F11,0.08696330367246335,0.09674880152610131,0.009785497853637956
GSE30528,R-HSA-9769740,F12,0.08696330367246335,0.057139354141105145,0.02982394953135821
GSE30528,R-HSA-9769740,F13A1,0.08696330367246335,0.07651951624305821,0.010443787429405146
GSE30528,R-HSA-9769740,F13B,0.08696330367246335,0.07243517766978698,0.014528126002676375
GSE30528,R-HSA-9769740,F2,0.08696330367246335,0.08443876924125061,0.002524534431212741
GSE30528,R-HSA-9769740,F2R,0.08696330367246335,0.14494976527085754,0.057986461598394184
GSE30528,R-HSA-9769740,F3,0.08696330367246335,0.131092230613115,0.04412892694065165
GSE30528,R-HSA-9769740,F5,0.08696330367246335,0.1384485215886597,0.05148521791619634
GSE30528,R-HSA-9769740,F7,0.08696330367246335,0.07405499627292296,0.012908307399540395
GSE30528,R-HSA-9769740,F8,0.08696330367246335,0.10169033583846042,0.014727032165997064
GSE30528,R-HSA-9769740,F9,0.08696330367246335,0.09415690595693728,0.007193602284473924
GSE30528,R-HSA-9769740,FGA,0.08696330367246335,0.08909654207841676,0.0021332384059534054
GSE30528,R-HSA-9769740,FGB,0.08696330367246335,0.07932514482381085,0.0076381588486525015
GSE30528,R-HSA-9769740,FGG,0.08696330367246335,0.07015751254344232,0.01680579112902103
GSE30528,R-HSA-9769740,GP1BA,0.08696330367246335,0.09107810911774285,0.004114805445279493
GSE30528,R-HSA-9769740,GP1BB,0.08696330367246335,0.09767599465604102,0.01071269098357766
GSE30528,R-HSA-9769740,GP5,0.08696330367246335,0.08717918391796038,0.0002158802454970271
GSE30528,R-HSA-9769740,GP9,0.08696330367246335,0.0745712867941374,0.01239201687832596
GSE30528,R-HSA-9769740,GPC1,0.08696330367246335,0.06730823944590122,0.01965506422656213
GSE30528,R-HSA-9769740,GPC3,0.08696330367246335,0.0830117729810012,0.00395153069146216
GSE30528,R-HSA-9769740,GPC4,0.08696330367246335,0.07527656271639543,0.01168674095606792
GSE30528,R-HSA-9769740,GPC5,0.08696330367246335,0.10291889785054467,0.015955594178081317
GSE30528,R-HSA-9769740,HSPG2,0.08696330367246335,0.08780533841151056,0.0008420347390472038
GSE30528,R-HSA-9769740,ITGA2B,0.08696330367246335,0.07307900108305289,0.013884302589410466
GSE30528,R-HSA-9769740,ITGB3,0.08696330367246335,0.11527847741604343,0.02831517374358007
GSE30528,R-HSA-9769740,KLKB1,0.08696330367246335,0.09260533319336413,0.005642029520900774
GSE30528,R-HSA-9769740,KNG1,0.08696330367246335,0.08624999972036819,0.0007133039520951651
GSE30528,R-HSA-9769740,PF4,0.08696330367246335,0.09645629304576628,0.009492989373302924
GSE30528,R-HSA-9769740,PF4V1,0.08696330367246335,0.07847661286330795,0.0084866908091554
GSE30528,R-HSA-9769740,PROC,0.08696330367246335,0.09393297224378795,0.006969668571324597
GSE30528,R-HSA-9769740,PROCR,0.08696330367246335,0.05808389283407867,0.028879410838384682
GSE30528,R-HSA-9769740,PROS1,0.08696330367246335,0.08477354464486898,0.0021897590275943707
GSE30528,R-HSA-9769740,PROZ,0.08696330367246335,0.08253508761417871,0.00442821605828464
GSE30528,R-HSA-9769740,PRTN3,0.08696330367246335,0.08631790469760117,0.0006453989748621825
GSE30528,R-HSA-9769740,SDC1,0.08696330367246335,0.07127374465430815,0.015689559018155205
GSE30528,R-HSA-9769740,SDC2,0.08696330367246335,0.12717268046500954,0.040209376792546186
GSE30528,R-HSA-9769740,SDC3,0.08696330367246335,0.10175839991436793,0.014795096241904573
GSE30528,R-HSA-9769740,SDC4,0.08696330367246335,0.09366553587619211,0.0067022322037287585
GSE30528,R-HSA-9769740,SERPINA10,0.08696330367246335,0.06602842270659409,0.020934880965869263
GSE30528,R-HSA-9769740,SERPINA5,0.08696330367246335,0.08091614696678297,0.006047156705680387
GSE30528,R-HSA-9769740,SERPINC1,0.08696330367246335,0.08768672177858385,0.0007234181061204908
GSE30528,R-HSA-9769740,SERPIND1,0.08696330367246335,0.10287120950453776,0.01590790583207441
GSE30528,R-HSA-9769740,SERPINE1,0.08696330367246335,0.0933862493827736,0.0064229457103102405
GSE30528,R-HSA-9769740,SERPINE2,0.08696330367246335,0.03570148864302498,0.05126181502943838
GSE30528,R-HSA-9769740,SERPING1,0.08696330367246335,0.09612276453848352,0.009159460866020167
GSE30528,R-HSA-9769740,SMPD1,0.08696330367246335,0.07181928453562357,0.015144019136839784
GSE30528,R-HSA-9769740,TFPI,0.08696330367246335,0.10152598069441467,0.014562677021951312
GSE30528,R-HSA-9769740,THBD,0.08696330367246335,0.0966911961147585,0.009727892442295147
GSE30528,R-HSA-9769740,VWF,0.08696330367246335,0.05800660351872836,0.028956700153734992
GSE30528,R-HSA-202733,ANGPT1,0.35700758245665826,0.35654537307655865,0.00046220938009960966
GSE30528,R-HSA-202733,ANGPT2,0.35700758245665826,0.3542466674599761,0.0027609149966821844
GSE30528,R-HSA-202733,ANGPT4,0.35700758245665826,0.35192526782769906,0.005082314628959195
GSE30528,R-HSA-202733,APOB,0.35700758245665826,0.3588739175316911,0.0018663350750328656
GSE30528,R-HSA-202733,ATP1B1,0.35700758245665826,0.35505575322333044,0.0019518292333278175
GSE30528,R-HSA-202733,ATP1B2,0.35700758245665826,0.36274126679100577,0.005733684334347511
GSE30528,R-HSA-202733,ATP1B3,0.35700758245665826,0.36215033290051624,0.00514275044385798
GSE30528,R-HSA-202733,BSG,0.35700758245665826,0.3615649223909461,0.004557339934287863
GSE30528,R-HSA-202733,CAV1,0.35700758245665826,0.36139083629769914,0.0043832538410408795
GSE30528,R-HSA-202733,CD177,0.35700758245665826,0.36058153734502474,0.003573954888366482
GSE30528,R-HSA-202733,CD2,0.35700758245665826,0.3463210385866879,0.010686543869970366
GSE30528,R-HSA-202733,CD244,0.35700758245665826,0.3555177476875837,0.0014898347690745495
GSE30528,R-HSA-202733,CD44,0.35700758245665826,0.35000049031611363,0.007007092140544624
GSE30528,R-HSA-202733,CD47,0.35700758245665826,0.3596619790860449,0.002654396629386657
GSE30528,R-HSA-202733,CD48,0.35700758245665826,0.34564090888109894,0.011366673575559316
GSE30528,R-HSA-202733,CD58,0.35700758245665826,0.35307844937998556,0.003929133076672697
GSE30528,R-HSA-202733,CD74,0.35700758245665826,0.35426934550098277,0.002738236955675488
GSE30528,R-HSA-202733,CD84,0.35700758245665826,0.3555712462227856,0.0014363362338726815
GSE30528,R-HSA-202733,CD99,0.35700758245665826,0.35844603005884806,0.0014384476021898074
GSE30528,R-HSA-202733,CEACAM1,0.35700758245665826,0.3659832852626861,0.00897570280602783
GSE30528,R-HSA-202733,CEACAM3,0.35700758245665826,0.35841911010703825,0.0014115276503799956
GSE30528,R-HSA-202733,CEACAM5,0.35700758245665826,0.358670217127991,0.0016626346713327633
GSE30528,R-HSA-202733,CEACAM6,0.35700758245665826,0.35681835872846873,0.00018922372818952482
GSE30528,R-HSA-202733,CEACAM8,0.35700758245665826,0.3583683758498747,0.0013607933932164307
GSE30528,R-HSA-202733,COL1A1,0.35700758245665826,0.34412010256389924,0.012887479892759013
GSE30528,R-HSA-202733,COL1A2,0.35700758245665826,0.34327525273640896,0.013732329720249292
GSE30528,R-HSA-202733,CXADR,0.35700758245665826,0.3838975460282215,0.026889963571563258
GSE30528,R-HSA-202733,DOK2,0.35700758245665826,0.3470137867159207,0.009993795740737554
GSE30528,R-HSA-202733,EPCAM,0.35700758245665826,0.35656001363265943,0.0004475688239988229
GSE30528,R-HSA-202733,F11R,0.35700758245665826,0.3520194415276773,0.0049881409289809775
GSE30528,R-HSA-202733,F2,0.35700758245665826,0.3580093762355547,0.0010017937788964204
GSE30528,R-HSA-202733,FCER1G,0.35700758245665826,0.34784386396749034,0.009163718489167916
GSE30528,R-HSA-202733,FN1,0.35700758245665826,0.3555633644807061,0.0014442179759521778
GSE30528,R-HSA-202733,FYN,0.35700758245665826,0.3758995954250858,0.01889201296842752
GSE30528,R-HSA-202733,GAS6,0.35700758245665826,0.36657879478571653,0.009571212329058276
GSE30528,R-HSA-202733,GLG1,0.35700758245665826,0.3444820594939483,0.012525522962709978
GSE30528,R-HSA-202733,GP6,0.35700758245665826,0.3581416899422508,0.0011341074855925615
GSE30528,R-HSA-202733,GPC1,0.35700758245665826,0.3513335080064847,0.0056740744501735385
GSE30528,R-HSA-202733,GRB14,0.35700758245665826,0.3557255419751627,0.00128204048149555
GSE30528,R-HSA-202733,GRB2,0.35700758245665826,0.3585968685274256,0.0015892860707673595
GSE30528,R-HSA-202733,GRB7,0.35700758245665826,0.3501488073940904,0.006858775062567879
GSE30528,R-HSA-202733,GYPA,0.35700758245665826,0.35849996030460823,0.0014923778479499772
GSE30528,R-HSA-202733,GYPB,0.35700758245665826,0.354228783355146,0.0027787991015122415
GSE30528,R-HSA-202733,GYPC,0.35700758245665826,0.34850340057007534,0.008504181886582918
GSE30528,R-HSA-202733,HRAS,0.35700758245665826,0.36123192848543606,0.004224346028777803
GSE30528,R-HSA-202733,IGHA1,0.35700758245665826,0.3510179067281091,0.0059896757285491375
GSE30528,R-HSA-202733,IGHM,0.35700758245665826,0.34858979707703197,0.008417785379626286
GSE30528,R-HSA-202733,IGKC,0.35700758245665826,0.35124128880805305,0.005766293648605203
GSE30528,R-HSA-202733,IGKV1-17,0.35700758245665826,0.3518029848549514,0.005204597601706884
GSE30528,R-HSA-202733,IGLC1,0.35700758245665826,0.3516134307876008,0.005394151669057434
GSE30528,R-HSA-202733,IGLL1,0.35700758245665826,0.35464215322779774,0.002365429228860516
GSE30528,R-HSA-202733,IGLV1-44,0.35700758245665826,0.35178142218716174,0.005226160269496516
GSE30528,R-HSA-202733,IGLV4-60,0.35700758245665826,0.35219438073106807,0.004813201725590188
GSE30528,R-HSA-202733,IGLV6-57,0.35700758245665826,0.356034699476211,0.0009728829804472316
GSE30528,R-HSA-202733,INPP5D,0.35700758245665826,0.34975884629072085,0.007248736165937408
GSE30528,R-HSA-202733,ITGA3,0.35700758245665826,0.378991794954496,0.02198421249783772
GSE30528,R-HSA-202733,ITGA4,0.35700758245665826,0.35067057816762265,0.006337004289035608
GSE30528,R-HSA-202733,ITGA5,0.35700758245665826,0.36020712618072137,0.003199543724063114
GSE30528,R-HSA-202733,ITGA6,0.35700758245665826,0.35593134776606766,0.001076234690590594
GSE30528,R-HSA-202733,ITGAL,0.35700758245665826,0.34909365809803555,0.007913924358622704
GSE30528,R-HSA-202733,ITGAM,0.35700758245665826,0.3502539024839358,0.0067536799727224706
GSE30528,R-HSA-202733,ITGAV,0.35700758245665826,0.37240292636841055,0.01539534391175229
GSE30528,R-HSA-202733,ITGAX,0.35700758245665826,0.34860635572630727,0.008401226730350986
GSE30528,R-HSA-202733,ITGB1,0.35700758245665826,0.35797784940664057,0.0009702669499823124
GSE30528,R-HSA-202733,ITGB2,0.35700758245665826,0.3463450194163189,0.010662563040339357
GSE30528,R-HSA-202733,ITGB3,0.35700758245665826,0.3700277919213195,0.013020209464661259
GSE30528,R-HSA-202733,JAM2,0.35700758245665826,0.36328953684271686,0.006281954386058608
GSE30528,R-HSA-202733,JAM3,0.35700758245665826,0.3775463430731262,0.02053876061646792
GSE30528,R-HSA-202733,KRAS,0.35700758245665826,0.35449046116671074,0.0025171212899475215
GSE30528,R-HSA-202733,L1CAM,0.35700758245665826,0.35389335473667494,0.00311422771998332
GSE30528,R-HSA-202733,LCK,0.35700758245665826,0.3415414393200638,0.015466143136594446
GSE30528,R-HSA-202733,LYN,0.35700758245665826,0.35432865957421283,0.0026789228824454225
GSE30528,R-HSA-202733,MAG,0.35700758245665826,0.35997402258679884,0.0029664401301405796
GSE30528,R-HSA-202733,MERTK,0.35700758245665826,0.35989406914918126,0.002886486692523005
GSE30528,R-HSA-202733,MIF,0.35700758245665826,0.3575341623431552,0.0005265798864969584
GSE30528,R-HSA-202733,MMP1,0.35700758245665826,0.35105584065797296,0.005951741798685295
GSE30528,R-HSA-202733,NRAS,0.35700758245665826,0.3595858752498924,0.002578292793234127
GSE30528,R-HSA-202733,OLR1,0.35700758245665826,0.3481445289919036,0.008863053464754633
GSE30528,R-HSA-202733,PECAM1,0.35700758245665826,0.3617304930173321,0.004722910560673865
GSE30528,R-HSA-202733,PF4,0.35700758245665826,0.362692675953491,0.005685093496832716
GSE30528,R-HSA-202733,PF4V1,0.35700758245665826,0.35568588882356234,0.0013216936330959217
GSE30528,R-HSA-202733,PICK1,0.35700758245665826,0.3544096476733627,0.0025979347832955635
GSE30528,R-HSA-202733,PIK3CA,0.35700758245665826,0.3685569319710681,0.011549349514409835
GSE30528,R-HSA-202733,PIK3CB,0.35700758245665826,0.36358727329116364,0.006579690834505381
GSE30528,R-HSA-202733,PIK3R1,0.35700758245665826,0.35678675471547966,0.0002208277411785975
GSE30528,R-HSA-202733,PIK3R2,0.35700758245665826,0.35599654161463284,0.0010110408420254124
GSE30528,R-HSA-202733,PLCG1,0.35700758245665826,0.3557957232166814,0.0012118592399768535
GSE30528,R-HSA-202733,PPIA,0.35700758245665826,0.3559387584961988,0.0010688239604594307
GSE30528,R-HSA-202733,PPIL2,0.35700758245665826,0.34627365984697417,0.010733922609684088
GSE30528,R-HSA-202733,PROC,0.35700758245665826,0.36170932299389646,0.004701740537238208
GSE30528,R-HSA-202733,PROCR,0.35700758245665826,0.3477387258709951,0.009268856585663177
GSE30528,R-HSA-202733,PROS1,0.35700758245665826,0.3581398401796119,0.0011322577229536668
GSE30528,R-HSA-202733,PSG1,0.35700758245665826,0.35581172494744806,0.0011958575092101964
GSE30528,R-HSA-202733,PSG11,0.35700758245665826,0.3556823552229444,0.001325227233713866
GSE30528,R-HSA-202733,PSG2,0.35700758245665826,0.35804709820580716,0.0010395157491489004
GSE30528,R-HSA-202733,PSG3,0.35700758245665826,0.3568366815221124,0.00017090093454585897
GSE30528,R-HSA-202733,PSG4,0.35700758245665826,0.36009021205561864,0.0030826295989603847
GSE30528,R-HSA-202733,PSG5,0.35700758245665826,0.3605091888231918,0.003501606366533516
GSE30528,R-HSA-202733,PSG6,0.35700758245665826,0.3702663265892346,0.013258744132576328
GSE30528,R-HSA-202733,PSG7,0.35700758245665826,0.3577532455453953,0.0007456630887370252
GSE30528,R-HSA-202733,PSG9,0.35700758245665826,0.356599440253381,0.0004081422032772841
GSE30528,R-HSA-202733,PTPN11,0.35700758245665826,0.3595702343852443,0.0025626519285860683
GSE30528,R-HSA-202733,PTPN6,0.35700758245665826,0.35059449346572424,0.006413088990934013
GSE30528,R-HSA-202733,SDC1,0.35700758245665826,0.3528788887127021,0.0041286937439561355
GSE30528,R-HSA-202733,SDC2,0.35700758245665826,0.3746630328154019,0.017655450358743663
GSE30528,R-HSA-202733,SDC3,0.35700758245665826,0.364758938189049,0.007751355732390719
GSE30528,R-HSA-202733,SDC4,0.35700758245665826,0.3616051014682893,0.004597519011631024
GSE30528,R-HSA-202733,SELE,0.35700758245665826,0.35489473157946316,0.002112850877195094
GSE30528,R-HSA-202733,SELL,0.35700758245665826,0.35277569790443136,0.004231884552226894
GSE30528,R-HSA-202733,SELP,0.35700758245665826,0.36005831288450124,0.0030507304278429848
GSE30528,R-HSA-202733,SELPLG,0.35700758245665826,0.35043725032376805,0.006570332132890211
GSE30528,R-HSA-202733,SHC1,0.35700758245665826,0.35133426554451835,0.005673316912139903
GSE30528,R-HSA-202733,SIRPA,0.35700758245665826,0.36824270096142203,0.011235118504763775
GSE30528,R-HSA-202733,SIRPG,0.35700758245665826,0.3556990068301333,0.001308575626524977
GSE30528,R-HSA-202733,SLC16A1,0.35700758245665826,0.3512847864817956,0.005722795974862638
GSE30528,R-HSA-202733,SLC16A8,0.35700758245665826,0.35157551011722976,0.005432072339428495
GSE30528,R-HSA-202733,SLC3A2,0.35700758245665826,0.35863530771923796,0.0016277252625797045
GSE30528,R-HSA-202733,SLC7A10,0.35700758245665826,0.36036851556726957,0.0033609331106113083
GSE30528,R-HSA-202733,SLC7A11,0.35700758245665826,0.3527037480579831,0.004303834398675155
GSE30528,R-HSA-202733,SLC7A5,0.35700758245665826,0.36102579079293096,0.0040182083362726995
GSE30528,R-HSA-202733,SLC7A6,0.35700758245665826,0.3545265103517446,0.002481072104913662
GSE30528,R-HSA-202733,SLC7A7,0.35700758245665826,0.35866042072761495,0.0016528382709566913
GSE30528,R-HSA-202733,SLC7A8,0.35700758245665826,0.35609705446757217,0.0009105279890860851
GSE30528,R-HSA-202733,SLC7A9,0.35700758245665826,0.3624746970292671,0.005467114572608844
GSE30528,R-HSA-202733,SOS1,0.35700758245665826,0.36223315859134647,0.005225576134688215
GSE30528,R-HSA-202733,SPN,0.35700758245665826,0.35956203361651023,0.002554451159851978
GSE30528,R-HSA-202733,SRC,0.35700758245665826,0.34969148620868545,0.007316096247972803
GSE30528,R-HSA-202733,TEK,0.35700758245665826,0.36734567772654914,0.010338095269890879
GSE30528,R-HSA-202733,TGFB1,0.35700758245665826,0.3560385091605234,0.0009690732961348814
GSE30528,R-HSA-202733,THBD,0.35700758245665826,0.36278421906125996,0.005776636604601704
GSE30528,R-HSA-202733,TNFRSF10B,0.35700758245665826,0.3608782978066621,0.0038707153500038283
GSE30528,R-HSA-202733,TNFRSF10D,0.35700758245665826,0.3596353804086746,0.002627797952016342
GSE30528,R-HSA-202733,TREM1,0.35700758245665826,0.36062506293919927,0.0036174804825410134
GSE30528,R-HSA-202733,TSPAN7,0.35700758245665826,0.3670371444620989,0.01002956200544064
GSE30528,R-HSA-202733,VPREB1,0.35700758245665826,0.35323007030414433,0.003777512152513929
GSE30528,R-HSA-202733,VPREB3,0.35700758245665826,0.35659739309855576,0.00041018935810249735
GSE30528,R-HSA-202733,YES1,0.35700758245665826,0.3588971578254963,0.0018895753688380479
GSE30528,R-HSA-380108,ACKR2,0.6187305243958318,0.624001760148879,0.005271235753047221
GSE30528,R-HSA-380108,ACKR3,0.6187305243958318,0.6364322743859199,0.01770174999008811
GSE30528,R-HSA-380108,ACKR4,0.6187305243958318,0.5953686309807692,0.023361893415062562
GSE30528,R-HSA-380108,CCL1,0.6187305243958318,0.612237737855671,0.006492786540160722
GSE30528,R-HSA-380108,CCL11,0.6187305243958318,0.6179497922227101,0.0007807321731216899
GSE30528,R-HSA-380108,CCL13,0.6187305243958318,0.6153996741163136,0.0033308502795181827
GSE30528,R-HSA-380108,CCL16,0.6187305243958318,0.6270285690000499,0.008298044604218124
GSE30528,R-HSA-380108,CCL17,0.6187305243958318,0.6228451897071259,0.004114665311294119
GSE30528,R-HSA-380108,CCL19,0.6187305243958318,0.6016500737665161,0.017080450629315624
GSE30528,R-HSA-380108,CCL2,0.6187305243958318,0.6145956856871583,0.004134838708673483
GSE30528,R-HSA-380108,CCL20,0.6187305243958318,0.62946513108007,0.010734606684238202
GSE30528,R-HSA-380108,CCL21,0.6187305243958318,0.6068396649322545,0.011890859463577264
GSE30528,R-HSA-380108,CCL22,0.6187305243958318,0.6145842339353651,0.004146290460466662
GSE30528,R-HSA-380108,CCL25,0.6187305243958318,0.6260966954920874,0.0073661710962555915
GSE30528,R-HSA-380108,CCL27,0.6187305243958318,0.6149338478469596,0.0037966765488721688
GSE30528,R-HSA-380108,CCL3,0.6187305243958318,0.6135745677209417,0.005155956674890105
GSE30528,R-HSA-380108,CCL4,0.6187305243958318,0.6226483454296715,0.003917821033839752
GSE30528,R-HSA-380108,CCL5,0.6187305243958318,0.600681978006326,0.018048546389505815
GSE30528,R-HSA-380108,CCL7,0.6187305243958318,0.6326180464275061,0.013887522031674315
GSE30528,R-HSA-380108,CCR1,0.6187305243958318,0.6067011627500475,0.012029361645784276
GSE30528,R-HSA-380108,CCR10,0.6187305243958318,0.6136206743370349,0.005109850058796828
GSE30528,R-HSA-380108,CCR2,0.6187305243958318,0.6028953804090968,0.015835143986734912
GSE30528,R-HSA-380108,CCR3,0.6187305243958318,0.6238386816076302,0.00510815721179847
GSE30528,R-HSA-380108,CCR4,0.6187305243958318,0.6150832389837917,0.003647285412040069
GSE30528,R-HSA-380108,CCR5,0.6187305243958318,0.5978354696942346,0.020895054701597138
GSE30528,R-HSA-380108,CCR6,0.6187305243958318,0.6080427532072034,0.010687771188628403
GSE30528,R-HSA-380108,CCR7,0.6187305243958318,0.5992555310062962,0.01947499338953551
GSE30528,R-HSA-380108,CCR8,0.6187305243958318,0.6209687080130967,0.0022381836172649106
GSE30528,R-HSA-380108,CCR9,0.6187305243958318,0.6182515011475753,0.00047902324825643827
GSE30528,R-HSA-380108,CCRL2,0.6187305243958318,0.6338372089205442,0.015106684524712422
GSE30528,R-HSA-380108,CX3CL1,0.6187305243958318,0.6439392240274844,0.02520869963165262
GSE30528,R-HSA-380108,CX3CR1,0.6187305243958318,0.6176279783707069,0.0011025460251248287
GSE30528,R-HSA-380108,CXCL1,0.6187305243958318,0.618152700347846,0.0005778240479857866
GSE30528,R-HSA-380108,CXCL10,0.6187305243958318,0.6312829618340655,0.012552437438233754
GSE30528,R-HSA-380108,CXCL11,0.6187305243958318,0.6290680108320159,0.010337486436184151
GSE30528,R-HSA-380108,CXCL12,0.6187305243958318,0.627272139549941,0.008541615154109228
GSE30528,R-HSA-380108,CXCL13,0.6187305243958318,0.6183062706665778,0.0004242537292539206
GSE30528,R-HSA-380108,CXCL2,0.6187305243958318,0.6373726657984182,0.018642141402586465
GSE30528,R-HSA-380108,CXCL3,0.6187305243958318,0.6113151933575547,0.007415331038277073
GSE30528,R-HSA-380108,CXCL5,0.6187305243958318,0.6193640182428619,0.0006334938470301532
GSE30528,R-HSA-380108,CXCL6,0.6187305243958318,0.5996922432717601,0.019038281124071688
GSE30528,R-HSA-380108,CXCL8,0.6187305243958318,0.6293970238353718,0.010666499439540011
GSE30528,R-HSA-380108,CXCL9,0.6187305243958318,0.6231420940868263,0.0044115696909945434
GSE30528,R-HSA-380108,CXCR1,0.6187305243958318,0.6275263908959359,0.00879586650010411
GSE30528,R-HSA-380108,CXCR2,0.6187305243958318,0.6422397170551343,0.023509192659302514
GSE30528,R-HSA-380108,CXCR3,0.6187305243958318,0.6045528550862411,0.014177669309590635
GSE30528,R-HSA-380108,CXCR4,0.6187305243958318,0.6100711380020877,0.008659386393744084
GSE30528,R-HSA-380108,CXCR5,0.6187305243958318,0.6123850554165671,0.00634546897926469
GSE30528,R-HSA-380108,CXCR6,0.6187305243958318,0.6012574305305743,0.017473093865257416
GSE30528,R-HSA-380108,PF4,0.6187305243958318,0.6386323639633015,0.019901839567469715
GSE30528,R-HSA-380108,PPBP,0.6187305243958318,0.6373136011296913,0.018583076733859505
GSE30528,R-HSA-380108,XCL1,0.6187305243958318,0.6103146680111792,0.008415856384652587
GSE30528,R-HSA-380108,XCR1,0.6187305243958318,0.633209839848096,0.014479315452264219
GSE30528,R-HSA-1474244,A2M,0.2985728143032311,0.29904087086682596,0.00046805656359483194
GSE30528,R-HSA-1474244,ACAN,0.2985728143032311,0.29768364084097787,0.0008891734622532566
GSE30528,R-HSA-1474244,ACTA1,0.2985728143032311,0.2997152355085755,0.0011424212053443572
GSE30528,R-HSA-1474244,ACTA2,0.2985728143032311,0.299764326764603,0.0011915124613718908
GSE30528,R-HSA-1474244,ACTB,0.2985728143032311,0.29523656576010493,0.003336248543126197
GSE30528,R-HSA-1474244,ACTC1,0.2985728143032311,0.2964810823294975,0.002091731973733635
GSE30528,R-HSA-1474244,ACTG2,0.2985728143032311,0.2948567151230733,0.003716099180157806
GSE30528,R-HSA-1474244,ACTN1,0.2985728143032311,0.2897207346235939,0.008852079679637248
GSE30528,R-HSA-1474244,ADAM10,0.2985728143032311,0.29700369889614137,0.0015691154070897606
GSE30528,R-HSA-1474244,ADAM12,0.2985728143032311,0.29622991986724967,0.0023428944359814574
GSE30528,R-HSA-1474244,ADAM15,0.2985728143032311,0.2963055982421733,0.002267216061057842
GSE30528,R-HSA-1474244,ADAM17,0.2985728143032311,0.3006323923192941,0.0020595780160629906
GSE30528,R-HSA-1474244,ADAM19,0.2985728143032311,0.29672886135628246,0.0018439529469486682
GSE30528,R-HSA-1474244,ADAM8,0.2985728143032311,0.29250507695286415,0.006067737350366975
GSE30528,R-HSA-1474244,ADAM9,0.2985728143032311,0.3012507646436024,0.0026779503403712712
GSE30528,R-HSA-1474244,ADAMTS1,0.2985728143032311,0.3001352928792885,0.0015624785760573467
GSE30528,R-HSA-1474244,ADAMTS2,0.2985728143032311,0.295718001472798,0.002854812830433151
GSE30528,R-HSA-1474244,ADAMTS3,0.2985728143032311,0.2981052528046239,0.0004675614986072163
GSE30528,R-HSA-1474244,ADAMTS5,0.2985728143032311,0.2998977736975075,0.0013249593942763482
GSE30528,R-HSA-1474244,ADAMTS8,0.2985728143032311,0.30048906516622287,0.0019162508629917419
GSE30528,R-HSA-1474244,ADAMTS9,0.2985728143032311,0.30115015351326857,0.0025773392100374437
GSE30528,R-HSA-1474244,AGRN,0.2985728143032311,0.2959850041911561,0.0025878101120750396
GSE30528,R-HSA-1474244,APP,0.2985728143032311,0.29627342916187277,0.0022993851413583566
GSE30528,R-HSA-1474244,ASPN,0.2985728143032311,0.29844670352800956,0.00012611077522156622
GSE30528,R-HSA-1474244,BCAN,0.2985728143032311,0.29798613721150424,0.0005866770917268838
GSE30528,R-HSA-1474244,BGN,0.2985728143032311,0.30476960861264746,0.006196794309416331
GSE30528,R-HSA-1474244,BMP1,0.2985728143032311,0.2997762247025452,0.0012034103993140977
GSE30528,R-HSA-1474244,BMP10,0.2985728143032311,0.2977575366408598,0.0008152776623713276
GSE30528,R-HSA-1474244,BMP2,0.2985728143032311,0.3065757655993962,0.008002951296165073
GSE30528,R-HSA-1474244,BMP4,0.2985728143032311,0.29930659496262507,0.0007337806593939455
GSE30528,R-HSA-1474244,BMP7,0.2985728143032311,0.2995384171486116,0.0009656028453804977
GSE30528,R-HSA-1474244,BSG,0.2985728143032311,0.30057054904668207,0.0019977347434509407
GSE30528,R-HSA-1474244,CAPN1,0.2985728143032311,0.2917219164881946,0.006850897815036505
GSE30528,R-HSA-1474244,CAPN10,0.2985728143032311,0.30071172040031835,0.002138906097087223
GSE30528,R-HSA-1474244,CAPN11,0.2985728143032311,0.2985763564903551,3.542187123950491e-06
GSE30528,R-HSA-1474244,CAPN15,0.2985728143032311,0.2953175806277889,0.003255233675442226
GSE30528,R-HSA-1474244,CAPN2,0.2985728143032311,0.3015127571373572,0.0029399428341260747
GSE30528,R-HSA-1474244,CAPN3,0.2985728143032311,0.29547381905107184,0.0030989952521592867
GSE30528,R-HSA-1474244,CAPN5,0.2985728143032311,0.29798634797958085,0.000586466323650281
GSE30528,R-HSA-1474244,CAPN6,0.2985728143032311,0.2998383277100958,0.001265513406864649
GSE30528,R-HSA-1474244,CAPN7,0.2985728143032311,0.29793106769853034,0.000641746604700788
GSE30528,R-HSA-1474244,CAPN9,0.2985728143032311,0.30107076376280606,0.002497949459574933
GSE30528,R-HSA-1474244,CAPNS1,0.2985728143032311,0.30134693219286707,0.002774117889635941
GSE30528,R-HSA-1474244,CASK,0.2985728143032311,0.29538747432014895,0.0031853399830821805
GSE30528,R-HSA-1474244,CASP3,0.2985728143032311,0.2965967953902353,0.001976018912995814
GSE30528,R-HSA-1474244,CAST,0.2985728143032311,0.3046160477131734,0.0060432334099422835
GSE30528,R-HSA-1474244,CD151,0.2985728143032311,0.30319910986718906,0.004626295563957938
GSE30528,R-HSA-1474244,CD44,0.2985728143032311,0.29497352854071335,0.0035992857625177788
GSE30528,R-HSA-1474244,CD47,0.2985728143032311,0.2996495515752709,0.0010767372720397739
GSE30528,R-HSA-1474244,CDH1,0.2985728143032311,0.3000087200022885,0.0014359056990573826
GSE30528,R-HSA-1474244,CEACAM1,0.2985728143032311,0.3027089737817591,0.004136159478527968
GSE30528,R-HSA-1474244,CEACAM6,0.2985728143032311,0.2982732798007856,0.0002995345024455198
GSE30528,R-HSA-1474244,CEACAM8,0.2985728143032311,0.29902346602324537,0.00045065172001423903
GSE30528,R-HSA-1474244,CMA1,0.2985728143032311,0.29669082715028366,0.0018819871529474619
GSE30528,R-HSA-1474244,COL10A1,0.2985728143032311,0.29668738103961556,0.0018854332636155657
GSE30528,R-HSA-1474244,COL11A1,0.2985728143032311,0.29901524856318756,0.0004424342599564368
GSE30528,R-HSA-1474244,COL11A2,0.2985728143032311,0.2981641663925699,0.00040864791066125283
GSE30528,R-HSA-1474244,COL13A1,0.2985728143032311,0.29966439059260924,0.0010915762893781156
GSE30528,R-HSA-1474244,COL14A1,0.2985728143032311,0.29286710813061795,0.005705706172613179
GSE30528,R-HSA-1474244,COL15A1,0.2985728143032311,0.29522371810246884,0.0033490962007622915
GSE30528,R-HSA-1474244,COL16A1,0.2985728143032311,0.2934950285472174,0.005077785756013753
GSE30528,R-HSA-1474244,COL17A1,0.2985728143032311,0.2996649714308931,0.0010921571276619746
GSE30528,R-HSA-1474244,COL18A1,0.2985728143032311,0.29892022666528284,0.00034741236205171333
GSE30528,R-HSA-1474244,COL19A1,0.2985728143032311,0.2988277091434249,0.0002548948401937534
GSE30528,R-HSA-1474244,COL1A1,0.2985728143032311,0.2921275045752288,0.006445309728002335
GSE30528,R-HSA-1474244,COL1A2,0.2985728143032311,0.29171860928505555,0.006854205018175574
GSE30528,R-HSA-1474244,COL21A1,0.2985728143032311,0.2985476478623921,2.516644083905284e-05
GSE30528,R-HSA-1474244,COL2A1,0.2985728143032311,0.29643201032977157,0.0021408039734595596
GSE30528,R-HSA-1474244,COL3A1,0.2985728143032311,0.2970144642816981,0.0015583500215330393
GSE30528,R-HSA-1474244,COL4A1,0.2985728143032311,0.2987890457516371,0.00021623144840599018
GSE30528,R-HSA-1474244,COL4A2,0.2985728143032311,0.30094924846392257,0.002376434160691443
GSE30528,R-HSA-1474244,COL4A3,0.2985728143032311,0.3038003415886883,0.0052275272854571675
GSE30528,R-HSA-1474244,COL4A4,0.2985728143032311,0.3034194725381469,0.004846658234915757
GSE30528,R-HSA-1474244,COL4A5,0.2985728143032311,0.3072217322260092,0.008648917922778054
GSE30528,R-HSA-1474244,COL4A6,0.2985728143032311,0.29746397422493986,0.0011088400782912622
GSE30528,R-HSA-1474244,COL5A1,0.2985728143032311,0.29760039626723617,0.0009724180359949597
GSE30528,R-HSA-1474244,COL5A2,0.2985728143032311,0.29619399207172264,0.0023788222315084817
GSE30528,R-HSA-1474244,COL5A3,0.2985728143032311,0.29815027439495934,0.00042253990827179067
GSE30528,R-HSA-1474244,COL6A1,0.2985728143032311,0.2993787373586125,0.0008059230553813523
GSE30528,R-HSA-1474244,COL6A2,0.2985728143032311,0.29752622678391233,0.001046587519318798
GSE30528,R-HSA-1474244,COL6A3,0.2985728143032311,0.2924448082927291,0.006128006010502007
GSE30528,R-HSA-1474244,COL7A1,0.2985728143032311,0.29686227892133776,0.0017105353818933633
GSE30528,R-HSA-1474244,COL8A1,0.2985728143032311,0.2987837377238262,0.00021092342059508828
GSE30528,R-HSA-1474244,COL8A2,0.2985728143032311,0.2954986546078371,0.003074159695394041
GSE30528,R-HSA-1474244,COL9A1,0.2985728143032311,0.30151492818912823,0.002942113885897102
GSE30528,R-HSA-1474244,COL9A2,0.2985728143032311,0.29609016135630245,0.0024826529469286762
GSE30528,R-HSA-1474244,COL9A3,0.2985728143032311,0.30124755699091305,0.002674742687681919
GSE30528,R-HSA-1474244,COLGALT1,0.2985728143032311,0.29622268433666565,0.002350129966565473
GSE30528,R-HSA-1474244,COLGALT2,0.2985728143032311,0.3083012883755106,0.009728474072279447
GSE30528,R-HSA-1474244,COMP,0.2985728143032311,0.2952735514443602,0.003299262858870944
GSE30528,R-HSA-1474244,CRTAP,0.2985728143032311,0.2994533197087234,0.0008805054054922823
GSE30528,R-HSA-1474244,CTRB1,0.2985728143032311,0.298511788867173,6.102543605812638e-05
GSE30528,R-HSA-1474244,CTRB2,0.2985728143032311,0.2957382278481154,0.0028345864551157507
GSE30528,R-HSA-1474244,CTSB,0.2985728143032311,0.29766927267506565,0.0009035416281654718
GSE30528,R-HSA-1474244,CTSD,0.2985728143032311,0.29710155714884523,0.0014712571543858965
GSE30528,R-HSA-1474244,CTSG,0.2985728143032311,0.29289020147113887,0.00568261283209226
GSE30528,R-HSA-1474244,CTSK,0.2985728143032311,0.2957380366468661,0.0028347776563650284
GSE30528,R-HSA-1474244,CTSL,0.2985728143032311,0.30001784129343156,0.0014450269902004376
GSE30528,R-HSA-1474244,CTSS,0.2985728143032311,0.29522867398233466,0.0033441403208964715
GSE30528,R-HSA-1474244,CTSV,0.2985728143032311,0.30582016837115683,0.007247354067925704
GSE30528,R-HSA-1474244,DAG1,0.2985728143032311,0.30264948656735075,0.0040766722641196185
GSE30528,R-HSA-1474244,DCN,0.2985728143032311,0.3073830080817988,0.008810193778567676
GSE30528,R-HSA-1474244,DDR1,0.2985728143032311,0.29846910694118844,0.00010370736204268205
GSE30528,R-HSA-1474244,DDR2,0.2985728143032311,0.29703440194021513,0.0015384123630159952
GSE30528,R-HSA-1474244,DMD,0.2985728143032311,0.298832321434615,0.0002595071313838959
GSE30528,R-HSA-1474244,DMP1,0.2985728143032311,0.2971094360625836,0.001463378240647517
GSE30528,R-HSA-1474244,DRP2,0.2985728143032311,0.29677189615567046,0.0018009181475606706
GSE30528,R-HSA-1474244,DSPP,0.2985728143032311,0.2976116009621632,0.0009612133410679125
GSE30528,R-HSA-1474244,DST,0.2985728143032311,0.30760583517222106,0.009033020868989938
GSE30528,R-HSA-1474244,DTNA,0.2985728143032311,0.29750766427533115,0.0010651500278999748
GSE30528,R-HSA-1474244,DTNB,0.2985728143032311,0.29793911284455166,0.0006337014586794698
GSE30528,R-HSA-1474244,EFEMP1,0.2985728143032311,0.3117371783166311,0.013164364013399987
GSE30528,R-HSA-1474244,EFEMP2,0.2985728143032311,0.3040971141401227,0.005524299836891566
GSE30528,R-HSA-1474244,ELANE,0.2985728143032311,0.2996981374362384,0.0011253231330072833
GSE30528,R-HSA-1474244,ELN,0.2985728143032311,0.2975794927258968,0.0009933215773343385
GSE30528,R-HSA-1474244,EMILIN1,0.2985728143032311,0.29824804480164807,0.0003247695015830554
GSE30528,R-HSA-1474244,EMILIN2,0.2985728143032311,0.30120249267247223,0.0026296783692411063
GSE30528,R-HSA-1474244,F11R,0.2985728143032311,0.29595067218759114,0.0026221421156399916
GSE30528,R-HSA-1474244,FBLN1,0.2985728143032311,0.2918138815167909,0.0067589327864402415
GSE30528,R-HSA-1474244,FBLN2,0.2985728143032311,0.2977009850096016,0.0008718292936295002
GSE30528,R-HSA-1474244,FBLN5,0.2985728143032311,0.29515393264555617,0.0034188816576749548
GSE30528,R-HSA-1474244,FBN1,0.2985728143032311,0.2989795217965188,0.0004067074932876946
GSE30528,R-HSA-1474244,FBN2,0.2985728143032311,0.2967837570548614,0.001789057248369752
GSE30528,R-HSA-1474244,FGA,0.2985728143032311,0.2997282276347127,0.0011554133314815584
GSE30528,R-HSA-1474244,FGB,0.2985728143032311,0.29788522388206456,0.0006875904211665618
GSE30528,R-HSA-1474244,FGF2,0.2985728143032311,0.29737903284541906,0.001193781457812071
GSE30528,R-HSA-1474244,FGG,0.2985728143032311,0.29615609750889893,0.0024167167943321965
GSE30528,R-HSA-1474244,FMOD,0.2985728143032311,0.29054645831528425,0.008026355987946876
GSE30528,R-HSA-1474244,FN1,0.2985728143032311,0.2976658804495552,0.0009069338536759064
GSE30528,R-HSA-1474244,FURIN,0.2985728143032311,0.2986475573928621,7.474308963095755e-05
GSE30528,R-HSA-1474244,GDF5,0.2985728143032311,0.2975791269258664,0.000993687377364716
GSE30528,R-HSA-1474244,HAPLN1,0.2985728143032311,0.29297097895361585,0.005601835349615281
GSE30528,R-HSA-1474244,HSPG2,0.2985728143032311,0.2994846910000293,0.0009118766967981529
GSE30528,R-HSA-1474244,HTRA1,0.2985728143032311,0.3083521924858556,0.009779378182624476
GSE30528,R-HSA-1474244,IBSP,0.2985728143032311,0.2975960381163891,0.0009767761868419989
GSE30528,R-HSA-1474244,ICAM1,0.2985728143032311,0.2992763256107998,0.0007035113075686827
GSE30528,R-HSA-1474244,ICAM2,0.2985728143032311,0.30033810085935964,0.0017652865561285092
GSE30528,R-HSA-1474244,ICAM3,0.2985728143032311,0.2920710015760402,0.006501812727190914
GSE30528,R-HSA-1474244,ICAM4,0.2985728143032311,0.3017948901798198,0.0032220758765886814
GSE30528,R-HSA-1474244,ICAM5,0.2985728143032311,0.2979752243614584,0.0005975899417727248
GSE30528,R-HSA-1474244,ITGA1,0.2985728143032311,0.30196393896324014,0.003391124660009015
GSE30528,R-HSA-1474244,ITGA10,0.2985728143032311,0.3003581049017479,0.0017852905985167866
GSE30528,R-HSA-1474244,ITGA2,0.2985728143032311,0.29565180918333894,0.002921005119892184
GSE30528,R-HSA-1474244,ITGA2B,0.2985728143032311,0.29670712559644113,0.0018656887067899919
GSE30528,R-HSA-1474244,ITGA3,0.2985728143032311,0.30900490729807983,0.010432092994848707
GSE30528,R-HSA-1474244,ITGA4,0.2985728143032311,0.2952978415222266,0.003274972781004526
GSE30528,R-HSA-1474244,ITGA5,0.2985728143032311,0.2999133950089933,0.001340580705762151
GSE30528,R-HSA-1474244,ITGA6,0.2985728143032311,0.297843979121474,0.0007288351817571481
GSE30528,R-HSA-1474244,ITGA7,0.2985728143032311,0.2973292669777905,0.0012435473254406304
GSE30528,R-HSA-1474244,ITGA8,0.2985728143032311,0.30487507140671477,0.006302257103483644
GSE30528,R-HSA-1474244,ITGA9,0.2985728143032311,0.3029817349717535,0.004408920668522387
GSE30528,R-HSA-1474244,ITGAE,0.2985728143032311,0.2997285288320754,0.001155714528844276
GSE30528,R-HSA-1474244,ITGAL,0.2985728143032311,0.2945346346558072,0.004038179647423923
GSE30528,R-HSA-1474244,ITGAM,0.2985728143032311,0.2950961764226486,0.0034766378805825005
GSE30528,R-HSA-1474244,ITGAV,0.2985728143032311,0.30581598869413823,0.007243174390907103
GSE30528,R-HSA-1474244,ITGAX,0.2985728143032311,0.29429878724457936,0.004274027058651764
GSE30528,R-HSA-1474244,ITGB1,0.2985728143032311,0.2988344567838154,0.00026164248058430095
GSE30528,R-HSA-1474244,ITGB2,0.2985728143032311,0.29320433266038565,0.00536848164284548
GSE30528,R-HSA-1474244,ITGB3,0.2985728143032311,0.3046664574314892,0.006093643128258053
GSE30528,R-HSA-1474244,ITGB4,0.2985728143032311,0.29772097351888627,0.0008518407843448594
GSE30528,R-HSA-1474244,ITGB5,0.2985728143032311,0.30416647742218095,0.005593663118949821
GSE30528,R-HSA-1474244,ITGB6,0.2985728143032311,0.2938666559663156,0.004706158336915511
GSE30528,R-HSA-1474244,ITGB7,0.2985728143032311,0.29001280712116434,0.008560007182066787
GSE30528,R-HSA-1474244,ITGB8,0.2985728143032311,0.30262107982220515,0.004048265518974026
GSE30528,R-HSA-1474244,JAM2,0.2985728143032311,0.30140523789166723,0.002832423588436106
GSE30528,R-HSA-1474244,JAM3,0.2985728143032311,0.30830532916332437,0.009732514860093244
GSE30528,R-HSA-1474244,KDR,0.2985728143032311,0.30443396597873457,0.00586115167550344
GSE30528,R-HSA-1474244,KLK2,0.2985728143032311,0.297894228343373,0.0006785859598581467
GSE30528,R-HSA-1474244,KLK7,0.2985728143032311,0.3086067832754575,0.01003396897222636
GSE30528,R-HSA-1474244,KLKB1,0.2985728143032311,0.30039002809411547,0.0018172137908843422
GSE30528,R-HSA-1474244,LAMA1,0.2985728143032311,0.3000403921161019,0.0014675778128707684
GSE30528,R-HSA-1474244,LAMA2,0.2985728143032311,0.2962681813608786,0.0023046329423525025
GSE30528,R-HSA-1474244,LAMA3,0.2985728143032311,0.29956214659355374,0.0009893322903226087
GSE30528,R-HSA-1474244,LAMA4,0.2985728143032311,0.2985891632221491,1.6348918917996613e-05
GSE30528,R-HSA-1474244,LAMA5,0.2985728143032311,0.3020379984110673,0.0034651841078361945
GSE30528,R-HSA-1474244,LAMB1,0.2985728143032311,0.29700354072071733,0.0015692735825137971
GSE30528,R-HSA-1474244,LAMB2,0.2985728143032311,0.30501469856261826,0.006441884259387132
GSE30528,R-HSA-1474244,LAMB3,0.2985728143032311,0.29625740647310067,0.002315407830130456
GSE30528,R-HSA-1474244,LAMC1,0.2985728143032311,0.29613997502650236,0.002432839276728771
GSE30528,R-HSA-1474244,LAMC2,0.2985728143032311,0.29468474946772,0.003888064835511129
GSE30528,R-HSA-1474244,LAMC3,0.2985728143032311,0.29383818107765997,0.004734633225571161
GSE30528,R-HSA-1474244,LOX,0.2985728143032311,0.3007971318132906,0.0022243175100594703
GSE30528,R-HSA-1474244,LOXL1,0.2985728143032311,0.3029227021647787,0.004349887861547552
GSE30528,R-HSA-1474244,LOXL2,0.2985728143032311,0.2989255724780152,0.00035275817478408467
GSE30528,R-HSA-1474244,LRP4,0.2985728143032311,0.30634892692813864,0.007776112624907516
GSE30528,R-HSA-1474244,LTBP1,0.2985728143032311,0.29541458400706644,0.003158230296164688
GSE30528,R-HSA-1474244,LTBP2,0.2985728143032311,0.2978779930905525,0.0006948212126786091
GSE30528,R-HSA-1474244,LTBP3,0.2985728143032311,0.3014708904309526,0.0028980761277214717
GSE30528,R-HSA-1474244,LTBP4,0.2985728143032311,0.29822225982467143,0.0003505544785596948
GSE30528,R-HSA-1474244,LUM,0.2985728143032311,0.2926262153415386,0.0059465989616925286
GSE30528,R-HSA-1474244,MADCAM1,0.2985728143032311,0.29753793167805354,0.0010348826251775911
GSE30528,R-HSA-1474244,MATN1,0.2985728143032311,0.2946505396577969,0.0039222746454342095
GSE30528,R-HSA-1474244,MATN3,0.2985728143032311,0.30392309700365056,0.005350282700419429
GSE30528,R-HSA-1474244,MATN4,0.2985728143032311,0.29746536372030324,0.0011074505829278825
GSE30528,R-HSA-1474244,MFAP2,0.2985728143032311,0.29415095883231035,0.004421855470920777
GSE30528,R-HSA-1474244,MFAP3,0.2985728143032311,0.30447008186815067,0.005897267564919539
GSE30528,R-HSA-1474244,MFAP4,0.2985728143032311,0.29092561008697443,0.007647204216256698
GSE30528,R-HSA-1474244,MFAP5,0.2985728143032311,0.29617306022781714,0.0023997540754139846
GSE30528,R-HSA-1474244,MMP1,0.2985728143032311,0.2954843030833926,0.0030885112198385523
GSE30528,R-HSA-1474244,MMP10,0.2985728143032311,0.29966188907525465,0.0010890747720235239
GSE30528,R-HSA-1474244,MMP11,0.2985728143032311,0.28852125197787604,0.01005156232535509
GSE30528,R-HSA-1474244,MMP12,0.2985728143032311,0.2978131386701663,0.000759675633064838
GSE30528,R-HSA-1474244,MMP13,0.2985728143032311,0.2984985526232297,7.426168000140843e-05
GSE30528,R-HSA-1474244,MMP14,0.2985728143032311,0.2968099513250278,0.0017628629782033278
GSE30528,R-HSA-1474244,MMP15,0.2985728143032311,0.2981748351237434,0.00039797917948775074
GSE30528,R-HSA-1474244,MMP16,0.2985728143032311,0.29792054466855383,0.0006522696346772938
GSE30528,R-HSA-1474244,MMP17,0.2985728143032311,0.29523502958064257,0.003337784722588555
GSE30528,R-HSA-1474244,MMP19,0.2985728143032311,0.29658329273455564,0.0019895215686754897
GSE30528,R-HSA-1474244,MMP2,0.2985728143032311,0.29310027066410393,0.005472543639127192
GSE30528,R-HSA-1474244,MMP20,0.2985728143032311,0.2989565065912436,0.0003836922880124938
GSE30528,R-HSA-1474244,MMP24,0.2985728143032311,0.2993762545425628,0.0008034402393316542
GSE30528,R-HSA-1474244,MMP25,0.2985728143032311,0.297299471822348,0.0012733424808831217
GSE30528,R-HSA-1474244,MMP3,0.2985728143032311,0.29544911533001933,0.003123698973211797
GSE30528,R-HSA-1474244,MMP7,0.2985728143032311,0.2937658946645074,0.004806919638723706
GSE30528,R-HSA-1474244,MMP8,0.2985728143032311,0.2984737475041433,9.906679908783245e-05
GSE30528,R-HSA-1474244,MMP9,0.2985728143032311,0.297595688095256,0.000977126207975132
GSE30528,R-HSA-1474244,MUSK,0.2985728143032311,0.29901540685281064,0.00044259254957951244
GSE30528,R-HSA-1474244,NCAM1,0.2985728143032311,0.30362419626338455,0.005051381960153423
GSE30528,R-HSA-1474244,NCAN,0.2985728143032311,0.29729921968291567,0.0012735946203154547
GSE30528,R-HSA-1474244,NCSTN,0.2985728143032311,0.3042746230756129,0.0057018087723818
GSE30528,R-HSA-1474244,NID1,0.2985728143032311,0.2955965611494979,0.0029762531537332326
GSE30528,R-HSA-1474244,NID2,0.2985728143032311,0.3035019531786873,0.004929138875456152
GSE30528,R-HSA-1474244,NRXN1,0.2985728143032311,0.2994400452801194,0.0008672309768882891
GSE30528,R-HSA-1474244,P4HA1,0.2985728143032311,0.3009221093447731,0.0023492950415419656
GSE30528,R-HSA-1474244,P4HB,0.2985728143032311,0.29737091425557766,0.0012019000476534702
GSE30528,R-HSA-1474244,PCOLCE,0.2985728143032311,0.2894581341310915,0.009114680172139622
GSE30528,R-HSA-1474244,PCOLCE2,0.2985728143032311,0.30687581289028437,0.008302998587053245
GSE30528,R-HSA-1474244,PDGFA,0.2985728143032311,0.30224393466203436,0.003671120358803237
GSE30528,R-HSA-1474244,PDGFB,0.2985728143032311,0.29534687363527823,0.003225940667952898
GSE30528,R-HSA-1474244,PECAM1,0.2985728143032311,0.3006506828729757,0.0020778685697445676
GSE30528,R-HSA-1474244,PLEC,0.2985728143032311,0.29819935606159453,0.0003734582416365928
GSE30528,R-HSA-1474244,PLG,0.2985728143032311,0.30028268304734235,0.0017098687441112204
GSE30528,R-HSA-1474244,PLOD1,0.2985728143032311,0.2973912915778378,0.001181522725393347
GSE30528,R-HSA-1474244,PLOD2,0.2985728143032311,0.29827187286046747,0.0003009414427636581
GSE30528,R-HSA-1474244,PLOD3,0.2985728143032311,0.30145737680335705,0.00288456250012592
GSE30528,R-HSA-1474244,PPIB,0.2985728143032311,0.2968512070714317,0.0017216072317994269
GSE30528,R-HSA-1474244,PRKCA,0.2985728143032311,0.298105388920379,0.00046742538285210466
GSE30528,R-HSA-1474244,PRSS1,0.2985728143032311,0.297372251759572,0.0012005625436591338
GSE30528,R-HSA-1474244,PRSS2,0.2985728143032311,0.2978581792410189,0.0007146350622121989
GSE30528,R-HSA-1474244,PSEN1,0.2985728143032311,0.29669574266702325,0.001877071636207872
GSE30528,R-HSA-1474244,PTPRS,0.2985728143032311,0.2984476102957466,0.0001252040074845029
GSE30528,R-HSA-1474244,PXDN,0.2985728143032311,0.2996972777211973,0.0011244634179661817
GSE30528,R-HSA-1474244,SCUBE3,0.2985728143032311,0.30067302456413086,0.0021002102608997375
GSE30528,R-HSA-1474244,SDC1,0.2985728143032311,0.29636663239101957,0.002206181912211558
GSE30528,R-HSA-1474244,SDC2,0.2985728143032311,0.30690984804214827,0.008337033738917143
GSE30528,R-HSA-1474244,SDC3,0.2985728143032311,0.3021164072265468,0.003543592923315686
GSE30528,R-HSA-1474244,SDC4,0.2985728143032311,0.30058999514817203,0.0020171808449409023
GSE30528,R-HSA-1474244,SERPINE1,0.2985728143032311,0.3005373183362461,0.0019645040330149577
GSE30528,R-HSA-1474244,SERPINH1,0.2985728143032311,0.2918759317352007,0.006696882568030416
GSE30528,R-HSA-1474244,SGCA,0.2985728143032311,0.2981049865583759,0.0004678277448552093
GSE30528,R-HSA-1474244,SGCB,0.2985728143032311,0.3029885655638635,0.004415751260632372
GSE30528,R-HSA-1474244,SGCD,0.2985728143032311,0.29893908760678156,0.0003662733035504351
GSE30528,R-HSA-1474244,SGCE,0.2985728143032311,0.31170018153300133,0.013127367229770204
GSE30528,R-HSA-1474244,SGCG,0.2985728143032311,0.29723738163003616,0.0013354326731949695
GSE30528,R-HSA-1474244,SH3PXD2A,0.2985728143032311,0.29894264779425866,0.00036983349102753804
GSE30528,R-HSA-1474244,SNTA1,0.2985728143032311,0.3016667291753328,0.0030939148721016996
GSE30528,R-HSA-1474244,SNTB1,0.2985728143032311,0.2972451293402423,0.001327684962988851
GSE30528,R-HSA-1474244,SNTB2,0.2985728143032311,0.2973934042785638,0.0011794100246673156
GSE30528,R-HSA-1474244,SNTG2,0.2985728143032311,0.2991112037795862,0.0005383894763550945
GSE30528,R-HSA-1474244,SPARC,0.2985728143032311,0.3023291680926747,0.003756353789443556
GSE30528,R-HSA-1474244,SPOCK3,0.2985728143032311,0.29987163568358244,0.0012988213803513116
GSE30528,R-HSA-1474244,SPP1,0.2985728143032311,0.29365239318415265,0.0049204211190784775
GSE30528,R-HSA-1474244,SSPN,0.2985728143032311,0.2965441298446501,0.0020286844585810093
GSE30528,R-HSA-1474244,TGFB1,0.2985728143032311,0.2978958437109615,0.0006769705922696212
GSE30528,R-HSA-1474244,TGFB2,0.2985728143032311,0.298042494202063,0.0005303201011681025
GSE30528,R-HSA-1474244,TGFB3,0.2985728143032311,0.29878846135102577,0.0002156470477946426
GSE30528,R-HSA-1474244,THBS1,0.2985728143032311,0.29752322609073956,0.00104958821249157
GSE30528,R-HSA-1474244,TIMP1,0.2985728143032311,0.3020942222583344,0.0035214079551032507
GSE30528,R-HSA-1474244,TIMP2,0.2985728143032311,0.30617998569091975,0.007607171387688627
GSE30528,R-HSA-1474244,TLL1,0.2985728143032311,0.29843463210712207,0.00013818219610906013
GSE30528,R-HSA-1474244,TLL2,0.2985728143032311,0.2994047151326668,0.0008319008294356833
GSE30528,R-HSA-1474244,TMPRSS6,0.2985728143032311,0.2941829445408938,0.004389869762337351
GSE30528,R-HSA-1474244,TNC,0.2985728143032311,0.29455266259604135,0.0040201517071897785
GSE30528,R-HSA-1474244,TNN,0.2985728143032311,0.29701330743553034,0.0015595068677007884
GSE30528,R-HSA-1474244,TNR,0.2985728143032311,0.29863108860026927,5.827429703814113e-05
GSE30528,R-HSA-1474244,TNXB,0.2985728143032311,0.2960877365241419,0.0024850777790892398
GSE30528,R-HSA-1474244,TPSAB1,0.2985728143032311,0.29499936614352,0.0035734481597111123
GSE30528,R-HSA-1474244,TTR,0.2985728143032311,0.29697363019078155,0.001599184112449581
GSE30528,R-HSA-1474244,UTRN,0.2985728143032311,0.30001831443467714,0.0014455001314460092
GSE30528,R-HSA-1474244,VCAM1,0.2985728143032311,0.2956919914050539,0.0028808228981772044
GSE30528,R-HSA-1474244,VCAN,0.2985728143032311,0.29568816886230687,0.0028846454409242606
GSE30528,R-HSA-1474244,VWF,0.2985728143032311,0.2938642890451629,0.004708525258068252
GSE30528,R-HSA-1234174,ADRM1,-0.13427994295148007,-0.13337878186040852,0.0009011610910715506
GSE30528,R-HSA-1234174,ARNT,-0.13427994295148007,-0.14889538100328137,0.014615438051801294
GSE30528,R-HSA-1234174,CA9,-0.13427994295148007,-0.13359578490072815,0.0006841580507519207
GSE30528,R-HSA-1234174,CITED2,-0.13427994295148007,-0.10566687171640311,0.02861307123507696
GSE30528,R-HSA-1234174,CREBBP,-0.13427994295148007,-0.15450626362589825,0.02022632067441818
GSE30528,R-HSA-1234174,CUL2,-0.13427994295148007,-0.11625925677493823,0.018020686176541845
GSE30528,R-HSA-1234174,EGLN1,-0.13427994295148007,-0.13690795714032014,0.0026280141888400665
GSE30528,R-HSA-1234174,EGLN2,-0.13427994295148007,-0.14602177238365902,0.01174182943217894
GSE30528,R-HSA-1234174,EGLN3,-0.13427994295148007,-0.1565632388982051,0.022283295946725012
GSE30528,R-HSA-1234174,EP300,-0.13427994295148007,-0.13012668091425947,0.004153262037220606
GSE30528,R-HSA-1234174,EPAS1,-0.13427994295148007,-0.12013645401372149,0.014143488937758589
GSE30528,R-HSA-1234174,EPO,-0.13427994295148007,-0.15435816506706357,0.020078222115583494
GSE30528,R-HSA-1234174,HIF1A,-0.13427994295148007,-0.15418660147823138,0.019906658526751303
GSE30528,R-HSA-1234174,HIF1AN,-0.13427994295148007,-0.1500099142098119,0.015729971258331837
GSE30528,R-HSA-1234174,HIF3A,-0.13427994295148007,-0.14466731596242843,0.010387373010948359
GSE30528,R-HSA-1234174,HIGD1A,-0.13427994295148007,-0.12469536078015116,0.009584582171328918
GSE30528,R-HSA-1234174,LIMD1,-0.13427994295148007,-0.13982933246914098,0.005549389517660902
GSE30528,R-HSA-1234174,PSMA1,-0.13427994295148007,-0.13657579239713477,0.0022958494456546963
GSE30528,R-HSA-1234174,PSMA2,-0.13427994295148007,-0.1290215777778022,0.005258365173677865
GSE30528,R-HSA-1234174,PSMA3,-0.13427994295148007,-0.12923571102007242,0.005044231931407656
GSE30528,R-HSA-1234174,PSMA4,-0.13427994295148007,-0.1340894324385018,0.00019051051297827581
GSE30528,R-HSA-1234174,PSMA5,-0.13427994295148007,-0.12386944280834075,0.010410500143139323
GSE30528,R-HSA-1234174,PSMA7,-0.13427994295148007,-0.13823894057496255,0.00395899762348248
GSE30528,R-HSA-1234174,PSMB1,-0.13427994295148007,-0.13815957229183615,0.003879629340356072
GSE30528,R-HSA-1234174,PSMB2,-0.13427994295148007,-0.14700257169013922,0.012722628738659147
GSE30528,R-HSA-1234174,PSMB3,-0.13427994295148007,-0.14163221852247943,0.00735227557099935
GSE30528,R-HSA-1234174,PSMB4,-0.13427994295148007,-0.14333236829379525,0.009052425342315179
GSE30528,R-HSA-1234174,PSMB5,-0.13427994295148007,-0.1422830189083616,0.008003075956881517
GSE30528,R-HSA-1234174,PSMB6,-0.13427994295148007,-0.14875311463484445,0.014473171683364372
GSE30528,R-HSA-1234174,PSMB7,-0.13427994295148007,-0.1360381661584883,0.0017582232070082193
GSE30528,R-HSA-1234174,PSMC1,-0.13427994295148007,-0.132209630353552,0.0020703125979280868
GSE30528,R-HSA-1234174,PSMC2,-0.13427994295148007,-0.1344095817351861,0.000129638783706032
GSE30528,R-HSA-1234174,PSMC3,-0.13427994295148007,-0.1334408994547425,0.0008390434967375793
GSE30528,R-HSA-1234174,PSMC4,-0.13427994295148007,-0.14190878302769153,0.007628840076211452
GSE30528,R-HSA-1234174,PSMC5,-0.13427994295148007,-0.13098968350092582,0.0032902594505542504
GSE30528,R-HSA-1234174,PSMC6,-0.13427994295148007,-0.11073079842538448,0.02354914452609559
GSE30528,R-HSA-1234174,PSMD1,-0.13427994295148007,-0.1026868752913747,0.031593067660105376
GSE30528,R-HSA-1234174,PSMD11,-0.13427994295148007,-0.14128978127162145,0.007009838320141376
GSE30528,R-HSA-1234174,PSMD12,-0.13427994295148007,-0.11028537195953358,0.02399457099194649
GSE30528,R-HSA-1234174,PSMD13,-0.13427994295148007,-0.14427265591069127,0.009992712959211197
GSE30528,R-HSA-1234174,PSMD14,-0.13427994295148007,-0.12991222760130428,0.004367715350175799
GSE30528,R-HSA-1234174,PSMD2,-0.13427994295148007,-0.13313136534116474,0.0011485776103153378
GSE30528,R-HSA-1234174,PSMD3,-0.13427994295148007,-0.13669720130358595,0.0024172583521058777
GSE30528,R-HSA-1234174,PSMD6,-0.13427994295148007,-0.1202113707944297,0.014068572157050374
GSE30528,R-HSA-1234174,PSMD7,-0.13427994295148007,-0.11888625096795284,0.015393691983527233
GSE30528,R-HSA-1234174,PSMD8,-0.13427994295148007,-0.14218368871385414,0.00790374576237407
GSE30528,R-HSA-1234174,RBX1,-0.13427994295148007,-0.1351806959876976,0.0009007530362175331
GSE30528,R-HSA-1234174,RPS27A,-0.13427994295148007,-0.13362951556851232,0.0006504273829677498
GSE30528,R-HSA-1234174,UBA52,-0.13427994295148007,-0.15145608647280343,0.01717614352132335
GSE30528,R-HSA-1234174,UBB,-0.13427994295148007,-0.11003814934213399,0.024241793609346085
GSE30528,R-HSA-1234174,UBC,-0.13427994295148007,-0.12017442620713402,0.014105516744346056
GSE30528,R-HSA-1234174,UBE2D1,-0.13427994295148007,-0.14289751984121735,0.008617576889737272
GSE30528,R-HSA-1234174,UBE2D2,-0.13427994295148007,-0.12870171494526803,0.005578228006212049
GSE30528,R-HSA-1234174,UBE2D3,-0.13427994295148007,-0.14786189411200412,0.013581951160524047
GSE30528,R-HSA-1234174,VEGFA,-0.13427994295148007,-0.1014134412540896,0.03286650169739047
GSE30528,R-HSA-1234174,VHL,-0.13427994295148007,-0.14704013518362033,0.012760192232140255
GSE30528,R-HSA-170834,ARHGEF18,-0.07938033713936953,-0.06844216258621974,0.010938174553149785
GSE30528,R-HSA-170834,ATP1B4,-0.07938033713936953,-0.07465371361073019,0.00472662352863934
GSE30528,R-HSA-170834,BAMBI,-0.07938033713936953,-0.06478974479055749,0.014590592348812034
GSE30528,R-HSA-170834,CBL,-0.07938033713936953,-0.08047844869109541,0.001098111551725886
GSE30528,R-HSA-170834,CCNC,-0.07938033713936953,-0.07883013378034516,0.0005502033590243649
GSE30528,R-HSA-170834,CCNK,-0.07938033713936953,-0.07953414656774739,0.0001538094283778657
GSE30528,R-HSA-170834,CCNT1,-0.07938033713936953,-0.07688497786840823,0.0024953592709612976
GSE30528,R-HSA-170834,CCNT2,-0.07938033713936953,-0.07785363504275426,0.0015267020966152622
GSE30528,R-HSA-170834,CDK8,-0.07938033713936953,-0.08598457178688823,0.006604234647518706
GSE30528,R-HSA-170834,CDK9,-0.07938033713936953,-0.08700256257818861,0.0076222254388190885
GSE30528,R-HSA-170834,CDKN2B,-0.07938033713936953,-0.08649002443629408,0.007109687296924558
GSE30528,R-HSA-170834,COL1A2,-0.07938033713936953,-0.10469885100255558,0.02531851386318605
GSE30528,R-HSA-170834,E2F4,-0.07938033713936953,-0.09339664462174259,0.014016307482373064
GSE30528,R-HSA-170834,E2F5,-0.07938033713936953,-0.08683466264268246,0.007454325503312931
GSE30528,R-HSA-170834,EP300,-0.07938033713936953,-0.07626683144860857,0.003113505690760951
GSE30528,R-HSA-170834,F11R,-0.07938033713936953,-0.09163061280901173,0.012250275669642208
GSE30528,R-HSA-170834,FBN1,-0.07938033713936953,-0.08227779148913604,0.002897454349766515
GSE30528,R-HSA-170834,FKBP1A,-0.07938033713936953,-0.08715142885583349,0.007771091716463965
GSE30528,R-HSA-170834,FURIN,-0.07938033713936953,-0.08330286838394428,0.003922531244574756
GSE30528,R-HSA-170834,HDAC1,-0.07938033713936953,-0.053673497940183675,0.02570683919918585
GSE30528,R-HSA-170834,ITGA8,-0.07938033713936953,-0.06407285258292654,0.015307484556442985
GSE30528,R-HSA-170834,ITGAV,-0.07938033713936953,-0.06116738271736629,0.018212954422003234
GSE30528,R-HSA-170834,ITGB1,-0.07938033713936953,-0.08272573949539617,0.00334540235602665
GSE30528,R-HSA-170834,ITGB3,-0.07938033713936953,-0.06471703419873312,0.014663302940636405
GSE30528,R-HSA-170834,ITGB5,-0.07938033713936953,-0.0662609285131904,0.013119408626179122
GSE30528,R-HSA-170834,ITGB6,-0.07938033713936953,-0.09806587169009325,0.01868553455072372
GSE30528,R-HSA-170834,ITGB8,-0.07938033713936953,-0.07103298044278596,0.008347356696583569
GSE30528,R-HSA-170834,JUNB,-0.07938033713936953,-0.07692193868174534,0.002458398457624189
GSE30528,R-HSA-170834,LTBP1,-0.07938033713936953,-0.0932860059818407,0.013905668842471172
GSE30528,R-HSA-170834,LTBP2,-0.07938033713936953,-0.08567921529547175,0.006298878156102222
GSE30528,R-HSA-170834,LTBP3,-0.07938033713936953,-0.07458466416742301,0.00479567297194651
GSE30528,R-HSA-170834,LTBP4,-0.07938033713936953,-0.08461614988571972,0.005235812746350196
GSE30528,R-HSA-170834,MAPK1,-0.07938033713936953,-0.09505930949851708,0.01567897235914756
GSE30528,R-HSA-170834,MAPK3,-0.07938033713936953,-0.09067446897854134,0.011294131839171814
GSE30528,R-HSA-170834,MEN1,-0.07938033713936953,-0.08314987121022173,0.003769534070852204
GSE30528,R-HSA-170834,MTMR4,-0.07938033713936953,-0.08202139843123739,0.0026410612918678633
GSE30528,R-HSA-170834,MYC,-0.07938033713936953,-0.08627367689176485,0.006893339752395325
GSE30528,R-HSA-170834,NCOR1,-0.07938033713936953,-0.08404652282341102,0.004666185684041493
GSE30528,R-HSA-170834,NCOR2,-0.07938033713936953,-0.07369951727113885,0.0056808198682306715
GSE30528,R-HSA-170834,NEDD4L,-0.07938033713936953,-0.08155384764156055,0.0021735105021910284
GSE30528,R-HSA-170834,NEDD8,-0.07938033713936953,-0.08255291976181171,0.0031725826224421882
GSE30528,R-HSA-170834,PARD3,-0.07938033713936953,-0.06534375977089801,0.014036577368471512
GSE30528,R-HSA-170834,PARD6A,-0.07938033713936953,-0.09424230630903684,0.01486196916966731
GSE30528,R-HSA-170834,PARP1,-0.07938033713936953,-0.08823421591984593,0.008853878780476401
GSE30528,R-HSA-170834,PMEPA1,-0.07938033713936953,-0.04968131262298658,0.029699024516382948
GSE30528,R-HSA-170834,PPM1A,-0.07938033713936953,-0.07857172631793247,0.0008086108214370585
GSE30528,R-HSA-170834,PPP1CA,-0.07938033713936953,-0.09063197248784928,0.011251635348479755
GSE30528,R-HSA-170834,PPP1CB,-0.07938033713936953,-0.08874152106614486,0.009361183926775332
GSE30528,R-HSA-170834,PPP1CC,-0.07938033713936953,-0.07520543743571331,0.0041748997036562124
GSE30528,R-HSA-170834,PPP1R15A,-0.07938033713936953,-0.06770187647205682,0.011678460667312707
GSE30528,R-HSA-170834,PRKCZ,-0.07938033713936953,-0.08171485368602513,0.0023345165466556045
GSE30528,R-HSA-170834,RBL1,-0.07938033713936953,-0.08606104411635158,0.006680706976982059
GSE30528,R-HSA-170834,RHOA,-0.07938033713936953,-0.08060812762503804,0.0012277904856685118
GSE30528,R-HSA-170834,RNF111,-0.07938033713936953,-0.06397122670995883,0.015409110429410691
GSE30528,R-HSA-170834,RPS27A,-0.07938033713936953,-0.07838392931656359,0.0009964078228059392
GSE30528,R-HSA-170834,SERPINE1,-0.07938033713936953,-0.07746745272360456,0.0019128844157649677
GSE30528,R-HSA-170834,SKI,-0.07938033713936953,-0.07113888371051644,0.008241453428853088
GSE30528,R-HSA-170834,SKIL,-0.07938033713936953,-0.07431141588986949,0.005068921249500036
GSE30528,R-HSA-170834,SMAD2,-0.07938033713936953,-0.06872724410446905,0.010653093034900474
GSE30528,R-HSA-170834,SMAD3,-0.07938033713936953,-0.09151935822734257,0.012139021087973045
GSE30528,R-HSA-170834,SMAD4,-0.07938033713936953,-0.07727595315560477,0.0021043839837647516
GSE30528,R-HSA-170834,SMAD7,-0.07938033713936953,-0.07358743998999352,0.005792897149376003
GSE30528,R-HSA-170834,SMURF1,-0.07938033713936953,-0.09355480213109023,0.014174464991720703
GSE30528,R-HSA-170834,SMURF2,-0.07938033713936953,-0.07320213370018437,0.006178203439185154
GSE30528,R-HSA-170834,SNW1,-0.07938033713936953,-0.08431470103440394,0.004934363895034419
GSE30528,R-HSA-170834,SP1,-0.07938033713936953,-0.0766755888547978,0.0027047482845717202
GSE30528,R-HSA-170834,STAT1,-0.07938033713936953,-0.08475477646921423,0.005374439329844702
GSE30528,R-HSA-170834,STRAP,-0.07938033713936953,-0.06697342062898026,0.012406916510389263
GSE30528,R-HSA-170834,STUB1,-0.07938033713936953,-0.08623433832955611,0.006854001190186587
GSE30528,R-HSA-170834,TFDP1,-0.07938033713936953,-0.08679432765602497,0.00741399051665545
GSE30528,R-HSA-170834,TFDP2,-0.07938033713936953,-0.08078568516015343,0.001405348020783903
GSE30528,R-HSA-170834,TGFB1,-0.07938033713936953,-0.085624094148934,0.006243757009564477
GSE30528,R-HSA-170834,TGFB2,-0.07938033713936953,-0.08517125032476335,0.00579091318539382
GSE30528,R-HSA-170834,TGFB3,-0.07938033713936953,-0.08286776934829612,0.003487432208926597
GSE30528,R-HSA-170834,TGFBR1,-0.07938033713936953,-0.09188462932594962,0.012504292186580099
GSE30528,R-HSA-170834,TGFBR2,-0.07938033713936953,-0.06545760092059695,0.013922736218772575
GSE30528,R-HSA-170834,TGFBR3,-0.07938033713936953,-0.03992889084655146,0.03945144629281806
GSE30528,R-HSA-170834,TGIF1,-0.07938033713936953,-0.08656983553969659,0.007189498400327066
GSE30528,R-HSA-170834,TGIF2,-0.07938033713936953,-0.07814727548246594,0.0012330616569035807
GSE30528,R-HSA-170834,TRIM33,-0.07938033713936953,-0.08268906920546067,0.0033087320660911412
GSE30528,R-HSA-170834,UBA52,-0.07938033713936953,-0.08915823041256372,0.0097778932731942
GSE30528,R-HSA-170834,UBB,-0.07938033713936953,-0.06412541126765363,0.015254925871715896
GSE30528,R-HSA-170834,UBC,-0.07938033713936953,-0.07025173244979652,0.009128604689573008
GSE30528,R-HSA-170834,UBE2D1,-0.07938033713936953,-0.08398547036050621,0.00460513322113669
GSE30528,R-HSA-170834,UBE2D3,-0.07938033713936953,-0.08698591634834436,0.007605579208974839
GSE30528,R-HSA-170834,UBE2M,-0.07938033713936953,-0.08326308180504514,0.0038827446656756193
GSE30528,R-HSA-170834,UCHL5,-0.07938033713936953,-0.08358939574732907,0.0042090586079595455
GSE30528,R-HSA-170834,USP9X,-0.07938033713936953,-0.049831815738001946,0.02954852140136758
GSE30528,R-HSA-170834,WWTR1,-0.07938033713936953,-0.08358785572769398,0.004207518588324452
GSE30528,R-HSA-170834,XPO1,-0.07938033713936953,-0.0699809877063405,0.00939934943302903
GSE30528,R-HSA-170834,YBX1,-0.07938033713936953,-0.09556918227577899,0.01618884513640946
GSE30528,R-HSA-170834,ZFYVE9,-0.07938033713936953,-0.08557108312419516,0.006190745984825635
GSE30529,R-HSA-166658,C1QA,0.27796112169904874,0.2563016284425223,0.02165949325652644
GSE30529,R-HSA-166658,C1QB,0.27796112169904874,0.2503709014578658,0.02759022024118296
GSE30529,R-HSA-166658,C1R,0.27796112169904874,0.2607609878795212,0.017200133819527563
GSE30529,R-HSA-166658,C1S,0.27796112169904874,0.23931958740157414,0.038641534297474606
GSE30529,R-HSA-166658,C2,0.27796112169904874,0.2644354978633022,0.013525623835746514
GSE30529,R-HSA-166658,C3,0.27796112169904874,0.23454313543949487,0.04341798625955387
GSE30529,R-HSA-166658,C3AR1,0.27796112169904874,0.25665329160655004,0.021307830092498703
GSE30529,R-HSA-166658,C4A,0.27796112169904874,0.2766507620810464,0.0013103596180023547
GSE30529,R-HSA-166658,C4BPA,0.27796112169904874,0.2610564380684155,0.016904683630633244
GSE30529,R-HSA-166658,C4BPB,0.27796112169904874,0.3157430720683493,0.03778195036930054
GSE30529,R-HSA-166658,C5,0.27796112169904874,0.2849280622646499,0.006966940565601154
GSE30529,R-HSA-166658,C5AR1,0.27796112169904874,0.2802765082168688,0.0023153865178200395
GSE30529,R-HSA-166658,C5AR2,0.27796112169904874,0.3037892289859151,0.025828107286866353
GSE30529,R-HSA-166658,C6,0.27796112169904874,0.2665841442102925,0.011376977488756268
GSE30529,R-HSA-166658,C7,0.27796112169904874,0.2575147424608757,0.02044637923817305
GSE30529,R-HSA-166658,C8A,0.27796112169904874,0.28982451033304163,0.011863388633992888
GSE30529,R-HSA-166658,C8B,0.27796112169904874,0.3031947970332646,0.025233675334215833
GSE30529,R-HSA-166658,C8G,0.27796112169904874,0.28752801804823325,0.009566896349184506
GSE30529,R-HSA-166658,C9,0.27796112169904874,0.29892782425199665,0.020966702552947913
GSE30529,R-HSA-166658,CD19,0.27796112169904874,0.2896444894805135,0.011683367781464782
GSE30529,R-HSA-166658,CD46,0.27796112169904874,0.2951324172199719,0.01717129552092317
GSE30529,R-HSA-166658,CD55,0.27796112169904874,0.26632007989940143,0.011641041799647311
GSE30529,R-HSA-166658,CD59,0.27796112169904874,0.2721281767195882,0.005832944979460519
GSE30529,R-HSA-166658,CD81,0.27796112169904874,0.2581031805315369,0.019857941167511828
GSE30529,R-HSA-166658,CFB,0.27796112169904874,0.3027997730835807,0.02483865138453195
GSE30529,R-HSA-166658,CFD,0.27796112169904874,0.267155633015817,0.010805488683231723
GSE30529,R-HSA-166658,CFH,0.27796112169904874,0.2506275951909884,0.02733352650806037
GSE30529,R-HSA-166658,CFHR2,0.27796112169904874,0.25809087489643917,0.01987024680260957
GSE30529,R-HSA-166658,CFHR4,0.27796112169904874,0.28803645767126773,0.01007533597221899
GSE30529,R-HSA-166658,CFHR5,0.27796112169904874,0.29894009583266024,0.020978974133611494
GSE30529,R-HSA-166658,CFI,0.27796112169904874,0.26694220441231387,0.011018917286734875
GSE30529,R-HSA-166658,CFP,0.27796112169904874,0.29041101596390606,0.01244989426485732
GSE30529,R-HSA-166658,CLU,0.27796112169904874,0.23650586870661552,0.04145525299243322
GSE30529,R-HSA-166658,COLEC10,0.27796112169904874,0.29878714133432305,0.020826019635274307
GSE30529,R-HSA-166658,COLEC11,0.27796112169904874,0.29295555365799236,0.014994431958943621
GSE30529,R-HSA-166658,CPB2,0.27796112169904874,0.29856138350261696,0.02060026180356822
GSE30529,R-HSA-166658,CPN1,0.27796112169904874,0.3043421027715472,0.026380981072498477
GSE30529,R-HSA-166658,CPN2,0.27796112169904874,0.29160236596243955,0.013641244263390806
GSE30529,R-HSA-166658,CR1,0.27796112169904874,0.26708844038010443,0.01087268131894431
GSE30529,R-HSA-166658,CR2,0.27796112169904874,0.29000807485551017,0.012046953156461426
GSE30529,R-HSA-166658,CRP,0.27796112169904874,0.29705696660215253,0.019095844903103787
GSE30529,R-HSA-166658,ELANE,0.27796112169904874,0.29986791015090414,0.021906788451855397
GSE30529,R-HSA-166658,F2,0.27796112169904874,0.3104257692363061,0.03246464753725736
GSE30529,R-HSA-166658,FCN1,0.27796112169904874,0.2575334215505738,0.020427700148474948
GSE30529,R-HSA-166658,FCN2,0.27796112169904874,0.31598612614318367,0.038025004444134924
GSE30529,R-HSA-166658,FCN3,0.27796112169904874,0.2979855055136131,0.02002438381456434
GSE30529,R-HSA-166658,GZMM,0.27796112169904874,0.29600223735684195,0.018041115657793205
GSE30529,R-HSA-166658,IGHG1,0.27796112169904874,0.22492091328403688,0.053040208415011864
GSE30529,R-HSA-166658,IGKC,0.27796112169904874,0.23901084888302349,0.038950272816025255
GSE30529,R-HSA-166658,IGKV1-17,0.27796112169904874,0.2610945594590712,0.016866562239977567
GSE30529,R-HSA-166658,IGLC1,0.27796112169904874,0.26868225713320804,0.009278864565840705
GSE30529,R-HSA-166658,IGLV1-44,0.27796112169904874,0.2769359866298369,0.0010251350692118133
GSE30529,R-HSA-166658,IGLV4-60,0.27796112169904874,0.2862664266419189,0.008305304942870184
GSE30529,R-HSA-166658,IGLV6-57,0.27796112169904874,0.28555734123267557,0.0075962195336268246
GSE30529,R-HSA-166658,MASP1,0.27796112169904874,0.2912212243420065,0.013260102642957738
GSE30529,R-HSA-166658,MASP2,0.27796112169904874,0.30148425175249466,0.023523130053445918
GSE30529,R-HSA-166658,MBL2,0.27796112169904874,0.29911900336880687,0.021157881669758127
GSE30529,R-HSA-166658,PROS1,0.27796112169904874,0.2695023015111086,0.008458820187940141
GSE30529,R-HSA-166658,SERPING1,0.27796112169904874,0.248467066249196,0.02949405544985273
GSE30529,R-HSA-9769740,ADAMTS13,-0.129462439114755,-0.12439843618115574,0.0050640029335992515
GSE30529,R-HSA-9769740,AGRN,-0.129462439114755,-0.14439907106023084,0.014936631945475842
GSE30529,R-HSA-9769740,APP,-0.129462439114755,-0.12227983703645573,0.007182602078299266
GSE30529,R-HSA-9769740,CD177,-0.129462439114755,-0.10464198619501429,0.024820452919740707
GSE30529,R-HSA-9769740,F10,-0.129462439114755,-0.11135818984026097,0.018104249274494028
GSE30529,R-HSA-9769740,F11,-0.129462439114755,-0.08756838729841526,0.041894051816339734
GSE30529,R-HSA-9769740,F12,-0.129462439114755,-0.14570690605616232,0.016244466941407326
GSE30529,R-HSA-9769740,F13A1,-0.129462439114755,-0.14492434526420678,0.015461906149451782
GSE30529,R-HSA-9769740,F13B,-0.129462439114755,-0.11929919352206997,0.010163245592685027
GSE30529,R-HSA-9769740,F2,-0.129462439114755,-0.10162232597612991,0.027840113138625083
GSE30529,R-HSA-9769740,F2R,-0.129462439114755,-0.1504087417339346,0.020946302619179596
GSE30529,R-HSA-9769740,F3,-0.129462439114755,-0.13588225131658668,0.006419812201831687
GSE30529,R-HSA-9769740,F5,-0.129462439114755,-0.15185458738234145,0.022392148267586454
GSE30529,R-HSA-9769740,F7,-0.129462439114755,-0.11684519560807002,0.012617243506684972
GSE30529,R-HSA-9769740,F8,-0.129462439114755,-0.11798615115116737,0.011476287963587628
GSE30529,R-HSA-9769740,F9,-0.129462439114755,-0.12588324821785105,0.00357919089690395
GSE30529,R-HSA-9769740,FGA,-0.129462439114755,-0.12589534703522076,0.0035670920795342342
GSE30529,R-HSA-9769740,FGB,-0.129462439114755,-0.1322950090554133,0.0028325699406583082
GSE30529,R-HSA-9769740,FGG,-0.129462439114755,-0.14531649467274682,0.015854055557991825
GSE30529,R-HSA-9769740,GP1BA,-0.129462439114755,-0.11851675846098769,0.010945680653767303
GSE30529,R-HSA-9769740,GP1BB,-0.129462439114755,-0.13402769901172815,0.004565259896973151
GSE30529,R-HSA-9769740,GP5,-0.129462439114755,-0.11560751958995162,0.013854919524803375
GSE30529,R-HSA-9769740,GP9,-0.129462439114755,-0.11413548957804182,0.01532694953671318
GSE30529,R-HSA-9769740,GPC1,-0.129462439114755,-0.14090799315799518,0.011445554043240186
GSE30529,R-HSA-9769740,GPC3,-0.129462439114755,-0.12821606035922803,0.0012463787555269668
GSE30529,R-HSA-9769740,GPC4,-0.129462439114755,-0.16440146571420686,0.03493902659945186
GSE30529,R-HSA-9769740,GPC5,-0.129462439114755,-0.10913936530599029,0.020323073808764705
GSE30529,R-HSA-9769740,HSPG2,-0.129462439114755,-0.12429335293244811,0.005169086182306881
GSE30529,R-HSA-9769740,ITGA2B,-0.129462439114755,-0.11640536099568266,0.013057078119072335
GSE30529,R-HSA-9769740,ITGB3,-0.129462439114755,-0.17214958082359097,0.042687141708835974
GSE30529,R-HSA-9769740,KLKB1,-0.129462439114755,-0.10763496380671198,0.02182747530804302
GSE30529,R-HSA-9769740,KNG1,-0.129462439114755,-0.10533259334741236,0.02412984576734263
GSE30529,R-HSA-9769740,PF4,-0.129462439114755,-0.1337684791982613,0.004306040083506296
GSE30529,R-HSA-9769740,PF4V1,-0.129462439114755,-0.16823170118891873,0.03876926207416373
GSE30529,R-HSA-9769740,PROC,-0.129462439114755,-0.10344000272098912,0.026022436393765877
GSE30529,R-HSA-9769740,PROCR,-0.129462439114755,-0.16009625444169195,0.03063381532693696
GSE30529,R-HSA-9769740,PROS1,-0.129462439114755,-0.14640649820370463,0.016944059088949637
GSE30529,R-HSA-9769740,PROZ,-0.129462439114755,-0.10917986711757192,0.02028257199718307
GSE30529,R-HSA-9769740,PRTN3,-0.129462439114755,-0.09831397332009643,0.03114846579465856
GSE30529,R-HSA-9769740,SDC1,-0.129462439114755,-0.10473975609515897,0.02472268301959603
GSE30529,R-HSA-9769740,SDC2,-0.129462439114755,-0.13896526435888734,0.009502825244132346
GSE30529,R-HSA-9769740,SDC3,-0.129462439114755,-0.16255000389918306,0.033087564784428064
GSE30529,R-HSA-9769740,SDC4,-0.129462439114755,-0.148387485567138,0.018925046452382993
GSE30529,R-HSA-9769740,SERPINA10,-0.129462439114755,-0.1163911468973013,0.013071292217453692
GSE30529,R-HSA-9769740,SERPINA5,-0.129462439114755,-0.12514895803358947,0.004313481081165527
GSE30529,R-HSA-9769740,SERPINC1,-0.129462439114755,-0.11487765443503477,0.014584784679720228
GSE30529,R-HSA-9769740,SERPIND1,-0.129462439114755,-0.109648543641589,0.01981389547316599
GSE30529,R-HSA-9769740,SERPINE1,-0.129462439114755,-0.12010331159125147,0.009359127523503527
GSE30529,R-HSA-9769740,SERPINE2,-0.129462439114755,-0.1587525092203278,0.029290070105572802
GSE30529,R-HSA-9769740,SERPING1,-0.129462439114755,-0.16942618962240144,0.039963750507646445
GSE30529,R-HSA-9769740,SMPD1,-0.129462439114755,-0.10634127385418826,0.023121165260566734
GSE30529,R-HSA-9769740,TFPI,-0.129462439114755,-0.13961375095165346,0.010151311836898463
GSE30529,R-HSA-9769740,THBD,-0.129462439114755,-0.14230372768645763,0.012841288571702636
GSE30529,R-HSA-9769740,VWF,-0.129462439114755,-0.15495145246396386,0.02548901334920886
GSE30529,R-HSA-202733,ANGPT1,0.13460826356666517,0.14218766544798697,0.007579401881321807
GSE30529,R-HSA-202733,ANGPT2,0.13460826356666517,0.13602300130126996,0.001414737734604793
GSE30529,R-HSA-202733,ANGPT4,0.13460826356666517,0.13787950593347875,0.003271242366813587
GSE30529,R-HSA-202733,APOB,0.13460826356666517,0.13865064520725387,0.004042381640588705
GSE30529,R-HSA-202733,ATP1B1,0.13460826356666517,0.1434893168136449,0.008881053246979742
GSE30529,R-HSA-202733,ATP1B2,0.13460826356666517,0.14693876125205715,0.012330497685391989
GSE30529,R-HSA-202733,ATP1B3,0.13460826356666517,0.1366467868885261,0.002038523321860941
GSE30529,R-HSA-202733,BSG,0.13460826356666517,0.13383520987086972,0.0007730536957954448
GSE30529,R-HSA-202733,CAV1,0.13460826356666517,0.1266240324746863,0.007984231091978877
GSE30529,R-HSA-202733,CD177,0.13460826356666517,0.146222636415398,0.011614372848732846
GSE30529,R-HSA-202733,CD2,0.13460826356666517,0.12311362131491946,0.011494642251745707
GSE30529,R-HSA-202733,CD244,0.13460826356666517,0.13616393365092727,0.0015556700842621063
GSE30529,R-HSA-202733,CD44,0.13460826356666517,0.11936468071113117,0.015243582855533996
GSE30529,R-HSA-202733,CD47,0.13460826356666517,0.11911557102674661,0.015492692539918557
GSE30529,R-HSA-202733,CD48,0.13460826356666517,0.11888723486674868,0.015721028699916484
GSE30529,R-HSA-202733,CD58,0.13460826356666517,0.13288130535155304,0.0017269582151121232
GSE30529,R-HSA-202733,CD74,0.13460826356666517,0.12504248765794904,0.009565775908716129
GSE30529,R-HSA-202733,CD84,0.13460826356666517,0.14382902777448725,0.009220764207822085
GSE30529,R-HSA-202733,CD99,0.13460826356666517,0.1277289869721403,0.0068792765945248635
GSE30529,R-HSA-202733,CEACAM1,0.13460826356666517,0.13789922362741286,0.003290960060747694
GSE30529,R-HSA-202733,CEACAM3,0.13460826356666517,0.14275282575345427,0.008144562186789106
GSE30529,R-HSA-202733,CEACAM5,0.13460826356666517,0.1371296238202152,0.0025213602535500423
GSE30529,R-HSA-202733,CEACAM6,0.13460826356666517,0.14338117786999183,0.008772914303326662
GSE30529,R-HSA-202733,CEACAM8,0.13460826356666517,0.1419303071311894,0.007322043564524233
GSE30529,R-HSA-202733,COL1A1,0.13460826356666517,0.1272578792301797,0.007350384336485466
GSE30529,R-HSA-202733,COL1A2,0.13460826356666517,0.11854258462572675,0.01606567894093841
GSE30529,R-HSA-202733,CXADR,0.13460826356666517,0.12440398990745286,0.01020427365921231
GSE30529,R-HSA-202733,DOK2,0.13460826356666517,0.13415799289566693,0.0004502706709982318
GSE30529,R-HSA-202733,EPCAM,0.13460826356666517,0.13236461905925537,0.0022436445074097977
GSE30529,R-HSA-202733,F11R,0.13460826356666517,0.12751434618606922,0.007093917380595949
GSE30529,R-HSA-202733,F2,0.13460826356666517,0.14739941576540447,0.012791152198739303
GSE30529,R-HSA-202733,FCER1G,0.13460826356666517,0.1261935873002158,0.008414676266449372
GSE30529,R-HSA-202733,FN1,0.13460826356666517,0.1210720217789077,0.013536241787757461
GSE30529,R-HSA-202733,FYN,0.13460826356666517,0.12952505468070769,0.00508320888595748
GSE30529,R-HSA-202733,GAS6,0.13460826356666517,0.13356067338365568,0.0010475901830094836
GSE30529,R-HSA-202733,GLG1,0.13460826356666517,0.1334348751459554,0.00117338842070977
GSE30529,R-HSA-202733,GP6,0.13460826356666517,0.14213549294964875,0.007527229382983586
GSE30529,R-HSA-202733,GPC1,0.13460826356666517,0.13208956017247167,0.0025187033941934944
GSE30529,R-HSA-202733,GRB14,0.13460826356666517,0.13619273759397024,0.0015844740273050772
GSE30529,R-HSA-202733,GRB2,0.13460826356666517,0.13897740503012754,0.004369141463462373
GSE30529,R-HSA-202733,GRB7,0.13460826356666517,0.1347323897328547,0.00012412616618953654
GSE30529,R-HSA-202733,GYPA,0.13460826356666517,0.14256914434203538,0.007960880775370216
GSE30529,R-HSA-202733,GYPB,0.13460826356666517,0.14245503423392353,0.007846770667258363
GSE30529,R-HSA-202733,GYPC,0.13460826356666517,0.12966437527470723,0.0049438882919579374
GSE30529,R-HSA-202733,HRAS,0.13460826356666517,0.1336549963371989,0.0009532672294662592
GSE30529,R-HSA-202733,IGHA1,0.13460826356666517,0.13000621674618854,0.00460204682047663
GSE30529,R-HSA-202733,IGHM,0.13460826356666517,0.1243539564544798,0.010254307112185362
GSE30529,R-HSA-202733,IGKC,0.13460826356666517,0.11694305267356334,0.01766521089310183
GSE30529,R-HSA-202733,IGKV1-17,0.13460826356666517,0.12636110571334833,0.008247157853316839
GSE30529,R-HSA-202733,IGLC1,0.13460826356666517,0.12959703560378907,0.005011227962876091
GSE30529,R-HSA-202733,IGLL1,0.13460826356666517,0.14372429486153115,0.00911603129486599
GSE30529,R-HSA-202733,IGLV1-44,0.13460826356666517,0.13311700847735142,0.0014912550893137477
GSE30529,R-HSA-202733,IGLV4-60,0.13460826356666517,0.13709616671779812,0.002487903151132953
GSE30529,R-HSA-202733,IGLV6-57,0.13460826356666517,0.13679376264620904,0.002185499079543879
GSE30529,R-HSA-202733,INPP5D,0.13460826356666517,0.12409118905406608,0.01051707451259909
GSE30529,R-HSA-202733,ITGA3,0.13460826356666517,0.13180612353512614,0.00280214003153903
GSE30529,R-HSA-202733,ITGA4,0.13460826356666517,0.12116524601623099,0.013443017550434172
GSE30529,R-HSA-202733,ITGA5,0.13460826356666517,0.137026931108928,0.002418667542262831
GSE30529,R-HSA-202733,ITGA6,0.13460826356666517,0.13742125657883236,0.0028129930121671975
GSE30529,R-HSA-202733,ITGAL,0.13460826356666517,0.13060085549405062,0.004007408072614543
GSE30529,R-HSA-202733,ITGAM,0.13460826356666517,0.11857520792809828,0.016033055638566884
GSE30529,R-HSA-202733,ITGAV,0.13460826356666517,0.12405738575972783,0.010550877806937337
GSE30529,R-HSA-202733,ITGAX,0.13460826356666517,0.1310469296971444,0.003561333869520761
GSE30529,R-HSA-202733,ITGB1,0.13460826356666517,0.13906919882938473,0.0044609352627195675
GSE30529,R-HSA-202733,ITGB2,0.13460826356666517,0.12055657714975399,0.01405168641691118
GSE30529,R-HSA-202733,ITGB3,0.13460826356666517,0.11991452968514393,0.014693733881521231
GSE30529,R-HSA-202733,JAM2,0.13460826356666517,0.13239228355222982,0.002215980014435348
GSE30529,R-HSA-202733,JAM3,0.13460826356666517,0.13181306318318478,0.002795200383480384
GSE30529,R-HSA-202733,KRAS,0.13460826356666517,0.13729153791527435,0.0026832743486091826
GSE30529,R-HSA-202733,L1CAM,0.13460826356666517,0.1369149389848269,0.0023066754181617355
GSE30529,R-HSA-202733,LCK,0.13460826356666517,0.12475653940151207,0.009851724165153092
GSE30529,R-HSA-202733,LYN,0.13460826356666517,0.12123881168549264,0.013369451881172528
GSE30529,R-HSA-202733,MAG,0.13460826356666517,0.1397046120205841,0.005096348453918931
GSE30529,R-HSA-202733,MERTK,0.13460826356666517,0.14483659517652409,0.01022833160985892
GSE30529,R-HSA-202733,MIF,0.13460826356666517,0.135040051332332,0.00043178776566682453
GSE30529,R-HSA-202733,MMP1,0.13460826356666517,0.13269133868867897,0.001916924877986198
GSE30529,R-HSA-202733,NRAS,0.13460826356666517,0.1327357899604551,0.0018724736062100678
GSE30529,R-HSA-202733,OLR1,0.13460826356666517,0.1328292294307209,0.0017790341359442685
GSE30529,R-HSA-202733,PECAM1,0.13460826356666517,0.12520138930179894,0.009406874264866222
GSE30529,R-HSA-202733,PF4,0.13460826356666517,0.13487187075972096,0.0002636071930557926
GSE30529,R-HSA-202733,PF4V1,0.13460826356666517,0.12144135042512652,0.013166913141538644
GSE30529,R-HSA-202733,PICK1,0.13460826356666517,0.14259393339187507,0.007985669825209901
GSE30529,R-HSA-202733,PIK3CA,0.13460826356666517,0.1324870021832126,0.0021212613834525607
GSE30529,R-HSA-202733,PIK3CB,0.13460826356666517,0.14622038762735912,0.011612124060693951
GSE30529,R-HSA-202733,PIK3R1,0.13460826356666517,0.1323701124813035,0.002238151085361656
GSE30529,R-HSA-202733,PIK3R2,0.13460826356666517,0.1473657343239711,0.012757470757305933
GSE30529,R-HSA-202733,PLCG1,0.13460826356666517,0.14311091901309972,0.008502655446434554
GSE30529,R-HSA-202733,PPIA,0.13460826356666517,0.1276524140958388,0.006955849470826364
GSE30529,R-HSA-202733,PPIL2,0.13460826356666517,0.1410826359331722,0.006474372366507025
GSE30529,R-HSA-202733,PROC,0.13460826356666517,0.1466910564457167,0.012082792879051535
GSE30529,R-HSA-202733,PROCR,0.13460826356666517,0.1246117818780899,0.009996481688575268
GSE30529,R-HSA-202733,PROS1,0.13460826356666517,0.1299467604120114,0.004661503154653773
GSE30529,R-HSA-202733,PSG1,0.13460826356666517,0.13961717626091788,0.005008912694252715
GSE30529,R-HSA-202733,PSG11,0.13460826356666517,0.1445330187757009,0.00992475520903574
GSE30529,R-HSA-202733,PSG2,0.13460826356666517,0.14372917519290257,0.009120911626237405
GSE30529,R-HSA-202733,PSG3,0.13460826356666517,0.1413191000706726,0.006710836504007445
GSE30529,R-HSA-202733,PSG4,0.13460826356666517,0.14465543430715688,0.010047170740491718
GSE30529,R-HSA-202733,PSG5,0.13460826356666517,0.14306555182309322,0.008457288256428053
GSE30529,R-HSA-202733,PSG6,0.13460826356666517,0.14379882186444332,0.00919055829777815
GSE30529,R-HSA-202733,PSG7,0.13460826356666517,0.14208896395954349,0.00748070039287832
GSE30529,R-HSA-202733,PSG9,0.13460826356666517,0.1423889833429463,0.007780719776281142
GSE30529,R-HSA-202733,PTPN11,0.13460826356666517,0.13815670679407782,0.0035484432274126565
GSE30529,R-HSA-202733,PTPN6,0.13460826356666517,0.13240997181856082,0.0021982917481043474
GSE30529,R-HSA-202733,SDC1,0.13460826356666517,0.14618453491019462,0.011576271343529454
GSE30529,R-HSA-202733,SDC2,0.13460826356666517,0.13284665301330048,0.0017616105533646842
GSE30529,R-HSA-202733,SDC3,0.13460826356666517,0.12365554128068525,0.010952722285979918
GSE30529,R-HSA-202733,SDC4,0.13460826356666517,0.12917475798361458,0.005433505583050585
GSE30529,R-HSA-202733,SELE,0.13460826356666517,0.13380742534841894,0.0008008382182462248
GSE30529,R-HSA-202733,SELL,0.13460826356666517,0.11966456658210435,0.014943696984560814
GSE30529,R-HSA-202733,SELP,0.13460826356666517,0.1291793204961851,0.005428943070480058
GSE30529,R-HSA-202733,SELPLG,0.13460826356666517,0.12652261319234878,0.008085650374316383
GSE30529,R-HSA-202733,SHC1,0.13460826356666517,0.13442704805991812,0.00018121550674704556
GSE30529,R-HSA-202733,SIRPA,0.13460826356666517,0.12737018992267957,0.007238073643985599
GSE30529,R-HSA-202733,SIRPG,0.13460826356666517,0.1393385805693446,0.004730317002679424
GSE30529,R-HSA-202733,SLC16A1,0.13460826356666517,0.1400193885916916,0.005411125025026442
GSE30529,R-HSA-202733,SLC16A8,0.13460826356666517,0.14152636927836817,0.00691810571170301
GSE30529,R-HSA-202733,SLC3A2,0.13460826356666517,0.13743812863076174,0.002829865064096576
GSE30529,R-HSA-202733,SLC7A10,0.13460826356666517,0.14375873911653717,0.009150475549872
GSE30529,R-HSA-202733,SLC7A11,0.13460826356666517,0.12859420005071304,0.006014063515952128
GSE30529,R-HSA-202733,SLC7A5,0.13460826356666517,0.1423801572936955,0.007771893727030327
GSE30529,R-HSA-202733,SLC7A6,0.13460826356666517,0.13867843705355287,0.004070173486887707
GSE30529,R-HSA-202733,SLC7A7,0.13460826356666517,0.13818578940291038,0.00357752583624521
GSE30529,R-HSA-202733,SLC7A8,0.13460826356666517,0.14423637657412539,0.00962811300746022
GSE30529,R-HSA-202733,SLC7A9,0.13460826356666517,0.13862167432858352,0.004013410761918357
GSE30529,R-HSA-202733,SOS1,0.13460826356666517,0.1368114157400361,0.0022031521733709425
GSE30529,R-HSA-202733,SPN,0.13460826356666517,0.14771598751417658,0.013107723947511418
GSE30529,R-HSA-202733,SRC,0.13460826356666517,0.13185718313445585,0.002751080432209313
GSE30529,R-HSA-202733,TEK,0.13460826356666517,0.1501970338718196,0.015588770305154431
GSE30529,R-HSA-202733,TGFB1,0.13460826356666517,0.13529713230110482,0.0006888687344396571
GSE30529,R-HSA-202733,THBD,0.13460826356666517,0.13154563421652674,0.0030626293501384294
GSE30529,R-HSA-202733,TNFRSF10B,0.13460826356666517,0.1430148978354035,0.008406634268738333
GSE30529,R-HSA-202733,TNFRSF10D,0.13460826356666517,0.14211791513619285,0.007509651569527681
GSE30529,R-HSA-202733,TREM1,0.13460826356666517,0.1352658358348822,0.0006575722682170271
GSE30529,R-HSA-202733,TSPAN7,0.13460826356666517,0.13656182292287314,0.0019535593562079734
GSE30529,R-HSA-202733,VPREB1,0.13460826356666517,0.13801679134109684,0.00340852777443168
GSE30529,R-HSA-202733,VPREB3,0.13460826356666517,0.14281982511100458,0.008211561544339413
GSE30529,R-HSA-202733,YES1,0.13460826356666517,0.1419053226887697,0.007297059122104543
GSE30529,R-HSA-380108,ACKR2,0.34282910112455145,0.365173901873065,0.022344800748513527
GSE30529,R-HSA-380108,ACKR3,0.34282910112455145,0.3675817353281924,0.024752634203640933
GSE30529,R-HSA-380108,ACKR4,0.34282910112455145,0.317422785149773,0.025406315974778437
GSE30529,R-HSA-380108,CCL1,0.34282910112455145,0.3770424357081849,0.03421333458363346
GSE30529,R-HSA-380108,CCL11,0.34282910112455145,0.35380908312307924,0.010979981998527788
GSE30529,R-HSA-380108,CCL13,0.34282910112455145,0.3290148323767577,0.013814268747793734
GSE30529,R-HSA-380108,CCL16,0.34282910112455145,0.37870495986930763,0.035875858744756184
GSE30529,R-HSA-380108,CCL17,0.34282910112455145,0.3745843680424733,0.031755266917921854
GSE30529,R-HSA-380108,CCL19,0.34282910112455145,0.3222811868534745,0.02054791427107694
GSE30529,R-HSA-380108,CCL2,0.34282910112455145,0.29674027043226187,0.046088830692289584
GSE30529,R-HSA-380108,CCL20,0.34282910112455145,0.323935953714802,0.018893147409749456
GSE30529,R-HSA-380108,CCL21,0.34282910112455145,0.3420513117289516,0.0007777893955998594
GSE30529,R-HSA-380108,CCL22,0.34282910112455145,0.35520465387528216,0.012375552750730712
GSE30529,R-HSA-380108,CCL25,0.34282910112455145,0.37802179201969077,0.03519269089513932
GSE30529,R-HSA-380108,CCL27,0.34282910112455145,0.37732582965941375,0.0344967285348623
GSE30529,R-HSA-380108,CCL3,0.34282910112455145,0.3509636551934797,0.008134554068928268
GSE30529,R-HSA-380108,CCL4,0.34282910112455145,0.3472965407529631,0.0044674396284116735
GSE30529,R-HSA-380108,CCL5,0.34282910112455145,0.32261013501939134,0.020218966105160108
GSE30529,R-HSA-380108,CCL7,0.34282910112455145,0.37470076089589344,0.03187165977134199
GSE30529,R-HSA-380108,CCR1,0.34282910112455145,0.3518107367976556,0.008981635673104171
GSE30529,R-HSA-380108,CCR10,0.34282910112455145,0.3474713525743433,0.0046422514497918566
GSE30529,R-HSA-380108,CCR2,0.34282910112455145,0.30048122873866084,0.042347872385890606
GSE30529,R-HSA-380108,CCR3,0.34282910112455145,0.36782206170541976,0.024992960580868306
GSE30529,R-HSA-380108,CCR4,0.34282910112455145,0.36352455946021156,0.02069545833566011
GSE30529,R-HSA-380108,CCR5,0.34282910112455145,0.3352771482795476,0.007551952845003873
GSE30529,R-HSA-380108,CCR6,0.34282910112455145,0.332611558600345,0.010217542524206424
GSE30529,R-HSA-380108,CCR7,0.34282910112455145,0.32400857963443114,0.018820521490120312
GSE30529,R-HSA-380108,CCR8,0.34282910112455145,0.35811357289861523,0.01528447177406378
GSE30529,R-HSA-380108,CCR9,0.34282910112455145,0.3572353489629107,0.014406247838359254
GSE30529,R-HSA-380108,CCRL2,0.34282910112455145,0.35837411411843156,0.015545012993880114
GSE30529,R-HSA-380108,CX3CL1,0.34282910112455145,0.3427509002515372,7.820087301424472e-05
GSE30529,R-HSA-380108,CX3CR1,0.34282910112455145,0.30189623179555497,0.04093286932899648
GSE30529,R-HSA-380108,CXCL1,0.34282910112455145,0.31730292391416565,0.025526177210385803
GSE30529,R-HSA-380108,CXCL10,0.34282910112455145,0.33218442165591006,0.010644679468641394
GSE30529,R-HSA-380108,CXCL11,0.34282910112455145,0.33267483236768963,0.010154268756861817
GSE30529,R-HSA-380108,CXCL12,0.34282910112455145,0.3280086686078646,0.014820432516686854
GSE30529,R-HSA-380108,CXCL13,0.34282910112455145,0.3402316034858647,0.0025974976386867743
GSE30529,R-HSA-380108,CXCL2,0.34282910112455145,0.3524222833781248,0.009593182253573362
GSE30529,R-HSA-380108,CXCL3,0.34282910112455145,0.34751588290767466,0.004686781783123206
GSE30529,R-HSA-380108,CXCL5,0.34282910112455145,0.3337544683891401,0.00907463273541137
GSE30529,R-HSA-380108,CXCL6,0.34282910112455145,0.2734667143555405,0.06936238676901096
GSE30529,R-HSA-380108,CXCL8,0.34282910112455145,0.34419535034179477,0.0013662492172433205
GSE30529,R-HSA-380108,CXCL9,0.34282910112455145,0.32829398842984475,0.014535112694706698
GSE30529,R-HSA-380108,CXCR1,0.34282910112455145,0.3632047533388901,0.020375652214338624
GSE30529,R-HSA-380108,CXCR2,0.34282910112455145,0.34184262893305617,0.00098647219149528
GSE30529,R-HSA-380108,CXCR3,0.34282910112455145,0.3375053955165605,0.005323705607990947
GSE30529,R-HSA-380108,CXCR4,0.34282910112455145,0.3184806244613239,0.024348476663227536
GSE30529,R-HSA-380108,CXCR5,0.34282910112455145,0.3642112646603057,0.02138216353575423
GSE30529,R-HSA-380108,CXCR6,0.34282910112455145,0.32670618369197446,0.01612291743257699
GSE30529,R-HSA-380108,PF4,0.34282910112455145,0.34752278219788746,0.004693681073336009
GSE30529,R-HSA-380108,PPBP,0.34282910112455145,0.3436016898890414,0.0007725887644899343
GSE30529,R-HSA-380108,XCL1,0.34282910112455145,0.33101403990412115,0.0118150612204303
GSE30529,R-HSA-380108,XCR1,0.34282910112455145,0.3699582737403499,0.027129172615798447
GSE30529,R-HSA-1474244,A2M,0.23307519086956713,0.22913516349648336,0.003940027373083771
GSE30529,R-HSA-1474244,ACAN,0.23307519086956713,0.23687518392819437,0.0037999930586272435
GSE30529,R-HSA-1474244,ACTA1,0.23307519086956713,0.23991690271394092,0.006841711844373793
GSE30529,R-HSA-1474244,ACTA2,0.23307519086956713,0.23890946144540648,0.005834270575839351
GSE30529,R-HSA-1474244,ACTB,0.23307519086956713,0.2268119846846234,0.00626320618494372
GSE30529,R-HSA-1474244,ACTC1,0.23307519086956713,0.23365214694070316,0.0005769560711360311
GSE30529,R-HSA-1474244,ACTG2,0.23307519086956713,0.23494659467860554,0.0018714038090384133
GSE30529,R-HSA-1474244,ACTN1,0.23307519086956713,0.22996801478816048,0.0031071760814066485
GSE30529,R-HSA-1474244,ADAM10,0.23307519086956713,0.22807026301161745,0.005004927857949676
GSE30529,R-HSA-1474244,ADAM12,0.23307519086956713,0.23039073691659354,0.0026844539529735922
GSE30529,R-HSA-1474244,ADAM15,0.23307519086956713,0.23595429665994,0.002879105790372871
GSE30529,R-HSA-1474244,ADAM17,0.23307519086956713,0.23217969675847058,0.0008954941110965453
GSE30529,R-HSA-1474244,ADAM19,0.23307519086956713,0.23385921067883123,0.0007840198092640971
GSE30529,R-HSA-1474244,ADAM8,0.23307519086956713,0.23185675670406963,0.001218434165497495
GSE30529,R-HSA-1474244,ADAM9,0.23307519086956713,0.2316061887167103,0.0014690021528568353
GSE30529,R-HSA-1474244,ADAMTS1,0.23307519086956713,0.23123904773192933,0.0018361431376378023
GSE30529,R-HSA-1474244,ADAMTS2,0.23307519086956713,0.23494907210931307,0.0018738812397459392
GSE30529,R-HSA-1474244,ADAMTS3,0.23307519086956713,0.230078385202963,0.0029968056666041243
GSE30529,R-HSA-1474244,ADAMTS5,0.23307519086956713,0.2291748661616378,0.003900324707929337
GSE30529,R-HSA-1474244,ADAMTS8,0.23307519086956713,0.23519890639962115,0.0021237155300540267
GSE30529,R-HSA-1474244,ADAMTS9,0.23307519086956713,0.23574482336427274,0.002669632494705615
GSE30529,R-HSA-1474244,AGRN,0.23307519086956713,0.2315481308584429,0.0015270600111242372
GSE30529,R-HSA-1474244,APP,0.23307519086956713,0.23572008603018693,0.0026448951606198035
GSE30529,R-HSA-1474244,ASPN,0.23307519086956713,0.23344816260125634,0.00037297173168920894
GSE30529,R-HSA-1474244,BCAN,0.23307519086956713,0.23649537873953752,0.0034201878699703925
GSE30529,R-HSA-1474244,BGN,0.23307519086956713,0.23093732225320762,0.002137868616359506
GSE30529,R-HSA-1474244,BMP1,0.23307519086956713,0.23518651723904388,0.0021113263694767515
GSE30529,R-HSA-1474244,BMP10,0.23307519086956713,0.23742944522473378,0.004354254355166648
GSE30529,R-HSA-1474244,BMP2,0.23307519086956713,0.23487418416453398,0.0017989932949668552
GSE30529,R-HSA-1474244,BMP4,0.23307519086956713,0.23416596946747273,0.0010907785979056006
GSE30529,R-HSA-1474244,BMP7,0.23307519086956713,0.2363828448225955,0.003307653953028372
GSE30529,R-HSA-1474244,BSG,0.23307519086956713,0.23305145999652346,2.3730873043664724e-05
GSE30529,R-HSA-1474244,CAPN1,0.23307519086956713,0.2305677149234899,0.0025074759460772256
GSE30529,R-HSA-1474244,CAPN10,0.23307519086956713,0.2351362610584687,0.0020610701889015592
GSE30529,R-HSA-1474244,CAPN11,0.23307519086956713,0.23736760819570013,0.004292417326133002
GSE30529,R-HSA-1474244,CAPN15,0.23307519086956713,0.23415396187619592,0.001078771006628787
GSE30529,R-HSA-1474244,CAPN2,0.23307519086956713,0.23906898647276198,0.005993795603194851
GSE30529,R-HSA-1474244,CAPN3,0.23307519086956713,0.2338562303675446,0.000781039497977476
GSE30529,R-HSA-1474244,CAPN5,0.23307519086956713,0.23607394382998073,0.002998752960413603
GSE30529,R-HSA-1474244,CAPN6,0.23307519086956713,0.2272915568340722,0.005783634035494922
GSE30529,R-HSA-1474244,CAPN7,0.23307519086956713,0.232239380276441,0.0008358105931261239
GSE30529,R-HSA-1474244,CAPN9,0.23307519086956713,0.23927908749383497,0.006203896624267846
GSE30529,R-HSA-1474244,CAPNS1,0.23307519086956713,0.232306068120371,0.0007691227491961328
GSE30529,R-HSA-1474244,CASK,0.23307519086956713,0.23031351931906077,0.002761671550506356
GSE30529,R-HSA-1474244,CASP3,0.23307519086956713,0.22572842094339388,0.007346769926173252
GSE30529,R-HSA-1474244,CAST,0.23307519086956713,0.23159582026582895,0.0014793706037381782
GSE30529,R-HSA-1474244,CD151,0.23307519086956713,0.23120296291349246,0.001872227956074668
GSE30529,R-HSA-1474244,CD44,0.23307519086956713,0.22604792986939018,0.007027261000176949
GSE30529,R-HSA-1474244,CD47,0.23307519086956713,0.22592736432819335,0.007147826541373775
GSE30529,R-HSA-1474244,CDH1,0.23307519086956713,0.23641336299121868,0.0033381721216515503
GSE30529,R-HSA-1474244,CEACAM1,0.23307519086956713,0.23501838480396067,0.0019431939343935445
GSE30529,R-HSA-1474244,CEACAM6,0.23307519086956713,0.23767157262243305,0.004596381752865919
GSE30529,R-HSA-1474244,CEACAM8,0.23307519086956713,0.2369693718378169,0.003894180968249783
GSE30529,R-HSA-1474244,CMA1,0.23307519086956713,0.23263748511684554,0.00043770575272158996
GSE30529,R-HSA-1474244,COL10A1,0.23307519086956713,0.22999956453402517,0.0030756263355419533
GSE30529,R-HSA-1474244,COL11A1,0.23307519086956713,0.23321589264110534,0.00014070177153821528
GSE30529,R-HSA-1474244,COL11A2,0.23307519086956713,0.23844175294560338,0.005366562076036252
GSE30529,R-HSA-1474244,COL13A1,0.23307519086956713,0.23031708139337415,0.0027581094761929825
GSE30529,R-HSA-1474244,COL14A1,0.23307519086956713,0.23059892233201534,0.0024762685375517846
GSE30529,R-HSA-1474244,COL15A1,0.23307519086956713,0.22729849951323733,0.0057766913563297995
GSE30529,R-HSA-1474244,COL16A1,0.23307519086956713,0.23112724387048772,0.0019479469990794085
GSE30529,R-HSA-1474244,COL17A1,0.23307519086956713,0.2380483831712149,0.0049731923016477775
GSE30529,R-HSA-1474244,COL18A1,0.23307519086956713,0.23220712562662532,0.0008680652429418068
GSE30529,R-HSA-1474244,COL19A1,0.23307519086956713,0.239303792058678,0.006228601189110866
GSE30529,R-HSA-1474244,COL1A1,0.23307519086956713,0.2298681255939119,0.00320706527565523
GSE30529,R-HSA-1474244,COL1A2,0.23307519086956713,0.22565004706648983,0.007425143803077294
GSE30529,R-HSA-1474244,COL21A1,0.23307519086956713,0.22914664628286224,0.003928544586704885
GSE30529,R-HSA-1474244,COL2A1,0.23307519086956713,0.23808691999187426,0.005011729122307129
GSE30529,R-HSA-1474244,COL3A1,0.23307519086956713,0.22501006694136594,0.00806512392820119
GSE30529,R-HSA-1474244,COL4A1,0.23307519086956713,0.2246781630721449,0.00839702779742224
GSE30529,R-HSA-1474244,COL4A2,0.23307519086956713,0.2297529024419886,0.0033222884275785347
GSE30529,R-HSA-1474244,COL4A3,0.23307519086956713,0.23300675031851298,6.84405510541497e-05
GSE30529,R-HSA-1474244,COL4A4,0.23307519086956713,0.2327188598774308,0.00035633099213633335
GSE30529,R-HSA-1474244,COL4A5,0.23307519086956713,0.23238193852665445,0.0006932523429126758
GSE30529,R-HSA-1474244,COL4A6,0.23307519086956713,0.23466647656132067,0.0015912856917535412
GSE30529,R-HSA-1474244,COL5A1,0.23307519086956713,0.23025072487248327,0.002824465997083858
GSE30529,R-HSA-1474244,COL5A2,0.23307519086956713,0.2292087858336772,0.0038664050358899194
GSE30529,R-HSA-1474244,COL5A3,0.23307519086956713,0.2369576266829236,0.003882435813356483
GSE30529,R-HSA-1474244,COL6A1,0.23307519086956713,0.23622808057430061,0.003152889704733486
GSE30529,R-HSA-1474244,COL6A2,0.23307519086956713,0.22942996615009656,0.003645224719470569
GSE30529,R-HSA-1474244,COL6A3,0.23307519086956713,0.2272116474097337,0.00586354345983342
GSE30529,R-HSA-1474244,COL7A1,0.23307519086956713,0.23343955984789788,0.00036436897833075355
GSE30529,R-HSA-1474244,COL8A1,0.23307519086956713,0.23445819505424517,0.0013830041846780439
GSE30529,R-HSA-1474244,COL8A2,0.23307519086956713,0.23652248732547063,0.003447296455903498
GSE30529,R-HSA-1474244,COL9A1,0.23307519086956713,0.2395669428741053,0.006491752004538165
GSE30529,R-HSA-1474244,COL9A2,0.23307519086956713,0.23465865267768224,0.0015834618081151108
GSE30529,R-HSA-1474244,COL9A3,0.23307519086956713,0.2375377440004817,0.004462553130914565
GSE30529,R-HSA-1474244,COLGALT1,0.23307519086956713,0.2319742925509725,0.0011008983185946397
GSE30529,R-HSA-1474244,COLGALT2,0.23307519086956713,0.23369853125100193,0.0006233403814348004
GSE30529,R-HSA-1474244,COMP,0.23307519086956713,0.22916413622696066,0.003911054642606465
GSE30529,R-HSA-1474244,CRTAP,0.23307519086956713,0.23577442621393235,0.002699235344365225
GSE30529,R-HSA-1474244,CTRB1,0.23307519086956713,0.24082261571155195,0.007747424841984818
GSE30529,R-HSA-1474244,CTRB2,0.23307519086956713,0.2371400910238994,0.004064900154332279
GSE30529,R-HSA-1474244,CTSB,0.23307519086956713,0.2308925948291541,0.002182596040413015
GSE30529,R-HSA-1474244,CTSD,0.23307519086956713,0.2295695204112861,0.0035056704582810405
GSE30529,R-HSA-1474244,CTSG,0.23307519086956713,0.2308759407461553,0.0021992501234118222
GSE30529,R-HSA-1474244,CTSK,0.23307519086956713,0.22969500373833407,0.003380187131233059
GSE30529,R-HSA-1474244,CTSL,0.23307519086956713,0.23336912168557594,0.0002939308160088139
GSE30529,R-HSA-1474244,CTSS,0.23307519086956713,0.22615601584674488,0.006919175022822244
GSE30529,R-HSA-1474244,CTSV,0.23307519086956713,0.2360352778036372,0.002960086934070072
GSE30529,R-HSA-1474244,DAG1,0.23307519086956713,0.24081336616926954,0.007738175299702416
GSE30529,R-HSA-1474244,DCN,0.23307519086956713,0.23085857704563548,0.0022166138239316513
GSE30529,R-HSA-1474244,DDR1,0.23307519086956713,0.22910547117974095,0.003969719689826179
GSE30529,R-HSA-1474244,DDR2,0.23307519086956713,0.2358780220466275,0.002802831177060372
GSE30529,R-HSA-1474244,DMD,0.23307519086956713,0.2317657464079438,0.0013094444616233158
GSE30529,R-HSA-1474244,DMP1,0.23307519086956713,0.23718179512689083,0.004106604257323704
GSE30529,R-HSA-1474244,DRP2,0.23307519086956713,0.2367775172434738,0.0037023263739066614
GSE30529,R-HSA-1474244,DSPP,0.23307519086956713,0.23351228656312728,0.0004370956935601522
GSE30529,R-HSA-1474244,DST,0.23307519086956713,0.2319382314962589,0.0011369593733082384
GSE30529,R-HSA-1474244,DTNA,0.23307519086956713,0.23496707262495697,0.001891881755389846
GSE30529,R-HSA-1474244,DTNB,0.23307519086956713,0.23799230450361133,0.004917113634044207
GSE30529,R-HSA-1474244,EFEMP1,0.23307519086956713,0.2291180602275917,0.00395713064197542
GSE30529,R-HSA-1474244,EFEMP2,0.23307519086956713,0.23349953383375724,0.00042434296419011086
GSE30529,R-HSA-1474244,ELANE,0.23307519086956713,0.23743714033354626,0.004361949463979137
GSE30529,R-HSA-1474244,ELN,0.23307519086956713,0.2368631884980288,0.003787997628461659
GSE30529,R-HSA-1474244,EMILIN1,0.23307519086956713,0.23251825661415396,0.0005569342554131718
GSE30529,R-HSA-1474244,EMILIN2,0.23307519086956713,0.2358908585952669,0.002815667725699772
GSE30529,R-HSA-1474244,F11R,0.23307519086956713,0.22999225194978726,0.0030829389197798707
GSE30529,R-HSA-1474244,FBLN1,0.23307519086956713,0.2317273183229877,0.0013478725465794206
GSE30529,R-HSA-1474244,FBLN2,0.23307519086956713,0.232486276468249,0.0005889144013181413
GSE30529,R-HSA-1474244,FBLN5,0.23307519086956713,0.2290226698213621,0.004052521048205027
GSE30529,R-HSA-1474244,FBN1,0.23307519086956713,0.2279794750659373,0.00509571580362983
GSE30529,R-HSA-1474244,FBN2,0.23307519086956713,0.2326563916283511,0.00041879924121601686
GSE30529,R-HSA-1474244,FGA,0.23307519086956713,0.23503815709803558,0.001962966228468449
GSE30529,R-HSA-1474244,FGB,0.23307519086956713,0.2338311034073943,0.0007559125378271692
GSE30529,R-HSA-1474244,FGF2,0.23307519086956713,0.22973177664272645,0.003343414226840674
GSE30529,R-HSA-1474244,FGG,0.23307519086956713,0.23137509366462322,0.0017000972049439067
GSE30529,R-HSA-1474244,FMOD,0.23307519086956713,0.23063197344892616,0.002443217420640964
GSE30529,R-HSA-1474244,FN1,0.23307519086956713,0.2268742586424066,0.006200932227160533
GSE30529,R-HSA-1474244,FURIN,0.23307519086956713,0.23943925816009876,0.0063640672905316276
GSE30529,R-HSA-1474244,GDF5,0.23307519086956713,0.23806672602443546,0.004991535154868332
GSE30529,R-HSA-1474244,HAPLN1,0.23307519086956713,0.23265938222548102,0.0004158086440861075
GSE30529,R-HSA-1474244,HSPG2,0.23307519086956713,0.23534031256937707,0.002265121699809941
GSE30529,R-HSA-1474244,HTRA1,0.23307519086956713,0.23309191230063434,1.6721431067207027e-05
GSE30529,R-HSA-1474244,IBSP,0.23307519086956713,0.2395971757493939,0.0065219848798267754
GSE30529,R-HSA-1474244,ICAM1,0.23307519086956713,0.22779378769092226,0.005281403178644867
GSE30529,R-HSA-1474244,ICAM2,0.23307519086956713,0.23063467404872348,0.0024405168208436467
GSE30529,R-HSA-1474244,ICAM3,0.23307519086956713,0.23246254440082498,0.0006126464687421507
GSE30529,R-HSA-1474244,ICAM4,0.23307519086956713,0.23453139591779076,0.0014562050482236355
GSE30529,R-HSA-1474244,ICAM5,0.23307519086956713,0.23869954218866593,0.005624351319098803
GSE30529,R-HSA-1474244,ITGA1,0.23307519086956713,0.23182099291179767,0.0012541979577694595
GSE30529,R-HSA-1474244,ITGA10,0.23307519086956713,0.23879654791353264,0.005721357043965508
GSE30529,R-HSA-1474244,ITGA2,0.23307519086956713,0.22674137406067232,0.006333816808894804
GSE30529,R-HSA-1474244,ITGA2B,0.23307519086956713,0.23682808329054633,0.0037528924209792036
GSE30529,R-HSA-1474244,ITGA3,0.23307519086956713,0.2320694110938148,0.0010057797757523357
GSE30529,R-HSA-1474244,ITGA4,0.23307519086956713,0.22691937784623567,0.006155813023331458
GSE30529,R-HSA-1474244,ITGA5,0.23307519086956713,0.23459620764198938,0.0015210167724222512
GSE30529,R-HSA-1474244,ITGA6,0.23307519086956713,0.23478705555624912,0.0017118646866819964
GSE30529,R-HSA-1474244,ITGA7,0.23307519086956713,0.23598607829438753,0.002910887424820402
GSE30529,R-HSA-1474244,ITGA8,0.23307519086956713,0.23388015478108404,0.0008049639115169094
GSE30529,R-HSA-1474244,ITGA9,0.23307519086956713,0.2352329010646837,0.002157710195116569
GSE30529,R-HSA-1474244,ITGAE,0.23307519086956713,0.23322054893808272,0.00014535806851559419
GSE30529,R-HSA-1474244,ITGAL,0.23307519086956713,0.2314860785187747,0.0015891123507924265
GSE30529,R-HSA-1474244,ITGAM,0.23307519086956713,0.225665836280449,0.007409354589118122
GSE30529,R-HSA-1474244,ITGAV,0.23307519086956713,0.22831913231283907,0.00475605855672806
GSE30529,R-HSA-1474244,ITGAX,0.23307519086956713,0.2317019720832614,0.0013732187863057244
GSE30529,R-HSA-1474244,ITGB1,0.23307519086956713,0.2355846361472638,0.0025094452776966703
GSE30529,R-HSA-1474244,ITGB2,0.23307519086956713,0.2266247907791863,0.006450400090380837
GSE30529,R-HSA-1474244,ITGB3,0.23307519086956713,0.2263140489457807,0.0067611419237864345
GSE30529,R-HSA-1474244,ITGB4,0.23307519086956713,0.2395460351918307,0.00647084432226358
GSE30529,R-HSA-1474244,ITGB5,0.23307519086956713,0.2309636551255761,0.002111535743991033
GSE30529,R-HSA-1474244,ITGB6,0.23307519086956713,0.22748826188145835,0.00558692898810878
GSE30529,R-HSA-1474244,ITGB7,0.23307519086956713,0.23213518139410125,0.0009400094754658805
GSE30529,R-HSA-1474244,ITGB8,0.23307519086956713,0.23035195192788846,0.0027232389416786684
GSE30529,R-HSA-1474244,JAM2,0.23307519086956713,0.2323531041981782,0.0007220866713889273
GSE30529,R-HSA-1474244,JAM3,0.23307519086956713,0.23207276978469013,0.0010024210848769977
GSE30529,R-HSA-1474244,KDR,0.23307519086956713,0.23173928128360272,0.0013359095859644121
GSE30529,R-HSA-1474244,KLK2,0.23307519086956713,0.23664298400671785,0.003567793137150721
GSE30529,R-HSA-1474244,KLK7,0.23307519086956713,0.23685241809807267,0.003777227228505542
GSE30529,R-HSA-1474244,KLKB1,0.23307519086956713,0.23848228631907106,0.005407095449503935
GSE30529,R-HSA-1474244,LAMA1,0.23307519086956713,0.238319615112258,0.005244424242690865
GSE30529,R-HSA-1474244,LAMA2,0.23307519086956713,0.22995942336936315,0.003115767500203981
GSE30529,R-HSA-1474244,LAMA3,0.23307519086956713,0.2294288350917139,0.0036463557778532163
GSE30529,R-HSA-1474244,LAMA4,0.23307519086956713,0.22904466357100914,0.00403052729855799
GSE30529,R-HSA-1474244,LAMA5,0.23307519086956713,0.2279348968944587,0.005140293975108429
GSE30529,R-HSA-1474244,LAMB1,0.23307519086956713,0.22811420716213826,0.004960983707428868
GSE30529,R-HSA-1474244,LAMB2,0.23307519086956713,0.23351176694155898,0.000436576071991851
GSE30529,R-HSA-1474244,LAMB3,0.23307519086956713,0.23082651211021546,0.002248678759351669
GSE30529,R-HSA-1474244,LAMC1,0.23307519086956713,0.2299821415039278,0.0030930493656393387
GSE30529,R-HSA-1474244,LAMC2,0.23307519086956713,0.2282361383674953,0.004839052502071839
GSE30529,R-HSA-1474244,LAMC3,0.23307519086956713,0.2334871904388841,0.0004119995693169787
GSE30529,R-HSA-1474244,LOX,0.23307519086956713,0.2324140167344538,0.0006611741351133238
GSE30529,R-HSA-1474244,LOXL1,0.23307519086956713,0.22660234170768423,0.006472849161882899
GSE30529,R-HSA-1474244,LOXL2,0.23307519086956713,0.22643387811479784,0.006641312754769285
GSE30529,R-HSA-1474244,LRP4,0.23307519086956713,0.2340948458483723,0.0010196549788051845
GSE30529,R-HSA-1474244,LTBP1,0.23307519086956713,0.23286821326020143,0.00020697760936569387
GSE30529,R-HSA-1474244,LTBP2,0.23307519086956713,0.23435588981650263,0.001280698946935499
GSE30529,R-HSA-1474244,LTBP3,0.23307519086956713,0.23011042837500661,0.0029647624945605133
GSE30529,R-HSA-1474244,LTBP4,0.23307519086956713,0.2349590397283549,0.0018838488587877844
GSE30529,R-HSA-1474244,LUM,0.23307519086956713,0.22678791456726394,0.006287276302303191
GSE30529,R-HSA-1474244,MADCAM1,0.23307519086956713,0.24027688420712892,0.007201693337561793
GSE30529,R-HSA-1474244,MATN1,0.23307519086956713,0.23903632620996143,0.005961135340394302
GSE30529,R-HSA-1474244,MATN3,0.23307519086956713,0.22884204756473758,0.004233143304829545
GSE30529,R-HSA-1474244,MATN4,0.23307519086956713,0.23657264775392575,0.003497456884358624
GSE30529,R-HSA-1474244,MFAP2,0.23307519086956713,0.23054693006262242,0.00252826080694471
GSE30529,R-HSA-1474244,MFAP3,0.23307519086956713,0.23513153125198083,0.0020563403824137017
GSE30529,R-HSA-1474244,MFAP4,0.23307519086956713,0.23085453053085697,0.0022206603387101564
GSE30529,R-HSA-1474244,MFAP5,0.23307519086956713,0.23506377795982875,0.0019885870902616176
GSE30529,R-HSA-1474244,MMP1,0.23307519086956713,0.23249784262720688,0.0005773482423602483
GSE30529,R-HSA-1474244,MMP10,0.23307519086956713,0.23432152950789983,0.0012463386383327058
GSE30529,R-HSA-1474244,MMP11,0.23307519086956713,0.23094709432982216,0.002128096539744967
GSE30529,R-HSA-1474244,MMP12,0.23307519086956713,0.23390858205545587,0.0008333911858887377
GSE30529,R-HSA-1474244,MMP13,0.23307519086956713,0.23806391179479752,0.004988720925230394
GSE30529,R-HSA-1474244,MMP14,0.23307519086956713,0.23846349204420306,0.005388301174635929
GSE30529,R-HSA-1474244,MMP15,0.23307519086956713,0.2316698419303246,0.0014053489392425178
GSE30529,R-HSA-1474244,MMP16,0.23307519086956713,0.23473419666486425,0.0016590057952971249
GSE30529,R-HSA-1474244,MMP17,0.23307519086956713,0.23520040241607845,0.002125211546511324
GSE30529,R-HSA-1474244,MMP19,0.23307519086956713,0.23889904768818568,0.00582385681861855
GSE30529,R-HSA-1474244,MMP2,0.23307519086956713,0.23150164040740626,0.001573550462160872
GSE30529,R-HSA-1474244,MMP20,0.23307519086956713,0.2364251464194057,0.003349955549838579
GSE30529,R-HSA-1474244,MMP24,0.23307519086956713,0.23819317033641435,0.005117979466847222
GSE30529,R-HSA-1474244,MMP25,0.23307519086956713,0.2373224485436361,0.004247257674068972
GSE30529,R-HSA-1474244,MMP3,0.23307519086956713,0.23235005522520544,0.0007251356443616908
GSE30529,R-HSA-1474244,MMP7,0.23307519086956713,0.22009220030711735,0.012982990562449781
GSE30529,R-HSA-1474244,MMP8,0.23307519086956713,0.23740095464300337,0.004325763773436242
GSE30529,R-HSA-1474244,MMP9,0.23307519086956713,0.2319423023890064,0.0011328884805607287
GSE30529,R-HSA-1474244,MUSK,0.23307519086956713,0.23846938320787417,0.005394192338307041
GSE30529,R-HSA-1474244,NCAM1,0.23307519086956713,0.23181886812515626,0.0012563227444108704
GSE30529,R-HSA-1474244,NCAN,0.23307519086956713,0.23795638600333646,0.004881195133769334
GSE30529,R-HSA-1474244,NCSTN,0.23307519086956713,0.2311194835540832,0.0019557073154839177
GSE30529,R-HSA-1474244,NID1,0.23307519086956713,0.23528552931836472,0.0022103384487975886
GSE30529,R-HSA-1474244,NID2,0.23307519086956713,0.22980583163125928,0.003269359238307845
GSE30529,R-HSA-1474244,NRXN1,0.23307519086956713,0.23872724826931827,0.005652057399751137
GSE30529,R-HSA-1474244,P4HA1,0.23307519086956713,0.23627830096446276,0.003203110094895628
GSE30529,R-HSA-1474244,P4HB,0.23307519086956713,0.2299945126233863,0.003080678246180829
GSE30529,R-HSA-1474244,PCOLCE,0.23307519086956713,0.2317208883019263,0.001354302567640825
GSE30529,R-HSA-1474244,PCOLCE2,0.23307519086956713,0.235000063604498,0.0019248727349308603
GSE30529,R-HSA-1474244,PDGFA,0.23307519086956713,0.23457452014498137,0.0014993292754142407
GSE30529,R-HSA-1474244,PDGFB,0.23307519086956713,0.23615381875429223,0.003078627884725099
GSE30529,R-HSA-1474244,PECAM1,0.23307519086956713,0.22887281374245358,0.004202377127113549
GSE30529,R-HSA-1474244,PLEC,0.23307519086956713,0.23770298184524877,0.004627790975681639
GSE30529,R-HSA-1474244,PLG,0.23307519086956713,0.2351579722212755,0.0020827813517083626
GSE30529,R-HSA-1474244,PLOD1,0.23307519086956713,0.2356454428173955,0.002570251947828367
GSE30529,R-HSA-1474244,PLOD2,0.23307519086956713,0.23019394916106276,0.002881241708504373
GSE30529,R-HSA-1474244,PLOD3,0.23307519086956713,0.23353654956788106,0.0004613586983139295
GSE30529,R-HSA-1474244,PPIB,0.23307519086956713,0.22825908061936384,0.004816110250203287
GSE30529,R-HSA-1474244,PRKCA,0.23307519086956713,0.23696002512333778,0.003884834253770647
GSE30529,R-HSA-1474244,PRSS1,0.23307519086956713,0.2336275322753906,0.0005523414058234699
GSE30529,R-HSA-1474244,PRSS2,0.23307519086956713,0.24234394630423564,0.009268755434668513
GSE30529,R-HSA-1474244,PSEN1,0.23307519086956713,0.23155363839704554,0.0015215524725215868
GSE30529,R-HSA-1474244,PTPRS,0.23307519086956713,0.23747474016113493,0.0043995492915678
GSE30529,R-HSA-1474244,PXDN,0.23307519086956713,0.22344027883349551,0.009634912036071613
GSE30529,R-HSA-1474244,SCUBE3,0.23307519086956713,0.23958399278960768,0.006508801920040552
GSE30529,R-HSA-1474244,SDC1,0.23307519086956713,0.2390283575244529,0.0059531666548857665
GSE30529,R-HSA-1474244,SDC2,0.23307519086956713,0.23257301254944368,0.0005021783201234475
GSE30529,R-HSA-1474244,SDC3,0.23307519086956713,0.22812464530518856,0.004950545564378572
GSE30529,R-HSA-1474244,SDC4,0.23307519086956713,0.23079586762404408,0.002279323245523046
GSE30529,R-HSA-1474244,SERPINE1,0.23307519086956713,0.23613060506433584,0.0030554141947687075
GSE30529,R-HSA-1474244,SERPINH1,0.23307519086956713,0.22723359699984885,0.005841593869718276
GSE30529,R-HSA-1474244,SGCA,0.23307519086956713,0.2378599507945914,0.004784759925024279
GSE30529,R-HSA-1474244,SGCB,0.23307519086956713,0.23358875850682784,0.000513567637260709
GSE30529,R-HSA-1474244,SGCD,0.23307519086956713,0.23790931346082228,0.004834122591255152
GSE30529,R-HSA-1474244,SGCE,0.23307519086956713,0.23032042305519146,0.0027547678143756693
GSE30529,R-HSA-1474244,SGCG,0.23307519086956713,0.2374162505913248,0.004341059721757662
GSE30529,R-HSA-1474244,SH3PXD2A,0.23307519086956713,0.23477248725630404,0.0016972963867369073
GSE30529,R-HSA-1474244,SNTA1,0.23307519086956713,0.24104182485789466,0.007966633988327532
GSE30529,R-HSA-1474244,SNTB1,0.23307519086956713,0.23637712202883485,0.003301931159267718
GSE30529,R-HSA-1474244,SNTB2,0.23307519086956713,0.2359592192608984,0.0028840283913312836
GSE30529,R-HSA-1474244,SNTG2,0.23307519086956713,0.23569015078568734,0.0026149599161202075
GSE30529,R-HSA-1474244,SPARC,0.23307519086956713,0.22120409881274256,0.011871092056824573
GSE30529,R-HSA-1474244,SPOCK3,0.23307519086956713,0.23744065857550822,0.004365467705941095
GSE30529,R-HSA-1474244,SPP1,0.23307519086956713,0.2298127840496754,0.0032624068198917333
GSE30529,R-HSA-1474244,SSPN,0.23307519086956713,0.22970504437826242,0.0033701464913047097
GSE30529,R-HSA-1474244,TGFB1,0.23307519086956713,0.2337590096424735,0.0006838187729063805
GSE30529,R-HSA-1474244,TGFB2,0.23307519086956713,0.228006444996232,0.00506874587333514
GSE30529,R-HSA-1474244,TGFB3,0.23307519086956713,0.23456640930782657,0.0014912184382594451
GSE30529,R-HSA-1474244,THBS1,0.23307519086956713,0.22897765462842923,0.0040975362411379
GSE30529,R-HSA-1474244,TIMP1,0.23307519086956713,0.22681945957732935,0.006255731292237776
GSE30529,R-HSA-1474244,TIMP2,0.23307519086956713,0.2317367183635147,0.0013384725060524294
GSE30529,R-HSA-1474244,TLL1,0.23307519086956713,0.23414667408093834,0.0010714832113712103
GSE30529,R-HSA-1474244,TLL2,0.23307519086956713,0.23422899988822787,0.0011538090186607453
GSE30529,R-HSA-1474244,TMPRSS6,0.23307519086956713,0.23710343071823178,0.004028239848664655
GSE30529,R-HSA-1474244,TNC,0.23307519086956713,0.224170635515332,0.008904555354235122
GSE30529,R-HSA-1474244,TNN,0.23307519086956713,0.23884035765529657,0.005765166785729442
GSE30529,R-HSA-1474244,TNR,0.23307519086956713,0.2395027320238959,0.006427541154328781
GSE30529,R-HSA-1474244,TNXB,0.23307519086956713,0.23627281701766706,0.00319762614809993
GSE30529,R-HSA-1474244,TPSAB1,0.23307519086956713,0.23477579937400606,0.0017006085044389274
GSE30529,R-HSA-1474244,TTR,0.23307519086956713,0.23668883701453566,0.0036136461449685353
GSE30529,R-HSA-1474244,UTRN,0.23307519086956713,0.23738010880767527,0.004304917938108138
GSE30529,R-HSA-1474244,VCAM1,0.23307519086956713,0.22724393057811482,0.0058312602914523115
GSE30529,R-HSA-1474244,VCAN,0.23307519086956713,0.22368215987989684,0.009393030989670287
GSE30529,R-HSA-1474244,VWF,0.23307519086956713,0.22955782404563918,0.0035173668239279476
GSE30529,R-HSA-1234174,ADRM1,0.18233052273141473,0.18587398960288573,0.0035434668714710016
GSE30529,R-HSA-1234174,ARNT,0.18233052273141473,0.1603643195307959,0.021966203200618817
GSE30529,R-HSA-1234174,CA9,0.18233052273141473,0.22272379892860633,0.0403932761971916
GSE30529,R-HSA-1234174,CITED2,0.18233052273141473,0.18750023008209468,0.005169707350679953
GSE30529,R-HSA-1234174,CREBBP,0.18233052273141473,0.2127011424957748,0.030370619764360063
GSE30529,R-HSA-1234174,CUL2,0.18233052273141473,0.1719788996993759,0.01035162303203882
GSE30529,R-HSA-1234174,EGLN1,0.18233052273141473,0.1766473510490234,0.005683171682391325
GSE30529,R-HSA-1234174,EGLN2,0.18233052273141473,0.19163363259139662,0.009303109859981895
GSE30529,R-HSA-1234174,EGLN3,0.18233052273141473,0.1691406087886087,0.013189913942806025
GSE30529,R-HSA-1234174,EP300,0.18233052273141473,0.17366842345813618,0.008662099273278545
GSE30529,R-HSA-1234174,EPAS1,0.18233052273141473,0.21989526279498328,0.03756474006356855
GSE30529,R-HSA-1234174,EPO,0.18233052273141473,0.19178238522282187,0.009451862491407143
GSE30529,R-HSA-1234174,HIF1A,0.18233052273141473,0.16723318484549204,0.015097337885922685
GSE30529,R-HSA-1234174,HIF1AN,0.18233052273141473,0.19224163012402287,0.009911107392608143
GSE30529,R-HSA-1234174,HIF3A,0.18233052273141473,0.21608986458146123,0.033759341850046504
GSE30529,R-HSA-1234174,HIGD1A,0.18233052273141473,0.17949482589990415,0.0028356968315105813
GSE30529,R-HSA-1234174,LIMD1,0.18233052273141473,0.206787746526104,0.02445722379468926
GSE30529,R-HSA-1234174,PSMA1,0.18233052273141473,0.16450571176353188,0.017824810967882854
GSE30529,R-HSA-1234174,PSMA2,0.18233052273141473,0.18868238664816867,0.006351863916753936
GSE30529,R-HSA-1234174,PSMA3,0.18233052273141473,0.1696333797547748,0.01269714297663993
GSE30529,R-HSA-1234174,PSMA4,0.18233052273141473,0.16378429180398232,0.018546230927432406
GSE30529,R-HSA-1234174,PSMA5,0.18233052273141473,0.1785615313479453,0.003768991383469422
GSE30529,R-HSA-1234174,PSMA7,0.18233052273141473,0.18114602156911958,0.001184501162295154
GSE30529,R-HSA-1234174,PSMB1,0.18233052273141473,0.20078293535989422,0.018452412628479492
GSE30529,R-HSA-1234174,PSMB2,0.18233052273141473,0.17195672715420862,0.010373795577206107
GSE30529,R-HSA-1234174,PSMB3,0.18233052273141473,0.17190451647753283,0.010426006253881903
GSE30529,R-HSA-1234174,PSMB4,0.18233052273141473,0.186861115149219,0.004530592417804263
GSE30529,R-HSA-1234174,PSMB5,0.18233052273141473,0.18056751877456922,0.0017630039568455047
GSE30529,R-HSA-1234174,PSMB6,0.18233052273141473,0.17855581769681705,0.003774705034597675
GSE30529,R-HSA-1234174,PSMB7,0.18233052273141473,0.18089893699439316,0.0014315857370215679
GSE30529,R-HSA-1234174,PSMC1,0.18233052273141473,0.1762509931589908,0.006079529572423942
GSE30529,R-HSA-1234174,PSMC2,0.18233052273141473,0.16374852057750724,0.018582002153907484
GSE30529,R-HSA-1234174,PSMC3,0.18233052273141473,0.17279940953167833,0.009531113199736402
GSE30529,R-HSA-1234174,PSMC4,0.18233052273141473,0.18271800507259947,0.0003874823411847417
GSE30529,R-HSA-1234174,PSMC5,0.18233052273141473,0.18858598256287593,0.0062554598314611964
GSE30529,R-HSA-1234174,PSMC6,0.18233052273141473,0.17484077209465315,0.007489750636761577
GSE30529,R-HSA-1234174,PSMD1,0.18233052273141473,0.17325179008738623,0.009078732644028503
GSE30529,R-HSA-1234174,PSMD11,0.18233052273141473,0.16860850305113093,0.013722019680283803
GSE30529,R-HSA-1234174,PSMD12,0.18233052273141473,0.18237698102626101,4.64582948462855e-05
GSE30529,R-HSA-1234174,PSMD13,0.18233052273141473,0.16836512232466305,0.013965400406751677
GSE30529,R-HSA-1234174,PSMD14,0.18233052273141473,0.17930512330064113,0.0030253994307735954
GSE30529,R-HSA-1234174,PSMD2,0.18233052273141473,0.17975718611163435,0.0025733366197803753
GSE30529,R-HSA-1234174,PSMD3,0.18233052273141473,0.18058821517399745,0.0017423075574172775
GSE30529,R-HSA-1234174,PSMD6,0.18233052273141473,0.17589410501673916,0.0064364177146755686
GSE30529,R-HSA-1234174,PSMD7,0.18233052273141473,0.1758516995118902,0.006478823219524532
GSE30529,R-HSA-1234174,PSMD8,0.18233052273141473,0.17655908177525284,0.0057714409561618885
GSE30529,R-HSA-1234174,RBX1,0.18233052273141473,0.17849083411657884,0.0038396886148358844
GSE30529,R-HSA-1234174,RPS27A,0.18233052273141473,0.1872828693640845,0.004952346632669774
GSE30529,R-HSA-1234174,UBA52,0.18233052273141473,0.18150074690091456,0.0008297758305001735
GSE30529,R-HSA-1234174,UBB,0.18233052273141473,0.1955311220081575,0.013200599276742775
GSE30529,R-HSA-1234174,UBC,0.18233052273141473,0.1746826565994621,0.007647866131952619
GSE30529,R-HSA-1234174,UBE2D1,0.18233052273141473,0.1629551969945357,0.01937532573687903
GSE30529,R-HSA-1234174,UBE2D2,0.18233052273141473,0.18113159146379235,0.0011989312676223829
GSE30529,R-HSA-1234174,UBE2D3,0.18233052273141473,0.1724390895269013,0.009891433204513439
GSE30529,R-HSA-1234174,VEGFA,0.18233052273141473,0.22441360074160838,0.04208307801019365
GSE30529,R-HSA-1234174,VHL,0.18233052273141473,0.18898188814964417,0.0066513654182294435
GSE30529,R-HSA-170834,ARHGEF18,0.19013457062335962,0.18971683529580918,0.00041773532755043363
GSE30529,R-HSA-170834,ATP1B4,0.19013457062335962,0.19886306113547386,0.008728490512114245
GSE30529,R-HSA-170834,BAMBI,0.19013457062335962,0.18678466347584616,0.003349907147513459
GSE30529,R-HSA-170834,CBL,0.19013457062335962,0.20754527789186025,0.017410707268500636
GSE30529,R-HSA-170834,CCNC,0.19013457062335962,0.19139187918858727,0.001257308565227655
GSE30529,R-HSA-170834,CCNK,0.19013457062335962,0.2093038619468681,0.019169291323508475
GSE30529,R-HSA-170834,CCNT1,0.19013457062335962,0.2054137346826193,0.015279164059259692
GSE30529,R-HSA-170834,CCNT2,0.19013457062335962,0.18889890612423874,0.001235664499120881
GSE30529,R-HSA-170834,CDK8,0.19013457062335962,0.18707813163513745,0.0030564389882221654
GSE30529,R-HSA-170834,CDK9,0.19013457062335962,0.18464686868196342,0.005487701941396195
GSE30529,R-HSA-170834,CDKN2B,0.19013457062335962,0.21349011315001618,0.02335554252665656
GSE30529,R-HSA-170834,COL1A2,0.19013457062335962,0.16673450437159118,0.023400066251768437
GSE30529,R-HSA-170834,E2F4,0.19013457062335962,0.1966083635784048,0.006473792955045188
GSE30529,R-HSA-170834,E2F5,0.19013457062335962,0.18153879552435565,0.008595775099003972
GSE30529,R-HSA-170834,EP300,0.19013457062335962,0.18498499466579507,0.005149575957564545
GSE30529,R-HSA-170834,F11R,0.19013457062335962,0.18014285131891625,0.00999171930444337
GSE30529,R-HSA-170834,FBN1,0.19013457062335962,0.17392757324900596,0.01620699737435366
GSE30529,R-HSA-170834,FKBP1A,0.19013457062335962,0.1810513447061296,0.009083225917230014
GSE30529,R-HSA-170834,FURIN,0.19013457062335962,0.2093143759903176,0.019179805366957986
GSE30529,R-HSA-170834,HDAC1,0.19013457062335962,0.18447031930439836,0.005664251318961255
GSE30529,R-HSA-170834,ITGA8,0.19013457062335962,0.19214835346830522,0.0020137828449456052
GSE30529,R-HSA-170834,ITGAV,0.19013457062335962,0.17497640496746092,0.015158165655898698
GSE30529,R-HSA-170834,ITGB1,0.19013457062335962,0.19741164208255255,0.00727707145919293
GSE30529,R-HSA-170834,ITGB3,0.19013457062335962,0.16878488380104978,0.021349686822309838
GSE30529,R-HSA-170834,ITGB5,0.19013457062335962,0.18314245892767078,0.006992111695688835
GSE30529,R-HSA-170834,ITGB6,0.19013457062335962,0.17241075011891155,0.017723820504448068
GSE30529,R-HSA-170834,ITGB8,0.19013457062335962,0.18125357322931654,0.008880997394043078
GSE30529,R-HSA-170834,JUNB,0.19013457062335962,0.1957591763518295,0.0056246057284698725
GSE30529,R-HSA-170834,LTBP1,0.19013457062335962,0.18902356701371156,0.0011110036096480536
GSE30529,R-HSA-170834,LTBP2,0.19013457062335962,0.1936173814348174,0.0034828108114577927
GSE30529,R-HSA-170834,LTBP3,0.19013457062335962,0.18050776973085722,0.009626800892502396
GSE30529,R-HSA-170834,LTBP4,0.19013457062335962,0.19547985533844922,0.005345284715089604
GSE30529,R-HSA-170834,MAPK1,0.19013457062335962,0.1875798530317425,0.0025547175916171283
GSE30529,R-HSA-170834,MAPK3,0.19013457062335962,0.19880267670905682,0.008668106085697208
GSE30529,R-HSA-170834,MEN1,0.19013457062335962,0.19392415796001947,0.00378958733665985
GSE30529,R-HSA-170834,MTMR4,0.19013457062335962,0.1859848123392281,0.004149758284131527
GSE30529,R-HSA-170834,MYC,0.19013457062335962,0.16895356022092375,0.021181010402435863
GSE30529,R-HSA-170834,NCOR1,0.19013457062335962,0.18276041122143086,0.007374159401928759
GSE30529,R-HSA-170834,NCOR2,0.19013457062335962,0.2091199927872966,0.018985422163936977
GSE30529,R-HSA-170834,NEDD4L,0.19013457062335962,0.19413398607495963,0.0039994154516000135
GSE30529,R-HSA-170834,NEDD8,0.19013457062335962,0.19283887080436374,0.002704300181004121
GSE30529,R-HSA-170834,PARD3,0.19013457062335962,0.18119125217599064,0.00894331844736898
GSE30529,R-HSA-170834,PARD6A,0.19013457062335962,0.20626842909425705,0.016133858470897433
GSE30529,R-HSA-170834,PARP1,0.19013457062335962,0.18060839244832258,0.009526178175037037
GSE30529,R-HSA-170834,PMEPA1,0.19013457062335962,0.18635762180308924,0.0037769488202703816
GSE30529,R-HSA-170834,PPM1A,0.19013457062335962,0.197325003284461,0.0071904326611013925
GSE30529,R-HSA-170834,PPP1CA,0.19013457062335962,0.18332191159579003,0.006812659027569584
GSE30529,R-HSA-170834,PPP1CB,0.19013457062335962,0.18676105910894178,0.0033735115144178374
GSE30529,R-HSA-170834,PPP1CC,0.19013457062335962,0.18541885246504441,0.004715718158315202
GSE30529,R-HSA-170834,PPP1R15A,0.19013457062335962,0.2064637172566839,0.01632914663332427
GSE30529,R-HSA-170834,PRKCZ,0.19013457062335962,0.2019076749880583,0.011773104364698694
GSE30529,R-HSA-170834,RBL1,0.19013457062335962,0.1788504525752411,0.011284118048118519
GSE30529,R-HSA-170834,RHOA,0.19013457062335962,0.17457502875208872,0.015559541871270899
GSE30529,R-HSA-170834,RNF111,0.19013457062335962,0.18410508124835695,0.006029489375002667
GSE30529,R-HSA-170834,RPS27A,0.19013457062335962,0.19321350592763195,0.0030789353042723344
GSE30529,R-HSA-170834,SERPINE1,0.19013457062335962,0.19909754610120356,0.008962975477843943
GSE30529,R-HSA-170834,SKI,0.19013457062335962,0.19303376407361644,0.002899193450256826
GSE30529,R-HSA-170834,SKIL,0.19013457062335962,0.20007002729517953,0.009935456671819914
GSE30529,R-HSA-170834,SMAD2,0.19013457062335962,0.1775548091866127,0.012579761436746911
GSE30529,R-HSA-170834,SMAD3,0.19013457062335962,0.20866440338424866,0.018529832760889042
GSE30529,R-HSA-170834,SMAD4,0.19013457062335962,0.18386463785899634,0.006269932764363273
GSE30529,R-HSA-170834,SMAD7,0.19013457062335962,0.19128932309718472,0.0011547524738250992
GSE30529,R-HSA-170834,SMURF1,0.19013457062335962,0.20318674622406732,0.013052175600707705
GSE30529,R-HSA-170834,SMURF2,0.19013457062335962,0.1906496197916986,0.0005150491683389713
GSE30529,R-HSA-170834,SNW1,0.19013457062335962,0.1729822377676555,0.01715233285570411
GSE30529,R-HSA-170834,SP1,0.19013457062335962,0.20480652779815903,0.01467195717479941
GSE30529,R-HSA-170834,STAT1,0.19013457062335962,0.17656895115031487,0.013565619473044743
GSE30529,R-HSA-170834,STRAP,0.19013457062335962,0.19263095465483587,0.0024963840314762564
GSE30529,R-HSA-170834,STUB1,0.19013457062335962,0.19727106726344087,0.007136496640081258
GSE30529,R-HSA-170834,TFDP1,0.19013457062335962,0.18928839986027826,0.0008461707630813553
GSE30529,R-HSA-170834,TFDP2,0.19013457062335962,0.19823160412685192,0.008097033503492307
GSE30529,R-HSA-170834,TGFB1,0.19013457062335962,0.19177426793039795,0.0016396973070383347
GSE30529,R-HSA-170834,TGFB2,0.19013457062335962,0.17401085402277303,0.01612371660058659
GSE30529,R-HSA-170834,TGFB3,0.19013457062335962,0.1942674471168179,0.004132876493458282
GSE30529,R-HSA-170834,TGFBR1,0.19013457062335962,0.1947956153100625,0.004661044686702892
GSE30529,R-HSA-170834,TGFBR2,0.19013457062335962,0.20841943010418576,0.018284859480826143
GSE30529,R-HSA-170834,TGFBR3,0.19013457062335962,0.1974100795362627,0.0072755089129030726
GSE30529,R-HSA-170834,TGIF1,0.19013457062335962,0.17940986959144922,0.010724701031910394
GSE30529,R-HSA-170834,TGIF2,0.19013457062335962,0.19077567374883064,0.0006411031254710264
GSE30529,R-HSA-170834,TRIM33,0.19013457062335962,0.19461213503665856,0.00447756441329894
GSE30529,R-HSA-170834,UBA52,0.19013457062335962,0.18971881652681494,0.0004157540965446793
GSE30529,R-HSA-170834,UBB,0.19013457062335962,0.19819871356965413,0.008064142946294511
GSE30529,R-HSA-170834,UBC,0.19013457062335962,0.1855979927182448,0.00453657790511483
GSE30529,R-HSA-170834,UBE2D1,0.19013457062335962,0.17850996768230024,0.011624602941059381
GSE30529,R-HSA-170834,UBE2D3,0.19013457062335962,0.18424199064142233,0.00589257998193729
GSE30529,R-HSA-170834,UBE2M,0.19013457062335962,0.188719812329143,0.0014147582942166115
GSE30529,R-HSA-170834,UCHL5,0.19013457062335962,0.19240586908071647,0.0022712984573568518
GSE30529,R-HSA-170834,USP9X,0.19013457062335962,0.19058630411673652,0.0004517334933769046
GSE30529,R-HSA-170834,WWTR1,0.19013457062335962,0.20685678200975222,0.0167222113863926
GSE30529,R-HSA-170834,XPO1,0.19013457062335962,0.18187320629899106,0.008261364324368553
GSE30529,R-HSA-170834,YBX1,0.19013457062335962,0.18507907102377597,0.005055499599583652
GSE30529,R-HSA-170834,ZFYVE9,0.19013457062335962,0.19903740306450404,0.008902832441144426
GSE104948_H7,R-HSA-166658,C1QA,0.4737453859143527,0.43450565643752603,0.03923972947682669
GSE104948_H7,R-HSA-166658,C1QB,0.4737453859143527,0.43483804769460066,0.03890733821975206
GSE104948_H7,R-HSA-166658,C1R,0.4737453859143527,0.44386442425827766,0.029880961656075067
GSE104948_H7,R-HSA-166658,C1S,0.4737453859143527,0.4591040968494766,0.014641289064876106
GSE104948_H7,R-HSA-166658,C2,0.4737453859143527,0.45235462669198306,0.02139075922236966
GSE104948_H7,R-HSA-166658,C3,0.4737453859143527,0.44441977866105725,0.02932560725329547
GSE104948_H7,R-HSA-166658,C3AR1,0.4737453859143527,0.4376785208305382,0.036066865083814514
GSE104948_H7,R-HSA-166658,C4BPA,0.4737453859143527,0.48106409789304794,0.007318711978695214
GSE104948_H7,R-HSA-166658,C4BPB,0.4737453859143527,0.48437082420835337,0.010625438294000644
GSE104948_H7,R-HSA-166658,C5,0.4737453859143527,0.4777920116512245,0.004046625736871756
GSE104948_H7,R-HSA-166658,C5AR1,0.4737453859143527,0.4668074456405444,0.006937940273808341
GSE104948_H7,R-HSA-166658,C5AR2,0.4737453859143527,0.4902554312814671,0.016510045367114368
GSE104948_H7,R-HSA-166658,C6,0.4737453859143527,0.4989735184725674,0.025228132558214655
GSE104948_H7,R-HSA-166658,C7,0.4737453859143527,0.4697508086212466,0.00399457729310615
GSE104948_H7,R-HSA-166658,C8A,0.4737453859143527,0.4844508403506977,0.010705454436344963
GSE104948_H7,R-HSA-166658,C8B,0.4737453859143527,0.4903861838707856,0.016640797956432862
GSE104948_H7,R-HSA-166658,C8G,0.4737453859143527,0.47683333315306303,0.003087947238710309
GSE104948_H7,R-HSA-166658,C9,0.4737453859143527,0.4789396590580739,0.005194273143721173
GSE104948_H7,R-HSA-166658,CD19,0.4737453859143527,0.4754995102757632,0.0017541243614104807
GSE104948_H7,R-HSA-166658,CD46,0.4737453859143527,0.49476796126518674,0.021022575350834016
GSE104948_H7,R-HSA-166658,CD55,0.4737453859143527,0.4579125139142498,0.015832872000102916
GSE104948_H7,R-HSA-166658,CD59,0.4737453859143527,0.4725611350673441,0.0011842508470086277
GSE104948_H7,R-HSA-166658,CD81,0.4737453859143527,0.47867416233223914,0.004928776417886416
GSE104948_H7,R-HSA-166658,CFB,0.4737453859143527,0.45080718653298524,0.022938199381367486
GSE104948_H7,R-HSA-166658,CFD,0.4737453859143527,0.4252350467338822,0.04851033918047054
GSE104948_H7,R-HSA-166658,CFH,0.4737453859143527,0.45497193550943615,0.01877345040491657
GSE104948_H7,R-HSA-166658,CFHR2,0.4737453859143527,0.46756211241374646,0.006183273500606268
GSE104948_H7,R-HSA-166658,CFHR5,0.4737453859143527,0.4900704967469666,0.0163251108326139
GSE104948_H7,R-HSA-166658,CFI,0.4737453859143527,0.46449668477242645,0.009248701141926274
GSE104948_H7,R-HSA-166658,CFP,0.4737453859143527,0.44239590191033107,0.031349484004021655
GSE104948_H7,R-HSA-166658,CLU,0.4737453859143527,0.4421487488629132,0.0315966370514395
GSE104948_H7,R-HSA-166658,COLEC10,0.4737453859143527,0.48975410402120145,0.01600871810684873
GSE104948_H7,R-HSA-166658,COLEC11,0.4737453859143527,0.48664846897792235,0.012903083063569631
GSE104948_H7,R-HSA-166658,CPB2,0.4737453859143527,0.5015571526685413,0.02781176675418856
GSE104948_H7,R-HSA-166658,CPN1,0.4737453859143527,0.5073159257582246,0.03357053984387187
GSE104948_H7,R-HSA-166658,CPN2,0.4737453859143527,0.49409471894659907,0.02034933303224634
GSE104948_H7,R-HSA-166658,CR1,0.4737453859143527,0.5162328486154497,0.04248746270109699
GSE104948_H7,R-HSA-166658,CR2,0.4737453859143527,0.49454027011252166,0.02079488419816894
GSE104948_H7,R-HSA-166658,CRP,0.4737453859143527,0.5056543198514561,0.03190893393710342
GSE104948_H7,R-HSA-166658,ELANE,0.4737453859143527,0.48912523637776734,0.015379850463414613
GSE104948_H7,R-HSA-166658,F2,0.4737453859143527,0.49542215301024306,0.021676767095890337
GSE104948_H7,R-HSA-166658,FCN1,0.4737453859143527,0.42679881427024813,0.046946571644104595
GSE104948_H7,R-HSA-166658,FCN2,0.4737453859143527,0.47578545619851254,0.0020400702841598117
GSE104948_H7,R-HSA-166658,FCN3,0.4737453859143527,0.4869351695074866,0.013189783593133886
GSE104948_H7,R-HSA-166658,GZMM,0.4737453859143527,0.48185659314561646,0.00811120723126374
GSE104948_H7,R-HSA-166658,IGHV1-2,0.4737453859143527,0.4715127291797475,0.0022326567346052095
GSE104948_H7,R-HSA-166658,IGHV1-46,0.4737453859143527,0.48363342553010913,0.009888039615756405
GSE104948_H7,R-HSA-166658,IGHV3-23,0.4737453859143527,0.46487056838365315,0.008874817530699575
GSE104948_H7,R-HSA-166658,IGHV3-7,0.4737453859143527,0.4622518350509386,0.011493550863414137
GSE104948_H7,R-HSA-166658,IGHV4-34,0.4737453859143527,0.49184005913820206,0.018094673223849334
GSE104948_H7,R-HSA-166658,IGKC,0.4737453859143527,0.4664299150105356,0.007315470903817123
GSE104948_H7,R-HSA-166658,IGKV4-1,0.4737453859143527,0.47030469167926237,0.003440694235090358
GSE104948_H7,R-HSA-166658,IGLV1-40,0.4737453859143527,0.4665373174078651,0.0072080685064876415
GSE104948_H7,R-HSA-166658,IGLV2-14,0.4737453859143527,0.47884655410590893,0.005101168191556205
GSE104948_H7,R-HSA-166658,IGLV3-19,0.4737453859143527,0.4753574349275552,0.001612049013202499
GSE104948_H7,R-HSA-166658,IGLV3-25,0.4737453859143527,0.47297164707458594,0.0007737388397667799
GSE104948_H7,R-HSA-166658,IGLV4-60,0.4737453859143527,0.4900354110785106,0.016290025164157895
GSE104948_H7,R-HSA-166658,IGLV5-45,0.4737453859143527,0.47020293610891123,0.0035424498054414943
GSE104948_H7,R-HSA-166658,IGLV6-57,0.4737453859143527,0.46669052866846905,0.007054857245883672
GSE104948_H7,R-HSA-166658,MASP1,0.4737453859143527,0.4957541351714868,0.022008749257134086
GSE104948_H7,R-HSA-166658,MASP2,0.4737453859143527,0.507325977868518,0.03358059195416524
GSE104948_H7,R-HSA-166658,MBL2,0.4737453859143527,0.47021440366339906,0.0035309822509536626
GSE104948_H7,R-HSA-166658,PROS1,0.4737453859143527,0.45401549829371995,0.01972988762063277
GSE104948_H7,R-HSA-166658,SERPING1,0.4737453859143527,0.4673171256356704,0.006428260278682318
GSE104948_H7,R-HSA-166658,VTN,0.4737453859143527,0.49212395703208506,0.018378571117732334
GSE104948_H7,R-HSA-9769740,ADAMTS13,0.19018205216755257,0.18966033411688996,0.0005217180506626173
GSE104948_H7,R-HSA-9769740,AGRN,0.19018205216755257,0.20066939184916158,0.010487339681609004
GSE104948_H7,R-HSA-9769740,APP,0.19018205216755257,0.19252865834358876,0.0023466061760361867
GSE104948_H7,R-HSA-9769740,CD177,0.19018205216755257,0.22281632600052298,0.032634273832970406
GSE104948_H7,R-HSA-9769740,F10,0.19018205216755257,0.18266513306995977,0.007516919097592806
GSE104948_H7,R-HSA-9769740,F11,0.19018205216755257,0.2050622324139824,0.014880180246429814
GSE104948_H7,R-HSA-9769740,F12,0.19018205216755257,0.18902981245467665,0.0011522397128759243
GSE104948_H7,R-HSA-9769740,F13A1,0.19018205216755257,0.1650816353188367,0.025100416848715862
GSE104948_H7,R-HSA-9769740,F13B,0.19018205216755257,0.20891932669536345,0.018737274527810877
GSE104948_H7,R-HSA-9769740,F2,0.19018205216755257,0.21140800909813307,0.021225956930580492
GSE104948_H7,R-HSA-9769740,F2R,0.19018205216755257,0.208329778395935,0.018147726228382427
GSE104948_H7,R-HSA-9769740,F3,0.19018205216755257,0.2104455341352733,0.020263481967720737
GSE104948_H7,R-HSA-9769740,F5,0.19018205216755257,0.2020372146415853,0.011855162474032732
GSE104948_H7,R-HSA-9769740,F7,0.19018205216755257,0.21644762858358912,0.02626557641603655
GSE104948_H7,R-HSA-9769740,F8,0.19018205216755257,0.20068127041257539,0.010499218245022812
GSE104948_H7,R-HSA-9769740,F9,0.19018205216755257,0.21403178720587718,0.023849735038324604
GSE104948_H7,R-HSA-9769740,FGA,0.19018205216755257,0.20289837943155853,0.012716327264005955
GSE104948_H7,R-HSA-9769740,FGB,0.19018205216755257,0.18586964041074164,0.0043124117568109355
GSE104948_H7,R-HSA-9769740,FGG,0.19018205216755257,0.1763575068796433,0.013824545287909273
GSE104948_H7,R-HSA-9769740,GP1BA,0.19018205216755257,0.20813850936614212,0.017956457198589543
GSE104948_H7,R-HSA-9769740,GP5,0.19018205216755257,0.2100373790278082,0.019855326860255623
GSE104948_H7,R-HSA-9769740,GP9,0.19018205216755257,0.20624604800218116,0.016063995834628586
GSE104948_H7,R-HSA-9769740,GPC1,0.19018205216755257,0.15998141164471852,0.030200640522834055
GSE104948_H7,R-HSA-9769740,GPC3,0.19018205216755257,0.16870236566527622,0.021479686502276357
GSE104948_H7,R-HSA-9769740,GPC4,0.19018205216755257,0.18740186291418823,0.0027801892533643457
GSE104948_H7,R-HSA-9769740,GPC5,0.19018205216755257,0.19046702621341377,0.0002849740458611971
GSE104948_H7,R-HSA-9769740,HSPG2,0.19018205216755257,0.13858808233590086,0.05159396983165171
GSE104948_H7,R-HSA-9769740,ITGA2B,0.19018205216755257,0.18839000099688763,0.0017920511706649433
GSE104948_H7,R-HSA-9769740,ITGB3,0.19018205216755257,0.17567526317196297,0.014506788995589603
GSE104948_H7,R-HSA-9769740,KLKB1,0.19018205216755257,0.1942551495336208,0.004073097366068229
GSE104948_H7,R-HSA-9769740,KNG1,0.19018205216755257,0.19963704337134244,0.00945499120378987
GSE104948_H7,R-HSA-9769740,PF4,0.19018205216755257,0.18634945985882398,0.003832592308728594
GSE104948_H7,R-HSA-9769740,PF4V1,0.19018205216755257,0.18095979616372865,0.009222256003823925
GSE104948_H7,R-HSA-9769740,PROC,0.19018205216755257,0.19827695073271498,0.008094898565162406
GSE104948_H7,R-HSA-9769740,PROCR,0.19018205216755257,0.15336484147518165,0.03681721069237093
GSE104948_H7,R-HSA-9769740,PROS1,0.19018205216755257,0.16044597252395068,0.029736079643601893
GSE104948_H7,R-HSA-9769740,PROZ,0.19018205216755257,0.2042055566161831,0.014023504448630514
GSE104948_H7,R-HSA-9769740,PRTN3,0.19018205216755257,0.19664801785234845,0.006465965684795877
GSE104948_H7,R-HSA-9769740,SDC1,0.19018205216755257,0.21325852779904464,0.023076475631492066
GSE104948_H7,R-HSA-9769740,SDC2,0.19018205216755257,0.18417731110286445,0.006004741064688124
GSE104948_H7,R-HSA-9769740,SDC3,0.19018205216755257,0.18939559346381682,0.000786458703735754
GSE104948_H7,R-HSA-9769740,SDC4,0.19018205216755257,0.1876721776618622,0.0025098745056903737
GSE104948_H7,R-HSA-9769740,SERPINA10,0.19018205216755257,0.21161059631332993,0.021428544145777356
GSE104948_H7,R-HSA-9769740,SERPINA5,0.19018205216755257,0.19722720278739977,0.007045150619847201
GSE104948_H7,R-HSA-9769740,SERPINC1,0.19018205216755257,0.20520446211122462,0.015022409943672044
GSE104948_H7,R-HSA-9769740,SERPIND1,0.19018205216755257,0.2179064788579792,0.02772442669042663
GSE104948_H7,R-HSA-9769740,SERPINE1,0.19018205216755257,0.17721108288428367,0.012970969283268907
GSE104948_H7,R-HSA-9769740,SERPINE2,0.19018205216755257,0.1633671604096391,0.02681489175791346
GSE104948_H7,R-HSA-9769740,SERPING1,0.19018205216755257,0.17681720617558205,0.01336484599197052
GSE104948_H7,R-HSA-9769740,SMPD1,0.19018205216755257,0.18933562079869065,0.0008464313688619218
GSE104948_H7,R-HSA-9769740,TFPI,0.19018205216755257,0.162730233929283,0.02745181823826956
GSE104948_H7,R-HSA-9769740,THBD,0.19018205216755257,0.13247605889731195,0.05770599327024062
GSE104948_H7,R-HSA-9769740,VWF,0.19018205216755257,0.1785487147637052,0.011633337403847366
GSE104948_H7,R-HSA-202733,ANGPT1,0.6369907000162986,0.6386170301834738,0.0016263301671751718
GSE104948_H7,R-HSA-202733,ANGPT2,0.6369907000162986,0.6310825255112624,0.005908174505036223
GSE104948_H7,R-HSA-202733,ANGPT4,0.6369907000162986,0.6498904524057306,0.012899752389431973
GSE104948_H7,R-HSA-202733,APOB,0.6369907000162986,0.6529347453573329,0.01594404534103422
GSE104948_H7,R-HSA-202733,ATP1B1,0.6369907000162986,0.6423355067870042,0.00534480677070559
GSE104948_H7,R-HSA-202733,ATP1B2,0.6369907000162986,0.6414420926176105,0.004451392601311888
GSE104948_H7,R-HSA-202733,ATP1B3,0.6369907000162986,0.6285500992173438,0.008440600798954812
GSE104948_H7,R-HSA-202733,BSG,0.6369907000162986,0.6325107378555552,0.004479962160743423
GSE104948_H7,R-HSA-202733,CAV1,0.6369907000162986,0.6221253801805352,0.014865319835763446
GSE104948_H7,R-HSA-202733,CD177,0.6369907000162986,0.6521948907053995,0.015204190689100838
GSE104948_H7,R-HSA-202733,CD2,0.6369907000162986,0.6262169091878679,0.010773790828430774
GSE104948_H7,R-HSA-202733,CD244,0.6369907000162986,0.6205522322513848,0.016438467764913867
GSE104948_H7,R-HSA-202733,CD44,0.6369907000162986,0.6142410476076096,0.02274965240868909
GSE104948_H7,R-HSA-202733,CD47,0.6369907000162986,0.6426174829243626,0.005626782908063954
GSE104948_H7,R-HSA-202733,CD48,0.6369907000162986,0.611193008464424,0.025797691551874613
GSE104948_H7,R-HSA-202733,CD58,0.6369907000162986,0.6329415150960295,0.004049184920269178
GSE104948_H7,R-HSA-202733,CD74,0.6369907000162986,0.6344539208382702,0.0025367791780284143
GSE104948_H7,R-HSA-202733,CD84,0.6369907000162986,0.6335744743255722,0.0034162256907264155
GSE104948_H7,R-HSA-202733,CD99,0.6369907000162986,0.6317026369394403,0.0052880630768583625
GSE104948_H7,R-HSA-202733,CEACAM1,0.6369907000162986,0.6434415620939734,0.006450862077674757
GSE104948_H7,R-HSA-202733,CEACAM3,0.6369907000162986,0.6471479569648751,0.010157256948576499
GSE104948_H7,R-HSA-202733,CEACAM5,0.6369907000162986,0.6408439971136817,0.003853297097383024
GSE104948_H7,R-HSA-202733,CEACAM6,0.6369907000162986,0.6514596212477796,0.014468921231480913
GSE104948_H7,R-HSA-202733,CEACAM8,0.6369907000162986,0.6376574722287881,0.0006667722124894526
GSE104948_H7,R-HSA-202733,COL1A1,0.6369907000162986,0.6220325153601101,0.014958184656188589
GSE104948_H7,R-HSA-202733,COL1A2,0.6369907000162986,0.621595725909239,0.0153949741070597
GSE104948_H7,R-HSA-202733,CXADR,0.6369907000162986,0.6518316693762076,0.014840969359908973
GSE104948_H7,R-HSA-202733,DOK2,0.6369907000162986,0.6219361036549999,0.0150545963612988
GSE104948_H7,R-HSA-202733,EPCAM,0.6369907000162986,0.6402294182327732,0.00323871821647459
GSE104948_H7,R-HSA-202733,F11R,0.6369907000162986,0.6277949021125099,0.009195797903788772
GSE104948_H7,R-HSA-202733,F2,0.6369907000162986,0.6479875681598372,0.010996868143538507
GSE104948_H7,R-HSA-202733,FCER1G,0.6369907000162986,0.613021615453131,0.023969084563167598
GSE104948_H7,R-HSA-202733,FN1,0.6369907000162986,0.5989954883004415,0.03799521171585718
GSE104948_H7,R-HSA-202733,FYN,0.6369907000162986,0.6524955509680415,0.01550485095174281
GSE104948_H7,R-HSA-202733,GAS6,0.6369907000162986,0.6425594494136001,0.0055687493973014535
GSE104948_H7,R-HSA-202733,GLG1,0.6369907000162986,0.6451837152614909,0.008193015245192226
GSE104948_H7,R-HSA-202733,GP6,0.6369907000162986,0.6436996957011766,0.0067089956848779275
GSE104948_H7,R-HSA-202733,GPC1,0.6369907000162986,0.6290217308011311,0.007968969215167543
GSE104948_H7,R-HSA-202733,GRB14,0.6369907000162986,0.6360423677124861,0.0009483323038125269
GSE104948_H7,R-HSA-202733,GRB2,0.6369907000162986,0.628265109499096,0.008725590517202675
GSE104948_H7,R-HSA-202733,GRB7,0.6369907000162986,0.6372127577685217,0.00022205775222305935
GSE104948_H7,R-HSA-202733,GYPA,0.6369907000162986,0.6520810995606258,0.015090399544327115
GSE104948_H7,R-HSA-202733,GYPB,0.6369907000162986,0.6459952370889337,0.009004537072635044
GSE104948_H7,R-HSA-202733,GYPC,0.6369907000162986,0.6282139360137078,0.008776764002590864
GSE104948_H7,R-HSA-202733,HRAS,0.6369907000162986,0.6380155736376908,0.0010248736213921417
GSE104948_H7,R-HSA-202733,IGHM,0.6369907000162986,0.6355486541182771,0.001442045898021549
GSE104948_H7,R-HSA-202733,IGHV1-2,0.6369907000162986,0.637135063726137,0.00014436370983839097
GSE104948_H7,R-HSA-202733,IGHV1-46,0.6369907000162986,0.6426366563958047,0.005645956379506045
GSE104948_H7,R-HSA-202733,IGHV3-23,0.6369907000162986,0.6341201822300374,0.0028705177862612397
GSE104948_H7,R-HSA-202733,IGHV3-7,0.6369907000162986,0.6329315373130605,0.0040591627032381394
GSE104948_H7,R-HSA-202733,IGHV4-34,0.6369907000162986,0.6463616532108256,0.009370953194526965
GSE104948_H7,R-HSA-202733,IGKC,0.6369907000162986,0.6348279707698989,0.0021627292463997083
GSE104948_H7,R-HSA-202733,IGKV4-1,0.6369907000162986,0.6365867346479026,0.000403965368396042
GSE104948_H7,R-HSA-202733,IGLL1,0.6369907000162986,0.6421281000287635,0.005137400012464877
GSE104948_H7,R-HSA-202733,IGLV1-40,0.6369907000162986,0.6348767207942188,0.002113979222079898
GSE104948_H7,R-HSA-202733,IGLV2-14,0.6369907000162986,0.6404638920614161,0.0034731920451174236
GSE104948_H7,R-HSA-202733,IGLV3-19,0.6369907000162986,0.6388801783918086,0.001889478375509901
GSE104948_H7,R-HSA-202733,IGLV3-25,0.6369907000162986,0.6377972675932977,0.0008065675769990399
GSE104948_H7,R-HSA-202733,IGLV4-60,0.6369907000162986,0.6455425221766394,0.008551822160340783
GSE104948_H7,R-HSA-202733,IGLV5-45,0.6369907000162986,0.6365405477223532,0.000450152293945405
GSE104948_H7,R-HSA-202733,IGLV6-57,0.6369907000162986,0.6349462634940672,0.0020444365222314076
GSE104948_H7,R-HSA-202733,INPP5D,0.6369907000162986,0.6191060157046765,0.017884684311622157
GSE104948_H7,R-HSA-202733,ITGA3,0.6369907000162986,0.6398777309507323,0.002887030934433654
GSE104948_H7,R-HSA-202733,ITGA4,0.6369907000162986,0.6249582140157829,0.012032486000515763
GSE104948_H7,R-HSA-202733,ITGA5,0.6369907000162986,0.6272560284025867,0.009734671613711998
GSE104948_H7,R-HSA-202733,ITGA6,0.6369907000162986,0.6476381121458844,0.010647412129585754
GSE104948_H7,R-HSA-202733,ITGAL,0.6369907000162986,0.6231239235937417,0.013866776422556959
GSE104948_H7,R-HSA-202733,ITGAM,0.6369907000162986,0.6283446934648155,0.008646006551483176
GSE104948_H7,R-HSA-202733,ITGAV,0.6369907000162986,0.6419806099822656,0.004989909965966932
GSE104948_H7,R-HSA-202733,ITGAX,0.6369907000162986,0.6295053672952824,0.007485332721016258
GSE104948_H7,R-HSA-202733,ITGB2,0.6369907000162986,0.6154045021310534,0.021586197885245295
GSE104948_H7,R-HSA-202733,ITGB3,0.6369907000162986,0.6348095342012496,0.002181165815049013
GSE104948_H7,R-HSA-202733,JAM2,0.6369907000162986,0.63752258136404,0.0005318813477414031
GSE104948_H7,R-HSA-202733,JAM3,0.6369907000162986,0.6463427645746497,0.009352064558351025
GSE104948_H7,R-HSA-202733,JCHAIN,0.6369907000162986,0.6326465575638193,0.004344142452479383
GSE104948_H7,R-HSA-202733,KRAS,0.6369907000162986,0.6448317164413916,0.00784101642509294
GSE104948_H7,R-HSA-202733,L1CAM,0.6369907000162986,0.6334317981280086,0.0035589018882900003
GSE104948_H7,R-HSA-202733,LCK,0.6369907000162986,0.6229037594978937,0.014086940518404978
GSE104948_H7,R-HSA-202733,LYN,0.6369907000162986,0.6259938369862739,0.010996863030024784
GSE104948_H7,R-HSA-202733,MAG,0.6369907000162986,0.6402008421567769,0.0032101421404782116
GSE104948_H7,R-HSA-202733,MERTK,0.6369907000162986,0.6348131384466448,0.002177561569653874
GSE104948_H7,R-HSA-202733,MIF,0.6369907000162986,0.6368042824945929,0.00018641752170578396
GSE104948_H7,R-HSA-202733,MMP1,0.6369907000162986,0.6331270974222075,0.003863602594091131
GSE104948_H7,R-HSA-202733,NRAS,0.6369907000162986,0.6144845651113,0.022506134904998643
GSE104948_H7,R-HSA-202733,OLR1,0.6369907000162986,0.6360972370277826,0.0008934629885160028
GSE104948_H7,R-HSA-202733,PECAM1,0.6369907000162986,0.631745217764767,0.005245482251531652
GSE104948_H7,R-HSA-202733,PF4,0.6369907000162986,0.6387461173765459,0.0017554173602472023
GSE104948_H7,R-HSA-202733,PF4V1,0.6369907000162986,0.6367584399854469,0.00023226003085174973
GSE104948_H7,R-HSA-202733,PICK1,0.6369907000162986,0.6415877731729759,0.004597073156677234
GSE104948_H7,R-HSA-202733,PIK3CA,0.6369907000162986,0.6408962831239391,0.0039055831076404424
GSE104948_H7,R-HSA-202733,PIK3CB,0.6369907000162986,0.6416133734796863,0.004622673463387628
GSE104948_H7,R-HSA-202733,PIK3R1,0.6369907000162986,0.6473696602565915,0.010378960240292834
GSE104948_H7,R-HSA-202733,PIK3R2,0.6369907000162986,0.645630736381079,0.00864003636478039
GSE104948_H7,R-HSA-202733,PLCG1,0.6369907000162986,0.6358327601317191,0.001157939884579573
GSE104948_H7,R-HSA-202733,PPIL2,0.6369907000162986,0.6411240186223371,0.004133318606038494
GSE104948_H7,R-HSA-202733,PROC,0.6369907000162986,0.6431449083371299,0.006154208320831245
GSE104948_H7,R-HSA-202733,PROCR,0.6369907000162986,0.6265815772634296,0.010409122752869093
GSE104948_H7,R-HSA-202733,PROS1,0.6369907000162986,0.6291930582175855,0.0077976417987131175
GSE104948_H7,R-HSA-202733,PSG1,0.6369907000162986,0.6480873108553727,0.011096610839074095
GSE104948_H7,R-HSA-202733,PSG11,0.6369907000162986,0.6520251206731014,0.015034420656802716
GSE104948_H7,R-HSA-202733,PSG2,0.6369907000162986,0.6499018673816555,0.012911167365356802
GSE104948_H7,R-HSA-202733,PSG3,0.6369907000162986,0.6491219472904843,0.012131247274185686
GSE104948_H7,R-HSA-202733,PSG4,0.6369907000162986,0.650443493059443,0.013452793043144395
GSE104948_H7,R-HSA-202733,PSG5,0.6369907000162986,0.6467305857383955,0.00973988572209683
GSE104948_H7,R-HSA-202733,PSG9,0.6369907000162986,0.6476488357263414,0.010658135710042704
GSE104948_H7,R-HSA-202733,PTPN11,0.6369907000162986,0.6460571219787484,0.009066421962449778
GSE104948_H7,R-HSA-202733,PTPN6,0.6369907000162986,0.6206943548207167,0.016296345195581985
GSE104948_H7,R-HSA-202733,SDC1,0.6369907000162986,0.6486700289573365,0.011679328941037848
GSE104948_H7,R-HSA-202733,SDC2,0.6369907000162986,0.6379450412395962,0.0009543412232975168
GSE104948_H7,R-HSA-202733,SDC3,0.6369907000162986,0.6398695141670397,0.0028788141507410936
GSE104948_H7,R-HSA-202733,SDC4,0.6369907000162986,0.6392339281975244,0.002243228181225798
GSE104948_H7,R-HSA-202733,SELE,0.6369907000162986,0.6288905981731219,0.008100101843176777
GSE104948_H7,R-HSA-202733,SELL,0.6369907000162986,0.6348497968755854,0.002140903140713246
GSE104948_H7,R-HSA-202733,SELP,0.6369907000162986,0.6397129341533699,0.002722234137071289
GSE104948_H7,R-HSA-202733,SELPLG,0.6369907000162986,0.6318348779217026,0.005155822094596085
GSE104948_H7,R-HSA-202733,SHC1,0.6369907000162986,0.6259453645117585,0.011045335504540121
GSE104948_H7,R-HSA-202733,SIRPA,0.6369907000162986,0.651845204706379,0.014854504690080317
GSE104948_H7,R-HSA-202733,SIRPG,0.6369907000162986,0.6366536131182392,0.0003370868980594466
GSE104948_H7,R-HSA-202733,SLC16A1,0.6369907000162986,0.6402745005120025,0.0032838004957038702
GSE104948_H7,R-HSA-202733,SLC16A3,0.6369907000162986,0.6293644057405638,0.007626294275734802
GSE104948_H7,R-HSA-202733,SLC16A8,0.6369907000162986,0.6487602423723539,0.011769542356055207
GSE104948_H7,R-HSA-202733,SLC3A2,0.6369907000162986,0.6449543717069998,0.007963671690701113
GSE104948_H7,R-HSA-202733,SLC7A10,0.6369907000162986,0.6546957876778018,0.01770508766150314
GSE104948_H7,R-HSA-202733,SLC7A11,0.6369907000162986,0.6310988627199933,0.00589183729630538
GSE104948_H7,R-HSA-202733,SLC7A5,0.6369907000162986,0.6405467905948901,0.0035560905785914088
GSE104948_H7,R-HSA-202733,SLC7A6,0.6369907000162986,0.6219244828499173,0.015066217166381346
GSE104948_H7,R-HSA-202733,SLC7A7,0.6369907000162986,0.6481891090578835,0.011198409041584867
GSE104948_H7,R-HSA-202733,SLC7A8,0.6369907000162986,0.6532095433930556,0.016218843376756942
GSE104948_H7,R-HSA-202733,SLC7A9,0.6369907000162986,0.6509369652451341,0.013946265228835464
GSE104948_H7,R-HSA-202733,SOS1,0.6369907000162986,0.6379330199848334,0.0009423199685347772
GSE104948_H7,R-HSA-202733,SPN,0.6369907000162986,0.636127690918044,0.0008630090982546523
GSE104948_H7,R-HSA-202733,SRC,0.6369907000162986,0.6466344101041379,0.009643710087839263
GSE104948_H7,R-HSA-202733,TEK,0.6369907000162986,0.6511641444546061,0.014173444438307481
GSE104948_H7,R-HSA-202733,TGFB1,0.6369907000162986,0.630193501049664,0.0067971989666346655
GSE104948_H7,R-HSA-202733,THBD,0.6369907000162986,0.6188779127666265,0.018112787249672135
GSE104948_H7,R-HSA-202733,TNFRSF10B,0.6369907000162986,0.6185601669172036,0.018430533099095037
GSE104948_H7,R-HSA-202733,TNFRSF10D,0.6369907000162986,0.6236317676037886,0.013358932412510072
GSE104948_H7,R-HSA-202733,TREM1,0.6369907000162986,0.6414675766705624,0.004476876654263773
GSE104948_H7,R-HSA-202733,TSPAN7,0.6369907000162986,0.6474909710835475,0.010500271067248823
GSE104948_H7,R-HSA-202733,VPREB1,0.6369907000162986,0.6419350475501853,0.004944347533886617
GSE104948_H7,R-HSA-202733,VPREB3,0.6369907000162986,0.6455811989796186,0.008590498963319981
GSE104948_H7,R-HSA-202733,YES1,0.6369907000162986,0.6562740868328272,0.019283386816528525
GSE104948_H7,R-HSA-380108,ACKR2,0.6266617161669467,0.6671133934179013,0.040451677250954665
GSE104948_H7,R-HSA-380108,ACKR3,0.6266617161669467,0.6366320956528028,0.009970379485856107
GSE104948_H7,R-HSA-380108,CCL1,0.6266617161669467,0.6754305594821368,0.04876884331519016
GSE104948_H7,R-HSA-380108,CCL11,0.6266617161669467,0.6185197430645311,0.0081419731024156
GSE104948_H7,R-HSA-380108,CCL13,0.6266617161669467,0.6101508526700644,0.016510863496882244
GSE104948_H7,R-HSA-380108,CCL16,0.6266617161669467,0.6539365081546328,0.02727479198768612
GSE104948_H7,R-HSA-380108,CCL17,0.6266617161669467,0.6494013105035349,0.02273959433658823
GSE104948_H7,R-HSA-380108,CCL19,0.6266617161669467,0.6133679519079293,0.013293764259017404
GSE104948_H7,R-HSA-380108,CCL2,0.6266617161669467,0.5838274828594379,0.042834233307508796
GSE104948_H7,R-HSA-380108,CCL20,0.6266617161669467,0.6065628817547615,0.020098834412185185
GSE104948_H7,R-HSA-380108,CCL21,0.6266617161669467,0.6158510870911645,0.010810629075782119
GSE104948_H7,R-HSA-380108,CCL22,0.6266617161669467,0.6551160263183013,0.02845431015135469
GSE104948_H7,R-HSA-380108,CCL25,0.6266617161669467,0.6571732092134829,0.03051149304653622
GSE104948_H7,R-HSA-380108,CCL27,0.6266617161669467,0.6456426378896011,0.01898092172265442
GSE104948_H7,R-HSA-380108,CCL4,0.6266617161669467,0.5965236979206624,0.03013801824628426
GSE104948_H7,R-HSA-380108,CCL5,0.6266617161669467,0.5732066873845741,0.053455028782372516
GSE104948_H7,R-HSA-380108,CCL7,0.6266617161669467,0.6558678638077268,0.02920614764078011
GSE104948_H7,R-HSA-380108,CCR1,0.6266617161669467,0.5692617325166696,0.0573999836502771
GSE104948_H7,R-HSA-380108,CCR10,0.6266617161669467,0.6137572390706295,0.012904477096317146
GSE104948_H7,R-HSA-380108,CCR2,0.6266617161669467,0.5961372524604563,0.030524463706490312
GSE104948_H7,R-HSA-380108,CCR3,0.6266617161669467,0.643488246358544,0.0168265301915973
GSE104948_H7,R-HSA-380108,CCR4,0.6266617161669467,0.673601475285519,0.04693975911857229
GSE104948_H7,R-HSA-380108,CCR5,0.6266617161669467,0.5939578858782967,0.03270383028864998
GSE104948_H7,R-HSA-380108,CCR6,0.6266617161669467,0.6181483182098566,0.008513397957090052
GSE104948_H7,R-HSA-380108,CCR7,0.6266617161669467,0.633178286179056,0.006516570012109368
GSE104948_H7,R-HSA-380108,CCR8,0.6266617161669467,0.6667289821862937,0.04006726601934707
GSE104948_H7,R-HSA-380108,CCR9,0.6266617161669467,0.6354983819398402,0.008836665772893548
GSE104948_H7,R-HSA-380108,CCRL2,0.6266617161669467,0.6078717400400668,0.018789976126879826
GSE104948_H7,R-HSA-380108,CX3CL1,0.6266617161669467,0.640840170127221,0.014178453960274395
GSE104948_H7,R-HSA-380108,CX3CR1,0.6266617161669467,0.5515321124902699,0.07512960367667676
GSE104948_H7,R-HSA-380108,CXCL1,0.6266617161669467,0.5771922818182748,0.049469434348671903
GSE104948_H7,R-HSA-380108,CXCL10,0.6266617161669467,0.6324469660119093,0.005785249844962648
GSE104948_H7,R-HSA-380108,CXCL11,0.6266617161669467,0.6390525993200874,0.012390883153140742
GSE104948_H7,R-HSA-380108,CXCL12,0.6266617161669467,0.6269162447175772,0.0002545285506305728
GSE104948_H7,R-HSA-380108,CXCL13,0.6266617161669467,0.6565204142436636,0.029858698076716927
GSE104948_H7,R-HSA-380108,CXCL2,0.6266617161669467,0.622790063040403,0.003871653126543695
GSE104948_H7,R-HSA-380108,CXCL3,0.6266617161669467,0.603107319833309,0.02355439633363765
GSE104948_H7,R-HSA-380108,CXCL5,0.6266617161669467,0.6195980583712256,0.007063657795721046
GSE104948_H7,R-HSA-380108,CXCL6,0.6266617161669467,0.5825284453170683,0.04413327084987839
GSE104948_H7,R-HSA-380108,CXCL8,0.6266617161669467,0.6227366533604693,0.0039250628064773085
GSE104948_H7,R-HSA-380108,CXCL9,0.6266617161669467,0.6346565426414886,0.007994826474541972
GSE104948_H7,R-HSA-380108,CXCR1,0.6266617161669467,0.6529981947362776,0.026336478569330968
GSE104948_H7,R-HSA-380108,CXCR2,0.6266617161669467,0.6417838186193489,0.015122102452402197
GSE104948_H7,R-HSA-380108,CXCR3,0.6266617161669467,0.6222589880243943,0.004402728142552381
GSE104948_H7,R-HSA-380108,CXCR4,0.6266617161669467,0.6257146010604133,0.0009471151065333361
GSE104948_H7,R-HSA-380108,CXCR5,0.6266617161669467,0.6598338420134922,0.0331721258465455
GSE104948_H7,R-HSA-380108,CXCR6,0.6266617161669467,0.6217499387978058,0.004911777369140835
GSE104948_H7,R-HSA-380108,PF4,0.6266617161669467,0.6314054134458569,0.004743697278910219
GSE104948_H7,R-HSA-380108,PPBP,0.6266617161669467,0.6305374745466708,0.0038757583797240924
GSE104948_H7,R-HSA-380108,XCL1,0.6266617161669467,0.6494900268028816,0.022828310635934934
GSE104948_H7,R-HSA-380108,XCR1,0.6266617161669467,0.648103825955702,0.02144210978875538
GSE104948_H7,R-HSA-1474244,A2M,0.7186258864135041,0.7154260055786877,0.003199880834816371
GSE104948_H7,R-HSA-1474244,ACAN,0.7186258864135041,0.722586708765258,0.003960822351753879
GSE104948_H7,R-HSA-1474244,ACTA1,0.7186258864135041,0.7216703384301547,0.0030444520166506006
GSE104948_H7,R-HSA-1474244,ACTA2,0.7186258864135041,0.7079607809390507,0.010665105474453429
GSE104948_H7,R-HSA-1474244,ACTB,0.7186258864135041,0.7195068732425082,0.0008809868290040601
GSE104948_H7,R-HSA-1474244,ACTC1,0.7186258864135041,0.7121038822160377,0.006522004197466402
GSE104948_H7,R-HSA-1474244,ACTG1,0.7186258864135041,0.7194737412566496,0.0008478548431455346
GSE104948_H7,R-HSA-1474244,ACTG2,0.7186258864135041,0.7210335323913304,0.002407645977826278
GSE104948_H7,R-HSA-1474244,ACTN1,0.7186258864135041,0.7090522872347987,0.009573599178705372
GSE104948_H7,R-HSA-1474244,ADAM10,0.7186258864135041,0.716162830651588,0.0024630557619160776
GSE104948_H7,R-HSA-1474244,ADAM12,0.7186258864135041,0.7078160070396796,0.010809879373824494
GSE104948_H7,R-HSA-1474244,ADAM15,0.7186258864135041,0.7187773309798958,0.0001514445663917119
GSE104948_H7,R-HSA-1474244,ADAM17,0.7186258864135041,0.7200015925219159,0.0013757061084117561
GSE104948_H7,R-HSA-1474244,ADAM19,0.7186258864135041,0.7188915585765909,0.0002656721630868164
GSE104948_H7,R-HSA-1474244,ADAM8,0.7186258864135041,0.7180409190199699,0.000584967393534197
GSE104948_H7,R-HSA-1474244,ADAM9,0.7186258864135041,0.7185835826825001,4.2303731004000866e-05
GSE104948_H7,R-HSA-1474244,ADAMTS1,0.7186258864135041,0.7089181184087368,0.009707768004767359
GSE104948_H7,R-HSA-1474244,ADAMTS2,0.7186258864135041,0.7152256276213658,0.0034002587921383443
GSE104948_H7,R-HSA-1474244,ADAMTS3,0.7186258864135041,0.7176088328393491,0.0010170535741550468
GSE104948_H7,R-HSA-1474244,ADAMTS5,0.7186258864135041,0.7177229803967645,0.0009029060167395908
GSE104948_H7,R-HSA-1474244,ADAMTS8,0.7186258864135041,0.7204499201693338,0.0018240337558297348
GSE104948_H7,R-HSA-1474244,AGRN,0.7186258864135041,0.7224745799536103,0.003848693540106196
GSE104948_H7,R-HSA-1474244,APP,0.7186258864135041,0.7209573106264067,0.0023314242129025553
GSE104948_H7,R-HSA-1474244,ASPN,0.7186258864135041,0.7126635603708232,0.005962326042680877
GSE104948_H7,R-HSA-1474244,BCAN,0.7186258864135041,0.7247012987480774,0.006075412334573316
GSE104948_H7,R-HSA-1474244,BGN,0.7186258864135041,0.7124466640329163,0.006179222380587768
GSE104948_H7,R-HSA-1474244,BMP1,0.7186258864135041,0.7168187483501995,0.0018071380633045697
GSE104948_H7,R-HSA-1474244,BMP10,0.7186258864135041,0.7233189391205939,0.004693052707089751
GSE104948_H7,R-HSA-1474244,BMP2,0.7186258864135041,0.7159600711517982,0.0026658152617059505
GSE104948_H7,R-HSA-1474244,BMP4,0.7186258864135041,0.7179382837330763,0.0006876026804277791
GSE104948_H7,R-HSA-1474244,BMP7,0.7186258864135041,0.7282547087996962,0.009628822386192115
GSE104948_H7,R-HSA-1474244,BSG,0.7186258864135041,0.7166544187494626,0.0019714676640415485
GSE104948_H7,R-HSA-1474244,CAPN1,0.7186258864135041,0.7168420158035181,0.0017838706099859714
GSE104948_H7,R-HSA-1474244,CAPN10,0.7186258864135041,0.7227912148024108,0.004165328388906708
GSE104948_H7,R-HSA-1474244,CAPN11,0.7186258864135041,0.7241293541911105,0.005503467777606352
GSE104948_H7,R-HSA-1474244,CAPN15,0.7186258864135041,0.7203688755210359,0.0017429891075317894
GSE104948_H7,R-HSA-1474244,CAPN2,0.7186258864135041,0.7215076590205636,0.002881772607059463
GSE104948_H7,R-HSA-1474244,CAPN3,0.7186258864135041,0.7245515208166079,0.0059256344031037855
GSE104948_H7,R-HSA-1474244,CAPN5,0.7186258864135041,0.7199943127926848,0.001368426379180665
GSE104948_H7,R-HSA-1474244,CAPN6,0.7186258864135041,0.7122338805471963,0.006392005866307837
GSE104948_H7,R-HSA-1474244,CAPN7,0.7186258864135041,0.7226675565632691,0.004041670149764975
GSE104948_H7,R-HSA-1474244,CAPN9,0.7186258864135041,0.7270128477363289,0.008386961322824793
GSE104948_H7,R-HSA-1474244,CAPNS1,0.7186258864135041,0.7170459643629957,0.0015799220505083866
GSE104948_H7,R-HSA-1474244,CASK,0.7186258864135041,0.7185133283568014,0.00011255805670273844
GSE104948_H7,R-HSA-1474244,CASP3,0.7186258864135041,0.7104036912679024,0.00822219514560174
GSE104948_H7,R-HSA-1474244,CAST,0.7186258864135041,0.7211168952913178,0.0024910088778137274
GSE104948_H7,R-HSA-1474244,CD151,0.7186258864135041,0.7173153063650538,0.001310580048450305
GSE104948_H7,R-HSA-1474244,CD44,0.7186258864135041,0.7074213494843716,0.01120453692913248
GSE104948_H7,R-HSA-1474244,CD47,0.7186258864135041,0.7217621286229459,0.003136242209441753
GSE104948_H7,R-HSA-1474244,CDH1,0.7186258864135041,0.7198110440926765,0.0011851576791723772
GSE104948_H7,R-HSA-1474244,CEACAM1,0.7186258864135041,0.7221785987409212,0.0035527123274170513
GSE104948_H7,R-HSA-1474244,CEACAM6,0.7186258864135041,0.7262307361627371,0.007604849749233034
GSE104948_H7,R-HSA-1474244,CEACAM8,0.7186258864135041,0.7192554565509888,0.0006295701374846585
GSE104948_H7,R-HSA-1474244,CMA1,0.7186258864135041,0.7192484689577612,0.0006225825442570665
GSE104948_H7,R-HSA-1474244,COL10A1,0.7186258864135041,0.7157446676523571,0.0028812187611469975
GSE104948_H7,R-HSA-1474244,COL11A1,0.7186258864135041,0.7139806111339123,0.004645275279591798
GSE104948_H7,R-HSA-1474244,COL11A2,0.7186258864135041,0.7250738040328769,0.0064479176193728005
GSE104948_H7,R-HSA-1474244,COL13A1,0.7186258864135041,0.7157294627778216,0.0028964236356825435
GSE104948_H7,R-HSA-1474244,COL14A1,0.7186258864135041,0.7164078047898119,0.002218081623692192
GSE104948_H7,R-HSA-1474244,COL15A1,0.7186258864135041,0.7086501115100108,0.009975774903493329
GSE104948_H7,R-HSA-1474244,COL16A1,0.7186258864135041,0.7121567676184364,0.00646911879506773
GSE104948_H7,R-HSA-1474244,COL17A1,0.7186258864135041,0.7247406650915474,0.006114778678043331
GSE104948_H7,R-HSA-1474244,COL18A1,0.7186258864135041,0.7178855568584479,0.0007403295550562072
GSE104948_H7,R-HSA-1474244,COL19A1,0.7186258864135041,0.7224567380112081,0.0038308515977040214
GSE104948_H7,R-HSA-1474244,COL1A1,0.7186258864135041,0.7113589729721944,0.007266913441309697
GSE104948_H7,R-HSA-1474244,COL1A2,0.7186258864135041,0.711138229916378,0.007487656497126127
GSE104948_H7,R-HSA-1474244,COL21A1,0.7186258864135041,0.7125278619783998,0.006098024435104321
GSE104948_H7,R-HSA-1474244,COL2A1,0.7186258864135041,0.7239000525445047,0.005274166131000624
GSE104948_H7,R-HSA-1474244,COL3A1,0.7186258864135041,0.7142554843103297,0.004370402103174409
GSE104948_H7,R-HSA-1474244,COL4A1,0.7186258864135041,0.7143394392823699,0.004286447131134241
GSE104948_H7,R-HSA-1474244,COL4A2,0.7186258864135041,0.7140572610164405,0.004568625397063597
GSE104948_H7,R-HSA-1474244,COL4A3,0.7186258864135041,0.7231218257923984,0.004495939378894254
GSE104948_H7,R-HSA-1474244,COL4A4,0.7186258864135041,0.7198017350395224,0.0011758486260182721
GSE104948_H7,R-HSA-1474244,COL4A5,0.7186258864135041,0.7252093958917114,0.0065835094782072945
GSE104948_H7,R-HSA-1474244,COL4A6,0.7186258864135041,0.7223268421986162,0.0037009557851120922
GSE104948_H7,R-HSA-1474244,COL5A1,0.7186258864135041,0.7123113427828703,0.006314543630633773
GSE104948_H7,R-HSA-1474244,COL5A2,0.7186258864135041,0.7090495368584938,0.0095763495550103
GSE104948_H7,R-HSA-1474244,COL5A3,0.7186258864135041,0.7201148344321916,0.001488948018687486
GSE104948_H7,R-HSA-1474244,COL6A1,0.7186258864135041,0.7162753309660304,0.0023505554474737567
GSE104948_H7,R-HSA-1474244,COL6A2,0.7186258864135041,0.71317178237692,0.005454104036584084
GSE104948_H7,R-HSA-1474244,COL6A3,0.7186258864135041,0.7133768160478975,0.005249070365606623
GSE104948_H7,R-HSA-1474244,COL7A1,0.7186258864135041,0.7142177487607068,0.00440813765279735
GSE104948_H7,R-HSA-1474244,COL8A2,0.7186258864135041,0.7138155813967682,0.004810305016735961
GSE104948_H7,R-HSA-1474244,COL9A1,0.7186258864135041,0.7231479325997744,0.004522046186270279
GSE104948_H7,R-HSA-1474244,COL9A2,0.7186258864135041,0.7191215216429906,0.0004956352294864796
GSE104948_H7,R-HSA-1474244,COL9A3,0.7186258864135041,0.7212396000956975,0.0026137136821934304
GSE104948_H7,R-HSA-1474244,COLGALT1,0.7186258864135041,0.709065228958556,0.009560657454948163
GSE104948_H7,R-HSA-1474244,COLGALT2,0.7186258864135041,0.7158072202692122,0.002818666144291937
GSE104948_H7,R-HSA-1474244,COMP,0.7186258864135041,0.7115913729705542,0.007034513442949919
GSE104948_H7,R-HSA-1474244,CRTAP,0.7186258864135041,0.7154004088787299,0.0032254775347742015
GSE104948_H7,R-HSA-1474244,CTRB2,0.7186258864135041,0.7239055761854293,0.005279689771925167
GSE104948_H7,R-HSA-1474244,CTSB,0.7186258864135041,0.7197648320021184,0.0011389455886142708
GSE104948_H7,R-HSA-1474244,CTSD,0.7186258864135041,0.7197985979132503,0.0011727114997461818
GSE104948_H7,R-HSA-1474244,CTSG,0.7186258864135041,0.7197183933472131,0.001092506933708992
GSE104948_H7,R-HSA-1474244,CTSK,0.7186258864135041,0.7104940175523172,0.008131868861186886
GSE104948_H7,R-HSA-1474244,CTSL,0.7186258864135041,0.7196822661247952,0.0010563797112911333
GSE104948_H7,R-HSA-1474244,CTSS,0.7186258864135041,0.7081953078700781,0.010430578543425995
GSE104948_H7,R-HSA-1474244,CTSV,0.7186258864135041,0.730941843574031,0.012315957160526914
GSE104948_H7,R-HSA-1474244,DAG1,0.7186258864135041,0.7215847605935466,0.002958874180042481
GSE104948_H7,R-HSA-1474244,DCN,0.7186258864135041,0.7244996275730557,0.0058737411595516376
GSE104948_H7,R-HSA-1474244,DDR1,0.7186258864135041,0.7172530737043724,0.0013728127091316988
GSE104948_H7,R-HSA-1474244,DDR2,0.7186258864135041,0.7173058187775241,0.0013200676359800267
GSE104948_H7,R-HSA-1474244,DMD,0.7186258864135041,0.7254603099586638,0.006834423545159729
GSE104948_H7,R-HSA-1474244,DMP1,0.7186258864135041,0.7235799678176044,0.004954081404100252
GSE104948_H7,R-HSA-1474244,DRP2,0.7186258864135041,0.7234611965905787,0.004835310177074614
GSE104948_H7,R-HSA-1474244,DSPP,0.7186258864135041,0.7234830813448654,0.004857194931361275
GSE104948_H7,R-HSA-1474244,DST,0.7186258864135041,0.7234555673524113,0.004829680938907233
GSE104948_H7,R-HSA-1474244,DTNA,0.7186258864135041,0.7249449703350646,0.006319083921560442
GSE104948_H7,R-HSA-1474244,DTNB,0.7186258864135041,0.7228115194026457,0.004185632989141541
GSE104948_H7,R-HSA-1474244,EFEMP1,0.7186258864135041,0.7225822435483136,0.003956357134809463
GSE104948_H7,R-HSA-1474244,EFEMP2,0.7186258864135041,0.7164784622038639,0.002147424209640203
GSE104948_H7,R-HSA-1474244,ELANE,0.7186258864135041,0.7230315886721338,0.0044057022586296846
GSE104948_H7,R-HSA-1474244,ELN,0.7186258864135041,0.7143550738561485,0.004270812557355619
GSE104948_H7,R-HSA-1474244,EMILIN1,0.7186258864135041,0.7141631462102738,0.004462740203230342
GSE104948_H7,R-HSA-1474244,F11R,0.7186258864135041,0.7142711469223321,0.004354739491172044
GSE104948_H7,R-HSA-1474244,FBLN1,0.7186258864135041,0.7173266874752894,0.0012991989382147295
GSE104948_H7,R-HSA-1474244,FBLN2,0.7186258864135041,0.7152918700821824,0.0033340163313216875
GSE104948_H7,R-HSA-1474244,FBLN5,0.7186258864135041,0.7178737203466086,0.0007521660668955432
GSE104948_H7,R-HSA-1474244,FBN1,0.7186258864135041,0.7107421191905947,0.007883767222909399
GSE104948_H7,R-HSA-1474244,FBN2,0.7186258864135041,0.7112941581489404,0.007331728264563742
GSE104948_H7,R-HSA-1474244,FGA,0.7186258864135041,0.7228900184994334,0.00426413208592924
GSE104948_H7,R-HSA-1474244,FGB,0.7186258864135041,0.7197162033414316,0.0010903169279274927
GSE104948_H7,R-HSA-1474244,FGF2,0.7186258864135041,0.7158751441325323,0.0027507422809718296
GSE104948_H7,R-HSA-1474244,FGG,0.7186258864135041,0.7179433325757789,0.0006825538377251972
GSE104948_H7,R-HSA-1474244,FMOD,0.7186258864135041,0.7122110082722768,0.00641487814122732
GSE104948_H7,R-HSA-1474244,FN1,0.7186258864135041,0.6997166044581684,0.0189092819553357
GSE104948_H7,R-HSA-1474244,FURIN,0.7186258864135041,0.7229142490979864,0.004288362684482294
GSE104948_H7,R-HSA-1474244,GDF5,0.7186258864135041,0.7245589963148887,0.005933109901384626
GSE104948_H7,R-HSA-1474244,HAPLN1,0.7186258864135041,0.7238157116311901,0.005189825217685962
GSE104948_H7,R-HSA-1474244,HSPG2,0.7186258864135041,0.7109038699368019,0.0077220164767022315
GSE104948_H7,R-HSA-1474244,HTRA1,0.7186258864135041,0.7242371514378365,0.005611265024332401
GSE104948_H7,R-HSA-1474244,IBSP,0.7186258864135041,0.7227347541057637,0.004108867692259599
GSE104948_H7,R-HSA-1474244,ICAM1,0.7186258864135041,0.7164011358117889,0.0022247506017152308
GSE104948_H7,R-HSA-1474244,ICAM2,0.7186258864135041,0.716434823398232,0.0021910630152721655
GSE104948_H7,R-HSA-1474244,ICAM3,0.7186258864135041,0.7183292215631899,0.00029666485031420997
GSE104948_H7,R-HSA-1474244,ICAM4,0.7186258864135041,0.7192733834086659,0.000647496995161756
GSE104948_H7,R-HSA-1474244,ICAM5,0.7186258864135041,0.7230156871766011,0.004389800763097029
GSE104948_H7,R-HSA-1474244,ITGA10,0.7186258864135041,0.7175024400869501,0.001123446326554034
GSE104948_H7,R-HSA-1474244,ITGA2,0.7186258864135041,0.7191868548601469,0.0005609684466427733
GSE104948_H7,R-HSA-1474244,ITGA2B,0.7186258864135041,0.7201859479668066,0.0015600615533024609
GSE104948_H7,R-HSA-1474244,ITGA3,0.7186258864135041,0.7203775227868101,0.001751636373305998
GSE104948_H7,R-HSA-1474244,ITGA4,0.7186258864135041,0.7128375518626958,0.005788334550808294
GSE104948_H7,R-HSA-1474244,ITGA5,0.7186258864135041,0.713998812896887,0.004627073516617064
GSE104948_H7,R-HSA-1474244,ITGA6,0.7186258864135041,0.72429943586393,0.005673549450425863
GSE104948_H7,R-HSA-1474244,ITGA7,0.7186258864135041,0.7137468196228693,0.004879066790634767
GSE104948_H7,R-HSA-1474244,ITGA8,0.7186258864135041,0.7215553575113859,0.002929471097881775
GSE104948_H7,R-HSA-1474244,ITGA9,0.7186258864135041,0.72145270101039,0.0028268145968859404
GSE104948_H7,R-HSA-1474244,ITGAE,0.7186258864135041,0.7148939248670647,0.0037319615464393996
GSE104948_H7,R-HSA-1474244,ITGAL,0.7186258864135041,0.7119105448752127,0.006715341538291453
GSE104948_H7,R-HSA-1474244,ITGAM,0.7186258864135041,0.7145489984659704,0.004076887947533692
GSE104948_H7,R-HSA-1474244,ITGAV,0.7186258864135041,0.7214402681038217,0.002814381690317558
GSE104948_H7,R-HSA-1474244,ITGAX,0.7186258864135041,0.715135575563088,0.0034903108504160674
GSE104948_H7,R-HSA-1474244,ITGB2,0.7186258864135041,0.7080093318779401,0.010616554535563982
GSE104948_H7,R-HSA-1474244,ITGB3,0.7186258864135041,0.717816176042448,0.0008097103710561493
GSE104948_H7,R-HSA-1474244,ITGB4,0.7186258864135041,0.7192206137108034,0.0005947272972992579
GSE104948_H7,R-HSA-1474244,ITGB5,0.7186258864135041,0.7223839156723368,0.003758029258832729
GSE104948_H7,R-HSA-1474244,ITGB6,0.7186258864135041,0.7153124655579343,0.0033134208555698486
GSE104948_H7,R-HSA-1474244,ITGB7,0.7186258864135041,0.7172991998846288,0.0013266865288753538
GSE104948_H7,R-HSA-1474244,ITGB8,0.7186258864135041,0.7210461133551846,0.0024202269416805366
GSE104948_H7,R-HSA-1474244,JAM2,0.7186258864135041,0.7191872858989119,0.0005613994854077875
GSE104948_H7,R-HSA-1474244,JAM3,0.7186258864135041,0.7236447978440586,0.00501891143055444
GSE104948_H7,R-HSA-1474244,KDR,0.7186258864135041,0.7216950340372754,0.0030691476237713067
GSE104948_H7,R-HSA-1474244,KLK2,0.7186258864135041,0.7264860067666776,0.007860120353173516
GSE104948_H7,R-HSA-1474244,KLK7,0.7186258864135041,0.7247878069910098,0.006161920577505642
GSE104948_H7,R-HSA-1474244,KLKB1,0.7186258864135041,0.7212790939306422,0.0026532075171380454
GSE104948_H7,R-HSA-1474244,LAMA2,0.7186258864135041,0.7146597650048397,0.003966121408664369
GSE104948_H7,R-HSA-1474244,LAMA3,0.7186258864135041,0.725339606924232,0.0067137205107279385
GSE104948_H7,R-HSA-1474244,LAMA4,0.7186258864135041,0.7139828995471651,0.004642986866339016
GSE104948_H7,R-HSA-1474244,LAMA5,0.7186258864135041,0.720804264497852,0.002178378084347843
GSE104948_H7,R-HSA-1474244,LAMB1,0.7186258864135041,0.7172932214595151,0.0013326649539889823
GSE104948_H7,R-HSA-1474244,LAMB2,0.7186258864135041,0.719192065405434,0.0005661789919298998
GSE104948_H7,R-HSA-1474244,LAMB3,0.7186258864135041,0.7160884036212297,0.0025374827922743926
GSE104948_H7,R-HSA-1474244,LAMC1,0.7186258864135041,0.7072545699453306,0.011371316468173465
GSE104948_H7,R-HSA-1474244,LAMC2,0.7186258864135041,0.7140449249621944,0.004580961451309706
GSE104948_H7,R-HSA-1474244,LAMC3,0.7186258864135041,0.7139863831636629,0.0046395032498411926
GSE104948_H7,R-HSA-1474244,LOX,0.7186258864135041,0.7275900147852955,0.008964128371791391
GSE104948_H7,R-HSA-1474244,LOXL1,0.7186258864135041,0.7173484698305731,0.0012774165829310125
GSE104948_H7,R-HSA-1474244,LOXL2,0.7186258864135041,0.7122265843308985,0.00639930208260564
GSE104948_H7,R-HSA-1474244,LRP4,0.7186258864135041,0.7195570817608643,0.0009311953473601919
GSE104948_H7,R-HSA-1474244,LTBP1,0.7186258864135041,0.714417054659782,0.004208831753722109
GSE104948_H7,R-HSA-1474244,LTBP2,0.7186258864135041,0.7176853603408181,0.000940526072686021
GSE104948_H7,R-HSA-1474244,LTBP3,0.7186258864135041,0.7177460631239876,0.0008798232895165237
GSE104948_H7,R-HSA-1474244,LTBP4,0.7186258864135041,0.7197745538494624,0.001148667435958317
GSE104948_H7,R-HSA-1474244,LUM,0.7186258864135041,0.716581616122611,0.0020442702908931576
GSE104948_H7,R-HSA-1474244,MADCAM1,0.7186258864135041,0.7241855467427653,0.00555966032926114
GSE104948_H7,R-HSA-1474244,MATN1,0.7186258864135041,0.7249907362713323,0.006364849857828148
GSE104948_H7,R-HSA-1474244,MATN3,0.7186258864135041,0.7218721565002206,0.0032462700867165184
GSE104948_H7,R-HSA-1474244,MATN4,0.7186258864135041,0.7181543110568839,0.0004715753566202352
GSE104948_H7,R-HSA-1474244,MFAP2,0.7186258864135041,0.7154451234661184,0.0031807629473856736
GSE104948_H7,R-HSA-1474244,MFAP3,0.7186258864135041,0.717657803075873,0.0009680833376310982
GSE104948_H7,R-HSA-1474244,MFAP4,0.7186258864135041,0.7169811698276707,0.0016447165858334278
GSE104948_H7,R-HSA-1474244,MFAP5,0.7186258864135041,0.7202143130498809,0.0015884266363768162
GSE104948_H7,R-HSA-1474244,MMP1,0.7186258864135041,0.7169659122938997,0.0016599741196043905
GSE104948_H7,R-HSA-1474244,MMP10,0.7186258864135041,0.7191269367788599,0.0005010503653557485
GSE104948_H7,R-HSA-1474244,MMP11,0.7186258864135041,0.7153462968304221,0.0032795895830820543
GSE104948_H7,R-HSA-1474244,MMP12,0.7186258864135041,0.7226387562022021,0.00401286978869797
GSE104948_H7,R-HSA-1474244,MMP13,0.7186258864135041,0.7211254104403143,0.002499524026810196
GSE104948_H7,R-HSA-1474244,MMP14,0.7186258864135041,0.7235728489639551,0.004946962550451017
GSE104948_H7,R-HSA-1474244,MMP15,0.7186258864135041,0.7190706679130441,0.00044478149953997015
GSE104948_H7,R-HSA-1474244,MMP16,0.7186258864135041,0.7252717122773109,0.006645825863806798
GSE104948_H7,R-HSA-1474244,MMP17,0.7186258864135041,0.7229900891230464,0.0043642027095422975
GSE104948_H7,R-HSA-1474244,MMP19,0.7186258864135041,0.7197656517002353,0.0011397652867312091
GSE104948_H7,R-HSA-1474244,MMP2,0.7186258864135041,0.7109090914348983,0.007716794978605779
GSE104948_H7,R-HSA-1474244,MMP20,0.7186258864135041,0.7218818491067962,0.0032559626932920915
GSE104948_H7,R-HSA-1474244,MMP24,0.7186258864135041,0.7229151100586197,0.004289223645115636
GSE104948_H7,R-HSA-1474244,MMP25,0.7186258864135041,0.7221163103289456,0.0034904239154415206
GSE104948_H7,R-HSA-1474244,MMP3,0.7186258864135041,0.7178775434574303,0.0007483429560738442
GSE104948_H7,R-HSA-1474244,MMP7,0.7186258864135041,0.7167962974535416,0.001829588959962547
GSE104948_H7,R-HSA-1474244,MMP8,0.7186258864135041,0.7203833419168195,0.0017574555033154082
GSE104948_H7,R-HSA-1474244,MMP9,0.7186258864135041,0.7221007846449647,0.0034748982314606325
GSE104948_H7,R-HSA-1474244,MUSK,0.7186258864135041,0.7252017766597029,0.006575890246198757
GSE104948_H7,R-HSA-1474244,NCAM1,0.7186258864135041,0.7197604444476661,0.0011345580341619588
GSE104948_H7,R-HSA-1474244,NCAN,0.7186258864135041,0.7243486079065886,0.005722721493084504
GSE104948_H7,R-HSA-1474244,NCSTN,0.7186258864135041,0.7200288635323977,0.0014029771188935891
GSE104948_H7,R-HSA-1474244,NID1,0.7186258864135041,0.7185686270301161,5.725938338796421e-05
GSE104948_H7,R-HSA-1474244,NID2,0.7186258864135041,0.7160489970231468,0.002576889390357273
GSE104948_H7,R-HSA-1474244,NRXN1,0.7186258864135041,0.7240211640775741,0.005395277664069997
GSE104948_H7,R-HSA-1474244,P3H1,0.7186258864135041,0.7141909994603058,0.004434886953198269
GSE104948_H7,R-HSA-1474244,P3H2,0.7186258864135041,0.7236502010527013,0.005024314639197169
GSE104948_H7,R-HSA-1474244,P3H3,0.7186258864135041,0.7145809885969417,0.004044897816562365
GSE104948_H7,R-HSA-1474244,P4HA1,0.7186258864135041,0.7230519753722423,0.004426088958738195
GSE104948_H7,R-HSA-1474244,P4HA2,0.7186258864135041,0.7217135935557242,0.003087707142220064
GSE104948_H7,R-HSA-1474244,P4HB,0.7186258864135041,0.7167919410676992,0.0018339453458049437
GSE104948_H7,R-HSA-1474244,PCOLCE,0.7186258864135041,0.7129144034241348,0.005711482989369299
GSE104948_H7,R-HSA-1474244,PCOLCE2,0.7186258864135041,0.7250440445164592,0.006418158102955096
GSE104948_H7,R-HSA-1474244,PDGFA,0.7186258864135041,0.7206326151653298,0.002006728751825726
GSE104948_H7,R-HSA-1474244,PDGFB,0.7186258864135041,0.7145706010719619,0.004055285341542203
GSE104948_H7,R-HSA-1474244,PECAM1,0.7186258864135041,0.7162675430046556,0.002358343408848551
GSE104948_H7,R-HSA-1474244,PLEC,0.7186258864135041,0.7230442314694674,0.00441834505596328
GSE104948_H7,R-HSA-1474244,PLG,0.7186258864135041,0.7271372232452803,0.008511336831776184
GSE104948_H7,R-HSA-1474244,PLOD1,0.7186258864135041,0.717183302110499,0.0014425843030051455
GSE104948_H7,R-HSA-1474244,PLOD2,0.7186258864135041,0.718515125671217,0.0001107607422871082
GSE104948_H7,R-HSA-1474244,PLOD3,0.7186258864135041,0.7166974746643642,0.0019284117491399355
GSE104948_H7,R-HSA-1474244,PPIB,0.7186258864135041,0.714378310675505,0.004247575737999165
GSE104948_H7,R-HSA-1474244,PRKCA,0.7186258864135041,0.7283473996232323,0.009721513209728139
GSE104948_H7,R-HSA-1474244,PRSS1,0.7186258864135041,0.7232828407661571,0.004656954352653009
GSE104948_H7,R-HSA-1474244,PSEN1,0.7186258864135041,0.7192087868450708,0.0005829004315667241
GSE104948_H7,R-HSA-1474244,PTPRS,0.7186258864135041,0.7195013156920692,0.0008754292785650986
GSE104948_H7,R-HSA-1474244,PXDN,0.7186258864135041,0.7109703265348629,0.007655559878641194
GSE104948_H7,R-HSA-1474244,SDC1,0.7186258864135041,0.7248209422095026,0.006195055795998439
GSE104948_H7,R-HSA-1474244,SDC2,0.7186258864135041,0.7194007871263435,0.0007749007128393659
GSE104948_H7,R-HSA-1474244,SDC3,0.7186258864135041,0.7203733702187074,0.001747483805203287
GSE104948_H7,R-HSA-1474244,SDC4,0.7186258864135041,0.7200521601050813,0.0014262736915772178
GSE104948_H7,R-HSA-1474244,SERPINE1,0.7186258864135041,0.7181024220103356,0.0005234644031685276
GSE104948_H7,R-HSA-1474244,SERPINH1,0.7186258864135041,0.7101901492615726,0.008435737151931466
GSE104948_H7,R-HSA-1474244,SGCA,0.7186258864135041,0.7239092931453549,0.005283406731850793
GSE104948_H7,R-HSA-1474244,SGCB,0.7186258864135041,0.7262575668316151,0.00763168041811102
GSE104948_H7,R-HSA-1474244,SGCD,0.7186258864135041,0.7212152717126805,0.0025893852991764055
GSE104948_H7,R-HSA-1474244,SGCE,0.7186258864135041,0.7192072083036188,0.0005813218901147277
GSE104948_H7,R-HSA-1474244,SGCG,0.7186258864135041,0.7229053002107777,0.00427941379727359
GSE104948_H7,R-HSA-1474244,SH3PXD2A,0.7186258864135041,0.7160116618301571,0.0026142245833470357
GSE104948_H7,R-HSA-1474244,SNTA1,0.7186258864135041,0.7271524889547751,0.008526602541271022
GSE104948_H7,R-HSA-1474244,SNTB1,0.7186258864135041,0.7204720398080153,0.0018461533945112185
GSE104948_H7,R-HSA-1474244,SNTB2,0.7186258864135041,0.7193318623053556,0.0007059758918515069
GSE104948_H7,R-HSA-1474244,SNTG2,0.7186258864135041,0.7147898922518097,0.003835994161694445
GSE104948_H7,R-HSA-1474244,SPARC,0.7186258864135041,0.7204056649736924,0.0017797785601882943
GSE104948_H7,R-HSA-1474244,SPOCK3,0.7186258864135041,0.7166917417474981,0.0019341446660060546
GSE104948_H7,R-HSA-1474244,SPP1,0.7186258864135041,0.721168691476035,0.002542805062530906
GSE104948_H7,R-HSA-1474244,SSPN,0.7186258864135041,0.7144292529093078,0.004196633504196301
GSE104948_H7,R-HSA-1474244,TGFB1,0.7186258864135041,0.7154833420841196,0.0031425443293845445
GSE104948_H7,R-HSA-1474244,TGFB2,0.7186258864135041,0.7145228320207361,0.004103054392768035
GSE104948_H7,R-HSA-1474244,TGFB3,0.7186258864135041,0.7171810667409773,0.0014448196725268536
GSE104948_H7,R-HSA-1474244,THBS1,0.7186258864135041,0.7214556181441919,0.00282973173068779
GSE104948_H7,R-HSA-1474244,TIMP1,0.7186258864135041,0.7121673265690229,0.006458559844481182
GSE104948_H7,R-HSA-1474244,TIMP2,0.7186258864135041,0.7206404722400233,0.002014585826519144
GSE104948_H7,R-HSA-1474244,TLL1,0.7186258864135041,0.7219920938635931,0.003366207450088976
GSE104948_H7,R-HSA-1474244,TLL2,0.7186258864135041,0.7171855188203474,0.0014403675931566884
GSE104948_H7,R-HSA-1474244,TMPRSS6,0.7186258864135041,0.7253663282571622,0.006740441843658074
GSE104948_H7,R-HSA-1474244,TNC,0.7186258864135041,0.7131666946067752,0.005459191806728936
GSE104948_H7,R-HSA-1474244,TNN,0.7186258864135041,0.728220023121298,0.009594136707793854
GSE104948_H7,R-HSA-1474244,TNR,0.7186258864135041,0.725656463384797,0.0070305769712928345
GSE104948_H7,R-HSA-1474244,TNXB,0.7186258864135041,0.7215420478227289,0.0029161614092247934
GSE104948_H7,R-HSA-1474244,TPSAB1,0.7186258864135041,0.7191450779564668,0.0005191915429626492
GSE104948_H7,R-HSA-1474244,TRAPPC4,0.7186258864135041,0.7193226929478629,0.0006968065343587737
GSE104948_H7,R-HSA-1474244,TTR,0.7186258864135041,0.7200473696832083,0.001421483269704149
GSE104948_H7,R-HSA-1474244,UTRN,0.7186258864135041,0.7240891547371816,0.005463268323677495
GSE104948_H7,R-HSA-1474244,VCAM1,0.7186258864135041,0.7152366218754256,0.003389264538078529
GSE104948_H7,R-HSA-1474244,VCAN,0.7186258864135041,0.7141494601494234,0.004476426264080735
GSE104948_H7,R-HSA-1474244,VTN,0.7186258864135041,0.7237194672451673,0.005093580831663225
GSE104948_H7,R-HSA-1474244,VWF,0.7186258864135041,0.7183517297441346,0.00027415666936947414
GSE104948_H7,R-HSA-1234174,ADRM1,0.32128965306726615,0.31000567228145326,0.011283980785812886
GSE104948_H7,R-HSA-1234174,ARNT,0.32128965306726615,0.34595567010288947,0.024666017035623322
GSE104948_H7,R-HSA-1234174,CA9,0.32128965306726615,0.35085690865143215,0.029567255584166008
GSE104948_H7,R-HSA-1234174,CITED2,0.32128965306726615,0.3472670276002587,0.025977374532992537
GSE104948_H7,R-HSA-1234174,CREBBP,0.32128965306726615,0.3288769441060594,0.007587291038793242
GSE104948_H7,R-HSA-1234174,CUL2,0.32128965306726615,0.32078402812721424,0.0005056249400519075
GSE104948_H7,R-HSA-1234174,EGLN1,0.32128965306726615,0.34332685679943736,0.022037203732171218
GSE104948_H7,R-HSA-1234174,EGLN3,0.32128965306726615,0.3056395865198931,0.015650066547373054
GSE104948_H7,R-HSA-1234174,EP300,0.32128965306726615,0.3392827009797675,0.017993047912501337
GSE104948_H7,R-HSA-1234174,EPAS1,0.32128965306726615,0.33935796309067373,0.018068310023407586
GSE104948_H7,R-HSA-1234174,EPO,0.32128965306726615,0.35384887422635847,0.03255922115909232
GSE104948_H7,R-HSA-1234174,HIF1A,0.32128965306726615,0.31613358337866926,0.005156069688596887
GSE104948_H7,R-HSA-1234174,HIF1AN,0.32128965306726615,0.3142160910450596,0.007073562022206548
GSE104948_H7,R-HSA-1234174,HIF3A,0.32128965306726615,0.3627183822980198,0.041428729230753636
GSE104948_H7,R-HSA-1234174,HIGD1A,0.32128965306726615,0.3266277974810607,0.005338144413794543
GSE104948_H7,R-HSA-1234174,LIMD1,0.32128965306726615,0.3322494149217093,0.01095976185444314
GSE104948_H7,R-HSA-1234174,PSMA1,0.32128965306726615,0.3134760600544491,0.007813593012817033
GSE104948_H7,R-HSA-1234174,PSMA2,0.32128965306726615,0.3314454135069764,0.010155760439710282
GSE104948_H7,R-HSA-1234174,PSMA3,0.32128965306726615,0.3041198527170792,0.017169800350186948
GSE104948_H7,R-HSA-1234174,PSMA4,0.32128965306726615,0.30944180918843145,0.011847843878834696
GSE104948_H7,R-HSA-1234174,PSMA5,0.32128965306726615,0.34479589910738073,0.023506246040114587
GSE104948_H7,R-HSA-1234174,PSMA6,0.32128965306726615,0.3088866127581532,0.012403040309112934
GSE104948_H7,R-HSA-1234174,PSMA7,0.32128965306726615,0.2958484754317448,0.02544117763552134
GSE104948_H7,R-HSA-1234174,PSMB1,0.32128965306726615,0.3174584676449436,0.003831185422322525
GSE104948_H7,R-HSA-1234174,PSMB2,0.32128965306726615,0.33118058036068204,0.009890927293415896
GSE104948_H7,R-HSA-1234174,PSMB3,0.32128965306726615,0.30926135964629026,0.012028293420975888
GSE104948_H7,R-HSA-1234174,PSMB4,0.32128965306726615,0.30691240167105605,0.0143772513962101
GSE104948_H7,R-HSA-1234174,PSMB5,0.32128965306726615,0.30681206659941607,0.014477586467850079
GSE104948_H7,R-HSA-1234174,PSMB6,0.32128965306726615,0.31628873375833466,0.005000919308931484
GSE104948_H7,R-HSA-1234174,PSMB7,0.32128965306726615,0.31103589795384406,0.01025375511342208
GSE104948_H7,R-HSA-1234174,PSMC2,0.32128965306726615,0.37023789723042144,0.0489482441631553
GSE104948_H7,R-HSA-1234174,PSMC3,0.32128965306726615,0.30189895672978745,0.019390696337478697
GSE104948_H7,R-HSA-1234174,PSMC4,0.32128965306726615,0.2933778707392816,0.027911782327984525
GSE104948_H7,R-HSA-1234174,PSMC5,0.32128965306726615,0.3114797486295459,0.00980990443772023
GSE104948_H7,R-HSA-1234174,PSMD1,0.32128965306726615,0.3246643153545233,0.0033746622872571352
GSE104948_H7,R-HSA-1234174,PSMD11,0.32128965306726615,0.33224935189731547,0.010959698830049325
GSE104948_H7,R-HSA-1234174,PSMD12,0.32128965306726615,0.3111223338273239,0.01016731923994224
GSE104948_H7,R-HSA-1234174,PSMD13,0.32128965306726615,0.3031447671708855,0.018144885896380636
GSE104948_H7,R-HSA-1234174,PSMD14,0.32128965306726615,0.3067222480926507,0.01456740497461545
GSE104948_H7,R-HSA-1234174,PSMD2,0.32128965306726615,0.30269005272865174,0.018599600338614408
GSE104948_H7,R-HSA-1234174,PSMD3,0.32128965306726615,0.32223004467711575,0.0009403916098496001
GSE104948_H7,R-HSA-1234174,PSMD6,0.32128965306726615,0.3212325198178057,5.7133249460439295e-05
GSE104948_H7,R-HSA-1234174,PSMD7,0.32128965306726615,0.30297900606155487,0.018310647005711278
GSE104948_H7,R-HSA-1234174,PSMD8,0.32128965306726615,0.3022957802752419,0.018993872792024247
GSE104948_H7,R-HSA-1234174,RBX1,0.32128965306726615,0.3025832946629493,0.018706358404316836
GSE104948_H7,R-HSA-1234174,UBA52,0.32128965306726615,0.30606504907366755,0.015224603993598596
GSE104948_H7,R-HSA-1234174,UBB,0.32128965306726615,0.32374748674605697,0.0024578336787908217
GSE104948_H7,R-HSA-1234174,UBE2D1,0.32128965306726615,0.32102634155445614,0.000263311512810005
GSE104948_H7,R-HSA-1234174,UBE2D2,0.32128965306726615,0.3086790147953123,0.012610638271953856
GSE104948_H7,R-HSA-1234174,UBE2D3,0.32128965306726615,0.32745079787824993,0.006161144810983787
GSE104948_H7,R-HSA-1234174,VEGFA,0.32128965306726615,0.3457842964790389,0.024494643411772765
GSE104948_H7,R-HSA-170834,ARHGEF18,0.3057295841078163,0.3176962101803775,0.011966626072561215
GSE104948_H7,R-HSA-170834,ATP1B4,0.3057295841078163,0.3128473331031403,0.007117748995323969
GSE104948_H7,R-HSA-170834,BAMBI,0.3057295841078163,0.300592430939207,0.005137153168609299
GSE104948_H7,R-HSA-170834,CBL,0.3057295841078163,0.3163823882537344,0.010652804145918071
GSE104948_H7,R-HSA-170834,CCNC,0.3057295841078163,0.2990838255313285,0.0066457585764878035
GSE104948_H7,R-HSA-170834,CCNK,0.3057295841078163,0.30047178809589925,0.00525779601191706
GSE104948_H7,R-HSA-170834,CCNT1,0.3057295841078163,0.3118245915966085,0.0060950074887922145
GSE104948_H7,R-HSA-170834,CCNT2,0.3057295841078163,0.30841868615923035,0.0026891020514140385
GSE104948_H7,R-HSA-170834,CDK8,0.3057295841078163,0.2875346895659494,0.0181948945418669
GSE104948_H7,R-HSA-170834,CDK9,0.3057295841078163,0.3105008511143408,0.004771267006524471
GSE104948_H7,R-HSA-170834,CDKN2B,0.3057295841078163,0.2692726000425141,0.036456984065302234
GSE104948_H7,R-HSA-170834,COL1A2,0.3057295841078163,0.27729830609640843,0.02843127801140788
GSE104948_H7,R-HSA-170834,E2F4,0.3057295841078163,0.31611043900595354,0.010380854898137226
GSE104948_H7,R-HSA-170834,E2F5,0.3057295841078163,0.30622248019149245,0.000492896083676142
GSE104948_H7,R-HSA-170834,EP300,0.3057295841078163,0.31577608781992555,0.010046503712109245
GSE104948_H7,R-HSA-170834,F11R,0.3057295841078163,0.28723107705846745,0.018498507049348856
GSE104948_H7,R-HSA-170834,FBN1,0.3057295841078163,0.27604245504534575,0.029687129062470563
GSE104948_H7,R-HSA-170834,FKBP1A,0.3057295841078163,0.30201619126541446,0.0037133928424018525
GSE104948_H7,R-HSA-170834,FURIN,0.3057295841078163,0.314633639638099,0.008904055530282673
GSE104948_H7,R-HSA-170834,HDAC1,0.3057295841078163,0.3012597391970146,0.004469844910801712
GSE104948_H7,R-HSA-170834,ITGA8,0.3057295841078163,0.3103253356305811,0.004595751522764813
GSE104948_H7,R-HSA-170834,ITGAV,0.3057295841078163,0.3099604498952353,0.0042308657874189914
GSE104948_H7,R-HSA-170834,ITGB3,0.3057295841078163,0.29847043074610724,0.00725915336170907
GSE104948_H7,R-HSA-170834,ITGB5,0.3057295841078163,0.31295224161814195,0.007222657510325636
GSE104948_H7,R-HSA-170834,ITGB6,0.3057295841078163,0.2905325304599789,0.01519705364783741
GSE104948_H7,R-HSA-170834,ITGB8,0.3057295841078163,0.3087108001808068,0.0029812160729905113
GSE104948_H7,R-HSA-170834,JUNB,0.3057295841078163,0.3172219205227776,0.01149233641496128
GSE104948_H7,R-HSA-170834,LTBP1,0.3057295841078163,0.2876936709078827,0.018035913199933584
GSE104948_H7,R-HSA-170834,LTBP2,0.3057295841078163,0.29805568551025835,0.00767389859755796
GSE104948_H7,R-HSA-170834,LTBP3,0.3057295841078163,0.2982481409250802,0.007481443182736136
GSE104948_H7,R-HSA-170834,LTBP4,0.3057295841078163,0.3046793785660738,0.0010502055417425105
GSE104948_H7,R-HSA-170834,MAPK1,0.3057295841078163,0.28763450910808597,0.018095074999730343
GSE104948_H7,R-HSA-170834,MAPK3,0.3057295841078163,0.3042192919011756,0.0015102922066407287
GSE104948_H7,R-HSA-170834,MEN1,0.3057295841078163,0.2965092358647911,0.0092203482430252
GSE104948_H7,R-HSA-170834,MTMR4,0.3057295841078163,0.3069706466267839,0.0012410625189676061
GSE104948_H7,R-HSA-170834,MYC,0.3057295841078163,0.2953811236133567,0.010348460494459588
GSE104948_H7,R-HSA-170834,NCOR1,0.3057295841078163,0.31120230560918066,0.005472721501364353
GSE104948_H7,R-HSA-170834,NCOR2,0.3057295841078163,0.30767402492097234,0.0019444408131560342
GSE104948_H7,R-HSA-170834,NEDD4L,0.3057295841078163,0.33298881504770567,0.027259230939889356
GSE104948_H7,R-HSA-170834,NEDD8,0.3057295841078163,0.2981778601416084,0.007551723966207902
GSE104948_H7,R-HSA-170834,PARD3,0.3057295841078163,0.3015753149808924,0.004154269126923904
GSE104948_H7,R-HSA-170834,PARD6A,0.3057295841078163,0.3109449961919272,0.005215412084110915
GSE104948_H7,R-HSA-170834,PARP1,0.3057295841078163,0.2988657545714772,0.006863829536339128
GSE104948_H7,R-HSA-170834,PMEPA1,0.3057295841078163,0.3108470804683467,0.0051174963605303825
GSE104948_H7,R-HSA-170834,PPM1A,0.3057295841078163,0.3330345747918917,0.02730499068407538
GSE104948_H7,R-HSA-170834,PPP1CA,0.3057295841078163,0.27499403954139606,0.030735544566420248
GSE104948_H7,R-HSA-170834,PPP1CB,0.3057295841078163,0.31963740542241575,0.013907821314599444
GSE104948_H7,R-HSA-170834,PPP1CC,0.3057295841078163,0.3104589501973797,0.004729366089563369
GSE104948_H7,R-HSA-170834,PPP1R15A,0.3057295841078163,0.3092984234076184,0.0035688392998020624
GSE104948_H7,R-HSA-170834,PRKCZ,0.3057295841078163,0.31083625160822553,0.005106667500409223
GSE104948_H7,R-HSA-170834,RBL1,0.3057295841078163,0.32171647798725406,0.015986893879437747
GSE104948_H7,R-HSA-170834,RHOA,0.3057295841078163,0.2952650366384031,0.010464547469413221
GSE104948_H7,R-HSA-170834,RNF111,0.3057295841078163,0.30131994355207753,0.004409640555738781
GSE104948_H7,R-HSA-170834,SERPINE1,0.3057295841078163,0.299377960576115,0.0063516235317013225
GSE104948_H7,R-HSA-170834,SKI,0.3057295841078163,0.29666134504104136,0.009068239066774952
GSE104948_H7,R-HSA-170834,SKIL,0.3057295841078163,0.3040516713190315,0.0016779127887848189
GSE104948_H7,R-HSA-170834,SMAD2,0.3057295841078163,0.31177569177261705,0.006046107664800737
GSE104948_H7,R-HSA-170834,SMAD3,0.3057295841078163,0.2996000520192696,0.006129532088546719
GSE104948_H7,R-HSA-170834,SMAD4,0.3057295841078163,0.32597392691826815,0.020244342810451843
GSE104948_H7,R-HSA-170834,SMAD7,0.3057295841078163,0.3049482251771405,0.000781358930675824
GSE104948_H7,R-HSA-170834,SMURF1,0.3057295841078163,0.3086121830910324,0.002882598983216078
GSE104948_H7,R-HSA-170834,SMURF2,0.3057295841078163,0.3031464682611885,0.0025831158466277926
GSE104948_H7,R-HSA-170834,SNW1,0.3057295841078163,0.2945056216541711,0.011223962453645209
GSE104948_H7,R-HSA-170834,SP1,0.3057295841078163,0.3129515567321553,0.00722197262433899
GSE104948_H7,R-HSA-170834,STAT1,0.3057295841078163,0.3160415622680352,0.010311978160218893
GSE104948_H7,R-HSA-170834,STRAP,0.3057295841078163,0.30706905302382076,0.0013394689160044493
GSE104948_H7,R-HSA-170834,STUB1,0.3057295841078163,0.30588819578644943,0.00015861167863312486
GSE104948_H7,R-HSA-170834,TFDP1,0.3057295841078163,0.31743644371883567,0.01170685961101936
GSE104948_H7,R-HSA-170834,TFDP2,0.3057295841078163,0.3114333106985014,0.0057037265906850765
GSE104948_H7,R-HSA-170834,TGFB1,0.3057295841078163,0.2910742867191349,0.014655297388681432
GSE104948_H7,R-HSA-170834,TGFB2,0.3057295841078163,0.2880290332227257,0.017700550885090593
GSE104948_H7,R-HSA-170834,TGFB3,0.3057295841078163,0.2964568455743993,0.009272738533417035
GSE104948_H7,R-HSA-170834,TGFBR1,0.3057295841078163,0.31071283219425433,0.004983248086438019
GSE104948_H7,R-HSA-170834,TGFBR2,0.3057295841078163,0.31201316111408023,0.0062835770062639185
GSE104948_H7,R-HSA-170834,TGFBR3,0.3057295841078163,0.3212694211987616,0.015539837090945308
GSE104948_H7,R-HSA-170834,TGIF1,0.3057295841078163,0.30705158346234024,0.0013219993545239284
GSE104948_H7,R-HSA-170834,TGIF2,0.3057295841078163,0.3156308112027648,0.009901227094948506
GSE104948_H7,R-HSA-170834,TRIM33,0.3057295841078163,0.31599334959375436,0.010263765485938048
GSE104948_H7,R-HSA-170834,UBA52,0.3057295841078163,0.296902421964187,0.00882716214362933
GSE104948_H7,R-HSA-170834,UBB,0.3057295841078163,0.30694926155077185,0.0012196774429555357
GSE104948_H7,R-HSA-170834,UBE2D1,0.3057295841078163,0.3054031563282714,0.0003264277795448911
GSE104948_H7,R-HSA-170834,UBE2D3,0.3057295841078163,0.30905341560315425,0.0033238314953379366
GSE104948_H7,R-HSA-170834,UBE2M,0.3057295841078163,0.3117050540838736,0.005975469976057302
GSE104948_H7,R-HSA-170834,UCHL5,0.3057295841078163,0.3099183497222513,0.004188765614434986
GSE104948_H7,R-HSA-170834,USP15,0.3057295841078163,0.31064823810512954,0.004918653997313227
GSE104948_H7,R-HSA-170834,USP9X,0.3057295841078163,0.3222102280105998,0.016480643902783476
GSE104948_H7,R-HSA-170834,WWTR1,0.3057295841078163,0.32459797994384193,0.01886839583602562
GSE104948_H7,R-HSA-170834,XPO1,0.3057295841078163,0.3040355787477429,0.001694005360073414
GSE104948_H7,R-HSA-170834,ZFYVE9,0.3057295841078163,0.3231862521395997,0.017456668031783362
GSE104954_H7,R-HSA-166658,C1QA,0.5544237977894969,0.5413872773236275,0.01303652046586945
GSE104954_H7,R-HSA-166658,C1QB,0.5544237977894969,0.5413672878364324,0.01305650995306451
GSE104954_H7,R-HSA-166658,C1R,0.5544237977894969,0.539856728325907,0.014567069463589877
GSE104954_H7,R-HSA-166658,C1S,0.5544237977894969,0.5407920764544536,0.013631721335043312
GSE104954_H7,R-HSA-166658,C2,0.5544237977894969,0.5403508806180473,0.01407291717144965
GSE104954_H7,R-HSA-166658,C3,0.5544237977894969,0.5333452356938867,0.02107856209561021
GSE104954_H7,R-HSA-166658,C3AR1,0.5544237977894969,0.5452439232716819,0.00917987451781499
GSE104954_H7,R-HSA-166658,C4BPA,0.5544237977894969,0.5509382724960459,0.0034855252934510306
GSE104954_H7,R-HSA-166658,C4BPB,0.5544237977894969,0.5603270526299655,0.005903254840468608
GSE104954_H7,R-HSA-166658,C5,0.5544237977894969,0.5801192385448197,0.025695440755322818
GSE104954_H7,R-HSA-166658,C5AR1,0.5544237977894969,0.5693574556266894,0.014933657837192471
GSE104954_H7,R-HSA-166658,C5AR2,0.5544237977894969,0.5692587941647619,0.014834996375264975
GSE104954_H7,R-HSA-166658,C6,0.5544237977894969,0.5392477135267459,0.015176084262750966
GSE104954_H7,R-HSA-166658,C7,0.5544237977894969,0.5522616294985349,0.002162168290962052
GSE104954_H7,R-HSA-166658,C8A,0.5544237977894969,0.5518216323368405,0.0026021654526564575
GSE104954_H7,R-HSA-166658,C8B,0.5544237977894969,0.5735519292315193,0.01912813144202241
GSE104954_H7,R-HSA-166658,C8G,0.5544237977894969,0.5550118625572785,0.0005880647677816153
GSE104954_H7,R-HSA-166658,C9,0.5544237977894969,0.5567340867344297,0.0023102889449327924
GSE104954_H7,R-HSA-166658,CD19,0.5544237977894969,0.5548403192350884,0.00041652144559145565
GSE104954_H7,R-HSA-166658,CD46,0.5544237977894969,0.5659762525147047,0.011552454725207828
GSE104954_H7,R-HSA-166658,CD55,0.5544237977894969,0.5584810366328615,0.004057238843364619
GSE104954_H7,R-HSA-166658,CD59,0.5544237977894969,0.5547922077696067,0.0003684099801097851
GSE104954_H7,R-HSA-166658,CD81,0.5544237977894969,0.5632068113554399,0.00878301356594302
GSE104954_H7,R-HSA-166658,CFB,0.5544237977894969,0.5306653684053849,0.02375842938411199
GSE104954_H7,R-HSA-166658,CFD,0.5544237977894969,0.5320163527726738,0.022407445016823124
GSE104954_H7,R-HSA-166658,CFH,0.5544237977894969,0.5483021061110689,0.006121691678428021
GSE104954_H7,R-HSA-166658,CFHR2,0.5544237977894969,0.5487080955925909,0.005715702196905981
GSE104954_H7,R-HSA-166658,CFHR5,0.5544237977894969,0.5687690473768782,0.014345249587381259
GSE104954_H7,R-HSA-166658,CFI,0.5544237977894969,0.5506451095321071,0.003778688257389806
GSE104954_H7,R-HSA-166658,CFP,0.5544237977894969,0.5583565074875654,0.003932709698068471
GSE104954_H7,R-HSA-166658,CLU,0.5544237977894969,0.5320192952090829,0.022404502580414043
GSE104954_H7,R-HSA-166658,COLEC10,0.5544237977894969,0.5660174776537052,0.01159367986420834
GSE104954_H7,R-HSA-166658,COLEC11,0.5544237977894969,0.5838574805384223,0.029433682748925438
GSE104954_H7,R-HSA-166658,CPB2,0.5544237977894969,0.5583843939328745,0.003960596143377626
GSE104954_H7,R-HSA-166658,CPN1,0.5544237977894969,0.5641580360672299,0.00973423827773301
GSE104954_H7,R-HSA-166658,CPN2,0.5544237977894969,0.5724415676455575,0.018017769856060628
GSE104954_H7,R-HSA-166658,CR1,0.5544237977894969,0.5838968107100837,0.029473012920586794
GSE104954_H7,R-HSA-166658,CR2,0.5544237977894969,0.5729347950462179,0.018510997256721007
GSE104954_H7,R-HSA-166658,CRP,0.5544237977894969,0.5671075958223206,0.012683798032823712
GSE104954_H7,R-HSA-166658,ELANE,0.5544237977894969,0.5719009637790515,0.01747716598955462
GSE104954_H7,R-HSA-166658,F2,0.5544237977894969,0.5572982949346905,0.0028744971451936108
GSE104954_H7,R-HSA-166658,FCN1,0.5544237977894969,0.5391129642228323,0.015310833566664628
GSE104954_H7,R-HSA-166658,FCN2,0.5544237977894969,0.5572380706719353,0.0028142728824384067
GSE104954_H7,R-HSA-166658,FCN3,0.5544237977894969,0.5818280103489778,0.02740421255948089
GSE104954_H7,R-HSA-166658,GZMM,0.5544237977894969,0.5505768790436328,0.0038469187458640697
GSE104954_H7,R-HSA-166658,IGHV1-2,0.5544237977894969,0.543945407041058,0.010478390748438926
GSE104954_H7,R-HSA-166658,IGHV1-46,0.5544237977894969,0.5552502824411514,0.0008264846516544688
GSE104954_H7,R-HSA-166658,IGHV3-23,0.5544237977894969,0.5526635355887665,0.0017602622007304447
GSE104954_H7,R-HSA-166658,IGHV3-7,0.5544237977894969,0.5585839643484751,0.004160166558978218
GSE104954_H7,R-HSA-166658,IGHV4-34,0.5544237977894969,0.5463875310726082,0.00803626671688873
GSE104954_H7,R-HSA-166658,IGKC,0.5544237977894969,0.540459978225249,0.013963819564247859
GSE104954_H7,R-HSA-166658,IGKV4-1,0.5544237977894969,0.5413452943937098,0.013078503395787089
GSE104954_H7,R-HSA-166658,IGLV1-40,0.5544237977894969,0.5428128699310986,0.011610927858398346
GSE104954_H7,R-HSA-166658,IGLV2-14,0.5544237977894969,0.551487798825683,0.002935998963813913
GSE104954_H7,R-HSA-166658,IGLV3-19,0.5544237977894969,0.5401731456147303,0.01425065217476662
GSE104954_H7,R-HSA-166658,IGLV3-25,0.5544237977894969,0.5452874729131525,0.009136324876344415
GSE104954_H7,R-HSA-166658,IGLV4-60,0.5544237977894969,0.5571441909738062,0.0027203931843092777
GSE104954_H7,R-HSA-166658,IGLV5-45,0.5544237977894969,0.5491703541896618,0.00525344359983515
GSE104954_H7,R-HSA-166658,IGLV6-57,0.5544237977894969,0.5472145182184305,0.007209279571066429
GSE104954_H7,R-HSA-166658,MASP1,0.5544237977894969,0.5615430540170667,0.007119256227569815
GSE104954_H7,R-HSA-166658,MASP2,0.5544237977894969,0.5650722451172965,0.01064844732779957
GSE104954_H7,R-HSA-166658,MBL2,0.5544237977894969,0.5508327033684365,0.0035910944210604256
GSE104954_H7,R-HSA-166658,PROS1,0.5544237977894969,0.5432921782525231,0.011131619536973836
GSE104954_H7,R-HSA-166658,SERPING1,0.5544237977894969,0.5426170345728785,0.011806763216618443
GSE104954_H7,R-HSA-166658,VTN,0.5544237977894969,0.5677583699272613,0.013334572137764344
GSE104954_H7,R-HSA-9769740,ADAMTS13,0.04538637695608004,0.04786083992266661,0.0024744629665865714
GSE104954_H7,R-HSA-9769740,AGRN,0.04538637695608004,0.03154908257078553,0.013837294385294512
GSE104954_H7,R-HSA-9769740,APP,0.04538637695608004,0.05537839094052033,0.009992013984440287
GSE104954_H7,R-HSA-9769740,CD177,0.04538637695608004,0.06279889614588163,0.017412519189801592
GSE104954_H7,R-HSA-9769740,F10,0.04538637695608004,0.04797179994609832,0.0025854229900182796
GSE104954_H7,R-HSA-9769740,F11,0.04538637695608004,0.06660404148166602,0.021217664525585975
GSE104954_H7,R-HSA-9769740,F12,0.04538637695608004,0.01863475950990407,0.02675161744617597
GSE104954_H7,R-HSA-9769740,F13A1,0.04538637695608004,0.0183313826688401,0.02705499428723994
GSE104954_H7,R-HSA-9769740,F13B,0.04538637695608004,0.0471094717793373,0.0017230948232572624
GSE104954_H7,R-HSA-9769740,F2,0.04538637695608004,0.039135038426444904,0.0062513385296351365
GSE104954_H7,R-HSA-9769740,F2R,0.04538637695608004,0.057748808480411244,0.012362431524331204
GSE104954_H7,R-HSA-9769740,F3,0.04538637695608004,0.09612488225722239,0.05073850530114235
GSE104954_H7,R-HSA-9769740,F5,0.04538637695608004,0.07965347573984063,0.034267098783760594
GSE104954_H7,R-HSA-9769740,F7,0.04538637695608004,0.04058766569414242,0.0047987112619376215
GSE104954_H7,R-HSA-9769740,F8,0.04538637695608004,0.049141849410606314,0.0037554724545262735
GSE104954_H7,R-HSA-9769740,F9,0.04538637695608004,0.04962890976653124,0.0042425328104511995
GSE104954_H7,R-HSA-9769740,FGA,0.04538637695608004,0.03852249268246559,0.006863884273614451
GSE104954_H7,R-HSA-9769740,FGB,0.04538637695608004,0.026700584558645404,0.018685792397434637
GSE104954_H7,R-HSA-9769740,FGG,0.04538637695608004,0.018250616391166503,0.027135760564913538
GSE104954_H7,R-HSA-9769740,GP1BA,0.04538637695608004,0.04622369789381157,0.0008373209377315269
GSE104954_H7,R-HSA-9769740,GP5,0.04538637695608004,0.040515756409672615,0.004870620546407425
GSE104954_H7,R-HSA-9769740,GP9,0.04538637695608004,0.041665848304263786,0.0037205286518162545
GSE104954_H7,R-HSA-9769740,GPC1,0.04538637695608004,0.03720251529047936,0.00818386166560068
GSE104954_H7,R-HSA-9769740,GPC3,0.04538637695608004,0.08630552336812254,0.0409191464120425
GSE104954_H7,R-HSA-9769740,GPC4,0.04538637695608004,0.040449381809015694,0.004936995147064346
GSE104954_H7,R-HSA-9769740,GPC5,0.04538637695608004,0.05704598490001386,0.011659607943933822
GSE104954_H7,R-HSA-9769740,HSPG2,0.04538637695608004,0.014642166796503504,0.030744210159576537
GSE104954_H7,R-HSA-9769740,ITGA2B,0.04538637695608004,0.04796067667098555,0.002574299714905512
GSE104954_H7,R-HSA-9769740,ITGB3,0.04538637695608004,0.021867019248365867,0.023519357707714173
GSE104954_H7,R-HSA-9769740,KLKB1,0.04538637695608004,0.056927042815098736,0.011540665859018695
GSE104954_H7,R-HSA-9769740,KNG1,0.04538637695608004,0.06831752981445707,0.022931152858377032
GSE104954_H7,R-HSA-9769740,PF4,0.04538637695608004,0.04379749952883459,0.0015888774272454498
GSE104954_H7,R-HSA-9769740,PF4V1,0.04538637695608004,0.025242192371190943,0.020144184584889098
GSE104954_H7,R-HSA-9769740,PROC,0.04538637695608004,0.044753170632744504,0.0006332063233355362
GSE104954_H7,R-HSA-9769740,PROCR,0.04538637695608004,0.041162871351242684,0.004223505604837356
GSE104954_H7,R-HSA-9769740,PROS1,0.04538637695608004,0.021896740971469656,0.023489635984610385
GSE104954_H7,R-HSA-9769740,PROZ,0.04538637695608004,0.0596342062902606,0.014247829334180562
GSE104954_H7,R-HSA-9769740,PRTN3,0.04538637695608004,0.049010891669585006,0.0036245147135049657
GSE104954_H7,R-HSA-9769740,SDC1,0.04538637695608004,0.07336674140904856,0.027980364452968517
GSE104954_H7,R-HSA-9769740,SDC2,0.04538637695608004,0.057545492217357136,0.012159115261277095
GSE104954_H7,R-HSA-9769740,SDC3,0.04538637695608004,0.01968641344453042,0.02569996351154962
GSE104954_H7,R-HSA-9769740,SDC4,0.04538637695608004,0.056983306594337035,0.011596929638256995
GSE104954_H7,R-HSA-9769740,SERPINA10,0.04538637695608004,0.04686985896165076,0.0014834820055707187
GSE104954_H7,R-HSA-9769740,SERPINA5,0.04538637695608004,0.08477703224226993,0.03939065528618989
GSE104954_H7,R-HSA-9769740,SERPINC1,0.04538637695608004,0.0631552109278609,0.017768833971780862
GSE104954_H7,R-HSA-9769740,SERPIND1,0.04538637695608004,0.0460601981203096,0.0006738211642295586
GSE104954_H7,R-HSA-9769740,SERPINE1,0.04538637695608004,0.07116228329913797,0.02577590634305793
GSE104954_H7,R-HSA-9769740,SERPINE2,0.04538637695608004,0.008229576942707727,0.037156800013372314
GSE104954_H7,R-HSA-9769740,SERPING1,0.04538637695608004,0.021065794904214823,0.024320582051865217
GSE104954_H7,R-HSA-9769740,SMPD1,0.04538637695608004,0.0694248670861121,0.024038490130032064
GSE104954_H7,R-HSA-9769740,TFPI,0.04538637695608004,0.03631753779441359,0.009068839161666453
GSE104954_H7,R-HSA-9769740,THBD,0.04538637695608004,0.015674210367146422,0.02971216658893362
GSE104954_H7,R-HSA-9769740,VWF,0.04538637695608004,-0.0011942501481494578,0.0465806271042295
GSE104954_H7,R-HSA-202733,ANGPT1,0.3333221356155196,0.34422526098420336,0.010903125368683764
GSE104954_H7,R-HSA-202733,ANGPT2,0.3333221356155196,0.3320706847115346,0.0012514509039849853
GSE104954_H7,R-HSA-202733,ANGPT4,0.3333221356155196,0.33587048945237546,0.0025483538368558656
GSE104954_H7,R-HSA-202733,APOB,0.3333221356155196,0.3399651420998218,0.006643006484302216
GSE104954_H7,R-HSA-202733,ATP1B1,0.3333221356155196,0.3466303984191813,0.013308262803661708
GSE104954_H7,R-HSA-202733,ATP1B2,0.3333221356155196,0.34737109589286286,0.014048960277343259
GSE104954_H7,R-HSA-202733,ATP1B3,0.3333221356155196,0.33603316986890086,0.0027110342533812615
GSE104954_H7,R-HSA-202733,BSG,0.3333221356155196,0.3324828769674322,0.0008392586480874265
GSE104954_H7,R-HSA-202733,CAV1,0.3333221356155196,0.33005872186904706,0.0032634137464725432
GSE104954_H7,R-HSA-202733,CD177,0.3333221356155196,0.34178587147742834,0.008463735861908739
GSE104954_H7,R-HSA-202733,CD2,0.3333221356155196,0.32511495484308534,0.008207180772434264
GSE104954_H7,R-HSA-202733,CD244,0.3333221356155196,0.3347521815857049,0.0014300459701853119
GSE104954_H7,R-HSA-202733,CD44,0.3333221356155196,0.3222412613388688,0.011080874276650776
GSE104954_H7,R-HSA-202733,CD47,0.3333221356155196,0.32665282209916086,0.006669313516358744
GSE104954_H7,R-HSA-202733,CD48,0.3333221356155196,0.32262558874351,0.010696546872009605
GSE104954_H7,R-HSA-202733,CD58,0.3333221356155196,0.32823266357622266,0.005089472039296938
GSE104954_H7,R-HSA-202733,CD74,0.3333221356155196,0.32710640232717453,0.006215733288345071
GSE104954_H7,R-HSA-202733,CD84,0.3333221356155196,0.3260496249649117,0.007272510650607911
GSE104954_H7,R-HSA-202733,CD99,0.3333221356155196,0.3214570380969338,0.011865097518585777
GSE104954_H7,R-HSA-202733,CEACAM1,0.3333221356155196,0.33739952634854903,0.004077390733029429
GSE104954_H7,R-HSA-202733,CEACAM3,0.3333221356155196,0.33655786872406507,0.003235733108545469
GSE104954_H7,R-HSA-202733,CEACAM5,0.3333221356155196,0.33443667717312847,0.0011145415576088724
GSE104954_H7,R-HSA-202733,CEACAM6,0.3333221356155196,0.33592325904096904,0.0026011234254494364
GSE104954_H7,R-HSA-202733,CEACAM8,0.3333221356155196,0.335086199332079,0.0017640637165594053
GSE104954_H7,R-HSA-202733,COL1A1,0.3333221356155196,0.32256115326588863,0.010760982349630965
GSE104954_H7,R-HSA-202733,COL1A2,0.3333221356155196,0.3253411285498269,0.007981007065692713
GSE104954_H7,R-HSA-202733,CXADR,0.3333221356155196,0.31976862833878983,0.01355350727672977
GSE104954_H7,R-HSA-202733,DOK2,0.3333221356155196,0.3277001503254835,0.005621985290036102
GSE104954_H7,R-HSA-202733,EPCAM,0.3333221356155196,0.33123692312511,0.0020852124904096048
GSE104954_H7,R-HSA-202733,F11R,0.3333221356155196,0.32476475773780866,0.008557377877710937
GSE104954_H7,R-HSA-202733,F2,0.3333221356155196,0.33305877501352255,0.0002633606019970536
GSE104954_H7,R-HSA-202733,FCER1G,0.3333221356155196,0.32402274306503337,0.00929939255048623
GSE104954_H7,R-HSA-202733,FN1,0.3333221356155196,0.3220758512597139,0.011246284355805714
GSE104954_H7,R-HSA-202733,FYN,0.3333221356155196,0.3367092066159317,0.0033870710004120785
GSE104954_H7,R-HSA-202733,GAS6,0.3333221356155196,0.3429726704320455,0.00965053481652589
GSE104954_H7,R-HSA-202733,GLG1,0.3333221356155196,0.34410356117175855,0.010781425556238955
GSE104954_H7,R-HSA-202733,GP6,0.3333221356155196,0.3352916637375238,0.0019695281220041827
GSE104954_H7,R-HSA-202733,GPC1,0.3333221356155196,0.33234607144564876,0.0009760641698708383
GSE104954_H7,R-HSA-202733,GRB14,0.3333221356155196,0.34104895188044815,0.007726816264928549
GSE104954_H7,R-HSA-202733,GRB2,0.3333221356155196,0.3288007281097243,0.004521407505795272
GSE104954_H7,R-HSA-202733,GRB7,0.3333221356155196,0.3335718078661029,0.00024967225058331044
GSE104954_H7,R-HSA-202733,GYPA,0.3333221356155196,0.3495436223510884,0.01622148673556878
GSE104954_H7,R-HSA-202733,GYPB,0.3333221356155196,0.3405530091253682,0.007230873509848579
GSE104954_H7,R-HSA-202733,GYPC,0.3333221356155196,0.325163503455989,0.00815863215953061
GSE104954_H7,R-HSA-202733,HRAS,0.3333221356155196,0.33887708360158875,0.0055549479860691475
GSE104954_H7,R-HSA-202733,IGHM,0.3333221356155196,0.3253908230995089,0.007931312516010702
GSE104954_H7,R-HSA-202733,IGHV1-2,0.3333221356155196,0.32699788972846955,0.006324245887050051
GSE104954_H7,R-HSA-202733,IGHV1-46,0.3333221356155196,0.33212918069021413,0.0011929549253054672
GSE104954_H7,R-HSA-202733,IGHV3-23,0.3333221356155196,0.3309550544593443,0.002367081156175288
GSE104954_H7,R-HSA-202733,IGHV3-7,0.3333221356155196,0.3336423412722617,0.000320205656742123
GSE104954_H7,R-HSA-202733,IGHV4-34,0.3333221356155196,0.32810637155839306,0.005215764057126537
GSE104954_H7,R-HSA-202733,IGKC,0.3333221356155196,0.32541585111703847,0.007906284498481131
GSE104954_H7,R-HSA-202733,IGKV4-1,0.3333221356155196,0.32581769675378663,0.007504438861732965
GSE104954_H7,R-HSA-202733,IGLL1,0.3333221356155196,0.33579389006796734,0.0024717544524477386
GSE104954_H7,R-HSA-202733,IGLV1-40,0.3333221356155196,0.3264838303310412,0.006838305284478374
GSE104954_H7,R-HSA-202733,IGLV2-14,0.3333221356155196,0.3304213867087249,0.0029007489067947034
GSE104954_H7,R-HSA-202733,IGLV3-19,0.3333221356155196,0.32528565759169675,0.008036478023822846
GSE104954_H7,R-HSA-202733,IGLV3-25,0.3333221356155196,0.327607054379633,0.005715081235886599
GSE104954_H7,R-HSA-202733,IGLV4-60,0.3333221356155196,0.3329888271163836,0.0003333084991359869
GSE104954_H7,R-HSA-202733,IGLV5-45,0.3333221356155196,0.3293694969448571,0.003952638670662478
GSE104954_H7,R-HSA-202733,IGLV6-57,0.3333221356155196,0.32848174161039756,0.0048403940051220395
GSE104954_H7,R-HSA-202733,INPP5D,0.3333221356155196,0.3245590026474058,0.008763132968113818
GSE104954_H7,R-HSA-202733,ITGA3,0.3333221356155196,0.33468058307575915,0.0013584474602395535
GSE104954_H7,R-HSA-202733,ITGA4,0.3333221356155196,0.324155570151758,0.0091665654637616
GSE104954_H7,R-HSA-202733,ITGA5,0.3333221356155196,0.33000489483222534,0.003317240783294262
GSE104954_H7,R-HSA-202733,ITGA6,0.3333221356155196,0.3399800333905006,0.006657897774980992
GSE104954_H7,R-HSA-202733,ITGAL,0.3333221356155196,0.32478593325930244,0.00853620235621716
GSE104954_H7,R-HSA-202733,ITGAM,0.3333221356155196,0.32072406370971585,0.012598071905803754
GSE104954_H7,R-HSA-202733,ITGAV,0.3333221356155196,0.32925812413128625,0.004064011484233354
GSE104954_H7,R-HSA-202733,ITGAX,0.3333221356155196,0.33559657771778845,0.0022744421022688477
GSE104954_H7,R-HSA-202733,ITGB2,0.3333221356155196,0.32650063754947534,0.0068214980660442626
GSE104954_H7,R-HSA-202733,ITGB3,0.3333221356155196,0.32669042751522387,0.00663170810029573
GSE104954_H7,R-HSA-202733,JAM2,0.3333221356155196,0.31940669019461687,0.013915445420902728
GSE104954_H7,R-HSA-202733,JAM3,0.3333221356155196,0.3357720535434304,0.0024499179279108274
GSE104954_H7,R-HSA-202733,JCHAIN,0.3333221356155196,0.32928216775728003,0.004039967858239568
GSE104954_H7,R-HSA-202733,KRAS,0.3333221356155196,0.3258258301542513,0.007496305461268282
GSE104954_H7,R-HSA-202733,L1CAM,0.3333221356155196,0.32982755705093997,0.0034945785645796312
GSE104954_H7,R-HSA-202733,LCK,0.3333221356155196,0.32601670491130186,0.007305430704217741
GSE104954_H7,R-HSA-202733,LYN,0.3333221356155196,0.3221082045326676,0.011213931082852013
GSE104954_H7,R-HSA-202733,MAG,0.3333221356155196,0.34238295582448675,0.009060820208967146
GSE104954_H7,R-HSA-202733,MERTK,0.3333221356155196,0.34318814139426845,0.009866005778748854
GSE104954_H7,R-HSA-202733,MIF,0.3333221356155196,0.3575735873367174,0.024251451721197803
GSE104954_H7,R-HSA-202733,MMP1,0.3333221356155196,0.32456211666161555,0.008760018953904047
GSE104954_H7,R-HSA-202733,NRAS,0.3333221356155196,0.33087628149397613,0.002445854121543467
GSE104954_H7,R-HSA-202733,OLR1,0.3333221356155196,0.3416219443758504,0.008299808760330818
GSE104954_H7,R-HSA-202733,PECAM1,0.3333221356155196,0.32217051050455736,0.011151625110962238
GSE104954_H7,R-HSA-202733,PF4,0.3333221356155196,0.3347782642144038,0.001456128598884221
GSE104954_H7,R-HSA-202733,PF4V1,0.3333221356155196,0.32793517221300333,0.005386963402516265
GSE104954_H7,R-HSA-202733,PICK1,0.3333221356155196,0.338636634929713,0.005314499314193422
GSE104954_H7,R-HSA-202733,PIK3CA,0.3333221356155196,0.34110174167719814,0.007779606061678546
GSE104954_H7,R-HSA-202733,PIK3CB,0.3333221356155196,0.341031714997786,0.007709579382266407
GSE104954_H7,R-HSA-202733,PIK3R1,0.3333221356155196,0.33766060418497484,0.004338468569455245
GSE104954_H7,R-HSA-202733,PIK3R2,0.3333221356155196,0.33738941911794845,0.004067283502428853
GSE104954_H7,R-HSA-202733,PLCG1,0.3333221356155196,0.33641617012604685,0.003094034510527255
GSE104954_H7,R-HSA-202733,PPIL2,0.3333221356155196,0.3427146403799959,0.009392504764476284
GSE104954_H7,R-HSA-202733,PROC,0.3333221356155196,0.33513071029527847,0.0018085746797588675
GSE104954_H7,R-HSA-202733,PROCR,0.3333221356155196,0.3338066282907529,0.00048449267523331674
GSE104954_H7,R-HSA-202733,PROS1,0.3333221356155196,0.3267013887180707,0.006620746897448904
GSE104954_H7,R-HSA-202733,PSG1,0.3333221356155196,0.3364707906461803,0.0031486550306606964
GSE104954_H7,R-HSA-202733,PSG11,0.3333221356155196,0.34079731706314004,0.007475181447620438
GSE104954_H7,R-HSA-202733,PSG2,0.3333221356155196,0.3401810907605321,0.006858955145012502
GSE104954_H7,R-HSA-202733,PSG3,0.3333221356155196,0.33639854460852203,0.003076408993002433
GSE104954_H7,R-HSA-202733,PSG4,0.3333221356155196,0.33920156996874967,0.005879434353230073
GSE104954_H7,R-HSA-202733,PSG5,0.3333221356155196,0.3400797223082633,0.006757586692743678
GSE104954_H7,R-HSA-202733,PSG9,0.3333221356155196,0.33690710859582584,0.0035849729803062447
GSE104954_H7,R-HSA-202733,PTPN11,0.3333221356155196,0.33461259765746343,0.0012904620419438295
GSE104954_H7,R-HSA-202733,PTPN6,0.3333221356155196,0.32652724914046954,0.006794886475050055
GSE104954_H7,R-HSA-202733,SDC1,0.3333221356155196,0.34568323285107855,0.012361097235558949
GSE104954_H7,R-HSA-202733,SDC2,0.3333221356155196,0.3398484459151356,0.006526310299615978
GSE104954_H7,R-HSA-202733,SDC3,0.3333221356155196,0.32588623246700094,0.007435903148518663
GSE104954_H7,R-HSA-202733,SDC4,0.3333221356155196,0.3396411150470714,0.006318979431551797
GSE104954_H7,R-HSA-202733,SELE,0.3333221356155196,0.32816560985152426,0.005156525763995334
GSE104954_H7,R-HSA-202733,SELL,0.3333221356155196,0.32685507503809874,0.006467060577420858
GSE104954_H7,R-HSA-202733,SELP,0.3333221356155196,0.32055903783839346,0.012763097777126142
GSE104954_H7,R-HSA-202733,SELPLG,0.3333221356155196,0.32822912496484263,0.005093010650676966
GSE104954_H7,R-HSA-202733,SHC1,0.3333221356155196,0.31974889837048104,0.01357323724503856
GSE104954_H7,R-HSA-202733,SIRPA,0.3333221356155196,0.340626710309604,0.007304574694084409
GSE104954_H7,R-HSA-202733,SIRPG,0.3333221356155196,0.3265598284325864,0.0067623071829331916
GSE104954_H7,R-HSA-202733,SLC16A1,0.3333221356155196,0.34079737119769216,0.007475235582172557
GSE104954_H7,R-HSA-202733,SLC16A3,0.3333221356155196,0.3318637395763454,0.0014583960391741924
GSE104954_H7,R-HSA-202733,SLC16A8,0.3333221356155196,0.33785129404261893,0.0045291584270993335
GSE104954_H7,R-HSA-202733,SLC3A2,0.3333221356155196,0.3440857750424892,0.010763639426969618
GSE104954_H7,R-HSA-202733,SLC7A10,0.3333221356155196,0.33669694109428105,0.0033748054787614556
GSE104954_H7,R-HSA-202733,SLC7A11,0.3333221356155196,0.3351263199046764,0.001804184289156796
GSE104954_H7,R-HSA-202733,SLC7A5,0.3333221356155196,0.341292052425369,0.007969916809849376
GSE104954_H7,R-HSA-202733,SLC7A6,0.3333221356155196,0.3380483955910485,0.00472625997552889
GSE104954_H7,R-HSA-202733,SLC7A7,0.3333221356155196,0.348602496069506,0.015280360453986397
GSE104954_H7,R-HSA-202733,SLC7A8,0.3333221356155196,0.34106615804169715,0.007744022426177555
GSE104954_H7,R-HSA-202733,SLC7A9,0.3333221356155196,0.3443600254749079,0.011037889859388306
GSE104954_H7,R-HSA-202733,SOS1,0.3333221356155196,0.33356603542165136,0.00024389980613176432
GSE104954_H7,R-HSA-202733,SPN,0.3333221356155196,0.3302939065276523,0.003028229087867318
GSE104954_H7,R-HSA-202733,SRC,0.3333221356155196,0.3368020300859243,0.0034798944704046986
GSE104954_H7,R-HSA-202733,TEK,0.3333221356155196,0.3438460846361585,0.010523949020638912
GSE104954_H7,R-HSA-202733,TGFB1,0.3333221356155196,0.3304595269472364,0.0028626086682831953
GSE104954_H7,R-HSA-202733,THBD,0.3333221356155196,0.32440655473633445,0.008915580879185148
GSE104954_H7,R-HSA-202733,TNFRSF10B,0.3333221356155196,0.3319979863163026,0.0013241492992169812
GSE104954_H7,R-HSA-202733,TNFRSF10D,0.3333221356155196,0.34473094256378684,0.011408806948267236
GSE104954_H7,R-HSA-202733,TREM1,0.3333221356155196,0.33567712882826484,0.0023549932127452378
GSE104954_H7,R-HSA-202733,TSPAN7,0.3333221356155196,0.3510634211665868,0.017741285551067187
GSE104954_H7,R-HSA-202733,VPREB1,0.3333221356155196,0.3390345646564802,0.005712429040960587
GSE104954_H7,R-HSA-202733,VPREB3,0.3333221356155196,0.3341524666394196,0.0008303310239000106
GSE104954_H7,R-HSA-202733,YES1,0.3333221356155196,0.33756019187955755,0.004238056264037948
GSE104954_H7,R-HSA-380108,ACKR2,0.5861245319264355,0.6063660871137317,0.0202415551872962
GSE104954_H7,R-HSA-380108,ACKR3,0.5861245319264355,0.6004193220733139,0.0142947901468784
GSE104954_H7,R-HSA-380108,CCL1,0.5861245319264355,0.617343657787713,0.031219125861277508
GSE104954_H7,R-HSA-380108,CCL11,0.5861245319264355,0.5715375784375137,0.014586953488921806
GSE104954_H7,R-HSA-380108,CCL13,0.5861245319264355,0.5792944335401077,0.006830098386327865
GSE104954_H7,R-HSA-380108,CCL16,0.5861245319264355,0.6082348151812543,0.022110283254818786
GSE104954_H7,R-HSA-380108,CCL17,0.5861245319264355,0.6050059042325531,0.018881372306117528
GSE104954_H7,R-HSA-380108,CCL19,0.5861245319264355,0.5631681324835988,0.022956399442836783
GSE104954_H7,R-HSA-380108,CCL2,0.5861245319264355,0.56929658599748,0.016827945928955534
GSE104954_H7,R-HSA-380108,CCL20,0.5861245319264355,0.5783052833856539,0.007819248540781643
GSE104954_H7,R-HSA-380108,CCL21,0.5861245319264355,0.5644519785245246,0.021672553401910988
GSE104954_H7,R-HSA-380108,CCL22,0.5861245319264355,0.5880816063770782,0.0019570744506426374
GSE104954_H7,R-HSA-380108,CCL25,0.5861245319264355,0.6182794957761915,0.03215496384975591
GSE104954_H7,R-HSA-380108,CCL27,0.5861245319264355,0.6026286714716893,0.01650413954525376
GSE104954_H7,R-HSA-380108,CCL4,0.5861245319264355,0.5925626652117767,0.006438133285341152
GSE104954_H7,R-HSA-380108,CCL5,0.5861245319264355,0.5685142705206407,0.017610261405794803
GSE104954_H7,R-HSA-380108,CCL7,0.5861245319264355,0.6034335368477616,0.017309004921326032
GSE104954_H7,R-HSA-380108,CCR1,0.5861245319264355,0.5647656328848862,0.021358899041549306
GSE104954_H7,R-HSA-380108,CCR10,0.5861245319264355,0.609476374607788,0.023351842681352486
GSE104954_H7,R-HSA-380108,CCR2,0.5861245319264355,0.5605223570932807,0.025602174833154856
GSE104954_H7,R-HSA-380108,CCR3,0.5861245319264355,0.6136293513106788,0.027504819384243206
GSE104954_H7,R-HSA-380108,CCR4,0.5861245319264355,0.5960722198129295,0.009947687886493917
GSE104954_H7,R-HSA-380108,CCR5,0.5861245319264355,0.5750272637044512,0.011097268221984313
GSE104954_H7,R-HSA-380108,CCR6,0.5861245319264355,0.5781042809068818,0.008020251019553726
GSE104954_H7,R-HSA-380108,CCR7,0.5861245319264355,0.577615771774757,0.008508760151678563
GSE104954_H7,R-HSA-380108,CCR8,0.5861245319264355,0.6011948439111547,0.015070311984719198
GSE104954_H7,R-HSA-380108,CCR9,0.5861245319264355,0.5820669777022361,0.0040575542241994
GSE104954_H7,R-HSA-380108,CCRL2,0.5861245319264355,0.6012050144959147,0.015080482569479137
GSE104954_H7,R-HSA-380108,CX3CL1,0.5861245319264355,0.5768652072317724,0.009259324694663174
GSE104954_H7,R-HSA-380108,CX3CR1,0.5861245319264355,0.536143532046579,0.04998099987985649
GSE104954_H7,R-HSA-380108,CXCL1,0.5861245319264355,0.5588543095494949,0.027270222376940656
GSE104954_H7,R-HSA-380108,CXCL10,0.5861245319264355,0.5959898248670066,0.009865292940571035
GSE104954_H7,R-HSA-380108,CXCL11,0.5861245319264355,0.5931221381454161,0.006997606218980601
GSE104954_H7,R-HSA-380108,CXCL12,0.5861245319264355,0.5786670298984709,0.007457502027964691
GSE104954_H7,R-HSA-380108,CXCL13,0.5861245319264355,0.5829246163251238,0.0031999156013117203
GSE104954_H7,R-HSA-380108,CXCL2,0.5861245319264355,0.6062456382609013,0.020121106334465733
GSE104954_H7,R-HSA-380108,CXCL3,0.5861245319264355,0.5879483585431422,0.0018238266167066586
GSE104954_H7,R-HSA-380108,CXCL5,0.5861245319264355,0.5675033768947886,0.018621155031646963
GSE104954_H7,R-HSA-380108,CXCL6,0.5861245319264355,0.5067146015354532,0.07940993039098232
GSE104954_H7,R-HSA-380108,CXCL8,0.5861245319264355,0.5746709263287415,0.011453605597694039
GSE104954_H7,R-HSA-380108,CXCL9,0.5861245319264355,0.5839698096963248,0.002154722230110706
GSE104954_H7,R-HSA-380108,CXCR1,0.5861245319264355,0.6008171785768258,0.014692646650390273
GSE104954_H7,R-HSA-380108,CXCR2,0.5861245319264355,0.5912686161389213,0.0051440842124858
GSE104954_H7,R-HSA-380108,CXCR3,0.5861245319264355,0.5832931210915255,0.0028314108349100087
GSE104954_H7,R-HSA-380108,CXCR4,0.5861245319264355,0.5918925764782997,0.005768044551864193
GSE104954_H7,R-HSA-380108,CXCR5,0.5861245319264355,0.5883184453086593,0.0021939133822237444
GSE104954_H7,R-HSA-380108,CXCR6,0.5861245319264355,0.5901362375373137,0.004011705610878158
GSE104954_H7,R-HSA-380108,PF4,0.5861245319264355,0.5952868625015073,0.009162330575071764
GSE104954_H7,R-HSA-380108,PPBP,0.5861245319264355,0.6010197311701557,0.01489519924372018
GSE104954_H7,R-HSA-380108,XCL1,0.5861245319264355,0.5945851475005358,0.008460615574100272
GSE104954_H7,R-HSA-380108,XCR1,0.5861245319264355,0.609509729453709,0.023385197527273416
GSE104954_H7,R-HSA-1474244,A2M,0.339431942435551,0.33664845835397567,0.0027834840815753603
GSE104954_H7,R-HSA-1474244,ACAN,0.339431942435551,0.34296862224757557,0.0035366798120245457
GSE104954_H7,R-HSA-1474244,ACTA1,0.339431942435551,0.3440089889433907,0.004577046507839688
GSE104954_H7,R-HSA-1474244,ACTA2,0.339431942435551,0.3385272717075261,0.0009046707280249144
GSE104954_H7,R-HSA-1474244,ACTB,0.339431942435551,0.34140043313867163,0.0019684907031206067
GSE104954_H7,R-HSA-1474244,ACTC1,0.339431942435551,0.34094887899657467,0.0015169365610236407
GSE104954_H7,R-HSA-1474244,ACTG1,0.339431942435551,0.33722406347117406,0.0022078789643769636
GSE104954_H7,R-HSA-1474244,ACTG2,0.339431942435551,0.33697340206073084,0.002458540374820184
GSE104954_H7,R-HSA-1474244,ACTN1,0.339431942435551,0.3342037374790807,0.005228204956470306
GSE104954_H7,R-HSA-1474244,ADAM10,0.339431942435551,0.33531080440072714,0.00412113803482389
GSE104954_H7,R-HSA-1474244,ADAM12,0.339431942435551,0.335945068338735,0.0034868740968160283
GSE104954_H7,R-HSA-1474244,ADAM15,0.339431942435551,0.3419954451556591,0.0025635027201080796
GSE104954_H7,R-HSA-1474244,ADAM17,0.339431942435551,0.33808789274694023,0.0013440496886107933
GSE104954_H7,R-HSA-1474244,ADAM19,0.339431942435551,0.33752687787487123,0.0019050645606797922
GSE104954_H7,R-HSA-1474244,ADAM8,0.339431942435551,0.34125765444132133,0.001825712005770308
GSE104954_H7,R-HSA-1474244,ADAM9,0.339431942435551,0.3349910982161481,0.00444084421940294
GSE104954_H7,R-HSA-1474244,ADAMTS1,0.339431942435551,0.33572397836834417,0.0037079640672068592
GSE104954_H7,R-HSA-1474244,ADAMTS2,0.339431942435551,0.3384428869661896,0.0009890554693613995
GSE104954_H7,R-HSA-1474244,ADAMTS3,0.339431942435551,0.34092374539201636,0.001491802956465338
GSE104954_H7,R-HSA-1474244,ADAMTS5,0.339431942435551,0.33138151763090273,0.008050424804648293
GSE104954_H7,R-HSA-1474244,ADAMTS8,0.339431942435551,0.3430929638627193,0.0036610214271682873
GSE104954_H7,R-HSA-1474244,AGRN,0.339431942435551,0.33790687525793145,0.0015250671776195768
GSE104954_H7,R-HSA-1474244,APP,0.339431942435551,0.3423481800436885,0.002916237608137473
GSE104954_H7,R-HSA-1474244,ASPN,0.339431942435551,0.3428499424615025,0.0034180000259514953
GSE104954_H7,R-HSA-1474244,BCAN,0.339431942435551,0.34159827102051105,0.00216632858496002
GSE104954_H7,R-HSA-1474244,BGN,0.339431942435551,0.33756597326425325,0.0018659691712977766
GSE104954_H7,R-HSA-1474244,BMP1,0.339431942435551,0.3390762910474363,0.0003556513881147194
GSE104954_H7,R-HSA-1474244,BMP10,0.339431942435551,0.3439549740476139,0.0045230316120628555
GSE104954_H7,R-HSA-1474244,BMP2,0.339431942435551,0.3441310087429992,0.004699066307448152
GSE104954_H7,R-HSA-1474244,BMP4,0.339431942435551,0.33695822790834545,0.0024737145272055727
GSE104954_H7,R-HSA-1474244,BMP7,0.339431942435551,0.35261868716191547,0.013186744726364441
GSE104954_H7,R-HSA-1474244,BSG,0.339431942435551,0.33902969991741366,0.00040224251813736345
GSE104954_H7,R-HSA-1474244,CAPN1,0.339431942435551,0.3355696401436213,0.0038623022919297423
GSE104954_H7,R-HSA-1474244,CAPN10,0.339431942435551,0.34272399219136357,0.0032920497558125428
GSE104954_H7,R-HSA-1474244,CAPN11,0.339431942435551,0.3395622590677547,0.0001303166322036975
GSE104954_H7,R-HSA-1474244,CAPN15,0.339431942435551,0.34247646806263765,0.003044525627086625
GSE104954_H7,R-HSA-1474244,CAPN2,0.339431942435551,0.3395151415599688,8.319912441778765e-05
GSE104954_H7,R-HSA-1474244,CAPN3,0.339431942435551,0.3414572897260233,0.002025347290472268
GSE104954_H7,R-HSA-1474244,CAPN5,0.339431942435551,0.34412827395180073,0.004696331516249708
GSE104954_H7,R-HSA-1474244,CAPN6,0.339431942435551,0.3328910554442381,0.006540886991312944
GSE104954_H7,R-HSA-1474244,CAPN7,0.339431942435551,0.34237481436378253,0.0029428719282315052
GSE104954_H7,R-HSA-1474244,CAPN9,0.339431942435551,0.34377281243132113,0.0043408699957701025
GSE104954_H7,R-HSA-1474244,CAPNS1,0.339431942435551,0.34430113756038255,0.004869195124831527
GSE104954_H7,R-HSA-1474244,CASK,0.339431942435551,0.3398016394340208,0.00036969699846978177
GSE104954_H7,R-HSA-1474244,CASP3,0.339431942435551,0.33527437578872143,0.004157566646829591
GSE104954_H7,R-HSA-1474244,CAST,0.339431942435551,0.337488731902999,0.001943210532552031
GSE104954_H7,R-HSA-1474244,CD151,0.339431942435551,0.3346398156278821,0.004792126807668939
GSE104954_H7,R-HSA-1474244,CD44,0.339431942435551,0.33385382965351607,0.005578112782034961
GSE104954_H7,R-HSA-1474244,CD47,0.339431942435551,0.3360833281022659,0.0033486143332851492
GSE104954_H7,R-HSA-1474244,CDH1,0.339431942435551,0.34028325782714036,0.0008513153915893357
GSE104954_H7,R-HSA-1474244,CEACAM1,0.339431942435551,0.3415144582067953,0.0020825157712442977
GSE104954_H7,R-HSA-1474244,CEACAM6,0.339431942435551,0.34076838763199685,0.0013364451964458235
GSE104954_H7,R-HSA-1474244,CEACAM8,0.339431942435551,0.3403453574565363,0.0009134150209852976
GSE104954_H7,R-HSA-1474244,CMA1,0.339431942435551,0.3387829565507469,0.0006489858848041097
GSE104954_H7,R-HSA-1474244,COL10A1,0.339431942435551,0.3393135371038625,0.0001184053316885536
GSE104954_H7,R-HSA-1474244,COL11A1,0.339431942435551,0.3387434657043297,0.0006884767312212992
GSE104954_H7,R-HSA-1474244,COL11A2,0.339431942435551,0.3416121827145706,0.002180240279019585
GSE104954_H7,R-HSA-1474244,COL13A1,0.339431942435551,0.3389832502954268,0.0004486921401242183
GSE104954_H7,R-HSA-1474244,COL14A1,0.339431942435551,0.3365514172935614,0.0028805251419896094
GSE104954_H7,R-HSA-1474244,COL15A1,0.339431942435551,0.33305914405807024,0.006372798377480782
GSE104954_H7,R-HSA-1474244,COL16A1,0.339431942435551,0.33665680908795054,0.002775133347600489
GSE104954_H7,R-HSA-1474244,COL17A1,0.339431942435551,0.3392950103167048,0.00013693211884624468
GSE104954_H7,R-HSA-1474244,COL18A1,0.339431942435551,0.3370731298455746,0.0023588125899764445
GSE104954_H7,R-HSA-1474244,COL19A1,0.339431942435551,0.34304015810133315,0.003608215665782122
GSE104954_H7,R-HSA-1474244,COL1A1,0.339431942435551,0.334015495466096,0.0054164469694550355
GSE104954_H7,R-HSA-1474244,COL1A2,0.339431942435551,0.33542042921174225,0.004011513223808771
GSE104954_H7,R-HSA-1474244,COL21A1,0.339431942435551,0.3385866552442655,0.0008452871912855153
GSE104954_H7,R-HSA-1474244,COL2A1,0.339431942435551,0.3407261823930303,0.0012942399574792929
GSE104954_H7,R-HSA-1474244,COL3A1,0.339431942435551,0.334223358876576,0.005208583558975022
GSE104954_H7,R-HSA-1474244,COL4A1,0.339431942435551,0.3320736806202208,0.007358261815330225
GSE104954_H7,R-HSA-1474244,COL4A2,0.339431942435551,0.3312491960884747,0.00818274634707633
GSE104954_H7,R-HSA-1474244,COL4A3,0.339431942435551,0.3480298665546085,0.008597924119057465
GSE104954_H7,R-HSA-1474244,COL4A4,0.339431942435551,0.3406863683874635,0.0012544259519124967
GSE104954_H7,R-HSA-1474244,COL4A5,0.339431942435551,0.341873087090773,0.002441144655221994
GSE104954_H7,R-HSA-1474244,COL4A6,0.339431942435551,0.3365753747554777,0.0028565676800733075
GSE104954_H7,R-HSA-1474244,COL5A1,0.339431942435551,0.3347208173586144,0.004711125076936606
GSE104954_H7,R-HSA-1474244,COL5A2,0.339431942435551,0.33123866517594946,0.008193277259601561
GSE104954_H7,R-HSA-1474244,COL5A3,0.339431942435551,0.340465498087603,0.0010335556520519873
GSE104954_H7,R-HSA-1474244,COL6A1,0.339431942435551,0.3458976845099577,0.0064657420744067
GSE104954_H7,R-HSA-1474244,COL6A2,0.339431942435551,0.3398271168741553,0.00039517443860426216
GSE104954_H7,R-HSA-1474244,COL6A3,0.339431942435551,0.3354799225849046,0.0039520198506464155
GSE104954_H7,R-HSA-1474244,COL7A1,0.339431942435551,0.3370833045155055,0.0023486379200455265
GSE104954_H7,R-HSA-1474244,COL8A2,0.339431942435551,0.33907125503915597,0.0003606873963950541
GSE104954_H7,R-HSA-1474244,COL9A1,0.339431942435551,0.3395503759175932,0.00011843348204215731
GSE104954_H7,R-HSA-1474244,COL9A2,0.339431942435551,0.34052024321169155,0.0010883007761405272
GSE104954_H7,R-HSA-1474244,COL9A3,0.339431942435551,0.3408105833257788,0.001378640890227767
GSE104954_H7,R-HSA-1474244,COLGALT1,0.339431942435551,0.3396565742817749,0.00022463184622389942
GSE104954_H7,R-HSA-1474244,COLGALT2,0.339431942435551,0.34110570661002587,0.0016737641744748455
GSE104954_H7,R-HSA-1474244,COMP,0.339431942435551,0.3331807961483615,0.006251146287189535
GSE104954_H7,R-HSA-1474244,CRTAP,0.339431942435551,0.34445381535345015,0.005021872917899128
GSE104954_H7,R-HSA-1474244,CTRB2,0.339431942435551,0.3405261780953878,0.0010942356598367953
GSE104954_H7,R-HSA-1474244,CTSB,0.339431942435551,0.3426595431742305,0.003227600738679448
GSE104954_H7,R-HSA-1474244,CTSD,0.339431942435551,0.33657712736126316,0.002854815074287864
GSE104954_H7,R-HSA-1474244,CTSG,0.339431942435551,0.33656995248460336,0.002861989950947663
GSE104954_H7,R-HSA-1474244,CTSK,0.339431942435551,0.3374606798729525,0.0019712625625985525
GSE104954_H7,R-HSA-1474244,CTSL,0.339431942435551,0.34378196571438213,0.0043500232788311055
GSE104954_H7,R-HSA-1474244,CTSS,0.339431942435551,0.33315414673906846,0.006277795696482569
GSE104954_H7,R-HSA-1474244,CTSV,0.339431942435551,0.3473363847564004,0.007904442320849359
GSE104954_H7,R-HSA-1474244,DAG1,0.339431942435551,0.3451885494516737,0.0057566070161226834
GSE104954_H7,R-HSA-1474244,DCN,0.339431942435551,0.340699272913978,0.0012673304784269757
GSE104954_H7,R-HSA-1474244,DDR1,0.339431942435551,0.3367820754642347,0.002649866971316306
GSE104954_H7,R-HSA-1474244,DDR2,0.339431942435551,0.3416360909796698,0.002204148544118767
GSE104954_H7,R-HSA-1474244,DMD,0.339431942435551,0.34268422527157094,0.003252282836019915
GSE104954_H7,R-HSA-1474244,DMP1,0.339431942435551,0.3440916847705971,0.004659742335046069
GSE104954_H7,R-HSA-1474244,DRP2,0.339431942435551,0.3436944976535138,0.00426255521796276
GSE104954_H7,R-HSA-1474244,DSPP,0.339431942435551,0.33657408871164685,0.00285785372390418
GSE104954_H7,R-HSA-1474244,DST,0.339431942435551,0.3422988595261657,0.0028669170906146513
GSE104954_H7,R-HSA-1474244,DTNA,0.339431942435551,0.3392630813335913,0.00016886110195973858
GSE104954_H7,R-HSA-1474244,DTNB,0.339431942435551,0.3416286324462795,0.002196690010728475
GSE104954_H7,R-HSA-1474244,EFEMP1,0.339431942435551,0.3362499460126185,0.0031819964229325426
GSE104954_H7,R-HSA-1474244,EFEMP2,0.339431942435551,0.3393698291070153,6.211332853572893e-05
GSE104954_H7,R-HSA-1474244,ELANE,0.339431942435551,0.342670461317191,0.0032385188816399513
GSE104954_H7,R-HSA-1474244,ELN,0.339431942435551,0.3424571419074436,0.003025199471892559
GSE104954_H7,R-HSA-1474244,EMILIN1,0.339431942435551,0.3380841212766268,0.001347821158924234
GSE104954_H7,R-HSA-1474244,F11R,0.339431942435551,0.33512914503792657,0.004302797397624458
GSE104954_H7,R-HSA-1474244,FBLN1,0.339431942435551,0.3398239443659955,0.0003920019304444744
GSE104954_H7,R-HSA-1474244,FBLN2,0.339431942435551,0.3392880558608507,0.00014388657470032484
GSE104954_H7,R-HSA-1474244,FBLN5,0.339431942435551,0.3412268482360295,0.0017949058004784746
GSE104954_H7,R-HSA-1474244,FBN1,0.339431942435551,0.3327215278204836,0.006710414615067439
GSE104954_H7,R-HSA-1474244,FBN2,0.339431942435551,0.3387580348757411,0.0006739075598099498
GSE104954_H7,R-HSA-1474244,FGA,0.339431942435551,0.3392065789346604,0.00022536350089064072
GSE104954_H7,R-HSA-1474244,FGB,0.339431942435551,0.3370032125459914,0.002428729889559611
GSE104954_H7,R-HSA-1474244,FGF2,0.339431942435551,0.33375300264774305,0.0056789397878079795
GSE104954_H7,R-HSA-1474244,FGG,0.339431942435551,0.33542830808466917,0.004003634350881857
GSE104954_H7,R-HSA-1474244,FMOD,0.339431942435551,0.3386022321220084,0.0008297103135426198
GSE104954_H7,R-HSA-1474244,FN1,0.339431942435551,0.33377023531243777,0.005661707123113258
GSE104954_H7,R-HSA-1474244,FURIN,0.339431942435551,0.344475692282061,0.0050437498465099595
GSE104954_H7,R-HSA-1474244,GDF5,0.339431942435551,0.3407837100637591,0.0013517676282081004
GSE104954_H7,R-HSA-1474244,HAPLN1,0.339431942435551,0.3406846473991352,0.0012527049635841503
GSE104954_H7,R-HSA-1474244,HSPG2,0.339431942435551,0.3347557655078861,0.004676176927664921
GSE104954_H7,R-HSA-1474244,HTRA1,0.339431942435551,0.35516701281778806,0.015735070382237037
GSE104954_H7,R-HSA-1474244,IBSP,0.339431942435551,0.3401881900232102,0.0007562475876591868
GSE104954_H7,R-HSA-1474244,ICAM1,0.339431942435551,0.3369059557793282,0.002525986656222834
GSE104954_H7,R-HSA-1474244,ICAM2,0.339431942435551,0.3353431807272315,0.0040887617083195105
GSE104954_H7,R-HSA-1474244,ICAM3,0.339431942435551,0.3413027679360071,0.0018708255004560859
GSE104954_H7,R-HSA-1474244,ICAM4,0.339431942435551,0.3409247316667118,0.0014927892311607516
GSE104954_H7,R-HSA-1474244,ICAM5,0.339431942435551,0.340566173579012,0.0011342311434609509
GSE104954_H7,R-HSA-1474244,ITGA10,0.339431942435551,0.34278802862419905,0.003356086188648022
GSE104954_H7,R-HSA-1474244,ITGA2,0.339431942435551,0.3344987056698773,0.004933236765673699
GSE104954_H7,R-HSA-1474244,ITGA2B,0.339431942435551,0.3409656669898684,0.0015337245543173839
GSE104954_H7,R-HSA-1474244,ITGA3,0.339431942435551,0.34014036859581553,0.0007084261602645081
GSE104954_H7,R-HSA-1474244,ITGA4,0.339431942435551,0.33482127604282574,0.004610666392725282
GSE104954_H7,R-HSA-1474244,ITGA5,0.339431942435551,0.33777738636521243,0.0016545560703385975
GSE104954_H7,R-HSA-1474244,ITGA6,0.339431942435551,0.34281858542154514,0.003386642985994115
GSE104954_H7,R-HSA-1474244,ITGA7,0.339431942435551,0.3424910319498282,0.0030590895142771912
GSE104954_H7,R-HSA-1474244,ITGA8,0.339431942435551,0.3439171451089225,0.004485202673371491
GSE104954_H7,R-HSA-1474244,ITGA9,0.339431942435551,0.34256054701944083,0.0031286045838898047
GSE104954_H7,R-HSA-1474244,ITGAE,0.339431942435551,0.33758506886608497,0.0018468735694660565
GSE104954_H7,R-HSA-1474244,ITGAL,0.339431942435551,0.33513984664556323,0.004292095789987793
GSE104954_H7,R-HSA-1474244,ITGAM,0.339431942435551,0.3330870738624388,0.006344868573112228
GSE104954_H7,R-HSA-1474244,ITGAV,0.339431942435551,0.33739998611850125,0.0020319563170497768
GSE104954_H7,R-HSA-1474244,ITGAX,0.339431942435551,0.3406032906192067,0.0011713481836556627
GSE104954_H7,R-HSA-1474244,ITGB2,0.339431942435551,0.33600641763091943,0.0034255248046315967
GSE104954_H7,R-HSA-1474244,ITGB3,0.339431942435551,0.3361023329899536,0.0033296094455974035
GSE104954_H7,R-HSA-1474244,ITGB4,0.339431942435551,0.33961613031564947,0.0001841878800984409
GSE104954_H7,R-HSA-1474244,ITGB5,0.339431942435551,0.33750787573917085,0.0019240666963801778
GSE104954_H7,R-HSA-1474244,ITGB6,0.339431942435551,0.3311957431085697,0.00823619932698133
GSE104954_H7,R-HSA-1474244,ITGB7,0.339431942435551,0.33922686654685114,0.00020507588869989046
GSE104954_H7,R-HSA-1474244,ITGB8,0.339431942435551,0.3335902036751178,0.005841738760433202
GSE104954_H7,R-HSA-1474244,JAM2,0.339431942435551,0.3324213044515824,0.007010637983968615
GSE104954_H7,R-HSA-1474244,JAM3,0.339431942435551,0.34069197195044515,0.0012600295148941232
GSE104954_H7,R-HSA-1474244,KDR,0.339431942435551,0.3426617966238497,0.0032298541882986864
GSE104954_H7,R-HSA-1474244,KLK2,0.339431942435551,0.341303466926895,0.0018715244913439788
GSE104954_H7,R-HSA-1474244,KLK7,0.339431942435551,0.35699739630611727,0.01756545387056624
GSE104954_H7,R-HSA-1474244,KLKB1,0.339431942435551,0.342636817669058,0.0032048752335069874
GSE104954_H7,R-HSA-1474244,LAMA2,0.339431942435551,0.3336254641957587,0.005806478239792301
GSE104954_H7,R-HSA-1474244,LAMA3,0.339431942435551,0.34189068195267647,0.002458739517125441
GSE104954_H7,R-HSA-1474244,LAMA4,0.339431942435551,0.3372263018465836,0.002205640588967439
GSE104954_H7,R-HSA-1474244,LAMA5,0.339431942435551,0.33782034358704677,0.0016115988485042587
GSE104954_H7,R-HSA-1474244,LAMB1,0.339431942435551,0.33908581104593893,0.0003461313896120921
GSE104954_H7,R-HSA-1474244,LAMB2,0.339431942435551,0.34438558649848183,0.0049536440629308065
GSE104954_H7,R-HSA-1474244,LAMB3,0.339431942435551,0.3370335726995359,0.002398369736015149
GSE104954_H7,R-HSA-1474244,LAMC1,0.339431942435551,0.3340099361454356,0.005422006290115411
GSE104954_H7,R-HSA-1474244,LAMC2,0.339431942435551,0.335670837619308,0.0037611048162430327
GSE104954_H7,R-HSA-1474244,LAMC3,0.339431942435551,0.33988779355494136,0.00045585111939033807
GSE104954_H7,R-HSA-1474244,LOX,0.339431942435551,0.34860878086773167,0.009176838432180645
GSE104954_H7,R-HSA-1474244,LOXL1,0.339431942435551,0.33567575204205485,0.0037561903934961727
GSE104954_H7,R-HSA-1474244,LOXL2,0.339431942435551,0.3362362104231811,0.003195732012369945
GSE104954_H7,R-HSA-1474244,LRP4,0.339431942435551,0.3414038515636689,0.001971909128117899
GSE104954_H7,R-HSA-1474244,LTBP1,0.339431942435551,0.33837017377456297,0.0010617686609880606
GSE104954_H7,R-HSA-1474244,LTBP2,0.339431942435551,0.33989077575554083,0.00045883331998980426
GSE104954_H7,R-HSA-1474244,LTBP3,0.339431942435551,0.3388609669242445,0.0005709755113065262
GSE104954_H7,R-HSA-1474244,LTBP4,0.339431942435551,0.34224885272633543,0.0028169102907844024
GSE104954_H7,R-HSA-1474244,LUM,0.339431942435551,0.33536789005896056,0.004064052376590466
GSE104954_H7,R-HSA-1474244,MADCAM1,0.339431942435551,0.33966401646319305,0.00023207402764202634
GSE104954_H7,R-HSA-1474244,MATN1,0.339431942435551,0.3421723676950744,0.0027404252595233936
GSE104954_H7,R-HSA-1474244,MATN3,0.339431942435551,0.33613204944545555,0.0032998929900954765
GSE104954_H7,R-HSA-1474244,MATN4,0.339431942435551,0.3408705415608351,0.0014385991252841013
GSE104954_H7,R-HSA-1474244,MFAP2,0.339431942435551,0.33714872009080243,0.002283222344748592
GSE104954_H7,R-HSA-1474244,MFAP3,0.339431942435551,0.3335467596287936,0.0058851828067574274
GSE104954_H7,R-HSA-1474244,MFAP4,0.339431942435551,0.3377751411635669,0.001656801271984143
GSE104954_H7,R-HSA-1474244,MFAP5,0.339431942435551,0.34232651277820425,0.0028945703426532243
GSE104954_H7,R-HSA-1474244,MMP1,0.339431942435551,0.3350267350316784,0.004405207403872624
GSE104954_H7,R-HSA-1474244,MMP10,0.339431942435551,0.3399600445114286,0.0005281020758775568
GSE104954_H7,R-HSA-1474244,MMP11,0.339431942435551,0.3369489656258696,0.002482976809681403
GSE104954_H7,R-HSA-1474244,MMP12,0.339431942435551,0.3380718764038932,0.0013600660316578361
GSE104954_H7,R-HSA-1474244,MMP13,0.339431942435551,0.3424000782958267,0.002968135860275667
GSE104954_H7,R-HSA-1474244,MMP14,0.339431942435551,0.3409679086474764,0.0015359662119253659
GSE104954_H7,R-HSA-1474244,MMP15,0.339431942435551,0.3418406103893604,0.002408667953809396
GSE104954_H7,R-HSA-1474244,MMP16,0.339431942435551,0.3401470114854756,0.0007150690499245771
GSE104954_H7,R-HSA-1474244,MMP17,0.339431942435551,0.34165833888099645,0.002226396445445422
GSE104954_H7,R-HSA-1474244,MMP19,0.339431942435551,0.3446490818629361,0.0052171394273850535
GSE104954_H7,R-HSA-1474244,MMP2,0.339431942435551,0.3355561778227439,0.003875764612807142
GSE104954_H7,R-HSA-1474244,MMP20,0.339431942435551,0.33869719665545994,0.0007347457800910839
GSE104954_H7,R-HSA-1474244,MMP24,0.339431942435551,0.34358141497719397,0.00414947254164294
GSE104954_H7,R-HSA-1474244,MMP25,0.339431942435551,0.3437912419515527,0.004359299516001669
GSE104954_H7,R-HSA-1474244,MMP3,0.339431942435551,0.3418809170713492,0.0024489746357981845
GSE104954_H7,R-HSA-1474244,MMP7,0.339431942435551,0.3321083044142847,0.007323638021266343
GSE104954_H7,R-HSA-1474244,MMP8,0.339431942435551,0.3381913172728791,0.0012406251626719267
GSE104954_H7,R-HSA-1474244,MMP9,0.339431942435551,0.3384499893608744,0.0009819530746766336
GSE104954_H7,R-HSA-1474244,MUSK,0.339431942435551,0.34009360645010245,0.0006616640145514219
GSE104954_H7,R-HSA-1474244,NCAM1,0.339431942435551,0.34072463358585847,0.0012926911503074456
GSE104954_H7,R-HSA-1474244,NCAN,0.339431942435551,0.3395347857784664,0.00010284334291538189
GSE104954_H7,R-HSA-1474244,NCSTN,0.339431942435551,0.34331226493236133,0.0038803224968103067
GSE104954_H7,R-HSA-1474244,NID1,0.339431942435551,0.3406153293116518,0.001183386876100756
GSE104954_H7,R-HSA-1474244,NID2,0.339431942435551,0.3358372493700671,0.0035946930654839337
GSE104954_H7,R-HSA-1474244,NRXN1,0.339431942435551,0.33957197554258334,0.0001400331070323113
GSE104954_H7,R-HSA-1474244,P3H1,0.339431942435551,0.3341944487903528,0.00523749364519821
GSE104954_H7,R-HSA-1474244,P3H2,0.339431942435551,0.346618956450596,0.007187014015044957
GSE104954_H7,R-HSA-1474244,P3H3,0.339431942435551,0.3432072688712509,0.0037753264356998883
GSE104954_H7,R-HSA-1474244,P4HA1,0.339431942435551,0.34942967753590287,0.009997735100351846
GSE104954_H7,R-HSA-1474244,P4HA2,0.339431942435551,0.3431631467388694,0.0037312043033183584
GSE104954_H7,R-HSA-1474244,P4HB,0.339431942435551,0.3351994137013761,0.004232528734174901
GSE104954_H7,R-HSA-1474244,PCOLCE,0.339431942435551,0.3391351542121819,0.0002967882233691488
GSE104954_H7,R-HSA-1474244,PCOLCE2,0.339431942435551,0.3645400707587589,0.025108128323207857
GSE104954_H7,R-HSA-1474244,PDGFA,0.339431942435551,0.3387678839614351,0.0006640584741159361
GSE104954_H7,R-HSA-1474244,PDGFB,0.339431942435551,0.3406921535725439,0.0012602111369928726
GSE104954_H7,R-HSA-1474244,PECAM1,0.339431942435551,0.3338180738555308,0.00561386858002022
GSE104954_H7,R-HSA-1474244,PLEC,0.339431942435551,0.34056652833082784,0.0011345858952768184
GSE104954_H7,R-HSA-1474244,PLG,0.339431942435551,0.3445583097839975,0.005126367348446459
GSE104954_H7,R-HSA-1474244,PLOD1,0.339431942435551,0.3462206618223519,0.006788719386800868
GSE104954_H7,R-HSA-1474244,PLOD2,0.339431942435551,0.33595083857493196,0.0034811038606190614
GSE104954_H7,R-HSA-1474244,PLOD3,0.339431942435551,0.3377464984245293,0.0016854440110217195
GSE104954_H7,R-HSA-1474244,PPIB,0.339431942435551,0.3360465892967689,0.0033853531387821323
GSE104954_H7,R-HSA-1474244,PRKCA,0.339431942435551,0.34731706907055865,0.007885126635007622
GSE104954_H7,R-HSA-1474244,PRSS1,0.339431942435551,0.34059443138758805,0.0011624889520370218
GSE104954_H7,R-HSA-1474244,PSEN1,0.339431942435551,0.3403592926173376,0.0009273501817865792
GSE104954_H7,R-HSA-1474244,PTPRS,0.339431942435551,0.3412205549079768,0.001788612472425788
GSE104954_H7,R-HSA-1474244,PXDN,0.339431942435551,0.3301413025728698,0.00929063986268125
GSE104954_H7,R-HSA-1474244,SDC1,0.339431942435551,0.34570084751452534,0.006268905078974318
GSE104954_H7,R-HSA-1474244,SDC2,0.339431942435551,0.34275208422431763,0.0033201417887666063
GSE104954_H7,R-HSA-1474244,SDC3,0.339431942435551,0.3356959118365506,0.003736030599000406
GSE104954_H7,R-HSA-1474244,SDC4,0.339431942435551,0.3426473041081992,0.003215361672648187
GSE104954_H7,R-HSA-1474244,SERPINE1,0.339431942435551,0.3452899807700259,0.0058580383344748466
GSE104954_H7,R-HSA-1474244,SERPINH1,0.339431942435551,0.337927826604376,0.0015041158311750458
GSE104954_H7,R-HSA-1474244,SGCA,0.339431942435551,0.3438507276816143,0.0044187852460632615
GSE104954_H7,R-HSA-1474244,SGCB,0.339431942435551,0.34185349338551335,0.0024215509499623256
GSE104954_H7,R-HSA-1474244,SGCD,0.339431942435551,0.34072885340689396,0.001296910971342935
GSE104954_H7,R-HSA-1474244,SGCE,0.339431942435551,0.3355258131435845,0.0039061292919665425
GSE104954_H7,R-HSA-1474244,SGCG,0.339431942435551,0.342769145038577,0.003337202603025946
GSE104954_H7,R-HSA-1474244,SH3PXD2A,0.339431942435551,0.34451251983687337,0.005080577401322339
GSE104954_H7,R-HSA-1474244,SNTA1,0.339431942435551,0.3483485119612085,0.008916569525657447
GSE104954_H7,R-HSA-1474244,SNTB1,0.339431942435551,0.3444087171124502,0.004976774676899165
GSE104954_H7,R-HSA-1474244,SNTB2,0.339431942435551,0.33922863741049314,0.00020330502505788717
GSE104954_H7,R-HSA-1474244,SNTG2,0.339431942435551,0.3417703482480167,0.0023384058124656937
GSE104954_H7,R-HSA-1474244,SPARC,0.339431942435551,0.3396494665672316,0.00021752413168057982
GSE104954_H7,R-HSA-1474244,SPOCK3,0.339431942435551,0.3383667547963429,0.0010651876392081538
GSE104954_H7,R-HSA-1474244,SPP1,0.339431942435551,0.3368111054729286,0.0026208369626224415
GSE104954_H7,R-HSA-1474244,SSPN,0.339431942435551,0.3355686182749268,0.0038633241606242374
GSE104954_H7,R-HSA-1474244,TGFB1,0.339431942435551,0.33800714668140086,0.0014247957541501655
GSE104954_H7,R-HSA-1474244,TGFB2,0.339431942435551,0.33505129595623484,0.004380646479316186
GSE104954_H7,R-HSA-1474244,TGFB3,0.339431942435551,0.3414688417313172,0.0020368992957661702
GSE104954_H7,R-HSA-1474244,THBS1,0.339431942435551,0.33604391220659763,0.003388030228953398
GSE104954_H7,R-HSA-1474244,TIMP1,0.339431942435551,0.333649153230535,0.005782789205016015
GSE104954_H7,R-HSA-1474244,TIMP2,0.339431942435551,0.3390410944792541,0.0003908479562969025
GSE104954_H7,R-HSA-1474244,TLL1,0.339431942435551,0.3350696316817367,0.004362310753814325
GSE104954_H7,R-HSA-1474244,TLL2,0.339431942435551,0.3398005533682405,0.00036861093268947265
GSE104954_H7,R-HSA-1474244,TMPRSS6,0.339431942435551,0.34142910002048255,0.0019971575849315193
GSE104954_H7,R-HSA-1474244,TNC,0.339431942435551,0.33484434038305716,0.0045876020524938665
GSE104954_H7,R-HSA-1474244,TNN,0.339431942435551,0.3430827217223735,0.0036507792868224476
GSE104954_H7,R-HSA-1474244,TNR,0.339431942435551,0.3388252689006257,0.0006066735349253283
GSE104954_H7,R-HSA-1474244,TNXB,0.339431942435551,0.33798292220258125,0.0014490202329697777
GSE104954_H7,R-HSA-1474244,TPSAB1,0.339431942435551,0.33617625194660194,0.003255690488949081
GSE104954_H7,R-HSA-1474244,TRAPPC4,0.339431942435551,0.34262280163814524,0.0031908592025942095
GSE104954_H7,R-HSA-1474244,TTR,0.339431942435551,0.34189527141416304,0.0024633289786120116
GSE104954_H7,R-HSA-1474244,UTRN,0.339431942435551,0.3379740279646017,0.0014579144709493397
GSE104954_H7,R-HSA-1474244,VCAM1,0.339431942435551,0.3331885809515516,0.006243361483999399
GSE104954_H7,R-HSA-1474244,VCAN,0.339431942435551,0.32993793759662005,0.00949400483893098
GSE104954_H7,R-HSA-1474244,VTN,0.339431942435551,0.3417201888924076,0.0022882464568565464
GSE104954_H7,R-HSA-1474244,VWF,0.339431942435551,0.3318041752529687,0.007627767182582346
GSE104954_H7,R-HSA-1234174,ADRM1,-0.21953010331568393,-0.2096303330261528,0.009899770289531123
GSE104954_H7,R-HSA-1234174,ARNT,-0.21953010331568393,-0.2140369055036266,0.0054931978120573155
GSE104954_H7,R-HSA-1234174,CA9,-0.21953010331568393,-0.20876767866582846,0.010762424649855468
GSE104954_H7,R-HSA-1234174,CITED2,-0.21953010331568393,-0.24553404878854274,0.026003945472858808
GSE104954_H7,R-HSA-1234174,CREBBP,-0.21953010331568393,-0.22663701262460959,0.007106909308925657
GSE104954_H7,R-HSA-1234174,CUL2,-0.21953010331568393,-0.2536271419695771,0.03409703865389316
GSE104954_H7,R-HSA-1234174,EGLN1,-0.21953010331568393,-0.20867202691107833,0.010858076404605593
GSE104954_H7,R-HSA-1234174,EGLN3,-0.21953010331568393,-0.2249658832158876,0.005435779900203663
GSE104954_H7,R-HSA-1234174,EP300,-0.21953010331568393,-0.23733407802113368,0.017803974705449754
GSE104954_H7,R-HSA-1234174,EPAS1,-0.21953010331568393,-0.21088119421408044,0.008648909101603486
GSE104954_H7,R-HSA-1234174,EPO,-0.21953010331568393,-0.22077200956967752,0.001241906253993591
GSE104954_H7,R-HSA-1234174,HIF1A,-0.21953010331568393,-0.24807476440268686,0.02854466108700293
GSE104954_H7,R-HSA-1234174,HIF1AN,-0.21953010331568393,-0.22984245618001622,0.010312352864332297
GSE104954_H7,R-HSA-1234174,HIF3A,-0.21953010331568393,-0.21177548071988284,0.007754622595801092
GSE104954_H7,R-HSA-1234174,HIGD1A,-0.21953010331568393,-0.2047913957698529,0.014738707545831037
GSE104954_H7,R-HSA-1234174,LIMD1,-0.21953010331568393,-0.2492216321123437,0.02969152879665976
GSE104954_H7,R-HSA-1234174,PSMA1,-0.21953010331568393,-0.2166305001811848,0.0028996031344991346
GSE104954_H7,R-HSA-1234174,PSMA2,-0.21953010331568393,-0.2250935417152479,0.005563438399563969
GSE104954_H7,R-HSA-1234174,PSMA3,-0.21953010331568393,-0.23679953133933565,0.017269428023651723
GSE104954_H7,R-HSA-1234174,PSMA4,-0.21953010331568393,-0.251497990560527,0.03196788724484309
GSE104954_H7,R-HSA-1234174,PSMA5,-0.21953010331568393,-0.2154605271425529,0.004069576173131029
GSE104954_H7,R-HSA-1234174,PSMA6,-0.21953010331568393,-0.2373583046223356,0.017828201306651664
GSE104954_H7,R-HSA-1234174,PSMA7,-0.21953010331568393,-0.22597930684879622,0.006449203533112291
GSE104954_H7,R-HSA-1234174,PSMB1,-0.21953010331568393,-0.21394076143634266,0.005589341879341264
GSE104954_H7,R-HSA-1234174,PSMB2,-0.21953010331568393,-0.20269763958153206,0.01683246373415187
GSE104954_H7,R-HSA-1234174,PSMB3,-0.21953010331568393,-0.19868783695692976,0.020842266358754163
GSE104954_H7,R-HSA-1234174,PSMB4,-0.21953010331568393,-0.21149169107736213,0.008038412238321802
GSE104954_H7,R-HSA-1234174,PSMB5,-0.21953010331568393,-0.17525363332607738,0.04427646998960655
GSE104954_H7,R-HSA-1234174,PSMB6,-0.21953010331568393,-0.17014681178646604,0.04938329152921789
GSE104954_H7,R-HSA-1234174,PSMB7,-0.21953010331568393,-0.19696795027286612,0.022562153042817806
GSE104954_H7,R-HSA-1234174,PSMC2,-0.21953010331568393,-0.22054615871124328,0.001016055395559351
GSE104954_H7,R-HSA-1234174,PSMC3,-0.21953010331568393,-0.22404949101692778,0.004519387701243854
GSE104954_H7,R-HSA-1234174,PSMC4,-0.21953010331568393,-0.21557953904585136,0.003950564269832563
GSE104954_H7,R-HSA-1234174,PSMC5,-0.21953010331568393,-0.19253273734935406,0.026997365966329873
GSE104954_H7,R-HSA-1234174,PSMD1,-0.21953010331568393,-0.2557414153959617,0.03621131208027775
GSE104954_H7,R-HSA-1234174,PSMD11,-0.21953010331568393,-0.21204768053828332,0.007482422777400605
GSE104954_H7,R-HSA-1234174,PSMD12,-0.21953010331568393,-0.21824901549340037,0.0012810878222835609
GSE104954_H7,R-HSA-1234174,PSMD13,-0.21953010331568393,-0.22794440987662695,0.008414306560943025
GSE104954_H7,R-HSA-1234174,PSMD14,-0.21953010331568393,-0.2380172230810137,0.018487119765329768
GSE104954_H7,R-HSA-1234174,PSMD2,-0.21953010331568393,-0.2402794595358128,0.020749356220128884
GSE104954_H7,R-HSA-1234174,PSMD3,-0.21953010331568393,-0.17854438006052475,0.04098572325515917
GSE104954_H7,R-HSA-1234174,PSMD6,-0.21953010331568393,-0.2119083050187065,0.007621798296977428
GSE104954_H7,R-HSA-1234174,PSMD7,-0.21953010331568393,-0.241800559002048,0.02227045568636407
GSE104954_H7,R-HSA-1234174,PSMD8,-0.21953010331568393,-0.21306125442570548,0.006468848889978451
GSE104954_H7,R-HSA-1234174,RBX1,-0.21953010331568393,-0.23184595330704624,0.012315849991362315
GSE104954_H7,R-HSA-1234174,UBA52,-0.21953010331568393,-0.22841435192324475,0.008884248607560818
GSE104954_H7,R-HSA-1234174,UBB,-0.21953010331568393,-0.20839452255860486,0.011135580757079072
GSE104954_H7,R-HSA-1234174,UBE2D1,-0.21953010331568393,-0.2516583405787549,0.032128237263070986
GSE104954_H7,R-HSA-1234174,UBE2D2,-0.21953010331568393,-0.23444159103823453,0.014911487722550604
GSE104954_H7,R-HSA-1234174,UBE2D3,-0.21953010331568393,-0.21766800161029778,0.0018621017053861433
GSE104954_H7,R-HSA-1234174,VEGFA,-0.21953010331568393,-0.15074081098970277,0.06878929232598116
GSE104954_H7,R-HSA-170834,ARHGEF18,0.15213798978074758,0.13705656168454075,0.015081428096206828
GSE104954_H7,R-HSA-170834,ATP1B4,0.15213798978074758,0.15090150736426047,0.0012364824164871058
GSE104954_H7,R-HSA-170834,BAMBI,0.15213798978074758,0.14751289924758645,0.004625090533161125
GSE104954_H7,R-HSA-170834,CBL,0.15213798978074758,0.14339961455261266,0.00873837522813492
GSE104954_H7,R-HSA-170834,CCNC,0.15213798978074758,0.14571651203068495,0.006421477750062632
GSE104954_H7,R-HSA-170834,CCNK,0.15213798978074758,0.13818462662105635,0.013953363159691229
GSE104954_H7,R-HSA-170834,CCNT1,0.15213798978074758,0.15815095354497846,0.006012963764230883
GSE104954_H7,R-HSA-170834,CCNT2,0.15213798978074758,0.14108607444304724,0.011051915337700335
GSE104954_H7,R-HSA-170834,CDK8,0.15213798978074758,0.13614836721143034,0.01598962256931724
GSE104954_H7,R-HSA-170834,CDK9,0.15213798978074758,0.15681552520284214,0.004677535422094564
GSE104954_H7,R-HSA-170834,CDKN2B,0.15213798978074758,0.1314480670930595,0.020689922687688073
GSE104954_H7,R-HSA-170834,COL1A2,0.15213798978074758,0.13729132907509467,0.014846660705652909
GSE104954_H7,R-HSA-170834,E2F4,0.15213798978074758,0.15607213719720547,0.003934147416457895
GSE104954_H7,R-HSA-170834,E2F5,0.15213798978074758,0.16086653008655968,0.008728540305812105
GSE104954_H7,R-HSA-170834,EP300,0.15213798978074758,0.14624559611965599,0.005892393661091594
GSE104954_H7,R-HSA-170834,F11R,0.15213798978074758,0.13636782584220178,0.0157701639385458
GSE104954_H7,R-HSA-170834,FBN1,0.15213798978074758,0.12873458489144515,0.023403404889302426
GSE104954_H7,R-HSA-170834,FKBP1A,0.15213798978074758,0.15558043335556426,0.0034424435748166837
GSE104954_H7,R-HSA-170834,FURIN,0.15213798978074758,0.16600062903667345,0.013862639255925874
GSE104954_H7,R-HSA-170834,HDAC1,0.15213798978074758,0.14193204326181538,0.010205946518932196
GSE104954_H7,R-HSA-170834,ITGA8,0.15213798978074758,0.16422978061274573,0.012091790831998156
GSE104954_H7,R-HSA-170834,ITGAV,0.15213798978074758,0.14356742426811495,0.008570565512632633
GSE104954_H7,R-HSA-170834,ITGB3,0.15213798978074758,0.13945327400828766,0.012684715772459915
GSE104954_H7,R-HSA-170834,ITGB5,0.15213798978074758,0.14390948340637405,0.008228506374373529
GSE104954_H7,R-HSA-170834,ITGB6,0.15213798978074758,0.12389715381617265,0.028240835964574926
GSE104954_H7,R-HSA-170834,ITGB8,0.15213798978074758,0.13148868220329687,0.020649307577450704
GSE104954_H7,R-HSA-170834,JUNB,0.15213798978074758,0.170468031980793,0.018330042200045416
GSE104954_H7,R-HSA-170834,LTBP1,0.15213798978074758,0.14664336013221957,0.00549462964852801
GSE104954_H7,R-HSA-170834,LTBP2,0.15213798978074758,0.15146435959463778,0.0006736301861098026
GSE104954_H7,R-HSA-170834,LTBP3,0.15213798978074758,0.14819939750450528,0.003938592276242298
GSE104954_H7,R-HSA-170834,LTBP4,0.15213798978074758,0.15894053544522554,0.006802545664477966
GSE104954_H7,R-HSA-170834,MAPK1,0.15213798978074758,0.14116368731715784,0.010974302463589741
GSE104954_H7,R-HSA-170834,MAPK3,0.15213798978074758,0.15200756211801175,0.00013042766273582695
GSE104954_H7,R-HSA-170834,MEN1,0.15213798978074758,0.15563334576070195,0.003495355979954373
GSE104954_H7,R-HSA-170834,MTMR4,0.15213798978074758,0.15543460164107267,0.003296611860325094
GSE104954_H7,R-HSA-170834,MYC,0.15213798978074758,0.14332993118146267,0.008808058599284907
GSE104954_H7,R-HSA-170834,NCOR1,0.15213798978074758,0.15429801416222808,0.0021600243814804965
GSE104954_H7,R-HSA-170834,NCOR2,0.15213798978074758,0.1606207617777968,0.008482771997049221
GSE104954_H7,R-HSA-170834,NEDD4L,0.15213798978074758,0.18917088553651815,0.03703289575577057
GSE104954_H7,R-HSA-170834,NEDD8,0.15213798978074758,0.1506937760038063,0.0014442137769412888
GSE104954_H7,R-HSA-170834,PARD3,0.15213798978074758,0.15198107256590487,0.0001569172148427056
GSE104954_H7,R-HSA-170834,PARD6A,0.15213798978074758,0.163354214817805,0.011216225037057409
GSE104954_H7,R-HSA-170834,PARP1,0.15213798978074758,0.14354580133937245,0.008592188441375131
GSE104954_H7,R-HSA-170834,PMEPA1,0.15213798978074758,0.13453702372592868,0.017600966054818895
GSE104954_H7,R-HSA-170834,PPM1A,0.15213798978074758,0.16418859062510008,0.0120506008443525
GSE104954_H7,R-HSA-170834,PPP1CA,0.15213798978074758,0.1553414571308266,0.003203467350079009
GSE104954_H7,R-HSA-170834,PPP1CB,0.15213798978074758,0.15257636519577672,0.0004383754150291408
GSE104954_H7,R-HSA-170834,PPP1CC,0.15213798978074758,0.14437488349489802,0.007763106285849558
GSE104954_H7,R-HSA-170834,PPP1R15A,0.15213798978074758,0.17673319624316403,0.024595206462416447
GSE104954_H7,R-HSA-170834,PRKCZ,0.15213798978074758,0.16181272912894623,0.009674739348198652
GSE104954_H7,R-HSA-170834,RBL1,0.15213798978074758,0.15594070985138087,0.0038027200706332864
GSE104954_H7,R-HSA-170834,RHOA,0.15213798978074758,0.14171191603652594,0.010426073744221637
GSE104954_H7,R-HSA-170834,RNF111,0.15213798978074758,0.13997432011607566,0.012163669664671917
GSE104954_H7,R-HSA-170834,SERPINE1,0.15213798978074758,0.16858229367465302,0.016444303893905443
GSE104954_H7,R-HSA-170834,SKI,0.15213798978074758,0.14208077371039496,0.01005721607035262
GSE104954_H7,R-HSA-170834,SKIL,0.15213798978074758,0.15078048802308802,0.0013575017576595572
GSE104954_H7,R-HSA-170834,SMAD2,0.15213798978074758,0.14427804542128675,0.00785994435946083
GSE104954_H7,R-HSA-170834,SMAD3,0.15213798978074758,0.1573056482302038,0.005167658449456214
GSE104954_H7,R-HSA-170834,SMAD4,0.15213798978074758,0.15372097629257964,0.0015829865118320574
GSE104954_H7,R-HSA-170834,SMAD7,0.15213798978074758,0.1649763501102343,0.012838360329486709
GSE104954_H7,R-HSA-170834,SMURF1,0.15213798978074758,0.16181281427055605,0.00967482448980847
GSE104954_H7,R-HSA-170834,SMURF2,0.15213798978074758,0.1378785064475488,0.014259483333198791
GSE104954_H7,R-HSA-170834,SNW1,0.15213798978074758,0.14493333212260315,0.007204657658144431
GSE104954_H7,R-HSA-170834,SP1,0.15213798978074758,0.1487038857864029,0.003434103994344684
GSE104954_H7,R-HSA-170834,STAT1,0.15213798978074758,0.13692300815521682,0.015214981625530755
GSE104954_H7,R-HSA-170834,STRAP,0.15213798978074758,0.16148562588352314,0.009347636102775558
GSE104954_H7,R-HSA-170834,STUB1,0.15213798978074758,0.1799319601880849,0.02779397040733733
GSE104954_H7,R-HSA-170834,TFDP1,0.15213798978074758,0.14749233354593658,0.004645656234811002
GSE104954_H7,R-HSA-170834,TFDP2,0.15213798978074758,0.16205083801713685,0.009912848236389271
GSE104954_H7,R-HSA-170834,TGFB1,0.15213798978074758,0.14549239923458046,0.006645590546167118
GSE104954_H7,R-HSA-170834,TGFB2,0.15213798978074758,0.13612100886729286,0.016016980913454715
GSE104954_H7,R-HSA-170834,TGFB3,0.15213798978074758,0.15646754604056531,0.004329556259817735
GSE104954_H7,R-HSA-170834,TGFBR1,0.15213798978074758,0.15599952517751126,0.0038615353967636767
GSE104954_H7,R-HSA-170834,TGFBR2,0.15213798978074758,0.14896556961411006,0.0031724201666375185
GSE104954_H7,R-HSA-170834,TGFBR3,0.15213798978074758,0.18888787618022135,0.03674988639947377
GSE104954_H7,R-HSA-170834,TGIF1,0.15213798978074758,0.1375924241030203,0.014545565677727273
GSE104954_H7,R-HSA-170834,TGIF2,0.15213798978074758,0.1497111842530514,0.0024268055276961686
GSE104954_H7,R-HSA-170834,TRIM33,0.15213798978074758,0.15968942356529486,0.0075514337845472845
GSE104954_H7,R-HSA-170834,UBA52,0.15213798978074758,0.1513136223116384,0.0008243674691091885
GSE104954_H7,R-HSA-170834,UBB,0.15213798978074758,0.16268852535972922,0.01055053557898164
GSE104954_H7,R-HSA-170834,UBE2D1,0.15213798978074758,0.13810681057555305,0.014031179205194533
GSE104954_H7,R-HSA-170834,UBE2D3,0.15213798978074758,0.15741950317126732,0.005281513390519743
GSE104954_H7,R-HSA-170834,UBE2M,0.15213798978074758,0.19452626227299985,0.04238827249225227
GSE104954_H7,R-HSA-170834,UCHL5,0.15213798978074758,0.15731571078658507,0.005177721005837493
GSE104954_H7,R-HSA-170834,USP15,0.15213798978074758,0.16450600927871237,0.012368019497964788
GSE104954_H7,R-HSA-170834,USP9X,0.15213798978074758,0.1715154822021735,0.019377492421425918
GSE104954_H7,R-HSA-170834,WWTR1,0.15213798978074758,0.17278857335258627,0.020650583571838688
GSE104954_H7,R-HSA-170834,XPO1,0.15213798978074758,0.1398571948738309,0.012280794906916692
GSE104954_H7,R-HSA-170834,ZFYVE9,0.15213798978074758,0.16218141278121118,0.010043423000463597
GSE142025_advanced,R-HSA-166658,C1QA,0.742123266491209,0.6869763684883914,0.05514689800281758
GSE142025_advanced,R-HSA-166658,C1QB,0.742123266491209,0.6996229564566894,0.042500310034519595
GSE142025_advanced,R-HSA-166658,C1QC,0.742123266491209,0.6939773197347058,0.04814594675650319
GSE142025_advanced,R-HSA-166658,C1R,0.742123266491209,0.6775951156178085,0.06452815087340047
GSE142025_advanced,R-HSA-166658,C1S,0.742123266491209,0.6696313599135082,0.07249190657770077
GSE142025_advanced,R-HSA-166658,C3,0.742123266491209,0.6973870355040999,0.044736230987109105
GSE142025_advanced,R-HSA-166658,C3AR1,0.742123266491209,0.697341224226662,0.04478204226454696
GSE142025_advanced,R-HSA-166658,C5,0.742123266491209,0.7991964278591198,0.05707316136791085
GSE142025_advanced,R-HSA-166658,C5AR1,0.742123266491209,0.767093288443845,0.02497002195263598
GSE142025_advanced,R-HSA-166658,C5AR2,0.742123266491209,0.7966423351310408,0.0545190686398318
GSE142025_advanced,R-HSA-166658,C6,0.742123266491209,0.7256291940421129,0.016494072449096064
GSE142025_advanced,R-HSA-166658,C7,0.742123266491209,0.7026422708695627,0.03948099562164631
GSE142025_advanced,R-HSA-166658,C8G,0.742123266491209,0.7522091439683289,0.010085877477119976
GSE142025_advanced,R-HSA-166658,CD19,0.742123266491209,0.71171763576639,0.030405630724818944
GSE142025_advanced,R-HSA-166658,CD46,0.742123266491209,0.8023121457019301,0.060188879210721136
GSE142025_advanced,R-HSA-166658,CD55,0.742123266491209,0.7948139352906199,0.05269066879941098
GSE142025_advanced,R-HSA-166658,CD59,0.742123266491209,0.7272805515699391,0.014842714921269873
GSE142025_advanced,R-HSA-166658,CD81,0.742123266491209,0.7069638344941676,0.03515943199704141
GSE142025_advanced,R-HSA-166658,CFB,0.742123266491209,0.7808011272170411,0.038677860725832125
GSE142025_advanced,R-HSA-166658,CFD,0.742123266491209,0.6704431735404036,0.07168009295080535
GSE142025_advanced,R-HSA-166658,CFH,0.742123266491209,0.7075571245428807,0.0345661419483283
GSE142025_advanced,R-HSA-166658,CFHR1,0.742123266491209,0.6900752885946289,0.05204797789658011
GSE142025_advanced,R-HSA-166658,CFI,0.742123266491209,0.7927433910842754,0.05062012459306642
GSE142025_advanced,R-HSA-166658,CFP,0.742123266491209,0.709476577944037,0.03264668854717201
GSE142025_advanced,R-HSA-166658,CLU,0.742123266491209,0.7175533951685231,0.024569871322685843
GSE142025_advanced,R-HSA-166658,COLEC10,0.742123266491209,0.7462536630541594,0.004130396562950445
GSE142025_advanced,R-HSA-166658,COLEC11,0.742123266491209,0.7835602849585614,0.04143701846735248
GSE142025_advanced,R-HSA-166658,CPN2,0.742123266491209,0.7866655201798207,0.044542253688611755
GSE142025_advanced,R-HSA-166658,CR1,0.742123266491209,0.7974935964527432,0.05537032996153424
GSE142025_advanced,R-HSA-166658,CR2,0.742123266491209,0.7971851976897221,0.0550619311985131
GSE142025_advanced,R-HSA-166658,CRP,0.742123266491209,0.7836863035560132,0.04156303706480424
GSE142025_advanced,R-HSA-166658,FCN1,0.742123266491209,0.7239645954481524,0.018158671043056573
GSE142025_advanced,R-HSA-166658,FCN2,0.742123266491209,0.7856512789468818,0.04352801245567284
GSE142025_advanced,R-HSA-166658,FCN3,0.742123266491209,0.7906315694194591,0.04850830292825015
GSE142025_advanced,R-HSA-166658,GZMM,0.742123266491209,0.693568706589145,0.04855455990206392
GSE142025_advanced,R-HSA-166658,MASP1,0.742123266491209,0.7792002799041411,0.037077013412932125
GSE142025_advanced,R-HSA-166658,MASP2,0.742123266491209,0.7316220228528659,0.010501243638343039
GSE142025_advanced,R-HSA-166658,PROS1,0.742123266491209,0.7881895510212612,0.04606628453005224
GSE142025_advanced,R-HSA-166658,SERPING1,0.742123266491209,0.7240787561340637,0.01804451035714527
GSE142025_advanced,R-HSA-166658,VTN,0.742123266491209,0.7954971122706613,0.05337384577945237
GSE142025_advanced,R-HSA-9769740,ADAMTS13,-0.332322050217227,-0.31085803952041624,0.021464010696810754
GSE142025_advanced,R-HSA-9769740,AGRN,-0.332322050217227,-0.3498562604631549,0.017534210245927884
GSE142025_advanced,R-HSA-9769740,ANO5,-0.332322050217227,-0.29450040809698314,0.03782164212024386
GSE142025_advanced,R-HSA-9769740,ANO6,-0.332322050217227,-0.33071760053103033,0.0016044496861966628
GSE142025_advanced,R-HSA-9769740,APP,-0.332322050217227,-0.34149374114124237,0.009171690924015374
GSE142025_advanced,R-HSA-9769740,CD177,-0.332322050217227,-0.34251662984264797,0.010194579625420974
GSE142025_advanced,R-HSA-9769740,F10,-0.332322050217227,-0.31275056938041984,0.019571480836807154
GSE142025_advanced,R-HSA-9769740,F11,-0.332322050217227,-0.2947821332518632,0.037539916965363795
GSE142025_advanced,R-HSA-9769740,F12,-0.332322050217227,-0.3377148796930319,0.005392829475804883
GSE142025_advanced,R-HSA-9769740,F13A1,-0.332322050217227,-0.3824973421040931,0.05017529188686609
GSE142025_advanced,R-HSA-9769740,F2R,-0.332322050217227,-0.35033282761989987,0.018010777402672873
GSE142025_advanced,R-HSA-9769740,F3,-0.332322050217227,-0.29166861745252953,0.04065343276469746
GSE142025_advanced,R-HSA-9769740,F5,-0.332322050217227,-0.30544928827764667,0.026872761939580325
GSE142025_advanced,R-HSA-9769740,F7,-0.332322050217227,-0.29813034487326123,0.03419170534396576
GSE142025_advanced,R-HSA-9769740,F8,-0.332322050217227,-0.31161352716249036,0.02070852305473664
GSE142025_advanced,R-HSA-9769740,FGA,-0.332322050217227,-0.34464826807484605,0.01232621785761906
GSE142025_advanced,R-HSA-9769740,FGB,-0.332322050217227,-0.3452405454758154,0.012918495258588403
GSE142025_advanced,R-HSA-9769740,FGG,-0.332322050217227,-0.3514848581594815,0.0191628079422545
GSE142025_advanced,R-HSA-9769740,GP1BA,-0.332322050217227,-0.30239448562151683,0.029927564595710165
GSE142025_advanced,R-HSA-9769740,GP9,-0.332322050217227,-0.33456965188897936,0.002247601671752364
GSE142025_advanced,R-HSA-9769740,GPC1,-0.332322050217227,-0.34834014028211047,0.016018090064883472
GSE142025_advanced,R-HSA-9769740,GPC2,-0.332322050217227,-0.3714074976207457,0.039085447403518714
GSE142025_advanced,R-HSA-9769740,GPC3,-0.332322050217227,-0.32907796998784566,0.0032440802293813298
GSE142025_advanced,R-HSA-9769740,GPC4,-0.332322050217227,-0.3437769858182387,0.011454935601011684
GSE142025_advanced,R-HSA-9769740,GPC5,-0.332322050217227,-0.316829889514391,0.015492160702835989
GSE142025_advanced,R-HSA-9769740,GPC6,-0.332322050217227,-0.32416652792881395,0.008155522288413042
GSE142025_advanced,R-HSA-9769740,HSPG2,-0.332322050217227,-0.350140137825021,0.01781808760779402
GSE142025_advanced,R-HSA-9769740,ITGA2B,-0.332322050217227,-0.3451266789913604,0.012804628774133409
GSE142025_advanced,R-HSA-9769740,ITGB3,-0.332322050217227,-0.37908084953275134,0.046758799315524346
GSE142025_advanced,R-HSA-9769740,KLKB1,-0.332322050217227,-0.30874759543158736,0.02357445478563963
GSE142025_advanced,R-HSA-9769740,KNG1,-0.332322050217227,-0.28789530810357944,0.044426742113647555
GSE142025_advanced,R-HSA-9769740,PF4,-0.332322050217227,-0.3508203969571818,0.01849834673995482
GSE142025_advanced,R-HSA-9769740,PROC,-0.332322050217227,-0.3272816754772973,0.005040374739929687
GSE142025_advanced,R-HSA-9769740,PROCR,-0.332322050217227,-0.3896586848852103,0.05733663466798333
GSE142025_advanced,R-HSA-9769740,PROS1,-0.332322050217227,-0.31758450368735763,0.01473754652986936
GSE142025_advanced,R-HSA-9769740,PROZ,-0.332322050217227,-0.29903716287379084,0.033284887343436154
GSE142025_advanced,R-HSA-9769740,SDC1,-0.332322050217227,-0.3015003821374793,0.030821668079747677
GSE142025_advanced,R-HSA-9769740,SDC2,-0.332322050217227,-0.32653903958784847,0.005783010629378527
GSE142025_advanced,R-HSA-9769740,SDC3,-0.332322050217227,-0.38470604290851323,0.05238399269128624
GSE142025_advanced,R-HSA-9769740,SDC4,-0.332322050217227,-0.33333995268037236,0.0010179024631453704
GSE142025_advanced,R-HSA-9769740,SERPINA5,-0.332322050217227,-0.2986371375184804,0.03368491269874657
GSE142025_advanced,R-HSA-9769740,SERPINC1,-0.332322050217227,-0.3084367314730141,0.023885318744212902
GSE142025_advanced,R-HSA-9769740,SERPIND1,-0.332322050217227,-0.34659989810779385,0.014277847890566853
GSE142025_advanced,R-HSA-9769740,SERPINE1,-0.332322050217227,-0.3279878227529389,0.004334227464288076
GSE142025_advanced,R-HSA-9769740,SERPINE2,-0.332322050217227,-0.3553691321726445,0.023047081955417492
GSE142025_advanced,R-HSA-9769740,SERPING1,-0.332322050217227,-0.36861146288329033,0.036289412666063336
GSE142025_advanced,R-HSA-9769740,SMPD1,-0.332322050217227,-0.3160064090236422,0.016315641193584807
GSE142025_advanced,R-HSA-9769740,TFPI,-0.332322050217227,-0.3177717988558924,0.014550251361334587
GSE142025_advanced,R-HSA-9769740,THBD,-0.332322050217227,-0.3253499540532036,0.006972096164023389
GSE142025_advanced,R-HSA-9769740,VWF,-0.332322050217227,-0.3830547231576037,0.0507326729403767
GSE142025_advanced,R-HSA-202733,ANGPT1,0.43958538967353017,0.44374015288042085,0.004154763206890677
GSE142025_advanced,R-HSA-202733,ANGPT2,0.43958538967353017,0.4420673307016874,0.002481941028157242
GSE142025_advanced,R-HSA-202733,ANGPT4,0.43958538967353017,0.44329317929067696,0.003707789617146795
GSE142025_advanced,R-HSA-202733,APOB,0.43958538967353017,0.45910179407554363,0.019516404402013465
GSE142025_advanced,R-HSA-202733,ATP1B1,0.43958538967353017,0.46084139183629697,0.021256002162766796
GSE142025_advanced,R-HSA-202733,ATP1B2,0.43958538967353017,0.45890189209584703,0.01931650242231686
GSE142025_advanced,R-HSA-202733,ATP1B3,0.43958538967353017,0.4513751509960302,0.011789761322500036
GSE142025_advanced,R-HSA-202733,BSG,0.43958538967353017,0.4494992951770447,0.009913905503514508
GSE142025_advanced,R-HSA-202733,CAV1,0.43958538967353017,0.4313374147302132,0.008247974943316971
GSE142025_advanced,R-HSA-202733,CD177,0.43958538967353017,0.44195385087566175,0.0023684612021315776
GSE142025_advanced,R-HSA-202733,CD2,0.43958538967353017,0.4179022511949096,0.02168313847862058
GSE142025_advanced,R-HSA-202733,CD244,0.43958538967353017,0.42011761129190517,0.019467778381625
GSE142025_advanced,R-HSA-202733,CD44,0.43958538967353017,0.42360449808096123,0.015980891592568935
GSE142025_advanced,R-HSA-202733,CD47,0.43958538967353017,0.4381303065239375,0.0014550831495926952
GSE142025_advanced,R-HSA-202733,CD48,0.43958538967353017,0.41906774132052244,0.020517648353007734
GSE142025_advanced,R-HSA-202733,CD58,0.43958538967353017,0.4616694008929789,0.02208401121944875
GSE142025_advanced,R-HSA-202733,CD74,0.43958538967353017,0.42609782510309324,0.013487564570436927
GSE142025_advanced,R-HSA-202733,CD84,0.43958538967353017,0.41837787123146236,0.021207518442067808
GSE142025_advanced,R-HSA-202733,CD99L2,0.43958538967353017,0.44084203905252256,0.0012566493789923916
GSE142025_advanced,R-HSA-202733,CEACAM1,0.43958538967353017,0.464621545478365,0.025036155804834814
GSE142025_advanced,R-HSA-202733,CEACAM3,0.43958538967353017,0.44280834021512694,0.0032229505415967696
GSE142025_advanced,R-HSA-202733,COL1A1,0.43958538967353017,0.4225754097253323,0.017009979948197862
GSE142025_advanced,R-HSA-202733,COL1A2,0.43958538967353017,0.41763750287798423,0.021947886795545934
GSE142025_advanced,R-HSA-202733,CXADR,0.43958538967353017,0.43747701659341875,0.0021083730801114142
GSE142025_advanced,R-HSA-202733,DOK2,0.43958538967353017,0.42015587981796554,0.01942950985556463
GSE142025_advanced,R-HSA-202733,EPCAM,0.43958538967353017,0.4529795898108516,0.013394200137321455
GSE142025_advanced,R-HSA-202733,ESAM,0.43958538967353017,0.441624636813282,0.002039247139751843
GSE142025_advanced,R-HSA-202733,F11R,0.43958538967353017,0.4399399831986006,0.0003545935250704457
GSE142025_advanced,R-HSA-202733,FCAMR,0.43958538967353017,0.44773443608831404,0.008149046414783867
GSE142025_advanced,R-HSA-202733,FCER1G,0.43958538967353017,0.42287870934155214,0.01670668033197803
GSE142025_advanced,R-HSA-202733,FN1,0.43958538967353017,0.42557388197823676,0.014011507695293413
GSE142025_advanced,R-HSA-202733,FYN,0.43958538967353017,0.43353200366394934,0.00605338600958083
GSE142025_advanced,R-HSA-202733,GAS6,0.43958538967353017,0.44314500195758794,0.003559612284057767
GSE142025_advanced,R-HSA-202733,GLG1,0.43958538967353017,0.4482519026044614,0.008666512930931236
GSE142025_advanced,R-HSA-202733,GP6,0.43958538967353017,0.445663705272907,0.006078315599376827
GSE142025_advanced,R-HSA-202733,GPC1,0.43958538967353017,0.4394725290362385,0.0001128606372916563
GSE142025_advanced,R-HSA-202733,GRB14,0.43958538967353017,0.4648722912940828,0.025286901620552638
GSE142025_advanced,R-HSA-202733,GRB2,0.43958538967353017,0.43130372645711823,0.008281663216411939
GSE142025_advanced,R-HSA-202733,GRB7,0.43958538967353017,0.4585357318788269,0.018950342205296733
GSE142025_advanced,R-HSA-202733,GYPC,0.43958538967353017,0.421531877550246,0.018053512123284154
GSE142025_advanced,R-HSA-202733,HRAS,0.43958538967353017,0.4325535500526906,0.007031839620839586
GSE142025_advanced,R-HSA-202733,INPP5D,0.43958538967353017,0.4264824253156658,0.013102964357864344
GSE142025_advanced,R-HSA-202733,ITGA3,0.43958538967353017,0.4373461820586858,0.002239207614844363
GSE142025_advanced,R-HSA-202733,ITGA4,0.43958538967353017,0.4259343968532657,0.013650992820264496
GSE142025_advanced,R-HSA-202733,ITGA5,0.43958538967353017,0.4348832082504774,0.004702181423052787
GSE142025_advanced,R-HSA-202733,ITGA6,0.43958538967353017,0.4621827988916717,0.022597409218141518
GSE142025_advanced,R-HSA-202733,ITGAL,0.43958538967353017,0.4233102009939952,0.01627518867953498
GSE142025_advanced,R-HSA-202733,ITGAM,0.43958538967353017,0.42065157560863525,0.018933814064894916
GSE142025_advanced,R-HSA-202733,ITGAV,0.43958538967353017,0.44361745110628686,0.004032061432756695
GSE142025_advanced,R-HSA-202733,ITGAX,0.43958538967353017,0.42872756791009653,0.01085782176343364
GSE142025_advanced,R-HSA-202733,ITGB1,0.43958538967353017,0.43475272753556293,0.004832662137967236
GSE142025_advanced,R-HSA-202733,ITGB2,0.43958538967353017,0.42667057606346626,0.012914813610063913
GSE142025_advanced,R-HSA-202733,ITGB3,0.43958538967353017,0.42637431379031326,0.013211075883216905
GSE142025_advanced,R-HSA-202733,JAM2,0.43958538967353017,0.4376580194462858,0.0019273702272443738
GSE142025_advanced,R-HSA-202733,JAM3,0.43958538967353017,0.42772113920572574,0.011864250467804427
GSE142025_advanced,R-HSA-202733,JAML,0.43958538967353017,0.4207413746370709,0.018844015036459272
GSE142025_advanced,R-HSA-202733,JCHAIN,0.43958538967353017,0.4296013368306544,0.00998405284287579
GSE142025_advanced,R-HSA-202733,KRAS,0.43958538967353017,0.4495568116097931,0.009971421936262936
GSE142025_advanced,R-HSA-202733,L1CAM,0.43958538967353017,0.4451482588969674,0.005562869223437239
GSE142025_advanced,R-HSA-202733,LCK,0.43958538967353017,0.4191238937149449,0.020461495958585263
GSE142025_advanced,R-HSA-202733,LYN,0.43958538967353017,0.4248760688698708,0.014709320803659387
GSE142025_advanced,R-HSA-202733,MERTK,0.43958538967353017,0.4516596761672427,0.012074286493712505
GSE142025_advanced,R-HSA-202733,MMP1,0.43958538967353017,0.4322881164139945,0.007297273259535664
GSE142025_advanced,R-HSA-202733,NRAS,0.43958538967353017,0.4319838656999778,0.007601523973552349
GSE142025_advanced,R-HSA-202733,OLR1,0.43958538967353017,0.46430894525044913,0.024723555576918965
GSE142025_advanced,R-HSA-202733,PECAM1,0.43958538967353017,0.4182008401072063,0.02138454956632385
GSE142025_advanced,R-HSA-202733,PF4,0.43958538967353017,0.43841572401816475,0.001169665655365415
GSE142025_advanced,R-HSA-202733,PICK1,0.43958538967353017,0.4545124398590607,0.014927050185530533
GSE142025_advanced,R-HSA-202733,PIK3CA,0.43958538967353017,0.4667534329891875,0.02716804331565731
GSE142025_advanced,R-HSA-202733,PIK3CB,0.43958538967353017,0.4624071808320059,0.022821791158475713
GSE142025_advanced,R-HSA-202733,PIK3R1,0.43958538967353017,0.4351269951925986,0.004458394480931549
GSE142025_advanced,R-HSA-202733,PIK3R2,0.43958538967353017,0.44399912923101587,0.004413739557485696
GSE142025_advanced,R-HSA-202733,PLCG1,0.43958538967353017,0.42902855688443015,0.010556832789100024
GSE142025_advanced,R-HSA-202733,PPIA,0.43958538967353017,0.43020509482547364,0.009380294848056525
GSE142025_advanced,R-HSA-202733,PPIL2,0.43958538967353017,0.44967317394292855,0.010087784269398381
GSE142025_advanced,R-HSA-202733,PROC,0.43958538967353017,0.44844526621394154,0.008859876540411371
GSE142025_advanced,R-HSA-202733,PROCR,0.43958538967353017,0.42186723611839605,0.01771815355513412
GSE142025_advanced,R-HSA-202733,PROS1,0.43958538967353017,0.4525771046287854,0.012991714955255251
GSE142025_advanced,R-HSA-202733,PSG4,0.43958538967353017,0.44987835290474876,0.010292963231218588
GSE142025_advanced,R-HSA-202733,PTPN11,0.43958538967353017,0.43591273259942864,0.0036726570741015263
GSE142025_advanced,R-HSA-202733,PTPN6,0.43958538967353017,0.42318164058040536,0.01640374909312481
GSE142025_advanced,R-HSA-202733,SDC1,0.43958538967353017,0.4594303390282988,0.019844949354768604
GSE142025_advanced,R-HSA-202733,SDC2,0.43958538967353017,0.4487616936798806,0.009176304006350444
GSE142025_advanced,R-HSA-202733,SDC3,0.43958538967353017,0.4239774922649887,0.01560789740854146
GSE142025_advanced,R-HSA-202733,SDC4,0.43958538967353017,0.4458639133187182,0.00627852364518805
GSE142025_advanced,R-HSA-202733,SELE,0.43958538967353017,0.4455420528545779,0.0059566631810477055
GSE142025_advanced,R-HSA-202733,SELL,0.43958538967353017,0.426407199130717,0.013178190542813162
GSE142025_advanced,R-HSA-202733,SELP,0.43958538967353017,0.4352686157291858,0.0043167739443443764
GSE142025_advanced,R-HSA-202733,SELPLG,0.43958538967353017,0.42079459921253115,0.01879079046099902
GSE142025_advanced,R-HSA-202733,SHC1,0.43958538967353017,0.4212030976564111,0.01838229201711905
GSE142025_advanced,R-HSA-202733,SIRPA,0.43958538967353017,0.43551568240047683,0.004069707273053336
GSE142025_advanced,R-HSA-202733,SIRPG,0.43958538967353017,0.42274859237619805,0.016836797297332118
GSE142025_advanced,R-HSA-202733,SLC16A1,0.43958538967353017,0.4565896989558274,0.017004309282297236
GSE142025_advanced,R-HSA-202733,SLC16A3,0.43958538967353017,0.4373805288961547,0.0022048607773754725
GSE142025_advanced,R-HSA-202733,SLC16A8,0.43958538967353017,0.44693947070782314,0.00735408103429297
GSE142025_advanced,R-HSA-202733,SLC3A2,0.43958538967353017,0.45482386075748465,0.015238471083954486
GSE142025_advanced,R-HSA-202733,SLC7A10,0.43958538967353017,0.4507687216696823,0.011183331996152124
GSE142025_advanced,R-HSA-202733,SLC7A11,0.43958538967353017,0.44065365796942263,0.0010682682958924605
GSE142025_advanced,R-HSA-202733,SLC7A5,0.43958538967353017,0.4529979647512708,0.01341257507774063
GSE142025_advanced,R-HSA-202733,SLC7A6,0.43958538967353017,0.42942878703459275,0.010156602638937418
GSE142025_advanced,R-HSA-202733,SLC7A7,0.43958538967353017,0.4541594985656972,0.014574108892167037
GSE142025_advanced,R-HSA-202733,SLC7A8,0.43958538967353017,0.4546890230894696,0.015103633415939455
GSE142025_advanced,R-HSA-202733,SLC7A9,0.43958538967353017,0.4553106672231948,0.01572527754966463
GSE142025_advanced,R-HSA-202733,SOS1,0.43958538967353017,0.45933721319129783,0.019751823517767664
GSE142025_advanced,R-HSA-202733,SPN,0.43958538967353017,0.4245173874184689,0.015068002255061275
GSE142025_advanced,R-HSA-202733,SRC,0.43958538967353017,0.44134684752933206,0.0017614578558018956
GSE142025_advanced,R-HSA-202733,TEK,0.43958538967353017,0.4515538148013662,0.011968425127836024
GSE142025_advanced,R-HSA-202733,TGFB1,0.43958538967353017,0.4315173498668546,0.008068039806675587
GSE142025_advanced,R-HSA-202733,THBD,0.43958538967353017,0.44926834751638156,0.009682957842851392
GSE142025_advanced,R-HSA-202733,TNFRSF10A,0.43958538967353017,0.4296210847633656,0.00996430491016459
GSE142025_advanced,R-HSA-202733,TNFRSF10B,0.43958538967353017,0.43708961903931504,0.002495770634215133
GSE142025_advanced,R-HSA-202733,TNFRSF10D,0.43958538967353017,0.44479056278297435,0.005205173109444183
GSE142025_advanced,R-HSA-202733,TREM1,0.43958538967353017,0.4498242676081162,0.010238877934586055
GSE142025_advanced,R-HSA-202733,TSPAN7,0.43958538967353017,0.4650932143767075,0.025507824703177306
GSE142025_advanced,R-HSA-202733,VPREB3,0.43958538967353017,0.4343575535359529,0.005227836137577269
GSE142025_advanced,R-HSA-202733,YES1,0.43958538967353017,0.4657567013190258,0.026171311645495632
GSE142025_advanced,R-HSA-380108,ACKR2,0.8816516886858924,0.8967759108364357,0.01512422215054332
GSE142025_advanced,R-HSA-380108,ACKR3,0.8816516886858924,0.9211434742132637,0.039491785527371315
GSE142025_advanced,R-HSA-380108,ACKR4,0.8816516886858924,0.9571248461705887,0.0754731574846963
GSE142025_advanced,R-HSA-380108,CCL11,0.8816516886858924,0.8663259157615807,0.015325772924311698
GSE142025_advanced,R-HSA-380108,CCL13,0.8816516886858924,0.8636467783356332,0.018004910350259196
GSE142025_advanced,R-HSA-380108,CCL17,0.8816516886858924,0.8823891318784141,0.0007374431925216696
GSE142025_advanced,R-HSA-380108,CCL19,0.8816516886858924,0.8476703001255584,0.03398138856033395
GSE142025_advanced,R-HSA-380108,CCL2,0.8816516886858924,0.8820040333349837,0.00035234464909128516
GSE142025_advanced,R-HSA-380108,CCL20,0.8816516886858924,0.9067690728509187,0.02511738416502629
GSE142025_advanced,R-HSA-380108,CCL21,0.8816516886858924,0.8343660460172869,0.047285642668605465
GSE142025_advanced,R-HSA-380108,CCL22,0.8816516886858924,0.8680952595575301,0.013556429128362302
GSE142025_advanced,R-HSA-380108,CCL28,0.8816516886858924,0.8572249661500666,0.024426722535825784
GSE142025_advanced,R-HSA-380108,CCL3,0.8816516886858924,0.9301354072731051,0.048483718587212676
GSE142025_advanced,R-HSA-380108,CCL4,0.8816516886858924,0.8963474277974225,0.014695739111530104
GSE142025_advanced,R-HSA-380108,CCL5,0.8816516886858924,0.8541228433527822,0.027528845333110175
GSE142025_advanced,R-HSA-380108,CCR1,0.8816516886858924,0.9113729225825338,0.029721233896641386
GSE142025_advanced,R-HSA-380108,CCR10,0.8816516886858924,0.8932849399915423,0.011633251305649961
GSE142025_advanced,R-HSA-380108,CCR2,0.8816516886858924,0.831083879006495,0.050567809679397335
GSE142025_advanced,R-HSA-380108,CCR4,0.8816516886858924,0.8438023466241379,0.0378493420617545
GSE142025_advanced,R-HSA-380108,CCR5,0.8816516886858924,0.8425019210500201,0.0391497676358723
GSE142025_advanced,R-HSA-380108,CCR6,0.8816516886858924,0.858969326848495,0.022682361837397358
GSE142025_advanced,R-HSA-380108,CCR7,0.8816516886858924,0.8557507508198945,0.025900937865997897
GSE142025_advanced,R-HSA-380108,CCR9,0.8816516886858924,0.9136999012182997,0.032048212532407305
GSE142025_advanced,R-HSA-380108,CCRL2,0.8816516886858924,0.8828578229972552,0.0012061343113628498
GSE142025_advanced,R-HSA-380108,CX3CL1,0.8816516886858924,0.9295720590575515,0.04792037037165908
GSE142025_advanced,R-HSA-380108,CX3CR1,0.8816516886858924,0.8545170722406964,0.02713461644519599
GSE142025_advanced,R-HSA-380108,CXCL1,0.8816516886858924,0.8755332174259248,0.006118471259967562
GSE142025_advanced,R-HSA-380108,CXCL10,0.8816516886858924,0.8785247177709552,0.0031269709149371883
GSE142025_advanced,R-HSA-380108,CXCL12,0.8816516886858924,0.8531625189112882,0.02848916977460414
GSE142025_advanced,R-HSA-380108,CXCL13,0.8816516886858924,0.8862621083646878,0.0046104196787953855
GSE142025_advanced,R-HSA-380108,CXCL16,0.8816516886858924,0.8513082149059021,0.03034347377999025
GSE142025_advanced,R-HSA-380108,CXCL2,0.8816516886858924,0.92614236404021,0.04449067535431761
GSE142025_advanced,R-HSA-380108,CXCL3,0.8816516886858924,0.9221956576398976,0.04054396895400525
GSE142025_advanced,R-HSA-380108,CXCL6,0.8816516886858924,0.8535875435248621,0.028064145161030285
GSE142025_advanced,R-HSA-380108,CXCL8,0.8816516886858924,0.906607586254964,0.024955897569071572
GSE142025_advanced,R-HSA-380108,CXCL9,0.8816516886858924,0.8964659650074535,0.01481427632156107
GSE142025_advanced,R-HSA-380108,CXCR1,0.8816516886858924,0.9164052488020877,0.03475356011619535
GSE142025_advanced,R-HSA-380108,CXCR2,0.8816516886858924,0.9084600380337365,0.02680834934784415
GSE142025_advanced,R-HSA-380108,CXCR3,0.8816516886858924,0.8406196960744007,0.04103199261149171
GSE142025_advanced,R-HSA-380108,CXCR4,0.8816516886858924,0.8934751587983963,0.011823470112503953
GSE142025_advanced,R-HSA-380108,CXCR5,0.8816516886858924,0.8606643160053801,0.020987372680512317
GSE142025_advanced,R-HSA-380108,CXCR6,0.8816516886858924,0.8875428947884713,0.005891206102578872
GSE142025_advanced,R-HSA-380108,PF4,0.8816516886858924,0.8884862386557888,0.0068345499698964085
GSE142025_advanced,R-HSA-380108,PPBP,0.8816516886858924,0.8962262931286575,0.014574604442765149
GSE142025_advanced,R-HSA-380108,XCL2,0.8816516886858924,0.860342961053935,0.021308727631957347
GSE142025_advanced,R-HSA-380108,XCR1,0.8816516886858924,0.8724105842715569,0.009241104414335455
GSE142025_advanced,R-HSA-1474244,A2M,0.7903392891539788,0.7860786982639333,0.00426059089004549
GSE142025_advanced,R-HSA-1474244,ACAN,0.7903392891539788,0.7932713727048012,0.0029320835508224175
GSE142025_advanced,R-HSA-1474244,ACTA1,0.7903392891539788,0.7917194794108302,0.0013801902568514324
GSE142025_advanced,R-HSA-1474244,ACTA2,0.7903392891539788,0.788647301874827,0.0016919872791517632
GSE142025_advanced,R-HSA-1474244,ACTB,0.7903392891539788,0.7875198950812362,0.002819394072742565
GSE142025_advanced,R-HSA-1474244,ACTC1,0.7903392891539788,0.7947830430456324,0.0044437538916536345
GSE142025_advanced,R-HSA-1474244,ACTG1,0.7903392891539788,0.7866470995134993,0.0036921896404794596
GSE142025_advanced,R-HSA-1474244,ACTG2,0.7903392891539788,0.7886107717879658,0.0017285173660129827
GSE142025_advanced,R-HSA-1474244,ACTN1,0.7903392891539788,0.7861525176670122,0.004186771486966556
GSE142025_advanced,R-HSA-1474244,ADAM10,0.7903392891539788,0.7901478730233924,0.00019141613058637486
GSE142025_advanced,R-HSA-1474244,ADAM12,0.7903392891539788,0.7856959111755683,0.004643377978410523
GSE142025_advanced,R-HSA-1474244,ADAM15,0.7903392891539788,0.7830803795471086,0.007258909606870145
GSE142025_advanced,R-HSA-1474244,ADAM17,0.7903392891539788,0.7904214856462213,8.219649224250336e-05
GSE142025_advanced,R-HSA-1474244,ADAM19,0.7903392891539788,0.7849685705761054,0.005370718577873412
GSE142025_advanced,R-HSA-1474244,ADAM8,0.7903392891539788,0.7905551807501346,0.0002158915961558705
GSE142025_advanced,R-HSA-1474244,ADAM9,0.7903392891539788,0.7910096490490495,0.0006703598950706935
GSE142025_advanced,R-HSA-1474244,ADAMTS1,0.7903392891539788,0.7910738987553103,0.0007346096013315373
GSE142025_advanced,R-HSA-1474244,ADAMTS14,0.7903392891539788,0.790020881812074,0.0003184073419048028
GSE142025_advanced,R-HSA-1474244,ADAMTS16,0.7903392891539788,0.7893193879095005,0.0010199012444782607
GSE142025_advanced,R-HSA-1474244,ADAMTS18,0.7903392891539788,0.7958447153732006,0.005505426219221787
GSE142025_advanced,R-HSA-1474244,ADAMTS2,0.7903392891539788,0.7846007789790289,0.005738510174949862
GSE142025_advanced,R-HSA-1474244,ADAMTS3,0.7903392891539788,0.786570346825198,0.0037689423287807777
GSE142025_advanced,R-HSA-1474244,ADAMTS4,0.7903392891539788,0.7971841153282153,0.00684482617423654
GSE142025_advanced,R-HSA-1474244,ADAMTS5,0.7903392891539788,0.7858058549116591,0.004533434242319667
GSE142025_advanced,R-HSA-1474244,ADAMTS8,0.7903392891539788,0.8012107883193254,0.010871499165346576
GSE142025_advanced,R-HSA-1474244,ADAMTS9,0.7903392891539788,0.7901533718854112,0.00018591726856753699
GSE142025_advanced,R-HSA-1474244,AGRN,0.7903392891539788,0.7912637980568585,0.0009245089028797615
GSE142025_advanced,R-HSA-1474244,APP,0.7903392891539788,0.7927015645367663,0.0023622753827875487
GSE142025_advanced,R-HSA-1474244,ASPN,0.7903392891539788,0.7952666054203351,0.004927316266356341
GSE142025_advanced,R-HSA-1474244,BCAN,0.7903392891539788,0.7887117500786153,0.0016275390753635044
GSE142025_advanced,R-HSA-1474244,BGN,0.7903392891539788,0.7898430837280932,0.0004962054258855764
GSE142025_advanced,R-HSA-1474244,BMP1,0.7903392891539788,0.7879694800426753,0.002369809111303467
GSE142025_advanced,R-HSA-1474244,BMP2,0.7903392891539788,0.7949301814405191,0.004590892286540305
GSE142025_advanced,R-HSA-1474244,BMP4,0.7903392891539788,0.7853148352718358,0.00502445388214301
GSE142025_advanced,R-HSA-1474244,BMP7,0.7903392891539788,0.8018846162880972,0.011545327134118377
GSE142025_advanced,R-HSA-1474244,BSG,0.7903392891539788,0.7955703524255038,0.005231063271525005
GSE142025_advanced,R-HSA-1474244,CAPN1,0.7903392891539788,0.7869922346470383,0.0033470545069405055
GSE142025_advanced,R-HSA-1474244,CAPN10,0.7903392891539788,0.7890310590416001,0.0013082301123786833
GSE142025_advanced,R-HSA-1474244,CAPN12,0.7903392891539788,0.7987251764051284,0.008385887251149637
GSE142025_advanced,R-HSA-1474244,CAPN13,0.7903392891539788,0.7993853976859555,0.009046108531976738
GSE142025_advanced,R-HSA-1474244,CAPN15,0.7903392891539788,0.7944804635590944,0.004141174405115633
GSE142025_advanced,R-HSA-1474244,CAPN2,0.7903392891539788,0.790620330879069,0.0002810417250902475
GSE142025_advanced,R-HSA-1474244,CAPN3,0.7903392891539788,0.7935733967156291,0.0032341075616503234
GSE142025_advanced,R-HSA-1474244,CAPN5,0.7903392891539788,0.7982573857476447,0.007918096593665935
GSE142025_advanced,R-HSA-1474244,CAPN6,0.7903392891539788,0.7832353345740075,0.007103954579971261
GSE142025_advanced,R-HSA-1474244,CAPN7,0.7903392891539788,0.8000464040973044,0.009707114943325656
GSE142025_advanced,R-HSA-1474244,CAPN8,0.7903392891539788,0.7875010290118335,0.002838260142145277
GSE142025_advanced,R-HSA-1474244,CAPNS1,0.7903392891539788,0.7872504081805806,0.0030888809733982114
GSE142025_advanced,R-HSA-1474244,CASK,0.7903392891539788,0.7862140319107592,0.004125257243219549
GSE142025_advanced,R-HSA-1474244,CASP3,0.7903392891539788,0.7896295353673325,0.0007097537866462833
GSE142025_advanced,R-HSA-1474244,CAST,0.7903392891539788,0.7894822802861289,0.0008570088678498955
GSE142025_advanced,R-HSA-1474244,CD151,0.7903392891539788,0.7857616902571091,0.004577598896869706
GSE142025_advanced,R-HSA-1474244,CD44,0.7903392891539788,0.7851215746498912,0.005217714504087589
GSE142025_advanced,R-HSA-1474244,CD47,0.7903392891539788,0.7909828657760044,0.0006435766220256323
GSE142025_advanced,R-HSA-1474244,CDH1,0.7903392891539788,0.7956195542343745,0.005280265080395696
GSE142025_advanced,R-HSA-1474244,CEACAM1,0.7903392891539788,0.8016723130734049,0.011333023919426144
GSE142025_advanced,R-HSA-1474244,CMA1,0.7903392891539788,0.7922955189806488,0.0019562298266699862
GSE142025_advanced,R-HSA-1474244,COL10A1,0.7903392891539788,0.7938348112933455,0.003495522139366769
GSE142025_advanced,R-HSA-1474244,COL11A1,0.7903392891539788,0.7904805880332894,0.00014129887931058072
GSE142025_advanced,R-HSA-1474244,COL12A1,0.7903392891539788,0.7914245993029533,0.0010853101489745054
GSE142025_advanced,R-HSA-1474244,COL13A1,0.7903392891539788,0.7947629713419729,0.00442368218799416
GSE142025_advanced,R-HSA-1474244,COL14A1,0.7903392891539788,0.7829162333208982,0.007423055833080561
GSE142025_advanced,R-HSA-1474244,COL15A1,0.7903392891539788,0.784200276109204,0.0061390130447748215
GSE142025_advanced,R-HSA-1474244,COL16A1,0.7903392891539788,0.7854810759064931,0.004858213247485699
GSE142025_advanced,R-HSA-1474244,COL17A1,0.7903392891539788,0.785322667973142,0.005016621180836789
GSE142025_advanced,R-HSA-1474244,COL18A1,0.7903392891539788,0.7924912681570905,0.0021519790031117036
GSE142025_advanced,R-HSA-1474244,COL19A1,0.7903392891539788,0.799546193657916,0.009206904503937241
GSE142025_advanced,R-HSA-1474244,COL1A1,0.7903392891539788,0.7847063284713041,0.005632960682674715
GSE142025_advanced,R-HSA-1474244,COL1A2,0.7903392891539788,0.7827138397434268,0.007625449410551988
GSE142025_advanced,R-HSA-1474244,COL21A1,0.7903392891539788,0.7928421413136161,0.0025028521596373032
GSE142025_advanced,R-HSA-1474244,COL22A1,0.7903392891539788,0.7928253864004763,0.0024860972464975095
GSE142025_advanced,R-HSA-1474244,COL23A1,0.7903392891539788,0.7935516206558011,0.0032123315018223186
GSE142025_advanced,R-HSA-1474244,COL24A1,0.7903392891539788,0.800284281216878,0.009944992062899227
GSE142025_advanced,R-HSA-1474244,COL25A1,0.7903392891539788,0.7941821869330186,0.003842897779039789
GSE142025_advanced,R-HSA-1474244,COL26A1,0.7903392891539788,0.7920951386098937,0.001755849455914893
GSE142025_advanced,R-HSA-1474244,COL27A1,0.7903392891539788,0.7909106799965437,0.0005713908425649672
GSE142025_advanced,R-HSA-1474244,COL28A1,0.7903392891539788,0.7931961334066616,0.002856844252682844
GSE142025_advanced,R-HSA-1474244,COL3A1,0.7903392891539788,0.7816134040034554,0.008725885150523416
GSE142025_advanced,R-HSA-1474244,COL4A1,0.7903392891539788,0.7871303079657928,0.003208981188186022
GSE142025_advanced,R-HSA-1474244,COL4A2,0.7903392891539788,0.7873474943176744,0.0029917948363044067
GSE142025_advanced,R-HSA-1474244,COL4A3,0.7903392891539788,0.7973581275353365,0.00701883838135775
GSE142025_advanced,R-HSA-1474244,COL4A4,0.7903392891539788,0.7885723470678662,0.0017669420861126106
GSE142025_advanced,R-HSA-1474244,COL4A5,0.7903392891539788,0.7934703900020149,0.003131100848036139
GSE142025_advanced,R-HSA-1474244,COL4A6,0.7903392891539788,0.7948931901519553,0.004553900997976479
GSE142025_advanced,R-HSA-1474244,COL5A1,0.7903392891539788,0.7847655882545272,0.005573700899451528
GSE142025_advanced,R-HSA-1474244,COL5A2,0.7903392891539788,0.7858259312239437,0.004513357930035045
GSE142025_advanced,R-HSA-1474244,COL5A3,0.7903392891539788,0.7903778356664197,3.85465124409512e-05
GSE142025_advanced,R-HSA-1474244,COL6A1,0.7903392891539788,0.7961806644290346,0.0058413752750557935
GSE142025_advanced,R-HSA-1474244,COL6A2,0.7903392891539788,0.7883346093732684,0.0020046797807103944
GSE142025_advanced,R-HSA-1474244,COL6A3,0.7903392891539788,0.7813598482057721,0.008979440948206685
GSE142025_advanced,R-HSA-1474244,COL6A5,0.7903392891539788,0.7838213094063899,0.006517979747588831
GSE142025_advanced,R-HSA-1474244,COL6A6,0.7903392891539788,0.7886859918036186,0.0016532973503601278
GSE142025_advanced,R-HSA-1474244,COL7A1,0.7903392891539788,0.7888231222407013,0.0015161669132774946
GSE142025_advanced,R-HSA-1474244,COL8A1,0.7903392891539788,0.7840654701291742,0.006273819024804617
GSE142025_advanced,R-HSA-1474244,COL8A2,0.7903392891539788,0.782991455458122,0.007347833695856787
GSE142025_advanced,R-HSA-1474244,COL9A2,0.7903392891539788,0.7924761306901024,0.0021368415361235904
GSE142025_advanced,R-HSA-1474244,COL9A3,0.7903392891539788,0.7925117935236564,0.0021725043696776414
GSE142025_advanced,R-HSA-1474244,COLGALT1,0.7903392891539788,0.7852333119626961,0.005105977191282696
GSE142025_advanced,R-HSA-1474244,COLGALT2,0.7903392891539788,0.7947621870502989,0.00442289789632011
GSE142025_advanced,R-HSA-1474244,COMP,0.7903392891539788,0.7852072394845333,0.005132049669445471
GSE142025_advanced,R-HSA-1474244,CRTAP,0.7903392891539788,0.7889588566310592,0.001380432522919528
GSE142025_advanced,R-HSA-1474244,CTSB,0.7903392891539788,0.7960819254250842,0.0057426362711053835
GSE142025_advanced,R-HSA-1474244,CTSD,0.7903392891539788,0.7918304058165815,0.0014911166626027095
GSE142025_advanced,R-HSA-1474244,CTSG,0.7903392891539788,0.786964440293555,0.003374848860423829
GSE142025_advanced,R-HSA-1474244,CTSK,0.7903392891539788,0.7836204236663366,0.006718865487642223
GSE142025_advanced,R-HSA-1474244,CTSL,0.7903392891539788,0.7968625451567566,0.006523256002777811
GSE142025_advanced,R-HSA-1474244,CTSS,0.7903392891539788,0.784157740609091,0.006181548544887727
GSE142025_advanced,R-HSA-1474244,CTSV,0.7903392891539788,0.8001023101725835,0.009763021018604712
GSE142025_advanced,R-HSA-1474244,DAG1,0.7903392891539788,0.7956589972732172,0.005319708119238431
GSE142025_advanced,R-HSA-1474244,DCN,0.7903392891539788,0.7844497243655428,0.0058895647884359414
GSE142025_advanced,R-HSA-1474244,DDR1,0.7903392891539788,0.7913737817205089,0.0010344925665300986
GSE142025_advanced,R-HSA-1474244,DDR2,0.7903392891539788,0.7832074051358163,0.007131884018162449
GSE142025_advanced,R-HSA-1474244,DMD,0.7903392891539788,0.7892437842612806,0.0010955048926981625
GSE142025_advanced,R-HSA-1474244,DRP2,0.7903392891539788,0.7865527193839285,0.0037865697700503187
GSE142025_advanced,R-HSA-1474244,DST,0.7903392891539788,0.7880132446166409,0.002326044537337868
GSE142025_advanced,R-HSA-1474244,DTNA,0.7903392891539788,0.7911820714579396,0.0008427823039608429
GSE142025_advanced,R-HSA-1474244,DTNB,0.7903392891539788,0.7936327588938568,0.0032934697398779855
GSE142025_advanced,R-HSA-1474244,EFEMP1,0.7903392891539788,0.791035657946593,0.0006963687926142548
GSE142025_advanced,R-HSA-1474244,EFEMP2,0.7903392891539788,0.7838574893464385,0.006481799807540267
GSE142025_advanced,R-HSA-1474244,ELN,0.7903392891539788,0.7866350681734873,0.0037042209804915016
GSE142025_advanced,R-HSA-1474244,EMILIN1,0.7903392891539788,0.7848051928121679,0.005534096341810901
GSE142025_advanced,R-HSA-1474244,EMILIN2,0.7903392891539788,0.7847561349033113,0.005583154250667466
GSE142025_advanced,R-HSA-1474244,EMILIN3,0.7903392891539788,0.7962419427919136,0.0059026536379348515
GSE142025_advanced,R-HSA-1474244,F11R,0.7903392891539788,0.7917130861885878,0.0013737970346090478
GSE142025_advanced,R-HSA-1474244,FBLN1,0.7903392891539788,0.7841961969156535,0.006143092238325321
GSE142025_advanced,R-HSA-1474244,FBLN2,0.7903392891539788,0.7883888922504991,0.0019503969034796453
GSE142025_advanced,R-HSA-1474244,FBLN5,0.7903392891539788,0.7870514872242298,0.003287801929748979
GSE142025_advanced,R-HSA-1474244,FBN1,0.7903392891539788,0.7794368610683224,0.010902428085656335
GSE142025_advanced,R-HSA-1474244,FBN2,0.7903392891539788,0.7879022652489014,0.0024370239050773845
GSE142025_advanced,R-HSA-1474244,FBN3,0.7903392891539788,0.8001968760513531,0.00985758689737437
GSE142025_advanced,R-HSA-1474244,FGA,0.7903392891539788,0.7921592072744976,0.0018199181205188486
GSE142025_advanced,R-HSA-1474244,FGB,0.7903392891539788,0.7920573771248572,0.001718087970878468
GSE142025_advanced,R-HSA-1474244,FGF2,0.7903392891539788,0.7863304170428207,0.004008872111158079
GSE142025_advanced,R-HSA-1474244,FGG,0.7903392891539788,0.7909837935406481,0.0006445043866692979
GSE142025_advanced,R-HSA-1474244,FMOD,0.7903392891539788,0.7816386349124248,0.008700654241553973
GSE142025_advanced,R-HSA-1474244,FN1,0.7903392891539788,0.7859162383277392,0.004423050826239616
GSE142025_advanced,R-HSA-1474244,FURIN,0.7903392891539788,0.7926772162966194,0.0023379271426405834
GSE142025_advanced,R-HSA-1474244,GDF5,0.7903392891539788,0.7869140900070537,0.003425199146925073
GSE142025_advanced,R-HSA-1474244,HAPLN1,0.7903392891539788,0.7909635879925192,0.0006242988385404269
GSE142025_advanced,R-HSA-1474244,HSPG2,0.7903392891539788,0.7912149910718359,0.0008757019178571301
GSE142025_advanced,R-HSA-1474244,HTRA1,0.7903392891539788,0.8004247388115768,0.010085449657598056
GSE142025_advanced,R-HSA-1474244,ICAM1,0.7903392891539788,0.7908954200920771,0.0005561309380983648
GSE142025_advanced,R-HSA-1474244,ICAM2,0.7903392891539788,0.7856528485847213,0.004686440569257488
GSE142025_advanced,R-HSA-1474244,ICAM3,0.7903392891539788,0.7865552887395929,0.0037840004143858685
GSE142025_advanced,R-HSA-1474244,ICAM4,0.7903392891539788,0.800650717467419,0.01031142831344023
GSE142025_advanced,R-HSA-1474244,ICAM5,0.7903392891539788,0.7968224798423996,0.006483190688420848
GSE142025_advanced,R-HSA-1474244,ITGA1,0.7903392891539788,0.7919170982760402,0.0015778091220614021
GSE142025_advanced,R-HSA-1474244,ITGA10,0.7903392891539788,0.7902380245555222,0.0001012645984566074
GSE142025_advanced,R-HSA-1474244,ITGA11,0.7903392891539788,0.7899259180285758,0.0004133711254029615
GSE142025_advanced,R-HSA-1474244,ITGA2,0.7903392891539788,0.792329156312697,0.0019898671587181838
GSE142025_advanced,R-HSA-1474244,ITGA2B,0.7903392891539788,0.792076954169553,0.0017376650155742634
GSE142025_advanced,R-HSA-1474244,ITGA3,0.7903392891539788,0.7906664646759906,0.00032717552201178
GSE142025_advanced,R-HSA-1474244,ITGA4,0.7903392891539788,0.7860617092422245,0.004277579911754259
GSE142025_advanced,R-HSA-1474244,ITGA5,0.7903392891539788,0.789672633139345,0.0006666560146337819
GSE142025_advanced,R-HSA-1474244,ITGA6,0.7903392891539788,0.8006882574331602,0.010348968279181414
GSE142025_advanced,R-HSA-1474244,ITGA7,0.7903392891539788,0.7937702738602396,0.003430984706260798
GSE142025_advanced,R-HSA-1474244,ITGA8,0.7903392891539788,0.7967520034784619,0.006412714324483093
GSE142025_advanced,R-HSA-1474244,ITGA9,0.7903392891539788,0.7851689215874185,0.005170367566560308
GSE142025_advanced,R-HSA-1474244,ITGAD,0.7903392891539788,0.7856533522806897,0.004685936873289109
GSE142025_advanced,R-HSA-1474244,ITGAE,0.7903392891539788,0.7875285113271989,0.0028107778267798533
GSE142025_advanced,R-HSA-1474244,ITGAL,0.7903392891539788,0.785002823193747,0.00533646596023174
GSE142025_advanced,R-HSA-1474244,ITGAM,0.7903392891539788,0.7839300445294789,0.006409244624499877
GSE142025_advanced,R-HSA-1474244,ITGAV,0.7903392891539788,0.7931969767478295,0.002857687593850744
GSE142025_advanced,R-HSA-1474244,ITGAX,0.7903392891539788,0.7871887782651563,0.0031505108888224553
GSE142025_advanced,R-HSA-1474244,ITGB1,0.7903392891539788,0.7896199830263094,0.0007193061276693502
GSE142025_advanced,R-HSA-1474244,ITGB2,0.7903392891539788,0.7863587640112528,0.003980525142725955
GSE142025_advanced,R-HSA-1474244,ITGB3,0.7903392891539788,0.7862392195852437,0.0041000695687350985
GSE142025_advanced,R-HSA-1474244,ITGB4,0.7903392891539788,0.7895902728342158,0.0007490163197629851
GSE142025_advanced,R-HSA-1474244,ITGB5,0.7903392891539788,0.7879740777450271,0.0023652114089516285
GSE142025_advanced,R-HSA-1474244,ITGB6,0.7903392891539788,0.7861037363157208,0.004235552838257939
GSE142025_advanced,R-HSA-1474244,ITGB7,0.7903392891539788,0.7869057462388973,0.0034335429150814667
GSE142025_advanced,R-HSA-1474244,ITGB8,0.7903392891539788,0.7901798171463256,0.00015947200765320524
GSE142025_advanced,R-HSA-1474244,JAM2,0.7903392891539788,0.7907922937973029,0.0004530046433240953
GSE142025_advanced,R-HSA-1474244,JAM3,0.7903392891539788,0.7867826754546207,0.0035566136993581132
GSE142025_advanced,R-HSA-1474244,KDR,0.7903392891539788,0.8003039397130739,0.009964650559095123
GSE142025_advanced,R-HSA-1474244,KLK7,0.7903392891539788,0.7973124644584421,0.006973175304463286
GSE142025_advanced,R-HSA-1474244,KLKB1,0.7903392891539788,0.7983316036236895,0.007992314469710715
GSE142025_advanced,R-HSA-1474244,LAMA1,0.7903392891539788,0.7917161914984455,0.001376902344466746
GSE142025_advanced,R-HSA-1474244,LAMA2,0.7903392891539788,0.7858442699697885,0.004495019184190263
GSE142025_advanced,R-HSA-1474244,LAMA3,0.7903392891539788,0.787935661332543,0.002403627821435772
GSE142025_advanced,R-HSA-1474244,LAMA4,0.7903392891539788,0.7808673437288395,0.009471945425139294
GSE142025_advanced,R-HSA-1474244,LAMA5,0.7903392891539788,0.7937637313922395,0.003424442238260772
GSE142025_advanced,R-HSA-1474244,LAMB1,0.7903392891539788,0.7906014728508222,0.0002621836968433877
GSE142025_advanced,R-HSA-1474244,LAMB2,0.7903392891539788,0.7942779761451644,0.003938686991185603
GSE142025_advanced,R-HSA-1474244,LAMB3,0.7903392891539788,0.7916904807779138,0.001351191623935044
GSE142025_advanced,R-HSA-1474244,LAMC1,0.7903392891539788,0.7845014196450487,0.00583786950893006
GSE142025_advanced,R-HSA-1474244,LAMC2,0.7903392891539788,0.7844411772299897,0.005898111923989036
GSE142025_advanced,R-HSA-1474244,LAMC3,0.7903392891539788,0.7900464513465593,0.0002928378074195104
GSE142025_advanced,R-HSA-1474244,LOX,0.7903392891539788,0.8008138253462684,0.010474536192289663
GSE142025_advanced,R-HSA-1474244,LOXL1,0.7903392891539788,0.7830650217184154,0.007274267435563364
GSE142025_advanced,R-HSA-1474244,LOXL2,0.7903392891539788,0.7879968279442218,0.0023424612097570074
GSE142025_advanced,R-HSA-1474244,LOXL3,0.7903392891539788,0.7853881130721255,0.004951176081853248
GSE142025_advanced,R-HSA-1474244,LOXL4,0.7903392891539788,0.7844208069044447,0.005918482249534063
GSE142025_advanced,R-HSA-1474244,LRP4,0.7903392891539788,0.78972635906759,0.000612930086388741
GSE142025_advanced,R-HSA-1474244,LTBP1,0.7903392891539788,0.7866455038955903,0.0036937852583884823
GSE142025_advanced,R-HSA-1474244,LTBP2,0.7903392891539788,0.7892101583139289,0.0011291308400498412
GSE142025_advanced,R-HSA-1474244,LTBP3,0.7903392891539788,0.7926765111545299,0.002337222000551087
GSE142025_advanced,R-HSA-1474244,LTBP4,0.7903392891539788,0.7911558342157053,0.0008165450617265702
GSE142025_advanced,R-HSA-1474244,LUM,0.7903392891539788,0.7815146258089706,0.008824663345008199
GSE142025_advanced,R-HSA-1474244,MATN3,0.7903392891539788,0.7915056980234442,0.0011664088694653962
GSE142025_advanced,R-HSA-1474244,MFAP2,0.7903392891539788,0.7849786154730777,0.005360673680901096
GSE142025_advanced,R-HSA-1474244,MFAP3,0.7903392891539788,0.7960771540721769,0.005737864918198166
GSE142025_advanced,R-HSA-1474244,MFAP4,0.7903392891539788,0.7810925792385803,0.009246709915398443
GSE142025_advanced,R-HSA-1474244,MFAP5,0.7903392891539788,0.7897771268307712,0.0005621623232076045
GSE142025_advanced,R-HSA-1474244,MMP1,0.7903392891539788,0.7886254908193607,0.001713798334618044
GSE142025_advanced,R-HSA-1474244,MMP11,0.7903392891539788,0.7853659608223542,0.00497332833162456
GSE142025_advanced,R-HSA-1474244,MMP12,0.7903392891539788,0.7965016166080092,0.006162327454030447
GSE142025_advanced,R-HSA-1474244,MMP13,0.7903392891539788,0.7977838387982363,0.007444549644257559
GSE142025_advanced,R-HSA-1474244,MMP14,0.7903392891539788,0.7858376633493319,0.004501625804646858
GSE142025_advanced,R-HSA-1474244,MMP15,0.7903392891539788,0.7947494587516833,0.004410169597704572
GSE142025_advanced,R-HSA-1474244,MMP17,0.7903392891539788,0.7902133558857374,0.00012593326824139606
GSE142025_advanced,R-HSA-1474244,MMP19,0.7903392891539788,0.7896723762684448,0.000666912885533999
GSE142025_advanced,R-HSA-1474244,MMP2,0.7903392891539788,0.7839116882181175,0.006427600935861255
GSE142025_advanced,R-HSA-1474244,MMP24,0.7903392891539788,0.7965449179638175,0.00620562880983877
GSE142025_advanced,R-HSA-1474244,MMP25,0.7903392891539788,0.7907116665816977,0.00037237742771889515
GSE142025_advanced,R-HSA-1474244,MMP3,0.7903392891539788,0.7962184157321763,0.005879126578197558
GSE142025_advanced,R-HSA-1474244,MMP7,0.7903392891539788,0.7838310338051425,0.006508255348836256
GSE142025_advanced,R-HSA-1474244,MMP9,0.7903392891539788,0.7872493436363496,0.0030899455176292
GSE142025_advanced,R-HSA-1474244,MUSK,0.7903392891539788,0.7858535376305944,0.004485751523384374
GSE142025_advanced,R-HSA-1474244,NCAM1,0.7903392891539788,0.7889699460056125,0.001369343148366231
GSE142025_advanced,R-HSA-1474244,NCSTN,0.7903392891539788,0.7970562745477338,0.006716985393754982
GSE142025_advanced,R-HSA-1474244,NID1,0.7903392891539788,0.7892939836557491,0.0010453054982296761
GSE142025_advanced,R-HSA-1474244,NID2,0.7903392891539788,0.7861146526737207,0.004224636480258059
GSE142025_advanced,R-HSA-1474244,NRXN1,0.7903392891539788,0.7973906760008618,0.007051386846883001
GSE142025_advanced,R-HSA-1474244,NTN4,0.7903392891539788,0.793853386469033,0.0035140973150542543
GSE142025_advanced,R-HSA-1474244,P3H1,0.7903392891539788,0.7860435253767647,0.004295763777214079
GSE142025_advanced,R-HSA-1474244,P3H2,0.7903392891539788,0.7932831011846082,0.0029438120306294335
GSE142025_advanced,R-HSA-1474244,P3H3,0.7903392891539788,0.7847420521027221,0.005597237051256698
GSE142025_advanced,R-HSA-1474244,P4HA1,0.7903392891539788,0.7989981264873092,0.008658837333330394
GSE142025_advanced,R-HSA-1474244,P4HA2,0.7903392891539788,0.7985275791069264,0.008188289952947625
GSE142025_advanced,R-HSA-1474244,P4HA3,0.7903392891539788,0.78934787635942,0.0009914127945587214
GSE142025_advanced,R-HSA-1474244,P4HB,0.7903392891539788,0.7867987307288676,0.00354055842511114
GSE142025_advanced,R-HSA-1474244,PCOLCE,0.7903392891539788,0.783880096391255,0.0064591927627237755
GSE142025_advanced,R-HSA-1474244,PCOLCE2,0.7903392891539788,0.7986353859045445,0.008296096750565751
GSE142025_advanced,R-HSA-1474244,PDGFA,0.7903392891539788,0.7931908261673485,0.0028515370133697093
GSE142025_advanced,R-HSA-1474244,PDGFB,0.7903392891539788,0.7938127997622502,0.0034735106082713907
GSE142025_advanced,R-HSA-1474244,PECAM1,0.7903392891539788,0.7829411512569724,0.007398137897006385
GSE142025_advanced,R-HSA-1474244,PHYKPL,0.7903392891539788,0.7909572128396406,0.0006179236856618253
GSE142025_advanced,R-HSA-1474244,PLEC,0.7903392891539788,0.7913557590541527,0.0010164699001738997
GSE142025_advanced,R-HSA-1474244,PLG,0.7903392891539788,0.798809225118025,0.008469935964046216
GSE142025_advanced,R-HSA-1474244,PLOD1,0.7903392891539788,0.7968553771645583,0.006516088010579568
GSE142025_advanced,R-HSA-1474244,PLOD2,0.7903392891539788,0.7945000476847968,0.004160758530817987
GSE142025_advanced,R-HSA-1474244,PLOD3,0.7903392891539788,0.793158452075884,0.002819162921905205
GSE142025_advanced,R-HSA-1474244,PPIB,0.7903392891539788,0.7873183060115396,0.0030209831424391487
GSE142025_advanced,R-HSA-1474244,PRKCA,0.7903392891539788,0.7944182795025025,0.00407899034852377
GSE142025_advanced,R-HSA-1474244,PSEN1,0.7903392891539788,0.7932434283697755,0.002904139215796686
GSE142025_advanced,R-HSA-1474244,PTPRS,0.7903392891539788,0.7923763413097709,0.002037052155792085
GSE142025_advanced,R-HSA-1474244,PXDN,0.7903392891539788,0.7843217132918583,0.006017575862120483
GSE142025_advanced,R-HSA-1474244,SCUBE1,0.7903392891539788,0.7990550939309446,0.008715804776965874
GSE142025_advanced,R-HSA-1474244,SCUBE3,0.7903392891539788,0.7917725358923126,0.0014332467383337821
GSE142025_advanced,R-HSA-1474244,SDC1,0.7903392891539788,0.7995776157339045,0.009238326579925737
GSE142025_advanced,R-HSA-1474244,SDC2,0.7903392891539788,0.7952727237512095,0.004933434597230724
GSE142025_advanced,R-HSA-1474244,SDC3,0.7903392891539788,0.785272081075025,0.005067208078953778
GSE142025_advanced,R-HSA-1474244,SDC4,0.7903392891539788,0.7941034439563546,0.0037641548023757965
GSE142025_advanced,R-HSA-1474244,SERPINE1,0.7903392891539788,0.7950236347158078,0.004684345561829062
GSE142025_advanced,R-HSA-1474244,SERPINH1,0.7903392891539788,0.7874441990810763,0.002895090072902451
GSE142025_advanced,R-HSA-1474244,SGCA,0.7903392891539788,0.7975514553322838,0.007212166178305002
GSE142025_advanced,R-HSA-1474244,SGCB,0.7903392891539788,0.7981968910582097,0.007857601904230904
GSE142025_advanced,R-HSA-1474244,SGCD,0.7903392891539788,0.7897451134370268,0.0005941757169519724
GSE142025_advanced,R-HSA-1474244,SGCE,0.7903392891539788,0.7886345302343092,0.0017047589196695911
GSE142025_advanced,R-HSA-1474244,SH3PXD2A,0.7903392891539788,0.7876650397464878,0.0026742494074909473
GSE142025_advanced,R-HSA-1474244,SNTA1,0.7903392891539788,0.7976614367832274,0.007322147629248654
GSE142025_advanced,R-HSA-1474244,SNTB1,0.7903392891539788,0.7997749499697406,0.00943566081576186
GSE142025_advanced,R-HSA-1474244,SNTB2,0.7903392891539788,0.7940182003625116,0.003678911208532809
GSE142025_advanced,R-HSA-1474244,SPARC,0.7903392891539788,0.7880579639314945,0.002281325222484254
GSE142025_advanced,R-HSA-1474244,SPP1,0.7903392891539788,0.790616281163476,0.00027699200949726777
GSE142025_advanced,R-HSA-1474244,SSPN,0.7903392891539788,0.7853289976665708,0.005010291487407947
GSE142025_advanced,R-HSA-1474244,TGFB1,0.7903392891539788,0.7883144797564796,0.002024809397499161
GSE142025_advanced,R-HSA-1474244,TGFB2,0.7903392891539788,0.7908653918345766,0.0005261026805978286
GSE142025_advanced,R-HSA-1474244,TGFB3,0.7903392891539788,0.7907108404875308,0.00037155133355204484
GSE142025_advanced,R-HSA-1474244,THBS1,0.7903392891539788,0.791667174268137,0.001327885114158267
GSE142025_advanced,R-HSA-1474244,TIMP1,0.7903392891539788,0.7829796048253359,0.007359684328642868
GSE142025_advanced,R-HSA-1474244,TIMP2,0.7903392891539788,0.7866425878803635,0.0036967012736153215
GSE142025_advanced,R-HSA-1474244,TLL1,0.7903392891539788,0.7939041902215915,0.003564901067612758
GSE142025_advanced,R-HSA-1474244,TLL2,0.7903392891539788,0.7875574010992766,0.002781888054702142
GSE142025_advanced,R-HSA-1474244,TNC,0.7903392891539788,0.7856099097912623,0.004729379362716446
GSE142025_advanced,R-HSA-1474244,TNN,0.7903392891539788,0.7990059368338059,0.008666647679827166
GSE142025_advanced,R-HSA-1474244,TNXB,0.7903392891539788,0.7945744469544398,0.00423515780046102
GSE142025_advanced,R-HSA-1474244,TPSAB1,0.7903392891539788,0.7867649448456143,0.003574344308364452
GSE142025_advanced,R-HSA-1474244,TRAPPC4,0.7903392891539788,0.7903782985135723,3.900935959355589e-05
GSE142025_advanced,R-HSA-1474244,TTR,0.7903392891539788,0.7952294736880382,0.0048901845340594274
GSE142025_advanced,R-HSA-1474244,UTRN,0.7903392891539788,0.7867319021937129,0.003607386960265857
GSE142025_advanced,R-HSA-1474244,VCAM1,0.7903392891539788,0.7880840153670982,0.0022552737868806183
GSE142025_advanced,R-HSA-1474244,VCAN,0.7903392891539788,0.782646426029407,0.007692863124571736
GSE142025_advanced,R-HSA-1474244,VTN,0.7903392891539788,0.797812257603317,0.007472968449338202
GSE142025_advanced,R-HSA-1474244,VWF,0.7903392891539788,0.7855559921900936,0.004783296963885131
GSE142025_advanced,R-HSA-1234174,ADRM1,0.31837539700143747,0.3091236953304425,0.009251701670994983
GSE142025_advanced,R-HSA-1234174,AJUBA,0.31837539700143747,0.3081041352617556,0.010271261739681847
GSE142025_advanced,R-HSA-1234174,ARNT,0.31837539700143747,0.30263453402716545,0.01574086297427202
GSE142025_advanced,R-HSA-1234174,CITED2,0.31837539700143747,0.3386640702386791,0.02028867323724165
GSE142025_advanced,R-HSA-1234174,CREBBP,0.31837539700143747,0.3159678628663335,0.0024075341351039725
GSE142025_advanced,R-HSA-1234174,CUL2,0.31837539700143747,0.3447823925344822,0.026406995533044708
GSE142025_advanced,R-HSA-1234174,EGLN1,0.31837539700143747,0.35482476300570226,0.036449366004264794
GSE142025_advanced,R-HSA-1234174,EGLN3,0.31837539700143747,0.31660566119269545,0.0017697358087420123
GSE142025_advanced,R-HSA-1234174,ELOB,0.31837539700143747,0.30763447446019765,0.010740922541239817
GSE142025_advanced,R-HSA-1234174,ELOC,0.31837539700143747,0.31796062487461146,0.00041477212682600184
GSE142025_advanced,R-HSA-1234174,EP300,0.31837539700143747,0.3079127124359227,0.010462684565514746
GSE142025_advanced,R-HSA-1234174,EPAS1,0.31837539700143747,0.32182964125667934,0.0034542442552418784
GSE142025_advanced,R-HSA-1234174,EPO,0.31837539700143747,0.335387583260547,0.017012186259109552
GSE142025_advanced,R-HSA-1234174,HIF1A,0.31837539700143747,0.31828303330436325,9.236369707421588e-05
GSE142025_advanced,R-HSA-1234174,HIF1AN,0.31837539700143747,0.27852770122706744,0.03984769577437003
GSE142025_advanced,R-HSA-1234174,HIF3A,0.31837539700143747,0.3344815652171391,0.016106168215701655
GSE142025_advanced,R-HSA-1234174,HIGD1A,0.31837539700143747,0.32685299513249155,0.008477598131054087
GSE142025_advanced,R-HSA-1234174,LIMD1,0.31837539700143747,0.28367580258981345,0.03469959441162401
GSE142025_advanced,R-HSA-1234174,PSMA1,0.31837539700143747,0.3244711174039114,0.006095720402473914
GSE142025_advanced,R-HSA-1234174,PSMA2,0.31837539700143747,0.3176954881564823,0.0006799088449551682
GSE142025_advanced,R-HSA-1234174,PSMA3,0.31837539700143747,0.32844841522035173,0.010073018218914265
GSE142025_advanced,R-HSA-1234174,PSMA4,0.31837539700143747,0.3226525590628638,0.0042771620614263095
GSE142025_advanced,R-HSA-1234174,PSMA5,0.31837539700143747,0.3085127155133654,0.009862681488072067
GSE142025_advanced,R-HSA-1234174,PSMA6,0.31837539700143747,0.3080300445264106,0.010345352475026881
GSE142025_advanced,R-HSA-1234174,PSMA7,0.31837539700143747,0.30697663382113016,0.011398763180307303
GSE142025_advanced,R-HSA-1234174,PSMB1,0.31837539700143747,0.3237999379074176,0.0054245409059801575
GSE142025_advanced,R-HSA-1234174,PSMB2,0.31837539700143747,0.30678048847525574,0.011594908526181724
GSE142025_advanced,R-HSA-1234174,PSMB3,0.31837539700143747,0.30379912514553364,0.014576271855903822
GSE142025_advanced,R-HSA-1234174,PSMB4,0.31837539700143747,0.30717214552421834,0.011203251477219123
GSE142025_advanced,R-HSA-1234174,PSMB5,0.31837539700143747,0.3100366455981278,0.008338751403309641
GSE142025_advanced,R-HSA-1234174,PSMB6,0.31837539700143747,0.315469529052032,0.0029058679494054496
GSE142025_advanced,R-HSA-1234174,PSMB7,0.31837539700143747,0.3291433680698705,0.010767971068433024
GSE142025_advanced,R-HSA-1234174,PSMC1,0.31837539700143747,0.3148002431115205,0.003575153889916971
GSE142025_advanced,R-HSA-1234174,PSMC2,0.31837539700143747,0.3229731689923268,0.004597771990889343
GSE142025_advanced,R-HSA-1234174,PSMC3,0.31837539700143747,0.3073501601613037,0.01102523684013379
GSE142025_advanced,R-HSA-1234174,PSMC4,0.31837539700143747,0.31989316320671546,0.0015177662052779928
GSE142025_advanced,R-HSA-1234174,PSMC5,0.31837539700143747,0.3128997453817598,0.005475651619677668
GSE142025_advanced,R-HSA-1234174,PSMC6,0.31837539700143747,0.33888525439674216,0.020509857395304698
GSE142025_advanced,R-HSA-1234174,PSMD1,0.31837539700143747,0.33060664035475945,0.012231243353321986
GSE142025_advanced,R-HSA-1234174,PSMD11,0.31837539700143747,0.3494289904132517,0.03105359341181424
GSE142025_advanced,R-HSA-1234174,PSMD12,0.31837539700143747,0.3689461285566393,0.05057073155520181
GSE142025_advanced,R-HSA-1234174,PSMD13,0.31837539700143747,0.30720712489849233,0.011168272102945132
GSE142025_advanced,R-HSA-1234174,PSMD14,0.31837539700143747,0.3328031199917427,0.014427722990305258
GSE142025_advanced,R-HSA-1234174,PSMD2,0.31837539700143747,0.29860603845470735,0.01976935854673012
GSE142025_advanced,R-HSA-1234174,PSMD3,0.31837539700143747,0.3171572300515007,0.0012181669499367609
GSE142025_advanced,R-HSA-1234174,PSMD6,0.31837539700143747,0.335044619485022,0.016669222483584545
GSE142025_advanced,R-HSA-1234174,PSMD7,0.31837539700143747,0.3160273480630451,0.0023480489383923553
GSE142025_advanced,R-HSA-1234174,PSMD8,0.31837539700143747,0.30948886998838604,0.008886527013051426
GSE142025_advanced,R-HSA-1234174,RBX1,0.31837539700143747,0.3013540847038347,0.017021312297602786
GSE142025_advanced,R-HSA-1234174,RPS27A,0.31837539700143747,0.29868785749785076,0.019687539503586704
GSE142025_advanced,R-HSA-1234174,SEM1,0.31837539700143747,0.3210050544597196,0.002629657458282142
GSE142025_advanced,R-HSA-1234174,UBA52,0.31837539700143747,0.29196466362109347,0.026410733380343998
GSE142025_advanced,R-HSA-1234174,UBB,0.31837539700143747,0.31247261581949165,0.005902781181945815
GSE142025_advanced,R-HSA-1234174,UBC,0.31837539700143747,0.31968356216288296,0.0013081651614454959
GSE142025_advanced,R-HSA-1234174,UBE2D1,0.31837539700143747,0.323315382113474,0.004939985112036527
GSE142025_advanced,R-HSA-1234174,UBE2D2,0.31837539700143747,0.30249559464110415,0.015879802360333317
GSE142025_advanced,R-HSA-1234174,UBE2D3,0.31837539700143747,0.34281112876688496,0.0244357317654475
GSE142025_advanced,R-HSA-1234174,VEGFA,0.31837539700143747,0.36969318167460646,0.051317784673169
GSE142025_advanced,R-HSA-1234174,VHL,0.31837539700143747,0.29373670708212557,0.024638689919311896
GSE142025_advanced,R-HSA-1234174,WTIP,0.31837539700143747,0.3069446803422013,0.011430716659236173
GSE142025_advanced,R-HSA-170834,ARHGEF18,0.30499308261085667,0.3054081979257922,0.00041511531493554354
GSE142025_advanced,R-HSA-170834,ATP1B4,0.30499308261085667,0.309444501294048,0.004451418683191322
GSE142025_advanced,R-HSA-170834,BAMBI,0.30499308261085667,0.30384195000170494,0.0011511326091517282
GSE142025_advanced,R-HSA-170834,CBL,0.30499308261085667,0.2829808352550422,0.022012247355814474
GSE142025_advanced,R-HSA-170834,CCNC,0.30499308261085667,0.3185269799493137,0.013533897338457057
GSE142025_advanced,R-HSA-170834,CCNK,0.30499308261085667,0.3264319655180988,0.021438882907242107
GSE142025_advanced,R-HSA-170834,CCNT1,0.30499308261085667,0.31823979295370275,0.01324671034284608
GSE142025_advanced,R-HSA-170834,CCNT2,0.30499308261085667,0.308323522291441,0.0033304396805843295
GSE142025_advanced,R-HSA-170834,CDK8,0.30499308261085667,0.32557423620656245,0.02058115359570578
GSE142025_advanced,R-HSA-170834,CDK9,0.30499308261085667,0.2921102807809919,0.012882801829864787
GSE142025_advanced,R-HSA-170834,CDKN2B,0.30499308261085667,0.2960438111220951,0.008949271488761568
GSE142025_advanced,R-HSA-170834,CGN,0.30499308261085667,0.3228250025261588,0.01783191991530214
GSE142025_advanced,R-HSA-170834,COL1A2,0.30499308261085667,0.2764059934866583,0.028587089124198384
GSE142025_advanced,R-HSA-170834,E2F4,0.30499308261085667,0.2884557446574908,0.01653733795336587
GSE142025_advanced,R-HSA-170834,E2F5,0.30499308261085667,0.31400799056458106,0.009014907953724394
GSE142025_advanced,R-HSA-170834,EP300,0.30499308261085667,0.2982115696672444,0.006781512943612289
GSE142025_advanced,R-HSA-170834,F11R,0.30499308261085667,0.30398432936699044,0.0010087532438662339
GSE142025_advanced,R-HSA-170834,FBN1,0.30499308261085667,0.2663636394823062,0.03862944312855049
GSE142025_advanced,R-HSA-170834,FKBP1A,0.30499308261085667,0.2917983073143671,0.013194775296489547
GSE142025_advanced,R-HSA-170834,FURIN,0.30499308261085667,0.306938921633539,0.0019458390226823052
GSE142025_advanced,R-HSA-170834,HDAC1,0.30499308261085667,0.2856645857722175,0.019328496838639186
GSE142025_advanced,R-HSA-170834,ITGA8,0.30499308261085667,0.3194261726746689,0.014433090063812215
GSE142025_advanced,R-HSA-170834,ITGAV,0.30499308261085667,0.30853173591950567,0.003538653308648998
GSE142025_advanced,R-HSA-170834,ITGB1,0.30499308261085667,0.29756998096645987,0.007423101644396801
GSE142025_advanced,R-HSA-170834,ITGB3,0.30499308261085667,0.28720957687287163,0.01778350573798504
GSE142025_advanced,R-HSA-170834,ITGB5,0.30499308261085667,0.2925260776851112,0.012467004925745484
GSE142025_advanced,R-HSA-170834,ITGB6,0.30499308261085667,0.2867943862082044,0.01819869640265226
GSE142025_advanced,R-HSA-170834,ITGB8,0.30499308261085667,0.2992856016568322,0.0057074809540244575
GSE142025_advanced,R-HSA-170834,JUNB,0.30499308261085667,0.33467920536367357,0.0296861227528169
GSE142025_advanced,R-HSA-170834,LTBP1,0.30499308261085667,0.28845464169490154,0.016538440915955133
GSE142025_advanced,R-HSA-170834,LTBP2,0.30499308261085667,0.29631406652529413,0.008679016085562541
GSE142025_advanced,R-HSA-170834,LTBP3,0.30499308261085667,0.3069367607142326,0.0019436781033759232
GSE142025_advanced,R-HSA-170834,LTBP4,0.30499308261085667,0.30227662170815717,0.0027164609026995024
GSE142025_advanced,R-HSA-170834,MAPK1,0.30499308261085667,0.30263505037118804,0.002358032239668628
GSE142025_advanced,R-HSA-170834,MAPK3,0.30499308261085667,0.2874057835864533,0.01758729902440337
GSE142025_advanced,R-HSA-170834,MEN1,0.30499308261085667,0.3169567713204166,0.011963688709559939
GSE142025_advanced,R-HSA-170834,MTMR4,0.30499308261085667,0.31327369078930517,0.0082806081784485
GSE142025_advanced,R-HSA-170834,MYC,0.30499308261085667,0.30306909379122854,0.0019239888196281307
GSE142025_advanced,R-HSA-170834,NCOR1,0.30499308261085667,0.29107817917077994,0.013914903440076731
GSE142025_advanced,R-HSA-170834,NCOR2,0.30499308261085667,0.31073734109035206,0.00574425847949539
GSE142025_advanced,R-HSA-170834,NEDD4L,0.30499308261085667,0.33622231642404254,0.031229233813185875
GSE142025_advanced,R-HSA-170834,NEDD8,0.30499308261085667,0.2984013442358765,0.006591738374980172
GSE142025_advanced,R-HSA-170834,PARD3,0.30499308261085667,0.29715860771956115,0.007834474891295518
GSE142025_advanced,R-HSA-170834,PARD6A,0.30499308261085667,0.302710378085201,0.0022827045256556544
GSE142025_advanced,R-HSA-170834,PARP1,0.30499308261085667,0.2988305584078417,0.006162524203014996
GSE142025_advanced,R-HSA-170834,PMEPA1,0.30499308261085667,0.2906697014132154,0.01432338119764126
GSE142025_advanced,R-HSA-170834,PPM1A,0.30499308261085667,0.32966967920715057,0.024676596596293898
GSE142025_advanced,R-HSA-170834,PPP1CA,0.30499308261085667,0.2918755308587159,0.013117551752140744
GSE142025_advanced,R-HSA-170834,PPP1CB,0.30499308261085667,0.30559969148854627,0.0006066088776895961
GSE142025_advanced,R-HSA-170834,PPP1CC,0.30499308261085667,0.30881897246045553,0.0038258898495988625
GSE142025_advanced,R-HSA-170834,PPP1R15A,0.30499308261085667,0.324871966096844,0.01987888348598732
GSE142025_advanced,R-HSA-170834,PRKCZ,0.30499308261085667,0.3266728975837952,0.021679814972938527
GSE142025_advanced,R-HSA-170834,RBL1,0.30499308261085667,0.29419240061926094,0.010800681991595729
GSE142025_advanced,R-HSA-170834,RHOA,0.30499308261085667,0.2809277975556378,0.024065285055218877
GSE142025_advanced,R-HSA-170834,RNF111,0.30499308261085667,0.31062231744675445,0.005629234835897778
GSE142025_advanced,R-HSA-170834,RPS27A,0.30499308261085667,0.29235924234094063,0.012633840269916041
GSE142025_advanced,R-HSA-170834,SERPINE1,0.30499308261085667,0.31412955872460074,0.009136476113744074
GSE142025_advanced,R-HSA-170834,SKI,0.30499308261085667,0.30452866982584786,0.00046441278500880534
GSE142025_advanced,R-HSA-170834,SKIL,0.30499308261085667,0.31042222785123136,0.005429145240374689
GSE142025_advanced,R-HSA-170834,SMAD2,0.30499308261085667,0.2939353203424724,0.011057762268384286
GSE142025_advanced,R-HSA-170834,SMAD3,0.30499308261085667,0.30769875909052147,0.002705676479664798
GSE142025_advanced,R-HSA-170834,SMAD4,0.30499308261085667,0.3019100480506473,0.0030830345602093634
GSE142025_advanced,R-HSA-170834,SMAD7,0.30499308261085667,0.31564326586303426,0.010650183252177592
GSE142025_advanced,R-HSA-170834,SMURF1,0.30499308261085667,0.2926795333437346,0.012313549267122081
GSE142025_advanced,R-HSA-170834,SMURF2,0.30499308261085667,0.3028209880205065,0.002172094590350171
GSE142025_advanced,R-HSA-170834,SNW1,0.30499308261085667,0.29947075052645783,0.00552233208439884
GSE142025_advanced,R-HSA-170834,SP1,0.30499308261085667,0.2909226083573406,0.014070474253516096
GSE142025_advanced,R-HSA-170834,STAT1,0.30499308261085667,0.2920023804228653,0.012990702187991365
GSE142025_advanced,R-HSA-170834,STRAP,0.30499308261085667,0.32281326577250363,0.017820183161646963
GSE142025_advanced,R-HSA-170834,STUB1,0.30499308261085667,0.30670839966174795,0.0017153170508912852
GSE142025_advanced,R-HSA-170834,TFDP1,0.30499308261085667,0.2920385976950887,0.01295448491576795
GSE142025_advanced,R-HSA-170834,TFDP2,0.30499308261085667,0.3165806884935988,0.011587605882742158
GSE142025_advanced,R-HSA-170834,TGFB1,0.30499308261085667,0.29356924513956245,0.011423837471294218
GSE142025_advanced,R-HSA-170834,TGFB2,0.30499308261085667,0.3013865563466337,0.0036065262642229756
GSE142025_advanced,R-HSA-170834,TGFB3,0.30499308261085667,0.3009129312508482,0.004080151360008444
GSE142025_advanced,R-HSA-170834,TGFBR1,0.30499308261085667,0.3055301026541083,0.0005370200432516237
GSE142025_advanced,R-HSA-170834,TGFBR2,0.30499308261085667,0.29789858903111976,0.007094493579736905
GSE142025_advanced,R-HSA-170834,TGFBR3,0.30499308261085667,0.33503017136848445,0.030037088757627783
GSE142025_advanced,R-HSA-170834,TGIF1,0.30499308261085667,0.3015667434397141,0.003426339171142545
GSE142025_advanced,R-HSA-170834,TGIF2,0.30499308261085667,0.3053867480156398,0.00039366540478313894
GSE142025_advanced,R-HSA-170834,TRIM33,0.30499308261085667,0.33460927531531615,0.029616192704459476
GSE142025_advanced,R-HSA-170834,UBA52,0.30499308261085667,0.28809399031159993,0.016899092299256735
GSE142025_advanced,R-HSA-170834,UBB,0.30499308261085667,0.3011044115987558,0.003888671012100886
GSE142025_advanced,R-HSA-170834,UBC,0.30499308261085667,0.30567909798864923,0.0006860153777925593
GSE142025_advanced,R-HSA-170834,UBE2D1,0.30499308261085667,0.3079831558067661,0.0029900731959094373
GSE142025_advanced,R-HSA-170834,UBE2D3,0.30499308261085667,0.3203514251890376,0.015358342578180917
GSE142025_advanced,R-HSA-170834,UBE2M,0.30499308261085667,0.3080519820499421,0.0030588994390854385
GSE142025_advanced,R-HSA-170834,UCHL5,0.30499308261085667,0.3363540578299742,0.031360975219117515
GSE142025_advanced,R-HSA-170834,USP15,0.30499308261085667,0.3181429192433239,0.013149836632467216
GSE142025_advanced,R-HSA-170834,USP9X,0.30499308261085667,0.3174424817213385,0.012449399110481818
GSE142025_advanced,R-HSA-170834,WWTR1,0.30499308261085667,0.32492098050653273,0.01992789789567606
GSE142025_advanced,R-HSA-170834,XPO1,0.30499308261085667,0.31609923100816445,0.01110614839730778
GSE142025_advanced,R-HSA-170834,YBX1,0.30499308261085667,0.2889567612172811,0.01603632139357558
GSE142025_advanced,R-HSA-170834,ZFYVE9,0.30499308261085667,0.31962754852171477,0.014634465910858097
GSE166239,R-HSA-166658,C1QA,1.0818069687631418,0.9709161272167316,0.11089084154641016
GSE166239,R-HSA-166658,C1QB,1.0818069687631418,0.9589906930668312,0.1228162756963106
GSE166239,R-HSA-166658,C1QC,1.0818069687631418,1.000189889371978,0.0816170793911637
GSE166239,R-HSA-166658,C1R,1.0818069687631418,0.9702013181350687,0.11160565062807304
GSE166239,R-HSA-166658,C1S,1.0818069687631418,1.029947537645264,0.05185943111787772
GSE166239,R-HSA-166658,C2,1.0818069687631418,1.0710633368940066,0.010743631869135184
GSE166239,R-HSA-166658,C3,1.0818069687631418,1.0665267751960499,0.015280193567091871
GSE166239,R-HSA-166658,C3AR1,1.0818069687631418,1.0510743404666376,0.03073262829650414
GSE166239,R-HSA-166658,C4A,1.0818069687631418,1.1075570471290628,0.025750078365921025
GSE166239,R-HSA-166658,C4B,1.0818069687631418,1.1179856338656435,0.036178665102501784
GSE166239,R-HSA-166658,C5,1.0818069687631418,1.1524355821662668,0.0706286134031251
GSE166239,R-HSA-166658,C5AR1,1.0818069687631418,1.0633197088460995,0.018487259917042254
GSE166239,R-HSA-166658,C5AR2,1.0818069687631418,1.133030508016723,0.05122353925358114
GSE166239,R-HSA-166658,C6,1.0818069687631418,1.0733945960916365,0.008412372671505297
GSE166239,R-HSA-166658,C7,1.0818069687631418,1.0577809065089492,0.02402606225419257
GSE166239,R-HSA-166658,C9,1.0818069687631418,1.146692661472685,0.06488569270954314
GSE166239,R-HSA-166658,CD46,1.0818069687631418,1.092232275829258,0.010425307066116218
GSE166239,R-HSA-166658,CD55,1.0818069687631418,1.0812477620895955,0.0005592066735462531
GSE166239,R-HSA-166658,CD59,1.0818069687631418,1.0794872717470074,0.0023196970161343256
GSE166239,R-HSA-166658,CD81,1.0818069687631418,1.0657785342559734,0.0160284345071684
GSE166239,R-HSA-166658,CFB,1.0818069687631418,1.0508934792856934,0.03091348947744832
GSE166239,R-HSA-166658,CFD,1.0818069687631418,1.082175461701855,0.00036849293871332733
GSE166239,R-HSA-166658,CFH,1.0818069687631418,1.1054795072243364,0.02367253846119466
GSE166239,R-HSA-166658,CFHR1,1.0818069687631418,1.098475527289898,0.016668558526756305
GSE166239,R-HSA-166658,CFHR4,1.0818069687631418,1.1050325192553099,0.023225550492168123
GSE166239,R-HSA-166658,CFI,1.0818069687631418,1.0788593312820212,0.0029476374811205908
GSE166239,R-HSA-166658,CFP,1.0818069687631418,1.0546993606933714,0.027107608069770306
GSE166239,R-HSA-166658,CLU,1.0818069687631418,1.0453352487728633,0.03647171999027843
GSE166239,R-HSA-166658,COLEC10,1.0818069687631418,1.0759622291950073,0.005844739568134472
GSE166239,R-HSA-166658,COLEC11,1.0818069687631418,1.1647341366242483,0.08292716786110654
GSE166239,R-HSA-166658,CPN2,1.0818069687631418,1.1361480369011692,0.054341068138027415
GSE166239,R-HSA-166658,CR1,1.0818069687631418,1.137270507501218,0.05546353873807619
GSE166239,R-HSA-166658,CR2,1.0818069687631418,1.1242529381776412,0.04244596941449941
GSE166239,R-HSA-166658,FCN1,1.0818069687631418,1.055457465934337,0.02634950282880477
GSE166239,R-HSA-166658,FCN3,1.0818069687631418,1.1434974047757784,0.061690436012636685
GSE166239,R-HSA-166658,MASP1,1.0818069687631418,1.122438541017257,0.04063157225411529
GSE166239,R-HSA-166658,PROS1,1.0818069687631418,1.1306679112154907,0.048860942452348954
GSE166239,R-HSA-166658,SERPING1,1.0818069687631418,1.0547535676262085,0.02705340113693322
GSE166239,R-HSA-166658,VTN,1.0818069687631418,1.1344861012773502,0.052679132514208415
GSE166239,R-HSA-9769740,ADAMTS13,0.27405324057567143,0.3104691401657649,0.03641589959009345
GSE166239,R-HSA-9769740,AGRN,0.27405324057567143,0.22480241426530148,0.04925082631036995
GSE166239,R-HSA-9769740,ANO5,0.27405324057567143,0.3352746419301794,0.06122140135450799
GSE166239,R-HSA-9769740,ANO6,0.27405324057567143,0.3042483674172255,0.030195126841554065
GSE166239,R-HSA-9769740,APP,0.27405324057567143,0.24772877271734547,0.026324467858325956
GSE166239,R-HSA-9769740,F10,0.27405324057567143,0.2897848144125687,0.015731573836897272
GSE166239,R-HSA-9769740,F11,0.27405324057567143,0.33447009308833,0.06041685251265855
GSE166239,R-HSA-9769740,F13A1,0.27405324057567143,0.2583764110145773,0.01567682956109412
GSE166239,R-HSA-9769740,F2R,0.27405324057567143,0.2715894553641235,0.002463785211547942
GSE166239,R-HSA-9769740,F3,0.27405324057567143,0.30141787278660526,0.027364632210933826
GSE166239,R-HSA-9769740,F5,0.27405324057567143,0.30314338188676904,0.029090141311097606
GSE166239,R-HSA-9769740,F7,0.27405324057567143,0.29915786576857223,0.025104625192900798
GSE166239,R-HSA-9769740,F8,0.27405324057567143,0.3009110182403076,0.02685777766463615
GSE166239,R-HSA-9769740,FGB,0.27405324057567143,0.2783171909188623,0.004263950343190881
GSE166239,R-HSA-9769740,GPC1,0.27405324057567143,0.22914014490248538,0.04491309567318605
GSE166239,R-HSA-9769740,GPC2,0.27405324057567143,0.23591813897857908,0.03813510159709235
GSE166239,R-HSA-9769740,GPC3,0.27405324057567143,0.2844113390841373,0.010358098508465863
GSE166239,R-HSA-9769740,GPC4,0.27405324057567143,0.23913228317946772,0.03492095739620371
GSE166239,R-HSA-9769740,GPC5,0.27405324057567143,0.2944776095093044,0.020424368933632975
GSE166239,R-HSA-9769740,GPC6,0.27405324057567143,0.29563545261189234,0.021582212036220905
GSE166239,R-HSA-9769740,HSPG2,0.27405324057567143,0.2389108860552432,0.03514235452042824
GSE166239,R-HSA-9769740,ITGA2B,0.27405324057567143,0.26229467596543493,0.0117585646102365
GSE166239,R-HSA-9769740,ITGB3,0.27405324057567143,0.257068974006705,0.016984266568966455
GSE166239,R-HSA-9769740,KLKB1,0.27405324057567143,0.33703628337669855,0.06298304280102712
GSE166239,R-HSA-9769740,KNG1,0.27405324057567143,0.30496958355211445,0.030916342976443023
GSE166239,R-HSA-9769740,PROC,0.27405324057567143,0.2907741824242852,0.01672094184861378
GSE166239,R-HSA-9769740,PROCR,0.27405324057567143,0.2624744639543177,0.011578776621353704
GSE166239,R-HSA-9769740,PROS1,0.27405324057567143,0.29963768167327626,0.025584441097604826
GSE166239,R-HSA-9769740,PROZ,0.27405324057567143,0.31299209578753373,0.0389388552118623
GSE166239,R-HSA-9769740,SDC1,0.27405324057567143,0.28272099761460545,0.00866775703893402
GSE166239,R-HSA-9769740,SDC2,0.27405324057567143,0.26900460418575023,0.005048636389921202
GSE166239,R-HSA-9769740,SDC3,0.27405324057567143,0.19279221324876067,0.08126102732691076
GSE166239,R-HSA-9769740,SDC4,0.27405324057567143,0.24696390273901883,0.0270893378366526
GSE166239,R-HSA-9769740,SERPINA5,0.27405324057567143,0.31053008439941654,0.03647684382374511
GSE166239,R-HSA-9769740,SERPINC1,0.27405324057567143,0.30693439166672476,0.03288115109105333
GSE166239,R-HSA-9769740,SERPINE1,0.27405324057567143,0.18946379884125586,0.08458944173441557
GSE166239,R-HSA-9769740,SERPINE2,0.27405324057567143,0.2546733015700205,0.019379939005650937
GSE166239,R-HSA-9769740,SERPING1,0.27405324057567143,0.2292780461515025,0.04477519442416894
GSE166239,R-HSA-9769740,SMPD1,0.27405324057567143,0.29273766805897883,0.018684427483307398
GSE166239,R-HSA-9769740,TFPI,0.27405324057567143,0.2533245732927909,0.02072866728288053
GSE166239,R-HSA-9769740,THBD,0.27405324057567143,0.2263254537621276,0.04772778681354384
GSE166239,R-HSA-9769740,VWF,0.27405324057567143,0.25092183360924175,0.02313140696642968
GSE166239,R-HSA-202733,ANGPT1,0.864578292721437,0.8779206220532271,0.013342329331790026
GSE166239,R-HSA-202733,ANGPT2,0.864578292721437,0.8691536397670767,0.004575347045639666
GSE166239,R-HSA-202733,APOB,0.864578292721437,0.8834942172969259,0.01891592457548885
GSE166239,R-HSA-202733,ATP1B1,0.864578292721437,0.8655483349856791,0.0009700422642420214
GSE166239,R-HSA-202733,ATP1B2,0.864578292721437,0.884075915560167,0.01949762283872991
GSE166239,R-HSA-202733,ATP1B3,0.864578292721437,0.8766949477548447,0.012116655033407642
GSE166239,R-HSA-202733,BSG,0.864578292721437,0.8607348111072042,0.0038434816142328687
GSE166239,R-HSA-202733,CAV1,0.864578292721437,0.8743777481089281,0.009799455387491052
GSE166239,R-HSA-202733,CD2,0.864578292721437,0.8388402401902509,0.025738052531186106
GSE166239,R-HSA-202733,CD244,0.864578292721437,0.8747597103262774,0.01018141760484037
GSE166239,R-HSA-202733,CD44,0.864578292721437,0.8636681084627795,0.0009101842586575204
GSE166239,R-HSA-202733,CD47,0.864578292721437,0.8631538196743735,0.0014244730470635014
GSE166239,R-HSA-202733,CD48,0.864578292721437,0.8372458391746839,0.027332453546753177
GSE166239,R-HSA-202733,CD58,0.864578292721437,0.888795979332314,0.024217686610876976
GSE166239,R-HSA-202733,CD74,0.864578292721437,0.8561738489059838,0.008404443815453244
GSE166239,R-HSA-202733,CD84,0.864578292721437,0.8395390982995974,0.02503919442183966
GSE166239,R-HSA-202733,CD99,0.864578292721437,0.8619129675664445,0.002665325154992515
GSE166239,R-HSA-202733,CD99L2,0.864578292721437,0.8725216900927268,0.007943397371289795
GSE166239,R-HSA-202733,CEACAM1,0.864578292721437,0.8720490140509286,0.007470721329491559
GSE166239,R-HSA-202733,COL1A1,0.864578292721437,0.8465104968610336,0.018067795860403413
GSE166239,R-HSA-202733,COL1A2,0.864578292721437,0.8507021413685029,0.013876151352934185
GSE166239,R-HSA-202733,CXADR,0.864578292721437,0.8670654786160366,0.0024871858945995085
GSE166239,R-HSA-202733,DOK2,0.864578292721437,0.8477807925973011,0.016797500124135945
GSE166239,R-HSA-202733,EPCAM,0.864578292721437,0.8792386439723184,0.014660351250881387
GSE166239,R-HSA-202733,ESAM,0.864578292721437,0.8578454718500065,0.006732820871430567
GSE166239,R-HSA-202733,F11R,0.864578292721437,0.8616775540430938,0.0029007386783432842
GSE166239,R-HSA-202733,FCAMR,0.864578292721437,0.8780753209986938,0.01349702827725674
GSE166239,R-HSA-202733,FCER1G,0.864578292721437,0.8428937451348834,0.021684547586553693
GSE166239,R-HSA-202733,FN1,0.864578292721437,0.8476495171946716,0.016928775526765416
GSE166239,R-HSA-202733,FYN,0.864578292721437,0.8660802180366142,0.0015019253151771217
GSE166239,R-HSA-202733,GAS6,0.864578292721437,0.857302109636175,0.007276183085262011
GSE166239,R-HSA-202733,GLG1,0.864578292721437,0.8650987643807178,0.0005204716592807079
GSE166239,R-HSA-202733,GP6,0.864578292721437,0.8823200862301412,0.017741793508704196
GSE166239,R-HSA-202733,GPC1,0.864578292721437,0.852887527576999,0.011690765144438009
GSE166239,R-HSA-202733,GRB14,0.864578292721437,0.8860847875275542,0.021506494806117105
GSE166239,R-HSA-202733,GRB2,0.864578292721437,0.8636227681297841,0.0009555245916529342
GSE166239,R-HSA-202733,GRB7,0.864578292721437,0.8779921846544336,0.01341389193299658
GSE166239,R-HSA-202733,GYPA,0.864578292721437,0.8866174057554796,0.0220391130340426
GSE166239,R-HSA-202733,GYPC,0.864578292721437,0.8561838815217268,0.008394411199710294
GSE166239,R-HSA-202733,HRAS,0.864578292721437,0.8753930615183706,0.01081476879693355
GSE166239,R-HSA-202733,INPP5D,0.864578292721437,0.8250881608463146,0.0394901318751224
GSE166239,R-HSA-202733,ITGA3,0.864578292721437,0.854969375963252,0.009608916758185093
GSE166239,R-HSA-202733,ITGA4,0.864578292721437,0.8454067072795972,0.019171585441839833
GSE166239,R-HSA-202733,ITGA5,0.864578292721437,0.8390489294942419,0.025529363227195123
GSE166239,R-HSA-202733,ITGA6,0.864578292721437,0.8855370854209863,0.020958792699549256
GSE166239,R-HSA-202733,ITGAL,0.864578292721437,0.8356592713103077,0.028919021411129342
GSE166239,R-HSA-202733,ITGAM,0.864578292721437,0.8392706341817011,0.025307658539735933
GSE166239,R-HSA-202733,ITGAV,0.864578292721437,0.860461293402022,0.0041169993194150045
GSE166239,R-HSA-202733,ITGAX,0.864578292721437,0.8387304894488221,0.025847803272614933
GSE166239,R-HSA-202733,ITGB1,0.864578292721437,0.8582169003446005,0.006361392376836528
GSE166239,R-HSA-202733,ITGB2,0.864578292721437,0.7930856330379674,0.07149265968346963
GSE166239,R-HSA-202733,ITGB3,0.864578292721437,0.8635892284487093,0.0009890642727277132
GSE166239,R-HSA-202733,JAM2,0.864578292721437,0.8712333247076398,0.006655031986202764
GSE166239,R-HSA-202733,JAM3,0.864578292721437,0.8782151312986076,0.013636838577170574
GSE166239,R-HSA-202733,JAML,0.864578292721437,0.836769956337379,0.027808336384057997
GSE166239,R-HSA-202733,JCHAIN,0.864578292721437,0.8622611628676673,0.0023171298537697504
GSE166239,R-HSA-202733,KRAS,0.864578292721437,0.8793720022387703,0.014793709517333276
GSE166239,R-HSA-202733,L1CAM,0.864578292721437,0.8736174866097401,0.009039193888303099
GSE166239,R-HSA-202733,LCK,0.864578292721437,0.8536175809388244,0.010960711782612598
GSE166239,R-HSA-202733,LYN,0.864578292721437,0.8590347980125431,0.005543494708893926
GSE166239,R-HSA-202733,MERTK,0.864578292721437,0.8690619411555125,0.004483648434075449
GSE166239,R-HSA-202733,MIF,0.864578292721437,0.8697815046861577,0.005203211964720622
GSE166239,R-HSA-202733,NRAS,0.864578292721437,0.8760252554644485,0.01144696274301149
GSE166239,R-HSA-202733,OLR1,0.864578292721437,0.8838571290594056,0.019278836337968563
GSE166239,R-HSA-202733,PECAM1,0.864578292721437,0.8539428181384424,0.01063547458299463
GSE166239,R-HSA-202733,PICK1,0.864578292721437,0.8838311555108821,0.019252862789445047
GSE166239,R-HSA-202733,PIK3CA,0.864578292721437,0.8837609951579544,0.019182702436517318
GSE166239,R-HSA-202733,PIK3CB,0.864578292721437,0.8951731800392124,0.030594887317775377
GSE166239,R-HSA-202733,PIK3R1,0.864578292721437,0.8838857950316816,0.019307502310244584
GSE166239,R-HSA-202733,PLCG1,0.864578292721437,0.8533857823164687,0.011192510404968381
GSE166239,R-HSA-202733,PPIA,0.864578292721437,0.8605515697028912,0.004026723018545897
GSE166239,R-HSA-202733,PPIL2,0.864578292721437,0.8757529874886208,0.011174694767183802
GSE166239,R-HSA-202733,PROC,0.864578292721437,0.8765043083096513,0.011926015588214267
GSE166239,R-HSA-202733,PROCR,0.864578292721437,0.8656604909520003,0.0010821982305632138
GSE166239,R-HSA-202733,PROS1,0.864578292721437,0.8799006024144049,0.015322309692967884
GSE166239,R-HSA-202733,PTPN11,0.864578292721437,0.8780612879457943,0.013482995224357253
GSE166239,R-HSA-202733,PTPN6,0.864578292721437,0.8497819702431894,0.014796322478247692
GSE166239,R-HSA-202733,SDC1,0.864578292721437,0.8734185085227648,0.008840215801327767
GSE166239,R-HSA-202733,SDC2,0.864578292721437,0.8681626942182501,0.00358440149681305
GSE166239,R-HSA-202733,SDC3,0.864578292721437,0.8389598154480017,0.02561847727343536
GSE166239,R-HSA-202733,SDC4,0.864578292721437,0.8597171917947362,0.00486110092670089
GSE166239,R-HSA-202733,SELE,0.864578292721437,0.8690459025910008,0.004467609869563738
GSE166239,R-HSA-202733,SELL,0.864578292721437,0.8694274478403939,0.004849155118956894
GSE166239,R-HSA-202733,SELP,0.864578292721437,0.8675521074970128,0.0029738147755757893
GSE166239,R-HSA-202733,SELPLG,0.864578292721437,0.8492489410569972,0.015329351664439828
GSE166239,R-HSA-202733,SHC1,0.864578292721437,0.856500886911848,0.008077405809589044
GSE166239,R-HSA-202733,SIRPA,0.864578292721437,0.8601059147727457,0.004472377948691375
GSE166239,R-HSA-202733,SIRPG,0.864578292721437,0.8666689520177187,0.002090659296281605
GSE166239,R-HSA-202733,SLC16A1,0.864578292721437,0.8861415663379686,0.021563273616531542
GSE166239,R-HSA-202733,SLC16A3,0.864578292721437,0.8619144721534387,0.0026638205679982985
GSE166239,R-HSA-202733,SLC3A2,0.864578292721437,0.873571601819186,0.00899330909774898
GSE166239,R-HSA-202733,SLC7A10,0.864578292721437,0.8859222593970156,0.021343966675578585
GSE166239,R-HSA-202733,SLC7A5,0.864578292721437,0.8770391109651305,0.012460818243693494
GSE166239,R-HSA-202733,SLC7A6,0.864578292721437,0.8704615575480985,0.005883264826661461
GSE166239,R-HSA-202733,SLC7A7,0.864578292721437,0.8837657322263758,0.01918743950493873
GSE166239,R-HSA-202733,SLC7A8,0.864578292721437,0.8777070793285667,0.013128786607129683
GSE166239,R-HSA-202733,SLC7A9,0.864578292721437,0.883266556080498,0.01868826335906093
GSE166239,R-HSA-202733,SOS1,0.864578292721437,0.8979582632917436,0.033379970570306505
GSE166239,R-HSA-202733,SPN,0.864578292721437,0.8162001361816413,0.048378156539795714
GSE166239,R-HSA-202733,SRC,0.864578292721437,0.8648038251122208,0.00022553239078371146
GSE166239,R-HSA-202733,TEK,0.864578292721437,0.8826578940937627,0.01807960137232567
GSE166239,R-HSA-202733,TGFB1,0.864578292721437,0.822545899090166,0.04203239363127109
GSE166239,R-HSA-202733,THBD,0.864578292721437,0.8518090010652731,0.012769291656163917
GSE166239,R-HSA-202733,TNFRSF10A,0.864578292721437,0.8650210295206848,0.0004427367992477782
GSE166239,R-HSA-202733,TNFRSF10B,0.864578292721437,0.8604952721268622,0.004083020594574882
GSE166239,R-HSA-202733,TNFRSF10D,0.864578292721437,0.8712719162042806,0.006693623482843525
GSE166239,R-HSA-202733,TSPAN7,0.864578292721437,0.8827133135595124,0.01813502083807539
GSE166239,R-HSA-202733,YES1,0.864578292721437,0.8785943290199403,0.014016036298503232
GSE166239,R-HSA-380108,ACKR2,1.6253546476217793,1.652231181864657,0.026876534242877614
GSE166239,R-HSA-380108,ACKR3,1.6253546476217793,1.714687560547826,0.08933291292604673
GSE166239,R-HSA-380108,CCL11,1.6253546476217793,1.6940141883892907,0.06865954076751146
GSE166239,R-HSA-380108,CCL19,1.6253546476217793,1.561537397786751,0.06381724983502823
GSE166239,R-HSA-380108,CCL2,1.6253546476217793,1.5553600034173862,0.06999464420439305
GSE166239,R-HSA-380108,CCL21,1.6253546476217793,1.511813571308519,0.11354107631326027
GSE166239,R-HSA-380108,CCL28,1.6253546476217793,1.5873298267603115,0.038024820861467745
GSE166239,R-HSA-380108,CCL3,1.6253546476217793,1.6716458336008322,0.04629118597905291
GSE166239,R-HSA-380108,CCL4,1.6253546476217793,1.6760862838828354,0.050731636261056146
GSE166239,R-HSA-380108,CCL5,1.6253546476217793,1.5491439323816407,0.07621071524013856
GSE166239,R-HSA-380108,CCR1,1.6253546476217793,1.6647529519363902,0.03939830431461089
GSE166239,R-HSA-380108,CCR2,1.6253546476217793,1.5806723714263373,0.04468227619544196
GSE166239,R-HSA-380108,CCR4,1.6253546476217793,1.590600348448636,0.03475429917314332
GSE166239,R-HSA-380108,CCR5,1.6253546476217793,1.5631063958092666,0.0622482518125127
GSE166239,R-HSA-380108,CCR7,1.6253546476217793,1.5828067731159476,0.04254787450583164
GSE166239,R-HSA-380108,CCRL2,1.6253546476217793,1.6781265516699346,0.05277190404815535
GSE166239,R-HSA-380108,CX3CL1,1.6253546476217793,1.6137541263867328,0.011600521235046513
GSE166239,R-HSA-380108,CX3CR1,1.6253546476217793,1.6054387066415072,0.01991594098027205
GSE166239,R-HSA-380108,CXCL1,1.6253546476217793,1.6200870545089718,0.005267593112807445
GSE166239,R-HSA-380108,CXCL10,1.6253546476217793,1.6876916609590775,0.06233701333729824
GSE166239,R-HSA-380108,CXCL12,1.6253546476217793,1.6305908016248776,0.005236154003098292
GSE166239,R-HSA-380108,CXCL16,1.6253546476217793,1.5882305762031261,0.03712407141865315
GSE166239,R-HSA-380108,CXCL2,1.6253546476217793,1.6705817253208772,0.04522707769909795
GSE166239,R-HSA-380108,CXCL8,1.6253546476217793,1.6526026804382836,0.02724803281650434
GSE166239,R-HSA-380108,CXCL9,1.6253546476217793,1.693613969536681,0.0682593219149017
GSE166239,R-HSA-380108,CXCR4,1.6253546476217793,1.6658209989746697,0.04046635135289045
GSE166239,R-HSA-380108,XCR1,1.6253546476217793,1.6222480128466732,0.0031066347751060874
GSE166239,R-HSA-1474244,A2M,0.9734041187833803,0.9697492400132846,0.0036548787700957375
GSE166239,R-HSA-1474244,ACAN,0.9734041187833803,0.9743043526806258,0.0009002338972454726
GSE166239,R-HSA-1474244,ACTA1,0.9734041187833803,0.9755105633277503,0.002106444544370034
GSE166239,R-HSA-1474244,ACTA2,0.9734041187833803,0.9718534194657635,0.001550699317616755
GSE166239,R-HSA-1474244,ACTB,0.9734041187833803,0.9725737552367818,0.0008303635465984893
GSE166239,R-HSA-1474244,ACTC1,0.9734041187833803,0.9791341068612349,0.005729988077854631
GSE166239,R-HSA-1474244,ACTG1,0.9734041187833803,0.9720710050846086,0.0013331136987716485
GSE166239,R-HSA-1474244,ACTN1,0.9734041187833803,0.9658759660338505,0.007528152749529782
GSE166239,R-HSA-1474244,ADAM10,0.9734041187833803,0.9752334320598521,0.0018293132764718445
GSE166239,R-HSA-1474244,ADAM12,0.9734041187833803,0.9690736564851807,0.0043304622981995555
GSE166239,R-HSA-1474244,ADAM15,0.9734041187833803,0.9689947072041283,0.0044094115792520094
GSE166239,R-HSA-1474244,ADAM17,0.9734041187833803,0.9774013502624955,0.0039972314791152375
GSE166239,R-HSA-1474244,ADAM19,0.9734041187833803,0.9697206138772874,0.003683504906092927
GSE166239,R-HSA-1474244,ADAM8,0.9734041187833803,0.9704722799537271,0.0029318388296531994
GSE166239,R-HSA-1474244,ADAM9,0.9734041187833803,0.9793038828666394,0.005899764083259096
GSE166239,R-HSA-1474244,ADAMTS1,0.9734041187833803,0.9693400224541665,0.004064096329213784
GSE166239,R-HSA-1474244,ADAMTS14,0.9734041187833803,0.9746846722817647,0.001280553498384407
GSE166239,R-HSA-1474244,ADAMTS16,0.9734041187833803,0.9766900844125981,0.003285965629217791
GSE166239,R-HSA-1474244,ADAMTS18,0.9734041187833803,0.9800117413597627,0.006607622576382366
GSE166239,R-HSA-1474244,ADAMTS2,0.9734041187833803,0.9670565157420916,0.006347603041288674
GSE166239,R-HSA-1474244,ADAMTS3,0.9734041187833803,0.9730515922500771,0.00035252653330319905
GSE166239,R-HSA-1474244,ADAMTS4,0.9734041187833803,0.9715387245636986,0.001865394219681682
GSE166239,R-HSA-1474244,ADAMTS5,0.9734041187833803,0.9751003641707001,0.001696245387319828
GSE166239,R-HSA-1474244,ADAMTS8,0.9734041187833803,0.9742087980382075,0.0008046792548271897
GSE166239,R-HSA-1474244,ADAMTS9,0.9734041187833803,0.9779826942178274,0.004578575434447063
GSE166239,R-HSA-1474244,AGRN,0.9734041187833803,0.9686043624178623,0.004799756365517993
GSE166239,R-HSA-1474244,APP,0.9734041187833803,0.9720224740416217,0.0013816447417586142
GSE166239,R-HSA-1474244,ASPN,0.9734041187833803,0.9804165508087096,0.007012432025329307
GSE166239,R-HSA-1474244,BGN,0.9734041187833803,0.9688004198117528,0.00460369897162749
GSE166239,R-HSA-1474244,BMP1,0.9734041187833803,0.966411107619291,0.006993011164089236
GSE166239,R-HSA-1474244,BMP2,0.9734041187833803,0.972556140339981,0.0008479784433993443
GSE166239,R-HSA-1474244,BMP4,0.9734041187833803,0.9747541988337256,0.0013500800503453148
GSE166239,R-HSA-1474244,BMP7,0.9734041187833803,0.9810146948751226,0.007610576091742316
GSE166239,R-HSA-1474244,BSG,0.9734041187833803,0.972304385304613,0.0010997334787672397
GSE166239,R-HSA-1474244,CAPN1,0.9734041187833803,0.9703017042024715,0.0031024145809087633
GSE166239,R-HSA-1474244,CAPN10,0.9734041187833803,0.9713500852786621,0.0020540335047182223
GSE166239,R-HSA-1474244,CAPN11,0.9734041187833803,0.9727891576970102,0.0006149610863700472
GSE166239,R-HSA-1474244,CAPN12,0.9734041187833803,0.9776974721777325,0.004293353394352217
GSE166239,R-HSA-1474244,CAPN13,0.9734041187833803,0.9879813974055052,0.014577278622124878
GSE166239,R-HSA-1474244,CAPN14,0.9734041187833803,0.976963137825414,0.0035590190420337064
GSE166239,R-HSA-1474244,CAPN15,0.9734041187833803,0.9730374832702717,0.0003666355131085597
GSE166239,R-HSA-1474244,CAPN2,0.9734041187833803,0.9733105733174476,9.3545465932654e-05
GSE166239,R-HSA-1474244,CAPN3,0.9734041187833803,0.9796180615846224,0.0062139428012421005
GSE166239,R-HSA-1474244,CAPN5,0.9734041187833803,0.976245569168614,0.002841450385233757
GSE166239,R-HSA-1474244,CAPN6,0.9734041187833803,0.9756740903397734,0.00226997155639308
GSE166239,R-HSA-1474244,CAPN7,0.9734041187833803,0.9795681968033604,0.00616407801998009
GSE166239,R-HSA-1474244,CAPN8,0.9734041187833803,0.9728033251185099,0.0006007936648704248
GSE166239,R-HSA-1474244,CAPNS1,0.9734041187833803,0.9717544933729061,0.001649625410474198
GSE166239,R-HSA-1474244,CAPNS2,0.9734041187833803,0.9804507493350405,0.007046630551660216
GSE166239,R-HSA-1474244,CASK,0.9734041187833803,0.9793610809867728,0.00595696220339248
GSE166239,R-HSA-1474244,CASP3,0.9734041187833803,0.9794116644249111,0.0060075456415308315
GSE166239,R-HSA-1474244,CAST,0.9734041187833803,0.9734199816900562,1.586290667587864e-05
GSE166239,R-HSA-1474244,CD151,0.9734041187833803,0.9703842533082974,0.003019865475082928
GSE166239,R-HSA-1474244,CD44,0.9734041187833803,0.9734457046393279,4.1585855947601225e-05
GSE166239,R-HSA-1474244,CD47,0.9734041187833803,0.9732455995471118,0.00015851923626852837
GSE166239,R-HSA-1474244,CDH1,0.9734041187833803,0.9771689332050718,0.0037648144216915203
GSE166239,R-HSA-1474244,CEACAM1,0.9734041187833803,0.9767066388136258,0.0033025200302455593
GSE166239,R-HSA-1474244,COL10A1,0.9734041187833803,0.9740217084512758,0.0006175896678954906
GSE166239,R-HSA-1474244,COL11A1,0.9734041187833803,0.9769232619729068,0.003519143189526508
GSE166239,R-HSA-1474244,COL11A2,0.9734041187833803,0.982551650495968,0.009147531712587753
GSE166239,R-HSA-1474244,COL12A1,0.9734041187833803,0.9778124756207894,0.004408356837409144
GSE166239,R-HSA-1474244,COL13A1,0.9734041187833803,0.9725007407548008,0.0009033780285795379
GSE166239,R-HSA-1474244,COL14A1,0.9734041187833803,0.9670157259091893,0.006388392874191018
GSE166239,R-HSA-1474244,COL15A1,0.9734041187833803,0.966951862146206,0.006452256637174303
GSE166239,R-HSA-1474244,COL16A1,0.9734041187833803,0.9636089833046478,0.009795135478732453
GSE166239,R-HSA-1474244,COL17A1,0.9734041187833803,0.9732989230265895,0.00010519575679079907
GSE166239,R-HSA-1474244,COL18A1,0.9734041187833803,0.9709713404407128,0.00243277834266753
GSE166239,R-HSA-1474244,COL19A1,0.9734041187833803,0.9837921873042451,0.010388068520864824
GSE166239,R-HSA-1474244,COL1A1,0.9734041187833803,0.966769833943376,0.006634284840004279
GSE166239,R-HSA-1474244,COL1A2,0.9734041187833803,0.968400764715373,0.005003354068007337
GSE166239,R-HSA-1474244,COL21A1,0.9734041187833803,0.9768263209896009,0.0034222022062205815
GSE166239,R-HSA-1474244,COL22A1,0.9734041187833803,0.97460964701821,0.001205528234829667
GSE166239,R-HSA-1474244,COL23A1,0.9734041187833803,0.9732698724143856,0.0001342463689947282
GSE166239,R-HSA-1474244,COL24A1,0.9734041187833803,0.9790907620763296,0.005686643292949323
GSE166239,R-HSA-1474244,COL25A1,0.9734041187833803,0.9751229803041532,0.0017188615207729407
GSE166239,R-HSA-1474244,COL26A1,0.9734041187833803,0.9754436298479322,0.0020395110645519132
GSE166239,R-HSA-1474244,COL27A1,0.9734041187833803,0.9707761993632665,0.0026279194201137557
GSE166239,R-HSA-1474244,COL28A1,0.9734041187833803,0.9788502431168293,0.005446124333449043
GSE166239,R-HSA-1474244,COL3A1,0.9734041187833803,0.9674849338544903,0.005919184928889987
GSE166239,R-HSA-1474244,COL4A1,0.9734041187833803,0.9676869064263244,0.005717212357055912
GSE166239,R-HSA-1474244,COL4A2,0.9734041187833803,0.9680015987561468,0.005402520027233515
GSE166239,R-HSA-1474244,COL4A3,0.9734041187833803,0.9763986120876296,0.0029944933042492794
GSE166239,R-HSA-1474244,COL4A4,0.9734041187833803,0.9690123508052131,0.004391767978167205
GSE166239,R-HSA-1474244,COL4A5,0.9734041187833803,0.9789488975960802,0.00554477881269988
GSE166239,R-HSA-1474244,COL4A6,0.9734041187833803,0.9778063622302741,0.004402243446893772
GSE166239,R-HSA-1474244,COL5A1,0.9734041187833803,0.9651793859690629,0.008224732814317348
GSE166239,R-HSA-1474244,COL5A2,0.9734041187833803,0.9750566148364318,0.001652496053051511
GSE166239,R-HSA-1474244,COL5A3,0.9734041187833803,0.9760687433680707,0.0026646245846904115
GSE166239,R-HSA-1474244,COL6A1,0.9734041187833803,0.974685944358577,0.0012818255751967378
GSE166239,R-HSA-1474244,COL6A2,0.9734041187833803,0.9696440915856027,0.0037600271977775712
GSE166239,R-HSA-1474244,COL6A3,0.9734041187833803,0.9698947077674905,0.003509411015889752
GSE166239,R-HSA-1474244,COL6A6,0.9734041187833803,0.973326705380111,7.741340326927748e-05
GSE166239,R-HSA-1474244,COL7A1,0.9734041187833803,0.9595617186106876,0.01384240017269267
GSE166239,R-HSA-1474244,COL8A1,0.9734041187833803,0.9717354545566331,0.001668664226747163
GSE166239,R-HSA-1474244,COL8A2,0.9734041187833803,0.9698691742746188,0.0035349445087614617
GSE166239,R-HSA-1474244,COL9A1,0.9734041187833803,0.9802532766930976,0.006849157909717296
GSE166239,R-HSA-1474244,COL9A2,0.9734041187833803,0.9739324323017763,0.0005283135183959953
GSE166239,R-HSA-1474244,COL9A3,0.9734041187833803,0.9789132689968704,0.005509150213490077
GSE166239,R-HSA-1474244,COLGALT1,0.9734041187833803,0.9682703133924224,0.0051338053909578685
GSE166239,R-HSA-1474244,COLGALT2,0.9734041187833803,0.9789481086881356,0.005543989904755353
GSE166239,R-HSA-1474244,COMP,0.9734041187833803,0.9689658640468514,0.004438254736528924
GSE166239,R-HSA-1474244,CRTAP,0.9734041187833803,0.9722096475101406,0.0011944712732396834
GSE166239,R-HSA-1474244,CTSB,0.9734041187833803,0.9735616383588703,0.00015751957549003937
GSE166239,R-HSA-1474244,CTSD,0.9734041187833803,0.9711787329640809,0.0022253858192994302
GSE166239,R-HSA-1474244,CTSK,0.9734041187833803,0.9720722330364895,0.001331885746890804
GSE166239,R-HSA-1474244,CTSL,0.9734041187833803,0.9822524348123615,0.008848316028981174
GSE166239,R-HSA-1474244,CTSS,0.9734041187833803,0.9642347161752494,0.009169402608130928
GSE166239,R-HSA-1474244,CTSV,0.9734041187833803,0.9841640360715366,0.010759917288156284
GSE166239,R-HSA-1474244,DAG1,0.9734041187833803,0.9781143195207832,0.004710200737402914
GSE166239,R-HSA-1474244,DCN,0.9734041187833803,0.9707836109049917,0.0026205078783886337
GSE166239,R-HSA-1474244,DDR1,0.9734041187833803,0.9692150413673097,0.004189077416070552
GSE166239,R-HSA-1474244,DDR2,0.9734041187833803,0.9758052426469516,0.002401123863571275
GSE166239,R-HSA-1474244,DMD,0.9734041187833803,0.978195754750487,0.004791635967106744
GSE166239,R-HSA-1474244,DRP2,0.9734041187833803,0.969692755159122,0.0037113636242582793
GSE166239,R-HSA-1474244,DST,0.9734041187833803,0.974343244635976,0.0009391258525957014
GSE166239,R-HSA-1474244,DTNA,0.9734041187833803,0.9789957591720816,0.005591640388701302
GSE166239,R-HSA-1474244,DTNB,0.9734041187833803,0.9768166046717707,0.003412485888390382
GSE166239,R-HSA-1474244,EFEMP1,0.9734041187833803,0.9756938724362639,0.0022897536528836415
GSE166239,R-HSA-1474244,EFEMP2,0.9734041187833803,0.9689817893739033,0.004422329409476955
GSE166239,R-HSA-1474244,ELN,0.9734041187833803,0.9719793259592429,0.001424792824137433
GSE166239,R-HSA-1474244,EMILIN1,0.9734041187833803,0.9636902692928888,0.009713849490491477
GSE166239,R-HSA-1474244,EMILIN2,0.9734041187833803,0.966891532402566,0.006512586380814311
GSE166239,R-HSA-1474244,F11R,0.9734041187833803,0.9726711980105774,0.0007329207728028475
GSE166239,R-HSA-1474244,FBLN1,0.9734041187833803,0.970016107980301,0.0033880108030792666
GSE166239,R-HSA-1474244,FBLN2,0.9734041187833803,0.9751121162485981,0.0017079974652177699
GSE166239,R-HSA-1474244,FBLN5,0.9734041187833803,0.9724872710969422,0.0009168476864380715
GSE166239,R-HSA-1474244,FBN1,0.9734041187833803,0.9751598226972651,0.0017557039138847985
GSE166239,R-HSA-1474244,FBN2,0.9734041187833803,0.975183855312524,0.0017797365291437606
GSE166239,R-HSA-1474244,FBN3,0.9734041187833803,0.9783085705917527,0.004904451808372401
GSE166239,R-HSA-1474244,FGB,0.9734041187833803,0.9765829291189386,0.0031788103355583353
GSE166239,R-HSA-1474244,FGF2,0.9734041187833803,0.976959876535379,0.0035557577519986783
GSE166239,R-HSA-1474244,FMOD,0.9734041187833803,0.9693697416843896,0.004034377098990682
GSE166239,R-HSA-1474244,FN1,0.9734041187833803,0.9672130164004642,0.006191102382916092
GSE166239,R-HSA-1474244,FURIN,0.9734041187833803,0.9729869635731835,0.0004171552101968068
GSE166239,R-HSA-1474244,HSPG2,0.9734041187833803,0.9707078073029082,0.0026963114804721133
GSE166239,R-HSA-1474244,HTRA1,0.9734041187833803,0.9799965553922761,0.0065924366088958575
GSE166239,R-HSA-1474244,ICAM1,0.9734041187833803,0.961984036610607,0.011420082172773238
GSE166239,R-HSA-1474244,ICAM2,0.9734041187833803,0.9736681556044976,0.0002640368211173083
GSE166239,R-HSA-1474244,ICAM3,0.9734041187833803,0.9717500783965836,0.001654040386796729
GSE166239,R-HSA-1474244,ICAM5,0.9734041187833803,0.9714165205108153,0.0019875982725650054
GSE166239,R-HSA-1474244,ITGA1,0.9734041187833803,0.9723570173503462,0.0010471014330341033
GSE166239,R-HSA-1474244,ITGA10,0.9734041187833803,0.9740618786579034,0.0006577598745231006
GSE166239,R-HSA-1474244,ITGA11,0.9734041187833803,0.9587597149522367,0.014644403831143626
GSE166239,R-HSA-1474244,ITGA2,0.9734041187833803,0.9814235587030296,0.008019439919649263
GSE166239,R-HSA-1474244,ITGA2B,0.9734041187833803,0.9741941177986095,0.000789999015229248
GSE166239,R-HSA-1474244,ITGA3,0.9734041187833803,0.9700611069031481,0.0033430118802322273
GSE166239,R-HSA-1474244,ITGA4,0.9734041187833803,0.9663403594516897,0.007063759331690567
GSE166239,R-HSA-1474244,ITGA5,0.9734041187833803,0.9638666059133878,0.009537512869992493
GSE166239,R-HSA-1474244,ITGA6,0.9734041187833803,0.9819547247648848,0.008550605981504478
GSE166239,R-HSA-1474244,ITGA7,0.9734041187833803,0.9763359244486057,0.00293180566522544
GSE166239,R-HSA-1474244,ITGA8,0.9734041187833803,0.9810367118850354,0.007632593101655094
GSE166239,R-HSA-1474244,ITGA9,0.9734041187833803,0.9724300040197841,0.0009741147635962122
GSE166239,R-HSA-1474244,ITGAD,0.9734041187833803,0.9752911618330947,0.001887043049714432
GSE166239,R-HSA-1474244,ITGAE,0.9734041187833803,0.9738381227031532,0.0004340039197728851
GSE166239,R-HSA-1474244,ITGAL,0.9734041187833803,0.9625477207290933,0.010856398054286953
GSE166239,R-HSA-1474244,ITGAM,0.9734041187833803,0.9639528691917811,0.009451249591599153
GSE166239,R-HSA-1474244,ITGAV,0.9734041187833803,0.9721979620520514,0.0012061567313288446
GSE166239,R-HSA-1474244,ITGAX,0.9734041187833803,0.9637427037866246,0.009661414996755657
GSE166239,R-HSA-1474244,ITGB1,0.9734041187833803,0.971324689116982,0.0020794296663982914
GSE166239,R-HSA-1474244,ITGB2,0.9734041187833803,0.9459827051104011,0.027421413672979233
GSE166239,R-HSA-1474244,ITGB3,0.9734041187833803,0.9734150131429442,1.089435956391771e-05
GSE166239,R-HSA-1474244,ITGB4,0.9734041187833803,0.9699619868363026,0.0034421319470776535
GSE166239,R-HSA-1474244,ITGB5,0.9734041187833803,0.9701892801164399,0.0032148386669403894
GSE166239,R-HSA-1474244,ITGB6,0.9734041187833803,0.96737205469162,0.00603206409176027
GSE166239,R-HSA-1474244,ITGB7,0.9734041187833803,0.9777141972781758,0.004310078494795477
GSE166239,R-HSA-1474244,ITGB8,0.9734041187833803,0.9699822232398777,0.0034218955435025844
GSE166239,R-HSA-1474244,JAM2,0.9734041187833803,0.97638926150551,0.0029851427221296856
GSE166239,R-HSA-1474244,JAM3,0.9734041187833803,0.9791058189790866,0.005701700195706261
GSE166239,R-HSA-1474244,KDR,0.9734041187833803,0.9846454834976641,0.01124136471428383
GSE166239,R-HSA-1474244,KLK7,0.9734041187833803,0.9800153522106199,0.006611233427239571
GSE166239,R-HSA-1474244,KLKB1,0.9734041187833803,0.9853374119944704,0.011933293211090157
GSE166239,R-HSA-1474244,LAMA1,0.9734041187833803,0.9797861025115344,0.006381983728154128
GSE166239,R-HSA-1474244,LAMA2,0.9734041187833803,0.9739896896051805,0.0005855708218002187
GSE166239,R-HSA-1474244,LAMA3,0.9734041187833803,0.9766978024901183,0.003293683706737993
GSE166239,R-HSA-1474244,LAMA4,0.9734041187833803,0.9759391081596555,0.002534989376275165
GSE166239,R-HSA-1474244,LAMA5,0.9734041187833803,0.9712544526473587,0.002149666136021633
GSE166239,R-HSA-1474244,LAMB1,0.9734041187833803,0.9726809058691065,0.0007232129142737964
GSE166239,R-HSA-1474244,LAMB2,0.9734041187833803,0.9715010906042103,0.0019030281791699855
GSE166239,R-HSA-1474244,LAMB3,0.9734041187833803,0.9760923396074068,0.0026882208240265326
GSE166239,R-HSA-1474244,LAMC1,0.9734041187833803,0.9722497958584799,0.001154322924900364
GSE166239,R-HSA-1474244,LAMC2,0.9734041187833803,0.9693029465514931,0.004101172231887218
GSE166239,R-HSA-1474244,LAMC3,0.9734041187833803,0.9702988367018782,0.00310528208150207
GSE166239,R-HSA-1474244,LOX,0.9734041187833803,0.9803315137118672,0.00692739492848693
GSE166239,R-HSA-1474244,LOXL1,0.9734041187833803,0.9629268963603633,0.010477222423016963
GSE166239,R-HSA-1474244,LOXL2,0.9734041187833803,0.9682350585779963,0.005169060205383991
GSE166239,R-HSA-1474244,LOXL3,0.9734041187833803,0.9698486406026855,0.0035554781806947933
GSE166239,R-HSA-1474244,LOXL4,0.9734041187833803,0.9688622088644905,0.004541909918889808
GSE166239,R-HSA-1474244,LRP4,0.9734041187833803,0.980351694530098,0.006947575746717671
GSE166239,R-HSA-1474244,LTBP1,0.9734041187833803,0.9734636342091294,5.9515425749112616e-05
GSE166239,R-HSA-1474244,LTBP2,0.9734041187833803,0.9766963863519843,0.0032922675686040126
GSE166239,R-HSA-1474244,LTBP3,0.9734041187833803,0.9705320405122796,0.0028720782711006976
GSE166239,R-HSA-1474244,LTBP4,0.9734041187833803,0.970934859258482,0.002469259524898293
GSE166239,R-HSA-1474244,LUM,0.9734041187833803,0.9687655909367665,0.0046385278466137825
GSE166239,R-HSA-1474244,MATN3,0.9734041187833803,0.9679348151772402,0.0054693036061400635
GSE166239,R-HSA-1474244,MFAP2,0.9734041187833803,0.9729874120782905,0.00041670670508975327
GSE166239,R-HSA-1474244,MFAP3,0.9734041187833803,0.9774105686559642,0.004006449872583917
GSE166239,R-HSA-1474244,MFAP4,0.9734041187833803,0.9669018772723161,0.006502241511064155
GSE166239,R-HSA-1474244,MMP11,0.9734041187833803,0.9682976825896887,0.005106436193691555
GSE166239,R-HSA-1474244,MMP12,0.9734041187833803,0.9840051464443782,0.010601027660997908
GSE166239,R-HSA-1474244,MMP14,0.9734041187833803,0.9678790007179735,0.005525118065406787
GSE166239,R-HSA-1474244,MMP15,0.9734041187833803,0.9752404549960791,0.0018363362126988525
GSE166239,R-HSA-1474244,MMP16,0.9734041187833803,0.973832804052391,0.00042868526901074233
GSE166239,R-HSA-1474244,MMP17,0.9734041187833803,0.96970280801505,0.003701310768330246
GSE166239,R-HSA-1474244,MMP19,0.9734041187833803,0.968740657170703,0.004663461612677278
GSE166239,R-HSA-1474244,MMP2,0.9734041187833803,0.9691943642459666,0.004209754537413679
GSE166239,R-HSA-1474244,MMP24,0.9734041187833803,0.9803089357494824,0.006904816966102123
GSE166239,R-HSA-1474244,MMP7,0.9734041187833803,0.9680336155492414,0.005370503234138901
GSE166239,R-HSA-1474244,MMP9,0.9734041187833803,0.9710989685715231,0.0023051502118571765
GSE166239,R-HSA-1474244,NCAM1,0.9734041187833803,0.9738274753583974,0.00042335657501713087
GSE166239,R-HSA-1474244,NCSTN,0.9734041187833803,0.979199567189691,0.005795448406310744
GSE166239,R-HSA-1474244,NID1,0.9734041187833803,0.9716546953568607,0.0017494234265196251
GSE166239,R-HSA-1474244,NID2,0.9734041187833803,0.9729845015499224,0.0004196172334578474
GSE166239,R-HSA-1474244,NRXN1,0.9734041187833803,0.9821593133739308,0.008755194590550519
GSE166239,R-HSA-1474244,NTN4,0.9734041187833803,0.9705640131609231,0.0028401056224571786
GSE166239,R-HSA-1474244,P3H1,0.9734041187833803,0.9714920758488044,0.0019120429345759193
GSE166239,R-HSA-1474244,P3H2,0.9734041187833803,0.9763677787220896,0.0029636599387092843
GSE166239,R-HSA-1474244,P3H3,0.9734041187833803,0.9705740708158799,0.0028300479675004153
GSE166239,R-HSA-1474244,P4HA1,0.9734041187833803,0.9829541678897336,0.009550049106353264
GSE166239,R-HSA-1474244,P4HA2,0.9734041187833803,0.9847452276012818,0.011341108817901513
GSE166239,R-HSA-1474244,P4HA3,0.9734041187833803,0.9771353235214978,0.0037312047381174995
GSE166239,R-HSA-1474244,P4HB,0.9734041187833803,0.9711064212174461,0.0022976975659342314
GSE166239,R-HSA-1474244,PCOLCE,0.9734041187833803,0.9668074175647985,0.006596701218581802
GSE166239,R-HSA-1474244,PCOLCE2,0.9734041187833803,0.9821910773709696,0.008786958587589266
GSE166239,R-HSA-1474244,PDGFA,0.9734041187833803,0.9719552285969559,0.0014488901864243564
GSE166239,R-HSA-1474244,PDGFB,0.9734041187833803,0.9726308017831847,0.0007733170001955614
GSE166239,R-HSA-1474244,PECAM1,0.9734041187833803,0.9696616825858585,0.0037424361975217924
GSE166239,R-HSA-1474244,PHYKPL,0.9734041187833803,0.9734463409890197,4.222220563943058e-05
GSE166239,R-HSA-1474244,PLEC,0.9734041187833803,0.972272307879834,0.0011318109035463042
GSE166239,R-HSA-1474244,PLG,0.9734041187833803,0.9807636803558506,0.007359561572470308
GSE166239,R-HSA-1474244,PLOD1,0.9734041187833803,0.9821469525751239,0.008742833791743565
GSE166239,R-HSA-1474244,PLOD2,0.9734041187833803,0.9786080286542158,0.005203909870835521
GSE166239,R-HSA-1474244,PLOD3,0.9734041187833803,0.9749174199647318,0.0015133011813515118
GSE166239,R-HSA-1474244,PPIB,0.9734041187833803,0.9713812277470925,0.0020228910362878327
GSE166239,R-HSA-1474244,PRKCA,0.9734041187833803,0.9739851700006321,0.0005810512172518267
GSE166239,R-HSA-1474244,PSEN1,0.9734041187833803,0.9786670982437495,0.005262979460369244
GSE166239,R-HSA-1474244,PTPRS,0.9734041187833803,0.9706331126280003,0.0027710061553799514
GSE166239,R-HSA-1474244,PXDN,0.9734041187833803,0.9702156707288992,0.003188448054481041
GSE166239,R-HSA-1474244,SCUBE1,0.9734041187833803,0.9754257433028791,0.0020216245194988325
GSE166239,R-HSA-1474244,SCUBE3,0.9734041187833803,0.9815617926922885,0.008157673908908203
GSE166239,R-HSA-1474244,SDC1,0.9734041187833803,0.9772394966626676,0.0038353778792873383
GSE166239,R-HSA-1474244,SDC2,0.9734041187833803,0.975194507096911,0.001790388313530733
GSE166239,R-HSA-1474244,SDC3,0.9734041187833803,0.9638319324481234,0.009572186335256916
GSE166239,R-HSA-1474244,SDC4,0.9734041187833803,0.9719084388812164,0.0014956799021639267
GSE166239,R-HSA-1474244,SERPINE1,0.9734041187833803,0.9633356961182773,0.010068422665102994
GSE166239,R-HSA-1474244,SERPINH1,0.9734041187833803,0.9698341023316187,0.0035700164517615818
GSE166239,R-HSA-1474244,SGCA,0.9734041187833803,0.9804946711005755,0.007090552317195242
GSE166239,R-HSA-1474244,SGCB,0.9734041187833803,0.982292771055471,0.00888865227209068
GSE166239,R-HSA-1474244,SGCD,0.9734041187833803,0.9784996926134479,0.005095573830067646
GSE166239,R-HSA-1474244,SGCE,0.9734041187833803,0.9794746194094694,0.006070500626089159
GSE166239,R-HSA-1474244,SGCG,0.9734041187833803,0.9791764268603178,0.005772308076937516
GSE166239,R-HSA-1474244,SH3PXD2A,0.9734041187833803,0.9732381960264719,0.00016592275690840985
GSE166239,R-HSA-1474244,SNTA1,0.9734041187833803,0.9848509950270613,0.011446876243681015
GSE166239,R-HSA-1474244,SNTB1,0.9734041187833803,0.9781811393527352,0.004777020569354917
GSE166239,R-HSA-1474244,SNTB2,0.9734041187833803,0.976829957890838,0.003425839107457751
GSE166239,R-HSA-1474244,SNTG2,0.9734041187833803,0.9768844168138205,0.003480298030440254
GSE166239,R-HSA-1474244,SPARC,0.9734041187833803,0.9720291240012606,0.001374994782119665
GSE166239,R-HSA-1474244,SPP1,0.9734041187833803,0.972454290152095,0.0009498286312853432
GSE166239,R-HSA-1474244,SSPN,0.9734041187833803,0.9738676754039749,0.00046355662059460734
GSE166239,R-HSA-1474244,TGFB1,0.9734041187833803,0.9574454268107109,0.015958691972669414
GSE166239,R-HSA-1474244,TGFB2,0.9734041187833803,0.9686591197248836,0.0047449990584966795
GSE166239,R-HSA-1474244,TGFB3,0.9734041187833803,0.9730126833416644,0.00039143544171593714
GSE166239,R-HSA-1474244,THBS1,0.9734041187833803,0.9720244363590876,0.0013796824242926498
GSE166239,R-HSA-1474244,TIMP1,0.9734041187833803,0.9638443306239654,0.00955978815941494
GSE166239,R-HSA-1474244,TIMP2,0.9734041187833803,0.968565787639609,0.004838331143771302
GSE166239,R-HSA-1474244,TLL1,0.9734041187833803,0.9849113352051138,0.011507216421733468
GSE166239,R-HSA-1474244,TLL2,0.9734041187833803,0.9715625005441872,0.0018416182391930436
GSE166239,R-HSA-1474244,TNC,0.9734041187833803,0.9688766359780586,0.00452748280532167
GSE166239,R-HSA-1474244,TNN,0.9734041187833803,0.9807004150283687,0.007296296244988398
GSE166239,R-HSA-1474244,TNXB,0.9734041187833803,0.9703906862541932,0.0030134325291870656
GSE166239,R-HSA-1474244,TRAPPC4,0.9734041187833803,0.9781645085740402,0.004760389790659958
GSE166239,R-HSA-1474244,TTR,0.9734041187833803,0.9814536488603872,0.008049530077006928
GSE166239,R-HSA-1474244,UTRN,0.9734041187833803,0.9711404141704956,0.0022637046128847205
GSE166239,R-HSA-1474244,VCAM1,0.9734041187833803,0.9660405565569276,0.007363562226452736
GSE166239,R-HSA-1474244,VCAN,0.9734041187833803,0.9609515674857482,0.01245255129763212
GSE166239,R-HSA-1474244,VTN,0.9734041187833803,0.9802892249126899,0.006885106129309593
GSE166239,R-HSA-1474244,VWF,0.9734041187833803,0.972498530392777,0.0009055883906032847
GSE166239,R-HSA-1234174,ADRM1,-0.044027541339615804,-0.07050617740870252,0.026478636069086715
GSE166239,R-HSA-1234174,AJUBA,-0.044027541339615804,-0.067439996895042,0.023412455555426197
GSE166239,R-HSA-1234174,ARNT,-0.044027541339615804,-0.06344596881961043,0.019418427479994622
GSE166239,R-HSA-1234174,CITED2,-0.044027541339615804,-0.041772696181521934,0.0022548451580938697
GSE166239,R-HSA-1234174,CREBBP,-0.044027541339615804,-0.059337953013499936,0.015310411673884132
GSE166239,R-HSA-1234174,CUL2,-0.044027541339615804,-0.019550913625569745,0.02447662771404606
GSE166239,R-HSA-1234174,EGLN1,-0.044027541339615804,-0.01437601660462316,0.02965152473499264
GSE166239,R-HSA-1234174,EGLN2,-0.044027541339615804,-0.06121814075360994,0.01719059941399414
GSE166239,R-HSA-1234174,EGLN3,-0.044027541339615804,-0.04313579144306484,0.0008917498965509627
GSE166239,R-HSA-1234174,ELOB,-0.044027541339615804,-0.06251503452365524,0.018487493184039437
GSE166239,R-HSA-1234174,ELOC,-0.044027541339615804,-0.03904410675107504,0.004983434588540767
GSE166239,R-HSA-1234174,EP300,-0.044027541339615804,-0.0617525362449526,0.017724994905336793
GSE166239,R-HSA-1234174,EPAS1,-0.044027541339615804,-0.06224230405465904,0.018214762715043235
GSE166239,R-HSA-1234174,HIF1A,-0.044027541339615804,-0.05635274804559408,0.012325206705978274
GSE166239,R-HSA-1234174,HIF1AN,-0.044027541339615804,-0.05371488195503991,0.009687340615424103
GSE166239,R-HSA-1234174,HIF3A,-0.044027541339615804,-0.0683498228971488,0.024322281557533
GSE166239,R-HSA-1234174,LIMD1,-0.044027541339615804,-0.07993028629752205,0.03590274495790625
GSE166239,R-HSA-1234174,PSMA1,-0.044027541339615804,-0.03508004481577641,0.008947496523839395
GSE166239,R-HSA-1234174,PSMA2,-0.044027541339615804,-0.037826375864206195,0.006201165475409609
GSE166239,R-HSA-1234174,PSMA3,-0.044027541339615804,-0.023793192473821476,0.020234348865794328
GSE166239,R-HSA-1234174,PSMA4,-0.044027541339615804,-0.030283229927738388,0.013744311411877416
GSE166239,R-HSA-1234174,PSMA5,-0.044027541339615804,-0.03037241087033821,0.013655130469277594
GSE166239,R-HSA-1234174,PSMA6,-0.044027541339615804,-0.06427191685740999,0.020244375517794184
GSE166239,R-HSA-1234174,PSMA7,-0.044027541339615804,-0.04037708081689416,0.003650460522721645
GSE166239,R-HSA-1234174,PSMB1,-0.044027541339615804,-0.038508251267934814,0.005519290071680991
GSE166239,R-HSA-1234174,PSMB2,-0.044027541339615804,-0.046668506133055225,0.002640964793439421
GSE166239,R-HSA-1234174,PSMB3,-0.044027541339615804,-0.039909346244636594,0.00411819509497921
GSE166239,R-HSA-1234174,PSMB4,-0.044027541339615804,-0.056011820669325876,0.011984279329710072
GSE166239,R-HSA-1234174,PSMB5,-0.044027541339615804,-0.03866190856757198,0.005365632772043827
GSE166239,R-HSA-1234174,PSMB6,-0.044027541339615804,-0.04277102906122376,0.0012565122783920468
GSE166239,R-HSA-1234174,PSMB7,-0.044027541339615804,-0.04530969443009362,0.001282153090477814
GSE166239,R-HSA-1234174,PSMC1,-0.044027541339615804,-0.03512933810056618,0.00889820323904962
GSE166239,R-HSA-1234174,PSMC2,-0.044027541339615804,-0.03061352475354168,0.013414016586074124
GSE166239,R-HSA-1234174,PSMC3,-0.044027541339615804,-0.01774468924884919,0.026282852090766615
GSE166239,R-HSA-1234174,PSMC4,-0.044027541339615804,-0.0366908691271576,0.007336672212458206
GSE166239,R-HSA-1234174,PSMC5,-0.044027541339615804,-0.05982674834984831,0.015799207010232505
GSE166239,R-HSA-1234174,PSMC6,-0.044027541339615804,-0.017897478780821142,0.026130062558794662
GSE166239,R-HSA-1234174,PSMD1,-0.044027541339615804,-0.02779287232674281,0.016234669012872995
GSE166239,R-HSA-1234174,PSMD11,-0.044027541339615804,-0.030267900454534636,0.013759640885081168
GSE166239,R-HSA-1234174,PSMD12,-0.044027541339615804,-0.021349598072005982,0.022677943267609822
GSE166239,R-HSA-1234174,PSMD13,-0.044027541339615804,-0.041571974946633,0.0024555663929828053
GSE166239,R-HSA-1234174,PSMD14,-0.044027541339615804,-0.02550283662191715,0.018524704717698653
GSE166239,R-HSA-1234174,PSMD2,-0.044027541339615804,-0.042327734075244886,0.0016998072643709186
GSE166239,R-HSA-1234174,PSMD3,-0.044027541339615804,-0.03601132743366388,0.008016213905951926
GSE166239,R-HSA-1234174,PSMD6,-0.044027541339615804,-0.014265494491890717,0.029762046847725085
GSE166239,R-HSA-1234174,PSMD7,-0.044027541339615804,-0.02575430341971341,0.018273237919902395
GSE166239,R-HSA-1234174,PSMD8,-0.044027541339615804,-0.035873850428261536,0.008153690911354268
GSE166239,R-HSA-1234174,RBX1,-0.044027541339615804,-0.0492357397281174,0.005208198388501596
GSE166239,R-HSA-1234174,RPS27A,-0.044027541339615804,-0.05961098411857655,0.015583442778960746
GSE166239,R-HSA-1234174,SEM1,-0.044027541339615804,-0.03749250100947479,0.006535040330141018
GSE166239,R-HSA-1234174,UBA52,-0.044027541339615804,-0.06006100947951034,0.016033468139894536
GSE166239,R-HSA-1234174,UBB,-0.044027541339615804,-0.0618881049035527,0.017860563563936893
GSE166239,R-HSA-1234174,UBC,-0.044027541339615804,-0.06101954726166508,0.016992005922049275
GSE166239,R-HSA-1234174,UBE2D1,-0.044027541339615804,-0.017436594662837056,0.02659094667677875
GSE166239,R-HSA-1234174,UBE2D2,-0.044027541339615804,-0.04389879517656617,0.00012874616304963532
GSE166239,R-HSA-1234174,UBE2D3,-0.044027541339615804,-0.051235900525895106,0.007208359186279302
GSE166239,R-HSA-1234174,VEGFA,-0.044027541339615804,-0.03861060946084057,0.005416931878775233
GSE166239,R-HSA-1234174,VHL,-0.044027541339615804,-0.06126608967543148,0.017238548335815673
GSE166239,R-HSA-1234174,WTIP,-0.044027541339615804,-0.06271833888855533,0.01869079754893952
GSE166239,R-HSA-170834,BAMBI,0.4676872408557031,0.476719814529115,0.00903257367341187
GSE166239,R-HSA-170834,CBL,0.4676872408557031,0.47310484900491284,0.005417608149209718
GSE166239,R-HSA-170834,CCNC,0.4676872408557031,0.4847424998039523,0.017055258948249163
GSE166239,R-HSA-170834,CCNK,0.4676872408557031,0.4732601257079461,0.0055728848522429986
GSE166239,R-HSA-170834,CCNT1,0.4676872408557031,0.4836519096634893,0.015964668807786186
GSE166239,R-HSA-170834,CCNT2,0.4676872408557031,0.47462854902993007,0.006941308174226946
GSE166239,R-HSA-170834,CDK8,0.4676872408557031,0.48901974325444525,0.021332502398742126
GSE166239,R-HSA-170834,CDK9,0.4676872408557031,0.46021952341961686,0.007467717436086263
GSE166239,R-HSA-170834,CGN,0.4676872408557031,0.48438930342706815,0.01670206257136503
GSE166239,R-HSA-170834,COL1A2,0.4676872408557031,0.4467801381153734,0.020907102740329697
GSE166239,R-HSA-170834,E2F4,0.4676872408557031,0.46982731522007903,0.00214007436437591
GSE166239,R-HSA-170834,E2F5,0.4676872408557031,0.48944908953663396,0.02176184868093084
GSE166239,R-HSA-170834,EP300,0.4676872408557031,0.46195018616332306,0.005737054692380061
GSE166239,R-HSA-170834,F11R,0.4676872408557031,0.45982868429516494,0.007858556560538188
GSE166239,R-HSA-170834,FBN1,0.4676872408557031,0.4674328152822659,0.0002544255734372447
GSE166239,R-HSA-170834,FKBP1A,0.4676872408557031,0.4475080221490008,0.020179218706702307
GSE166239,R-HSA-170834,FURIN,0.4676872408557031,0.4607935235142384,0.006893717341464711
GSE166239,R-HSA-170834,HDAC1,0.4676872408557031,0.4652889448961982,0.0023982959595049147
GSE166239,R-HSA-170834,ITGA8,0.4676872408557031,0.4853899766893423,0.017702735833639183
GSE166239,R-HSA-170834,ITGAV,0.4676872408557031,0.4583826855330018,0.009304555322701302
GSE166239,R-HSA-170834,ITGB1,0.4676872408557031,0.4557143515647339,0.011972889290969235
GSE166239,R-HSA-170834,ITGB3,0.4676872408557031,0.4621014527551744,0.005585788100528732
GSE166239,R-HSA-170834,ITGB5,0.4676872408557031,0.45224504628530005,0.015442194570403078
GSE166239,R-HSA-170834,ITGB6,0.4676872408557031,0.44363685748723897,0.024050383368464157
GSE166239,R-HSA-170834,ITGB8,0.4676872408557031,0.4516123724958045,0.01607486835989863
GSE166239,R-HSA-170834,JUNB,0.4676872408557031,0.4461620028644872,0.021525237991215918
GSE166239,R-HSA-170834,LTBP1,0.4676872408557031,0.46225001712407376,0.005437223731629359
GSE166239,R-HSA-170834,LTBP2,0.4676872408557031,0.4721278708939077,0.004440630038204552
GSE166239,R-HSA-170834,LTBP3,0.4676872408557031,0.45329236971703246,0.014394871138670662
GSE166239,R-HSA-170834,LTBP4,0.4676872408557031,0.45452320477487324,0.013164036080829888
GSE166239,R-HSA-170834,MAPK1,0.4676872408557031,0.4555151160120913,0.012172124843611798
GSE166239,R-HSA-170834,MAPK3,0.4676872408557031,0.4640424332418671,0.0036448076138360097
GSE166239,R-HSA-170834,MEN1,0.4676872408557031,0.47950869286459447,0.011821452008891342
GSE166239,R-HSA-170834,MTMR4,0.4676872408557031,0.4910311224870296,0.023343881631326502
GSE166239,R-HSA-170834,MYC,0.4676872408557031,0.43378828043439277,0.033898960421310353
GSE166239,R-HSA-170834,NCOR1,0.4676872408557031,0.46159661412452685,0.006090626731176274
GSE166239,R-HSA-170834,NCOR2,0.4676872408557031,0.45724270420466934,0.010444536651033787
GSE166239,R-HSA-170834,NEDD4L,0.4676872408557031,0.4900366317874457,0.022349390931742596
GSE166239,R-HSA-170834,NEDD8,0.4676872408557031,0.46482766126769615,0.0028595795880069774
GSE166239,R-HSA-170834,PARD3,0.4676872408557031,0.4642697631896974,0.003417477666005697
GSE166239,R-HSA-170834,PARD6A,0.4676872408557031,0.4786962431205479,0.011009002264844803
GSE166239,R-HSA-170834,PARP1,0.4676872408557031,0.4817893040653235,0.014102063209620375
GSE166239,R-HSA-170834,PMEPA1,0.4676872408557031,0.456490050789634,0.011197190066069118
GSE166239,R-HSA-170834,PPM1A,0.4676872408557031,0.4746356248649519,0.006948384009248798
GSE166239,R-HSA-170834,PPP1CA,0.4676872408557031,0.46839962390760453,0.0007123830519014107
GSE166239,R-HSA-170834,PPP1CB,0.4676872408557031,0.4699504668011519,0.0022632259454487547
GSE166239,R-HSA-170834,PPP1CC,0.4676872408557031,0.48404079433450736,0.01635355347880424
GSE166239,R-HSA-170834,PPP1R15A,0.4676872408557031,0.44205672114874406,0.025630519706959065
GSE166239,R-HSA-170834,PRKCZ,0.4676872408557031,0.5087274866342187,0.041040245778515616
GSE166239,R-HSA-170834,RBL1,0.4676872408557031,0.4824135078751327,0.014726267019429584
GSE166239,R-HSA-170834,RHOA,0.4676872408557031,0.4576167768506197,0.010070464005083435
GSE166239,R-HSA-170834,RNF111,0.4676872408557031,0.4805643567548233,0.012877115899120162
GSE166239,R-HSA-170834,RPS27A,0.4676872408557031,0.46333029753365423,0.00435694332204889
GSE166239,R-HSA-170834,SERPINE1,0.4676872408557031,0.4313035396242475,0.03638370123145562
GSE166239,R-HSA-170834,SKI,0.4676872408557031,0.4571635939134785,0.01052364694222463
GSE166239,R-HSA-170834,SKIL,0.4676872408557031,0.47000733784183735,0.0023200969861342235
GSE166239,R-HSA-170834,SMAD2,0.4676872408557031,0.4716199301728726,0.003932689317169502
GSE166239,R-HSA-170834,SMAD3,0.4676872408557031,0.472634781071564,0.004947540215860857
GSE166239,R-HSA-170834,SMAD4,0.4676872408557031,0.47756490735259144,0.009877666496888315
GSE166239,R-HSA-170834,SMAD7,0.4676872408557031,0.4645771722743587,0.0031100685813444384
GSE166239,R-HSA-170834,SMURF1,0.4676872408557031,0.43655105681739553,0.03113618403830759
GSE166239,R-HSA-170834,SMURF2,0.4676872408557031,0.4864208161055591,0.01873357524985597
GSE166239,R-HSA-170834,SNW1,0.4676872408557031,0.46967576122519206,0.001988520369488933
GSE166239,R-HSA-170834,SP1,0.4676872408557031,0.46059673715834654,0.007090503697356587
GSE166239,R-HSA-170834,STAT1,0.4676872408557031,0.4458684930042418,0.021818747851461318
GSE166239,R-HSA-170834,STRAP,0.4676872408557031,0.4843166540602167,0.016629413204513555
GSE166239,R-HSA-170834,STUB1,0.4676872408557031,0.46007870443288823,0.007608536422814893
GSE166239,R-HSA-170834,TFDP1,0.4676872408557031,0.46292210830479935,0.004765132550903772
GSE166239,R-HSA-170834,TFDP2,0.4676872408557031,0.4790698260722992,0.011382585216596075
GSE166239,R-HSA-170834,TGFB1,0.4676872408557031,0.41330549451779475,0.05438174633790838
GSE166239,R-HSA-170834,TGFB2,0.4676872408557031,0.44756955619998945,0.020117684655713675
GSE166239,R-HSA-170834,TGFB3,0.4676872408557031,0.460872111695708,0.006815129159995104
GSE166239,R-HSA-170834,TGFBR1,0.4676872408557031,0.4767663269458267,0.00907908609012359
GSE166239,R-HSA-170834,TGFBR2,0.4676872408557031,0.4553749850025441,0.012312255853159038
GSE166239,R-HSA-170834,TGFBR3,0.4676872408557031,0.5069333535079601,0.03924611265225697
GSE166239,R-HSA-170834,TGIF1,0.4676872408557031,0.4599343633720933,0.00775287748360981
GSE166239,R-HSA-170834,TGIF2,0.4676872408557031,0.45967211854140505,0.008015122314298073
GSE166239,R-HSA-170834,TRIM33,0.4676872408557031,0.4829112953299284,0.015224054474225257
GSE166239,R-HSA-170834,UBA52,0.4676872408557031,0.4630402811899414,0.00464695966576173
GSE166239,R-HSA-170834,UBB,0.4676872408557031,0.46186281969444737,0.005824421161255755
GSE166239,R-HSA-170834,UBC,0.4676872408557031,0.4624225568414417,0.005264684014261445
GSE166239,R-HSA-170834,UBE2D1,0.4676872408557031,0.49050934851624195,0.022822107660538826
GSE166239,R-HSA-170834,UBE2D3,0.4676872408557031,0.4687275736267157,0.0010403327710125643
GSE166239,R-HSA-170834,UBE2M,0.4676872408557031,0.4744121666769179,0.006724925821214756
GSE166239,R-HSA-170834,UCHL5,0.4676872408557031,0.4956925565326448,0.0280053156769417
GSE166239,R-HSA-170834,USP15,0.4676872408557031,0.4924712441304082,0.02478400327470509
GSE166239,R-HSA-170834,USP9X,0.4676872408557031,0.4828363542630803,0.01514911340737718
GSE166239,R-HSA-170834,WWTR1,0.4676872408557031,0.46107847494032245,0.006608765915380677
GSE166239,R-HSA-170834,XPO1,0.4676872408557031,0.48557960964819163,0.01789236879248851
GSE166239,R-HSA-170834,YBX1,0.4676872408557031,0.46024926377938,0.007437977076323099
GSE166239,R-HSA-170834,ZFYVE9,0.4676872408557031,0.4903421239914713,0.02265488313576819
GSE163603_interstitium,R-HSA-166658,C1QA,0.18201001272654668,0.1759229191068629,0.006087093619683792
GSE163603_interstitium,R-HSA-166658,C1QB,0.18201001272654668,0.18406689873155077,0.0020568860050040882
GSE163603_interstitium,R-HSA-166658,C1QC,0.18201001272654668,0.1627785601013535,0.019231452625193185
GSE163603_interstitium,R-HSA-166658,C1R,0.18201001272654668,0.19297378740667026,0.010963774680123578
GSE163603_interstitium,R-HSA-166658,C1S,0.18201001272654668,0.17711278261738386,0.00489723010916282
GSE163603_interstitium,R-HSA-166658,C2,0.18201001272654668,0.202811420517985,0.020801407791438326
GSE163603_interstitium,R-HSA-166658,C3,0.18201001272654668,0.16605666898525057,0.015953343741296117
GSE163603_interstitium,R-HSA-166658,C3AR1,0.18201001272654668,0.17949964209967462,0.002510370626872066
GSE163603_interstitium,R-HSA-166658,C4A,0.18201001272654668,0.18201001272654668,0.0
GSE163603_interstitium,R-HSA-166658,C4B,0.18201001272654668,0.18201001272654668,0.0
GSE163603_interstitium,R-HSA-166658,C4BPA,0.18201001272654668,0.1818458122263235,0.00016420050022317167
GSE163603_interstitium,R-HSA-166658,C4BPB,0.18201001272654668,0.18147424065830753,0.0005357720682391542
GSE163603_interstitium,R-HSA-166658,C5,0.18201001272654668,0.18414738227387215,0.002137369547325463
GSE163603_interstitium,R-HSA-166658,C5AR1,0.18201001272654668,0.18783333277372607,0.005823320047179392
GSE163603_interstitium,R-HSA-166658,C5AR2,0.18201001272654668,0.1757688081495489,0.006241204576997783
GSE163603_interstitium,R-HSA-166658,C6,0.18201001272654668,0.18451903094221328,0.0025090182156665974
GSE163603_interstitium,R-HSA-166658,C7,0.18201001272654668,0.18419869660469115,0.0021886838781444706
GSE163603_interstitium,R-HSA-166658,C8A,0.18201001272654668,0.1797925963223971,0.0022174164041495747
GSE163603_interstitium,R-HSA-166658,C8B,0.18201001272654668,0.1909060572157009,0.008896044489154209
GSE163603_interstitium,R-HSA-166658,C8G,0.18201001272654668,0.18668053842852134,0.004670525701974654
GSE163603_interstitium,R-HSA-166658,C9,0.18201001272654668,0.17930500685163075,0.002705005874915928
GSE163603_interstitium,R-HSA-166658,CD19,0.18201001272654668,0.18346924358143463,0.001459230854887944
GSE163603_interstitium,R-HSA-166658,CD46,0.18201001272654668,0.18537847822828293,0.003368465501736251
GSE163603_interstitium,R-HSA-166658,CD55,0.18201001272654668,0.16335467809938573,0.018655334627160958
GSE163603_interstitium,R-HSA-166658,CD59,0.18201001272654668,0.18184351756249018,0.0001664951640565071
GSE163603_interstitium,R-HSA-166658,CD81,0.18201001272654668,0.18101229744955696,0.000997715276989719
GSE163603_interstitium,R-HSA-166658,CFB,0.18201001272654668,0.208151100576527,0.026141087849980316
GSE163603_interstitium,R-HSA-166658,CFD,0.18201001272654668,0.19349922768574115,0.011489214959194471
GSE163603_interstitium,R-HSA-166658,CFH,0.18201001272654668,0.1709703633062011,0.011039649420345576
GSE163603_interstitium,R-HSA-166658,CFHR1,0.18201001272654668,0.19335527098404506,0.01134525825749838
GSE163603_interstitium,R-HSA-166658,CFHR2,0.18201001272654668,0.18641795032481762,0.0044079375982709335
GSE163603_interstitium,R-HSA-166658,CFHR3,0.18201001272654668,0.18327834709332877,0.0012683343667820868
GSE163603_interstitium,R-HSA-166658,CFHR4,0.18201001272654668,0.1697540095034822,0.012256003223064471
GSE163603_interstitium,R-HSA-166658,CFHR5,0.18201001272654668,0.20225634923807312,0.020246336511526436
GSE163603_interstitium,R-HSA-166658,CFI,0.18201001272654668,0.18461199351722155,0.0026019807906748627
GSE163603_interstitium,R-HSA-166658,CFP,0.18201001272654668,0.18313875302330526,0.0011287402967585791
GSE163603_interstitium,R-HSA-166658,CLU,0.18201001272654668,0.17378074671191665,0.008229266014630032
GSE163603_interstitium,R-HSA-166658,COLEC10,0.18201001272654668,0.17003084508850078,0.011979167638045907
GSE163603_interstitium,R-HSA-166658,COLEC11,0.18201001272654668,0.17121863866299467,0.010791374063552017
GSE163603_interstitium,R-HSA-166658,CPB2,0.18201001272654668,0.18759295406816273,0.005582941341616049
GSE163603_interstitium,R-HSA-166658,CPN1,0.18201001272654668,0.18649456488380992,0.004484552157263233
GSE163603_interstitium,R-HSA-166658,CPN2,0.18201001272654668,0.16077484277325052,0.021235169953296162
GSE163603_interstitium,R-HSA-166658,CR1,0.18201001272654668,0.19012944655846067,0.008119433831913991
GSE163603_interstitium,R-HSA-166658,CR2,0.18201001272654668,0.184754591903174,0.002744579176627321
GSE163603_interstitium,R-HSA-166658,CRP,0.18201001272654668,0.18984714989974114,0.007837137173194453
GSE163603_interstitium,R-HSA-166658,ELANE,0.18201001272654668,0.20607609352382655,0.02406608079727987
GSE163603_interstitium,R-HSA-166658,F2,0.18201001272654668,0.18884719655618165,0.0068371838296349685
GSE163603_interstitium,R-HSA-166658,FCN1,0.18201001272654668,0.1695262955414917,0.012483717185054977
GSE163603_interstitium,R-HSA-166658,FCN2,0.18201001272654668,0.17920171659519274,0.0028082961313539434
GSE163603_interstitium,R-HSA-166658,FCN3,0.18201001272654668,0.17704447649182484,0.004965536234721846
GSE163603_interstitium,R-HSA-166658,GZMM,0.18201001272654668,0.17308268972227367,0.008927323004273013
GSE163603_interstitium,R-HSA-166658,MASP1,0.18201001272654668,0.17631918407853517,0.0056908286480115144
GSE163603_interstitium,R-HSA-166658,MASP2,0.18201001272654668,0.18201302651409054,3.013787543859614e-06
GSE163603_interstitium,R-HSA-166658,MBL2,0.18201001272654668,0.1798726625858285,0.0021373501407181694
GSE163603_interstitium,R-HSA-166658,PROS1,0.18201001272654668,0.17745504696583783,0.004554965760708851
GSE163603_interstitium,R-HSA-166658,SERPING1,0.18201001272654668,0.1764733206447677,0.005536692081778982
GSE163603_interstitium,R-HSA-166658,VTN,0.18201001272654668,0.1818294480026466,0.00018056472390007294
GSE163603_interstitium,R-HSA-9769740,ADAMTS13,0.1283187684240966,0.1226846877241458,0.005634080699950791
GSE163603_interstitium,R-HSA-9769740,AGRN,0.1283187684240966,0.12854059537099913,0.0002218269469025369
GSE163603_interstitium,R-HSA-9769740,ANO5,0.1283187684240966,0.12242056329469356,0.0058982051294030335
GSE163603_interstitium,R-HSA-9769740,ANO6,0.1283187684240966,0.12556327562468977,0.002755492799406817
GSE163603_interstitium,R-HSA-9769740,APP,0.1283187684240966,0.12681718142665713,0.0015015869974394636
GSE163603_interstitium,R-HSA-9769740,CD177,0.1283187684240966,0.12997411378181886,0.001655345357722271
GSE163603_interstitium,R-HSA-9769740,F10,0.1283187684240966,0.11832163285677733,0.009997135567319265
GSE163603_interstitium,R-HSA-9769740,F11,0.1283187684240966,0.13112671310077897,0.0028079446766823835
GSE163603_interstitium,R-HSA-9769740,F12,0.1283187684240966,0.12002301294056242,0.008295755483534173
GSE163603_interstitium,R-HSA-9769740,F13A1,0.1283187684240966,0.12219799648657428,0.006120771937522307
GSE163603_interstitium,R-HSA-9769740,F13B,0.1283187684240966,0.13013384223370594,0.0018150738096093522
GSE163603_interstitium,R-HSA-9769740,F2,0.1283187684240966,0.13395299489727233,0.005634226473175741
GSE163603_interstitium,R-HSA-9769740,F2R,0.1283187684240966,0.13346136404438427,0.005142595620287682
GSE163603_interstitium,R-HSA-9769740,F3,0.1283187684240966,0.11599125326881692,0.012327515155279675
GSE163603_interstitium,R-HSA-9769740,F5,0.1283187684240966,0.13545121068306926,0.0071324422589726655
GSE163603_interstitium,R-HSA-9769740,F7,0.1283187684240966,0.12803818141753193,0.0002805870065646643
GSE163603_interstitium,R-HSA-9769740,F8,0.1283187684240966,0.13154644724226536,0.0032276788181687666
GSE163603_interstitium,R-HSA-9769740,F9,0.1283187684240966,0.1305620434372871,0.002243275013190521
GSE163603_interstitium,R-HSA-9769740,FGA,0.1283187684240966,0.13701778806347703,0.00869901963938044
GSE163603_interstitium,R-HSA-9769740,FGB,0.1283187684240966,0.1232822085346285,0.005036559889468092
GSE163603_interstitium,R-HSA-9769740,FGG,0.1283187684240966,0.1263564659390068,0.0019623024850898008
GSE163603_interstitium,R-HSA-9769740,GP1BA,0.1283187684240966,0.12557190520222053,0.0027468632218760614
GSE163603_interstitium,R-HSA-9769740,GP1BB,0.1283187684240966,0.1283187684240966,0.0
GSE163603_interstitium,R-HSA-9769740,GP5,0.1283187684240966,0.12273232164062042,0.005586446783476168
GSE163603_interstitium,R-HSA-9769740,GP9,0.1283187684240966,0.12044732916092382,0.00787143926317277
GSE163603_interstitium,R-HSA-9769740,GPC1,0.1283187684240966,0.13308590010122567,0.004767131677129083
GSE163603_interstitium,R-HSA-9769740,GPC2,0.1283187684240966,0.13220886218788852,0.0038900937637919297
GSE163603_interstitium,R-HSA-9769740,GPC3,0.1283187684240966,0.13318521031143166,0.004866441887335066
GSE163603_interstitium,R-HSA-9769740,GPC4,0.1283187684240966,0.1435958628509458,0.015277094426849214
GSE163603_interstitium,R-HSA-9769740,GPC5,0.1283187684240966,0.13568649812825842,0.0073677297041618295
GSE163603_interstitium,R-HSA-9769740,GPC6,0.1283187684240966,0.12799436374470097,0.00032440467939562345
GSE163603_interstitium,R-HSA-9769740,HSPG2,0.1283187684240966,0.13101834581559027,0.0026995773914936794
GSE163603_interstitium,R-HSA-9769740,ITGA2B,0.1283187684240966,0.12954427340723718,0.001225504983140585
GSE163603_interstitium,R-HSA-9769740,ITGB3,0.1283187684240966,0.13599244692866067,0.007673678504564074
GSE163603_interstitium,R-HSA-9769740,KLKB1,0.1283187684240966,0.13291484332907702,0.0045960749049804295
GSE163603_interstitium,R-HSA-9769740,KNG1,0.1283187684240966,0.12984363203353763,0.0015248636094410406
GSE163603_interstitium,R-HSA-9769740,PF4,0.1283187684240966,0.11536988416158714,0.012948884262509452
GSE163603_interstitium,R-HSA-9769740,PF4V1,0.1283187684240966,0.11362957430741101,0.01468919411668558
GSE163603_interstitium,R-HSA-9769740,PROC,0.1283187684240966,0.12129399696032052,0.007024771463776072
GSE163603_interstitium,R-HSA-9769740,PROCR,0.1283187684240966,0.12200891745657604,0.0063098509675205555
GSE163603_interstitium,R-HSA-9769740,PROS1,0.1283187684240966,0.12296770779229793,0.00535106063179866
GSE163603_interstitium,R-HSA-9769740,PROZ,0.1283187684240966,0.13760236899651226,0.009283600572415673
GSE163603_interstitium,R-HSA-9769740,PRTN3,0.1283187684240966,0.1437587579281325,0.015439989504035911
GSE163603_interstitium,R-HSA-9769740,SDC1,0.1283187684240966,0.12519351089388203,0.003125257530214559
GSE163603_interstitium,R-HSA-9769740,SDC2,0.1283187684240966,0.13091913478238199,0.002600366358285394
GSE163603_interstitium,R-HSA-9769740,SDC3,0.1283187684240966,0.12083771827017828,0.007481050153918312
GSE163603_interstitium,R-HSA-9769740,SDC4,0.1283187684240966,0.12963312993223555,0.0013143615081389615
GSE163603_interstitium,R-HSA-9769740,SERPINA10,0.1283187684240966,0.15132432889631933,0.02300556047222274
GSE163603_interstitium,R-HSA-9769740,SERPINA5,0.1283187684240966,0.12740077840859326,0.0009179900155033283
GSE163603_interstitium,R-HSA-9769740,SERPINC1,0.1283187684240966,0.13909186621783112,0.010773097793734532
GSE163603_interstitium,R-HSA-9769740,SERPIND1,0.1283187684240966,0.12321835519754876,0.005100413226547834
GSE163603_interstitium,R-HSA-9769740,SERPINE1,0.1283187684240966,0.12852499030921843,0.00020622188512184336
GSE163603_interstitium,R-HSA-9769740,SERPINE2,0.1283187684240966,0.1260846084957388,0.002234159928357793
GSE163603_interstitium,R-HSA-9769740,SERPING1,0.1283187684240966,0.12202104312555173,0.0062977252985448595
GSE163603_interstitium,R-HSA-9769740,SMPD1,0.1283187684240966,0.13766764670109952,0.009348878277002926
GSE163603_interstitium,R-HSA-9769740,TFPI,0.1283187684240966,0.1263200876762394,0.0019986807478571955
GSE163603_interstitium,R-HSA-9769740,THBD,0.1283187684240966,0.12433609211701165,0.003982676307084945
GSE163603_interstitium,R-HSA-9769740,VWF,0.1283187684240966,0.11767993433537789,0.010638834088718699
GSE163603_interstitium,R-HSA-202733,ANGPT1,0.20651687470409477,0.20590255106501057,0.0006143236390842022
GSE163603_interstitium,R-HSA-202733,ANGPT2,0.20651687470409477,0.2090738548538879,0.0025569801497931366
GSE163603_interstitium,R-HSA-202733,ANGPT4,0.20651687470409477,0.20502383724919065,0.001493037454904117
GSE163603_interstitium,R-HSA-202733,APOB,0.20651687470409477,0.21002682611460166,0.0035099514105068896
GSE163603_interstitium,R-HSA-202733,ATP1B1,0.20651687470409477,0.20723065324302023,0.0007137785389254581
GSE163603_interstitium,R-HSA-202733,ATP1B2,0.20651687470409477,0.2063819798488161,0.00013489485527867773
GSE163603_interstitium,R-HSA-202733,ATP1B3,0.20651687470409477,0.2051792102553018,0.0013376644487929634
GSE163603_interstitium,R-HSA-202733,BSG,0.20651687470409477,0.20641298782750708,0.0001038868765876888
GSE163603_interstitium,R-HSA-202733,CAV1,0.20651687470409477,0.20372797607492166,0.0027888986291731144
GSE163603_interstitium,R-HSA-202733,CD177,0.20651687470409477,0.2077827817138166,0.0012659070097218172
GSE163603_interstitium,R-HSA-202733,CD2,0.20651687470409477,0.2045738595632604,0.0019430151408343643
GSE163603_interstitium,R-HSA-202733,CD244,0.20651687470409477,0.20674631249028388,0.0002294377861891128
GSE163603_interstitium,R-HSA-202733,CD44,0.20651687470409477,0.1994433768274944,0.00707349787660036
GSE163603_interstitium,R-HSA-202733,CD47,0.20651687470409477,0.20714774373256398,0.0006308690284692053
GSE163603_interstitium,R-HSA-202733,CD48,0.20651687470409477,0.2102169049242164,0.003700030220121636
GSE163603_interstitium,R-HSA-202733,CD58,0.20651687470409477,0.20672215433622554,0.00020527963213076705
GSE163603_interstitium,R-HSA-202733,CD74,0.20651687470409477,0.2036347379582576,0.002882136745837177
GSE163603_interstitium,R-HSA-202733,CD84,0.20651687470409477,0.2104567434123837,0.0039398687082889405
GSE163603_interstitium,R-HSA-202733,CD99,0.20651687470409477,0.21725403998626294,0.01073716528216817
GSE163603_interstitium,R-HSA-202733,CD99L2,0.20651687470409477,0.20625174541908536,0.0002651292850094078
GSE163603_interstitium,R-HSA-202733,CEACAM1,0.20651687470409477,0.21063417494847825,0.004117300244383476
GSE163603_interstitium,R-HSA-202733,CEACAM3,0.20651687470409477,0.20595293052191316,0.0005639441821816138
GSE163603_interstitium,R-HSA-202733,CEACAM5,0.20651687470409477,0.21020756934793933,0.0036906946438445554
GSE163603_interstitium,R-HSA-202733,CEACAM6,0.20651687470409477,0.21068370678580453,0.004166832081709759
GSE163603_interstitium,R-HSA-202733,CEACAM8,0.20651687470409477,0.20436368669442065,0.002153188009674123
GSE163603_interstitium,R-HSA-202733,COL1A1,0.20651687470409477,0.20779705883137947,0.0012801841272847003
GSE163603_interstitium,R-HSA-202733,COL1A2,0.20651687470409477,0.20590669086362892,0.00061018384046585
GSE163603_interstitium,R-HSA-202733,CXADR,0.20651687470409477,0.20334394549758486,0.0031729292065099113
GSE163603_interstitium,R-HSA-202733,DOK2,0.20651687470409477,0.20660684771510465,8.997301100988064e-05
GSE163603_interstitium,R-HSA-202733,EPCAM,0.20651687470409477,0.2024701235774159,0.004046751126678877
GSE163603_interstitium,R-HSA-202733,ESAM,0.20651687470409477,0.20428238080638594,0.002234493897708828
GSE163603_interstitium,R-HSA-202733,F11R,0.20651687470409477,0.2090428935004274,0.0025260187963326297
GSE163603_interstitium,R-HSA-202733,F2,0.20651687470409477,0.20943328054689359,0.0029164058427988138
GSE163603_interstitium,R-HSA-202733,FCAMR,0.20651687470409477,0.20594424211087942,0.0005726325932153553
GSE163603_interstitium,R-HSA-202733,FCER1G,0.20651687470409477,0.1954255280285088,0.011091346675585978
GSE163603_interstitium,R-HSA-202733,FN1,0.20651687470409477,0.2073247526759882,0.0008078779718934392
GSE163603_interstitium,R-HSA-202733,FYN,0.20651687470409477,0.20685459691573263,0.00033772221163785865
GSE163603_interstitium,R-HSA-202733,GAS6,0.20651687470409477,0.20409537504173328,0.0024214996623614926
GSE163603_interstitium,R-HSA-202733,GLG1,0.20651687470409477,0.20669279434574278,0.0001759196416480091
GSE163603_interstitium,R-HSA-202733,GP6,0.20651687470409477,0.21650721896742503,0.009990344263330259
GSE163603_interstitium,R-HSA-202733,GPC1,0.20651687470409477,0.20907359677964457,0.0025567220755498
GSE163603_interstitium,R-HSA-202733,GRB14,0.20651687470409477,0.20910586795257233,0.0025889932484775557
GSE163603_interstitium,R-HSA-202733,GRB2,0.20651687470409477,0.2067798669468515,0.00026299224275672106
GSE163603_interstitium,R-HSA-202733,GRB7,0.20651687470409477,0.20740186633081167,0.0008849916267169022
GSE163603_interstitium,R-HSA-202733,GYPA,0.20651687470409477,0.206836125727479,0.0003192510233842316
GSE163603_interstitium,R-HSA-202733,GYPB,0.20651687470409477,0.20392831931756808,0.002588555386526692
GSE163603_interstitium,R-HSA-202733,GYPC,0.20651687470409477,0.20623634582866882,0.00028052887542595606
GSE163603_interstitium,R-HSA-202733,HRAS,0.20651687470409477,0.21595207932070262,0.00943520461660785
GSE163603_interstitium,R-HSA-202733,IGLL1,0.20651687470409477,0.20560500894120526,0.0009118657628895133
GSE163603_interstitium,R-HSA-202733,INPP5D,0.20651687470409477,0.20374201817735135,0.002774856526743419
GSE163603_interstitium,R-HSA-202733,ITGA3,0.20651687470409477,0.207561281841344,0.001044407137249237
GSE163603_interstitium,R-HSA-202733,ITGA4,0.20651687470409477,0.20461320509090508,0.0019036696131896902
GSE163603_interstitium,R-HSA-202733,ITGA5,0.20651687470409477,0.20647179271729643,4.508198679833986e-05
GSE163603_interstitium,R-HSA-202733,ITGA6,0.20651687470409477,0.208695737151627,0.002178862447532237
GSE163603_interstitium,R-HSA-202733,ITGAL,0.20651687470409477,0.209404256192559,0.0028873814884642357
GSE163603_interstitium,R-HSA-202733,ITGAM,0.20651687470409477,0.20806328116576325,0.0015464064616684814
GSE163603_interstitium,R-HSA-202733,ITGAV,0.20651687470409477,0.20966117046342625,0.003144295759331478
GSE163603_interstitium,R-HSA-202733,ITGAX,0.20651687470409477,0.20214085465366488,0.004376020050429891
GSE163603_interstitium,R-HSA-202733,ITGB1,0.20651687470409477,0.20818561025899263,0.0016687355548978544
GSE163603_interstitium,R-HSA-202733,ITGB2,0.20651687470409477,0.20175267285655335,0.004764201847541422
GSE163603_interstitium,R-HSA-202733,ITGB3,0.20651687470409477,0.21027927546361763,0.0037624007595228603
GSE163603_interstitium,R-HSA-202733,JAM2,0.20651687470409477,0.20892282156825062,0.00240594686415585
GSE163603_interstitium,R-HSA-202733,JAM3,0.20651687470409477,0.20164716973693644,0.004869704967158328
GSE163603_interstitium,R-HSA-202733,JCHAIN,0.20651687470409477,0.19678862691700716,0.009728247787087613
GSE163603_interstitium,R-HSA-202733,KRAS,0.20651687470409477,0.20698084890574758,0.00046397420165281145
GSE163603_interstitium,R-HSA-202733,L1CAM,0.20651687470409477,0.2064778178286692,3.90568754255749e-05
GSE163603_interstitium,R-HSA-202733,LCK,0.20651687470409477,0.20593725475856178,0.0005796199455329887
GSE163603_interstitium,R-HSA-202733,LYN,0.20651687470409477,0.20129009033944853,0.005226784364646242
GSE163603_interstitium,R-HSA-202733,MAG,0.20651687470409477,0.20487624541506438,0.0016406292890303875
GSE163603_interstitium,R-HSA-202733,MERTK,0.20651687470409477,0.20684499060449638,0.0003281159004016043
GSE163603_interstitium,R-HSA-202733,MIF,0.20651687470409477,0.21382931329597132,0.007312438591876552
GSE163603_interstitium,R-HSA-202733,MMP1,0.20651687470409477,0.21124317388576594,0.0047262991816711675
GSE163603_interstitium,R-HSA-202733,NRAS,0.20651687470409477,0.20500415944183992,0.0015127152622548545
GSE163603_interstitium,R-HSA-202733,OLR1,0.20651687470409477,0.20779354183611345,0.0012766671320186829
GSE163603_interstitium,R-HSA-202733,PECAM1,0.20651687470409477,0.20095474102642616,0.0055621336776686126
GSE163603_interstitium,R-HSA-202733,PF4,0.20651687470409477,0.20172473090838713,0.004792143795707637
GSE163603_interstitium,R-HSA-202733,PF4V1,0.20651687470409477,0.20100282459850666,0.005514050105588114
GSE163603_interstitium,R-HSA-202733,PICK1,0.20651687470409477,0.19997541538142682,0.006541459322667947
GSE163603_interstitium,R-HSA-202733,PIK3CA,0.20651687470409477,0.2068351503448117,0.0003182756407169307
GSE163603_interstitium,R-HSA-202733,PIK3CB,0.20651687470409477,0.2052220806627713,0.0012947940413234604
GSE163603_interstitium,R-HSA-202733,PIK3R1,0.20651687470409477,0.20295271898052247,0.0035641557235722987
GSE163603_interstitium,R-HSA-202733,PIK3R2,0.20651687470409477,0.2052106200766889,0.001306254627405884
GSE163603_interstitium,R-HSA-202733,PLCG1,0.20651687470409477,0.20808951471052836,0.00157264000643359
GSE163603_interstitium,R-HSA-202733,PPIA,0.20651687470409477,0.20902296299228845,0.002506088288193681
GSE163603_interstitium,R-HSA-202733,PPIL2,0.20651687470409477,0.20550668170289266,0.0010101930012021143
GSE163603_interstitium,R-HSA-202733,PROC,0.20651687470409477,0.20418214066193582,0.002334734042158948
GSE163603_interstitium,R-HSA-202733,PROCR,0.20651687470409477,0.20447870027519735,0.0020381744288974213
GSE163603_interstitium,R-HSA-202733,PROS1,0.20651687470409477,0.2048764207107561,0.0016404539933386753
GSE163603_interstitium,R-HSA-202733,PSG1,0.20651687470409477,0.20522351183177806,0.0012933628723167112
GSE163603_interstitium,R-HSA-202733,PSG11,0.20651687470409477,0.2095580142595093,0.003041139555414518
GSE163603_interstitium,R-HSA-202733,PSG2,0.20651687470409477,0.21139780565560157,0.004880930951506796
GSE163603_interstitium,R-HSA-202733,PSG3,0.20651687470409477,0.21300490397839,0.006488029274295232
GSE163603_interstitium,R-HSA-202733,PSG4,0.20651687470409477,0.20956995043363325,0.0030530757295384736
GSE163603_interstitium,R-HSA-202733,PSG5,0.20651687470409477,0.21320130382590669,0.006684429121811913
GSE163603_interstitium,R-HSA-202733,PSG6,0.20651687470409477,0.2105933243749617,0.004076449670866927
GSE163603_interstitium,R-HSA-202733,PSG7,0.20651687470409477,0.2088405118286665,0.0023236371245717313
GSE163603_interstitium,R-HSA-202733,PSG8,0.20651687470409477,0.2115016652807465,0.004984790576651715
GSE163603_interstitium,R-HSA-202733,PSG9,0.20651687470409477,0.2106158316106106,0.0040989569065158216
GSE163603_interstitium,R-HSA-202733,PTPN11,0.20651687470409477,0.2013618725603312,0.005155002143763576
GSE163603_interstitium,R-HSA-202733,PTPN6,0.20651687470409477,0.2029900681849046,0.0035268065191901843
GSE163603_interstitium,R-HSA-202733,SDC1,0.20651687470409477,0.20579971681215387,0.0007171578919409061
GSE163603_interstitium,R-HSA-202733,SDC2,0.20651687470409477,0.20817479042516124,0.0016579157210664663
GSE163603_interstitium,R-HSA-202733,SDC3,0.20651687470409477,0.20399286950158046,0.0025240052025143067
GSE163603_interstitium,R-HSA-202733,SDC4,0.20651687470409477,0.2076413365613968,0.0011244618573020282
GSE163603_interstitium,R-HSA-202733,SELE,0.20651687470409477,0.2087800598981033,0.0022631851940085324
GSE163603_interstitium,R-HSA-202733,SELL,0.20651687470409477,0.20974094698265852,0.00322407227856375
GSE163603_interstitium,R-HSA-202733,SELP,0.20651687470409477,0.20917676462322268,0.0026598899191279113
GSE163603_interstitium,R-HSA-202733,SELPLG,0.20651687470409477,0.20685166798732899,0.00033479328323421376
GSE163603_interstitium,R-HSA-202733,SHC1,0.20651687470409477,0.21032558920672434,0.0038087145026295677
GSE163603_interstitium,R-HSA-202733,SIRPA,0.20651687470409477,0.198259972130209,0.008256902573885783
GSE163603_interstitium,R-HSA-202733,SIRPG,0.20651687470409477,0.20877778343069697,0.002260908726602201
GSE163603_interstitium,R-HSA-202733,SLC16A1,0.20651687470409477,0.2057743201584858,0.000742554545608981
GSE163603_interstitium,R-HSA-202733,SLC16A3,0.20651687470409477,0.2032795444544783,0.003237330249616477
GSE163603_interstitium,R-HSA-202733,SLC16A8,0.20651687470409477,0.20234845669274618,0.004168418011348596
GSE163603_interstitium,R-HSA-202733,SLC3A2,0.20651687470409477,0.2026533667417097,0.0038635079623850765
GSE163603_interstitium,R-HSA-202733,SLC7A10,0.20651687470409477,0.2082958543357188,0.001778979631624017
GSE163603_interstitium,R-HSA-202733,SLC7A11,0.20651687470409477,0.20535869475966317,0.0011581799444315977
GSE163603_interstitium,R-HSA-202733,SLC7A5,0.20651687470409477,0.19995464458729126,0.0065622301168035135
GSE163603_interstitium,R-HSA-202733,SLC7A6,0.20651687470409477,0.20879780029960138,0.0022809255955066055
GSE163603_interstitium,R-HSA-202733,SLC7A7,0.20651687470409477,0.2035340740954004,0.0029828006086943804
GSE163603_interstitium,R-HSA-202733,SLC7A8,0.20651687470409477,0.20412351373812093,0.0023933609659738397
GSE163603_interstitium,R-HSA-202733,SLC7A9,0.20651687470409477,0.20376946297257603,0.0027474117315187396
GSE163603_interstitium,R-HSA-202733,SOS1,0.20651687470409477,0.2045512109391095,0.001965663764985276
GSE163603_interstitium,R-HSA-202733,SPN,0.20651687470409477,0.204135810586102,0.0023810641179927705
GSE163603_interstitium,R-HSA-202733,SRC,0.20651687470409477,0.20124494386374123,0.005271930840353545
GSE163603_interstitium,R-HSA-202733,TEK,0.20651687470409477,0.20439123788608232,0.0021256368180124496
GSE163603_interstitium,R-HSA-202733,TGFB1,0.20651687470409477,0.20786589005456568,0.0013490153504709113
GSE163603_interstitium,R-HSA-202733,THBD,0.20651687470409477,0.20544404680100764,0.0010728279030871313
GSE163603_interstitium,R-HSA-202733,TNFRSF10A,0.20651687470409477,0.21088976876878893,0.004372894064694155
GSE163603_interstitium,R-HSA-202733,TNFRSF10B,0.20651687470409477,0.21176375990829333,0.005246885204198554
GSE163603_interstitium,R-HSA-202733,TNFRSF10D,0.20651687470409477,0.20692244872559415,0.0004055740214993775
GSE163603_interstitium,R-HSA-202733,TREM1,0.20651687470409477,0.20705072099426172,0.0005338462901669505
GSE163603_interstitium,R-HSA-202733,TSPAN7,0.20651687470409477,0.20609959703336575,0.00041727767072902155
GSE163603_interstitium,R-HSA-202733,VPREB1,0.20651687470409477,0.2081049014231675,0.0015880267190727382
GSE163603_interstitium,R-HSA-202733,VPREB3,0.20651687470409477,0.20917766517017894,0.0026607904660841675
GSE163603_interstitium,R-HSA-202733,YES1,0.20651687470409477,0.20346189801744977,0.0030549766866450057
GSE163603_interstitium,R-HSA-380108,ACKR2,0.17285840536858343,0.17510158726045189,0.002243181891868451
GSE163603_interstitium,R-HSA-380108,ACKR3,0.17285840536858343,0.16463938666238695,0.008219018706196485
GSE163603_interstitium,R-HSA-380108,ACKR4,0.17285840536858343,0.17659519029095955,0.003736784922376113
GSE163603_interstitium,R-HSA-380108,CCL1,0.17285840536858343,0.18807257380155543,0.015214168432971992
GSE163603_interstitium,R-HSA-380108,CCL11,0.17285840536858343,0.17444803624374197,0.0015896308751585375
GSE163603_interstitium,R-HSA-380108,CCL13,0.17285840536858343,0.16192792345825857,0.010930481910324863
GSE163603_interstitium,R-HSA-380108,CCL16,0.17285840536858343,0.1871600279139576,0.014301622545374176
GSE163603_interstitium,R-HSA-380108,CCL17,0.17285840536858343,0.175886901668844,0.003028496300260558
GSE163603_interstitium,R-HSA-380108,CCL19,0.17285840536858343,0.17306439174008562,0.00020598637150218146
GSE163603_interstitium,R-HSA-380108,CCL2,0.17285840536858343,0.17847797365894721,0.00561956829036378
GSE163603_interstitium,R-HSA-380108,CCL20,0.17285840536858343,0.17725184718147308,0.004393441812889642
GSE163603_interstitium,R-HSA-380108,CCL21,0.17285840536858343,0.17419686549650795,0.0013384601279245179
GSE163603_interstitium,R-HSA-380108,CCL22,0.17285840536858343,0.1812258414465129,0.008367436077929474
GSE163603_interstitium,R-HSA-380108,CCL25,0.17285840536858343,0.18408736976656778,0.011228964397984348
GSE163603_interstitium,R-HSA-380108,CCL27,0.17285840536858343,0.18383834056122794,0.010979935192644508
GSE163603_interstitium,R-HSA-380108,CCL28,0.17285840536858343,0.18927027983260822,0.016411874464024784
GSE163603_interstitium,R-HSA-380108,CCL3,0.17285840536858343,0.17285840536858346,2.7755575615628914e-17
GSE163603_interstitium,R-HSA-380108,CCL3L1,0.17285840536858343,0.17138256114701836,0.0014758442215650758
GSE163603_interstitium,R-HSA-380108,CCL4,0.17285840536858343,0.17285840536858346,2.7755575615628914e-17
GSE163603_interstitium,R-HSA-380108,CCL5,0.17285840536858343,0.19671154011748418,0.023853134748900745
GSE163603_interstitium,R-HSA-380108,CCL7,0.17285840536858343,0.1592717026656903,0.013586702702893139
GSE163603_interstitium,R-HSA-380108,CCR1,0.17285840536858343,0.17600238301712232,0.0031439776485388815
GSE163603_interstitium,R-HSA-380108,CCR10,0.17285840536858343,0.17291449728277825,5.60919141948113e-05
GSE163603_interstitium,R-HSA-380108,CCR2,0.17285840536858343,0.17737874228528522,0.004520336916701784
GSE163603_interstitium,R-HSA-380108,CCR3,0.17285840536858343,0.17213348165726203,0.0007249237113214069
GSE163603_interstitium,R-HSA-380108,CCR4,0.17285840536858343,0.1703358379257969,0.002522567442786533
GSE163603_interstitium,R-HSA-380108,CCR5,0.17285840536858343,0.18419691594687163,0.011338510578288191
GSE163603_interstitium,R-HSA-380108,CCR6,0.17285840536858343,0.18036254782770206,0.007504142459118623
GSE163603_interstitium,R-HSA-380108,CCR7,0.17285840536858343,0.1706241677411215,0.0022342376274619435
GSE163603_interstitium,R-HSA-380108,CCR8,0.17285840536858343,0.17215580207409523,0.0007026032944882077
GSE163603_interstitium,R-HSA-380108,CCR9,0.17285840536858343,0.17568096380704382,0.002822558438460382
GSE163603_interstitium,R-HSA-380108,CCRL2,0.17285840536858343,0.16964745324815458,0.0032109521204288505
GSE163603_interstitium,R-HSA-380108,CX3CL1,0.17285840536858343,0.16160271635043003,0.011255689018153409
GSE163603_interstitium,R-HSA-380108,CX3CR1,0.17285840536858343,0.16144957393771286,0.01140883143087057
GSE163603_interstitium,R-HSA-380108,CXCL1,0.17285840536858343,0.17465580917812001,0.0017974038095365796
GSE163603_interstitium,R-HSA-380108,CXCL10,0.17285840536858343,0.15197624902242945,0.02088215634615398
GSE163603_interstitium,R-HSA-380108,CXCL11,0.17285840536858343,0.16212543447288422,0.010732970895699218
GSE163603_interstitium,R-HSA-380108,CXCL12,0.17285840536858343,0.16365675876938998,0.009201646599193453
GSE163603_interstitium,R-HSA-380108,CXCL13,0.17285840536858343,0.16535029852207384,0.007508106846509599
GSE163603_interstitium,R-HSA-380108,CXCL16,0.17285840536858343,0.1563201220653013,0.016538283303282136
GSE163603_interstitium,R-HSA-380108,CXCL2,0.17285840536858343,0.18021904764678706,0.007360642278203627
GSE163603_interstitium,R-HSA-380108,CXCL3,0.17285840536858343,0.17687308873339075,0.004014683364807314
GSE163603_interstitium,R-HSA-380108,CXCL5,0.17285840536858343,0.16802999404183908,0.0048284113267443585
GSE163603_interstitium,R-HSA-380108,CXCL6,0.17285840536858343,0.16973631361475666,0.0031220917538267723
GSE163603_interstitium,R-HSA-380108,CXCL8,0.17285840536858343,0.17366459543043627,0.0008061900618528406
GSE163603_interstitium,R-HSA-380108,CXCL9,0.17285840536858343,0.1693700086107646,0.00348839675781884
GSE163603_interstitium,R-HSA-380108,CXCR1,0.17285840536858343,0.17097337194629555,0.0018850334222878795
GSE163603_interstitium,R-HSA-380108,CXCR2,0.17285840536858343,0.17613625367439506,0.003277848305811626
GSE163603_interstitium,R-HSA-380108,CXCR3,0.17285840536858343,0.17059348174152827,0.00226492362705516
GSE163603_interstitium,R-HSA-380108,CXCR4,0.17285840536858343,0.1749639571102047,0.0021055517416212755
GSE163603_interstitium,R-HSA-380108,CXCR5,0.17285840536858343,0.16731877799038072,0.0055396273782027106
GSE163603_interstitium,R-HSA-380108,CXCR6,0.17285840536858343,0.16793013595410053,0.004928269414482905
GSE163603_interstitium,R-HSA-380108,PF4,0.17285840536858343,0.16025474089161965,0.012603664476963788
GSE163603_interstitium,R-HSA-380108,PPBP,0.17285840536858343,0.1670184008331177,0.005840004535465737
GSE163603_interstitium,R-HSA-380108,XCL1,0.17285840536858343,0.16672557294031323,0.006132832428270202
GSE163603_interstitium,R-HSA-380108,XCL2,0.17285840536858343,0.1787334861745301,0.005875080805946675
GSE163603_interstitium,R-HSA-380108,XCR1,0.17285840536858343,0.17749097189177385,0.004632566523190412
GSE163603_interstitium,R-HSA-1474244,A2M,0.18268577065035882,0.1822414787879231,0.0004442918624357195
GSE163603_interstitium,R-HSA-1474244,ACAN,0.18268577065035882,0.18241229218963886,0.00027347846071995585
GSE163603_interstitium,R-HSA-1474244,ACTA1,0.18268577065035882,0.18162289758813144,0.0010628730622273819
GSE163603_interstitium,R-HSA-1474244,ACTA2,0.18268577065035882,0.18301842634007842,0.000332655689719602
GSE163603_interstitium,R-HSA-1474244,ACTB,0.18268577065035882,0.18355077489733027,0.0008650042469714458
GSE163603_interstitium,R-HSA-1474244,ACTC1,0.18268577065035882,0.18218765637883294,0.0004981142715258791
GSE163603_interstitium,R-HSA-1474244,ACTG1,0.18268577065035882,0.18263595543415753,4.9815216201287704e-05
GSE163603_interstitium,R-HSA-1474244,ACTG2,0.18268577065035882,0.18044400891707932,0.0022417617332795015
GSE163603_interstitium,R-HSA-1474244,ACTN1,0.18268577065035882,0.18509825829964877,0.002412487649289946
GSE163603_interstitium,R-HSA-1474244,ADAM10,0.18268577065035882,0.18165044543907613,0.0010353252112826894
GSE163603_interstitium,R-HSA-1474244,ADAM12,0.18268577065035882,0.18348138019505142,0.0007956095446925993
GSE163603_interstitium,R-HSA-1474244,ADAM15,0.18268577065035882,0.1828278296800961,0.00014205902973726814
GSE163603_interstitium,R-HSA-1474244,ADAM17,0.18268577065035882,0.18115199643356245,0.0015337742167963742
GSE163603_interstitium,R-HSA-1474244,ADAM19,0.18268577065035882,0.18234554685469512,0.0003402237956637022
GSE163603_interstitium,R-HSA-1474244,ADAM8,0.18268577065035882,0.1809726623580398,0.001713108292319021
GSE163603_interstitium,R-HSA-1474244,ADAM9,0.18268577065035882,0.18272450044864624,3.872979828742351e-05
GSE163603_interstitium,R-HSA-1474244,ADAMTS1,0.18268577065035882,0.18603646536013674,0.0033506947097779183
GSE163603_interstitium,R-HSA-1474244,ADAMTS14,0.18268577065035882,0.18255376927645697,0.00013200137390184663
GSE163603_interstitium,R-HSA-1474244,ADAMTS16,0.18268577065035882,0.18397173564358268,0.0012859649932238648
GSE163603_interstitium,R-HSA-1474244,ADAMTS18,0.18268577065035882,0.18365752776656494,0.0009717571162061178
GSE163603_interstitium,R-HSA-1474244,ADAMTS2,0.18268577065035882,0.18058883466575068,0.0020969359846081392
GSE163603_interstitium,R-HSA-1474244,ADAMTS3,0.18268577065035882,0.1831379047656487,0.0004521341152898817
GSE163603_interstitium,R-HSA-1474244,ADAMTS4,0.18268577065035882,0.18298923997628472,0.00030346932592589804
GSE163603_interstitium,R-HSA-1474244,ADAMTS5,0.18268577065035882,0.17949437441346033,0.003191396236898486
GSE163603_interstitium,R-HSA-1474244,ADAMTS8,0.18268577065035882,0.18173179908899112,0.0009539715613677002
GSE163603_interstitium,R-HSA-1474244,ADAMTS9,0.18268577065035882,0.1846495364247181,0.0019637657743592773
GSE163603_interstitium,R-HSA-1474244,AGRN,0.18268577065035882,0.18289448724802385,0.00020871659766502626
GSE163603_interstitium,R-HSA-1474244,APP,0.18268577065035882,0.182592889807764,9.288084259481688e-05
GSE163603_interstitium,R-HSA-1474244,ASPN,0.18268577065035882,0.18365937486645398,0.0009736042160951586
GSE163603_interstitium,R-HSA-1474244,BCAN,0.18268577065035882,0.18022625499218065,0.002459515658178174
GSE163603_interstitium,R-HSA-1474244,BGN,0.18268577065035882,0.18357640703178163,0.0008906363814228102
GSE163603_interstitium,R-HSA-1474244,BMP1,0.18268577065035882,0.1819342477279548,0.0007515229224040187
GSE163603_interstitium,R-HSA-1474244,BMP10,0.18268577065035882,0.1840304219469691,0.0013446512966102941
GSE163603_interstitium,R-HSA-1474244,BMP2,0.18268577065035882,0.18391676651541786,0.001230995865059037
GSE163603_interstitium,R-HSA-1474244,BMP4,0.18268577065035882,0.1803809713211477,0.002304799329211127
GSE163603_interstitium,R-HSA-1474244,BMP7,0.18268577065035882,0.18076088329262735,0.0019248873577314696
GSE163603_interstitium,R-HSA-1474244,BSG,0.18268577065035882,0.18256747117413047,0.00011829947622835069
GSE163603_interstitium,R-HSA-1474244,CAPN1,0.18268577065035882,0.18150483252936017,0.001180938120998648
GSE163603_interstitium,R-HSA-1474244,CAPN10,0.18268577065035882,0.183891085594266,0.0012053149439071875
GSE163603_interstitium,R-HSA-1474244,CAPN11,0.18268577065035882,0.18078521838640355,0.001900552263955274
GSE163603_interstitium,R-HSA-1474244,CAPN12,0.18268577065035882,0.1826042931630743,8.147748728451476e-05
GSE163603_interstitium,R-HSA-1474244,CAPN13,0.18268577065035882,0.18319646598092437,0.0005106953305655526
GSE163603_interstitium,R-HSA-1474244,CAPN14,0.18268577065035882,0.18362605426946454,0.0009402836191057251
GSE163603_interstitium,R-HSA-1474244,CAPN15,0.18268577065035882,0.18242170197736374,0.0002640686729950825
GSE163603_interstitium,R-HSA-1474244,CAPN2,0.18268577065035882,0.18326402177322149,0.0005782511228626663
GSE163603_interstitium,R-HSA-1474244,CAPN3,0.18268577065035882,0.18298483356756004,0.00029906291720122047
GSE163603_interstitium,R-HSA-1474244,CAPN5,0.18268577065035882,0.17991486928472472,0.0027709013656340986
GSE163603_interstitium,R-HSA-1474244,CAPN6,0.18268577065035882,0.18491739886226272,0.0022316282119038966
GSE163603_interstitium,R-HSA-1474244,CAPN7,0.18268577065035882,0.1811405182667454,0.0015452523836134158
GSE163603_interstitium,R-HSA-1474244,CAPN8,0.18268577065035882,0.18336315451593654,0.0006773838655777242
GSE163603_interstitium,R-HSA-1474244,CAPN9,0.18268577065035882,0.1832192600899099,0.0005334894395510881
GSE163603_interstitium,R-HSA-1474244,CAPNS1,0.18268577065035882,0.18142536851815233,0.0012604021322064896
GSE163603_interstitium,R-HSA-1474244,CAPNS2,0.18268577065035882,0.18470497100450384,0.0020192003541450176
GSE163603_interstitium,R-HSA-1474244,CASK,0.18268577065035882,0.1843328014419219,0.0016470307915630866
GSE163603_interstitium,R-HSA-1474244,CASP3,0.18268577065035882,0.18253332564641794,0.00015244500394087646
GSE163603_interstitium,R-HSA-1474244,CAST,0.18268577065035882,0.1825886468506721,9.712379968671025e-05
GSE163603_interstitium,R-HSA-1474244,CD151,0.18268577065035882,0.18242601058451213,0.000259760065846687
GSE163603_interstitium,R-HSA-1474244,CD44,0.18268577065035882,0.17962716653350014,0.003058604116858682
GSE163603_interstitium,R-HSA-1474244,CD47,0.18268577065035882,0.18287744632157638,0.00019167567121755602
GSE163603_interstitium,R-HSA-1474244,CDH1,0.18268577065035882,0.18280266637003312,0.00011689571967429813
GSE163603_interstitium,R-HSA-1474244,CEACAM1,0.18268577065035882,0.18434828449079016,0.00166251384043134
GSE163603_interstitium,R-HSA-1474244,CEACAM6,0.18268577065035882,0.1843691807346622,0.001683410084303394
GSE163603_interstitium,R-HSA-1474244,CEACAM8,0.18268577065035882,0.18170292225860962,0.000982848391749197
GSE163603_interstitium,R-HSA-1474244,CMA1,0.18268577065035882,0.18348741796765894,0.0008016473173001193
GSE163603_interstitium,R-HSA-1474244,COL10A1,0.18268577065035882,0.1836485746357082,0.0009628039853493697
GSE163603_interstitium,R-HSA-1474244,COL11A1,0.18268577065035882,0.18347991291888274,0.000794142268523923
GSE163603_interstitium,R-HSA-1474244,COL11A2,0.18268577065035882,0.18563580713440153,0.002950036484042712
GSE163603_interstitium,R-HSA-1474244,COL12A1,0.18268577065035882,0.17919036898182703,0.0034954016685317946
GSE163603_interstitium,R-HSA-1474244,COL13A1,0.18268577065035882,0.18323809630069487,0.0005523256503360552
GSE163603_interstitium,R-HSA-1474244,COL14A1,0.18268577065035882,0.18114124329963383,0.0015445273507249946
GSE163603_interstitium,R-HSA-1474244,COL15A1,0.18268577065035882,0.17900240989345811,0.0036833607569007054
GSE163603_interstitium,R-HSA-1474244,COL16A1,0.18268577065035882,0.18561542980804535,0.0029296591576865316
GSE163603_interstitium,R-HSA-1474244,COL17A1,0.18268577065035882,0.18304541507407301,0.0003596444237141949
GSE163603_interstitium,R-HSA-1474244,COL18A1,0.18268577065035882,0.18663344086463696,0.003947670214278137
GSE163603_interstitium,R-HSA-1474244,COL19A1,0.18268577065035882,0.18290866484918394,0.0002228941988251243
GSE163603_interstitium,R-HSA-1474244,COL1A1,0.18268577065035882,0.18315137612888913,0.00046560547853030654
GSE163603_interstitium,R-HSA-1474244,COL1A2,0.18268577065035882,0.18235387714249435,0.00033189350786447247
GSE163603_interstitium,R-HSA-1474244,COL20A1,0.18268577065035882,0.18146769495918247,0.0012180756911763513
GSE163603_interstitium,R-HSA-1474244,COL21A1,0.18268577065035882,0.18222820038401444,0.00045757026634438147
GSE163603_interstitium,R-HSA-1474244,COL22A1,0.18268577065035882,0.18376270846047438,0.001076937810115558
GSE163603_interstitium,R-HSA-1474244,COL23A1,0.18268577065035882,0.18369169533011617,0.0010059246797573529
GSE163603_interstitium,R-HSA-1474244,COL24A1,0.18268577065035882,0.18242606324765467,0.0002597074027041457
GSE163603_interstitium,R-HSA-1474244,COL25A1,0.18268577065035882,0.18291092557745253,0.00022515492709371254
GSE163603_interstitium,R-HSA-1474244,COL26A1,0.18268577065035882,0.18171030121410583,0.0009754694362529848
GSE163603_interstitium,R-HSA-1474244,COL27A1,0.18268577065035882,0.18635163017836542,0.003665859528006604
GSE163603_interstitium,R-HSA-1474244,COL28A1,0.18268577065035882,0.18504489922829861,0.0023591285779397952
GSE163603_interstitium,R-HSA-1474244,COL2A1,0.18268577065035882,0.1829514236911205,0.0002656530407616764
GSE163603_interstitium,R-HSA-1474244,COL3A1,0.18268577065035882,0.18201307171996278,0.0006726989303960373
GSE163603_interstitium,R-HSA-1474244,COL4A1,0.18268577065035882,0.18503626388751976,0.002350493237160939
GSE163603_interstitium,R-HSA-1474244,COL4A2,0.18268577065035882,0.1839819950469906,0.0012962243966317677
GSE163603_interstitium,R-HSA-1474244,COL4A3,0.18268577065035882,0.18529860606525342,0.0026128354148945987
GSE163603_interstitium,R-HSA-1474244,COL4A4,0.18268577065035882,0.1849773273540845,0.002291556703725689
GSE163603_interstitium,R-HSA-1474244,COL4A5,0.18268577065035882,0.18411725049261354,0.0014314798422547237
GSE163603_interstitium,R-HSA-1474244,COL4A6,0.18268577065035882,0.18583671205649316,0.003150941406134339
GSE163603_interstitium,R-HSA-1474244,COL5A1,0.18268577065035882,0.18187907962707714,0.0008066910232816804
GSE163603_interstitium,R-HSA-1474244,COL5A2,0.18268577065035882,0.1817804866602671,0.0009052839900917098
GSE163603_interstitium,R-HSA-1474244,COL5A3,0.18268577065035882,0.18227578876227404,0.0004099818880847761
GSE163603_interstitium,R-HSA-1474244,COL6A1,0.18268577065035882,0.18742563615463181,0.004739865504272994
GSE163603_interstitium,R-HSA-1474244,COL6A2,0.18268577065035882,0.18550443729112404,0.002818666640765216
GSE163603_interstitium,R-HSA-1474244,COL6A3,0.18268577065035882,0.18351762960118548,0.0008318589508266583
GSE163603_interstitium,R-HSA-1474244,COL6A5,0.18268577065035882,0.18318474879866037,0.0004989781483015487
GSE163603_interstitium,R-HSA-1474244,COL6A6,0.18268577065035882,0.18294052997283045,0.000254759322471626
GSE163603_interstitium,R-HSA-1474244,COL7A1,0.18268577065035882,0.1853665119578179,0.0026807413074590725
GSE163603_interstitium,R-HSA-1474244,COL8A1,0.18268577065035882,0.1820205851635334,0.0006651854868254259
GSE163603_interstitium,R-HSA-1474244,COL8A2,0.18268577065035882,0.18170675043243947,0.0009790202179193463
GSE163603_interstitium,R-HSA-1474244,COL9A1,0.18268577065035882,0.18284549795866564,0.0001597273083068229
GSE163603_interstitium,R-HSA-1474244,COL9A2,0.18268577065035882,0.18379475207606605,0.0011089814257072284
GSE163603_interstitium,R-HSA-1474244,COL9A3,0.18268577065035882,0.1808580100610781,0.0018277605892807192
GSE163603_interstitium,R-HSA-1474244,COLGALT1,0.18268577065035882,0.18218112619761545,0.0005046444527433691
GSE163603_interstitium,R-HSA-1474244,COLGALT2,0.18268577065035882,0.18280219518065957,0.00011642453030075162
GSE163603_interstitium,R-HSA-1474244,COMP,0.18268577065035882,0.180949485772346,0.001736284878012806
GSE163603_interstitium,R-HSA-1474244,CRTAP,0.18268577065035882,0.1824464583323617,0.00023931231799712016
GSE163603_interstitium,R-HSA-1474244,CTRB1,0.18268577065035882,0.18307511866144546,0.0003893480110866432
GSE163603_interstitium,R-HSA-1474244,CTRB2,0.18268577065035882,0.1827441350536744,5.836440331558057e-05
GSE163603_interstitium,R-HSA-1474244,CTSB,0.18268577065035882,0.18151815012742398,0.0011676205229348424
GSE163603_interstitium,R-HSA-1474244,CTSD,0.18268577065035882,0.18266685564560772,1.8915004751096642e-05
GSE163603_interstitium,R-HSA-1474244,CTSG,0.18268577065035882,0.18235472359114935,0.00033104705920947164
GSE163603_interstitium,R-HSA-1474244,CTSK,0.18268577065035882,0.18362641951947292,0.0009406488691141024
GSE163603_interstitium,R-HSA-1474244,CTSL,0.18268577065035882,0.1800388929460321,0.0026468777043267278
GSE163603_interstitium,R-HSA-1474244,CTSS,0.18268577065035882,0.17933903182422822,0.0033467388261305964
GSE163603_interstitium,R-HSA-1474244,CTSV,0.18268577065035882,0.18133975476861647,0.0013460158817423518
GSE163603_interstitium,R-HSA-1474244,DAG1,0.18268577065035882,0.1790805815729441,0.003605189077414722
GSE163603_interstitium,R-HSA-1474244,DCN,0.18268577065035882,0.18095808073449535,0.0017276899158634729
GSE163603_interstitium,R-HSA-1474244,DDR1,0.18268577065035882,0.18605320852478585,0.0033674378744270317
GSE163603_interstitium,R-HSA-1474244,DDR2,0.18268577065035882,0.18233980823682056,0.0003459624135382644
GSE163603_interstitium,R-HSA-1474244,DMD,0.18268577065035882,0.18568519543604017,0.002999424785681354
GSE163603_interstitium,R-HSA-1474244,DMP1,0.18268577065035882,0.18454908982281779,0.001863319172458966
GSE163603_interstitium,R-HSA-1474244,DRP2,0.18268577065035882,0.18431292334165633,0.001627152691297512
GSE163603_interstitium,R-HSA-1474244,DSPP,0.18268577065035882,0.18427072857867163,0.0015849579283128135
GSE163603_interstitium,R-HSA-1474244,DST,0.18268577065035882,0.18342855049355822,0.0007427798431993982
GSE163603_interstitium,R-HSA-1474244,DTNA,0.18268577065035882,0.18135514628723304,0.001330624363125782
GSE163603_interstitium,R-HSA-1474244,DTNB,0.18268577065035882,0.1845385313468142,0.0018527606964553744
GSE163603_interstitium,R-HSA-1474244,EFEMP1,0.18268577065035882,0.17987468205305862,0.0028110885973001987
GSE163603_interstitium,R-HSA-1474244,EFEMP2,0.18268577065035882,0.1812914681144821,0.001394302535876718
GSE163603_interstitium,R-HSA-1474244,ELANE,0.18268577065035882,0.1867490335284117,0.004063262878052892
GSE163603_interstitium,R-HSA-1474244,ELN,0.18268577065035882,0.18432718049571936,0.001641409845360542
GSE163603_interstitium,R-HSA-1474244,EMILIN1,0.18268577065035882,0.1830379371607991,0.00035216651044028824
GSE163603_interstitium,R-HSA-1474244,EMILIN2,0.18268577065035882,0.17933399172533157,0.003351778925027249
GSE163603_interstitium,R-HSA-1474244,EMILIN3,0.18268577065035882,0.18202296474107502,0.0006628059092838035
GSE163603_interstitium,R-HSA-1474244,F11R,0.18268577065035882,0.18367696262989372,0.0009911919795349
GSE163603_interstitium,R-HSA-1474244,FBLN1,0.18268577065035882,0.18262736846835362,5.840218200520164e-05
GSE163603_interstitium,R-HSA-1474244,FBLN2,0.18268577065035882,0.18164680339529676,0.0010389672550620566
GSE163603_interstitium,R-HSA-1474244,FBLN5,0.18268577065035882,0.18456818735702693,0.0018824167066681108
GSE163603_interstitium,R-HSA-1474244,FBN1,0.18268577065035882,0.18252993804747022,0.0001558326028885948
GSE163603_interstitium,R-HSA-1474244,FBN2,0.18268577065035882,0.1822470174005186,0.000438753249840218
GSE163603_interstitium,R-HSA-1474244,FBN3,0.18268577065035882,0.18294327900336457,0.00025750835300575314
GSE163603_interstitium,R-HSA-1474244,FGA,0.18268577065035882,0.18437799596920748,0.0016922253188486613
GSE163603_interstitium,R-HSA-1474244,FGB,0.18268577065035882,0.181974269551659,0.0007115010986998294
GSE163603_interstitium,R-HSA-1474244,FGF2,0.18268577065035882,0.18457670911833654,0.0018909384679777208
GSE163603_interstitium,R-HSA-1474244,FGG,0.18268577065035882,0.18251226459742517,0.0001735060529336474
GSE163603_interstitium,R-HSA-1474244,FMOD,0.18268577065035882,0.1812133365366714,0.0014724341136874153
GSE163603_interstitium,R-HSA-1474244,FN1,0.18268577065035882,0.18295212196958344,0.00026635131922461697
GSE163603_interstitium,R-HSA-1474244,FURIN,0.18268577065035882,0.18191290326003884,0.0007728673903199812
GSE163603_interstitium,R-HSA-1474244,GDF5,0.18268577065035882,0.18388813302344464,0.0012023623730858246
GSE163603_interstitium,R-HSA-1474244,HAPLN1,0.18268577065035882,0.1852040282011537,0.002518257550794878
GSE163603_interstitium,R-HSA-1474244,HSPG2,0.18268577065035882,0.1833280935758273,0.0006423229254684804
GSE163603_interstitium,R-HSA-1474244,HTRA1,0.18268577065035882,0.1803822118219766,0.0023035588283822073
GSE163603_interstitium,R-HSA-1474244,IBSP,0.18268577065035882,0.1842090309352709,0.0015232602849120924
GSE163603_interstitium,R-HSA-1474244,ICAM1,0.18268577065035882,0.18082196877579954,0.0018638018745592844
GSE163603_interstitium,R-HSA-1474244,ICAM2,0.18268577065035882,0.18239768182650107,0.0002880888238577517
GSE163603_interstitium,R-HSA-1474244,ICAM3,0.18268577065035882,0.18152322215287248,0.0011625484974863431
GSE163603_interstitium,R-HSA-1474244,ICAM4,0.18268577065035882,0.18057779496981644,0.0021079756805423844
GSE163603_interstitium,R-HSA-1474244,ICAM5,0.18268577065035882,0.17975472643413912,0.0029310442162197026
GSE163603_interstitium,R-HSA-1474244,ITGA1,0.18268577065035882,0.18146397186272936,0.0012217987876294578
GSE163603_interstitium,R-HSA-1474244,ITGA10,0.18268577065035882,0.18413523924170164,0.0014494685913428174
GSE163603_interstitium,R-HSA-1474244,ITGA11,0.18268577065035882,0.18247112231499618,0.00021464833536263828
GSE163603_interstitium,R-HSA-1474244,ITGA2,0.18268577065035882,0.18384771391377652,0.001161943263417703
GSE163603_interstitium,R-HSA-1474244,ITGA2B,0.18268577065035882,0.18307013090436547,0.0003843602540066493
GSE163603_interstitium,R-HSA-1474244,ITGA3,0.18268577065035882,0.1830519077112179,0.00036613706085908415
GSE163603_interstitium,R-HSA-1474244,ITGA4,0.18268577065035882,0.1818081878321265,0.0008775828182323309
GSE163603_interstitium,R-HSA-1474244,ITGA5,0.18268577065035882,0.18259227948701034,9.349116334847474e-05
GSE163603_interstitium,R-HSA-1474244,ITGA6,0.18268577065035882,0.18353050604524354,0.0008447353948847214
GSE163603_interstitium,R-HSA-1474244,ITGA7,0.18268577065035882,0.18285989458589436,0.00017412393553553618
GSE163603_interstitium,R-HSA-1474244,ITGA8,0.18268577065035882,0.18183581360331175,0.000849957047047073
GSE163603_interstitium,R-HSA-1474244,ITGA9,0.18268577065035882,0.1823596241085346,0.00032614654182422376
GSE163603_interstitium,R-HSA-1474244,ITGAD,0.18268577065035882,0.1832765768795017,0.0005908062291428706
GSE163603_interstitium,R-HSA-1474244,ITGAE,0.18268577065035882,0.18227377026086242,0.00041200038949640305
GSE163603_interstitium,R-HSA-1474244,ITGAL,0.18268577065035882,0.18382941251563673,0.0011436418652779057
GSE163603_interstitium,R-HSA-1474244,ITGAM,0.18268577065035882,0.1832636886762073,0.0005779180258484728
GSE163603_interstitium,R-HSA-1474244,ITGAV,0.18268577065035882,0.18393779822365885,0.0012520275733000352
GSE163603_interstitium,R-HSA-1474244,ITGAX,0.18268577065035882,0.1807651649914158,0.001920605658943031
GSE163603_interstitium,R-HSA-1474244,ITGB1,0.18268577065035882,0.18331529626241344,0.0006295256120546211
GSE163603_interstitium,R-HSA-1474244,ITGB2,0.18268577065035882,0.18060140079575934,0.002084369854599477
GSE163603_interstitium,R-HSA-1474244,ITGB3,0.18268577065035882,0.1841985612706146,0.0015127906202557773
GSE163603_interstitium,R-HSA-1474244,ITGB4,0.18268577065035882,0.1777382501799028,0.004947520470456018
GSE163603_interstitium,R-HSA-1474244,ITGB5,0.18268577065035882,0.18179935545481402,0.0008864151955448041
GSE163603_interstitium,R-HSA-1474244,ITGB6,0.18268577065035882,0.1847857100970848,0.0020999394467259846
GSE163603_interstitium,R-HSA-1474244,ITGB7,0.18268577065035882,0.1830057261163976,0.0003199554660387738
GSE163603_interstitium,R-HSA-1474244,ITGB8,0.18268577065035882,0.18296928522134664,0.00028351457098782507
GSE163603_interstitium,R-HSA-1474244,JAM2,0.18268577065035882,0.18362630728350662,0.0009405366331478038
GSE163603_interstitium,R-HSA-1474244,JAM3,0.18268577065035882,0.18055689166717098,0.0021288789831878374
GSE163603_interstitium,R-HSA-1474244,KDR,0.18268577065035882,0.18120679159353625,0.0014789790568225658
GSE163603_interstitium,R-HSA-1474244,KLK2,0.18268577065035882,0.18362803567555658,0.0009422650251977582
GSE163603_interstitium,R-HSA-1474244,KLK7,0.18268577065035882,0.1824667692070298,0.00021900144332900884
GSE163603_interstitium,R-HSA-1474244,KLKB1,0.18268577065035882,0.18365998064068748,0.0009742099903286561
GSE163603_interstitium,R-HSA-1474244,LAMA1,0.18268577065035882,0.18203800274409448,0.0006477679062643349
GSE163603_interstitium,R-HSA-1474244,LAMA2,0.18268577065035882,0.18089006757591572,0.0017957030744431002
GSE163603_interstitium,R-HSA-1474244,LAMA3,0.18268577065035882,0.18158161073337292,0.0011041599169858973
GSE163603_interstitium,R-HSA-1474244,LAMA4,0.18268577065035882,0.18170098996273149,0.0009847806876273346
GSE163603_interstitium,R-HSA-1474244,LAMA5,0.18268577065035882,0.18604454975966803,0.0033587791093092068
GSE163603_interstitium,R-HSA-1474244,LAMB1,0.18268577065035882,0.18563036871228816,0.0029445980619293433
GSE163603_interstitium,R-HSA-1474244,LAMB2,0.18268577065035882,0.18258653406202124,9.923658833757565e-05
GSE163603_interstitium,R-HSA-1474244,LAMB3,0.18268577065035882,0.18371912601588672,0.0010333553655278993
GSE163603_interstitium,R-HSA-1474244,LAMC1,0.18268577065035882,0.18253011177080794,0.00015565887955087954
GSE163603_interstitium,R-HSA-1474244,LAMC2,0.18268577065035882,0.18477114840893988,0.0020853777585810584
GSE163603_interstitium,R-HSA-1474244,LAMC3,0.18268577065035882,0.18260693102239314,7.883962796567667e-05
GSE163603_interstitium,R-HSA-1474244,LOX,0.18268577065035882,0.18100898378373553,0.0016767868666232866
GSE163603_interstitium,R-HSA-1474244,LOXL1,0.18268577065035882,0.18269388150168883,8.110851330012103e-06
GSE163603_interstitium,R-HSA-1474244,LOXL2,0.18268577065035882,0.18315771430115685,0.000471943650798029
GSE163603_interstitium,R-HSA-1474244,LOXL3,0.18268577065035882,0.182935151854886,0.0002493812045271937
GSE163603_interstitium,R-HSA-1474244,LOXL4,0.18268577065035882,0.1809905104950881,0.001695260155270717
GSE163603_interstitium,R-HSA-1474244,LRP4,0.18268577065035882,0.18247312550652248,0.00021264514383634303
GSE163603_interstitium,R-HSA-1474244,LTBP1,0.18268577065035882,0.1823660209531312,0.00031974969722761704
GSE163603_interstitium,R-HSA-1474244,LTBP2,0.18268577065035882,0.18016854562385248,0.0025172250265063367
GSE163603_interstitium,R-HSA-1474244,LTBP3,0.18268577065035882,0.18391737085314025,0.00123160020278143
GSE163603_interstitium,R-HSA-1474244,LTBP4,0.18268577065035882,0.18212344258504443,0.0005623280653143936
GSE163603_interstitium,R-HSA-1474244,LUM,0.18268577065035882,0.1820887338729341,0.0005970367774247309
GSE163603_interstitium,R-HSA-1474244,MADCAM1,0.18268577065035882,0.18183680555280626,0.0008489650975525564
GSE163603_interstitium,R-HSA-1474244,MATN1,0.18268577065035882,0.18487760966524364,0.0021918390148848166
GSE163603_interstitium,R-HSA-1474244,MATN3,0.18268577065035882,0.18621381928724276,0.0035280486368839403
GSE163603_interstitium,R-HSA-1474244,MATN4,0.18268577065035882,0.1827279098431886,4.213919282977652e-05
GSE163603_interstitium,R-HSA-1474244,MFAP2,0.18268577065035882,0.18141048449839126,0.001275286151967564
GSE163603_interstitium,R-HSA-1474244,MFAP3,0.18268577065035882,0.1834500737688413,0.0007643031184824678
GSE163603_interstitium,R-HSA-1474244,MFAP4,0.18268577065035882,0.1796517879757124,0.0030339826746464127
GSE163603_interstitium,R-HSA-1474244,MFAP5,0.18268577065035882,0.1814237735870014,0.0012619970633574173
GSE163603_interstitium,R-HSA-1474244,MMP1,0.18268577065035882,0.18460520591745844,0.0019194352670996173
GSE163603_interstitium,R-HSA-1474244,MMP10,0.18268577065035882,0.18313515243632403,0.0004493817859652083
GSE163603_interstitium,R-HSA-1474244,MMP11,0.18268577065035882,0.18702161647554272,0.004335845825183898
GSE163603_interstitium,R-HSA-1474244,MMP12,0.18268577065035882,0.18166410802981398,0.0010216626205448442
GSE163603_interstitium,R-HSA-1474244,MMP13,0.18268577065035882,0.183132389014301,0.0004466183639421917
GSE163603_interstitium,R-HSA-1474244,MMP14,0.18268577065035882,0.18331429539328084,0.0006285247429220209
GSE163603_interstitium,R-HSA-1474244,MMP15,0.18268577065035882,0.1824180560087272,0.0002677146416316112
GSE163603_interstitium,R-HSA-1474244,MMP16,0.18268577065035882,0.1809466195069686,0.0017391511433902107
GSE163603_interstitium,R-HSA-1474244,MMP17,0.18268577065035882,0.18203278672946438,0.0006529839208944399
GSE163603_interstitium,R-HSA-1474244,MMP19,0.18268577065035882,0.18198957135296956,0.0006961992973892606
GSE163603_interstitium,R-HSA-1474244,MMP2,0.18268577065035882,0.18184387530420837,0.0008418953461504508
GSE163603_interstitium,R-HSA-1474244,MMP20,0.18268577065035882,0.18176038922530174,0.0009253814250570758
GSE163603_interstitium,R-HSA-1474244,MMP24,0.18268577065035882,0.18287124606638688,0.0001854754160280636
GSE163603_interstitium,R-HSA-1474244,MMP25,0.18268577065035882,0.18182015004253196,0.0008656206078268558
GSE163603_interstitium,R-HSA-1474244,MMP3,0.18268577065035882,0.18296215938465593,0.00027638873429711164
GSE163603_interstitium,R-HSA-1474244,MMP7,0.18268577065035882,0.18218758336273724,0.0004981872876215765
GSE163603_interstitium,R-HSA-1474244,MMP8,0.18268577065035882,0.18429766931614575,0.001611898665786926
GSE163603_interstitium,R-HSA-1474244,MMP9,0.18268577065035882,0.18039292267190604,0.0022928479784527778
GSE163603_interstitium,R-HSA-1474244,MUSK,0.18268577065035882,0.1831570897870028,0.00047131913664397174
GSE163603_interstitium,R-HSA-1474244,NCAM1,0.18268577065035882,0.17937855807160782,0.0033072125787509954
GSE163603_interstitium,R-HSA-1474244,NCAN,0.18268577065035882,0.18051745896490198,0.0021683116854568363
GSE163603_interstitium,R-HSA-1474244,NCSTN,0.18268577065035882,0.18627222225462603,0.00358645160426721
GSE163603_interstitium,R-HSA-1474244,NID1,0.18268577065035882,0.18416440628587494,0.0014786356355161179
GSE163603_interstitium,R-HSA-1474244,NID2,0.18268577065035882,0.18170530747344282,0.0009804631769159966
GSE163603_interstitium,R-HSA-1474244,NRXN1,0.18268577065035882,0.18007711937906373,0.002608651271295087
GSE163603_interstitium,R-HSA-1474244,NTN4,0.18268577065035882,0.18298393130142565,0.0002981606510668311
GSE163603_interstitium,R-HSA-1474244,OPTC,0.18268577065035882,0.1838990463239131,0.0012132756735542816
GSE163603_interstitium,R-HSA-1474244,P3H1,0.18268577065035882,0.18517624970976593,0.002490479059407108
GSE163603_interstitium,R-HSA-1474244,P3H2,0.18268577065035882,0.1831889095543667,0.0005031389040078826
GSE163603_interstitium,R-HSA-1474244,P3H3,0.18268577065035882,0.18245564567097056,0.00023012497938826315
GSE163603_interstitium,R-HSA-1474244,P4HA1,0.18268577065035882,0.18197859919320913,0.0007071714571496857
GSE163603_interstitium,R-HSA-1474244,P4HA2,0.18268577065035882,0.18447273156342125,0.0017869609130624353
GSE163603_interstitium,R-HSA-1474244,P4HA3,0.18268577065035882,0.1846541028345154,0.001968332184156568
GSE163603_interstitium,R-HSA-1474244,P4HB,0.18268577065035882,0.18256736596306142,0.00011840468729740206
GSE163603_interstitium,R-HSA-1474244,PCOLCE,0.18268577065035882,0.18562735736351113,0.002941586713152311
GSE163603_interstitium,R-HSA-1474244,PCOLCE2,0.18268577065035882,0.18135355986821575,0.0013322107821430729
GSE163603_interstitium,R-HSA-1474244,PDGFA,0.18268577065035882,0.17969828975952482,0.0029874808908340045
GSE163603_interstitium,R-HSA-1474244,PDGFB,0.18268577065035882,0.18005557196115446,0.0026301986892043605
GSE163603_interstitium,R-HSA-1474244,PECAM1,0.18268577065035882,0.18026477330492446,0.002420997345434356
GSE163603_interstitium,R-HSA-1474244,PHYKPL,0.18268577065035882,0.1819133392872267,0.0007724313631321256
GSE163603_interstitium,R-HSA-1474244,PLEC,0.18268577065035882,0.1869578217419864,0.004272051091627593
GSE163603_interstitium,R-HSA-1474244,PLG,0.18268577065035882,0.1797188631283984,0.00296690752196041
GSE163603_interstitium,R-HSA-1474244,PLOD1,0.18268577065035882,0.1821975782669947,0.00048819238336411663
GSE163603_interstitium,R-HSA-1474244,PLOD2,0.18268577065035882,0.1811822358540339,0.0015035347963249235
GSE163603_interstitium,R-HSA-1474244,PLOD3,0.18268577065035882,0.18202291705245804,0.0006628535979007755
GSE163603_interstitium,R-HSA-1474244,PPIB,0.18268577065035882,0.18177601541854038,0.0009097552318184376
GSE163603_interstitium,R-HSA-1474244,PRKCA,0.18268577065035882,0.1815851942633872,0.0011005763869716134
GSE163603_interstitium,R-HSA-1474244,PRSS1,0.18268577065035882,0.1850000562202123,0.0023142855698534692
GSE163603_interstitium,R-HSA-1474244,PRSS2,0.18268577065035882,0.186888188589078,0.004202417938719172
GSE163603_interstitium,R-HSA-1474244,PSEN1,0.18268577065035882,0.18122022223656015,0.001465548413798673
GSE163603_interstitium,R-HSA-1474244,PTPRS,0.18268577065035882,0.18197387273503068,0.0007118979153281357
GSE163603_interstitium,R-HSA-1474244,PXDN,0.18268577065035882,0.17974852962865562,0.002937241021703202
GSE163603_interstitium,R-HSA-1474244,SCUBE1,0.18268577065035882,0.1824570149445328,0.0002287557058260059
GSE163603_interstitium,R-HSA-1474244,SCUBE3,0.18268577065035882,0.1840956901134966,0.0014099194631377876
GSE163603_interstitium,R-HSA-1474244,SDC1,0.18268577065035882,0.18230874746452833,0.000377023185830494
GSE163603_interstitium,R-HSA-1474244,SDC2,0.18268577065035882,0.18331073164501582,0.0006249609946570034
GSE163603_interstitium,R-HSA-1474244,SDC3,0.18268577065035882,0.18154648375538018,0.0011392868949786361
GSE163603_interstitium,R-HSA-1474244,SDC4,0.18268577065035882,0.1830856807962402,0.0003999101458813936
GSE163603_interstitium,R-HSA-1474244,SERPINE1,0.18268577065035882,0.1828917563622122,0.00020598571185337367
GSE163603_interstitium,R-HSA-1474244,SERPINH1,0.18268577065035882,0.180967911131182,0.0017178595191768287
GSE163603_interstitium,R-HSA-1474244,SGCA,0.18268577065035882,0.17980807886274713,0.002877691787611686
GSE163603_interstitium,R-HSA-1474244,SGCB,0.18268577065035882,0.18338410209497175,0.0006983314446129263
GSE163603_interstitium,R-HSA-1474244,SGCD,0.18268577065035882,0.1823921261297165,0.0002936445206423166
GSE163603_interstitium,R-HSA-1474244,SGCE,0.18268577065035882,0.18163287113009335,0.0010528995202654656
GSE163603_interstitium,R-HSA-1474244,SGCG,0.18268577065035882,0.18359838492292346,0.0009126142725646436
GSE163603_interstitium,R-HSA-1474244,SGCZ,0.18268577065035882,0.1825899185905952,9.58520597636181e-05
GSE163603_interstitium,R-HSA-1474244,SH3PXD2A,0.18268577065035882,0.18309157985567323,0.00040580920531441134
GSE163603_interstitium,R-HSA-1474244,SNTA1,0.18268577065035882,0.18119476169806395,0.00149100895229487
GSE163603_interstitium,R-HSA-1474244,SNTB1,0.18268577065035882,0.1819701194121214,0.0007156512382374136
GSE163603_interstitium,R-HSA-1474244,SNTB2,0.18268577065035882,0.18440936238616984,0.0017235917358110198
GSE163603_interstitium,R-HSA-1474244,SNTG2,0.18268577065035882,0.1806052726210869,0.002080498029271932
GSE163603_interstitium,R-HSA-1474244,SPARC,0.18268577065035882,0.18244972551330313,0.0002360451370556904
GSE163603_interstitium,R-HSA-1474244,SPOCK3,0.18268577065035882,0.1795750862655803,0.003110684384778517
GSE163603_interstitium,R-HSA-1474244,SPP1,0.18268577065035882,0.183340157542822,0.0006543868924631935
GSE163603_interstitium,R-HSA-1474244,SSPN,0.18268577065035882,0.1802612882860859,0.002424482364272923
GSE163603_interstitium,R-HSA-1474244,TGFB1,0.18268577065035882,0.18318041430117082,0.0004946436508120045
GSE163603_interstitium,R-HSA-1474244,TGFB2,0.18268577065035882,0.18204584565402873,0.0006399249963300879
GSE163603_interstitium,R-HSA-1474244,TGFB3,0.18268577065035882,0.18368187195255828,0.0009961013021994591
GSE163603_interstitium,R-HSA-1474244,THBS1,0.18268577065035882,0.18395943681386653,0.001273666163507714
GSE163603_interstitium,R-HSA-1474244,TIMP1,0.18268577065035882,0.18167847609503288,0.0010072945553259438
GSE163603_interstitium,R-HSA-1474244,TIMP2,0.18268577065035882,0.18268207606361314,3.694586745678352e-06
GSE163603_interstitium,R-HSA-1474244,TLL1,0.18268577065035882,0.1828710230696935,0.00018525241933467496
GSE163603_interstitium,R-HSA-1474244,TLL2,0.18268577065035882,0.1847039628572223,0.0020181922068634728
GSE163603_interstitium,R-HSA-1474244,TMPRSS6,0.18268577065035882,0.1820405163883433,0.0006452542620155322
GSE163603_interstitium,R-HSA-1474244,TNC,0.18268577065035882,0.18418938995710027,0.0015036193067414494
GSE163603_interstitium,R-HSA-1474244,TNN,0.18268577065035882,0.18448340055802254,0.001797629907663717
GSE163603_interstitium,R-HSA-1474244,TNR,0.18268577065035882,0.1829455838106666,0.00025981316030779245
GSE163603_interstitium,R-HSA-1474244,TNXB,0.18268577065035882,0.18649034884967158,0.0038045781993127636
GSE163603_interstitium,R-HSA-1474244,TPSAB1,0.18268577065035882,0.17797674901860078,0.0047090216317580424
GSE163603_interstitium,R-HSA-1474244,TRAPPC4,0.18268577065035882,0.1812615232009142,0.00142424744944461
GSE163603_interstitium,R-HSA-1474244,TTR,0.18268577065035882,0.18109484892941632,0.0015909217209424953
GSE163603_interstitium,R-HSA-1474244,UTRN,0.18268577065035882,0.18498351475377833,0.0022977441034195134
GSE163603_interstitium,R-HSA-1474244,VCAM1,0.18268577065035882,0.18100983317170805,0.0016759374786507741
GSE163603_interstitium,R-HSA-1474244,VCAN,0.18268577065035882,0.18259343016766097,9.234048269785022e-05
GSE163603_interstitium,R-HSA-1474244,VTN,0.18268577065035882,0.1826574120967126,2.835855364621831e-05
GSE163603_interstitium,R-HSA-1474244,VWF,0.18268577065035882,0.18099387156679012,0.0016918990835687042
GSE163603_interstitium,R-HSA-1234174,ADRM1,0.3079364429542005,0.30504928712152085,0.002887155832679622
GSE163603_interstitium,R-HSA-1234174,AJUBA,0.3079364429542005,0.3234593714646176,0.015522928510417144
GSE163603_interstitium,R-HSA-1234174,ARNT,0.3079364429542005,0.3171419531940648,0.009205510239864323
GSE163603_interstitium,R-HSA-1234174,CA9,0.3079364429542005,0.31369619752257355,0.005759754568373077
GSE163603_interstitium,R-HSA-1234174,CITED2,0.3079364429542005,0.3141038006450174,0.006167357690816944
GSE163603_interstitium,R-HSA-1234174,CREBBP,0.3079364429542005,0.31404481886724606,0.006108375913045583
GSE163603_interstitium,R-HSA-1234174,CUL2,0.3079364429542005,0.2826187672717705,0.025317675682429985
GSE163603_interstitium,R-HSA-1234174,EGLN1,0.3079364429542005,0.300922180503485,0.007014262450715458
GSE163603_interstitium,R-HSA-1234174,EGLN2,0.3079364429542005,0.3115552403181121,0.00361879736391163
GSE163603_interstitium,R-HSA-1234174,EGLN3,0.3079364429542005,0.30149831912417957,0.006438123830020903
GSE163603_interstitium,R-HSA-1234174,EP300,0.3079364429542005,0.3083538948901143,0.00041745193591380403
GSE163603_interstitium,R-HSA-1234174,EPAS1,0.3079364429542005,0.31399857717871626,0.006062134224515792
GSE163603_interstitium,R-HSA-1234174,EPO,0.3079364429542005,0.31076110434313586,0.00282466138893539
GSE163603_interstitium,R-HSA-1234174,HIF1A,0.3079364429542005,0.3074271832375643,0.000509259716636179
GSE163603_interstitium,R-HSA-1234174,HIF1AN,0.3079364429542005,0.2943070544530352,0.013629388501165296
GSE163603_interstitium,R-HSA-1234174,HIF3A,0.3079364429542005,0.3051618506784113,0.0027745922757891894
GSE163603_interstitium,R-HSA-1234174,HIGD1A,0.3079364429542005,0.3113707680013871,0.003434325047186604
GSE163603_interstitium,R-HSA-1234174,LIMD1,0.3079364429542005,0.3130049957121013,0.005068552757900802
GSE163603_interstitium,R-HSA-1234174,PSMA1,0.3079364429542005,0.2969281172770489,0.011008325677151598
GSE163603_interstitium,R-HSA-1234174,PSMA2,0.3079364429542005,0.3060282804365233,0.00190816251767717
GSE163603_interstitium,R-HSA-1234174,PSMA3,0.3079364429542005,0.3003449680589519,0.007591474895248584
GSE163603_interstitium,R-HSA-1234174,PSMA4,0.3079364429542005,0.30267550360946893,0.005260939344731541
GSE163603_interstitium,R-HSA-1234174,PSMA5,0.3079364429542005,0.3071155054839563,0.0008209374702441985
GSE163603_interstitium,R-HSA-1234174,PSMA6,0.3079364429542005,0.31809455936724307,0.010158116413042595
GSE163603_interstitium,R-HSA-1234174,PSMA7,0.3079364429542005,0.31988131062328,0.01194486766907954
GSE163603_interstitium,R-HSA-1234174,PSMB1,0.3079364429542005,0.3141734531963457,0.006237010242145236
GSE163603_interstitium,R-HSA-1234174,PSMB2,0.3079364429542005,0.309514010890073,0.001577567935872548
GSE163603_interstitium,R-HSA-1234174,PSMB3,0.3079364429542005,0.33063514195488897,0.022698699000688494
GSE163603_interstitium,R-HSA-1234174,PSMB4,0.3079364429542005,0.29273665655144737,0.015199786402753102
GSE163603_interstitium,R-HSA-1234174,PSMB5,0.3079364429542005,0.29575669724961545,0.012179745704585021
GSE163603_interstitium,R-HSA-1234174,PSMB6,0.3079364429542005,0.3085370883606752,0.0006006454064747535
GSE163603_interstitium,R-HSA-1234174,PSMB7,0.3079364429542005,0.2945118675866575,0.01342457536754299
GSE163603_interstitium,R-HSA-1234174,PSMC1,0.3079364429542005,0.2947158609904458,0.013220581963754696
GSE163603_interstitium,R-HSA-1234174,PSMC2,0.3079364429542005,0.3060222563028487,0.0019141866513517902
GSE163603_interstitium,R-HSA-1234174,PSMC3,0.3079364429542005,0.2827310752787249,0.0252053676754756
GSE163603_interstitium,R-HSA-1234174,PSMC4,0.3079364429542005,0.30201703003539826,0.005919412918802214
GSE163603_interstitium,R-HSA-1234174,PSMC5,0.3079364429542005,0.29526494370450196,0.012671499249698515
GSE163603_interstitium,R-HSA-1234174,PSMC6,0.3079364429542005,0.3049739096283305,0.002962533325869987
GSE163603_interstitium,R-HSA-1234174,PSMD1,0.3079364429542005,0.31400906010090107,0.0060726171467005985
GSE163603_interstitium,R-HSA-1234174,PSMD11,0.3079364429542005,0.31264025535451395,0.0047038124003134785
GSE163603_interstitium,R-HSA-1234174,PSMD12,0.3079364429542005,0.3103425242675323,0.0024060813133318093
GSE163603_interstitium,R-HSA-1234174,PSMD13,0.3079364429542005,0.31323472812023584,0.005298285166035366
GSE163603_interstitium,R-HSA-1234174,PSMD14,0.3079364429542005,0.3023853564385312,0.005551086515669268
GSE163603_interstitium,R-HSA-1234174,PSMD2,0.3079364429542005,0.2995564376607516,0.0083800052934489
GSE163603_interstitium,R-HSA-1234174,PSMD3,0.3079364429542005,0.31531512873894696,0.007378685784746486
GSE163603_interstitium,R-HSA-1234174,PSMD6,0.3079364429542005,0.3039507389744911,0.003985703979709376
GSE163603_interstitium,R-HSA-1234174,PSMD7,0.3079364429542005,0.30386570247772166,0.004070740476478818
GSE163603_interstitium,R-HSA-1234174,PSMD8,0.3079364429542005,0.3068746658182007,0.001061777135999753
GSE163603_interstitium,R-HSA-1234174,RBX1,0.3079364429542005,0.3007011813211084,0.007235261633092072
GSE163603_interstitium,R-HSA-1234174,RPS27A,0.3079364429542005,0.30955522187547346,0.0016187789212729897
GSE163603_interstitium,R-HSA-1234174,UBA52,0.3079364429542005,0.3004740324896687,0.007462410464531777
GSE163603_interstitium,R-HSA-1234174,UBB,0.3079364429542005,0.3094861685899984,0.0015497256357979161
GSE163603_interstitium,R-HSA-1234174,UBC,0.3079364429542005,0.32306278145112977,0.015126338496929292
GSE163603_interstitium,R-HSA-1234174,UBE2D1,0.3079364429542005,0.2959889794042765,0.011947463549923987
GSE163603_interstitium,R-HSA-1234174,UBE2D2,0.3079364429542005,0.31062112196158786,0.0026846790073873916
GSE163603_interstitium,R-HSA-1234174,UBE2D3,0.3079364429542005,0.3165458120757809,0.008609369121580446
GSE163603_interstitium,R-HSA-1234174,VEGFA,0.3079364429542005,0.33643980561485437,0.028503362660653897
GSE163603_interstitium,R-HSA-1234174,VHL,0.3079364429542005,0.32132017816923364,0.013383735215033166
GSE163603_interstitium,R-HSA-1234174,WTIP,0.3079364429542005,0.33074665227941336,0.022810209325212882
GSE163603_interstitium,R-HSA-170834,ARHGEF18,0.16288439951184383,0.16268530961180414,0.00019908990003969507
GSE163603_interstitium,R-HSA-170834,ATP1B4,0.16288439951184383,0.17106510336987152,0.008180703858027688
GSE163603_interstitium,R-HSA-170834,BAMBI,0.16288439951184383,0.16171943667285218,0.0011649628389916455
GSE163603_interstitium,R-HSA-170834,CBL,0.16288439951184383,0.15591590958457904,0.006968489927264787
GSE163603_interstitium,R-HSA-170834,CCNC,0.16288439951184383,0.16168813336436358,0.0011962661474802516
GSE163603_interstitium,R-HSA-170834,CCNK,0.16288439951184383,0.16323450025326217,0.00035010074141833547
GSE163603_interstitium,R-HSA-170834,CCNT1,0.16288439951184383,0.15942512253822674,0.003459276973617087
GSE163603_interstitium,R-HSA-170834,CCNT2,0.16288439951184383,0.1595662787748569,0.0033181207369869237
GSE163603_interstitium,R-HSA-170834,CDK8,0.16288439951184383,0.16756439066411263,0.004679991152268803
GSE163603_interstitium,R-HSA-170834,CDK9,0.16288439951184383,0.1675328790601275,0.004648479548283679
GSE163603_interstitium,R-HSA-170834,CDKN2B,0.16288439951184383,0.16021335254614127,0.002671046965702556
GSE163603_interstitium,R-HSA-170834,CGN,0.16288439951184383,0.17323070334415533,0.010346303832311499
GSE163603_interstitium,R-HSA-170834,COL1A2,0.16288439951184383,0.161529482375767,0.0013549171360768275
GSE163603_interstitium,R-HSA-170834,E2F4,0.16288439951184383,0.15506727863695866,0.007817120874885175
GSE163603_interstitium,R-HSA-170834,E2F5,0.16288439951184383,0.1580356559857893,0.004848743526054522
GSE163603_interstitium,R-HSA-170834,EP300,0.16288439951184383,0.1615850464886249,0.0012993530232189299
GSE163603_interstitium,R-HSA-170834,F11R,0.16288439951184383,0.16608203459047452,0.0031976350786306895
GSE163603_interstitium,R-HSA-170834,FBN1,0.16288439951184383,0.1621352833391248,0.0007491161727190276
GSE163603_interstitium,R-HSA-170834,FKBP1A,0.16288439951184383,0.1627504697159918,0.00013392979585202802
GSE163603_interstitium,R-HSA-170834,FURIN,0.16288439951184383,0.16001215288774803,0.002872246624095798
GSE163603_interstitium,R-HSA-170834,HDAC1,0.16288439951184383,0.1668880897196306,0.004003690207786764
GSE163603_interstitium,R-HSA-170834,ITGA8,0.16288439951184383,0.15974689815492368,0.003137501356920147
GSE163603_interstitium,R-HSA-170834,ITGAV,0.16288439951184383,0.1669795334077309,0.00409513389588706
GSE163603_interstitium,R-HSA-170834,ITGB1,0.16288439951184383,0.16483759117548852,0.0019531916636446878
GSE163603_interstitium,R-HSA-170834,ITGB3,0.16288439951184383,0.1678767826015571,0.0049923830897132815
GSE163603_interstitium,R-HSA-170834,ITGB5,0.16288439951184383,0.15962145076224332,0.0032629487496005083
GSE163603_interstitium,R-HSA-170834,ITGB6,0.16288439951184383,0.1698970796388739,0.007012680127030074
GSE163603_interstitium,R-HSA-170834,ITGB8,0.16288439951184383,0.16364701555031264,0.0007626160384688052
GSE163603_interstitium,R-HSA-170834,JUNB,0.16288439951184383,0.1694294852703768,0.006545085758532965
GSE163603_interstitium,R-HSA-170834,LTBP1,0.16288439951184383,0.16157126753064655,0.0013131319811972852
GSE163603_interstitium,R-HSA-170834,LTBP2,0.16288439951184383,0.15401006209656914,0.008874337415274686
GSE163603_interstitium,R-HSA-170834,LTBP3,0.16288439951184383,0.16690924568121532,0.004024846169371488
GSE163603_interstitium,R-HSA-170834,LTBP4,0.16288439951184383,0.16073658927486412,0.0021478102369797136
GSE163603_interstitium,R-HSA-170834,MAPK1,0.16288439951184383,0.15960778191508465,0.0032766175967591793
GSE163603_interstitium,R-HSA-170834,MAPK3,0.16288439951184383,0.15462239410587458,0.008262005405969247
GSE163603_interstitium,R-HSA-170834,MEN1,0.16288439951184383,0.1650021257887354,0.0021177262768915794
GSE163603_interstitium,R-HSA-170834,MTMR4,0.16288439951184383,0.14958012084746986,0.013304278664373975
GSE163603_interstitium,R-HSA-170834,MYC,0.16288439951184383,0.1600731524601208,0.0028112470517230315
GSE163603_interstitium,R-HSA-170834,NCOR1,0.16288439951184383,0.17034828968737414,0.007463890175530313
GSE163603_interstitium,R-HSA-170834,NCOR2,0.16288439951184383,0.17189709247637402,0.009012692964530195
GSE163603_interstitium,R-HSA-170834,NEDD4L,0.16288439951184383,0.16920539348934838,0.0063209939775045465
GSE163603_interstitium,R-HSA-170834,NEDD8,0.16288439951184383,0.16856843057698018,0.005684031065136347
GSE163603_interstitium,R-HSA-170834,PARD3,0.16288439951184383,0.17319379877325333,0.010309399261409502
GSE163603_interstitium,R-HSA-170834,PARD6A,0.16288439951184383,0.16244270305523875,0.0004416964566050785
GSE163603_interstitium,R-HSA-170834,PARP1,0.16288439951184383,0.15842672979622538,0.004457669715618451
GSE163603_interstitium,R-HSA-170834,PMEPA1,0.16288439951184383,0.1548891765205912,0.007995222991252632
GSE163603_interstitium,R-HSA-170834,PPM1A,0.16288439951184383,0.1623403680766755,0.0005440314351683184
GSE163603_interstitium,R-HSA-170834,PPP1CA,0.16288439951184383,0.16631386711872037,0.0034294676068765406
GSE163603_interstitium,R-HSA-170834,PPP1CB,0.16288439951184383,0.16510573725695027,0.0022213377451064387
GSE163603_interstitium,R-HSA-170834,PPP1CC,0.16288439951184383,0.16009005728231623,0.0027943422295275966
GSE163603_interstitium,R-HSA-170834,PPP1R15A,0.16288439951184383,0.16831324174450765,0.005428842232663822
GSE163603_interstitium,R-HSA-170834,PRKCZ,0.16288439951184383,0.1526002755041705,0.01028412400767334
GSE163603_interstitium,R-HSA-170834,RBL1,0.16288439951184383,0.17229843534269065,0.009414035830846823
GSE163603_interstitium,R-HSA-170834,RHOA,0.16288439951184383,0.15921659579684094,0.0036678037150028875
GSE163603_interstitium,R-HSA-170834,RNF111,0.16288439951184383,0.16841042111461244,0.005526021602768605
GSE163603_interstitium,R-HSA-170834,RPS27A,0.16288439951184383,0.1623342611676662,0.0005501383441776364
GSE163603_interstitium,R-HSA-170834,SERPINE1,0.16288439951184383,0.16338024958339836,0.0004958500715545322
GSE163603_interstitium,R-HSA-170834,SKI,0.16288439951184383,0.16399832690653365,0.0011139273946898232
GSE163603_interstitium,R-HSA-170834,SKIL,0.16288439951184383,0.16581482638666645,0.002930426874822617
GSE163603_interstitium,R-HSA-170834,SMAD2,0.16288439951184383,0.15655198838188186,0.006332411129961968
GSE163603_interstitium,R-HSA-170834,SMAD3,0.16288439951184383,0.17160225837178442,0.008717858859940586
GSE163603_interstitium,R-HSA-170834,SMAD4,0.16288439951184383,0.1645915183960237,0.0017071188841798757
GSE163603_interstitium,R-HSA-170834,SMAD7,0.16288439951184383,0.16460227561012689,0.0017178760982830554
GSE163603_interstitium,R-HSA-170834,SMURF1,0.16288439951184383,0.16690439871785792,0.004019999206014091
GSE163603_interstitium,R-HSA-170834,SMURF2,0.16288439951184383,0.15536857528971695,0.007515824222126877
GSE163603_interstitium,R-HSA-170834,SNW1,0.16288439951184383,0.16160145223289743,0.0012829472789464003
GSE163603_interstitium,R-HSA-170834,SP1,0.16288439951184383,0.16851825574992016,0.005633856238076329
GSE163603_interstitium,R-HSA-170834,STAT1,0.16288439951184383,0.16190874669622024,0.00097565281562359
GSE163603_interstitium,R-HSA-170834,STRAP,0.16288439951184383,0.15158504511446935,0.011299354397374478
GSE163603_interstitium,R-HSA-170834,STUB1,0.16288439951184383,0.17487028134703797,0.01198588183519414
GSE163603_interstitium,R-HSA-170834,TFDP1,0.16288439951184383,0.16209414750262088,0.000790252009222947
GSE163603_interstitium,R-HSA-170834,TFDP2,0.16288439951184383,0.1570483854516837,0.005836014060160127
GSE163603_interstitium,R-HSA-170834,TGFB1,0.16288439951184383,0.16437348120132042,0.0014890816894765901
GSE163603_interstitium,R-HSA-170834,TGFB2,0.16288439951184383,0.16046958908212183,0.0024148104297219974
GSE163603_interstitium,R-HSA-170834,TGFB3,0.16288439951184383,0.16609892688351388,0.0032145273716700506
GSE163603_interstitium,R-HSA-170834,TGFBR1,0.16288439951184383,0.1576808165563305,0.0052035829555133195
GSE163603_interstitium,R-HSA-170834,TGFBR2,0.16288439951184383,0.15460787256872563,0.008276526943118201
GSE163603_interstitium,R-HSA-170834,TGFBR3,0.16288439951184383,0.16403533645923485,0.001150936947391018
GSE163603_interstitium,R-HSA-170834,TGIF1,0.16288439951184383,0.1581402889454833,0.004744110566360538
GSE163603_interstitium,R-HSA-170834,TGIF2,0.16288439951184383,0.1551890434247711,0.0076953560870727244
GSE163603_interstitium,R-HSA-170834,TRIM33,0.16288439951184383,0.16128818994647004,0.0015962095653737907
GSE163603_interstitium,R-HSA-170834,UBA52,0.16288439951184383,0.1566707237012503,0.006213675810593539
GSE163603_interstitium,R-HSA-170834,UBB,0.16288439951184383,0.16229119567779995,0.0005932038340438761
GSE163603_interstitium,R-HSA-170834,UBC,0.16288439951184383,0.17075833058044104,0.007873931068597212
GSE163603_interstitium,R-HSA-170834,UBE2D1,0.16288439951184383,0.15387359382003796,0.009010805691805873
GSE163603_interstitium,R-HSA-170834,UBE2D3,0.16288439951184383,0.166693984088288,0.003809584576444175
GSE163603_interstitium,R-HSA-170834,UBE2M,0.16288439951184383,0.16910083283319352,0.00621643332134969
GSE163603_interstitium,R-HSA-170834,UCHL5,0.16288439951184383,0.15954142120772144,0.0033429783041223904
GSE163603_interstitium,R-HSA-170834,USP15,0.16288439951184383,0.15737080831199243,0.0055135911998513976
GSE163603_interstitium,R-HSA-170834,USP9X,0.16288439951184383,0.1690889452566558,0.006204545744811968
GSE163603_interstitium,R-HSA-170834,WWTR1,0.16288439951184383,0.16451350117996155,0.0016291016681177217
GSE163603_interstitium,R-HSA-170834,XPO1,0.16288439951184383,0.16648116358319762,0.0035967640713537863
GSE163603_interstitium,R-HSA-170834,YBX1,0.16288439951184383,0.1650090504176429,0.0021246509057990803
GSE163603_interstitium,R-HSA-170834,ZFYVE9,0.16288439951184383,0.1593456620812404,0.003538737430603428
GSE1009_donor_averaged,R-HSA-166658,C1QB,0.17204532917029605,0.15909747336948246,0.01294785580081359
GSE1009_donor_averaged,R-HSA-166658,C1R,0.17204532917029605,0.22793739835166316,0.055892069181367104
GSE1009_donor_averaged,R-HSA-166658,C1S,0.17204532917029605,0.20933845003595913,0.03729312086566308
GSE1009_donor_averaged,R-HSA-166658,C2,0.17204532917029605,0.1553894316074672,0.016655897562828842
GSE1009_donor_averaged,R-HSA-166658,C3AR1,0.17204532917029605,0.16844669541746068,0.0035986337528353673
GSE1009_donor_averaged,R-HSA-166658,C4A,0.17204532917029605,0.15381406405578463,0.018231265114511425
GSE1009_donor_averaged,R-HSA-166658,C4BPA,0.17204532917029605,0.17261424581502405,0.0005689166447279959
GSE1009_donor_averaged,R-HSA-166658,C4BPB,0.17204532917029605,0.16333859075150803,0.008706738418788024
GSE1009_donor_averaged,R-HSA-166658,C5,0.17204532917029605,0.28222596421338547,0.11018063504308942
GSE1009_donor_averaged,R-HSA-166658,C6,0.17204532917029605,0.15360886541493096,0.01843646375536509
GSE1009_donor_averaged,R-HSA-166658,C7,0.17204532917029605,0.1806466949520642,0.00860136578176815
GSE1009_donor_averaged,R-HSA-166658,C8A,0.17204532917029605,0.17728184973543148,0.005236520565135433
GSE1009_donor_averaged,R-HSA-166658,C8B,0.17204532917029605,0.15503062334649817,0.017014705823797882
GSE1009_donor_averaged,R-HSA-166658,C8G,0.17204532917029605,0.19024770505559557,0.01820237588529952
GSE1009_donor_averaged,R-HSA-166658,C9,0.17204532917029605,0.15441702134412796,0.017628307826168088
GSE1009_donor_averaged,R-HSA-166658,CD19,0.17204532917029605,0.1718122314370961,0.00023309773319996063
GSE1009_donor_averaged,R-HSA-166658,CD46,0.17204532917029605,0.20330501801514111,0.03125968884484506
GSE1009_donor_averaged,R-HSA-166658,CD55,0.17204532917029605,0.20852548158798426,0.036480152417688205
GSE1009_donor_averaged,R-HSA-166658,CD59,0.17204532917029605,0.223270431174802,0.051225102004505946
GSE1009_donor_averaged,R-HSA-166658,CD81,0.17204532917029605,0.1849964242860582,0.012951095115762146
GSE1009_donor_averaged,R-HSA-166658,CFB,0.17204532917029605,0.1724523080846345,0.0004069789143384406
GSE1009_donor_averaged,R-HSA-166658,CFD,0.17204532917029605,0.16379627685860013,0.008249052311695926
GSE1009_donor_averaged,R-HSA-166658,CFH,0.17204532917029605,0.2105706666714793,0.038525337501183254
GSE1009_donor_averaged,R-HSA-166658,CFHR1,0.17204532917029605,0.17290439840760327,0.0008590692373072195
GSE1009_donor_averaged,R-HSA-166658,CFHR2,0.17204532917029605,0.14111478115352188,0.030930548016774168
GSE1009_donor_averaged,R-HSA-166658,CFHR3,0.17204532917029605,0.16045798378352527,0.011587345386770781
GSE1009_donor_averaged,R-HSA-166658,CFHR4,0.17204532917029605,0.1552057692799633,0.016839559890332756
GSE1009_donor_averaged,R-HSA-166658,CFI,0.17204532917029605,0.16917818227243592,0.0028671468978601344
GSE1009_donor_averaged,R-HSA-166658,CFP,0.17204532917029605,0.166250894625504,0.00579443454479206
GSE1009_donor_averaged,R-HSA-166658,CLU,0.17204532917029605,0.16421902741283217,0.007826301757463877
GSE1009_donor_averaged,R-HSA-166658,COLEC10,0.17204532917029605,0.16761669561945144,0.004428633550844607
GSE1009_donor_averaged,R-HSA-166658,CPB2,0.17204532917029605,0.1749439617547626,0.002898632584466543
GSE1009_donor_averaged,R-HSA-166658,CPN1,0.17204532917029605,0.14373388228951448,0.028311446880781577
GSE1009_donor_averaged,R-HSA-166658,CPN2,0.17204532917029605,0.15236592130847246,0.019679407861823595
GSE1009_donor_averaged,R-HSA-166658,CR1,0.17204532917029605,0.2302995838790025,0.05825425470870646
GSE1009_donor_averaged,R-HSA-166658,CR2,0.17204532917029605,0.15871391873946797,0.013331410430828083
GSE1009_donor_averaged,R-HSA-166658,CRP,0.17204532917029605,0.16127986078836543,0.010765468381930626
GSE1009_donor_averaged,R-HSA-166658,ELANE,0.17204532917029605,0.16734317186955566,0.004702157300740389
GSE1009_donor_averaged,R-HSA-166658,F2,0.17204532917029605,0.14726652808853413,0.02477880108176192
GSE1009_donor_averaged,R-HSA-166658,FCN1,0.17204532917029605,0.16490595644411538,0.007139372726180676
GSE1009_donor_averaged,R-HSA-166658,FCN2,0.17204532917029605,0.11374891593486532,0.058296413235430736
GSE1009_donor_averaged,R-HSA-166658,FCN3,0.17204532917029605,0.16931419276083065,0.002731136409465401
GSE1009_donor_averaged,R-HSA-166658,GZMM,0.17204532917029605,0.13858100489259959,0.03346432427769647
GSE1009_donor_averaged,R-HSA-166658,IGHG1,0.17204532917029605,0.14321846661464416,0.028826862555651894
GSE1009_donor_averaged,R-HSA-166658,IGKC,0.17204532917029605,0.13956471925809416,0.03248060991220189
GSE1009_donor_averaged,R-HSA-166658,IGLC1,0.17204532917029605,0.16096824543893712,0.011077083731358933
GSE1009_donor_averaged,R-HSA-166658,IGLV1-44,0.17204532917029605,0.17896455769288594,0.0069192285225898875
GSE1009_donor_averaged,R-HSA-166658,IGLV6-57,0.17204532917029605,0.16343283676149417,0.00861249240880188
GSE1009_donor_averaged,R-HSA-166658,MASP1,0.17204532917029605,0.15829629343339907,0.01374903573689698
GSE1009_donor_averaged,R-HSA-166658,MASP2,0.17204532917029605,0.157976243764896,0.014069085405400056
GSE1009_donor_averaged,R-HSA-166658,MBL2,0.17204532917029605,0.1760786527728398,0.0040333236025437424
GSE1009_donor_averaged,R-HSA-166658,PROS1,0.17204532917029605,0.1821921195211007,0.010146790350804652
GSE1009_donor_averaged,R-HSA-166658,SERPING1,0.17204532917029605,0.1961017678802954,0.02405643870999935
GSE1009_donor_averaged,R-HSA-9769740,AGRN,0.1927053157193704,0.22350797014043558,0.030802654421065168
GSE1009_donor_averaged,R-HSA-9769740,APP,0.1927053157193704,0.19152832787710836,0.001176987842262056
GSE1009_donor_averaged,R-HSA-9769740,F10,0.1927053157193704,0.18879620329508115,0.003909112424289263
GSE1009_donor_averaged,R-HSA-9769740,F11,0.1927053157193704,0.18583585421573126,0.0068694615036391515
GSE1009_donor_averaged,R-HSA-9769740,F12,0.1927053157193704,0.19450419768666244,0.0017988819672920264
GSE1009_donor_averaged,R-HSA-9769740,F13A1,0.1927053157193704,0.14526027443676692,0.04744504128260349
GSE1009_donor_averaged,R-HSA-9769740,F13B,0.1927053157193704,0.18493552995165136,0.007769785767719056
GSE1009_donor_averaged,R-HSA-9769740,F2,0.1927053157193704,0.16734856232531958,0.02535675339405083
GSE1009_donor_averaged,R-HSA-9769740,F2R,0.1927053157193704,0.373740248951809,0.1810349332324386
GSE1009_donor_averaged,R-HSA-9769740,F3,0.1927053157193704,0.318929934482373,0.1262246187630026
GSE1009_donor_averaged,R-HSA-9769740,F5,0.1927053157193704,0.2204036541743518,0.027698338454981375
GSE1009_donor_averaged,R-HSA-9769740,F7,0.1927053157193704,0.1691229425440525,0.023582373175317917
GSE1009_donor_averaged,R-HSA-9769740,F8,0.1927053157193704,0.19128394262998913,0.0014213730893812837
GSE1009_donor_averaged,R-HSA-9769740,F9,0.1927053157193704,0.16774070967514942,0.02496460604422099
GSE1009_donor_averaged,R-HSA-9769740,FGA,0.1927053157193704,0.20396751027448345,0.011262194555113042
GSE1009_donor_averaged,R-HSA-9769740,FGB,0.1927053157193704,0.19698027998693463,0.004274964267564213
GSE1009_donor_averaged,R-HSA-9769740,FGG,0.1927053157193704,0.18497802344137795,0.007727292277992459
GSE1009_donor_averaged,R-HSA-9769740,GP1BA,0.1927053157193704,0.12823400713717037,0.06447130858220004
GSE1009_donor_averaged,R-HSA-9769740,GP1BB,0.1927053157193704,0.18376585041262886,0.008939465306741556
GSE1009_donor_averaged,R-HSA-9769740,GP5,0.1927053157193704,0.0989900568615153,0.09371525885785512
GSE1009_donor_averaged,R-HSA-9769740,GP9,0.1927053157193704,0.06473350469225231,0.1279718110271181
GSE1009_donor_averaged,R-HSA-9769740,GPC1,0.1927053157193704,0.16319883043231634,0.029506485287054074
GSE1009_donor_averaged,R-HSA-9769740,GPC3,0.1927053157193704,0.2024340686439502,0.009728752924579781
GSE1009_donor_averaged,R-HSA-9769740,GPC4,0.1927053157193704,0.4479954844344574,0.25529016871508703
GSE1009_donor_averaged,R-HSA-9769740,GPC5,0.1927053157193704,0.18287790960235534,0.009827406117015075
GSE1009_donor_averaged,R-HSA-9769740,HSPG2,0.1927053157193704,0.18397058009644168,0.00873473562292873
GSE1009_donor_averaged,R-HSA-9769740,ITGA2B,0.1927053157193704,0.16981456891272795,0.022890746806642465
GSE1009_donor_averaged,R-HSA-9769740,ITGB3,0.1927053157193704,0.20903747675724468,0.01633216103787427
GSE1009_donor_averaged,R-HSA-9769740,KLKB1,0.1927053157193704,0.16715670791477108,0.025548607804599333
GSE1009_donor_averaged,R-HSA-9769740,KNG1,0.1927053157193704,0.17521479046198352,0.017490525257386896
GSE1009_donor_averaged,R-HSA-9769740,PF4,0.1927053157193704,0.20402615696234633,0.011320841242975915
GSE1009_donor_averaged,R-HSA-9769740,PF4V1,0.1927053157193704,0.18824139176958757,0.004463923949782844
GSE1009_donor_averaged,R-HSA-9769740,PROC,0.1927053157193704,0.15759267029612592,0.03511264542324449
GSE1009_donor_averaged,R-HSA-9769740,PROCR,0.1927053157193704,0.16120418871112804,0.03150112700824237
GSE1009_donor_averaged,R-HSA-9769740,PROS1,0.1927053157193704,0.2036711774151888,0.010965861695818396
GSE1009_donor_averaged,R-HSA-9769740,PROZ,0.1927053157193704,0.17782652665041254,0.01487878906895787
GSE1009_donor_averaged,R-HSA-9769740,PRTN3,0.1927053157193704,0.16137539255671596,0.031329923162654455
GSE1009_donor_averaged,R-HSA-9769740,SDC1,0.1927053157193704,0.1799192169621287,0.01278609875724171
GSE1009_donor_averaged,R-HSA-9769740,SDC2,0.1927053157193704,0.24774318454798938,0.05503786882861897
GSE1009_donor_averaged,R-HSA-9769740,SDC3,0.1927053157193704,0.1806587071710544,0.012046608548316018
GSE1009_donor_averaged,R-HSA-9769740,SDC4,0.1927053157193704,0.22367503385860196,0.03096971813923155
GSE1009_donor_averaged,R-HSA-9769740,SERPINA5,0.1927053157193704,0.18053133953130115,0.012173976188069258
GSE1009_donor_averaged,R-HSA-9769740,SERPINC1,0.1927053157193704,0.18310439779917048,0.00960091792019993
GSE1009_donor_averaged,R-HSA-9769740,SERPIND1,0.1927053157193704,0.1583672967830919,0.034338018936278525
GSE1009_donor_averaged,R-HSA-9769740,SERPINE1,0.1927053157193704,0.20690512861142218,0.014199812892051772
GSE1009_donor_averaged,R-HSA-9769740,SERPINE2,0.1927053157193704,0.11867317954887428,0.07403213617049613
GSE1009_donor_averaged,R-HSA-9769740,SERPING1,0.1927053157193704,0.2181372117087512,0.02543189598938078
GSE1009_donor_averaged,R-HSA-9769740,SMPD1,0.1927053157193704,0.19296842661203534,0.00026311089266492504
GSE1009_donor_averaged,R-HSA-9769740,TFPI,0.1927053157193704,0.2191717381077187,0.026466422388348287
GSE1009_donor_averaged,R-HSA-9769740,THBD,0.1927053157193704,0.19159048527082143,0.0011148304485489868
GSE1009_donor_averaged,R-HSA-9769740,VWF,0.1927053157193704,0.18630024836433343,0.006405067355036986
GSE1009_donor_averaged,R-HSA-202733,ANGPT1,1.0002251836484939,1.0097042811168324,0.009479097468338527
GSE1009_donor_averaged,R-HSA-202733,ANGPT2,1.0002251836484939,0.9987232040220777,0.0015019796264161833
GSE1009_donor_averaged,R-HSA-202733,APOB,1.0002251836484939,1.0019812390025296,0.0017560553540356683
GSE1009_donor_averaged,R-HSA-202733,ATP1B1,1.0002251836484939,1.0115103722799876,0.011285188631493748
GSE1009_donor_averaged,R-HSA-202733,ATP1B2,1.0002251836484939,1.0002555137343678,3.0330085873941925e-05
GSE1009_donor_averaged,R-HSA-202733,ATP1B3,1.0002251836484939,1.0335634878833044,0.033338304234810545
GSE1009_donor_averaged,R-HSA-202733,BSG,1.0002251836484939,1.0038303630863061,0.003605179437812245
GSE1009_donor_averaged,R-HSA-202733,CAV1,1.0002251836484939,0.9949312913276767,0.005293892320817228
GSE1009_donor_averaged,R-HSA-202733,CD2,1.0002251836484939,0.957709761652428,0.04251542199606584
GSE1009_donor_averaged,R-HSA-202733,CD44,1.0002251836484939,1.007045132562927,0.00681994891443316
GSE1009_donor_averaged,R-HSA-202733,CD47,1.0002251836484939,1.0268450061925491,0.02661982254405526
GSE1009_donor_averaged,R-HSA-202733,CD48,1.0002251836484939,1.009081642721475,0.00885645907298116
GSE1009_donor_averaged,R-HSA-202733,CD58,1.0002251836484939,0.9939375859718923,0.006287597676601586
GSE1009_donor_averaged,R-HSA-202733,CD74,1.0002251836484939,1.0102334039542642,0.01000822030577031
GSE1009_donor_averaged,R-HSA-202733,CD84,1.0002251836484939,1.0073292093083546,0.00710402565986068
GSE1009_donor_averaged,R-HSA-202733,CD99,1.0002251836484939,1.0078620316654185,0.007636848016924658
GSE1009_donor_averaged,R-HSA-202733,CEACAM1,1.0002251836484939,1.0122928694472615,0.012067685798767602
GSE1009_donor_averaged,R-HSA-202733,CEACAM3,1.0002251836484939,1.0108068839868143,0.010581700338320399
GSE1009_donor_averaged,R-HSA-202733,CEACAM5,1.0002251836484939,0.9578663756628144,0.04235880798567948
GSE1009_donor_averaged,R-HSA-202733,CEACAM6,1.0002251836484939,1.004311536259252,0.004086352610758182
GSE1009_donor_averaged,R-HSA-202733,CEACAM8,1.0002251836484939,0.999686895799373,0.0005382878491209109
GSE1009_donor_averaged,R-HSA-202733,COL1A1,1.0002251836484939,1.0029966837782736,0.0027715001297796693
GSE1009_donor_averaged,R-HSA-202733,COL1A2,1.0002251836484939,1.0022938193550548,0.0020686357065609062
GSE1009_donor_averaged,R-HSA-202733,CXADR,1.0002251836484939,1.0201874588107087,0.019962275162214826
GSE1009_donor_averaged,R-HSA-202733,DOK2,1.0002251836484939,0.9937649471859059,0.006460236462587976
GSE1009_donor_averaged,R-HSA-202733,EPCAM,1.0002251836484939,1.0007916009632831,0.000566417314789236
GSE1009_donor_averaged,R-HSA-202733,F2,1.0002251836484939,0.996187308194341,0.004037875454152906
GSE1009_donor_averaged,R-HSA-202733,FCER1G,1.0002251836484939,1.0150273916187718,0.01480220797027787
GSE1009_donor_averaged,R-HSA-202733,FN1,1.0002251836484939,1.0331301431611573,0.03290495951266337
GSE1009_donor_averaged,R-HSA-202733,FYN,1.0002251836484939,1.0309244275181046,0.03069924386961076
GSE1009_donor_averaged,R-HSA-202733,GAS6,1.0002251836484939,1.0043500285993845,0.004124844950890605
GSE1009_donor_averaged,R-HSA-202733,GLG1,1.0002251836484939,1.0059932201894495,0.00576803654095559
GSE1009_donor_averaged,R-HSA-202733,GPC1,1.0002251836484939,0.9943672503465326,0.005857933301961271
GSE1009_donor_averaged,R-HSA-202733,GRB14,1.0002251836484939,0.9962877377158204,0.003937445932673533
GSE1009_donor_averaged,R-HSA-202733,GRB2,1.0002251836484939,1.0212568116013014,0.021031627952807552
GSE1009_donor_averaged,R-HSA-202733,GRB7,1.0002251836484939,1.0043563330418117,0.004131149393317823
GSE1009_donor_averaged,R-HSA-202733,GYPA,1.0002251836484939,1.0055608368695397,0.0053356532210457885
GSE1009_donor_averaged,R-HSA-202733,GYPB,1.0002251836484939,1.0067561722517429,0.006530988603248966
GSE1009_donor_averaged,R-HSA-202733,GYPC,1.0002251836484939,1.0117393467169846,0.011514163068490735
GSE1009_donor_averaged,R-HSA-202733,HRAS,1.0002251836484939,1.0086383795415594,0.00841319589306555
GSE1009_donor_averaged,R-HSA-202733,IGHA1,1.0002251836484939,1.006312889503322,0.006087705854828096
GSE1009_donor_averaged,R-HSA-202733,IGHM,1.0002251836484939,1.001947397952689,0.0017222143041950577
GSE1009_donor_averaged,R-HSA-202733,IGKC,1.0002251836484939,0.9926742024120351,0.007550981236458809
GSE1009_donor_averaged,R-HSA-202733,IGLC1,1.0002251836484939,1.0024372143541738,0.0022120307056798794
GSE1009_donor_averaged,R-HSA-202733,IGLL1,1.0002251836484939,0.8241448269140627,0.17608035673443123
GSE1009_donor_averaged,R-HSA-202733,IGLV1-44,1.0002251836484939,1.0106460585401857,0.010420874891691856
GSE1009_donor_averaged,R-HSA-202733,IGLV6-57,1.0002251836484939,1.0035614139048141,0.0033362302563202384
GSE1009_donor_averaged,R-HSA-202733,INPP5D,1.0002251836484939,0.9748710771978859,0.025354106450607983
GSE1009_donor_averaged,R-HSA-202733,ITGA3,1.0002251836484939,1.0445947044802288,0.044369520831734954
GSE1009_donor_averaged,R-HSA-202733,ITGA4,1.0002251836484939,1.0056688513969203,0.005443667748426417
GSE1009_donor_averaged,R-HSA-202733,ITGA5,1.0002251836484939,0.9558456217205284,0.04437956192796544
GSE1009_donor_averaged,R-HSA-202733,ITGA6,1.0002251836484939,0.995335318414164,0.004889865234329882
GSE1009_donor_averaged,R-HSA-202733,ITGAL,1.0002251836484939,1.0035853577633604,0.0033601741148665543
GSE1009_donor_averaged,R-HSA-202733,ITGAM,1.0002251836484939,0.9977921740423801,0.002433009606113812
GSE1009_donor_averaged,R-HSA-202733,ITGAV,1.0002251836484939,0.9960927887793255,0.004132394869168388
GSE1009_donor_averaged,R-HSA-202733,ITGAX,1.0002251836484939,1.008286404095274,0.008061220446780037
GSE1009_donor_averaged,R-HSA-202733,ITGB1,1.0002251836484939,1.0170809658594238,0.01685578221092987
GSE1009_donor_averaged,R-HSA-202733,ITGB2,1.0002251836484939,1.0076339844028614,0.007408800754367562
GSE1009_donor_averaged,R-HSA-202733,ITGB3,1.0002251836484939,1.0144719197872907,0.01424673613879679
GSE1009_donor_averaged,R-HSA-202733,JAM3,1.0002251836484939,1.0063596152443692,0.006134431595875345
GSE1009_donor_averaged,R-HSA-202733,KRAS,1.0002251836484939,1.0157837482313838,0.015558564582889955
GSE1009_donor_averaged,R-HSA-202733,L1CAM,1.0002251836484939,0.9980155475136071,0.0022096361348867832
GSE1009_donor_averaged,R-HSA-202733,LCK,1.0002251836484939,0.9817972190383412,0.018427964610152725
GSE1009_donor_averaged,R-HSA-202733,LYN,1.0002251836484939,0.984424923657651,0.01580025999084289
GSE1009_donor_averaged,R-HSA-202733,MAG,1.0002251836484939,0.9880760275300227,0.012149156118471227
GSE1009_donor_averaged,R-HSA-202733,MERTK,1.0002251836484939,1.0052248881696437,0.004999704521149839
GSE1009_donor_averaged,R-HSA-202733,MIF,1.0002251836484939,1.0109516757689105,0.010726492120416653
GSE1009_donor_averaged,R-HSA-202733,MMP1,1.0002251836484939,0.9531960671300225,0.047029116518471414
GSE1009_donor_averaged,R-HSA-202733,NRAS,1.0002251836484939,1.00074602742179,0.0005208437732961979
GSE1009_donor_averaged,R-HSA-202733,OLR1,1.0002251836484939,1.0048709475237216,0.004645763875227749
GSE1009_donor_averaged,R-HSA-202733,PECAM1,1.0002251836484939,0.98523128276591,0.0149939008825839
GSE1009_donor_averaged,R-HSA-202733,PF4,1.0002251836484939,1.0122739725088266,0.012048788860332671
GSE1009_donor_averaged,R-HSA-202733,PF4V1,1.0002251836484939,1.0053508298804232,0.005125646231929348
GSE1009_donor_averaged,R-HSA-202733,PICK1,1.0002251836484939,0.9780875045156636,0.022137679132830268
GSE1009_donor_averaged,R-HSA-202733,PIK3CA,1.0002251836484939,1.0114849561194326,0.011259772470938678
GSE1009_donor_averaged,R-HSA-202733,PIK3CB,1.0002251836484939,1.0112923662411004,0.011067182592606528
GSE1009_donor_averaged,R-HSA-202733,PIK3R1,1.0002251836484939,1.0108946427951522,0.010669459146658289
GSE1009_donor_averaged,R-HSA-202733,PIK3R2,1.0002251836484939,0.9949091691621059,0.0053160144863879655
GSE1009_donor_averaged,R-HSA-202733,PLCG1,1.0002251836484939,0.9858680031399627,0.014357180508531187
GSE1009_donor_averaged,R-HSA-202733,PPIL2,1.0002251836484939,1.0076980619502802,0.007472878301786334
GSE1009_donor_averaged,R-HSA-202733,PROC,1.0002251836484939,0.9919084081815368,0.008316775466957083
GSE1009_donor_averaged,R-HSA-202733,PROCR,1.0002251836484939,0.9934924074863623,0.006732776162131637
GSE1009_donor_averaged,R-HSA-202733,PROS1,1.0002251836484939,1.0121182797249855,0.011893096076491583
GSE1009_donor_averaged,R-HSA-202733,PSG1,1.0002251836484939,0.8808490062606141,0.11937617738787976
GSE1009_donor_averaged,R-HSA-202733,PSG11,1.0002251836484939,0.9911010880048243,0.00912409564366956
GSE1009_donor_averaged,R-HSA-202733,PSG4,1.0002251836484939,1.0148212396316416,0.014596055983147727
GSE1009_donor_averaged,R-HSA-202733,PSG9,1.0002251836484939,1.0137069242219308,0.013481740573436873
GSE1009_donor_averaged,R-HSA-202733,PTPN11,1.0002251836484939,1.0256758736072413,0.02545068995874744
GSE1009_donor_averaged,R-HSA-202733,PTPN6,1.0002251836484939,0.992414303018278,0.007810880630215844
GSE1009_donor_averaged,R-HSA-202733,SDC1,1.0002251836484939,1.0017007532104854,0.0014755695619914633
GSE1009_donor_averaged,R-HSA-202733,SDC2,1.0002251836484939,1.0314481074148103,0.031222923766316413
GSE1009_donor_averaged,R-HSA-202733,SDC3,1.0002251836484939,1.0020250910214177,0.0017999073729237924
GSE1009_donor_averaged,R-HSA-202733,SDC4,1.0002251836484939,1.0208919009720965,0.02066671732360259
GSE1009_donor_averaged,R-HSA-202733,SELE,1.0002251836484939,1.0039488307914044,0.0037236471429105134
GSE1009_donor_averaged,R-HSA-202733,SELL,1.0002251836484939,1.00926608347949,0.009040899830996096
GSE1009_donor_averaged,R-HSA-202733,SELP,1.0002251836484939,1.0102277422411976,0.010002558592703714
GSE1009_donor_averaged,R-HSA-202733,SELPLG,1.0002251836484939,1.0022609249816543,0.0020357413331604235
GSE1009_donor_averaged,R-HSA-202733,SHC1,1.0002251836484939,1.0122072850777162,0.011982101429222292
GSE1009_donor_averaged,R-HSA-202733,SIRPA,1.0002251836484939,1.0117134405094388,0.011488256860944901
GSE1009_donor_averaged,R-HSA-202733,SLC16A1,1.0002251836484939,1.005969079628316,0.005743895979822167
GSE1009_donor_averaged,R-HSA-202733,SLC3A2,1.0002251836484939,0.9986769530544795,0.0015482305940144325
GSE1009_donor_averaged,R-HSA-202733,SLC7A11,1.0002251836484939,0.9828534000593853,0.017371783589108625
GSE1009_donor_averaged,R-HSA-202733,SLC7A5,1.0002251836484939,1.0078765967396133,0.007651413091119386
GSE1009_donor_averaged,R-HSA-202733,SLC7A6,1.0002251836484939,1.0038150845198734,0.003589900871379559
GSE1009_donor_averaged,R-HSA-202733,SLC7A7,1.0002251836484939,1.0008318555814781,0.0006066719329842485
GSE1009_donor_averaged,R-HSA-202733,SLC7A8,1.0002251836484939,1.0151997477889614,0.014974564140467495
GSE1009_donor_averaged,R-HSA-202733,SOS1,1.0002251836484939,0.9303213953563434,0.06990378829215049
GSE1009_donor_averaged,R-HSA-202733,SRC,1.0002251836484939,1.0033467092784072,0.003121525629913302
GSE1009_donor_averaged,R-HSA-202733,TEK,1.0002251836484939,1.005901647929698,0.005676464281204163
GSE1009_donor_averaged,R-HSA-202733,TGFB1,1.0002251836484939,1.0008107974880351,0.0005856138395412547
GSE1009_donor_averaged,R-HSA-202733,THBD,1.0002251836484939,1.0068197305388593,0.006594546890365427
GSE1009_donor_averaged,R-HSA-202733,TNFRSF10B,1.0002251836484939,0.9971937485550029,0.0030314350934910195
GSE1009_donor_averaged,R-HSA-202733,TNFRSF10D,1.0002251836484939,1.0039594923039412,0.003734308655447327
GSE1009_donor_averaged,R-HSA-202733,TSPAN7,1.0002251836484939,1.0058671455190875,0.005641961870593626
GSE1009_donor_averaged,R-HSA-202733,YES1,1.0002251836484939,1.0050364124712996,0.004811228822805713
GSE1009_donor_averaged,R-HSA-380108,ACKR2,0.7648130337676303,0.7687044392859116,0.0038914055182812657
GSE1009_donor_averaged,R-HSA-380108,ACKR3,0.7648130337676303,0.7765093060414443,0.011696272273813979
GSE1009_donor_averaged,R-HSA-380108,CCL1,0.7648130337676303,0.7816443601563228,0.016831326388692447
GSE1009_donor_averaged,R-HSA-380108,CCL11,0.7648130337676303,0.750471528538875,0.014341505228755325
GSE1009_donor_averaged,R-HSA-380108,CCL13,0.7648130337676303,0.7873218140501871,0.022508780282556762
GSE1009_donor_averaged,R-HSA-380108,CCL16,0.7648130337676303,0.7838725958943391,0.019059562126708784
GSE1009_donor_averaged,R-HSA-380108,CCL17,0.7648130337676303,0.7561017539577278,0.008711279809902495
GSE1009_donor_averaged,R-HSA-380108,CCL19,0.7648130337676303,0.7410225899331294,0.023790443834500907
GSE1009_donor_averaged,R-HSA-380108,CCL2,0.7648130337676303,0.7735208723035654,0.008707838535935042
GSE1009_donor_averaged,R-HSA-380108,CCL20,0.7648130337676303,0.7644632264791206,0.0003498072885097514
GSE1009_donor_averaged,R-HSA-380108,CCL21,0.7648130337676303,0.7684517000165247,0.0036386662488944177
GSE1009_donor_averaged,R-HSA-380108,CCL22,0.7648130337676303,0.7699198582526238,0.005106824484993444
GSE1009_donor_averaged,R-HSA-380108,CCL25,0.7648130337676303,0.7422856825358904,0.02252735123173988
GSE1009_donor_averaged,R-HSA-380108,CCL27,0.7648130337676303,0.7370822623033859,0.027730771464244408
GSE1009_donor_averaged,R-HSA-380108,CCL3,0.7648130337676303,0.6766537053040758,0.08815932846355456
GSE1009_donor_averaged,R-HSA-380108,CCL4,0.7648130337676303,0.7666355775020066,0.0018225437343762918
GSE1009_donor_averaged,R-HSA-380108,CCL5,0.7648130337676303,0.7772148707165282,0.012401836948897849
GSE1009_donor_averaged,R-HSA-380108,CCL7,0.7648130337676303,0.7645962067363499,0.00021682703128045322
GSE1009_donor_averaged,R-HSA-380108,CCR1,0.7648130337676303,0.7736213878632516,0.008808354095621307
GSE1009_donor_averaged,R-HSA-380108,CCR2,0.7648130337676303,0.7642057451379342,0.0006072886296961677
GSE1009_donor_averaged,R-HSA-380108,CCR3,0.7648130337676303,0.7629724112872102,0.001840622480420162
GSE1009_donor_averaged,R-HSA-380108,CCR4,0.7648130337676303,0.764773518633768,3.951513386235561e-05
GSE1009_donor_averaged,R-HSA-380108,CCR5,0.7648130337676303,0.7679709454207113,0.0031579116530809914
GSE1009_donor_averaged,R-HSA-380108,CCR6,0.7648130337676303,0.7563990044211565,0.00841402934647384
GSE1009_donor_averaged,R-HSA-380108,CCR7,0.7648130337676303,0.7696126223226423,0.004799588555011947
GSE1009_donor_averaged,R-HSA-380108,CCR8,0.7648130337676303,0.7690151561971106,0.0042021224294802595
GSE1009_donor_averaged,R-HSA-380108,CCR9,0.7648130337676303,0.7708421523000317,0.006029118532401401
GSE1009_donor_averaged,R-HSA-380108,CCRL2,0.7648130337676303,0.7683318612423073,0.003518827474677022
GSE1009_donor_averaged,R-HSA-380108,CX3CL1,0.7648130337676303,0.7842196084353634,0.0194065746677331
GSE1009_donor_averaged,R-HSA-380108,CX3CR1,0.7648130337676303,0.7688821622960922,0.004069128528461863
GSE1009_donor_averaged,R-HSA-380108,CXCL1,0.7648130337676303,0.7834025282748877,0.01858949450725733
GSE1009_donor_averaged,R-HSA-380108,CXCL10,0.7648130337676303,0.7908373029610124,0.026024269193382077
GSE1009_donor_averaged,R-HSA-380108,CXCL11,0.7648130337676303,0.7914703721040632,0.026657338336432912
GSE1009_donor_averaged,R-HSA-380108,CXCL12,0.7648130337676303,0.7830703566779114,0.018257322910281037
GSE1009_donor_averaged,R-HSA-380108,CXCL13,0.7648130337676303,0.7689735648487074,0.004160531081077057
GSE1009_donor_averaged,R-HSA-380108,CXCL2,0.7648130337676303,0.7917534457254152,0.02694041195778485
GSE1009_donor_averaged,R-HSA-380108,CXCL3,0.7648130337676303,0.698105785686678,0.0667072480809523
GSE1009_donor_averaged,R-HSA-380108,CXCL5,0.7648130337676303,0.7790667884651011,0.01425375469747081
GSE1009_donor_averaged,R-HSA-380108,CXCL6,0.7648130337676303,0.7745468374407022,0.009733803673071861
GSE1009_donor_averaged,R-HSA-380108,CXCL8,0.7648130337676303,0.7639056601765187,0.0009073735911115932
GSE1009_donor_averaged,R-HSA-380108,CXCL9,0.7648130337676303,0.7770366676027737,0.012223633835143355
GSE1009_donor_averaged,R-HSA-380108,CXCR1,0.7648130337676303,0.7801026959717694,0.015289662204139076
GSE1009_donor_averaged,R-HSA-380108,CXCR2,0.7648130337676303,0.7299650292766628,0.03484800449096748
GSE1009_donor_averaged,R-HSA-380108,CXCR3,0.7648130337676303,0.7683999421650498,0.003586908397419486
GSE1009_donor_averaged,R-HSA-380108,CXCR4,0.7648130337676303,0.7612851436221709,0.0035278901454594003
GSE1009_donor_averaged,R-HSA-380108,CXCR5,0.7648130337676303,0.7562371663560279,0.008575867411602434
GSE1009_donor_averaged,R-HSA-380108,CXCR6,0.7648130337676303,0.7647757082043855,3.732556324487213e-05
GSE1009_donor_averaged,R-HSA-380108,PF4,0.7648130337676303,0.7875760293715715,0.022762995603941127
GSE1009_donor_averaged,R-HSA-380108,PPBP,0.7648130337676303,0.7372849848840641,0.027528048883566192
GSE1009_donor_averaged,R-HSA-380108,XCL1,0.7648130337676303,0.7500025270521006,0.014810506715529748
GSE1009_donor_averaged,R-HSA-380108,XCL2,0.7648130337676303,0.7603472597159855,0.004465774051644833
GSE1009_donor_averaged,R-HSA-1474244,ACAN,0.4303696061292771,0.4283407785984784,0.0020288275307986936
GSE1009_donor_averaged,R-HSA-1474244,ACTA1,0.4303696061292771,0.4269519032065703,0.0034177029227068223
GSE1009_donor_averaged,R-HSA-1474244,ACTA2,0.4303696061292771,0.4346090283906602,0.0042394222613830745
GSE1009_donor_averaged,R-HSA-1474244,ACTB,0.4303696061292771,0.4337655515062921,0.003395945377014986
GSE1009_donor_averaged,R-HSA-1474244,ACTC1,0.4303696061292771,0.42972079556365755,0.0006488105656195509
GSE1009_donor_averaged,R-HSA-1474244,ACTG2,0.4303696061292771,0.4310697494177135,0.0007001432884363723
GSE1009_donor_averaged,R-HSA-1474244,ACTN1,0.4303696061292771,0.42982658819930447,0.0005430179299726334
GSE1009_donor_averaged,R-HSA-1474244,ADAM10,0.4303696061292771,0.432769823974771,0.0024002178454938794
GSE1009_donor_averaged,R-HSA-1474244,ADAM12,0.4303696061292771,0.4269598925621171,0.003409713567160022
GSE1009_donor_averaged,R-HSA-1474244,ADAM15,0.4303696061292771,0.42419240943056,0.00617719669871708
GSE1009_donor_averaged,R-HSA-1474244,ADAM17,0.4303696061292771,0.43229183139897004,0.0019222252696929343
GSE1009_donor_averaged,R-HSA-1474244,ADAM19,0.4303696061292771,0.42805540885066873,0.0023141972786083764
GSE1009_donor_averaged,R-HSA-1474244,ADAM8,0.4303696061292771,0.4196913760612985,0.010678230067978578
GSE1009_donor_averaged,R-HSA-1474244,ADAM9,0.4303696061292771,0.4294088775219011,0.0009607286073760046
GSE1009_donor_averaged,R-HSA-1474244,ADAMTS2,0.4303696061292771,0.4260379498759819,0.00433165625329518
GSE1009_donor_averaged,R-HSA-1474244,ADAMTS3,0.4303696061292771,0.4193393178136595,0.011030288315617587
GSE1009_donor_averaged,R-HSA-1474244,AGRN,0.4303696061292771,0.43728710422835554,0.006917498099078434
GSE1009_donor_averaged,R-HSA-1474244,APP,0.4303696061292771,0.43106538394366156,0.0006957778143844573
GSE1009_donor_averaged,R-HSA-1474244,BGN,0.4303696061292771,0.43263414124876753,0.0022645351194904295
GSE1009_donor_averaged,R-HSA-1474244,BMP1,0.4303696061292771,0.430097135413286,0.0002724707159911244
GSE1009_donor_averaged,R-HSA-1474244,BMP10,0.4303696061292771,0.42654561460327994,0.0038239915259971613
GSE1009_donor_averaged,R-HSA-1474244,BMP2,0.4303696061292771,0.4452510362452618,0.014881430115984695
GSE1009_donor_averaged,R-HSA-1474244,BMP4,0.4303696061292771,0.43297074404648145,0.0026011379172043436
GSE1009_donor_averaged,R-HSA-1474244,BMP7,0.4303696061292771,0.44445164664813974,0.014082040518862637
GSE1009_donor_averaged,R-HSA-1474244,BSG,0.4303696061292771,0.4297514539051192,0.0006181522241578974
GSE1009_donor_averaged,R-HSA-1474244,CAPN1,0.4303696061292771,0.4308699603311729,0.000500354201895814
GSE1009_donor_averaged,R-HSA-1474244,CAPN11,0.4303696061292771,0.42688755111748355,0.00348205501179355
GSE1009_donor_averaged,R-HSA-1474244,CAPN15,0.4303696061292771,0.4332650315002482,0.002895425370971094
GSE1009_donor_averaged,R-HSA-1474244,CAPN2,0.4303696061292771,0.44734522711003594,0.016975620980758832
GSE1009_donor_averaged,R-HSA-1474244,CAPN3,0.4303696061292771,0.42042976241506724,0.009939843714209862
GSE1009_donor_averaged,R-HSA-1474244,CAPN5,0.4303696061292771,0.42558312115385183,0.004786484975425276
GSE1009_donor_averaged,R-HSA-1474244,CAPN6,0.4303696061292771,0.43341245066655226,0.003042844537275158
GSE1009_donor_averaged,R-HSA-1474244,CAPN7,0.4303696061292771,0.42842072504090084,0.0019488810883762642
GSE1009_donor_averaged,R-HSA-1474244,CAPN9,0.4303696061292771,0.4302819675148857,8.763861439142762e-05
GSE1009_donor_averaged,R-HSA-1474244,CAPNS1,0.4303696061292771,0.4289037563545061,0.0014658497747709887
GSE1009_donor_averaged,R-HSA-1474244,CASK,0.4303696061292771,0.4336194164491634,0.0032498103198863038
GSE1009_donor_averaged,R-HSA-1474244,CASP3,0.4303696061292771,0.4318329256017376,0.0014633194724604781
GSE1009_donor_averaged,R-HSA-1474244,CAST,0.4303696061292771,0.4418722113348764,0.011502605205599314
GSE1009_donor_averaged,R-HSA-1474244,CD151,0.4303696061292771,0.4358702777962026,0.005500671666925472
GSE1009_donor_averaged,R-HSA-1474244,CD44,0.4303696061292771,0.43117746059902873,0.0008078544697516232
GSE1009_donor_averaged,R-HSA-1474244,CD47,0.4303696061292771,0.43996028392111797,0.009590677791840863
GSE1009_donor_averaged,R-HSA-1474244,CDH1,0.4303696061292771,0.42158430300313804,0.008785303126139066
GSE1009_donor_averaged,R-HSA-1474244,CEACAM1,0.4303696061292771,0.43350525050102934,0.003135644371752233
GSE1009_donor_averaged,R-HSA-1474244,CEACAM6,0.4303696061292771,0.42996489258883824,0.0004047135404388613
GSE1009_donor_averaged,R-HSA-1474244,CEACAM8,0.4303696061292771,0.4279134956533277,0.0024561104759494023
GSE1009_donor_averaged,R-HSA-1474244,CMA1,0.4303696061292771,0.42819560579981875,0.0021740003294583587
GSE1009_donor_averaged,R-HSA-1474244,COL10A1,0.4303696061292771,0.4261716831562191,0.004197922973057988
GSE1009_donor_averaged,R-HSA-1474244,COL11A1,0.4303696061292771,0.42486941760898506,0.005500188520292049
GSE1009_donor_averaged,R-HSA-1474244,COL11A2,0.4303696061292771,0.4286483814954235,0.001721224633853602
GSE1009_donor_averaged,R-HSA-1474244,COL13A1,0.4303696061292771,0.42176137400177094,0.008608232127506166
GSE1009_donor_averaged,R-HSA-1474244,COL14A1,0.4303696061292771,0.4257855813978426,0.004584024731434488
GSE1009_donor_averaged,R-HSA-1474244,COL15A1,0.4303696061292771,0.43031699491943937,5.261120983773848e-05
GSE1009_donor_averaged,R-HSA-1474244,COL16A1,0.4303696061292771,0.42699244416014515,0.0033771619691319588
GSE1009_donor_averaged,R-HSA-1474244,COL17A1,0.4303696061292771,0.42628076010359506,0.004088846025682047
GSE1009_donor_averaged,R-HSA-1474244,COL18A1,0.4303696061292771,0.4205437221591491,0.009825883970128013
GSE1009_donor_averaged,R-HSA-1474244,COL19A1,0.4303696061292771,0.42261096619393707,0.007758639935340039
GSE1009_donor_averaged,R-HSA-1474244,COL1A1,0.4303696061292771,0.42938165063229533,0.0009879554969817739
GSE1009_donor_averaged,R-HSA-1474244,COL1A2,0.4303696061292771,0.42906987419553677,0.0012997319337403335
GSE1009_donor_averaged,R-HSA-1474244,COL21A1,0.4303696061292771,0.4319975187521487,0.0016279126228715968
GSE1009_donor_averaged,R-HSA-1474244,COL2A1,0.4303696061292771,0.4331397412097061,0.0027701350804290037
GSE1009_donor_averaged,R-HSA-1474244,COL3A1,0.4303696061292771,0.45983365933771353,0.029464053208436425
GSE1009_donor_averaged,R-HSA-1474244,COL4A1,0.4303696061292771,0.43145833377190046,0.001088727642623355
GSE1009_donor_averaged,R-HSA-1474244,COL4A2,0.4303696061292771,0.42105950083260346,0.009310105296673643
GSE1009_donor_averaged,R-HSA-1474244,COL4A3,0.4303696061292771,0.4510171738072117,0.020647567677934575
GSE1009_donor_averaged,R-HSA-1474244,COL4A4,0.4303696061292771,0.4407156259496019,0.010346019820324792
GSE1009_donor_averaged,R-HSA-1474244,COL4A5,0.4303696061292771,0.4448678933593415,0.01449828723006441
GSE1009_donor_averaged,R-HSA-1474244,COL4A6,0.4303696061292771,0.4397535742991049,0.009383968169827783
GSE1009_donor_averaged,R-HSA-1474244,COL5A2,0.4303696061292771,0.43037803275576925,8.426626492141764e-06
GSE1009_donor_averaged,R-HSA-1474244,COL6A1,0.4303696061292771,0.4291867357315222,0.0011828703977548871
GSE1009_donor_averaged,R-HSA-1474244,COL6A2,0.4303696061292771,0.4295269462172304,0.0008426599120466838
GSE1009_donor_averaged,R-HSA-1474244,COL6A3,0.4303696061292771,0.4290247384947855,0.0013448676344915977
GSE1009_donor_averaged,R-HSA-1474244,COL7A1,0.4303696061292771,0.4375711797403559,0.007201573611078815
GSE1009_donor_averaged,R-HSA-1474244,COL8A1,0.4303696061292771,0.4280565329663052,0.0023130731629719126
GSE1009_donor_averaged,R-HSA-1474244,COL9A1,0.4303696061292771,0.42835087735910343,0.0020187287701736722
GSE1009_donor_averaged,R-HSA-1474244,COL9A2,0.4303696061292771,0.43268730840869274,0.0023177022794156343
GSE1009_donor_averaged,R-HSA-1474244,COL9A3,0.4303696061292771,0.42775358999560015,0.002616016133676957
GSE1009_donor_averaged,R-HSA-1474244,COLGALT2,0.4303696061292771,0.43451617502420387,0.004146568894926761
GSE1009_donor_averaged,R-HSA-1474244,COMP,0.4303696061292771,0.42377716037128216,0.006592445757994947
GSE1009_donor_averaged,R-HSA-1474244,CRTAP,0.4303696061292771,0.4318703303769473,0.001500724247670171
GSE1009_donor_averaged,R-HSA-1474244,CTRB2,0.4303696061292771,0.4282567797880359,0.002112826341241214
GSE1009_donor_averaged,R-HSA-1474244,CTSB,0.4303696061292771,0.4341284456849598,0.0037588395556826804
GSE1009_donor_averaged,R-HSA-1474244,CTSD,0.4303696061292771,0.43241017447832775,0.002040568349050642
GSE1009_donor_averaged,R-HSA-1474244,CTSG,0.4303696061292771,0.42500728466813453,0.005362321461142572
GSE1009_donor_averaged,R-HSA-1474244,CTSK,0.4303696061292771,0.43134145748497693,0.0009718513556998265
GSE1009_donor_averaged,R-HSA-1474244,CTSL,0.4303696061292771,0.43298913946368,0.0026195333344029015
GSE1009_donor_averaged,R-HSA-1474244,CTSS,0.4303696061292771,0.43245737588037814,0.002087769751101032
GSE1009_donor_averaged,R-HSA-1474244,CTSV,0.4303696061292771,0.43105697260218934,0.000687366472912232
GSE1009_donor_averaged,R-HSA-1474244,DAG1,0.4303696061292771,0.45544794381736753,0.025078337688090424
GSE1009_donor_averaged,R-HSA-1474244,DDR1,0.4303696061292771,0.4371497764956541,0.006780170366377014
GSE1009_donor_averaged,R-HSA-1474244,DDR2,0.4303696061292771,0.4285259682457211,0.0018436378835560152
GSE1009_donor_averaged,R-HSA-1474244,DMD,0.4303696061292771,0.44050040897786064,0.010130802848583531
GSE1009_donor_averaged,R-HSA-1474244,DMP1,0.4303696061292771,0.4282988200329572,0.0020707860963198876
GSE1009_donor_averaged,R-HSA-1474244,DRP2,0.4303696061292771,0.4284326128682464,0.001936993261030695
GSE1009_donor_averaged,R-HSA-1474244,DST,0.4303696061292771,0.4724862010851334,0.04211659495585629
GSE1009_donor_averaged,R-HSA-1474244,DTNA,0.4303696061292771,0.4260519909290713,0.004317615200205793
GSE1009_donor_averaged,R-HSA-1474244,DTNB,0.4303696061292771,0.43075442439232964,0.0003848182630525332
GSE1009_donor_averaged,R-HSA-1474244,EFEMP1,0.4303696061292771,0.4354523091091424,0.0050827029798652945
GSE1009_donor_averaged,R-HSA-1474244,EFEMP2,0.4303696061292771,0.42888102616736423,0.0014885799619128726
GSE1009_donor_averaged,R-HSA-1474244,ELANE,0.4303696061292771,0.43042334969861756,5.374356934045865e-05
GSE1009_donor_averaged,R-HSA-1474244,ELN,0.4303696061292771,0.40175917355246527,0.02861043257681184
GSE1009_donor_averaged,R-HSA-1474244,EMILIN1,0.4303696061292771,0.4339640395925799,0.003594433463302793
GSE1009_donor_averaged,R-HSA-1474244,FBLN1,0.4303696061292771,0.4327228044738307,0.0023531983445536087
GSE1009_donor_averaged,R-HSA-1474244,FBLN2,0.4303696061292771,0.4288530255872336,0.0015165805420435108
GSE1009_donor_averaged,R-HSA-1474244,FBLN5,0.4303696061292771,0.43064778717507624,0.0002781810457991307
GSE1009_donor_averaged,R-HSA-1474244,FBN1,0.4303696061292771,0.4313983612726166,0.0010287551433394992
GSE1009_donor_averaged,R-HSA-1474244,FBN2,0.4303696061292771,0.4312804851809941,0.0009108790517169951
GSE1009_donor_averaged,R-HSA-1474244,FGA,0.4303696061292771,0.43348545834003804,0.0031158522107609388
GSE1009_donor_averaged,R-HSA-1474244,FGB,0.4303696061292771,0.4321260750156122,0.001756468886335072
GSE1009_donor_averaged,R-HSA-1474244,FGF2,0.4303696061292771,0.43065226759059894,0.00028266146132183145
GSE1009_donor_averaged,R-HSA-1474244,FGG,0.4303696061292771,0.42979100564877243,0.0005786004805046763
GSE1009_donor_averaged,R-HSA-1474244,FMOD,0.4303696061292771,0.42800788868286616,0.002361717446410949
GSE1009_donor_averaged,R-HSA-1474244,FN1,0.4303696061292771,0.442748243510306,0.0123786373810289
GSE1009_donor_averaged,R-HSA-1474244,FURIN,0.4303696061292771,0.43179715673155794,0.001427550602280836
GSE1009_donor_averaged,R-HSA-1474244,GDF5,0.4303696061292771,0.4141532425621397,0.016216363567137404
GSE1009_donor_averaged,R-HSA-1474244,HAPLN1,0.4303696061292771,0.4284440760920207,0.0019255300372564288
GSE1009_donor_averaged,R-HSA-1474244,HSPG2,0.4303696061292771,0.42959500499800657,0.0007746011312705359
GSE1009_donor_averaged,R-HSA-1474244,HTRA1,0.4303696061292771,0.4431471642175533,0.012777558088276186
GSE1009_donor_averaged,R-HSA-1474244,IBSP,0.4303696061292771,0.4228844337028257,0.007485172426451414
GSE1009_donor_averaged,R-HSA-1474244,ICAM1,0.4303696061292771,0.4336869305240112,0.003317324394734089
GSE1009_donor_averaged,R-HSA-1474244,ICAM2,0.4303696061292771,0.4264706242199521,0.0038989819093250278
GSE1009_donor_averaged,R-HSA-1474244,ICAM3,0.4303696061292771,0.4317722195660319,0.001402613436754796
GSE1009_donor_averaged,R-HSA-1474244,ICAM4,0.4303696061292771,0.4292544458073734,0.0011151603219037298
GSE1009_donor_averaged,R-HSA-1474244,ICAM5,0.4303696061292771,0.4217627036751939,0.008606902454083187
GSE1009_donor_averaged,R-HSA-1474244,ITGA1,0.4303696061292771,0.43601351360889556,0.00564390747961846
GSE1009_donor_averaged,R-HSA-1474244,ITGA10,0.4303696061292771,0.43048188264261383,0.00011227651333672872
GSE1009_donor_averaged,R-HSA-1474244,ITGA2,0.4303696061292771,0.4288876353241665,0.0014819708051105884
GSE1009_donor_averaged,R-HSA-1474244,ITGA2B,0.4303696061292771,0.42684091721907397,0.003528688910203137
GSE1009_donor_averaged,R-HSA-1474244,ITGA3,0.4303696061292771,0.4478336909436684,0.017464084814391323
GSE1009_donor_averaged,R-HSA-1474244,ITGA4,0.4303696061292771,0.43056697012072226,0.00019736399144515415
GSE1009_donor_averaged,R-HSA-1474244,ITGA5,0.4303696061292771,0.40846639353275077,0.021903212596526334
GSE1009_donor_averaged,R-HSA-1474244,ITGA6,0.4303696061292771,0.42598322397272914,0.004386382156547963
GSE1009_donor_averaged,R-HSA-1474244,ITGA7,0.4303696061292771,0.4324853325788075,0.0021157264495303973
GSE1009_donor_averaged,R-HSA-1474244,ITGA8,0.4303696061292771,0.42973176066188845,0.0006378454673886536
GSE1009_donor_averaged,R-HSA-1474244,ITGA9,0.4303696061292771,0.43051776600956315,0.00014815988028604732
GSE1009_donor_averaged,R-HSA-1474244,ITGAD,0.4303696061292771,0.4225833740087812,0.007786232120495895
GSE1009_donor_averaged,R-HSA-1474244,ITGAE,0.4303696061292771,0.4312237441814551,0.0008541380521779884
GSE1009_donor_averaged,R-HSA-1474244,ITGAL,0.4303696061292771,0.4296427745011666,0.0007268316281104914
GSE1009_donor_averaged,R-HSA-1474244,ITGAM,0.4303696061292771,0.42707303541870834,0.003296570710568769
GSE1009_donor_averaged,R-HSA-1474244,ITGAV,0.4303696061292771,0.42631922250046617,0.0040503836288109385
GSE1009_donor_averaged,R-HSA-1474244,ITGAX,0.4303696061292771,0.43172806353555615,0.0013584574062790455
GSE1009_donor_averaged,R-HSA-1474244,ITGB1,0.4303696061292771,0.43562915318969275,0.005259547060415648
GSE1009_donor_averaged,R-HSA-1474244,ITGB2,0.4303696061292771,0.43143866336071174,0.0010690572314346336
GSE1009_donor_averaged,R-HSA-1474244,ITGB3,0.4303696061292771,0.4344718331421317,0.00410222701285462
GSE1009_donor_averaged,R-HSA-1474244,ITGB4,0.4303696061292771,0.4202512531393514,0.010118352989925694
GSE1009_donor_averaged,R-HSA-1474244,ITGB5,0.4303696061292771,0.4388645861523035,0.0084949800230264
GSE1009_donor_averaged,R-HSA-1474244,ITGB6,0.4303696061292771,0.42415358909089423,0.0062160170383828706
GSE1009_donor_averaged,R-HSA-1474244,ITGB7,0.4303696061292771,0.43036767139857957,1.934730697539244e-06
GSE1009_donor_averaged,R-HSA-1474244,ITGB8,0.4303696061292771,0.43353190944745246,0.0031623033181753524
GSE1009_donor_averaged,R-HSA-1474244,JAM3,0.4303696061292771,0.43087337898690586,0.0005037728576287592
GSE1009_donor_averaged,R-HSA-1474244,KDR,0.4303696061292771,0.43177145473974615,0.0014018486104690475
GSE1009_donor_averaged,R-HSA-1474244,KLK2,0.4303696061292771,0.4312122725541318,0.0008426664248546989
GSE1009_donor_averaged,R-HSA-1474244,KLK7,0.4303696061292771,0.4412530818513044,0.010883475722027303
GSE1009_donor_averaged,R-HSA-1474244,KLKB1,0.4303696061292771,0.4263238236397049,0.004045782489572214
GSE1009_donor_averaged,R-HSA-1474244,LAMA1,0.4303696061292771,0.4315025556843528,0.0011329495550757018
GSE1009_donor_averaged,R-HSA-1474244,LAMA2,0.4303696061292771,0.43213906663427626,0.001769460504999154
GSE1009_donor_averaged,R-HSA-1474244,LAMA3,0.4303696061292771,0.43539839693733495,0.005028790808057848
GSE1009_donor_averaged,R-HSA-1474244,LAMA4,0.4303696061292771,0.4286315880869536,0.0017380180423234859
GSE1009_donor_averaged,R-HSA-1474244,LAMA5,0.4303696061292771,0.43277402471953635,0.0024044185902592496
GSE1009_donor_averaged,R-HSA-1474244,LAMB1,0.4303696061292771,0.4309911058742313,0.0006214997449541793
GSE1009_donor_averaged,R-HSA-1474244,LAMB2,0.4303696061292771,0.43148296312245316,0.0011133569931760512
GSE1009_donor_averaged,R-HSA-1474244,LAMB3,0.4303696061292771,0.43160986992831585,0.0012402637990387433
GSE1009_donor_averaged,R-HSA-1474244,LAMC1,0.4303696061292771,0.4324240000782333,0.002054393948956179
GSE1009_donor_averaged,R-HSA-1474244,LAMC2,0.4303696061292771,0.4317558982672769,0.0013862921379997895
GSE1009_donor_averaged,R-HSA-1474244,LOX,0.4303696061292771,0.43695255943819244,0.00658295330891534
GSE1009_donor_averaged,R-HSA-1474244,LOXL1,0.4303696061292771,0.43973407168398876,0.009364465554711654
GSE1009_donor_averaged,R-HSA-1474244,LOXL2,0.4303696061292771,0.42727675716004115,0.0030928489692359507
GSE1009_donor_averaged,R-HSA-1474244,LRP4,0.4303696061292771,0.4003951001108869,0.02997450601839019
GSE1009_donor_averaged,R-HSA-1474244,LTBP1,0.4303696061292771,0.4227462207670875,0.007623385362189594
GSE1009_donor_averaged,R-HSA-1474244,LTBP2,0.4303696061292771,0.4330592262113262,0.0026896200820490934
GSE1009_donor_averaged,R-HSA-1474244,LTBP4,0.4303696061292771,0.44726645554515443,0.016896849415877324
GSE1009_donor_averaged,R-HSA-1474244,LUM,0.4303696061292771,0.4308330178411921,0.0004634117119149961
GSE1009_donor_averaged,R-HSA-1474244,MADCAM1,0.4303696061292771,0.42494278885541514,0.005426817273861961
GSE1009_donor_averaged,R-HSA-1474244,MATN1,0.4303696061292771,0.424664363655861,0.005705242473416083
GSE1009_donor_averaged,R-HSA-1474244,MATN3,0.4303696061292771,0.4334888165266279,0.0031192103973508023
GSE1009_donor_averaged,R-HSA-1474244,MATN4,0.4303696061292771,0.4300660436929981,0.0003035624362789924
GSE1009_donor_averaged,R-HSA-1474244,MFAP2,0.4303696061292771,0.4250476596819323,0.005321946447344794
GSE1009_donor_averaged,R-HSA-1474244,MFAP3,0.4303696061292771,0.43463301926591286,0.004263413136635752
GSE1009_donor_averaged,R-HSA-1474244,MFAP4,0.4303696061292771,0.4285065984539002,0.0018630076753768932
GSE1009_donor_averaged,R-HSA-1474244,MFAP5,0.4303696061292771,0.42734810272788964,0.0030215034013874598
GSE1009_donor_averaged,R-HSA-1474244,MMP1,0.4303696061292771,0.40729110472606717,0.02307850140320994
GSE1009_donor_averaged,R-HSA-1474244,MMP10,0.4303696061292771,0.43123765625872346,0.0008680501294463516
GSE1009_donor_averaged,R-HSA-1474244,MMP11,0.4303696061292771,0.43208920582785504,0.0017195996985779338
GSE1009_donor_averaged,R-HSA-1474244,MMP12,0.4303696061292771,0.42936653020441673,0.0010030759248603749
GSE1009_donor_averaged,R-HSA-1474244,MMP13,0.4303696061292771,0.42935830968763933,0.0010112964416377768
GSE1009_donor_averaged,R-HSA-1474244,MMP14,0.4303696061292771,0.4225014134070106,0.00786819272226652
GSE1009_donor_averaged,R-HSA-1474244,MMP15,0.4303696061292771,0.4276784190816281,0.0026911870476489796
GSE1009_donor_averaged,R-HSA-1474244,MMP16,0.4303696061292771,0.4337038958407036,0.003334289711426519
GSE1009_donor_averaged,R-HSA-1474244,MMP17,0.4303696061292771,0.42810423951806775,0.002265366611209352
GSE1009_donor_averaged,R-HSA-1474244,MMP19,0.4303696061292771,0.4294011598707099,0.0009684462585671794
GSE1009_donor_averaged,R-HSA-1474244,MMP2,0.4303696061292771,0.42998350174057254,0.00038610438870456676
GSE1009_donor_averaged,R-HSA-1474244,MMP20,0.4303696061292771,0.43180040060020713,0.0014307944709300302
GSE1009_donor_averaged,R-HSA-1474244,MMP24,0.4303696061292771,0.4282935139514208,0.0020760921778563146
GSE1009_donor_averaged,R-HSA-1474244,MMP25,0.4303696061292771,0.4303871440875094,1.7537958232283213e-05
GSE1009_donor_averaged,R-HSA-1474244,MMP3,0.4303696061292771,0.4294548416359242,0.0009147644933529264
GSE1009_donor_averaged,R-HSA-1474244,MMP7,0.4303696061292771,0.4087960805747225,0.021573525554554607
GSE1009_donor_averaged,R-HSA-1474244,MMP8,0.4303696061292771,0.41909227221287504,0.011277333916402066
GSE1009_donor_averaged,R-HSA-1474244,MMP9,0.4303696061292771,0.4335567715553878,0.003187165426110694
GSE1009_donor_averaged,R-HSA-1474244,MUSK,0.4303696061292771,0.41930099518749536,0.011068610941781742
GSE1009_donor_averaged,R-HSA-1474244,NCAM1,0.4303696061292771,0.4305521602380971,0.00018255410882001
GSE1009_donor_averaged,R-HSA-1474244,NCAN,0.4303696061292771,0.4301911173360551,0.00017848879322202027
GSE1009_donor_averaged,R-HSA-1474244,NCSTN,0.4303696061292771,0.4353832503653164,0.005013644236039283
GSE1009_donor_averaged,R-HSA-1474244,NID1,0.4303696061292771,0.42824585287472033,0.0021237532545567706
GSE1009_donor_averaged,R-HSA-1474244,NID2,0.4303696061292771,0.4272013957633312,0.0031682103659458893
GSE1009_donor_averaged,R-HSA-1474244,NRXN1,0.4303696061292771,0.4362955907141823,0.005925984584905175
GSE1009_donor_averaged,R-HSA-1474244,P4HA1,0.4303696061292771,0.4326711658469959,0.002301559717718782
GSE1009_donor_averaged,R-HSA-1474244,P4HB,0.4303696061292771,0.4340585513107247,0.003688945181447578
GSE1009_donor_averaged,R-HSA-1474244,PCOLCE,0.4303696061292771,0.4285155999260593,0.001854006203217795
GSE1009_donor_averaged,R-HSA-1474244,PDGFA,0.4303696061292771,0.44923753356787244,0.018867927438595333
GSE1009_donor_averaged,R-HSA-1474244,PDGFB,0.4303696061292771,0.4334247253506011,0.0030551192213240097
GSE1009_donor_averaged,R-HSA-1474244,PECAM1,0.4303696061292771,0.4215012781987955,0.00886832793048159
GSE1009_donor_averaged,R-HSA-1474244,PLEC,0.4303696061292771,0.429811285065924,0.0005583210633531288
GSE1009_donor_averaged,R-HSA-1474244,PLG,0.4303696061292771,0.42958299388576776,0.0007866122435093437
GSE1009_donor_averaged,R-HSA-1474244,PLOD1,0.4303696061292771,0.42620128471730667,0.004168321411970433
GSE1009_donor_averaged,R-HSA-1474244,PLOD2,0.4303696061292771,0.444586342286413,0.014216736157135923
GSE1009_donor_averaged,R-HSA-1474244,PLOD3,0.4303696061292771,0.4289937473917813,0.0013758587374957942
GSE1009_donor_averaged,R-HSA-1474244,PPIB,0.4303696061292771,0.4319714009222698,0.0016017947929927168
GSE1009_donor_averaged,R-HSA-1474244,PRKCA,0.4303696061292771,0.42984043292004576,0.0005291732092313484
GSE1009_donor_averaged,R-HSA-1474244,PRSS2,0.4303696061292771,0.3999679795259341,0.030401626603343
GSE1009_donor_averaged,R-HSA-1474244,PSEN1,0.4303696061292771,0.4330241512577949,0.0026545451285178157
GSE1009_donor_averaged,R-HSA-1474244,PTPRS,0.4303696061292771,0.42755135782028164,0.0028182483089954635
GSE1009_donor_averaged,R-HSA-1474244,PXDN,0.4303696061292771,0.42442238834546414,0.005947217783812964
GSE1009_donor_averaged,R-HSA-1474244,SDC1,0.4303696061292771,0.42880680205358773,0.0015628040756893724
GSE1009_donor_averaged,R-HSA-1474244,SDC2,0.4303696061292771,0.44200212648663456,0.011632520357357456
GSE1009_donor_averaged,R-HSA-1474244,SDC3,0.4303696061292771,0.42895067174404017,0.0014189343852369363
GSE1009_donor_averaged,R-HSA-1474244,SDC4,0.4303696061292771,0.43731960689725957,0.006950000767982467
GSE1009_donor_averaged,R-HSA-1474244,SERPINE1,0.4303696061292771,0.43405697941726346,0.0036873732879863508
GSE1009_donor_averaged,R-HSA-1474244,SERPINH1,0.4303696061292771,0.4276344082684579,0.0027351978608192162
GSE1009_donor_averaged,R-HSA-1474244,SGCA,0.4303696061292771,0.43260337093389994,0.0022337648046228398
GSE1009_donor_averaged,R-HSA-1474244,SGCB,0.4303696061292771,0.4303822359539236,1.2629824646503973e-05
GSE1009_donor_averaged,R-HSA-1474244,SGCD,0.4303696061292771,0.4089228811130929,0.02144672501618422
GSE1009_donor_averaged,R-HSA-1474244,SGCE,0.4303696061292771,0.4343950556863949,0.004025449557117811
GSE1009_donor_averaged,R-HSA-1474244,SGCG,0.4303696061292771,0.42923466163081175,0.0011349444984653512
GSE1009_donor_averaged,R-HSA-1474244,SH3PXD2A,0.4303696061292771,0.42917571540359756,0.0011938907256795472
GSE1009_donor_averaged,R-HSA-1474244,SNTA1,0.4303696061292771,0.43726517071352144,0.00689556458424434
GSE1009_donor_averaged,R-HSA-1474244,SNTB1,0.4303696061292771,0.4249073110761307,0.005462295053146382
GSE1009_donor_averaged,R-HSA-1474244,SNTB2,0.4303696061292771,0.42716237863877765,0.0032072274904994535
GSE1009_donor_averaged,R-HSA-1474244,SPARC,0.4303696061292771,0.4344276516329542,0.00405804550367711
GSE1009_donor_averaged,R-HSA-1474244,SPOCK3,0.4303696061292771,0.429206886295939,0.0011627198333380995
GSE1009_donor_averaged,R-HSA-1474244,SPP1,0.4303696061292771,0.4300952226703703,0.0002743834589067906
GSE1009_donor_averaged,R-HSA-1474244,SSPN,0.4303696061292771,0.42120908616684744,0.00916051996242967
GSE1009_donor_averaged,R-HSA-1474244,TGFB1,0.4303696061292771,0.42841203570199504,0.0019575704272820627
GSE1009_donor_averaged,R-HSA-1474244,TGFB2,0.4303696061292771,0.4307086308339309,0.00033902470465380086
GSE1009_donor_averaged,R-HSA-1474244,TGFB3,0.4303696061292771,0.42958507499420173,0.0007845311350753725
GSE1009_donor_averaged,R-HSA-1474244,THBS1,0.4303696061292771,0.44313289189682026,0.012763285767543153
GSE1009_donor_averaged,R-HSA-1474244,TIMP1,0.4303696061292771,0.43785757696245403,0.007487970833176927
GSE1009_donor_averaged,R-HSA-1474244,TIMP2,0.4303696061292771,0.4183365181354137,0.012033087993863378
GSE1009_donor_averaged,R-HSA-1474244,TLL1,0.4303696061292771,0.4198689676885973,0.010500638440679777
GSE1009_donor_averaged,R-HSA-1474244,TLL2,0.4303696061292771,0.42181623263052576,0.008553373498751349
GSE1009_donor_averaged,R-HSA-1474244,TMPRSS6,0.4303696061292771,0.4247662465478836,0.005603359581393519
GSE1009_donor_averaged,R-HSA-1474244,TNC,0.4303696061292771,0.434520540436784,0.004150934307506904
GSE1009_donor_averaged,R-HSA-1474244,TNN,0.4303696061292771,0.4305621923394374,0.00019258621016027266
GSE1009_donor_averaged,R-HSA-1474244,TNR,0.4303696061292771,0.43081031840519607,0.0004407122759189641
GSE1009_donor_averaged,R-HSA-1474244,TPSAB1,0.4303696061292771,0.4244075405689666,0.005962065560310481
GSE1009_donor_averaged,R-HSA-1474244,TTR,0.4303696061292771,0.4323347566799141,0.001965150550637007
GSE1009_donor_averaged,R-HSA-1474244,UTRN,0.4303696061292771,0.4372935932552541,0.006923987125976971
GSE1009_donor_averaged,R-HSA-1474244,VCAM1,0.4303696061292771,0.4340722364148364,0.003702630285559283
GSE1009_donor_averaged,R-HSA-1474244,VCAN,0.4303696061292771,0.4288314957369208,0.0015381103923562955
GSE1009_donor_averaged,R-HSA-1474244,VWF,0.4303696061292771,0.43004824785168205,0.00032135827759505187
GSE1009_donor_averaged,R-HSA-1234174,ADRM1,-0.2636789570945508,-0.27288801171626514,0.009209054621714341
GSE1009_donor_averaged,R-HSA-1234174,ARNT,-0.2636789570945508,-0.27552504684743645,0.011846089752885647
GSE1009_donor_averaged,R-HSA-1234174,CA9,-0.2636789570945508,-0.27284465863372714,0.00916570153917634
GSE1009_donor_averaged,R-HSA-1234174,CITED2,-0.2636789570945508,-0.22663360458246365,0.037045352512087154
GSE1009_donor_averaged,R-HSA-1234174,CREBBP,-0.2636789570945508,-0.26792820714238264,0.004249250047831832
GSE1009_donor_averaged,R-HSA-1234174,CUL2,-0.2636789570945508,-0.27949279081227607,0.015813833717725267
GSE1009_donor_averaged,R-HSA-1234174,EP300,-0.2636789570945508,-0.29257528703726843,0.028896329942717625
GSE1009_donor_averaged,R-HSA-1234174,EPAS1,-0.2636789570945508,-0.2762222026530802,0.01254324555852937
GSE1009_donor_averaged,R-HSA-1234174,EPO,-0.2636789570945508,-0.28734492539459205,0.02366596830004125
GSE1009_donor_averaged,R-HSA-1234174,HIF1A,-0.2636789570945508,-0.2565214996792138,0.007157457415337021
GSE1009_donor_averaged,R-HSA-1234174,PSMA1,-0.2636789570945508,-0.28270817339059484,0.019029216296044038
GSE1009_donor_averaged,R-HSA-1234174,PSMA2,-0.2636789570945508,-0.22819761948982384,0.035481337604726965
GSE1009_donor_averaged,R-HSA-1234174,PSMA3,-0.2636789570945508,-0.24722154241117741,0.01645741468337339
GSE1009_donor_averaged,R-HSA-1234174,PSMA4,-0.2636789570945508,-0.25369046949204466,0.009988487602506146
GSE1009_donor_averaged,R-HSA-1234174,PSMA5,-0.2636789570945508,-0.2775989173619131,0.013919960267362308
GSE1009_donor_averaged,R-HSA-1234174,PSMA7,-0.2636789570945508,-0.2977731642996127,0.0340942072050619
GSE1009_donor_averaged,R-HSA-1234174,PSMB1,-0.2636789570945508,-0.2554720448391283,0.008206912255422527
GSE1009_donor_averaged,R-HSA-1234174,PSMB2,-0.2636789570945508,-0.27478413102965643,0.011105173935105628
GSE1009_donor_averaged,R-HSA-1234174,PSMB3,-0.2636789570945508,-0.2817423547203098,0.01806339762575898
GSE1009_donor_averaged,R-HSA-1234174,PSMB4,-0.2636789570945508,-0.2721257388106344,0.008446781716083596
GSE1009_donor_averaged,R-HSA-1234174,PSMB5,-0.2636789570945508,-0.27108852520720594,0.0074095681126551405
GSE1009_donor_averaged,R-HSA-1234174,PSMB6,-0.2636789570945508,-0.28766674427845407,0.023987787183903264
GSE1009_donor_averaged,R-HSA-1234174,PSMB7,-0.2636789570945508,-0.28401071725838534,0.020331760163834534
GSE1009_donor_averaged,R-HSA-1234174,PSMC1,-0.2636789570945508,-0.2535008126572184,0.010178144437332393
GSE1009_donor_averaged,R-HSA-1234174,PSMC2,-0.2636789570945508,-0.11107098289764332,0.15260797419690747
GSE1009_donor_averaged,R-HSA-1234174,PSMC3,-0.2636789570945508,-0.28763606401316777,0.023957106918616966
GSE1009_donor_averaged,R-HSA-1234174,PSMC4,-0.2636789570945508,-0.2833239533531108,0.019644996258559977
GSE1009_donor_averaged,R-HSA-1234174,PSMC5,-0.2636789570945508,-0.277046015465302,0.013367058370751195
GSE1009_donor_averaged,R-HSA-1234174,PSMC6,-0.2636789570945508,-0.24677939766277815,0.016899559431772654
GSE1009_donor_averaged,R-HSA-1234174,PSMD1,-0.2636789570945508,-0.24563906463487936,0.01803989245967144
GSE1009_donor_averaged,R-HSA-1234174,PSMD11,-0.2636789570945508,-0.23586988530437955,0.027809071790171253
GSE1009_donor_averaged,R-HSA-1234174,PSMD12,-0.2636789570945508,-0.2615522911645669,0.0021266659299838953
GSE1009_donor_averaged,R-HSA-1234174,PSMD13,-0.2636789570945508,-0.26993199414713687,0.0062530370525860635
GSE1009_donor_averaged,R-HSA-1234174,PSMD14,-0.2636789570945508,-0.2604112229321981,0.003267734162352709
GSE1009_donor_averaged,R-HSA-1234174,PSMD2,-0.2636789570945508,-0.2541310043239406,0.009547952770610213
GSE1009_donor_averaged,R-HSA-1234174,PSMD3,-0.2636789570945508,-0.2508743586442307,0.012804598450320115
GSE1009_donor_averaged,R-HSA-1234174,PSMD6,-0.2636789570945508,-0.270010913104854,0.006331956010303175
GSE1009_donor_averaged,R-HSA-1234174,PSMD7,-0.2636789570945508,-0.30348096009541103,0.03980200300086023
GSE1009_donor_averaged,R-HSA-1234174,PSMD8,-0.2636789570945508,-0.2878541676099105,0.024175210515359702
GSE1009_donor_averaged,R-HSA-1234174,RPS27A,-0.2636789570945508,-0.2492644826371944,0.014414474457356413
GSE1009_donor_averaged,R-HSA-1234174,UBB,-0.2636789570945508,-0.27276903445889905,0.009090077364348248
GSE1009_donor_averaged,R-HSA-1234174,UBC,-0.2636789570945508,-0.2819674537857318,0.01828849669118099
GSE1009_donor_averaged,R-HSA-1234174,UBE2D1,-0.2636789570945508,-0.2879712394455227,0.024292282350971917
GSE1009_donor_averaged,R-HSA-1234174,UBE2D2,-0.2636789570945508,-0.2778721915745805,0.014193234480029682
GSE1009_donor_averaged,R-HSA-1234174,UBE2D3,-0.2636789570945508,-0.2374072901930126,0.026271666901538204
GSE1009_donor_averaged,R-HSA-1234174,VEGFA,-0.2636789570945508,-0.22754741138534318,0.036131545709207624
GSE1009_donor_averaged,R-HSA-1234174,VHL,-0.2636789570945508,-0.23694241486522818,0.02673654222932262
GSE1009_donor_averaged,R-HSA-170834,ARHGEF18,-0.0010983844835325402,0.04079027062145718,0.04188865510498972
GSE1009_donor_averaged,R-HSA-170834,BAMBI,-0.0010983844835325402,-0.029281280287697976,0.028182895804165435
GSE1009_donor_averaged,R-HSA-170834,CBL,-0.0010983844835325402,-0.02169977849991797,0.02060139401638543
GSE1009_donor_averaged,R-HSA-170834,CCNC,-0.0010983844835325402,-0.008493669602578772,0.007395285119046232
GSE1009_donor_averaged,R-HSA-170834,CCNT1,-0.0010983844835325402,-0.005434274741105372,0.004335890257572831
GSE1009_donor_averaged,R-HSA-170834,CCNT2,-0.0010983844835325402,-0.002339038718797387,0.0012406542352648468
GSE1009_donor_averaged,R-HSA-170834,CDK8,-0.0010983844835325402,-0.026581400447276877,0.025483015963744336
GSE1009_donor_averaged,R-HSA-170834,CDK9,-0.0010983844835325402,0.011809754570089714,0.012908139053622253
GSE1009_donor_averaged,R-HSA-170834,CDKN2B,-0.0010983844835325402,-0.007907808018309884,0.006809423534777343
GSE1009_donor_averaged,R-HSA-170834,COL1A2,-0.0010983844835325402,-0.010548990626546049,0.00945060614301351
GSE1009_donor_averaged,R-HSA-170834,E2F4,-0.0010983844835325402,-0.013781754591336647,0.012683370107804107
GSE1009_donor_averaged,R-HSA-170834,E2F5,-0.0010983844835325402,0.012997932614020742,0.014096317097553282
GSE1009_donor_averaged,R-HSA-170834,EP300,-0.0010983844835325402,-0.014266910468149728,0.013168525984617188
GSE1009_donor_averaged,R-HSA-170834,FBN1,-0.0010983844835325402,-0.003161074838774151,0.002062690355241611
GSE1009_donor_averaged,R-HSA-170834,FKBP1A,-0.0010983844835325402,0.004953278895074984,0.006051663378607524
GSE1009_donor_averaged,R-HSA-170834,FURIN,-0.0010983844835325402,-0.0018957608517625446,0.0007973763682300045
GSE1009_donor_averaged,R-HSA-170834,HDAC1,-0.0010983844835325402,-0.0025747859778043297,0.0014764014942717895
GSE1009_donor_averaged,R-HSA-170834,ITGA8,-0.0010983844835325402,-0.008448931097503814,0.0073505466139712735
GSE1009_donor_averaged,R-HSA-170834,ITGAV,-0.0010983844835325402,-0.019276366992387016,0.018177982508854475
GSE1009_donor_averaged,R-HSA-170834,ITGB1,-0.0010983844835325402,0.010262548898121771,0.01136093338165431
GSE1009_donor_averaged,R-HSA-170834,ITGB3,-0.0010983844835325402,0.0065905581299342255,0.007688942613466766
GSE1009_donor_averaged,R-HSA-170834,ITGB5,-0.0010983844835325402,0.020528058421467182,0.021626442904999724
GSE1009_donor_averaged,R-HSA-170834,ITGB6,-0.0010983844835325402,-0.026147574230164717,0.025049189746632176
GSE1009_donor_averaged,R-HSA-170834,ITGB8,-0.0010983844835325402,0.0036083310986680666,0.0047067155822006065
GSE1009_donor_averaged,R-HSA-170834,JUNB,-0.0010983844835325402,-0.0019798398764149885,0.0008814553928824483
GSE1009_donor_averaged,R-HSA-170834,LTBP1,-0.0010983844835325402,-0.030612928047675098,0.029514543564142556
GSE1009_donor_averaged,R-HSA-170834,LTBP2,-0.0010983844835325402,0.0021085830531812517,0.003206967536713792
GSE1009_donor_averaged,R-HSA-170834,LTBP4,-0.0010983844835325402,0.04718584155680917,0.04828422604034171
GSE1009_donor_averaged,R-HSA-170834,MAPK1,-0.0010983844835325402,0.0010016466205590227,0.002100031104091563
GSE1009_donor_averaged,R-HSA-170834,MAPK3,-0.0010983844835325402,-0.016252299419518033,0.015153914935985493
GSE1009_donor_averaged,R-HSA-170834,MEN1,-0.0010983844835325402,-0.028147233137699155,0.027048848654166614
GSE1009_donor_averaged,R-HSA-170834,MTMR4,-0.0010983844835325402,-0.0010564256104549075,4.1958873077632686e-05
GSE1009_donor_averaged,R-HSA-170834,MYC,-0.0010983844835325402,-0.035619537563887985,0.03452115308035544
GSE1009_donor_averaged,R-HSA-170834,NCOR2,-0.0010983844835325402,0.005170359749785019,0.006268744233317559
GSE1009_donor_averaged,R-HSA-170834,NEDD4L,-0.0010983844835325402,-0.007581969540309877,0.006483585056777336
GSE1009_donor_averaged,R-HSA-170834,NEDD8,-0.0010983844835325402,0.007220497388049067,0.008318881871581607
GSE1009_donor_averaged,R-HSA-170834,PARD3,-0.0010983844835325402,-0.0003728434732048922,0.0007255410103276479
GSE1009_donor_averaged,R-HSA-170834,PARD6A,-0.0010983844835325402,-0.008245991426759351,0.007147606943226811
GSE1009_donor_averaged,R-HSA-170834,PARP1,-0.0010983844835325402,0.0032459072832000833,0.004344291766732624
GSE1009_donor_averaged,R-HSA-170834,PPM1A,-0.0010983844835325402,-0.0029008044843446593,0.0018024200008121191
GSE1009_donor_averaged,R-HSA-170834,PPP1CA,-0.0010983844835325402,-0.009831494927188275,0.008733110443655736
GSE1009_donor_averaged,R-HSA-170834,PPP1CB,-0.0010983844835325402,0.01672213145923254,0.01782051594276508
GSE1009_donor_averaged,R-HSA-170834,PPP1CC,-0.0010983844835325402,0.012760843866257901,0.013859228349790441
GSE1009_donor_averaged,R-HSA-170834,PPP1R15A,-0.0010983844835325402,0.0024547270663993663,0.0035531115499319067
GSE1009_donor_averaged,R-HSA-170834,PRKCZ,-0.0010983844835325402,-0.0008024642157245294,0.00029592026780801077
GSE1009_donor_averaged,R-HSA-170834,RBL1,-0.0010983844835325402,-0.012977918631712333,0.011879534148179794
GSE1009_donor_averaged,R-HSA-170834,RHOA,-0.0010983844835325402,0.00634359927452968,0.007441983758062221
GSE1009_donor_averaged,R-HSA-170834,RPS27A,-0.0010983844835325402,0.010329348820781157,0.011427733304313696
GSE1009_donor_averaged,R-HSA-170834,SERPINE1,-0.0010983844835325402,0.005274293842389459,0.006372678325921999
GSE1009_donor_averaged,R-HSA-170834,SKI,-0.0010983844835325402,-0.015245129360532654,0.014146744877000114
GSE1009_donor_averaged,R-HSA-170834,SKIL,-0.0010983844835325402,0.0038522283545410975,0.0049506128380736375
GSE1009_donor_averaged,R-HSA-170834,SMAD2,-0.0010983844835325402,0.025419576015860784,0.026517960499393325
GSE1009_donor_averaged,R-HSA-170834,SMAD3,-0.0010983844835325402,-0.017266674854690914,0.016168290371158373
GSE1009_donor_averaged,R-HSA-170834,SMAD4,-0.0010983844835325402,0.004702877202516559,0.0058012616860491
GSE1009_donor_averaged,R-HSA-170834,SMAD7,-0.0010983844835325402,-0.007302860823038296,0.0062044763395057555
GSE1009_donor_averaged,R-HSA-170834,SMURF1,-0.0010983844835325402,-0.0022050661113141505,0.0011066816277816103
GSE1009_donor_averaged,R-HSA-170834,SMURF2,-0.0010983844835325402,0.014823532273836725,0.015921916757369266
GSE1009_donor_averaged,R-HSA-170834,SNW1,-0.0010983844835325402,-0.000744829003927879,0.0003535554796046612
GSE1009_donor_averaged,R-HSA-170834,SP1,-0.0010983844835325402,0.021677930944268668,0.02277631542780121
GSE1009_donor_averaged,R-HSA-170834,STAT1,-0.0010983844835325402,0.008472521230282876,0.009570905713815416
GSE1009_donor_averaged,R-HSA-170834,STRAP,-0.0010983844835325402,0.04729494001448216,0.0483933244980147
GSE1009_donor_averaged,R-HSA-170834,TFDP1,-0.0010983844835325402,0.0190606530495503,0.020159037533082843
GSE1009_donor_averaged,R-HSA-170834,TFDP2,-0.0010983844835325402,-0.025690097761126702,0.02459171327759416
GSE1009_donor_averaged,R-HSA-170834,TGFB1,-0.0010983844835325402,-0.012636206587536516,0.011537822104003977
GSE1009_donor_averaged,R-HSA-170834,TGFB2,-0.0010983844835325402,-0.005349478823246028,0.004251094339713488
GSE1009_donor_averaged,R-HSA-170834,TGFB3,-0.0010983844835325402,-0.008914341178929822,0.007815956695397282
GSE1009_donor_averaged,R-HSA-170834,TGFBR1,-0.0010983844835325402,-0.0084521539911154,0.00735376950758286
GSE1009_donor_averaged,R-HSA-170834,TGFBR2,-0.0010983844835325402,-0.007732875848644541,0.006634491365112001
GSE1009_donor_averaged,R-HSA-170834,TGFBR3,-0.0010983844835325402,0.0508864448458166,0.05198482932934914
GSE1009_donor_averaged,R-HSA-170834,TGIF1,-0.0010983844835325402,0.0024647857622827184,0.003563170245815259
GSE1009_donor_averaged,R-HSA-170834,TGIF2,-0.0010983844835325402,-0.01550150710961269,0.01440312262608015
GSE1009_donor_averaged,R-HSA-170834,TRIM33,-0.0010983844835325402,0.011452979503006793,0.012551363986539332
GSE1009_donor_averaged,R-HSA-170834,UBB,-0.0010983844835325402,-0.0030189151767301085,0.0019205306931975683
GSE1009_donor_averaged,R-HSA-170834,UBC,-0.0010983844835325402,-0.008242708868511707,0.007144324384979166
GSE1009_donor_averaged,R-HSA-170834,UBE2D1,-0.0010983844835325402,-0.011652266156788028,0.010553881673255489
GSE1009_donor_averaged,R-HSA-170834,UBE2D3,-0.0010983844835325402,0.017063063048341216,0.018161447531873758
GSE1009_donor_averaged,R-HSA-170834,UBE2M,-0.0010983844835325402,-0.006064655584467676,0.004966271100935136
GSE1009_donor_averaged,R-HSA-170834,USP9X,-0.0010983844835325402,-0.06110170592865305,0.06000332144512051
GSE1009_donor_averaged,R-HSA-170834,WWTR1,-0.0010983844835325402,0.014237275325832934,0.015335659809365474
GSE1009_donor_averaged,R-HSA-170834,XPO1,-0.0010983844835325402,0.008804958079773495,0.009903342563306035
GSE1009_donor_averaged,R-HSA-170834,YBX1,-0.0010983844835325402,-0.017404652345536453,0.016306267862003912
GSE1009_donor_averaged,R-HSA-170834,ZFYVE9,-0.0010983844835325402,0.021107469329338734,0.022205853812871275
GSE111154,R-HSA-166658,C1QA,0.6189265005482378,0.6126166450157191,0.006309855532518727
GSE111154,R-HSA-166658,C1QB,0.6189265005482378,0.6131997402653311,0.005726760282906751
GSE111154,R-HSA-166658,C1QC,0.6189265005482378,0.6140840799756325,0.0048424205726053104
GSE111154,R-HSA-166658,C1R,0.6189265005482378,0.6134193621084059,0.005507138439831971
GSE111154,R-HSA-166658,C1S,0.6189265005482378,0.6088330005417881,0.010093500006449707
GSE111154,R-HSA-166658,C2,0.6189265005482378,0.6214948525893743,0.002568352041136479
GSE111154,R-HSA-166658,C3,0.6189265005482378,0.6154294870613265,0.003497013486911338
GSE111154,R-HSA-166658,C3AR1,0.6189265005482378,0.6092135250560958,0.009712975492142006
GSE111154,R-HSA-166658,C4A,0.6189265005482378,0.6232054799213926,0.004278979373154801
GSE111154,R-HSA-166658,C4B,0.6189265005482378,0.6232054799213926,0.004278979373154801
GSE111154,R-HSA-166658,C4BPA,0.6189265005482378,0.6201385159618088,0.001212015413570966
GSE111154,R-HSA-166658,C4BPB,0.6189265005482378,0.6218415157741818,0.002915015225943951
GSE111154,R-HSA-166658,C5,0.6189265005482378,0.6272384807357544,0.008311980187516554
GSE111154,R-HSA-166658,C5AR1,0.6189265005482378,0.6303013973285942,0.011374896780356414
GSE111154,R-HSA-166658,C5AR2,0.6189265005482378,0.6186464544251017,0.0002800461231361462
GSE111154,R-HSA-166658,C6,0.6189265005482378,0.616356994679,0.002569505869237876
GSE111154,R-HSA-166658,C7,0.6189265005482378,0.6121279973603148,0.006798503187923077
GSE111154,R-HSA-166658,C8A,0.6189265005482378,0.6292146622103096,0.010288161662071804
GSE111154,R-HSA-166658,C8B,0.6189265005482378,0.6274413691796459,0.008514868631408046
GSE111154,R-HSA-166658,C8G,0.6189265005482378,0.6249183804980458,0.005991879949807988
GSE111154,R-HSA-166658,C9,0.6189265005482378,0.6297624339550761,0.010835933406838305
GSE111154,R-HSA-166658,CD19,0.6189265005482378,0.6186332643162958,0.00029323623194199566
GSE111154,R-HSA-166658,CD46,0.6189265005482378,0.6193980353348285,0.00047153478659067716
GSE111154,R-HSA-166658,CD55,0.6189265005482378,0.6225391739887067,0.0036126734404688943
GSE111154,R-HSA-166658,CD59,0.6189265005482378,0.6231940913372059,0.004267590788968101
GSE111154,R-HSA-166658,CD81,0.6189265005482378,0.6054679127740996,0.01345858777413822
GSE111154,R-HSA-166658,CFB,0.6189265005482378,0.6161655056108079,0.0027609949374299836
GSE111154,R-HSA-166658,CFD,0.6189265005482378,0.6146196384454472,0.004306862102790632
GSE111154,R-HSA-166658,CFH,0.6189265005482378,0.6141684161127209,0.004758084435516952
GSE111154,R-HSA-166658,CFHR1,0.6189265005482378,0.6190661546534522,0.0001396541052143263
GSE111154,R-HSA-166658,CFHR2,0.6189265005482378,0.6205905233810554,0.0016640228328175244
GSE111154,R-HSA-166658,CFHR3,0.6189265005482378,0.6182879381123824,0.000638562435855472
GSE111154,R-HSA-166658,CFHR4,0.6189265005482378,0.6182717923365862,0.000654708211651589
GSE111154,R-HSA-166658,CFHR5,0.6189265005482378,0.624913519217153,0.005987018668915156
GSE111154,R-HSA-166658,CFI,0.6189265005482378,0.6192273914075517,0.0003008908593138404
GSE111154,R-HSA-166658,CFP,0.6189265005482378,0.630652825162306,0.011726324614068195
GSE111154,R-HSA-166658,CLU,0.6189265005482378,0.6199412368194346,0.0010147362711967478
GSE111154,R-HSA-166658,COLEC10,0.6189265005482378,0.621734855623764,0.0028083550755261255
GSE111154,R-HSA-166658,COLEC11,0.6189265005482378,0.6286293448222887,0.009702844274050881
GSE111154,R-HSA-166658,CPB2,0.6189265005482378,0.630642273123562,0.01171577257532419
GSE111154,R-HSA-166658,CPN1,0.6189265005482378,0.6223087125988525,0.003382212050614619
GSE111154,R-HSA-166658,CPN2,0.6189265005482378,0.6253261882016098,0.006399687653371955
GSE111154,R-HSA-166658,CR1,0.6189265005482378,0.626151120991519,0.0072246204432812045
GSE111154,R-HSA-166658,CR2,0.6189265005482378,0.6252947525958876,0.006368252047649792
GSE111154,R-HSA-166658,CRP,0.6189265005482378,0.6217950159048816,0.002868515356643786
GSE111154,R-HSA-166658,ELANE,0.6189265005482378,0.6219121487549496,0.0029856482067117662
GSE111154,R-HSA-166658,F2,0.6189265005482378,0.6251646574115203,0.00623815686328244
GSE111154,R-HSA-166658,FCN1,0.6189265005482378,0.6288142780108458,0.009887777462607938
GSE111154,R-HSA-166658,FCN2,0.6189265005482378,0.6250010747181393,0.0060745741699014255
GSE111154,R-HSA-166658,FCN3,0.6189265005482378,0.6192040028354668,0.0002775022872290034
GSE111154,R-HSA-166658,GZMM,0.6189265005482378,0.6346760508318379,0.015749550283600033
GSE111154,R-HSA-166658,IGHG1,0.6189265005482378,0.6151626956867837,0.003763804861454112
GSE111154,R-HSA-166658,IGHG2,0.6189265005482378,0.6151626956867837,0.003763804861454112
GSE111154,R-HSA-166658,IGHG3,0.6189265005482378,0.6151626956867837,0.003763804861454112
GSE111154,R-HSA-166658,IGHG4,0.6189265005482378,0.6157810732952871,0.00314542725295075
GSE111154,R-HSA-166658,IGHV1-2,0.6189265005482378,0.6151626956867837,0.003763804861454112
GSE111154,R-HSA-166658,IGHV1-46,0.6189265005482378,0.6187714983628175,0.00015500218542030542
GSE111154,R-HSA-166658,IGHV1-69,0.6189265005482378,0.6189792773526493,5.2776804411514e-05
GSE111154,R-HSA-166658,IGHV2-5,0.6189265005482378,0.6203654569903817,0.0014389564421438683
GSE111154,R-HSA-166658,IGHV2-70,0.6189265005482378,0.6156934641324517,0.0032330364157860947
GSE111154,R-HSA-166658,IGHV3-11,0.6189265005482378,0.6165570090526847,0.0023694914955531
GSE111154,R-HSA-166658,IGHV3-13,0.6189265005482378,0.6212933930171396,0.00236689246890176
GSE111154,R-HSA-166658,IGHV3-23,0.6189265005482378,0.6146493200953868,0.0042771804528510815
GSE111154,R-HSA-166658,IGHV3-30,0.6189265005482378,0.6145685712812595,0.004357929266978311
GSE111154,R-HSA-166658,IGHV3-33,0.6189265005482378,0.6143953703828402,0.004531130165397634
GSE111154,R-HSA-166658,IGHV3-48,0.6189265005482378,0.6163065590234247,0.002619941524813152
GSE111154,R-HSA-166658,IGHV3-53,0.6189265005482378,0.6161972791904303,0.0027292213578075097
GSE111154,R-HSA-166658,IGHV3-7,0.6189265005482378,0.6172315904667814,0.001694910081456391
GSE111154,R-HSA-166658,IGHV3-9,0.6189265005482378,0.6156023505296672,0.0033241500185706707
GSE111154,R-HSA-166658,IGHV4-34,0.6189265005482378,0.6170002317964085,0.0019262687518293298
GSE111154,R-HSA-166658,IGHV4-39,0.6189265005482378,0.6205281468809776,0.0016016463327397368
GSE111154,R-HSA-166658,IGHV4-59,0.6189265005482378,0.6167499798527568,0.0021765206954810212
GSE111154,R-HSA-166658,IGHV7-81,0.6189265005482378,0.6185397951488936,0.00038670539934426706
GSE111154,R-HSA-166658,IGKC,0.6189265005482378,0.6160454405980017,0.002881059950236131
GSE111154,R-HSA-166658,IGKV1-12,0.6189265005482378,0.6160454405980017,0.002881059950236131
GSE111154,R-HSA-166658,IGKV1-16,0.6189265005482378,0.6160454405980017,0.002881059950236131
GSE111154,R-HSA-166658,IGKV1-17,0.6189265005482378,0.6166880611704708,0.002238439377767021
GSE111154,R-HSA-166658,IGKV1-33,0.6189265005482378,0.6160454405980018,0.00288105995023602
GSE111154,R-HSA-166658,IGKV1-39,0.6189265005482378,0.6160454405980018,0.00288105995023602
GSE111154,R-HSA-166658,IGKV1-5,0.6189265005482378,0.6185994004637821,0.0003271000844556893
GSE111154,R-HSA-166658,IGKV1D-12,0.6189265005482378,0.6157431697286317,0.0031833308196060894
GSE111154,R-HSA-166658,IGKV1D-16,0.6189265005482378,0.6167060547452093,0.0022204458030284924
GSE111154,R-HSA-166658,IGKV1D-33,0.6189265005482378,0.6161876527905591,0.0027388477576787418
GSE111154,R-HSA-166658,IGKV1D-39,0.6189265005482378,0.6157690693116381,0.003157431236599728
GSE111154,R-HSA-166658,IGKV2-28,0.6189265005482378,0.6158718654234108,0.0030546351248270653
GSE111154,R-HSA-166658,IGKV2-29,0.6189265005482378,0.618849689024677,7.681152356087129e-05
GSE111154,R-HSA-166658,IGKV2-30,0.6189265005482378,0.6160454405980018,0.00288105995023602
GSE111154,R-HSA-166658,IGKV2D-28,0.6189265005482378,0.6165729130912317,0.00235358745700609
GSE111154,R-HSA-166658,IGKV2D-30,0.6189265005482378,0.6165476794587041,0.002378821089533689
GSE111154,R-HSA-166658,IGKV2D-40,0.6189265005482378,0.6185219934668151,0.0004045070814227003
GSE111154,R-HSA-166658,IGKV3-11,0.6189265005482378,0.6171844493195263,0.0017420512287115164
GSE111154,R-HSA-166658,IGKV3-15,0.6189265005482378,0.6160454405980017,0.002881059950236131
GSE111154,R-HSA-166658,IGKV3-20,0.6189265005482378,0.6160454405980017,0.002881059950236131
GSE111154,R-HSA-166658,IGKV3D-20,0.6189265005482378,0.6153725580928799,0.0035539424553578947
GSE111154,R-HSA-166658,IGKV4-1,0.6189265005482378,0.6171401095573629,0.0017863909908749642
GSE111154,R-HSA-166658,IGKV5-2,0.6189265005482378,0.6191561938308965,0.00022969328265864952
GSE111154,R-HSA-166658,IGLC1,0.6189265005482378,0.6162991278251415,0.0026273727230963217
GSE111154,R-HSA-166658,IGLC2,0.6189265005482378,0.6162991278251415,0.0026273727230963217
GSE111154,R-HSA-166658,IGLC3,0.6189265005482378,0.6162991278251415,0.0026273727230963217
GSE111154,R-HSA-166658,IGLC7,0.6189265005482378,0.6137899698490747,0.005136530699163089
GSE111154,R-HSA-166658,IGLV1-36,0.6189265005482378,0.6162991278251415,0.0026273727230963217
GSE111154,R-HSA-166658,IGLV1-40,0.6189265005482378,0.6162991278251415,0.0026273727230963217
GSE111154,R-HSA-166658,IGLV1-44,0.6189265005482378,0.6162991278251415,0.0026273727230963217
GSE111154,R-HSA-166658,IGLV1-47,0.6189265005482378,0.6162991278251415,0.0026273727230963217
GSE111154,R-HSA-166658,IGLV1-51,0.6189265005482378,0.6162991278251415,0.0026273727230963217
GSE111154,R-HSA-166658,IGLV10-54,0.6189265005482378,0.6184176994920364,0.0005088010562014356
GSE111154,R-HSA-166658,IGLV11-55,0.6189265005482378,0.6281474419458566,0.009220941397618754
GSE111154,R-HSA-166658,IGLV2-11,0.6189265005482378,0.6162991278251415,0.0026273727230963217
GSE111154,R-HSA-166658,IGLV2-14,0.6189265005482378,0.6162991278251415,0.0026273727230963217
GSE111154,R-HSA-166658,IGLV2-18,0.6189265005482378,0.6157400266519906,0.003186473896247266
GSE111154,R-HSA-166658,IGLV2-23,0.6189265005482378,0.6162991278251415,0.0026273727230963217
GSE111154,R-HSA-166658,IGLV2-33,0.6189265005482378,0.6171642502659076,0.0017622502823302355
GSE111154,R-HSA-166658,IGLV2-8,0.6189265005482378,0.6162991278251415,0.0026273727230963217
GSE111154,R-HSA-166658,IGLV3-1,0.6189265005482378,0.6165729530297857,0.0023535475184521815
GSE111154,R-HSA-166658,IGLV3-12,0.6189265005482378,0.6207354068891231,0.0018089063408852635
GSE111154,R-HSA-166658,IGLV3-16,0.6189265005482378,0.6172867632729977,0.0016397372752401385
GSE111154,R-HSA-166658,IGLV3-19,0.6189265005482378,0.6162991278251415,0.0026273727230963217
GSE111154,R-HSA-166658,IGLV3-21,0.6189265005482378,0.6162991278251415,0.0026273727230963217
GSE111154,R-HSA-166658,IGLV3-22,0.6189265005482378,0.6236585957758042,0.004732095227566346
GSE111154,R-HSA-166658,IGLV3-25,0.6189265005482378,0.6161941267664844,0.0027323737817533944
GSE111154,R-HSA-166658,IGLV3-27,0.6189265005482378,0.6190784444588219,0.00015194391058404033
GSE111154,R-HSA-166658,IGLV4-3,0.6189265005482378,0.618938257991525,1.1757443287185865e-05
GSE111154,R-HSA-166658,IGLV4-60,0.6189265005482378,0.6267882526318758,0.00786175208363793
GSE111154,R-HSA-166658,IGLV4-69,0.6189265005482378,0.6200373039991728,0.0011108034509349496
GSE111154,R-HSA-166658,IGLV5-37,0.6189265005482378,0.6190524805881881,0.00012598003995023532
GSE111154,R-HSA-166658,IGLV5-45,0.6189265005482378,0.6162991278251415,0.0026273727230963217
GSE111154,R-HSA-166658,IGLV6-57,0.6189265005482378,0.6168477181196451,0.002078782428592718
GSE111154,R-HSA-166658,IGLV7-43,0.6189265005482378,0.6189719296969326,4.542914869476444e-05
GSE111154,R-HSA-166658,IGLV7-46,0.6189265005482378,0.6197167514085393,0.0007902508603014891
GSE111154,R-HSA-166658,IGLV8-61,0.6189265005482378,0.6162991278251415,0.0026273727230963217
GSE111154,R-HSA-166658,MASP1,0.6189265005482378,0.6240927535570139,0.005166253008776045
GSE111154,R-HSA-166658,MASP2,0.6189265005482378,0.6215625039967814,0.0026360034485435335
GSE111154,R-HSA-166658,MBL2,0.6189265005482378,0.6237625544446408,0.004836053896402959
GSE111154,R-HSA-166658,PROS1,0.6189265005482378,0.617690611775367,0.0012358887728708412
GSE111154,R-HSA-166658,SERPING1,0.6189265005482378,0.6191027883441704,0.0001762877959325948
GSE111154,R-HSA-166658,VTN,0.6189265005482378,0.6322511605476968,0.013324659999458977
GSE111154,R-HSA-9769740,ADAMTS13,0.08438968203723013,0.10093539703189516,0.016545714994665034
GSE111154,R-HSA-9769740,AGRN,0.08438968203723013,0.0739119161427128,0.010477765894517335
GSE111154,R-HSA-9769740,ANO5,0.08438968203723013,0.10545611372301784,0.021066431685787715
GSE111154,R-HSA-9769740,ANO6,0.08438968203723013,0.09402023738984458,0.00963055535261445
GSE111154,R-HSA-9769740,APP,0.08438968203723013,0.07408143564791839,0.010308246389311743
GSE111154,R-HSA-9769740,CD177,0.08438968203723013,0.08155962439275066,0.0028300576444794667
GSE111154,R-HSA-9769740,F10,0.08438968203723013,0.05802050183360811,0.02636918020362202
GSE111154,R-HSA-9769740,F11,0.08438968203723013,0.09354894185353346,0.009159259816303333
GSE111154,R-HSA-9769740,F12,0.08438968203723013,0.09734161144485538,0.012951929407625254
GSE111154,R-HSA-9769740,F13A1,0.08438968203723013,0.06106482611595345,0.02332485592127668
GSE111154,R-HSA-9769740,F13B,0.08438968203723013,0.10420610783150465,0.01981642579427452
GSE111154,R-HSA-9769740,F2,0.08438968203723013,0.08978642516060106,0.005396743123370934
GSE111154,R-HSA-9769740,F2R,0.08438968203723013,0.07460246433904912,0.009787217698181014
GSE111154,R-HSA-9769740,F3,0.08438968203723013,0.08389493940890672,0.0004947426283234135
GSE111154,R-HSA-9769740,F5,0.08438968203723013,0.0804191979193841,0.003970484117846035
GSE111154,R-HSA-9769740,F7,0.08438968203723013,0.08894184216670621,0.004552160129476082
GSE111154,R-HSA-9769740,F8,0.08438968203723013,0.06284016901794379,0.021549513019286343
GSE111154,R-HSA-9769740,F9,0.08438968203723013,0.10277597602911978,0.018386293991889652
GSE111154,R-HSA-9769740,FGA,0.08438968203723013,0.08556315295017224,0.0011734709129421067
GSE111154,R-HSA-9769740,FGB,0.08438968203723013,0.0865564367427305,0.0021667547055003733
GSE111154,R-HSA-9769740,FGG,0.08438968203723013,0.08240001797580654,0.0019896640614235905
GSE111154,R-HSA-9769740,GP1BA,0.08438968203723013,0.10140631718607994,0.01701663514884981
GSE111154,R-HSA-9769740,GP1BB,0.08438968203723013,0.06131076291302495,0.023078919124205177
GSE111154,R-HSA-9769740,GP5,0.08438968203723013,0.10145718268724502,0.01706750065001489
GSE111154,R-HSA-9769740,GP9,0.08438968203723013,0.09046536672804018,0.006075684690810046
GSE111154,R-HSA-9769740,GPC1,0.08438968203723013,0.057804474676960385,0.026585207360269744
GSE111154,R-HSA-9769740,GPC2,0.08438968203723013,0.09892666883407059,0.014536986796840456
GSE111154,R-HSA-9769740,GPC3,0.08438968203723013,0.07102732172639105,0.01336236031083908
GSE111154,R-HSA-9769740,GPC4,0.08438968203723013,0.08439820427325143,8.522236021296647e-06
GSE111154,R-HSA-9769740,GPC5,0.08438968203723013,0.09265811295335141,0.008268430916121283
GSE111154,R-HSA-9769740,GPC6,0.08438968203723013,0.08270962653308847,0.0016800555041416587
GSE111154,R-HSA-9769740,HSPG2,0.08438968203723013,0.0540952933264529,0.030294388710777227
GSE111154,R-HSA-9769740,ITGA2B,0.08438968203723013,0.08912786693596689,0.004738184898736758
GSE111154,R-HSA-9769740,ITGB3,0.08438968203723013,0.08427273338473643,0.00011694865249370356
GSE111154,R-HSA-9769740,KLKB1,0.08438968203723013,0.09457739763502776,0.01018771559779763
GSE111154,R-HSA-9769740,KNG1,0.08438968203723013,0.09271664946585124,0.008326967428621115
GSE111154,R-HSA-9769740,PF4,0.08438968203723013,0.09997945643874373,0.0155897744015136
GSE111154,R-HSA-9769740,PF4V1,0.08438968203723013,0.08794027808213933,0.0035505960449092044
GSE111154,R-HSA-9769740,PROC,0.08438968203723013,0.09644505161471086,0.012055369577480726
GSE111154,R-HSA-9769740,PROCR,0.08438968203723013,0.0912634871951754,0.006873805157945265
GSE111154,R-HSA-9769740,PROS1,0.08438968203723013,0.07208473812760627,0.012304943909623861
GSE111154,R-HSA-9769740,PROZ,0.08438968203723013,0.07249277203964928,0.011896909997580848
GSE111154,R-HSA-9769740,PRTN3,0.08438968203723013,0.08052303721104992,0.00386664482618021
GSE111154,R-HSA-9769740,SDC1,0.08438968203723013,0.08131886045801891,0.003070821579211222
GSE111154,R-HSA-9769740,SDC2,0.08438968203723013,0.08018665201543893,0.004203030021791204
GSE111154,R-HSA-9769740,SDC3,0.08438968203723013,0.07552170921572114,0.008867972821508988
GSE111154,R-HSA-9769740,SDC4,0.08438968203723013,0.0885197529652969,0.004130070928066776
GSE111154,R-HSA-9769740,SERPINA10,0.08438968203723013,0.06603409080831936,0.01835559122891077
GSE111154,R-HSA-9769740,SERPINA5,0.08438968203723013,0.08995534463460139,0.0055656625973712626
GSE111154,R-HSA-9769740,SERPINC1,0.08438968203723013,0.11422456257919004,0.029834880541959916
GSE111154,R-HSA-9769740,SERPIND1,0.08438968203723013,0.09879590208865832,0.014406220051428192
GSE111154,R-HSA-9769740,SERPINE1,0.08438968203723013,0.08891315774039595,0.004523475703165816
GSE111154,R-HSA-9769740,SERPINE2,0.08438968203723013,0.0896819233207918,0.005292241283561677
GSE111154,R-HSA-9769740,SERPING1,0.08438968203723013,0.07542936684319362,0.008960315194036506
GSE111154,R-HSA-9769740,SMPD1,0.08438968203723013,0.09762239452271163,0.013232712485481496
GSE111154,R-HSA-9769740,TFPI,0.08438968203723013,0.08153553214188401,0.002854149895346117
GSE111154,R-HSA-9769740,THBD,0.08438968203723013,0.0856293972001584,0.0012397151629282704
GSE111154,R-HSA-9769740,VWF,0.08438968203723013,0.04162277653833993,0.0427669054988902
GSE111154,R-HSA-202733,ANGPT1,0.36871813236319106,0.36675948819682413,0.0019586441663669296
GSE111154,R-HSA-202733,ANGPT2,0.36871813236319106,0.3715412506407699,0.002823118277578862
GSE111154,R-HSA-202733,ANGPT4,0.36871813236319106,0.37064454653300233,0.0019264141698112636
GSE111154,R-HSA-202733,APOB,0.36871813236319106,0.3708138966907888,0.0020957643275977267
GSE111154,R-HSA-202733,ATP1B1,0.36871813236319106,0.37114657878222657,0.0024284464190355015
GSE111154,R-HSA-202733,ATP1B2,0.36871813236319106,0.37176594357955156,0.0030478112163604965
GSE111154,R-HSA-202733,ATP1B3,0.36871813236319106,0.36735090900960726,0.0013672233535838019
GSE111154,R-HSA-202733,BSG,0.36871813236319106,0.3720793829417244,0.0033612505785333147
GSE111154,R-HSA-202733,CAV1,0.36871813236319106,0.3634342046516408,0.005283927711550285
GSE111154,R-HSA-202733,CD177,0.36871813236319106,0.36929839257352426,0.0005802602103331944
GSE111154,R-HSA-202733,CD2,0.36871813236319106,0.3668478643700975,0.0018702679930935884
GSE111154,R-HSA-202733,CD244,0.36871813236319106,0.3656594456538519,0.0030586867093391756
GSE111154,R-HSA-202733,CD44,0.36871813236319106,0.3690785947811119,0.0003604624179208149
GSE111154,R-HSA-202733,CD47,0.36871813236319106,0.3662051588029911,0.0025129735601999714
GSE111154,R-HSA-202733,CD48,0.36871813236319106,0.36729071137960223,0.001427420983588834
GSE111154,R-HSA-202733,CD58,0.36871813236319106,0.3720917949942443,0.003373662631053209
GSE111154,R-HSA-202733,CD74,0.36871813236319106,0.3684867797092315,0.00023135265395957116
GSE111154,R-HSA-202733,CD84,0.36871813236319106,0.36593811226840023,0.002780020094790836
GSE111154,R-HSA-202733,CD99,0.36871813236319106,0.3657062849566451,0.0030118474065459755
GSE111154,R-HSA-202733,CD99L2,0.36871813236319106,0.36720426518748633,0.0015138671757047306
GSE111154,R-HSA-202733,CEACAM1,0.36871813236319106,0.3668379332331308,0.0018801991300602672
GSE111154,R-HSA-202733,CEACAM3,0.36871813236319106,0.37594329175964564,0.007225159396454572
GSE111154,R-HSA-202733,CEACAM5,0.36871813236319106,0.37129403782660636,0.0025759054634152956
GSE111154,R-HSA-202733,CEACAM6,0.36871813236319106,0.3740880551166867,0.005369922753495626
GSE111154,R-HSA-202733,CEACAM8,0.36871813236319106,0.37051630381572503,0.0017981714525339698
GSE111154,R-HSA-202733,COL1A1,0.36871813236319106,0.36747378682471393,0.0012443455384771318
GSE111154,R-HSA-202733,COL1A2,0.36871813236319106,0.36416500069398117,0.004553131669209898
GSE111154,R-HSA-202733,CXADR,0.36871813236319106,0.36408205844683095,0.004636073916360117
GSE111154,R-HSA-202733,DOK2,0.36871813236319106,0.3709052667145443,0.0021871343513532593
GSE111154,R-HSA-202733,EPCAM,0.36871813236319106,0.3686796100985555,3.852226463557651e-05
GSE111154,R-HSA-202733,ESAM,0.36871813236319106,0.37045164818048276,0.0017335158172916976
GSE111154,R-HSA-202733,F11R,0.36871813236319106,0.37110598819621476,0.0023878558330237
GSE111154,R-HSA-202733,F2,0.36871813236319106,0.37151031542148394,0.002792183058292874
GSE111154,R-HSA-202733,FCAMR,0.36871813236319106,0.37613710853715476,0.007418976173963698
GSE111154,R-HSA-202733,FCER1G,0.36871813236319106,0.36369617168187895,0.00502196068131211
GSE111154,R-HSA-202733,FN1,0.36871813236319106,0.36733547482326556,0.0013826575399255026
GSE111154,R-HSA-202733,FYN,0.36871813236319106,0.36564814119167344,0.0030699911715176276
GSE111154,R-HSA-202733,GAS6,0.36871813236319106,0.3687494126870315,3.128032384042134e-05
GSE111154,R-HSA-202733,GLG1,0.36871813236319106,0.3701991162543766,0.001480983891185561
GSE111154,R-HSA-202733,GP6,0.36871813236319106,0.3736803028223542,0.00496217045916314
GSE111154,R-HSA-202733,GPC1,0.36871813236319106,0.36291139477258055,0.005806737590610511
GSE111154,R-HSA-202733,GRB14,0.36871813236319106,0.37294656357896916,0.0042284312157780946
GSE111154,R-HSA-202733,GRB2,0.36871813236319106,0.3677060638370047,0.0010120685261863493
GSE111154,R-HSA-202733,GRB7,0.36871813236319106,0.3726154741267824,0.0038973417635913554
GSE111154,R-HSA-202733,GYPA,0.36871813236319106,0.37607656716637194,0.00735843480318088
GSE111154,R-HSA-202733,GYPB,0.36871813236319106,0.37209543920078536,0.003377306837594296
GSE111154,R-HSA-202733,GYPC,0.36871813236319106,0.36325259767809437,0.005465534685096696
GSE111154,R-HSA-202733,HRAS,0.36871813236319106,0.3695677250136181,0.0008495926504270557
GSE111154,R-HSA-202733,IGHA1,0.36871813236319106,0.3643942381340456,0.004323894229145475
GSE111154,R-HSA-202733,IGHA2,0.36871813236319106,0.3651411416816753,0.0035769906815157904
GSE111154,R-HSA-202733,IGHM,0.36871813236319106,0.3656796110047689,0.0030385213584221415
GSE111154,R-HSA-202733,IGHV1-2,0.36871813236319106,0.3651411416816753,0.0035769906815157904
GSE111154,R-HSA-202733,IGHV1-46,0.36871813236319106,0.367439199989527,0.0012789323736640545
GSE111154,R-HSA-202733,IGHV1-69,0.36871813236319106,0.36757151208210853,0.0011466202810825332
GSE111154,R-HSA-202733,IGHV2-5,0.36871813236319106,0.36845422081368345,0.00026391154950761164
GSE111154,R-HSA-202733,IGHV2-70,0.36871813236319106,0.3654791310220771,0.0032390013411139895
GSE111154,R-HSA-202733,IGHV3-11,0.36871813236319106,0.3660290299099613,0.002689102453229786
GSE111154,R-HSA-202733,IGHV3-13,0.36871813236319106,0.3690451234722322,0.0003269911090411082
GSE111154,R-HSA-202733,IGHV3-23,0.36871813236319106,0.36481422797960644,0.003903904383584622
GSE111154,R-HSA-202733,IGHV3-30,0.36871813236319106,0.3647628077441952,0.003955324618995837
GSE111154,R-HSA-202733,IGHV3-33,0.36871813236319106,0.36465251471925836,0.004065617643932706
GSE111154,R-HSA-202733,IGHV3-48,0.36871813236319106,0.3658695452215174,0.0028485871416736863
GSE111154,R-HSA-202733,IGHV3-53,0.36871813236319106,0.36579995664862003,0.0029181757145710363
GSE111154,R-HSA-202733,IGHV3-7,0.36871813236319106,0.36645859826327765,0.0022595340999134184
GSE111154,R-HSA-202733,IGHV3-9,0.36871813236319106,0.36542111056747373,0.0032970217957173364
GSE111154,R-HSA-202733,IGHV4-34,0.36871813236319106,0.36631127080808734,0.002406861555103723
GSE111154,R-HSA-202733,IGHV4-39,0.36871813236319106,0.36855782050816666,0.0001603118550244087
GSE111154,R-HSA-202733,IGHV4-59,0.36871813236319106,0.36615191225906385,0.002566220104127215
GSE111154,R-HSA-202733,IGHV7-81,0.36871813236319106,0.36729165313160367,0.0014264792315873964
GSE111154,R-HSA-202733,IGKC,0.36871813236319106,0.36570326697891314,0.0030148653842779205
GSE111154,R-HSA-202733,IGKV1-12,0.36871813236319106,0.36570326697891314,0.0030148653842779205
GSE111154,R-HSA-202733,IGKV1-16,0.36871813236319106,0.36570326697891314,0.0030148653842779205
GSE111154,R-HSA-202733,IGKV1-17,0.36871813236319106,0.3661124829094949,0.0026056494536961794
GSE111154,R-HSA-202733,IGKV1-33,0.36871813236319106,0.36570326697891314,0.0030148653842779205
GSE111154,R-HSA-202733,IGKV1-39,0.36871813236319106,0.36570326697891314,0.0030148653842779205
GSE111154,R-HSA-202733,IGKV1-5,0.36871813236319106,0.36732960934627334,0.0013885230169177198
GSE111154,R-HSA-202733,IGKV1D-12,0.36871813236319106,0.36551078317058794,0.003207349192603126
GSE111154,R-HSA-202733,IGKV1D-16,0.36871813236319106,0.3661239410820878,0.0025941912811032752
GSE111154,R-HSA-202733,IGKV1D-33,0.36871813236319106,0.3657938266298341,0.0029243057333569467
GSE111154,R-HSA-202733,IGKV1D-39,0.36871813236319106,0.3655272758295778,0.0031908565336132844
GSE111154,R-HSA-202733,IGKV2-28,0.36871813236319106,0.365592735617735,0.0031253967454560883
GSE111154,R-HSA-202733,IGKV2-29,0.36871813236319106,0.36748899121288087,0.0012291411503101979
GSE111154,R-HSA-202733,IGKV2-30,0.36871813236319106,0.36570326697891314,0.0030148653842779205
GSE111154,R-HSA-202733,IGKV2D-28,0.36871813236319106,0.3660391574816776,0.002678974881513474
GSE111154,R-HSA-202733,IGKV2D-30,0.36871813236319106,0.3660230888949265,0.0026950434682645463
GSE111154,R-HSA-202733,IGKV2D-40,0.36871813236319106,0.36728031715480847,0.001437815208382598
GSE111154,R-HSA-202733,IGKV3-11,0.36871813236319106,0.36642857913648774,0.0022895532267033225
GSE111154,R-HSA-202733,IGKV3-15,0.36871813236319106,0.36570326697891314,0.0030148653842779205
GSE111154,R-HSA-202733,IGKV3-20,0.36871813236319106,0.36570326697891314,0.0030148653842779205
GSE111154,R-HSA-202733,IGKV3D-20,0.36871813236319106,0.36527478047801015,0.003443351885180912
GSE111154,R-HSA-202733,IGKV4-1,0.36871813236319106,0.36640034391058174,0.002317788452609326
GSE111154,R-HSA-202733,IGKV5-2,0.36871813236319106,0.3676841711602376,0.0010339612029534595
GSE111154,R-HSA-202733,IGLC1,0.36871813236319106,0.36586481309053515,0.0028533192726559187
GSE111154,R-HSA-202733,IGLC2,0.36871813236319106,0.36586481309053515,0.0028533192726559187
GSE111154,R-HSA-202733,IGLC3,0.36871813236319106,0.36586481309053515,0.0028533192726559187
GSE111154,R-HSA-202733,IGLC7,0.36871813236319106,0.36426700022841724,0.0044511321347738275
GSE111154,R-HSA-202733,IGLL1,0.36871813236319106,0.367182413440248,0.0015357189229430745
GSE111154,R-HSA-202733,IGLV1-36,0.36871813236319106,0.3658648130905352,0.002853319272655863
GSE111154,R-HSA-202733,IGLV1-40,0.36871813236319106,0.3658648130905352,0.002853319272655863
GSE111154,R-HSA-202733,IGLV1-44,0.36871813236319106,0.3658648130905352,0.002853319272655863
GSE111154,R-HSA-202733,IGLV1-47,0.36871813236319106,0.3658648130905352,0.002853319272655863
GSE111154,R-HSA-202733,IGLV1-51,0.36871813236319106,0.3658648130905352,0.002853319272655863
GSE111154,R-HSA-202733,IGLV10-54,0.36871813236319106,0.3672139035387937,0.00150422882439738
GSE111154,R-HSA-202733,IGLV11-55,0.36871813236319106,0.3734097301013679,0.004691597738176845
GSE111154,R-HSA-202733,IGLV2-11,0.36871813236319106,0.3658648130905352,0.002853319272655863
GSE111154,R-HSA-202733,IGLV2-14,0.36871813236319106,0.3658648130905352,0.002853319272655863
GSE111154,R-HSA-202733,IGLV2-18,0.36871813236319106,0.36550878168310424,0.00320935068008682
GSE111154,R-HSA-202733,IGLV2-23,0.36871813236319106,0.3658648130905352,0.002853319272655863
GSE111154,R-HSA-202733,IGLV2-33,0.36871813236319106,0.36641571653158905,0.0023024158316020116
GSE111154,R-HSA-202733,IGLV2-8,0.36871813236319106,0.3658648130905352,0.002853319272655863
GSE111154,R-HSA-202733,IGLV3-1,0.36871813236319106,0.36603918291424725,0.0026789494489438126
GSE111154,R-HSA-202733,IGLV3-12,0.36871813236319106,0.3686898021171272,2.8330246063856812e-05
GSE111154,R-HSA-202733,IGLV3-16,0.36871813236319106,0.3664937318898776,0.0022244004733134592
GSE111154,R-HSA-202733,IGLV3-19,0.36871813236319106,0.3658648130905352,0.002853319272655863
GSE111154,R-HSA-202733,IGLV3-21,0.36871813236319106,0.3658648130905352,0.002853319272655863
GSE111154,R-HSA-202733,IGLV3-22,0.36871813236319106,0.3705512667383628,0.001833134375171741
GSE111154,R-HSA-202733,IGLV3-25,0.36871813236319106,0.36579794920884323,0.002920183154347833
GSE111154,R-HSA-202733,IGLV3-27,0.36871813236319106,0.36763466094688824,0.001083471416302828
GSE111154,R-HSA-202733,IGLV4-3,0.36871813236319106,0.36754539126252467,0.0011727411006663968
GSE111154,R-HSA-202733,IGLV4-60,0.36871813236319106,0.3725442086042575,0.003826076241066456
GSE111154,R-HSA-202733,IGLV4-69,0.36871813236319106,0.36824525546550796,0.0004728768976831055
GSE111154,R-HSA-202733,IGLV5-37,0.36871813236319106,0.3676181273500224,0.0011000050131686478
GSE111154,R-HSA-202733,IGLV5-45,0.36871813236319106,0.3658648130905352,0.002853319272655863
GSE111154,R-HSA-202733,IGLV6-57,0.36871813236319106,0.36621415124977097,0.002503981113420095
GSE111154,R-HSA-202733,IGLV7-43,0.36871813236319106,0.3675668331504021,0.0011512992127889476
GSE111154,R-HSA-202733,IGLV7-46,0.36871813236319106,0.3680411299950574,0.0006770023681336723
GSE111154,R-HSA-202733,IGLV8-61,0.36871813236319106,0.3658648130905352,0.002853319272655863
GSE111154,R-HSA-202733,INPP5D,0.36871813236319106,0.36628458295870503,0.002433549404486035
GSE111154,R-HSA-202733,ITGA3,0.36871813236319106,0.36650231649274695,0.0022158158704441155
GSE111154,R-HSA-202733,ITGA4,0.36871813236319106,0.3670365383892769,0.0016815939739141528
GSE111154,R-HSA-202733,ITGA5,0.36871813236319106,0.37044984448079493,0.0017317121176038675
GSE111154,R-HSA-202733,ITGA6,0.36871813236319106,0.37573111423604366,0.007012981872852597
GSE111154,R-HSA-202733,ITGAL,0.36871813236319106,0.36812265328982224,0.0005954790733688209
GSE111154,R-HSA-202733,ITGAM,0.36871813236319106,0.3673138332112185,0.0014042991519725434
GSE111154,R-HSA-202733,ITGAV,0.36871813236319106,0.36734533983433165,0.0013727925288594123
GSE111154,R-HSA-202733,ITGAX,0.36871813236319106,0.37256969144024055,0.0038515590770494823
GSE111154,R-HSA-202733,ITGB1,0.36871813236319106,0.3651557868919715,0.0035623454712195857
GSE111154,R-HSA-202733,ITGB2,0.36871813236319106,0.36696048898641787,0.0017576433767731992
GSE111154,R-HSA-202733,ITGB3,0.36871813236319106,0.3700278605572185,0.0013097281940274152
GSE111154,R-HSA-202733,JAM2,0.36871813236319106,0.36719382205165296,0.0015243103115381018
GSE111154,R-HSA-202733,JAM3,0.36871813236319106,0.36427211067278353,0.004446021690407531
GSE111154,R-HSA-202733,KRAS,0.36871813236319106,0.3719090247263801,0.003190892363189035
GSE111154,R-HSA-202733,L1CAM,0.36871813236319106,0.3635395002086011,0.005178632154589968
GSE111154,R-HSA-202733,LCK,0.36871813236319106,0.36626747307299284,0.0024506592901982205
GSE111154,R-HSA-202733,LYN,0.36871813236319106,0.3656562994509746,0.0030618329122164556
GSE111154,R-HSA-202733,MAG,0.36871813236319106,0.36807678860134635,0.0006413437618447149
GSE111154,R-HSA-202733,MERTK,0.36871813236319106,0.3649421279915349,0.0037760043716561498
GSE111154,R-HSA-202733,MIF,0.36871813236319106,0.3732630478353332,0.004544915472142141
GSE111154,R-HSA-202733,MMP1,0.36871813236319106,0.37472472580899296,0.0060065934458019
GSE111154,R-HSA-202733,NRAS,0.36871813236319106,0.3683594915167816,0.0003586408464094637
GSE111154,R-HSA-202733,OLR1,0.36871813236319106,0.3749275271648752,0.006209394801684143
GSE111154,R-HSA-202733,PECAM1,0.36871813236319106,0.3654926872680817,0.0032254450951093583
GSE111154,R-HSA-202733,PF4,0.36871813236319106,0.3742508945858903,0.005532762222699217
GSE111154,R-HSA-202733,PF4V1,0.36871813236319106,0.37101394568812396,0.002295813324932894
GSE111154,R-HSA-202733,PICK1,0.36871813236319106,0.3689462053302765,0.00022807296708543534
GSE111154,R-HSA-202733,PIK3CA,0.36871813236319106,0.3696394784052657,0.0009213460420746111
GSE111154,R-HSA-202733,PIK3CB,0.36871813236319106,0.373773914652857,0.005055782289665911
GSE111154,R-HSA-202733,PIK3R1,0.36871813236319106,0.3677090078429954,0.0010091245201956922
GSE111154,R-HSA-202733,PIK3R2,0.36871813236319106,0.3768643615165818,0.00814622915339075
GSE111154,R-HSA-202733,PLCG1,0.36871813236319106,0.3684180360267282,0.00030009633646288503
GSE111154,R-HSA-202733,PPIA,0.36871813236319106,0.36767925500347504,0.0010388773597160283
GSE111154,R-HSA-202733,PPIL2,0.36871813236319106,0.3714321774808091,0.0027140451176180247
GSE111154,R-HSA-202733,PROC,0.36871813236319106,0.3733006064964098,0.004582474133218717
GSE111154,R-HSA-202733,PROCR,0.36871813236319106,0.37190745002511955,0.0031893176619284813
GSE111154,R-HSA-202733,PROS1,0.36871813236319106,0.3667508995682731,0.0019672327949179502
GSE111154,R-HSA-202733,PSG1,0.36871813236319106,0.37221756193877703,0.003499429575585966
GSE111154,R-HSA-202733,PSG11,0.36871813236319106,0.37758293055447295,0.008864798191281886
GSE111154,R-HSA-202733,PSG2,0.36871813236319106,0.3722833850226867,0.0035652526594956435
GSE111154,R-HSA-202733,PSG3,0.36871813236319106,0.3735346811891857,0.004816548825994638
GSE111154,R-HSA-202733,PSG4,0.36871813236319106,0.371617649949444,0.002899517586252953
GSE111154,R-HSA-202733,PSG5,0.36871813236319106,0.3741809235418811,0.00546279117869003
GSE111154,R-HSA-202733,PSG6,0.36871813236319106,0.37307636040472997,0.004358228041538903
GSE111154,R-HSA-202733,PSG7,0.36871813236319106,0.37325921164610804,0.004541079282916971
GSE111154,R-HSA-202733,PSG8,0.36871813236319106,0.37101427001819437,0.0022961376550033052
GSE111154,R-HSA-202733,PSG9,0.36871813236319106,0.37295722336665227,0.004239091003461204
GSE111154,R-HSA-202733,PTPN11,0.36871813236319106,0.37064607610992784,0.001927943746736771
GSE111154,R-HSA-202733,PTPN6,0.36871813236319106,0.3675854649796208,0.0011326673835702628
GSE111154,R-HSA-202733,SDC1,0.36871813236319106,0.36923365887409165,0.000515526510900588
GSE111154,R-HSA-202733,SDC2,0.36871813236319106,0.36892924434000174,0.00021111197681067395
GSE111154,R-HSA-202733,SDC3,0.36871813236319106,0.3676749908513983,0.0010431415117927445
GSE111154,R-HSA-202733,SDC4,0.36871813236319106,0.3711697478972749,0.002451615534083851
GSE111154,R-HSA-202733,SELE,0.36871813236319106,0.37451857182157233,0.005800439458381268
GSE111154,R-HSA-202733,SELL,0.36871813236319106,0.36796053753562713,0.0007575948275639344
GSE111154,R-HSA-202733,SELP,0.36871813236319106,0.3663799605427976,0.0023381718203934754
GSE111154,R-HSA-202733,SELPLG,0.36871813236319106,0.3687406100270961,2.2477663905062784e-05
GSE111154,R-HSA-202733,SHC1,0.36871813236319106,0.36890001937112893,0.00018188700793786428
GSE111154,R-HSA-202733,SIRPA,0.36871813236319106,0.37406267506851026,0.0053445427053192
GSE111154,R-HSA-202733,SIRPG,0.36871813236319106,0.36653535916504476,0.002182773198146304
GSE111154,R-HSA-202733,SLC16A1,0.36871813236319106,0.37475331907507253,0.006035186711881468
GSE111154,R-HSA-202733,SLC16A3,0.36871813236319106,0.3705195533279345,0.0018014209647434498
GSE111154,R-HSA-202733,SLC16A8,0.36871813236319106,0.37933302932803614,0.010614896964845077
GSE111154,R-HSA-202733,SLC3A2,0.36871813236319106,0.38175346698270834,0.01303533461951728
GSE111154,R-HSA-202733,SLC7A10,0.36871813236319106,0.37409411871408266,0.005375986350891593
GSE111154,R-HSA-202733,SLC7A11,0.36871813236319106,0.3591138657775475,0.009604266585643562
GSE111154,R-HSA-202733,SLC7A5,0.36871813236319106,0.3754683018858087,0.006750169522617644
GSE111154,R-HSA-202733,SLC7A6,0.36871813236319106,0.36347490927219106,0.005243223091000004
GSE111154,R-HSA-202733,SLC7A7,0.36871813236319106,0.37260038109382476,0.0038822487306336972
GSE111154,R-HSA-202733,SLC7A8,0.36871813236319106,0.37727187228296544,0.008553739919774372
GSE111154,R-HSA-202733,SLC7A9,0.36871813236319106,0.3713165823766862,0.002598450013495124
GSE111154,R-HSA-202733,SOS1,0.36871813236319106,0.3757063528967176,0.006988220533526546
GSE111154,R-HSA-202733,SPN,0.36871813236319106,0.37096758365263005,0.002249451289438986
GSE111154,R-HSA-202733,SRC,0.36871813236319106,0.3735059196028672,0.004787787239676156
GSE111154,R-HSA-202733,TEK,0.36871813236319106,0.36774149887573876,0.0009766334874523053
GSE111154,R-HSA-202733,TGFB1,0.36871813236319106,0.3657149799137664,0.003003152449424673
GSE111154,R-HSA-202733,THBD,0.36871813236319106,0.37039262394155364,0.0016744915783625802
GSE111154,R-HSA-202733,TNFRSF10A,0.36871813236319106,0.3698951945550055,0.0011770621918144597
GSE111154,R-HSA-202733,TNFRSF10B,0.36871813236319106,0.3735154632568043,0.0047973308936132275
GSE111154,R-HSA-202733,TNFRSF10D,0.36871813236319106,0.37303943447855237,0.004321302115361303
GSE111154,R-HSA-202733,TREM1,0.36871813236319106,0.3693046369798674,0.0005865046166763088
GSE111154,R-HSA-202733,TSPAN7,0.36871813236319106,0.372638156980384,0.00392002461719293
GSE111154,R-HSA-202733,VPREB1,0.36871813236319106,0.37147221986604934,0.002754087502858271
GSE111154,R-HSA-202733,VPREB3,0.36871813236319106,0.373786604399986,0.0050684720367949465
GSE111154,R-HSA-202733,YES1,0.36871813236319106,0.3711774111067906,0.0024592787435995245
GSE111154,R-HSA-380108,CCL1,-0.09713715808769287,-0.10507607836822985,0.007938920280536985
GSE111154,R-HSA-380108,CCL11,-0.09713715808769287,-0.1037484983443672,0.006611340256674328
GSE111154,R-HSA-380108,CCL13,-0.09713715808769287,-0.08485793699236277,0.012279221095330098
GSE111154,R-HSA-380108,CCL16,-0.09713715808769287,-0.07615604935291428,0.020981108734778584
GSE111154,R-HSA-380108,CCL17,-0.09713715808769287,-0.1069471303245125,0.009809972236819633
GSE111154,R-HSA-380108,CCL19,-0.09713715808769287,-0.10563627641867893,0.008499118330986058
GSE111154,R-HSA-380108,CCL2,-0.09713715808769287,-0.09698375536042583,0.0001534027272670352
GSE111154,R-HSA-380108,CCL20,-0.09713715808769287,-0.08785268861075415,0.009284469476938714
GSE111154,R-HSA-380108,CCL21,-0.09713715808769287,-0.11164133486022089,0.014504176772528021
GSE111154,R-HSA-380108,CCL22,-0.09713715808769287,-0.10243789922025956,0.0053007411325666914
GSE111154,R-HSA-380108,CCL25,-0.09713715808769287,-0.08154973611198951,0.015587421975703356
GSE111154,R-HSA-380108,CCL27,-0.09713715808769287,-0.10240517267204127,0.005268014584348404
GSE111154,R-HSA-380108,CCL28,-0.09713715808769287,-0.11451600593619883,0.017378847848505963
GSE111154,R-HSA-380108,CCL3,-0.09713715808769287,-0.08391038051568654,0.013226777572006326
GSE111154,R-HSA-380108,CCL3L1,-0.09713715808769287,-0.09610465237060661,0.0010325057170862545
GSE111154,R-HSA-380108,CCL4,-0.09713715808769287,-0.10447417161802451,0.007337013530331643
GSE111154,R-HSA-380108,CCL5,-0.09713715808769287,-0.11423758182111882,0.01710042373342595
GSE111154,R-HSA-380108,CCL7,-0.09713715808769287,-0.0755645847657532,0.021572573321939667
GSE111154,R-HSA-380108,CCR1,-0.09713715808769287,-0.11125918219645495,0.01412202410876208
GSE111154,R-HSA-380108,CCR10,-0.09713715808769287,-0.10856004085742568,0.011422882769732814
GSE111154,R-HSA-380108,CCR2,-0.09713715808769287,-0.11868277689302188,0.021545618805329014
GSE111154,R-HSA-380108,CCR3,-0.09713715808769287,-0.09466617543910337,0.002470982648589498
GSE111154,R-HSA-380108,CCR4,-0.09713715808769287,-0.11475652472055636,0.017619366632863495
GSE111154,R-HSA-380108,CCR5,-0.09713715808769287,-0.11601064139706349,0.018873483309370623
GSE111154,R-HSA-380108,CCR6,-0.09713715808769287,-0.09572733521138209,0.001409822876310779
GSE111154,R-HSA-380108,CCR7,-0.09713715808769287,-0.09199814522325757,0.0051390128644352995
GSE111154,R-HSA-380108,CCR8,-0.09713715808769287,-0.0904396380905717,0.006697519997121162
GSE111154,R-HSA-380108,CCR9,-0.09713715808769287,-0.06445298588277079,0.03268417220492208
GSE111154,R-HSA-380108,CCRL2,-0.09713715808769287,-0.10961128672236554,0.012474128634672677
GSE111154,R-HSA-380108,CX3CL1,-0.09713715808769287,-0.08209950090022632,0.015037657187466552
GSE111154,R-HSA-380108,CX3CR1,-0.09713715808769287,-0.08377801845479266,0.01335913963290021
GSE111154,R-HSA-380108,CXCL1,-0.09713715808769287,-0.10672197622357518,0.009584818135882314
GSE111154,R-HSA-380108,CXCL10,-0.09713715808769287,-0.08263992078527692,0.01449723730241595
GSE111154,R-HSA-380108,CXCL11,-0.09713715808769287,-0.0606821869162358,0.036454971171457067
GSE111154,R-HSA-380108,CXCL12,-0.09713715808769287,-0.11181834423392621,0.014681186146233344
GSE111154,R-HSA-380108,CXCL13,-0.09713715808769287,-0.1088144743716984,0.011677316284005534
GSE111154,R-HSA-380108,CXCL16,-0.09713715808769287,-0.08636943247689696,0.010767725610795906
GSE111154,R-HSA-380108,CXCL2,-0.09713715808769287,-0.09716398467010814,2.6826582415276357e-05
GSE111154,R-HSA-380108,CXCL3,-0.09713715808769287,-0.08720869439808764,0.009928463689605233
GSE111154,R-HSA-380108,CXCL5,-0.09713715808769287,-0.1008109727723805,0.0036738146846876374
GSE111154,R-HSA-380108,CXCL6,-0.09713715808769287,-0.08340772212041389,0.013729435967278977
GSE111154,R-HSA-380108,CXCL9,-0.09713715808769287,-0.10334407137187215,0.006206913284179286
GSE111154,R-HSA-380108,CXCR1,-0.09713715808769287,-0.07953629635917042,0.017600861728522446
GSE111154,R-HSA-380108,CXCR2,-0.09713715808769287,-0.08578828934745628,0.011348868740236592
GSE111154,R-HSA-380108,CXCR3,-0.09713715808769287,-0.0875967286089122,0.009540429478780671
GSE111154,R-HSA-380108,CXCR4,-0.09713715808769287,-0.11559841673799197,0.0184612586502991
GSE111154,R-HSA-380108,CXCR5,-0.09713715808769287,-0.11194492441873147,0.0148077663310386
GSE111154,R-HSA-380108,CXCR6,-0.09713715808769287,-0.12796154402678553,0.03082438593909266
GSE111154,R-HSA-380108,PF4,-0.09713715808769287,-0.0835392676884361,0.013597890399256768
GSE111154,R-HSA-380108,PPBP,-0.09713715808769287,-0.09735728391860826,0.00022012583091539362
GSE111154,R-HSA-380108,XCL1,-0.09713715808769287,-0.09833242558702926,0.0011952674993363915
GSE111154,R-HSA-380108,XCL2,-0.09713715808769287,-0.09508494172408591,0.0020522163636069596
GSE111154,R-HSA-380108,XCR1,-0.09713715808769287,-0.100405294236906,0.0032681361492131328
GSE111154,R-HSA-1474244,A2M,0.33857367080004463,0.3354518238144031,0.003121846985641552
GSE111154,R-HSA-1474244,ACAN,0.33857367080004463,0.3418094012095213,0.003235730409476667
GSE111154,R-HSA-1474244,ACTA1,0.33857367080004463,0.33857549942138004,1.8286213354090641e-06
GSE111154,R-HSA-1474244,ACTA2,0.33857367080004463,0.33304283792543593,0.005530832874608704
GSE111154,R-HSA-1474244,ACTB,0.33857367080004463,0.3381775962102467,0.00039607458979795673
GSE111154,R-HSA-1474244,ACTC1,0.33857367080004463,0.34102744232019605,0.0024537715201514154
GSE111154,R-HSA-1474244,ACTG1,0.33857367080004463,0.33896247617392417,0.0003888053738795305
GSE111154,R-HSA-1474244,ACTG2,0.33857367080004463,0.3402587111099919,0.001685040309947261
GSE111154,R-HSA-1474244,ACTN1,0.33857367080004463,0.3374619946661661,0.0011116761338785253
GSE111154,R-HSA-1474244,ADAM10,0.33857367080004463,0.3394606955009271,0.0008870247008824772
GSE111154,R-HSA-1474244,ADAM12,0.33857367080004463,0.340580602789605,0.0020069319895603677
GSE111154,R-HSA-1474244,ADAM15,0.33857367080004463,0.34025404933099324,0.0016803785309486008
GSE111154,R-HSA-1474244,ADAM17,0.33857367080004463,0.3386300878175758,5.641701753117401e-05
GSE111154,R-HSA-1474244,ADAM19,0.33857367080004463,0.33709593786933156,0.0014777329307130715
GSE111154,R-HSA-1474244,ADAM8,0.33857367080004463,0.34257516954399025,0.0040014987439456196
GSE111154,R-HSA-1474244,ADAM9,0.33857367080004463,0.3389088765167952,0.0003352057167505529
GSE111154,R-HSA-1474244,ADAMTS1,0.33857367080004463,0.3417193459856673,0.003145675185622643
GSE111154,R-HSA-1474244,ADAMTS14,0.33857367080004463,0.34318804193354585,0.004614371133501216
GSE111154,R-HSA-1474244,ADAMTS16,0.33857367080004463,0.33871167173763483,0.00013800093759019916
GSE111154,R-HSA-1474244,ADAMTS18,0.33857367080004463,0.33648043920701287,0.0020932315930317635
GSE111154,R-HSA-1474244,ADAMTS2,0.33857367080004463,0.333640958469605,0.004932712330439626
GSE111154,R-HSA-1474244,ADAMTS3,0.33857367080004463,0.3384419110365668,0.00013175976347784557
GSE111154,R-HSA-1474244,ADAMTS4,0.33857367080004463,0.33984014716311906,0.0012664763630744202
GSE111154,R-HSA-1474244,ADAMTS5,0.33857367080004463,0.3314362398208119,0.007137430979232751
GSE111154,R-HSA-1474244,ADAMTS8,0.33857367080004463,0.3399663604807301,0.001392689680685455
GSE111154,R-HSA-1474244,ADAMTS9,0.33857367080004463,0.34105918971706495,0.002485518917020313
GSE111154,R-HSA-1474244,AGRN,0.33857367080004463,0.33748115912098514,0.0010925116790594935
GSE111154,R-HSA-1474244,APP,0.33857367080004463,0.3375119317700193,0.0010617390300253216
GSE111154,R-HSA-1474244,ASPN,0.33857367080004463,0.3380496814249621,0.0005239893750825231
GSE111154,R-HSA-1474244,BCAN,0.33857367080004463,0.3402558860959052,0.0016822152958605452
GSE111154,R-HSA-1474244,BGN,0.33857367080004463,0.3378499422908884,0.0007237285091562518
GSE111154,R-HSA-1474244,BMP1,0.33857367080004463,0.33963395559086995,0.0010602847908253166
GSE111154,R-HSA-1474244,BMP10,0.33857367080004463,0.34257468539041874,0.004001014590374108
GSE111154,R-HSA-1474244,BMP2,0.33857367080004463,0.3404200917795119,0.0018464209794672448
GSE111154,R-HSA-1474244,BMP4,0.33857367080004463,0.33292188103221876,0.005651789767825877
GSE111154,R-HSA-1474244,BMP7,0.33857367080004463,0.3478628485988265,0.009289177798781856
GSE111154,R-HSA-1474244,BSG,0.33857367080004463,0.34074704870159217,0.002173377901547535
GSE111154,R-HSA-1474244,CAPN1,0.33857367080004463,0.33784573906741927,0.0007279317326253643
GSE111154,R-HSA-1474244,CAPN10,0.33857367080004463,0.3402134360421642,0.0016397652421195619
GSE111154,R-HSA-1474244,CAPN11,0.33857367080004463,0.34087811458979655,0.00230444378975192
GSE111154,R-HSA-1474244,CAPN12,0.33857367080004463,0.3409808418258565,0.0024071710258118384
GSE111154,R-HSA-1474244,CAPN13,0.33857367080004463,0.34642012971133623,0.007846458911291598
GSE111154,R-HSA-1474244,CAPN14,0.33857367080004463,0.3395975927025514,0.0010239219025067747
GSE111154,R-HSA-1474244,CAPN2,0.33857367080004463,0.33891711288576903,0.00034344208572439916
GSE111154,R-HSA-1474244,CAPN3,0.33857367080004463,0.34159636399121335,0.0030226931911687127
GSE111154,R-HSA-1474244,CAPN5,0.33857367080004463,0.3417816747066336,0.0032080039065889854
GSE111154,R-HSA-1474244,CAPN6,0.33857367080004463,0.3399758711258886,0.001402200325843983
GSE111154,R-HSA-1474244,CAPN7,0.33857367080004463,0.33940609248736575,0.0008324216873211165
GSE111154,R-HSA-1474244,CAPN8,0.33857367080004463,0.33793342487718786,0.0006402459228567747
GSE111154,R-HSA-1474244,CAPN9,0.33857367080004463,0.34108014260875225,0.002506471808707611
GSE111154,R-HSA-1474244,CAPNS1,0.33857367080004463,0.3418256496375782,0.0032519788375335867
GSE111154,R-HSA-1474244,CAPNS2,0.33857367080004463,0.3424747590333053,0.0039010882332606855
GSE111154,R-HSA-1474244,CASK,0.33857367080004463,0.3396084663703234,0.001034795570278746
GSE111154,R-HSA-1474244,CASP3,0.33857367080004463,0.3398225764053001,0.0012489056052554792
GSE111154,R-HSA-1474244,CAST,0.33857367080004463,0.33800748317653395,0.0005661876235106833
GSE111154,R-HSA-1474244,CD151,0.33857367080004463,0.3385988149936356,2.5144193590953545e-05
GSE111154,R-HSA-1474244,CD44,0.33857367080004463,0.33872103886066907,0.00014736806062443097
GSE111154,R-HSA-1474244,CD47,0.33857367080004463,0.33678101202193783,0.0017926587781068037
GSE111154,R-HSA-1474244,CDH1,0.33857367080004463,0.3371828226615818,0.0013908481384628524
GSE111154,R-HSA-1474244,CEACAM1,0.33857367080004463,0.33720823552254175,0.00136543527750288
GSE111154,R-HSA-1474244,CEACAM6,0.33857367080004463,0.34210322227194884,0.003529551471904202
GSE111154,R-HSA-1474244,CEACAM8,0.33857367080004463,0.3396917213935926,0.00111805059354797
GSE111154,R-HSA-1474244,CMA1,0.33857367080004463,0.3412463104067665,0.0026726396067218716
GSE111154,R-HSA-1474244,COL10A1,0.33857367080004463,0.3416004115029191,0.003026740702874453
GSE111154,R-HSA-1474244,COL11A1,0.33857367080004463,0.33882244973653913,0.0002487789364944981
GSE111154,R-HSA-1474244,COL11A2,0.33857367080004463,0.33772326308498657,0.0008504077150580658
GSE111154,R-HSA-1474244,COL12A1,0.33857367080004463,0.3363068863257139,0.0022667844743307075
GSE111154,R-HSA-1474244,COL13A1,0.33857367080004463,0.3358901047772696,0.00268356602277503
GSE111154,R-HSA-1474244,COL14A1,0.33857367080004463,0.33542065031316337,0.003153020486881264
GSE111154,R-HSA-1474244,COL15A1,0.33857367080004463,0.3366729883401358,0.0019006824599088201
GSE111154,R-HSA-1474244,COL16A1,0.33857367080004463,0.32239666355052987,0.016177007249514763
GSE111154,R-HSA-1474244,COL17A1,0.33857367080004463,0.33977967252466396,0.001206001724619321
GSE111154,R-HSA-1474244,COL18A1,0.33857367080004463,0.3341472781268666,0.0044263926731780145
GSE111154,R-HSA-1474244,COL19A1,0.33857367080004463,0.3396260046803924,0.0010523338803477555
GSE111154,R-HSA-1474244,COL1A1,0.33857367080004463,0.33763753794743223,0.0009361328526124035
GSE111154,R-HSA-1474244,COL1A2,0.33857367080004463,0.3354035804324152,0.003170090367629441
GSE111154,R-HSA-1474244,COL20A1,0.33857367080004463,0.3401951388534077,0.001621468053363051
GSE111154,R-HSA-1474244,COL21A1,0.33857367080004463,0.33592635635379875,0.0026473144462458853
GSE111154,R-HSA-1474244,COL22A1,0.33857367080004463,0.33742874972484443,0.0011449210752002004
GSE111154,R-HSA-1474244,COL23A1,0.33857367080004463,0.335195809935483,0.003377860864561655
GSE111154,R-HSA-1474244,COL24A1,0.33857367080004463,0.33874971624530464,0.0001760454452600091
GSE111154,R-HSA-1474244,COL25A1,0.33857367080004463,0.33518063613176013,0.0033930346682845003
GSE111154,R-HSA-1474244,COL26A1,0.33857367080004463,0.33928597516569575,0.0007123043656511174
GSE111154,R-HSA-1474244,COL27A1,0.33857367080004463,0.3384442080236569,0.0001294627763877565
GSE111154,R-HSA-1474244,COL28A1,0.33857367080004463,0.3366867270912179,0.0018869437088267493
GSE111154,R-HSA-1474244,COL2A1,0.33857367080004463,0.33740847703158516,0.0011651937684594715
GSE111154,R-HSA-1474244,COL3A1,0.33857367080004463,0.3371937560815393,0.0013799147185053484
GSE111154,R-HSA-1474244,COL4A1,0.33857367080004463,0.3355608346952477,0.003012836104796912
GSE111154,R-HSA-1474244,COL4A2,0.33857367080004463,0.3319203721453067,0.00665329865473796
GSE111154,R-HSA-1474244,COL4A3,0.33857367080004463,0.3365621950368807,0.0020114757631639613
GSE111154,R-HSA-1474244,COL4A4,0.33857367080004463,0.3349896694382148,0.003584001361829847
GSE111154,R-HSA-1474244,COL4A5,0.33857367080004463,0.3354308683001776,0.0031428024998670367
GSE111154,R-HSA-1474244,COL4A6,0.33857367080004463,0.3354323166712015,0.0031413541288431435
GSE111154,R-HSA-1474244,COL5A1,0.33857367080004463,0.3322996344522902,0.006274036347754419
GSE111154,R-HSA-1474244,COL5A2,0.33857367080004463,0.33606632588246016,0.0025073449175844753
GSE111154,R-HSA-1474244,COL5A3,0.33857367080004463,0.33720551576360436,0.0013681550364402773
GSE111154,R-HSA-1474244,COL6A1,0.33857367080004463,0.3387377463010784,0.0001640755010337558
GSE111154,R-HSA-1474244,COL6A2,0.33857367080004463,0.33277151107201064,0.005802159728033995
GSE111154,R-HSA-1474244,COL6A3,0.33857367080004463,0.3362322329788094,0.0023414378212352482
GSE111154,R-HSA-1474244,COL6A5,0.33857367080004463,0.33877197294861844,0.00019830214857380346
GSE111154,R-HSA-1474244,COL6A6,0.33857367080004463,0.3378468560216949,0.0007268147783497381
GSE111154,R-HSA-1474244,COL7A1,0.33857367080004463,0.33794312404702087,0.0006305467530237641
GSE111154,R-HSA-1474244,COL8A1,0.33857367080004463,0.33086825141534626,0.007705419384698375
GSE111154,R-HSA-1474244,COL8A2,0.33857367080004463,0.3396953400937421,0.001121669293697447
GSE111154,R-HSA-1474244,COL9A1,0.33857367080004463,0.34007610446088826,0.0015024336608436273
GSE111154,R-HSA-1474244,COL9A2,0.33857367080004463,0.33688803333878237,0.0016856374612622682
GSE111154,R-HSA-1474244,COL9A3,0.33857367080004463,0.33831220473917606,0.00026146606086857593
GSE111154,R-HSA-1474244,COLGALT1,0.33857367080004463,0.33866583139761597,9.216059757133355e-05
GSE111154,R-HSA-1474244,COLGALT2,0.33857367080004463,0.33875237520724805,0.00017870440720341163
GSE111154,R-HSA-1474244,COMP,0.33857367080004463,0.33621166198603825,0.002362008814006389
GSE111154,R-HSA-1474244,CRTAP,0.33857367080004463,0.33684925589268633,0.001724414907358307
GSE111154,R-HSA-1474244,CTRB1,0.33857367080004463,0.3396209102971529,0.0010472394971082766
GSE111154,R-HSA-1474244,CTRB2,0.33857367080004463,0.3406080516262795,0.0020343808262348606
GSE111154,R-HSA-1474244,CTSB,0.33857367080004463,0.34207324261063715,0.0034995718105925167
GSE111154,R-HSA-1474244,CTSD,0.33857367080004463,0.33874001386787106,0.00016634306782642438
GSE111154,R-HSA-1474244,CTSG,0.33857367080004463,0.3383454611688496,0.0002282096311950199
GSE111154,R-HSA-1474244,CTSK,0.33857367080004463,0.33563430867532235,0.002939362124722289
GSE111154,R-HSA-1474244,CTSS,0.33857367080004463,0.3365867838881033,0.0019868869119413213
GSE111154,R-HSA-1474244,DAG1,0.33857367080004463,0.3392310537071964,0.0006573829071517823
GSE111154,R-HSA-1474244,DCN,0.33857367080004463,0.33548523580102674,0.003088434999017897
GSE111154,R-HSA-1474244,DDR1,0.33857367080004463,0.33853547051252375,3.8200287520884224e-05
GSE111154,R-HSA-1474244,DDR2,0.33857367080004463,0.33510241808276825,0.003471252717276385
GSE111154,R-HSA-1474244,DMD,0.33857367080004463,0.33432911552594663,0.004244555274098005
GSE111154,R-HSA-1474244,DMP1,0.33857367080004463,0.34225409376613314,0.0036804229660885035
GSE111154,R-HSA-1474244,DRP2,0.33857367080004463,0.3416226510485876,0.003048980248542943
GSE111154,R-HSA-1474244,DSPP,0.33857367080004463,0.34176829093730166,0.0031946201372570204
GSE111154,R-HSA-1474244,DST,0.33857367080004463,0.33960736050933726,0.001033689709292629
GSE111154,R-HSA-1474244,DTNA,0.33857367080004463,0.33893519779968556,0.0003615269996409265
GSE111154,R-HSA-1474244,DTNB,0.33857367080004463,0.33968573275183317,0.0011120619517885344
GSE111154,R-HSA-1474244,EFEMP1,0.33857367080004463,0.33982585785633346,0.0012521870562888227
GSE111154,R-HSA-1474244,EFEMP2,0.33857367080004463,0.33800690810391976,0.0005667626961248784
GSE111154,R-HSA-1474244,ELANE,0.33857367080004463,0.3389644659534138,0.00039079515336915005
GSE111154,R-HSA-1474244,ELN,0.33857367080004463,0.3367054060790701,0.0018682647209745107
GSE111154,R-HSA-1474244,EMILIN1,0.33857367080004463,0.33397969821871415,0.0045939725813304855
GSE111154,R-HSA-1474244,EMILIN2,0.33857367080004463,0.3372947100761468,0.0012789607238978262
GSE111154,R-HSA-1474244,EMILIN3,0.33857367080004463,0.33588735506565254,0.0026863157343920974
GSE111154,R-HSA-1474244,F11R,0.33857367080004463,0.34008985224920985,0.0015161814491652104
GSE111154,R-HSA-1474244,FBLN1,0.33857367080004463,0.3353334705225727,0.0032402002774719607
GSE111154,R-HSA-1474244,FBLN2,0.33857367080004463,0.3369525141625854,0.001621156637459209
GSE111154,R-HSA-1474244,FBLN5,0.33857367080004463,0.3349134211483389,0.0036602496517057492
GSE111154,R-HSA-1474244,FBN1,0.33857367080004463,0.3352290454350216,0.0033446253650230573
GSE111154,R-HSA-1474244,FBN2,0.33857367080004463,0.3411139084908852,0.002540237690840552
GSE111154,R-HSA-1474244,FBN3,0.33857367080004463,0.340602368451092,0.002028697651047351
GSE111154,R-HSA-1474244,FGA,0.33857367080004463,0.3395961925541864,0.0010225217541417475
GSE111154,R-HSA-1474244,FGB,0.33857367080004463,0.33977650203245335,0.0012028312324087187
GSE111154,R-HSA-1474244,FGF2,0.33857367080004463,0.3365359440341979,0.002037726765846737
GSE111154,R-HSA-1474244,FGG,0.33857367080004463,0.33902199289323465,0.00044832209319001226
GSE111154,R-HSA-1474244,FMOD,0.33857367080004463,0.3343705943812624,0.004203076418782259
GSE111154,R-HSA-1474244,FN1,0.33857367080004463,0.3375441553222505,0.0010295154777941184
GSE111154,R-HSA-1474244,FURIN,0.33857367080004463,0.3388893404913785,0.00031566969133384193
GSE111154,R-HSA-1474244,GDF5,0.33857367080004463,0.33874817626198994,0.0001745054619453068
GSE111154,R-HSA-1474244,HAPLN1,0.33857367080004463,0.34527757824205263,0.006703907442007995
GSE111154,R-HSA-1474244,HSPG2,0.33857367080004463,0.3338838740874603,0.004689796712584349
GSE111154,R-HSA-1474244,HTRA1,0.33857367080004463,0.33991353395257823,0.0013398631525335936
GSE111154,R-HSA-1474244,IBSP,0.33857367080004463,0.33694236694785135,0.0016313038521932888
GSE111154,R-HSA-1474244,ICAM1,0.33857367080004463,0.33886198654086375,0.0002883157408191117
GSE111154,R-HSA-1474244,ICAM2,0.33857367080004463,0.33918379464857595,0.0006101238485313187
GSE111154,R-HSA-1474244,ICAM3,0.33857367080004463,0.33890824109538176,0.0003345702953371221
GSE111154,R-HSA-1474244,ICAM4,0.33857367080004463,0.34094063712157163,0.0023669663215269976
GSE111154,R-HSA-1474244,ICAM5,0.33857367080004463,0.33870278571427864,0.00012911491423400756
GSE111154,R-HSA-1474244,ITGA1,0.33857367080004463,0.3339234291555913,0.0046502416444533234
GSE111154,R-HSA-1474244,ITGA10,0.33857367080004463,0.3398281592738499,0.0012544884738052708
GSE111154,R-HSA-1474244,ITGA11,0.33857367080004463,0.335445298663665,0.00312837213637962
GSE111154,R-HSA-1474244,ITGA2,0.33857367080004463,0.34286544599681545,0.0042917751967708195
GSE111154,R-HSA-1474244,ITGA2B,0.33857367080004463,0.3402432903159389,0.0016696195158942828
GSE111154,R-HSA-1474244,ITGA3,0.33857367080004463,0.3369816407806265,0.0015920300194181558
GSE111154,R-HSA-1474244,ITGA4,0.33857367080004463,0.3373423256279652,0.0012313451720794566
GSE111154,R-HSA-1474244,ITGA5,0.33857367080004463,0.33964685075981815,0.001073179959773518
GSE111154,R-HSA-1474244,ITGA6,0.33857367080004463,0.34321254881113256,0.004638878011087921
GSE111154,R-HSA-1474244,ITGA7,0.33857367080004463,0.33614049783288247,0.002433172967162167
GSE111154,R-HSA-1474244,ITGA8,0.33857367080004463,0.33804347986640004,0.000530190933644592
GSE111154,R-HSA-1474244,ITGA9,0.33857367080004463,0.33158322391801204,0.006990446882032597
GSE111154,R-HSA-1474244,ITGAD,0.33857367080004463,0.3410144156343435,0.002440744834298847
GSE111154,R-HSA-1474244,ITGAE,0.33857367080004463,0.3393351494836207,0.0007614786835760667
GSE111154,R-HSA-1474244,ITGAL,0.33857367080004463,0.33807562613406583,0.0004980446659788029
GSE111154,R-HSA-1474244,ITGAM,0.33857367080004463,0.33752954378800215,0.001044127012042484
GSE111154,R-HSA-1474244,ITGAV,0.33857367080004463,0.3375508157755817,0.0010228550244629209
GSE111154,R-HSA-1474244,ITGAX,0.33857367080004463,0.3410780850126922,0.0025044142126475766
GSE111154,R-HSA-1474244,ITGB1,0.33857367080004463,0.3360725188845616,0.0025011519154830575
GSE111154,R-HSA-1474244,ITGB2,0.33857367080004463,0.3372909801712578,0.0012826906287868312
GSE111154,R-HSA-1474244,ITGB3,0.33857367080004463,0.33936194441651174,0.0007882736164671056
GSE111154,R-HSA-1474244,ITGB4,0.33857367080004463,0.334684024953504,0.0038896458465406125
GSE111154,R-HSA-1474244,ITGB5,0.33857367080004463,0.33861073716500945,3.706636496481064e-05
GSE111154,R-HSA-1474244,ITGB6,0.33857367080004463,0.3405207583904049,0.0019470875903602747
GSE111154,R-HSA-1474244,ITGB7,0.33857367080004463,0.33912129791033746,0.0005476271102928254
GSE111154,R-HSA-1474244,ITGB8,0.33857367080004463,0.340204348477162,0.001630677677117387
GSE111154,R-HSA-1474244,JAM2,0.33857367080004463,0.3374485171452382,0.0011251536548064212
GSE111154,R-HSA-1474244,JAM3,0.33857367080004463,0.3354758967238359,0.003097774076208759
GSE111154,R-HSA-1474244,KDR,0.33857367080004463,0.33997584200075726,0.0014021712007126208
GSE111154,R-HSA-1474244,KLK2,0.33857367080004463,0.34248125236105137,0.003907581561006734
GSE111154,R-HSA-1474244,KLK7,0.33857367080004463,0.33868723134515105,0.000113560545106417
GSE111154,R-HSA-1474244,KLKB1,0.33857367080004463,0.34123253633455825,0.0026588655345136103
GSE111154,R-HSA-1474244,LAMA1,0.33857367080004463,0.3455129934737282,0.006939322673683579
GSE111154,R-HSA-1474244,LAMA2,0.33857367080004463,0.3354404884894328,0.003133182310611826
GSE111154,R-HSA-1474244,LAMA3,0.33857367080004463,0.33792830326074563,0.0006453675392990021
GSE111154,R-HSA-1474244,LAMA4,0.33857367080004463,0.3372667274489873,0.0013069433510573547
GSE111154,R-HSA-1474244,LAMA5,0.33857367080004463,0.340752344751924,0.002178673951879373
GSE111154,R-HSA-1474244,LAMB1,0.33857367080004463,0.33672196208278354,0.0018517087172610913
GSE111154,R-HSA-1474244,LAMB2,0.33857367080004463,0.33869179782753694,0.00011812702749230963
GSE111154,R-HSA-1474244,LAMB3,0.33857367080004463,0.3406172343065844,0.0020435635065397806
GSE111154,R-HSA-1474244,LAMC1,0.33857367080004463,0.33665098805521143,0.001922682744833204
GSE111154,R-HSA-1474244,LAMC2,0.33857367080004463,0.3396621739880318,0.0010885031879871443
GSE111154,R-HSA-1474244,LAMC3,0.33857367080004463,0.3371851988843127,0.001388471915731937
GSE111154,R-HSA-1474244,LOX,0.33857367080004463,0.3384033069335227,0.00017036386652191648
GSE111154,R-HSA-1474244,LOXL1,0.33857367080004463,0.3362557247177472,0.002317946082297462
GSE111154,R-HSA-1474244,LOXL2,0.33857367080004463,0.34023696275854387,0.0016632919584992356
GSE111154,R-HSA-1474244,LOXL3,0.33857367080004463,0.33673922569736825,0.0018344451026763853
GSE111154,R-HSA-1474244,LOXL4,0.33857367080004463,0.33854125648552097,3.24143145236655e-05
GSE111154,R-HSA-1474244,LRP4,0.33857367080004463,0.3412095686117662,0.002635897811721577
GSE111154,R-HSA-1474244,LTBP1,0.33857367080004463,0.33512675965567573,0.0034469111443689027
GSE111154,R-HSA-1474244,LTBP2,0.33857367080004463,0.3383342648260995,0.0002394059739451171
GSE111154,R-HSA-1474244,LTBP3,0.33857367080004463,0.33489102468542054,0.0036826461146240996
GSE111154,R-HSA-1474244,LTBP4,0.33857367080004463,0.33635369699428547,0.002219973805759168
GSE111154,R-HSA-1474244,LUM,0.33857367080004463,0.33472496703353927,0.003848703766505368
GSE111154,R-HSA-1474244,MADCAM1,0.33857367080004463,0.34341987212241815,0.004846201322373511
GSE111154,R-HSA-1474244,MATN1,0.33857367080004463,0.3441973647478286,0.005623693947783948
GSE111154,R-HSA-1474244,MATN3,0.33857367080004463,0.3348164797049036,0.0037571910951410548
GSE111154,R-HSA-1474244,MATN4,0.33857367080004463,0.33999854908776705,0.0014248782877224198
GSE111154,R-HSA-1474244,MFAP2,0.33857367080004463,0.34079710658980966,0.002223435789765027
GSE111154,R-HSA-1474244,MFAP3,0.33857367080004463,0.3400778476364995,0.0015041768364548735
GSE111154,R-HSA-1474244,MFAP4,0.33857367080004463,0.33594842476956593,0.0026252460304787006
GSE111154,R-HSA-1474244,MFAP5,0.33857367080004463,0.3378916912304881,0.0006819795695565123
GSE111154,R-HSA-1474244,MMP1,0.33857367080004463,0.34253307636993907,0.003959405569894436
GSE111154,R-HSA-1474244,MMP10,0.33857367080004463,0.34145026358748043,0.0028765927874357944
GSE111154,R-HSA-1474244,MMP11,0.33857367080004463,0.3398727828406946,0.0012991120406499745
GSE111154,R-HSA-1474244,MMP12,0.33857367080004463,0.3434135384188993,0.004839867618854687
GSE111154,R-HSA-1474244,MMP13,0.33857367080004463,0.3394278667744715,0.0008541959744268746
GSE111154,R-HSA-1474244,MMP14,0.33857367080004463,0.3381156823007626,0.0004579884992820249
GSE111154,R-HSA-1474244,MMP15,0.33857367080004463,0.3421341002961821,0.0035604294961374405
GSE111154,R-HSA-1474244,MMP16,0.33857367080004463,0.344276862199658,0.005703191399613339
GSE111154,R-HSA-1474244,MMP17,0.33857367080004463,0.3426837298572789,0.004110059057234272
GSE111154,R-HSA-1474244,MMP19,0.33857367080004463,0.3392017764771502,0.0006281056771055837
GSE111154,R-HSA-1474244,MMP2,0.33857367080004463,0.335808721274056,0.002764949525988658
GSE111154,R-HSA-1474244,MMP20,0.33857367080004463,0.3417274999726932,0.003153829172648559
GSE111154,R-HSA-1474244,MMP24,0.33857367080004463,0.3389434864754442,0.00036981567539956517
GSE111154,R-HSA-1474244,MMP25,0.33857367080004463,0.3407372824900765,0.0021636116900318747
GSE111154,R-HSA-1474244,MMP3,0.33857367080004463,0.3415712238493018,0.00299755304925714
GSE111154,R-HSA-1474244,MMP7,0.33857367080004463,0.33693886154310654,0.0016348092569380968
GSE111154,R-HSA-1474244,MMP8,0.33857367080004463,0.3417171057077252,0.0031434349076805423
GSE111154,R-HSA-1474244,MMP9,0.33857367080004463,0.34158304215117113,0.0030093713511264997
GSE111154,R-HSA-1474244,MUSK,0.33857367080004463,0.3399640646335568,0.001390393833512138
GSE111154,R-HSA-1474244,NCAM1,0.33857367080004463,0.33659142052727764,0.0019822502727669944
GSE111154,R-HSA-1474244,NCAN,0.33857367080004463,0.3399729283666558,0.0013992575666111895
GSE111154,R-HSA-1474244,NCSTN,0.33857367080004463,0.33660138666445555,0.0019722841355890863
GSE111154,R-HSA-1474244,NID1,0.33857367080004463,0.33541908539094845,0.003154585409096189
GSE111154,R-HSA-1474244,NID2,0.33857367080004463,0.33634361362893095,0.0022300571711136863
GSE111154,R-HSA-1474244,NRXN1,0.33857367080004463,0.340907723545962,0.002334052745917359
GSE111154,R-HSA-1474244,NTN4,0.33857367080004463,0.3384007816702575,0.0001728891297871349
GSE111154,R-HSA-1474244,OPTC,0.33857367080004463,0.3466363894633109,0.008062718663266244
GSE111154,R-HSA-1474244,P4HA1,0.33857367080004463,0.34291420117287585,0.0043405303728312195
GSE111154,R-HSA-1474244,P4HA2,0.33857367080004463,0.3407878754936422,0.0022142046935975657
GSE111154,R-HSA-1474244,P4HA3,0.33857367080004463,0.3377315088696844,0.0008421619303602412
GSE111154,R-HSA-1474244,P4HB,0.33857367080004463,0.33797163474386943,0.0006020360561752036
GSE111154,R-HSA-1474244,PCOLCE,0.33857367080004463,0.3360278084496759,0.002545862350368744
GSE111154,R-HSA-1474244,PCOLCE2,0.33857367080004463,0.3379590138375691,0.0006146569624755349
GSE111154,R-HSA-1474244,PDGFA,0.33857367080004463,0.3426286691966749,0.0040549983966302605
GSE111154,R-HSA-1474244,PDGFB,0.33857367080004463,0.34150389869249465,0.0029302278924500103
GSE111154,R-HSA-1474244,PECAM1,0.33857367080004463,0.33629998028499264,0.002273690515051996
GSE111154,R-HSA-1474244,PHYKPL,0.33857367080004463,0.34109213374570685,0.0025184629456622143
GSE111154,R-HSA-1474244,PLEC,0.33857367080004463,0.3349599981675362,0.0036136726325084467
GSE111154,R-HSA-1474244,PLG,0.33857367080004463,0.3485232205374058,0.009949549737361174
GSE111154,R-HSA-1474244,PLOD1,0.33857367080004463,0.33661572682006824,0.0019579439799763954
GSE111154,R-HSA-1474244,PLOD2,0.33857367080004463,0.3404240899197282,0.0018504191196835884
GSE111154,R-HSA-1474244,PLOD3,0.33857367080004463,0.3384376099514678,0.00013606084857681333
GSE111154,R-HSA-1474244,PPIB,0.33857367080004463,0.33551194466359807,0.003061726136446563
GSE111154,R-HSA-1474244,PRKCA,0.33857367080004463,0.33576819355810666,0.0028054772419379703
GSE111154,R-HSA-1474244,PRSS1,0.33857367080004463,0.340630730835353,0.002057060035308367
GSE111154,R-HSA-1474244,PRSS2,0.33857367080004463,0.3387644637093968,0.00019079290935214432
GSE111154,R-HSA-1474244,PSEN1,0.33857367080004463,0.3393211246942218,0.0007474538941771858
GSE111154,R-HSA-1474244,PTPRS,0.33857367080004463,0.33623193057844886,0.0023417402215957783
GSE111154,R-HSA-1474244,PXDN,0.33857367080004463,0.33876025364286916,0.0001865828428245231
GSE111154,R-HSA-1474244,SCUBE1,0.33857367080004463,0.33845232489558874,0.000121345904455894
GSE111154,R-HSA-1474244,SCUBE3,0.33857367080004463,0.33838342949518846,0.00019024130485617574
GSE111154,R-HSA-1474244,SDC1,0.33857367080004463,0.3388257318151649,0.000252061015120264
GSE111154,R-HSA-1474244,SDC2,0.33857367080004463,0.3386202035310023,4.65327309576713e-05
GSE111154,R-HSA-1474244,SDC3,0.33857367080004463,0.33777338270430196,0.0008002880957426739
GSE111154,R-HSA-1474244,SDC4,0.33857367080004463,0.340132900200244,0.001559229400199369
GSE111154,R-HSA-1474244,SERPINE1,0.33857367080004463,0.3402043144428576,0.0016306436428129567
GSE111154,R-HSA-1474244,SERPINH1,0.33857367080004463,0.3402168799032194,0.0016432091031747809
GSE111154,R-HSA-1474244,SGCA,0.33857367080004463,0.3418091222398042,0.0032354514397595624
GSE111154,R-HSA-1474244,SGCB,0.33857367080004463,0.33757825867292945,0.0009954121271151806
GSE111154,R-HSA-1474244,SGCD,0.33857367080004463,0.33650071616572197,0.0020729546343226657
GSE111154,R-HSA-1474244,SGCE,0.33857367080004463,0.34088184520942777,0.0023081744093831347
GSE111154,R-HSA-1474244,SGCG,0.33857367080004463,0.33930643006230665,0.0007327592622620172
GSE111154,R-HSA-1474244,SGCZ,0.33857367080004463,0.3403838526847254,0.0018101818846807394
GSE111154,R-HSA-1474244,SH3PXD2A,0.33857367080004463,0.33953609202125956,0.0009624212212149263
GSE111154,R-HSA-1474244,SNTA1,0.33857367080004463,0.34271211673133267,0.004138445931288037
GSE111154,R-HSA-1474244,SNTB1,0.33857367080004463,0.3385172950651071,5.637573493755266e-05
GSE111154,R-HSA-1474244,SNTB2,0.33857367080004463,0.34153277827632994,0.0029591074762853053
GSE111154,R-HSA-1474244,SNTG2,0.33857367080004463,0.3404805060045259,0.0019068352044812609
GSE111154,R-HSA-1474244,SPARC,0.33857367080004463,0.3377840085712141,0.0007896622288305344
GSE111154,R-HSA-1474244,SPOCK3,0.33857367080004463,0.3379986980471207,0.0005749727529239523
GSE111154,R-HSA-1474244,SPP1,0.33857367080004463,0.34161013300610005,0.0030364622060554125
GSE111154,R-HSA-1474244,SSPN,0.33857367080004463,0.3347009731264253,0.0038726976736193075
GSE111154,R-HSA-1474244,TGFB1,0.33857367080004463,0.33645006321774784,0.0021236075822967937
GSE111154,R-HSA-1474244,TGFB2,0.33857367080004463,0.33714856665714754,0.0014251041428970934
GSE111154,R-HSA-1474244,TGFB3,0.33857367080004463,0.34085797003954804,0.0022842992395034067
GSE111154,R-HSA-1474244,THBS1,0.33857367080004463,0.3362084976965673,0.002365173103477336
GSE111154,R-HSA-1474244,TIMP1,0.33857367080004463,0.3375820511832797,0.000991619616764916
GSE111154,R-HSA-1474244,TIMP2,0.33857367080004463,0.3347854821817981,0.003788188618246535
GSE111154,R-HSA-1474244,TLL1,0.33857367080004463,0.3388943347384093,0.00032066393836466256
GSE111154,R-HSA-1474244,TLL2,0.33857367080004463,0.3409958927271394,0.002422221927094792
GSE111154,R-HSA-1474244,TMPRSS6,0.33857367080004463,0.3402341197613192,0.001660448961274541
GSE111154,R-HSA-1474244,TNC,0.33857367080004463,0.3358498713280804,0.0027237994719642167
GSE111154,R-HSA-1474244,TNN,0.33857367080004463,0.34016121634515606,0.001587545545111424
GSE111154,R-HSA-1474244,TNR,0.33857367080004463,0.3410643811585567,0.0024907103585120605
GSE111154,R-HSA-1474244,TNXB,0.33857367080004463,0.33353772486543093,0.005035945934613706
GSE111154,R-HSA-1474244,TPSAB1,0.33857367080004463,0.3368842407229359,0.0016894300771087556
GSE111154,R-HSA-1474244,TRAPPC4,0.33857367080004463,0.3398089278669258,0.0012352570668811569
GSE111154,R-HSA-1474244,TTR,0.33857367080004463,0.33979319434528726,0.001219523545242629
GSE111154,R-HSA-1474244,UTRN,0.33857367080004463,0.3371088785102078,0.0014647922898368138
GSE111154,R-HSA-1474244,VCAM1,0.33857367080004463,0.3399511870633514,0.0013775162633067883
GSE111154,R-HSA-1474244,VCAN,0.33857367080004463,0.3378354275110014,0.0007382432890432611
GSE111154,R-HSA-1474244,VTN,0.33857367080004463,0.34340958248851206,0.00483591168846742
GSE111154,R-HSA-1474244,VWF,0.33857367080004463,0.33161975479789835,0.006953916002146288
GSE111154,R-HSA-1234174,ADRM1,0.05879331624608432,0.058709686729484754,8.362951659956347e-05
GSE111154,R-HSA-1234174,AJUBA,0.05879331624608432,0.05717010027340542,0.0016232159726789
GSE111154,R-HSA-1234174,ARNT,0.05879331624608432,0.04777255317680946,0.01102076306927486
GSE111154,R-HSA-1234174,CA9,0.05879331624608432,0.04385613567714251,0.014937180568941805
GSE111154,R-HSA-1234174,CITED2,0.05879331624608432,0.06266283403756669,0.0038695177914823686
GSE111154,R-HSA-1234174,CREBBP,0.05879331624608432,0.05887236891480519,7.905266872087341e-05
GSE111154,R-HSA-1234174,CUL2,0.05879331624608432,0.06626024764414605,0.0074669313980617324
GSE111154,R-HSA-1234174,EGLN1,0.05879331624608432,0.08819191008859419,0.029398593842509868
GSE111154,R-HSA-1234174,EGLN2,0.05879331624608432,0.03882729018087928,0.01996602606520504
GSE111154,R-HSA-1234174,EGLN3,0.05879331624608432,0.06062361764332907,0.0018303013972447504
GSE111154,R-HSA-1234174,EP300,0.05879331624608432,0.056199391495584054,0.0025939247505002636
GSE111154,R-HSA-1234174,EPAS1,0.05879331624608432,0.03545352337893346,0.023339792867150856
GSE111154,R-HSA-1234174,EPO,0.05879331624608432,0.060387854927735074,0.0015945386816507562
GSE111154,R-HSA-1234174,HIF1A,0.05879331624608432,0.06765516043138675,0.008861844185302434
GSE111154,R-HSA-1234174,HIF1AN,0.05879331624608432,0.05457885148543884,0.004214464760645478
GSE111154,R-HSA-1234174,HIF3A,0.05879331624608432,0.027832106419308552,0.030961209826775766
GSE111154,R-HSA-1234174,HIGD1A,0.05879331624608432,0.05026787275990734,0.008525443486176981
GSE111154,R-HSA-1234174,LIMD1,0.05879331624608432,0.05559761992906008,0.003195696317024238
GSE111154,R-HSA-1234174,PSMA1,0.05879331624608432,0.06793956955413749,0.009146253308053173
GSE111154,R-HSA-1234174,PSMA2,0.05879331624608432,0.05668723249765399,0.0021060837484303263
GSE111154,R-HSA-1234174,PSMA3,0.05879331624608432,0.05766037816216547,0.001132938083918851
GSE111154,R-HSA-1234174,PSMA4,0.05879331624608432,0.05786454135498411,0.0009287748911002078
GSE111154,R-HSA-1234174,PSMA5,0.05879331624608432,0.0541293181919687,0.004663998054115617
GSE111154,R-HSA-1234174,PSMA6,0.05879331624608432,0.054624086666367686,0.004169229579716632
GSE111154,R-HSA-1234174,PSMA7,0.05879331624608432,0.048569709673893076,0.010223606572191242
GSE111154,R-HSA-1234174,PSMB1,0.05879331624608432,0.052457278706457874,0.0063360375396264434
GSE111154,R-HSA-1234174,PSMB2,0.05879331624608432,0.05692180657188493,0.0018715096741993911
GSE111154,R-HSA-1234174,PSMB3,0.05879331624608432,0.052984403781573874,0.005808912464510443
GSE111154,R-HSA-1234174,PSMB4,0.05879331624608432,0.05260236708503916,0.0061909491610451575
GSE111154,R-HSA-1234174,PSMB5,0.05879331624608432,0.05860523800514813,0.0001880782409361889
GSE111154,R-HSA-1234174,PSMB6,0.05879331624608432,0.059882838090230144,0.0010895218441458257
GSE111154,R-HSA-1234174,PSMB7,0.05879331624608432,0.06589422446027901,0.007100908214194693
GSE111154,R-HSA-1234174,PSMC1,0.05879331624608432,0.05751185901350634,0.0012814572325779774
GSE111154,R-HSA-1234174,PSMC2,0.05879331624608432,0.053564741902700025,0.005228574343384293
GSE111154,R-HSA-1234174,PSMC3,0.05879331624608432,0.05368898331981023,0.005104332926274088
GSE111154,R-HSA-1234174,PSMC4,0.05879331624608432,0.06177314996993279,0.0029798337238484754
GSE111154,R-HSA-1234174,PSMC5,0.05879331624608432,0.061105867666617006,0.002312551420532688
GSE111154,R-HSA-1234174,PSMC6,0.05879331624608432,0.065163740049182,0.006370423803097686
GSE111154,R-HSA-1234174,PSMD1,0.05879331624608432,0.06254005647049145,0.00374674022440713
GSE111154,R-HSA-1234174,PSMD11,0.05879331624608432,0.05954968286503357,0.0007563666189492543
GSE111154,R-HSA-1234174,PSMD12,0.05879331624608432,0.06774537293463284,0.008952056688548524
GSE111154,R-HSA-1234174,PSMD13,0.05879331624608432,0.05664346081918241,0.002149855426901909
GSE111154,R-HSA-1234174,PSMD14,0.05879331624608432,0.0558765317448177,0.002916784501266617
GSE111154,R-HSA-1234174,PSMD2,0.05879331624608432,0.05627628149536347,0.002517034750720848
GSE111154,R-HSA-1234174,PSMD3,0.05879331624608432,0.06904672743932558,0.01025341119324126
GSE111154,R-HSA-1234174,PSMD6,0.05879331624608432,0.06409895443325433,0.005305638187170017
GSE111154,R-HSA-1234174,PSMD7,0.05879331624608432,0.05584542310599195,0.0029478931400923683
GSE111154,R-HSA-1234174,PSMD8,0.05879331624608432,0.0595151242499745,0.0007218080038901842
GSE111154,R-HSA-1234174,RBX1,0.05879331624608432,0.08572735340556789,0.026934037159483573
GSE111154,R-HSA-1234174,RPS27A,0.05879331624608432,0.05720938243140376,0.0015839338146805548
GSE111154,R-HSA-1234174,UBA52,0.05879331624608432,0.06024974160186356,0.0014564253557792436
GSE111154,R-HSA-1234174,UBB,0.05879331624608432,0.07514846865616433,0.01635515241008001
GSE111154,R-HSA-1234174,UBC,0.05879331624608432,0.05434992787120894,0.00444338837487538
GSE111154,R-HSA-1234174,UBE2D1,0.05879331624608432,0.07905307465604004,0.020259758409955725
GSE111154,R-HSA-1234174,UBE2D2,0.05879331624608432,0.04968234963906287,0.009110966607021445
GSE111154,R-HSA-1234174,UBE2D3,0.05879331624608432,0.08300827164459348,0.024214955398509166
GSE111154,R-HSA-1234174,VEGFA,0.05879331624608432,0.076842537080366,0.018049220834281676
GSE111154,R-HSA-1234174,VHL,0.05879331624608432,0.05690527477158512,0.001888041474499197
GSE111154,R-HSA-1234174,WTIP,0.05879331624608432,0.04294120128600133,0.015852114960082986
GSE111154,R-HSA-170834,ARHGEF18,-0.11661432805907758,-0.12364707002033232,0.007032741961254738
GSE111154,R-HSA-170834,ATP1B4,-0.11661432805907758,-0.10858259197656749,0.008031736082510094
GSE111154,R-HSA-170834,BAMBI,-0.11661432805907758,-0.1142473388985065,0.002366989160571084
GSE111154,R-HSA-170834,CBL,-0.11661432805907758,-0.11671638978479183,0.00010206172571425309
GSE111154,R-HSA-170834,CCNC,-0.11661432805907758,-0.11713013885808149,0.0005158107990039101
GSE111154,R-HSA-170834,CCNK,-0.11661432805907758,-0.10686270158028946,0.00975162647878812
GSE111154,R-HSA-170834,CCNT1,-0.11661432805907758,-0.09932626906847289,0.01728805899060469
GSE111154,R-HSA-170834,CCNT2,-0.11661432805907758,-0.12031133387494021,0.0036970058158626307
GSE111154,R-HSA-170834,CDK8,-0.11661432805907758,-0.09254786684807804,0.024066461210999535
GSE111154,R-HSA-170834,CDK9,-0.11661432805907758,-0.12027914648228188,0.003664818423204305
GSE111154,R-HSA-170834,CDKN2B,-0.11661432805907758,-0.11616299569526091,0.00045133236381666997
GSE111154,R-HSA-170834,CGN,-0.11661432805907758,-0.1095299174579034,0.007084410601174179
GSE111154,R-HSA-170834,COL1A2,-0.11661432805907758,-0.13221213853536534,0.015597810476287763
GSE111154,R-HSA-170834,E2F4,-0.11661432805907758,-0.12531938764820144,0.008705059589123862
GSE111154,R-HSA-170834,E2F5,-0.11661432805907758,-0.10800082435307883,0.008613503705998754
GSE111154,R-HSA-170834,EP300,-0.11661432805907758,-0.12011814827234828,0.0035038202132706975
GSE111154,R-HSA-170834,F11R,-0.11661432805907758,-0.11638967240124147,0.0002246556578361092
GSE111154,R-HSA-170834,FBN1,-0.11661432805907758,-0.13280142874161904,0.016187100682541464
GSE111154,R-HSA-170834,FKBP1A,-0.11661432805907758,-0.11382383655934745,0.0027904914997301244
GSE111154,R-HSA-170834,FURIN,-0.11661432805907758,-0.1204430131749946,0.0038286851159170243
GSE111154,R-HSA-170834,HDAC1,-0.11661432805907758,-0.12435978544566072,0.007745457386583138
GSE111154,R-HSA-170834,ITGA8,-0.11661432805907758,-0.12329892969373903,0.006684601634661447
GSE111154,R-HSA-170834,ITGAV,-0.11661432805907758,-0.12496233318316859,0.008348005124091007
GSE111154,R-HSA-170834,ITGB1,-0.11661432805907758,-0.12995357214854864,0.013339244089471056
GSE111154,R-HSA-170834,ITGB3,-0.11661432805907758,-0.11884733970734049,0.0022330116482629087
GSE111154,R-HSA-170834,ITGB5,-0.11661432805907758,-0.12138367386832662,0.004769345809249037
GSE111154,R-HSA-170834,ITGB6,-0.11661432805907758,-0.1149347849997872,0.0016795430592903837
GSE111154,R-HSA-170834,ITGB8,-0.11661432805907758,-0.11600309373912328,0.0006112343199543013
GSE111154,R-HSA-170834,JUNB,-0.11661432805907758,-0.10629532333436147,0.010319004724716113
GSE111154,R-HSA-170834,LTBP1,-0.11661432805907758,-0.13314678072779762,0.01653245266872004
GSE111154,R-HSA-170834,LTBP2,-0.11661432805907758,-0.12231713961475364,0.005702811555676063
GSE111154,R-HSA-170834,LTBP3,-0.11661432805907758,-0.133942703100487,0.017328375041409425
GSE111154,R-HSA-170834,LTBP4,-0.11661432805907758,-0.1290042181006634,0.012389890041585819
GSE111154,R-HSA-170834,MAPK1,-0.11661432805907758,-0.11172350650436239,0.004890821554715194
GSE111154,R-HSA-170834,MAPK3,-0.11661432805907758,-0.1291463747392184,0.01253204668014081
GSE111154,R-HSA-170834,MEN1,-0.11661432805907758,-0.10654576175682867,0.010068566302248907
GSE111154,R-HSA-170834,MTMR4,-0.11661432805907758,-0.11947925241936147,0.002864924360283891
GSE111154,R-HSA-170834,MYC,-0.11661432805907758,-0.12002258315980778,0.003408255100730201
GSE111154,R-HSA-170834,NCOR1,-0.11661432805907758,-0.11471824824147704,0.0018960798176005378
GSE111154,R-HSA-170834,NCOR2,-0.11661432805907758,-0.12156699379793731,0.004952665738859732
GSE111154,R-HSA-170834,NEDD4L,-0.11661432805907758,-0.10666008250245228,0.009954245556625302
GSE111154,R-HSA-170834,NEDD8,-0.11661432805907758,-0.11173407246117853,0.00488025559789905
GSE111154,R-HSA-170834,PARD3,-0.11661432805907758,-0.10031545849884758,0.016298869560229995
GSE111154,R-HSA-170834,PARD6A,-0.11661432805907758,-0.11648301898416574,0.00013130907491183674
GSE111154,R-HSA-170834,PARP1,-0.11661432805907758,-0.1082407444480089,0.008373583611068686
GSE111154,R-HSA-170834,PMEPA1,-0.11661432805907758,-0.11517129654204109,0.0014430315170364943
GSE111154,R-HSA-170834,PPM1A,-0.11661432805907758,-0.11488194952662197,0.001732378532455614
GSE111154,R-HSA-170834,PPP1CA,-0.11661432805907758,-0.1089304987804693,0.0076838292786082785
GSE111154,R-HSA-170834,PPP1CB,-0.11661432805907758,-0.1305303015212035,0.013915973462125933
GSE111154,R-HSA-170834,PPP1CC,-0.11661432805907758,-0.12405121122136203,0.007436883162284455
GSE111154,R-HSA-170834,PPP1R15A,-0.11661432805907758,-0.11341981426495445,0.0031945137941231244
GSE111154,R-HSA-170834,PRKCZ,-0.11661432805907758,-0.10869619094974073,0.00791813710933685
GSE111154,R-HSA-170834,RBL1,-0.11661432805907758,-0.11250221044103188,0.004112117618045696
GSE111154,R-HSA-170834,RHOA,-0.11661432805907758,-0.1250307031268324,0.00841637506775482
GSE111154,R-HSA-170834,RNF111,-0.11661432805907758,-0.11356817616503881,0.0030461518940387705
GSE111154,R-HSA-170834,RPS27A,-0.11661432805907758,-0.11948826145215964,0.002873933393082062
GSE111154,R-HSA-170834,SERPINE1,-0.11661432805907758,-0.11600320865064592,0.0006111194084316568
GSE111154,R-HSA-170834,SKI,-0.11661432805907758,-0.12500820322084957,0.008393875161771994
GSE111154,R-HSA-170834,SKIL,-0.11661432805907758,-0.11729097403866855,0.0006766459795909674
GSE111154,R-HSA-170834,SMAD2,-0.11661432805907758,-0.12285147472358574,0.006237146664508156
GSE111154,R-HSA-170834,SMAD3,-0.11661432805907758,-0.11255845625264674,0.004055871806430841
GSE111154,R-HSA-170834,SMAD4,-0.11661432805907758,-0.1185399432429716,0.0019256151838940166
GSE111154,R-HSA-170834,SMAD7,-0.11661432805907758,-0.13188814366171558,0.015273815602638005
GSE111154,R-HSA-170834,SMURF1,-0.11661432805907758,-0.11958013456962423,0.002965806510546648
GSE111154,R-HSA-170834,SMURF2,-0.11661432805907758,-0.10558194286300651,0.011032385196071068
GSE111154,R-HSA-170834,SNW1,-0.11661432805907758,-0.11572066239285782,0.0008936656662197617
GSE111154,R-HSA-170834,SP1,-0.11661432805907758,-0.10620450838534623,0.01040981967373135
GSE111154,R-HSA-170834,STAT1,-0.11661432805907758,-0.12357907469479533,0.00696474663571775
GSE111154,R-HSA-170834,STRAP,-0.11661432805907758,-0.11353431164948873,0.003080016409588854
GSE111154,R-HSA-170834,STUB1,-0.11661432805907758,-0.11038040223707181,0.00623392582200577
GSE111154,R-HSA-170834,TFDP1,-0.11661432805907758,-0.11574088670402957,0.0008734413550480075
GSE111154,R-HSA-170834,TFDP2,-0.11661432805907758,-0.09782933439698413,0.01878499366209345
GSE111154,R-HSA-170834,TGFB1,-0.11661432805907758,-0.12867885257198405,0.012064524512906474
GSE111154,R-HSA-170834,TGFB2,-0.11661432805907758,-0.12632046461530125,0.009706136556223668
GSE111154,R-HSA-170834,TGFB3,-0.11661432805907758,-0.11379624244246521,0.0028180856166123702
GSE111154,R-HSA-170834,TGFBR1,-0.11661432805907758,-0.12215187434189782,0.005537546282820244
GSE111154,R-HSA-170834,TGFBR2,-0.11661432805907758,-0.12078191968854007,0.004167591629462494
GSE111154,R-HSA-170834,TGFBR3,-0.11661432805907758,-0.11816745873169393,0.0015531306726163513
GSE111154,R-HSA-170834,TGIF1,-0.11661432805907758,-0.11640745919290718,0.00020686886617039824
GSE111154,R-HSA-170834,TGIF2,-0.11661432805907758,-0.14419770808811516,0.027583380029037582
GSE111154,R-HSA-170834,TRIM33,-0.11661432805907758,-0.11912060142367668,0.002506273364599104
GSE111154,R-HSA-170834,UBA52,-0.11661432805907758,-0.11759212347488365,0.0009777954158060737
GSE111154,R-HSA-170834,UBB,-0.11661432805907758,-0.10830044423671759,0.008313883822359994
GSE111154,R-HSA-170834,UBC,-0.11661432805907758,-0.12127157719937795,0.004657249140300371
GSE111154,R-HSA-170834,UBE2D1,-0.11661432805907758,-0.10586531361313921,0.01074901444593837
GSE111154,R-HSA-170834,UBE2D3,-0.11661432805907758,-0.10339863162027789,0.01321569643879969
GSE111154,R-HSA-170834,UBE2M,-0.11661432805907758,-0.11644440443815401,0.00016992362092356494
GSE111154,R-HSA-170834,UCHL5,-0.11661432805907758,-0.11457966063005984,0.002034667429017742
GSE111154,R-HSA-170834,USP15,-0.11661432805907758,-0.1182979410958072,0.0016836130367296198
GSE111154,R-HSA-170834,USP9X,-0.11661432805907758,-0.11299362833203255,0.0036206997270450264
GSE111154,R-HSA-170834,WWTR1,-0.11661432805907758,-0.11355500328993609,0.0030593247691414888
GSE111154,R-HSA-170834,XPO1,-0.11661432805907758,-0.08417695391890993,0.032437374140167646
GSE111154,R-HSA-170834,YBX1,-0.11661432805907758,-0.10827150495612843,0.008342823102949148
GSE111154,R-HSA-170834,ZFYVE9,-0.11661432805907758,-0.10927680856643593,0.00733751949264165
GSE199838,R-HSA-166658,C1QA,1.6096632214902749,1.6171146779099654,0.007451456419690583
GSE199838,R-HSA-166658,C1QB,1.6096632214902749,1.6166320190453454,0.006968797555070516
GSE199838,R-HSA-166658,C1QC,1.6096632214902749,1.6163164600090358,0.006653238518760984
GSE199838,R-HSA-166658,C1R,1.6096632214902749,1.6139818132399864,0.004318591749711498
GSE199838,R-HSA-166658,C1S,1.6096632214902749,1.6142994858658393,0.004636264375564414
GSE199838,R-HSA-166658,C2,1.6096632214902749,1.624133655048888,0.014470433558613216
GSE199838,R-HSA-166658,C3,1.6096632214902749,1.6227303897023002,0.01306716821202536
GSE199838,R-HSA-166658,C3AR1,1.6096632214902749,1.6155034472626744,0.00584022577239951
GSE199838,R-HSA-166658,C4A,1.6096632214902749,1.6350615462096325,0.025398324719357657
GSE199838,R-HSA-166658,C4B,1.6096632214902749,1.6415093741793827,0.03184615268910784
GSE199838,R-HSA-166658,C4BPA,1.6096632214902749,1.6178021280455712,0.008138906555296366
GSE199838,R-HSA-166658,C4BPB,1.6096632214902749,1.6212435039644038,0.0115802824741289
GSE199838,R-HSA-166658,C5,1.6096632214902749,1.6273558149903675,0.017692593500092668
GSE199838,R-HSA-166658,C5AR1,1.6096632214902749,1.6232671518529147,0.013603930362639849
GSE199838,R-HSA-166658,C5AR2,1.6096632214902749,1.6303832624394623,0.020720040949187446
GSE199838,R-HSA-166658,C6,1.6096632214902749,1.6228412680009119,0.013178046510637031
GSE199838,R-HSA-166658,C7,1.6096632214902749,1.6080910996807376,0.0015721218095372524
GSE199838,R-HSA-166658,C8A,1.6096632214902749,1.6626020138391038,0.05293879234882892
GSE199838,R-HSA-166658,C8B,1.6096632214902749,1.6321491490567688,0.022485927566493924
GSE199838,R-HSA-166658,C8G,1.6096632214902749,1.6195529994477336,0.009889777957458712
GSE199838,R-HSA-166658,C9,1.6096632214902749,1.6224584861090086,0.012795264618733704
GSE199838,R-HSA-166658,CD19,1.6096632214902749,1.6181894114231457,0.008526189932870798
GSE199838,R-HSA-166658,CD46,1.6096632214902749,1.6107282568776513,0.0010650353873764562
GSE199838,R-HSA-166658,CD55,1.6096632214902749,1.6177365387074083,0.008073317217133447
GSE199838,R-HSA-166658,CD59,1.6096632214902749,1.6162649488480678,0.006601727357792964
GSE199838,R-HSA-166658,CD81,1.6096632214902749,1.6313136731620277,0.021650451671752835
GSE199838,R-HSA-166658,CFB,1.6096632214902749,1.6220512891812044,0.012388067690929594
GSE199838,R-HSA-166658,CFD,1.6096632214902749,1.60646691425583,0.0031963072344447507
GSE199838,R-HSA-166658,CFH,1.6096632214902749,1.6144814751843466,0.004818253694071739
GSE199838,R-HSA-166658,CFHR3,1.6096632214902749,1.6102671026613735,0.0006038811710986636
GSE199838,R-HSA-166658,CFHR4,1.6096632214902749,1.6197753465437605,0.010112125053485688
GSE199838,R-HSA-166658,CFI,1.6096632214902749,1.6280478751914729,0.018384653701198017
GSE199838,R-HSA-166658,CFP,1.6096632214902749,1.6221700134993626,0.012506792009087775
GSE199838,R-HSA-166658,CLU,1.6096632214902749,1.6159054761005507,0.0062422546102758325
GSE199838,R-HSA-166658,COLEC10,1.6096632214902749,1.6175421075524599,0.007878886062185009
GSE199838,R-HSA-166658,COLEC11,1.6096632214902749,1.6272524022071166,0.01758918071684179
GSE199838,R-HSA-166658,CPB2,1.6096632214902749,1.616666971311609,0.007003749821334226
GSE199838,R-HSA-166658,CPN1,1.6096632214902749,1.647515025330417,0.037851803840142084
GSE199838,R-HSA-166658,CPN2,1.6096632214902749,1.6256042281702172,0.01594100667994236
GSE199838,R-HSA-166658,CR1,1.6096632214902749,1.6417777913746952,0.032114569884420296
GSE199838,R-HSA-166658,CR2,1.6096632214902749,1.6280489812631778,0.01838575977290291
GSE199838,R-HSA-166658,CRP,1.6096632214902749,1.6309624667232188,0.02129924523294391
GSE199838,R-HSA-166658,F2,1.6096632214902749,1.634540860612918,0.02487763912264307
GSE199838,R-HSA-166658,FCN1,1.6096632214902749,1.6262966979681843,0.01663347647790947
GSE199838,R-HSA-166658,FCN2,1.6096632214902749,1.6317574534668482,0.022094231976573342
GSE199838,R-HSA-166658,FCN3,1.6096632214902749,1.6268719263881404,0.017208704897865523
GSE199838,R-HSA-166658,GZMM,1.6096632214902749,1.6192830759122085,0.009619854421933693
GSE199838,R-HSA-166658,IGHG1,1.6096632214902749,1.601020871942235,0.008642349548039885
GSE199838,R-HSA-166658,IGHG2,1.6096632214902749,1.6169525761556374,0.007289354665362513
GSE199838,R-HSA-166658,IGHG3,1.6096632214902749,1.6035570299621384,0.0061061915281364065
GSE199838,R-HSA-166658,IGHG4,1.6096632214902749,1.595065842105941,0.01459737938433392
GSE199838,R-HSA-166658,IGHV1-2,1.6096632214902749,1.6027250757043567,0.006938145785918115
GSE199838,R-HSA-166658,IGHV1-46,1.6096632214902749,1.5896595829935354,0.020003638496739473
GSE199838,R-HSA-166658,IGHV1-69,1.6096632214902749,1.5832516635488656,0.02641155794140926
GSE199838,R-HSA-166658,IGHV2-5,1.6096632214902749,1.584892579440957,0.024770642049317892
GSE199838,R-HSA-166658,IGHV2-70,1.6096632214902749,1.5982439740201047,0.011419247470170202
GSE199838,R-HSA-166658,IGHV3-11,1.6096632214902749,1.5756382201599868,0.034025001330288074
GSE199838,R-HSA-166658,IGHV3-13,1.6096632214902749,1.6069101549456921,0.0027530665445827385
GSE199838,R-HSA-166658,IGHV3-23,1.6096632214902749,1.6004338785641554,0.009229342926119433
GSE199838,R-HSA-166658,IGHV3-30,1.6096632214902749,1.6016520028625651,0.008011218627709704
GSE199838,R-HSA-166658,IGHV3-33,1.6096632214902749,1.607863107766579,0.0018001137236958176
GSE199838,R-HSA-166658,IGHV3-48,1.6096632214902749,1.6081620903772706,0.001501131113004206
GSE199838,R-HSA-166658,IGHV3-53,1.6096632214902749,1.6164023320452146,0.006739110554939698
GSE199838,R-HSA-166658,IGHV3-7,1.6096632214902749,1.5590653773605931,0.05059784412968171
GSE199838,R-HSA-166658,IGHV4-34,1.6096632214902749,1.602597141499184,0.007066079991090879
GSE199838,R-HSA-166658,IGHV4-39,1.6096632214902749,1.6045666236093101,0.005096597880964726
GSE199838,R-HSA-166658,IGHV4-59,1.6096632214902749,1.6151177494957256,0.005454528005450765
GSE199838,R-HSA-166658,IGHV7-81,1.6096632214902749,1.6233372168646356,0.013673995374360759
GSE199838,R-HSA-166658,IGKV1-12,1.6096632214902749,1.5836683271435843,0.025994894346690556
GSE199838,R-HSA-166658,IGKV1-16,1.6096632214902749,1.6055570049246424,0.004106216565632481
GSE199838,R-HSA-166658,IGKV1-17,1.6096632214902749,1.577215951465811,0.03244727002446379
GSE199838,R-HSA-166658,IGKV1-33,1.6096632214902749,1.5770790810466226,0.03258414044365221
GSE199838,R-HSA-166658,IGKV1-39,1.6096632214902749,1.6098749632851819,0.0002117417949070166
GSE199838,R-HSA-166658,IGKV1-5,1.6096632214902749,1.5955768891684332,0.014086332321841644
GSE199838,R-HSA-166658,IGKV1D-12,1.6096632214902749,1.6133258581844092,0.003662636694134358
GSE199838,R-HSA-166658,IGKV1D-16,1.6096632214902749,1.5871780179617643,0.022485203528510578
GSE199838,R-HSA-166658,IGKV1D-33,1.6096632214902749,1.5606994985820084,0.04896372290826645
GSE199838,R-HSA-166658,IGKV1D-39,1.6096632214902749,1.6084828115479473,0.0011804099423275982
GSE199838,R-HSA-166658,IGKV2-28,1.6096632214902749,1.5606165414221824,0.04904668006809243
GSE199838,R-HSA-166658,IGKV2-29,1.6096632214902749,1.5968305098489564,0.012832711641318495
GSE199838,R-HSA-166658,IGKV2-30,1.6096632214902749,1.558961287608787,0.050701933881487804
GSE199838,R-HSA-166658,IGKV2D-28,1.6096632214902749,1.588940159057662,0.020723062432612904
GSE199838,R-HSA-166658,IGKV2D-30,1.6096632214902749,1.589803560849648,0.01985966064062694
GSE199838,R-HSA-166658,IGKV3-15,1.6096632214902749,1.592384546880764,0.017278674609510825
GSE199838,R-HSA-166658,IGKV3-20,1.6096632214902749,1.6003593623820083,0.009303859108266588
GSE199838,R-HSA-166658,IGKV3D-20,1.6096632214902749,1.5942920402697693,0.015371181220505514
GSE199838,R-HSA-166658,IGKV4-1,1.6096632214902749,1.58870808226326,0.020955139227014863
GSE199838,R-HSA-166658,IGLC2,1.6096632214902749,1.5953246055972738,0.014338615893001005
GSE199838,R-HSA-166658,IGLC3,1.6096632214902749,1.5895127859732405,0.020150435517034326
GSE199838,R-HSA-166658,IGLC7,1.6096632214902749,1.6198102036443673,0.010146982154092488
GSE199838,R-HSA-166658,IGLV1-36,1.6096632214902749,1.613963235979342,0.00430001448906725
GSE199838,R-HSA-166658,IGLV1-40,1.6096632214902749,1.5750537905741078,0.03460943091616708
GSE199838,R-HSA-166658,IGLV1-44,1.6096632214902749,1.5975209814924687,0.01214223999780617
GSE199838,R-HSA-166658,IGLV1-47,1.6096632214902749,1.6109195952059079,0.0012563737156330301
GSE199838,R-HSA-166658,IGLV1-51,1.6096632214902749,1.6038170411996002,0.00584618029067463
GSE199838,R-HSA-166658,IGLV10-54,1.6096632214902749,1.61170426321947,0.00204104172919517
GSE199838,R-HSA-166658,IGLV2-11,1.6096632214902749,1.600919098967244,0.008744122523030917
GSE199838,R-HSA-166658,IGLV2-14,1.6096632214902749,1.5916090193507455,0.01805420213952935
GSE199838,R-HSA-166658,IGLV2-18,1.6096632214902749,1.5991756025085055,0.010487618981769309
GSE199838,R-HSA-166658,IGLV2-23,1.6096632214902749,1.5768651141766772,0.03279810731359767
GSE199838,R-HSA-166658,IGLV2-8,1.6096632214902749,1.6074873194881965,0.0021759020020784003
GSE199838,R-HSA-166658,IGLV3-1,1.6096632214902749,1.599091424707376,0.010571796782898879
GSE199838,R-HSA-166658,IGLV3-19,1.6096632214902749,1.606522739289286,0.0031404822009888367
GSE199838,R-HSA-166658,IGLV3-21,1.6096632214902749,1.6119274611456547,0.002264239655379807
GSE199838,R-HSA-166658,IGLV3-25,1.6096632214902749,1.605016220454082,0.004647001036192755
GSE199838,R-HSA-166658,IGLV3-27,1.6096632214902749,1.6179863014006897,0.00832307991041481
GSE199838,R-HSA-166658,IGLV4-60,1.6096632214902749,1.6194775031875683,0.009814281697293481
GSE199838,R-HSA-166658,IGLV4-69,1.6096632214902749,1.6102377161379484,0.0005744946476735624
GSE199838,R-HSA-166658,IGLV5-45,1.6096632214902749,1.6083391347135492,0.0013240867767256859
GSE199838,R-HSA-166658,IGLV6-57,1.6096632214902749,1.612054237609625,0.002391016119350109
GSE199838,R-HSA-166658,IGLV7-43,1.6096632214902749,1.591120301286583,0.01854292020369175
GSE199838,R-HSA-166658,IGLV7-46,1.6096632214902749,1.5953448580067364,0.014318363483538432
GSE199838,R-HSA-166658,IGLV8-61,1.6096632214902749,1.607917508585668,0.0017457129046067887
GSE199838,R-HSA-166658,MASP1,1.6096632214902749,1.6274255336366903,0.017762312146415438
GSE199838,R-HSA-166658,MASP2,1.6096632214902749,1.6176832762204896,0.00802005473021472
GSE199838,R-HSA-166658,MBL2,1.6096632214902749,1.647515416115683,0.03785219462540823
GSE199838,R-HSA-166658,PROS1,1.6096632214902749,1.62881396106746,0.01915073957718505
GSE199838,R-HSA-166658,SERPING1,1.6096632214902749,1.6239297624062612,0.014266540915986337
GSE199838,R-HSA-166658,VTN,1.6096632214902749,1.6266197028586402,0.01695648136836536
GSE199838,R-HSA-9769740,ADAMTS13,-0.36683343329668494,-0.34983430443470637,0.016999128861978574
GSE199838,R-HSA-9769740,AGRN,-0.36683343329668494,-0.35258625033615754,0.014247182960527405
GSE199838,R-HSA-9769740,ANO5,-0.36683343329668494,-0.37945780442851124,0.012624371131826295
GSE199838,R-HSA-9769740,ANO6,-0.36683343329668494,-0.38177266530273174,0.014939232006046799
GSE199838,R-HSA-9769740,APP,-0.36683343329668494,-0.37455352380649043,0.007720090509805488
GSE199838,R-HSA-9769740,CD177,-0.36683343329668494,-0.3485845361723722,0.01824889712431277
GSE199838,R-HSA-9769740,F10,-0.36683343329668494,-0.3764379685806077,0.009604535283922744
GSE199838,R-HSA-9769740,F11,-0.36683343329668494,-0.38900349132177087,0.022170058025085926
GSE199838,R-HSA-9769740,F12,-0.36683343329668494,-0.3588152819654969,0.00801815133118805
GSE199838,R-HSA-9769740,F13A1,-0.36683343329668494,-0.3820329735436449,0.015199540246959964
GSE199838,R-HSA-9769740,F2,-0.36683343329668494,-0.3490729747469643,0.017760458549720637
GSE199838,R-HSA-9769740,F2R,-0.36683343329668494,-0.37120812223103533,0.00437468893435039
GSE199838,R-HSA-9769740,F3,-0.36683343329668494,-0.33776919531369126,0.02906423798299368
GSE199838,R-HSA-9769740,F5,-0.36683343329668494,-0.3344450082857421,0.032388425010942856
GSE199838,R-HSA-9769740,F7,-0.36683343329668494,-0.3729814109045266,0.006147977607841637
GSE199838,R-HSA-9769740,F8,-0.36683343329668494,-0.3991789947920035,0.03234556149531859
GSE199838,R-HSA-9769740,FGA,-0.36683343329668494,-0.3560928072724927,0.010740626024192235
GSE199838,R-HSA-9769740,FGB,-0.36683343329668494,-0.3574619942621189,0.009371439034566054
GSE199838,R-HSA-9769740,FGG,-0.36683343329668494,-0.3513902734784494,0.015443159818235519
GSE199838,R-HSA-9769740,GP1BA,-0.36683343329668494,-0.36865459541715256,0.0018211621204676232
GSE199838,R-HSA-9769740,GP5,-0.36683343329668494,-0.367112985056933,0.0002795517602480757
GSE199838,R-HSA-9769740,GP9,-0.36683343329668494,-0.3648411775710518,0.001992255725633163
GSE199838,R-HSA-9769740,GPC1,-0.36683343329668494,-0.3577478149792357,0.009085618317449251
GSE199838,R-HSA-9769740,GPC2,-0.36683343329668494,-0.3591163469343534,0.007717086362331538
GSE199838,R-HSA-9769740,GPC3,-0.36683343329668494,-0.38822128995796984,0.0213878566612849
GSE199838,R-HSA-9769740,GPC4,-0.36683343329668494,-0.35050894868338706,0.016324484613297885
GSE199838,R-HSA-9769740,GPC5,-0.36683343329668494,-0.38803207024542286,0.021198636948737914
GSE199838,R-HSA-9769740,GPC6,-0.36683343329668494,-0.35331829886053306,0.013515134436151877
GSE199838,R-HSA-9769740,HSPG2,-0.36683343329668494,-0.36627516732935533,0.0005582659673296075
GSE199838,R-HSA-9769740,ITGA2B,-0.36683343329668494,-0.3659038047600785,0.0009296285366064416
GSE199838,R-HSA-9769740,ITGB3,-0.36683343329668494,-0.3640614572588581,0.002771976037826862
GSE199838,R-HSA-9769740,KLKB1,-0.36683343329668494,-0.37210722799863044,0.0052737947019455
GSE199838,R-HSA-9769740,KNG1,-0.36683343329668494,-0.386523442418116,0.01969000912143104
GSE199838,R-HSA-9769740,PF4,-0.36683343329668494,-0.3604784243379491,0.006355008958735864
GSE199838,R-HSA-9769740,PF4V1,-0.36683343329668494,-0.3987182515167402,0.03188481822005523
GSE199838,R-HSA-9769740,PROC,-0.36683343329668494,-0.36275730375587795,0.004076129540806994
GSE199838,R-HSA-9769740,PROCR,-0.36683343329668494,-0.37435773845123305,0.0075243051545481054
GSE199838,R-HSA-9769740,PROS1,-0.36683343329668494,-0.36158731079074297,0.005246122505941975
GSE199838,R-HSA-9769740,PROZ,-0.36683343329668494,-0.3672288433825323,0.0003954100858473697
GSE199838,R-HSA-9769740,PRTN3,-0.36683343329668494,-0.34828955840779335,0.018543874888891587
GSE199838,R-HSA-9769740,SDC1,-0.36683343329668494,-0.37534449641097606,0.008511063114291118
GSE199838,R-HSA-9769740,SDC2,-0.36683343329668494,-0.3881172362996558,0.021283803002970836
GSE199838,R-HSA-9769740,SDC3,-0.36683343329668494,-0.37061670195489216,0.0037832686582072172
GSE199838,R-HSA-9769740,SDC4,-0.36683343329668494,-0.32233329617140627,0.04450013712527867
GSE199838,R-HSA-9769740,SERPINA10,-0.36683343329668494,-0.36938519704834955,0.002551763751664604
GSE199838,R-HSA-9769740,SERPINA5,-0.36683343329668494,-0.37544370844616176,0.00861027514947682
GSE199838,R-HSA-9769740,SERPINC1,-0.36683343329668494,-0.37526870131910806,0.008435268022423115
GSE199838,R-HSA-9769740,SERPIND1,-0.36683343329668494,-0.36753621364951267,0.0007027803528277254
GSE199838,R-HSA-9769740,SERPINE1,-0.36683343329668494,-0.3667033574517571,0.00013007584492785718
GSE199838,R-HSA-9769740,SERPINE2,-0.36683343329668494,-0.36430073927638074,0.0025326940203042048
GSE199838,R-HSA-9769740,SERPING1,-0.36683343329668494,-0.37226018934669586,0.005426756050010917
GSE199838,R-HSA-9769740,SMPD1,-0.36683343329668494,-0.35228853224642437,0.014544901050260572
GSE199838,R-HSA-9769740,TFPI,-0.36683343329668494,-0.385876405888135,0.019042972591450047
GSE199838,R-HSA-9769740,THBD,-0.36683343329668494,-0.36403845490039494,0.0027949783962900043
GSE199838,R-HSA-9769740,VWF,-0.36683343329668494,-0.37780396161436164,0.010970528317676698
GSE199838,R-HSA-202733,ANGPT1,0.8293938648201116,0.8257005970382191,0.0036932677818924953
GSE199838,R-HSA-202733,ANGPT2,0.8293938648201116,0.8314408321324422,0.002046967312330672
GSE199838,R-HSA-202733,ANGPT4,0.8293938648201116,0.8344952957761048,0.005101430955993247
GSE199838,R-HSA-202733,APOB,0.8293938648201116,0.8419331485119217,0.012539283691810121
GSE199838,R-HSA-202733,ATP1B1,0.8293938648201116,0.8337085848718981,0.004314720051786569
GSE199838,R-HSA-202733,ATP1B2,0.8293938648201116,0.8372629004731819,0.007869035653070289
GSE199838,R-HSA-202733,ATP1B3,0.8293938648201116,0.8337421675296999,0.004348302709588303
GSE199838,R-HSA-202733,BSG,0.8293938648201116,0.8378813220079947,0.00848745718788313
GSE199838,R-HSA-202733,CAV1,0.8293938648201116,0.8275498662265875,0.001843998593524021
GSE199838,R-HSA-202733,CD177,0.8293938648201116,0.8405248226916915,0.011130957871579916
GSE199838,R-HSA-202733,CD244,0.8293938648201116,0.8315458136630165,0.002151948842904927
GSE199838,R-HSA-202733,CD44,0.8293938648201116,0.8307785510988307,0.0013846862787191272
GSE199838,R-HSA-202733,CD47,0.8293938648201116,0.8303013406868707,0.0009074758667590999
GSE199838,R-HSA-202733,CD48,0.8293938648201116,0.829943246322766,0.000549381502654378
GSE199838,R-HSA-202733,CD58,0.8293938648201116,0.8306077547636658,0.0012138899435542028
GSE199838,R-HSA-202733,CD74,0.8293938648201116,0.8309362208402054,0.0015423560200937825
GSE199838,R-HSA-202733,CD84,0.8293938648201116,0.8306804794990045,0.0012866146788929056
GSE199838,R-HSA-202733,CD99,0.8293938648201116,0.8355036167712547,0.006109751951143161
GSE199838,R-HSA-202733,CD99L2,0.8293938648201116,0.8353386044681538,0.005944739648042208
GSE199838,R-HSA-202733,CEACAM1,0.8293938648201116,0.8290485477170393,0.0003453171030722846
GSE199838,R-HSA-202733,CEACAM3,0.8293938648201116,0.8400081574116437,0.010614292591532126
GSE199838,R-HSA-202733,CEACAM5,0.8293938648201116,0.8384944617691376,0.009100596949025985
GSE199838,R-HSA-202733,CEACAM8,0.8293938648201116,0.8379001688620262,0.008506304041914658
GSE199838,R-HSA-202733,COL1A1,0.8293938648201116,0.8324890216284664,0.0030951568083548153
GSE199838,R-HSA-202733,COL1A2,0.8293938648201116,0.8316609156065027,0.0022670507863911116
GSE199838,R-HSA-202733,CXADR,0.8293938648201116,0.8291839303039978,0.00020993451611373004
GSE199838,R-HSA-202733,DOK2,0.8293938648201116,0.8304990518753917,0.0011051870552801768
GSE199838,R-HSA-202733,EPCAM,0.8293938648201116,0.8328151032765174,0.0034212384564058507
GSE199838,R-HSA-202733,ESAM,0.8293938648201116,0.8304158748711621,0.0010220100510505148
GSE199838,R-HSA-202733,F11R,0.8293938648201116,0.8339832084442893,0.004589343624177733
GSE199838,R-HSA-202733,F2,0.8293938648201116,0.8403902528803243,0.010996388060212747
GSE199838,R-HSA-202733,FCAMR,0.8293938648201116,0.836620995457865,0.007227130637753376
GSE199838,R-HSA-202733,FCER1G,0.8293938648201116,0.8295632038568841,0.00016933903677252005
GSE199838,R-HSA-202733,FN1,0.8293938648201116,0.8299029593054944,0.0005090944853828328
GSE199838,R-HSA-202733,FYN,0.8293938648201116,0.8356396053568034,0.006245740536691802
GSE199838,R-HSA-202733,GAS6,0.8293938648201116,0.8343532225466178,0.004959357726506242
GSE199838,R-HSA-202733,GLG1,0.8293938648201116,0.8382554672060585,0.00886160238594691
GSE199838,R-HSA-202733,GP6,0.8293938648201116,0.8401419423313167,0.0107480775112051
GSE199838,R-HSA-202733,GPC1,0.8293938648201116,0.8380002458775556,0.008606381057444046
GSE199838,R-HSA-202733,GRB14,0.8293938648201116,0.831327287388459,0.0019334225683473871
GSE199838,R-HSA-202733,GRB2,0.8293938648201116,0.8467429514444834,0.017349086624371846
GSE199838,R-HSA-202733,GRB7,0.8293938648201116,0.8372080078047978,0.00781414298468619
GSE199838,R-HSA-202733,GYPA,0.8293938648201116,0.8356993338073078,0.006305468987196194
GSE199838,R-HSA-202733,GYPC,0.8293938648201116,0.8287204894632628,0.0006733753568487488
GSE199838,R-HSA-202733,HRAS,0.8293938648201116,0.8375036033740202,0.008109738553908619
GSE199838,R-HSA-202733,IGHA1,0.8293938648201116,0.8162104622591899,0.013183402560921653
GSE199838,R-HSA-202733,IGHA2,0.8293938648201116,0.8140705534694165,0.01532331135069509
GSE199838,R-HSA-202733,IGHM,0.8293938648201116,0.8254665191282949,0.0039273456918166305
GSE199838,R-HSA-202733,IGHV1-2,0.8293938648201116,0.8212358517619051,0.008158013058206515
GSE199838,R-HSA-202733,IGHV1-46,0.8293938648201116,0.8133698918645738,0.016023972955537813
GSE199838,R-HSA-202733,IGHV1-69,0.8293938648201116,0.8095120628111502,0.01988180200896139
GSE199838,R-HSA-202733,IGHV2-5,0.8293938648201116,0.810499961154348,0.0188939036657636
GSE199838,R-HSA-202733,IGHV2-70,0.8293938648201116,0.8185380456458755,0.010855819174236059
GSE199838,R-HSA-202733,IGHV3-11,0.8293938648201116,0.8049284591382536,0.024465405681857955
GSE199838,R-HSA-202733,IGHV3-13,0.8293938648201116,0.8237554402847495,0.005638424535362119
GSE199838,R-HSA-202733,IGHV3-23,0.8293938648201116,0.8198564575652529,0.009537407254858632
GSE199838,R-HSA-202733,IGHV3-30,0.8293938648201116,0.820589818112255,0.008804046707856616
GSE199838,R-HSA-202733,IGHV3-33,0.8293938648201116,0.8243291567789572,0.005064708041154331
GSE199838,R-HSA-202733,IGHV3-48,0.8293938648201116,0.8245091565139654,0.004884708306146179
GSE199838,R-HSA-202733,IGHV3-53,0.8293938648201116,0.829470118334462,7.625351435047723e-05
GSE199838,R-HSA-202733,IGHV3-7,0.8293938648201116,0.7949509313304555,0.0344429334896561
GSE199838,R-HSA-202733,IGHV4-34,0.8293938648201116,0.8211588301485866,0.008235034671524977
GSE199838,R-HSA-202733,IGHV4-39,0.8293938648201116,0.8223445387659075,0.0070493260542040526
GSE199838,R-HSA-202733,IGHV4-59,0.8293938648201116,0.8286967472077289,0.0006971176123826694
GSE199838,R-HSA-202733,IGHV7-81,0.8293938648201116,0.8336452020522769,0.004251337232165309
GSE199838,R-HSA-202733,IGKV1-12,0.8293938648201116,0.809762911301848,0.019630953518263605
GSE199838,R-HSA-202733,IGKV1-16,0.8293938648201116,0.8229407887414644,0.006453076078647202
GSE199838,R-HSA-202733,IGKV1-17,0.8293938648201116,0.8058783177815559,0.02351554703855563
GSE199838,R-HSA-202733,IGKV1-33,0.8293938648201116,0.8057959162026567,0.0235979486174549
GSE199838,R-HSA-202733,IGKV1-39,0.8293938648201116,0.8255403759177076,0.003853488902404001
GSE199838,R-HSA-202733,IGKV1-5,0.8293938648201116,0.8169323517045631,0.01246151311554844
GSE199838,R-HSA-202733,IGKV1D-12,0.8293938648201116,0.8276179554998954,0.0017759093202162068
GSE199838,R-HSA-202733,IGKV1D-16,0.8293938648201116,0.8118758884270789,0.017517976393032653
GSE199838,R-HSA-202733,IGKV1D-33,0.8293938648201116,0.7959347390045727,0.03345912581553889
GSE199838,R-HSA-202733,IGKV1D-39,0.8293938648201116,0.8247022437493727,0.004691621070738838
GSE199838,R-HSA-202733,IGKV2-28,0.8293938648201116,0.795884795408351,0.03350906941176057
GSE199838,R-HSA-202733,IGKV2-29,0.8293938648201116,0.8176870825224293,0.011706782297682294
GSE199838,R-HSA-202733,IGKV2-30,0.8293938648201116,0.7948882650513067,0.03450559976880485
GSE199838,R-HSA-202733,IGKV2D-28,0.8293938648201116,0.8129367692909355,0.01645709552917607
GSE199838,R-HSA-202733,IGKV2D-30,0.8293938648201116,0.8134565724106005,0.015937292409511028
GSE199838,R-HSA-202733,IGKV3-15,0.8293938648201116,0.815010431347701,0.014383433472410556
GSE199838,R-HSA-202733,IGKV3-20,0.8293938648201116,0.8198115957821236,0.009582269037987978
GSE199838,R-HSA-202733,IGKV3D-20,0.8293938648201116,0.8161588202247553,0.013235044595356293
GSE199838,R-HSA-202733,IGKV4-1,0.8293938648201116,0.8127970495881831,0.016596815231928463
GSE199838,R-HSA-202733,IGLC2,0.8293938648201116,0.8167804666974365,0.012613398122675035
GSE199838,R-HSA-202733,IGLC3,0.8293938648201116,0.813281514066641,0.016112350753470617
GSE199838,R-HSA-202733,IGLC7,0.8293938648201116,0.8315217961339518,0.002127931313840259
GSE199838,R-HSA-202733,IGLL1,0.8293938648201116,0.8366524456224336,0.007258580802322001
GSE199838,R-HSA-202733,IGLV1-36,0.8293938648201116,0.8280016829478656,0.00139218187224599
GSE199838,R-HSA-202733,IGLV1-40,0.8293938648201116,0.8045766086732857,0.02481725614682584
GSE199838,R-HSA-202733,IGLV1-44,0.8293938648201116,0.8181027746343396,0.011291090185772013
GSE199838,R-HSA-202733,IGLV1-47,0.8293938648201116,0.8261692869720225,0.0032245778480890497
GSE199838,R-HSA-202733,IGLV1-51,0.8293938648201116,0.8218932595600619,0.0075006052600496975
GSE199838,R-HSA-202733,IGLV10-54,0.8293938648201116,0.8266416891434527,0.0027521756766588634
GSE199838,R-HSA-202733,IGLV2-11,0.8293938648201116,0.8201485800528265,0.009245284767285034
GSE199838,R-HSA-202733,IGLV2-14,0.8293938648201116,0.814543532120445,0.014850332699666624
GSE199838,R-HSA-202733,IGLV2-18,0.8293938648201116,0.8190989240215455,0.010294940798566077
GSE199838,R-HSA-202733,IGLV2-23,0.8293938648201116,0.8056670994136079,0.023726765406503647
GSE199838,R-HSA-202733,IGLV2-8,0.8293938648201116,0.8241029168970736,0.00529094792303797
GSE199838,R-HSA-202733,IGLV3-1,0.8293938648201116,0.8190482455494368,0.010345619270674788
GSE199838,R-HSA-202733,IGLV3-19,0.8293938648201116,0.8235222002467092,0.00587166457340238
GSE199838,R-HSA-202733,IGLV3-21,0.8293938648201116,0.8267760634051352,0.0026178014149763618
GSE199838,R-HSA-202733,IGLV3-25,0.8293938648201116,0.822615214417352,0.006778650402759601
GSE199838,R-HSA-202733,IGLV3-27,0.8293938648201116,0.8304237325382686,0.0010298677181570515
GSE199838,R-HSA-202733,IGLV4-60,0.8293938648201116,0.8313214968793488,0.0019276320592371832
GSE199838,R-HSA-202733,IGLV4-69,0.8293938648201116,0.8257587679413121,0.003635096878799482
GSE199838,R-HSA-202733,IGLV5-45,0.8293938648201116,0.8246157444307044,0.00477812038940717
GSE199838,R-HSA-202733,IGLV6-57,0.8293938648201116,0.8268523880109949,0.0025414768091166495
GSE199838,R-HSA-202733,IGLV7-43,0.8293938648201116,0.8142493038981432,0.015144560921968364
GSE199838,R-HSA-202733,IGLV7-46,0.8293938648201116,0.8167926594745619,0.012601205345549649
GSE199838,R-HSA-202733,IGLV8-61,0.8293938648201116,0.8243619082924902,0.00503195652762134
GSE199838,R-HSA-202733,INPP5D,0.8293938648201116,0.8304520420167933,0.0010581771966817755
GSE199838,R-HSA-202733,ITGA3,0.8293938648201116,0.842080644898004,0.012686780077892479
GSE199838,R-HSA-202733,ITGA4,0.8293938648201116,0.830118208776916,0.0007243439568044296
GSE199838,R-HSA-202733,ITGA5,0.8293938648201116,0.8325821631861482,0.0031882983660366238
GSE199838,R-HSA-202733,ITGA6,0.8293938648201116,0.8375277785446951,0.008133913724583497
GSE199838,R-HSA-202733,ITGAL,0.8293938648201116,0.8303428630467024,0.0009489982265907804
GSE199838,R-HSA-202733,ITGAM,0.8293938648201116,0.8300998383184882,0.0007059734983766441
GSE199838,R-HSA-202733,ITGAV,0.8293938648201116,0.8365035954395537,0.0071097306194420895
GSE199838,R-HSA-202733,ITGAX,0.8293938648201116,0.8317208667192877,0.0023270018991761177
GSE199838,R-HSA-202733,ITGB1,0.8293938648201116,0.8315057588994358,0.002111894079324217
GSE199838,R-HSA-202733,ITGB2,0.8293938648201116,0.8314964973952514,0.0021026325751398733
GSE199838,R-HSA-202733,ITGB3,0.8293938648201116,0.8362607730045984,0.006866908184486875
GSE199838,R-HSA-202733,JAM2,0.8293938648201116,0.8277339938144369,0.0016598710056746624
GSE199838,R-HSA-202733,JAM3,0.8293938648201116,0.8260815045717913,0.0033123602483202674
GSE199838,R-HSA-202733,JAML,0.8293938648201116,0.8302009742052101,0.0008071093850985367
GSE199838,R-HSA-202733,JCHAIN,0.8293938648201116,0.818396882828923,0.010996981991188592
GSE199838,R-HSA-202733,KRAS,0.8293938648201116,0.8329532055495701,0.0035593407294585155
GSE199838,R-HSA-202733,L1CAM,0.8293938648201116,0.8361439682430357,0.0067501034229241474
GSE199838,R-HSA-202733,LCK,0.8293938648201116,0.8294803236858171,8.645886570557426e-05
GSE199838,R-HSA-202733,LYN,0.8293938648201116,0.830340529003709,0.0009466641835974565
GSE199838,R-HSA-202733,MAG,0.8293938648201116,0.8362525888273513,0.006858724007239747
GSE199838,R-HSA-202733,MERTK,0.8293938648201116,0.831430348137981,0.002036483317869431
GSE199838,R-HSA-202733,MIF,0.8293938648201116,0.8296101148262272,0.00021625000611558143
GSE199838,R-HSA-202733,MMP1,0.8293938648201116,0.8319569766253363,0.002563111805224727
GSE199838,R-HSA-202733,NRAS,0.8293938648201116,0.8327951435088663,0.0034012786887547275
GSE199838,R-HSA-202733,OLR1,0.8293938648201116,0.8331078714638273,0.003714006643715684
GSE199838,R-HSA-202733,PECAM1,0.8293938648201116,0.8307286972492075,0.0013348324290959335
GSE199838,R-HSA-202733,PF4,0.8293938648201116,0.8372479351358693,0.007854070315757689
GSE199838,R-HSA-202733,PF4V1,0.8293938648201116,0.8267124725457942,0.002681392274317407
GSE199838,R-HSA-202733,PICK1,0.8293938648201116,0.8382702914788747,0.008876426658763092
GSE199838,R-HSA-202733,PIK3CA,0.8293938648201116,0.8335388392888597,0.004144974468748175
GSE199838,R-HSA-202733,PIK3CB,0.8293938648201116,0.8410604684037456,0.011666603583634028
GSE199838,R-HSA-202733,PIK3R1,0.8293938648201116,0.833367025165383,0.003973160345271398
GSE199838,R-HSA-202733,PIK3R2,0.8293938648201116,0.8427301949431107,0.013336330122999174
GSE199838,R-HSA-202733,PLCG1,0.8293938648201116,0.8367570204073858,0.007363155587274184
GSE199838,R-HSA-202733,PPIA,0.8293938648201116,0.8360025651284217,0.006608700308310178
GSE199838,R-HSA-202733,PPIL2,0.8293938648201116,0.834798921048763,0.005405056228651395
GSE199838,R-HSA-202733,PROC,0.8293938648201116,0.8366200806023584,0.007226215782246803
GSE199838,R-HSA-202733,PROCR,0.8293938648201116,0.8334240424720054,0.00403017765189384
GSE199838,R-HSA-202733,PROS1,0.8293938648201116,0.8369424256029566,0.0075485607828450485
GSE199838,R-HSA-202733,PSG1,0.8293938648201116,0.8379875459743062,0.008593681154194677
GSE199838,R-HSA-202733,PSG11,0.8293938648201116,0.8383160132397142,0.008922148419602594
GSE199838,R-HSA-202733,PSG2,0.8293938648201116,0.8415322843989791,0.012138419578867521
GSE199838,R-HSA-202733,PSG3,0.8293938648201116,0.8673624437217657,0.03796857890165417
GSE199838,R-HSA-202733,PSG4,0.8293938648201116,0.8611165436286425,0.03172267880853097
GSE199838,R-HSA-202733,PSG5,0.8293938648201116,0.8422467755373461,0.01285291071723449
GSE199838,R-HSA-202733,PSG6,0.8293938648201116,0.8396127956037868,0.010218930783675195
GSE199838,R-HSA-202733,PSG7,0.8293938648201116,0.8428859318056563,0.013492066985544726
GSE199838,R-HSA-202733,PSG8,0.8293938648201116,0.8388536888955683,0.009459824075456758
GSE199838,R-HSA-202733,PTPN11,0.8293938648201116,0.8391827135638322,0.009788848743720657
GSE199838,R-HSA-202733,PTPN6,0.8293938648201116,0.8304069554070793,0.0010130905869677465
GSE199838,R-HSA-202733,SDC1,0.8293938648201116,0.8331521805851373,0.0037583157650257215
GSE199838,R-HSA-202733,SDC2,0.8293938648201116,0.8296331604117256,0.00023929559161406377
GSE199838,R-HSA-202733,SDC3,0.8293938648201116,0.8344547362005892,0.005060871380477616
GSE199838,R-HSA-202733,SDC4,0.8293938648201116,0.8477573071817536,0.018363442361642
GSE199838,R-HSA-202733,SELE,0.8293938648201116,0.8332546520626282,0.0038607872425165946
GSE199838,R-HSA-202733,SELL,0.8293938648201116,0.8298554708517477,0.00046160603163614145
GSE199838,R-HSA-202733,SELP,0.8293938648201116,0.8216708347426707,0.007723030077440907
GSE199838,R-HSA-202733,SELPLG,0.8293938648201116,0.8310580322111528,0.0016641673910412491
GSE199838,R-HSA-202733,SHC1,0.8293938648201116,0.8366264561689633,0.00723259134885168
GSE199838,R-HSA-202733,SIRPA,0.8293938648201116,0.848563613440037,0.019169748619925375
GSE199838,R-HSA-202733,SIRPG,0.8293938648201116,0.832191820480236,0.002797955660124418
GSE199838,R-HSA-202733,SLC16A1,0.8293938648201116,0.8361643721433134,0.006770507323201835
GSE199838,R-HSA-202733,SLC16A3,0.8293938648201116,0.8332450235824618,0.003851158762350204
GSE199838,R-HSA-202733,SLC16A8,0.8293938648201116,0.8397020571081076,0.010308192287996065
GSE199838,R-HSA-202733,SLC3A2,0.8293938648201116,0.8373300275346204,0.00793616271450881
GSE199838,R-HSA-202733,SLC7A10,0.8293938648201116,0.8338068154867783,0.004412950666666693
GSE199838,R-HSA-202733,SLC7A11,0.8293938648201116,0.8378806807394872,0.008486815919375612
GSE199838,R-HSA-202733,SLC7A5,0.8293938648201116,0.8393655047628943,0.009971639942782717
GSE199838,R-HSA-202733,SLC7A6,0.8293938648201116,0.8306316607443774,0.001237795924265872
GSE199838,R-HSA-202733,SLC7A7,0.8293938648201116,0.8374101392236036,0.008016274403492063
GSE199838,R-HSA-202733,SLC7A8,0.8293938648201116,0.8370006324700384,0.007606767649926849
GSE199838,R-HSA-202733,SLC7A9,0.8293938648201116,0.8354054830405944,0.006011618220482795
GSE199838,R-HSA-202733,SOS1,0.8293938648201116,0.8338122916201567,0.0044184268000451166
GSE199838,R-HSA-202733,SPN,0.8293938648201116,0.8299912986170876,0.0005974337969760768
GSE199838,R-HSA-202733,SRC,0.8293938648201116,0.8500635989978369,0.02066973417772533
GSE199838,R-HSA-202733,TEK,0.8293938648201116,0.8260466469657233,0.0033472178543882958
GSE199838,R-HSA-202733,TGFB1,0.8293938648201116,0.8370070672587236,0.007613202438612077
GSE199838,R-HSA-202733,THBD,0.8293938648201116,0.836267110389073,0.006873245568961406
GSE199838,R-HSA-202733,TNFRSF10A,0.8293938648201116,0.8406149852805002,0.01122112046038859
GSE199838,R-HSA-202733,TNFRSF10B,0.8293938648201116,0.8367480041423235,0.007354139322211961
GSE199838,R-HSA-202733,TNFRSF10D,0.8293938648201116,0.8305747445791902,0.0011808797590786568
GSE199838,R-HSA-202733,TREM1,0.8293938648201116,0.8398222533408198,0.010428388520708265
GSE199838,R-HSA-202733,TSPAN7,0.8293938648201116,0.8308736481021582,0.001479783282046676
GSE199838,R-HSA-202733,VPREB3,0.8293938648201116,0.8316862036100435,0.002292338789931958
GSE199838,R-HSA-202733,YES1,0.8293938648201116,0.8333281771309559,0.00393431231084429
GSE199838,R-HSA-380108,ACKR2,0.3877780220069025,0.38551287948193225,0.0022651425249702317
GSE199838,R-HSA-380108,ACKR3,0.3877780220069025,0.38628602708182075,0.00149199492508173
GSE199838,R-HSA-380108,ACKR4,0.3877780220069025,0.4000006692853162,0.012222647278413712
GSE199838,R-HSA-380108,CCL11,0.3877780220069025,0.33351384224315245,0.05426417976375003
GSE199838,R-HSA-380108,CCL13,0.3877780220069025,0.3888594425532436,0.0010814205463411386
GSE199838,R-HSA-380108,CCL16,0.3877780220069025,0.40079963514712885,0.013021613140226374
GSE199838,R-HSA-380108,CCL17,0.3877780220069025,0.39058701001485957,0.0028089880079570917
GSE199838,R-HSA-380108,CCL19,0.3877780220069025,0.32066362057377834,0.06711440143312414
GSE199838,R-HSA-380108,CCL2,0.3877780220069025,0.38046417209280275,0.007313849914099724
GSE199838,R-HSA-380108,CCL20,0.3877780220069025,0.402207480624709,0.014429458617806534
GSE199838,R-HSA-380108,CCL21,0.3877780220069025,0.36810068695321446,0.019677335053688016
GSE199838,R-HSA-380108,CCL22,0.3877780220069025,0.3805876547895262,0.007190367217376259
GSE199838,R-HSA-380108,CCL25,0.3877780220069025,0.4075415607279379,0.019763538721035423
GSE199838,R-HSA-380108,CCL27,0.3877780220069025,0.398864835915467,0.01108681390856453
GSE199838,R-HSA-380108,CCL28,0.3877780220069025,0.3567783050039322,0.030999717002970273
GSE199838,R-HSA-380108,CCL3,0.3877780220069025,0.38399449207306313,0.003783529933839347
GSE199838,R-HSA-380108,CCL3L1,0.3877780220069025,0.3847264444257894,0.003051577581113074
GSE199838,R-HSA-380108,CCL4,0.3877780220069025,0.38648649159692533,0.0012915304099771485
GSE199838,R-HSA-380108,CCL5,0.3877780220069025,0.38082558321686116,0.006952438790041315
GSE199838,R-HSA-380108,CCR1,0.3877780220069025,0.3866648373389654,0.0011131846679370838
GSE199838,R-HSA-380108,CCR10,0.3877780220069025,0.4043136477124047,0.01653562570550221
GSE199838,R-HSA-380108,CCR2,0.3877780220069025,0.3724711571320793,0.01530686487482319
GSE199838,R-HSA-380108,CCR3,0.3877780220069025,0.3952702916367781,0.0074922696298756475
GSE199838,R-HSA-380108,CCR4,0.3877780220069025,0.3764812091372383,0.011296812869664163
GSE199838,R-HSA-380108,CCR5,0.3877780220069025,0.37414467960761033,0.013633342399292148
GSE199838,R-HSA-380108,CCR6,0.3877780220069025,0.3739355358084013,0.013842486198501203
GSE199838,R-HSA-380108,CCR7,0.3877780220069025,0.38218150195674205,0.005596520050160425
GSE199838,R-HSA-380108,CCR8,0.3877780220069025,0.4195781423272542,0.03180012032035173
GSE199838,R-HSA-380108,CCR9,0.3877780220069025,0.3963439279369838,0.00856590593008133
GSE199838,R-HSA-380108,CCRL2,0.3877780220069025,0.39055104434058546,0.002773022333682984
GSE199838,R-HSA-380108,CX3CL1,0.3877780220069025,0.40856759404817594,0.020789572041273463
GSE199838,R-HSA-380108,CX3CR1,0.3877780220069025,0.38761757183144696,0.00016045017545551765
GSE199838,R-HSA-380108,CXCL1,0.3877780220069025,0.38255238610034814,0.005225635906554338
GSE199838,R-HSA-380108,CXCL10,0.3877780220069025,0.3829156689944945,0.004862353012408005
GSE199838,R-HSA-380108,CXCL11,0.3877780220069025,0.3849875353230636,0.0027904866838388553
GSE199838,R-HSA-380108,CXCL12,0.3877780220069025,0.3687911145924175,0.018986907414485
GSE199838,R-HSA-380108,CXCL13,0.3877780220069025,0.386635120717963,0.0011429012889394574
GSE199838,R-HSA-380108,CXCL16,0.3877780220069025,0.40809095960719177,0.020312937600289294
GSE199838,R-HSA-380108,CXCL2,0.3877780220069025,0.40665534359210603,0.018877321585203555
GSE199838,R-HSA-380108,CXCL3,0.3877780220069025,0.39336408552020957,0.0055860635133070935
GSE199838,R-HSA-380108,CXCL5,0.3877780220069025,0.3880212689558582,0.00024324694895572208
GSE199838,R-HSA-380108,CXCL6,0.3877780220069025,0.38201911066364924,0.005758911343253237
GSE199838,R-HSA-380108,CXCL8,0.3877780220069025,0.4013016923434008,0.013523670336498317
GSE199838,R-HSA-380108,CXCL9,0.3877780220069025,0.3827050562018147,0.005072965805087759
GSE199838,R-HSA-380108,CXCR1,0.3877780220069025,0.39873066149436776,0.010952639487465277
GSE199838,R-HSA-380108,CXCR2,0.3877780220069025,0.4249982737211641,0.03722025171426163
GSE199838,R-HSA-380108,CXCR3,0.3877780220069025,0.3712063446401286,0.016571677366773896
GSE199838,R-HSA-380108,CXCR4,0.3877780220069025,0.39773608965024726,0.009958067643344781
GSE199838,R-HSA-380108,CXCR5,0.3877780220069025,0.3920079932137682,0.004229971206865746
GSE199838,R-HSA-380108,CXCR6,0.3877780220069025,0.38679782499767074,0.0009801970092317425
GSE199838,R-HSA-380108,PF4,0.3877780220069025,0.40810731717496407,0.02032929516806159
GSE199838,R-HSA-380108,PPBP,0.3877780220069025,0.4161368183685766,0.0283587963616741
GSE199838,R-HSA-380108,XCL1,0.3877780220069025,0.3827616056597887,0.005016416347113806
GSE199838,R-HSA-380108,XCL2,0.3877780220069025,0.3926472602628137,0.004869238255911235
GSE199838,R-HSA-380108,XCR1,0.3877780220069025,0.3836997039675013,0.004078318039401174
GSE199838,R-HSA-1474244,A2M,-0.17854788525130239,-0.18254868485780382,0.004000799606501432
GSE199838,R-HSA-1474244,ACAN,-0.17854788525130239,-0.17734884485349348,0.0011990403978089093
GSE199838,R-HSA-1474244,ACTA1,-0.17854788525130239,-0.17722225467820565,0.001325630573096731
GSE199838,R-HSA-1474244,ACTA2,-0.17854788525130239,-0.18289510419674168,0.004347218945439296
GSE199838,R-HSA-1474244,ACTB,-0.17854788525130239,-0.17548897151945364,0.0030589137318487447
GSE199838,R-HSA-1474244,ACTC1,-0.17854788525130239,-0.17976352102403906,0.001215635772736673
GSE199838,R-HSA-1474244,ACTG1,-0.17854788525130239,-0.1791064105430983,0.0005585252917959249
GSE199838,R-HSA-1474244,ACTG2,-0.17854788525130239,-0.18119877700601847,0.0026508917547160837
GSE199838,R-HSA-1474244,ACTN1,-0.17854788525130239,-0.17956143003279534,0.0010135447814929588
GSE199838,R-HSA-1474244,ADAM10,-0.17854788525130239,-0.18062579643895593,0.002077911187653547
GSE199838,R-HSA-1474244,ADAM12,-0.17854788525130239,-0.1790701910137084,0.0005223057624060279
GSE199838,R-HSA-1474244,ADAM15,-0.17854788525130239,-0.1818318493883628,0.003283964137060419
GSE199838,R-HSA-1474244,ADAM17,-0.17854788525130239,-0.18061946396559897,0.0020715787142965847
GSE199838,R-HSA-1474244,ADAM19,-0.17854788525130239,-0.18202552748209527,0.003477642230792888
GSE199838,R-HSA-1474244,ADAM8,-0.17854788525130239,-0.1793910885520335,0.0008432033007311213
GSE199838,R-HSA-1474244,ADAM9,-0.17854788525130239,-0.1788880020937549,0.0003401168424525258
GSE199838,R-HSA-1474244,ADAMTS1,-0.17854788525130239,-0.1791739364915274,0.0006260512402250229
GSE199838,R-HSA-1474244,ADAMTS14,-0.17854788525130239,-0.17582360415776752,0.0027242810935348694
GSE199838,R-HSA-1474244,ADAMTS16,-0.17854788525130239,-0.1716665201736135,0.0068813650776888835
GSE199838,R-HSA-1474244,ADAMTS18,-0.17854788525130239,-0.17742836902289566,0.001119516228406725
GSE199838,R-HSA-1474244,ADAMTS2,-0.17854788525130239,-0.18021317875042195,0.0016652934991195634
GSE199838,R-HSA-1474244,ADAMTS3,-0.17854788525130239,-0.17979755219100227,0.0012496669396998838
GSE199838,R-HSA-1474244,ADAMTS4,-0.17854788525130239,-0.1786114825506719,6.359729936952774e-05
GSE199838,R-HSA-1474244,ADAMTS5,-0.17854788525130239,-0.179928133024149,0.0013802477728466211
GSE199838,R-HSA-1474244,ADAMTS8,-0.17854788525130239,-0.17655335880709944,0.0019945264442029487
GSE199838,R-HSA-1474244,ADAMTS9,-0.17854788525130239,-0.1713933388347847,0.007154546416517693
GSE199838,R-HSA-1474244,AGRN,-0.17854788525130239,-0.17550777913094093,0.0030401061203614577
GSE199838,R-HSA-1474244,APP,-0.17854788525130239,-0.17927359744014085,0.0007257121888384621
GSE199838,R-HSA-1474244,ASPN,-0.17854788525130239,-0.18419444760651718,0.005646562355214796
GSE199838,R-HSA-1474244,BCAN,-0.17854788525130239,-0.1775624496675383,0.0009854355837640716
GSE199838,R-HSA-1474244,BGN,-0.17854788525130239,-0.1799709430998584,0.0014230578485560086
GSE199838,R-HSA-1474244,BMP1,-0.17854788525130239,-0.17854492859254756,2.9566587548268686e-06
GSE199838,R-HSA-1474244,BMP10,-0.17854788525130239,-0.17592137446802975,0.0026265107832726398
GSE199838,R-HSA-1474244,BMP2,-0.17854788525130239,-0.17508263801717977,0.003465247234122615
GSE199838,R-HSA-1474244,BMP4,-0.17854788525130239,-0.18148681122200952,0.0029389259707071347
GSE199838,R-HSA-1474244,BMP7,-0.17854788525130239,-0.1751507668657289,0.0033971183855734943
GSE199838,R-HSA-1474244,BSG,-0.17854788525130239,-0.17646661585843343,0.0020812693928689563
GSE199838,R-HSA-1474244,CAPN1,-0.17854788525130239,-0.17756454843816588,0.000983336813136504
GSE199838,R-HSA-1474244,CAPN10,-0.17854788525130239,-0.1781487867488377,0.00039909850246469536
GSE199838,R-HSA-1474244,CAPN11,-0.17854788525130239,-0.1765898713569564,0.0019580138943459946
GSE199838,R-HSA-1474244,CAPN12,-0.17854788525130239,-0.17352661856273777,0.0050212666885646184
GSE199838,R-HSA-1474244,CAPN13,-0.17854788525130239,-0.17281864737554095,0.005729237875761434
GSE199838,R-HSA-1474244,CAPN14,-0.17854788525130239,-0.17821207398404024,0.00033581126726214827
GSE199838,R-HSA-1474244,CAPN15,-0.17854788525130239,-0.17329949281470852,0.005248392436593863
GSE199838,R-HSA-1474244,CAPN2,-0.17854788525130239,-0.17619811541115146,0.0023497698401509226
GSE199838,R-HSA-1474244,CAPN3,-0.17854788525130239,-0.17853547304140405,1.2412209898338133e-05
GSE199838,R-HSA-1474244,CAPN5,-0.17854788525130239,-0.1767921795532726,0.001755705698029797
GSE199838,R-HSA-1474244,CAPN6,-0.17854788525130239,-0.1803835086477916,0.001835623396489211
GSE199838,R-HSA-1474244,CAPN7,-0.17854788525130239,-0.18301569765178372,0.00446781240048133
GSE199838,R-HSA-1474244,CAPN8,-0.17854788525130239,-0.17394989771191896,0.004597987539383425
GSE199838,R-HSA-1474244,CAPN9,-0.17854788525130239,-0.17468106408492404,0.003866821166378348
GSE199838,R-HSA-1474244,CAPNS1,-0.17854788525130239,-0.18142018245177094,0.0028722972004685543
GSE199838,R-HSA-1474244,CAPNS2,-0.17854788525130239,-0.17456825643523158,0.003979628816070807
GSE199838,R-HSA-1474244,CASK,-0.17854788525130239,-0.17831142628456612,0.00023645896673626932
GSE199838,R-HSA-1474244,CASP3,-0.17854788525130239,-0.18054023559132612,0.0019923503400237352
GSE199838,R-HSA-1474244,CAST,-0.17854788525130239,-0.17873598399938267,0.0001880987480802898
GSE199838,R-HSA-1474244,CD151,-0.17854788525130239,-0.17943849059377592,0.0008906053424735383
GSE199838,R-HSA-1474244,CD44,-0.17854788525130239,-0.18088611775746885,0.0023382325061664655
GSE199838,R-HSA-1474244,CD47,-0.17854788525130239,-0.18118304868046622,0.0026351634291638393
GSE199838,R-HSA-1474244,CDH1,-0.17854788525130239,-0.17944726658209956,0.0008993813307971721
GSE199838,R-HSA-1474244,CEACAM1,-0.17854788525130239,-0.18196256430613908,0.0034146790548366945
GSE199838,R-HSA-1474244,CEACAM8,-0.17854788525130239,-0.1764548889270362,0.002092996324266183
GSE199838,R-HSA-1474244,CMA1,-0.17854788525130239,-0.17769376832026598,0.0008541169310364027
GSE199838,R-HSA-1474244,COL10A1,-0.17854788525130239,-0.1740880812731769,0.004459803978125482
GSE199838,R-HSA-1474244,COL11A1,-0.17854788525130239,-0.17715635227166826,0.0013915329796341247
GSE199838,R-HSA-1474244,COL11A2,-0.17854788525130239,-0.1765289867002626,0.0020188985510397883
GSE199838,R-HSA-1474244,COL12A1,-0.17854788525130239,-0.18148173819617527,0.002933852944872889
GSE199838,R-HSA-1474244,COL13A1,-0.17854788525130239,-0.18020428069192196,0.0016563954406195736
GSE199838,R-HSA-1474244,COL14A1,-0.17854788525130239,-0.18718707482747393,0.008639189576171546
GSE199838,R-HSA-1474244,COL15A1,-0.17854788525130239,-0.1797993957755876,0.0012515105242852098
GSE199838,R-HSA-1474244,COL16A1,-0.17854788525130239,-0.18042448475688871,0.0018765995055863294
GSE199838,R-HSA-1474244,COL17A1,-0.17854788525130239,-0.1755038721326852,0.0030440131186171837
GSE199838,R-HSA-1474244,COL18A1,-0.17854788525130239,-0.16895409020885716,0.00959379504244523
GSE199838,R-HSA-1474244,COL19A1,-0.17854788525130239,-0.17914003314639887,0.0005921478950964842
GSE199838,R-HSA-1474244,COL1A1,-0.17854788525130239,-0.17982182498347338,0.0012739397321709922
GSE199838,R-HSA-1474244,COL1A2,-0.17854788525130239,-0.1803370909526952,0.0017892057013928209
GSE199838,R-HSA-1474244,COL20A1,-0.17854788525130239,-0.17467595609331582,0.0038719291579865645
GSE199838,R-HSA-1474244,COL21A1,-0.17854788525130239,-0.18687647463831317,0.008328589387010782
GSE199838,R-HSA-1474244,COL22A1,-0.17854788525130239,-0.17453468175039383,0.004013203500908558
GSE199838,R-HSA-1474244,COL23A1,-0.17854788525130239,-0.17948695051280683,0.0009390652615044459
GSE199838,R-HSA-1474244,COL24A1,-0.17854788525130239,-0.17872887908800655,0.00018099383670416858
GSE199838,R-HSA-1474244,COL25A1,-0.17854788525130239,-0.18409993703117872,0.0055520517798763325
GSE199838,R-HSA-1474244,COL26A1,-0.17854788525130239,-0.1805387669799486,0.0019908817286462266
GSE199838,R-HSA-1474244,COL27A1,-0.17854788525130239,-0.17317085996853737,0.005377025282765013
GSE199838,R-HSA-1474244,COL28A1,-0.17854788525130239,-0.17909064204549113,0.0005427567941887479
GSE199838,R-HSA-1474244,COL2A1,-0.17854788525130239,-0.17094549406685017,0.007602391184452217
GSE199838,R-HSA-1474244,COL3A1,-0.17854788525130239,-0.17991869753994608,0.0013708122886436913
GSE199838,R-HSA-1474244,COL4A1,-0.17854788525130239,-0.17847978650019827,6.809875110411201e-05
GSE199838,R-HSA-1474244,COL4A2,-0.17854788525130239,-0.17748632787762256,0.0010615573736798278
GSE199838,R-HSA-1474244,COL4A3,-0.17854788525130239,-0.1744981591665884,0.004049726084713989
GSE199838,R-HSA-1474244,COL4A4,-0.17854788525130239,-0.17337314697977518,0.005174738271527202
GSE199838,R-HSA-1474244,COL4A5,-0.17854788525130239,-0.17933912786265044,0.0007912426113480531
GSE199838,R-HSA-1474244,COL4A6,-0.17854788525130239,-0.17992845136655472,0.0013805661152523352
GSE199838,R-HSA-1474244,COL5A1,-0.17854788525130239,-0.1792124686772221,0.0006645834259197125
GSE199838,R-HSA-1474244,COL5A2,-0.17854788525130239,-0.1802909424608476,0.0017430572095452068
GSE199838,R-HSA-1474244,COL5A3,-0.17854788525130239,-0.17982966822136862,0.0012817829700662309
GSE199838,R-HSA-1474244,COL6A1,-0.17854788525130239,-0.17586963916035642,0.002678246090945968
GSE199838,R-HSA-1474244,COL6A2,-0.17854788525130239,-0.1804781149277167,0.001930229676414319
GSE199838,R-HSA-1474244,COL6A3,-0.17854788525130239,-0.18094402042420848,0.0023961351729061
GSE199838,R-HSA-1474244,COL6A5,-0.17854788525130239,-0.1793359497312418,0.0007880644799394265
GSE199838,R-HSA-1474244,COL6A6,-0.17854788525130239,-0.183861628524999,0.005313743273696603
GSE199838,R-HSA-1474244,COL7A1,-0.17854788525130239,-0.1766513769890931,0.0018965082622092733
GSE199838,R-HSA-1474244,COL8A1,-0.17854788525130239,-0.17871987464452302,0.000171989393220634
GSE199838,R-HSA-1474244,COL8A2,-0.17854788525130239,-0.18037828996482308,0.0018304047135206947
GSE199838,R-HSA-1474244,COL9A1,-0.17854788525130239,-0.17339054751405725,0.005157337737245138
GSE199838,R-HSA-1474244,COL9A2,-0.17854788525130239,-0.1793379626203608,0.0007900773690584229
GSE199838,R-HSA-1474244,COL9A3,-0.17854788525130239,-0.1814318677045729,0.0028839824532705116
GSE199838,R-HSA-1474244,COLGALT1,-0.17854788525130239,-0.17815254080921722,0.00039534444208516595
GSE199838,R-HSA-1474244,COLGALT2,-0.17854788525130239,-0.17793680178511162,0.0006110834661907649
GSE199838,R-HSA-1474244,COMP,-0.17854788525130239,-0.17972148922771153,0.0011736039764091433
GSE199838,R-HSA-1474244,CRTAP,-0.17854788525130239,-0.17494313189215113,0.0036047533591512526
GSE199838,R-HSA-1474244,CTRB1,-0.17854788525130239,-0.17835632512967642,0.00019156012162596658
GSE199838,R-HSA-1474244,CTRB2,-0.17854788525130239,-0.17599039193627508,0.002557493315027304
GSE199838,R-HSA-1474244,CTSB,-0.17854788525130239,-0.17799218050394355,0.0005557047473588317
GSE199838,R-HSA-1474244,CTSD,-0.17854788525130239,-0.17433555398437514,0.004212331266927244
GSE199838,R-HSA-1474244,CTSG,-0.17854788525130239,-0.18104356042402167,0.002495675172719286
GSE199838,R-HSA-1474244,CTSK,-0.17854788525130239,-0.18285951514742219,0.004311629896119801
GSE199838,R-HSA-1474244,CTSL,-0.17854788525130239,-0.17947745872802387,0.0009295734767214847
GSE199838,R-HSA-1474244,CTSS,-0.17854788525130239,-0.18104733169089837,0.002499446439595987
GSE199838,R-HSA-1474244,CTSV,-0.17854788525130239,-0.1774172230573239,0.0011306621939784767
GSE199838,R-HSA-1474244,DAG1,-0.17854788525130239,-0.17760191147519921,0.0009459737761031706
GSE199838,R-HSA-1474244,DCN,-0.17854788525130239,-0.18425537661294625,0.005707491361643863
GSE199838,R-HSA-1474244,DDR1,-0.17854788525130239,-0.1755239799829514,0.0030239052683509737
GSE199838,R-HSA-1474244,DDR2,-0.17854788525130239,-0.18537602481287657,0.006828139561574187
GSE199838,R-HSA-1474244,DMD,-0.17854788525130239,-0.18264647215135155,0.0040985869000491615
GSE199838,R-HSA-1474244,DMP1,-0.17854788525130239,-0.16586476130638958,0.012683123944912805
GSE199838,R-HSA-1474244,DRP2,-0.17854788525130239,-0.17665872101221805,0.0018891642390843344
GSE199838,R-HSA-1474244,DSPP,-0.17854788525130239,-0.17814049289396255,0.0004073923573398308
GSE199838,R-HSA-1474244,DST,-0.17854788525130239,-0.17787301599498878,0.0006748692563136038
GSE199838,R-HSA-1474244,DTNA,-0.17854788525130239,-0.17771245694529894,0.000835428306003444
GSE199838,R-HSA-1474244,DTNB,-0.17854788525130239,-0.17779815395306228,0.0007497312982401028
GSE199838,R-HSA-1474244,EFEMP1,-0.17854788525130239,-0.18212693906086974,0.0035790538095673563
GSE199838,R-HSA-1474244,EFEMP2,-0.17854788525130239,-0.1827749816945754,0.004227096443273015
GSE199838,R-HSA-1474244,ELN,-0.17854788525130239,-0.1850648379113202,0.006516952660017811
GSE199838,R-HSA-1474244,EMILIN1,-0.17854788525130239,-0.18143432591000785,0.002886440658705469
GSE199838,R-HSA-1474244,EMILIN2,-0.17854788525130239,-0.18001117292428956,0.0014632876729871735
GSE199838,R-HSA-1474244,EMILIN3,-0.17854788525130239,-0.17648109979919163,0.002066785452110753
GSE199838,R-HSA-1474244,F11R,-0.17854788525130239,-0.17889210874251693,0.0003442234912145459
GSE199838,R-HSA-1474244,FBLN1,-0.17854788525130239,-0.18347879799967187,0.004930912748369487
GSE199838,R-HSA-1474244,FBLN2,-0.17854788525130239,-0.18353096085106396,0.004983075599761577
GSE199838,R-HSA-1474244,FBLN5,-0.17854788525130239,-0.18333845872068602,0.0047905734693836355
GSE199838,R-HSA-1474244,FBN1,-0.17854788525130239,-0.18084858549276026,0.0023007002414578703
GSE199838,R-HSA-1474244,FBN2,-0.17854788525130239,-0.17705034033129433,0.0014975449200080593
GSE199838,R-HSA-1474244,FBN3,-0.17854788525130239,-0.17026051049514837,0.008287374756154015
GSE199838,R-HSA-1474244,FGA,-0.17854788525130239,-0.1761089031771698,0.002438982074132595
GSE199838,R-HSA-1474244,FGB,-0.17854788525130239,-0.17634362094682,0.002204264304482395
GSE199838,R-HSA-1474244,FGF2,-0.17854788525130239,-0.18197880923962975,0.0034309239883273668
GSE199838,R-HSA-1474244,FGG,-0.17854788525130239,-0.1753027545267624,0.0032451307245399963
GSE199838,R-HSA-1474244,FMOD,-0.17854788525130239,-0.1838298328352535,0.005281947583951119
GSE199838,R-HSA-1474244,FN1,-0.17854788525130239,-0.1814309304288781,0.002883045177575705
GSE199838,R-HSA-1474244,FURIN,-0.17854788525130239,-0.17673647558134067,0.001811409669961711
GSE199838,R-HSA-1474244,GDF5,-0.17854788525130239,-0.17654227159861718,0.002005613652685201
GSE199838,R-HSA-1474244,HAPLN1,-0.17854788525130239,-0.181498946284008,0.002951061032705621
GSE199838,R-HSA-1474244,HSPG2,-0.17854788525130239,-0.17785445061548907,0.0006934346358133114
GSE199838,R-HSA-1474244,HTRA1,-0.17854788525130239,-0.17371118798687799,0.0048366972644244
GSE199838,R-HSA-1474244,IBSP,-0.17854788525130239,-0.17860675314192795,5.8867890625563524e-05
GSE199838,R-HSA-1474244,ICAM1,-0.17854788525130239,-0.17931845423802417,0.0007705689867217869
GSE199838,R-HSA-1474244,ICAM2,-0.17854788525130239,-0.18213547975403546,0.003587594502733077
GSE199838,R-HSA-1474244,ICAM3,-0.17854788525130239,-0.18311994604892587,0.004572060797623484
GSE199838,R-HSA-1474244,ICAM4,-0.17854788525130239,-0.17811356392539066,0.00043432132591172956
GSE199838,R-HSA-1474244,ICAM5,-0.17854788525130239,-0.17791860777103577,0.0006292774802666157
GSE199838,R-HSA-1474244,ITGA1,-0.17854788525130239,-0.180609637018874,0.002061751767571618
GSE199838,R-HSA-1474244,ITGA10,-0.17854788525130239,-0.18147611585828985,0.002928230606987464
GSE199838,R-HSA-1474244,ITGA11,-0.17854788525130239,-0.18015259713476087,0.0016047118834584817
GSE199838,R-HSA-1474244,ITGA2,-0.17854788525130239,-0.18026983003484162,0.0017219447835392365
GSE199838,R-HSA-1474244,ITGA2B,-0.17854788525130239,-0.17779078846075594,0.0007570967905464465
GSE199838,R-HSA-1474244,ITGA3,-0.17854788525130239,-0.1738537038379832,0.004694181413319176
GSE199838,R-HSA-1474244,ITGA4,-0.17854788525130239,-0.18129699742443803,0.0027491121731356427
GSE199838,R-HSA-1474244,ITGA5,-0.17854788525130239,-0.17976387023647133,0.0012159849851689497
GSE199838,R-HSA-1474244,ITGA6,-0.17854788525130239,-0.1766865984578199,0.0018612867934824917
GSE199838,R-HSA-1474244,ITGA7,-0.17854788525130239,-0.17693909445662326,0.0016087907946791269
GSE199838,R-HSA-1474244,ITGA8,-0.17854788525130239,-0.1838928717538026,0.005344986502500204
GSE199838,R-HSA-1474244,ITGA9,-0.17854788525130239,-0.18228393075306096,0.0037360455017585725
GSE199838,R-HSA-1474244,ITGAD,-0.17854788525130239,-0.1756916615823865,0.002856223668915886
GSE199838,R-HSA-1474244,ITGAE,-0.17854788525130239,-0.1811149939536459,0.0025671087023435013
GSE199838,R-HSA-1474244,ITGAL,-0.17854788525130239,-0.18115721254545986,0.0026093272941574708
GSE199838,R-HSA-1474244,ITGAM,-0.17854788525130239,-0.1813084279319042,0.002760542680601802
GSE199838,R-HSA-1474244,ITGAV,-0.17854788525130239,-0.17732386794546354,0.0012240173058388482
GSE199838,R-HSA-1474244,ITGAX,-0.17854788525130239,-0.18029978803807342,0.0017519027867710368
GSE199838,R-HSA-1474244,ITGB1,-0.17854788525130239,-0.18043363290375908,0.001885747652456693
GSE199838,R-HSA-1474244,ITGB2,-0.17854788525130239,-0.18043939561747377,0.001891510366171384
GSE199838,R-HSA-1474244,ITGB3,-0.17854788525130239,-0.17747495746054673,0.0010729277907556567
GSE199838,R-HSA-1474244,ITGB4,-0.17854788525130239,-0.17751522308768442,0.00103266216361797
GSE199838,R-HSA-1474244,ITGB5,-0.17854788525130239,-0.17590305453649513,0.002644830714807256
GSE199838,R-HSA-1474244,ITGB6,-0.17854788525130239,-0.17913571738553352,0.0005878321342311366
GSE199838,R-HSA-1474244,ITGB7,-0.17854788525130239,-0.18225946375357174,0.003711578502269358
GSE199838,R-HSA-1474244,ITGB8,-0.17854788525130239,-0.17662157722458077,0.0019263080267216126
GSE199838,R-HSA-1474244,JAM2,-0.17854788525130239,-0.1827805089566473,0.004232623705344912
GSE199838,R-HSA-1474244,JAM3,-0.17854788525130239,-0.18380872448540453,0.005260839234102144
GSE199838,R-HSA-1474244,KDR,-0.17854788525130239,-0.17553762207385898,0.0030102631774434063
GSE199838,R-HSA-1474244,KLK2,-0.17854788525130239,-0.17520100296396146,0.0033468822873409243
GSE199838,R-HSA-1474244,KLK7,-0.17854788525130239,-0.17393117662932345,0.004616708621978938
GSE199838,R-HSA-1474244,KLKB1,-0.17854788525130239,-0.17885423244450768,0.00030634719320529746
GSE199838,R-HSA-1474244,LAMA1,-0.17854788525130239,-0.1793357300315551,0.0007878447802527055
GSE199838,R-HSA-1474244,LAMA2,-0.17854788525130239,-0.18156311078304793,0.0030152255317455467
GSE199838,R-HSA-1474244,LAMA3,-0.17854788525130239,-0.1800913011515749,0.0015434159002725156
GSE199838,R-HSA-1474244,LAMA4,-0.17854788525130239,-0.18118266054645657,0.0026347752951541847
GSE199838,R-HSA-1474244,LAMA5,-0.17854788525130239,-0.17259133771401716,0.005956547537285223
GSE199838,R-HSA-1474244,LAMB1,-0.17854788525130239,-0.17664668571024592,0.0019011995410564697
GSE199838,R-HSA-1474244,LAMB2,-0.17854788525130239,-0.1763249611742801,0.0022229240770222924
GSE199838,R-HSA-1474244,LAMB3,-0.17854788525130239,-0.17695330904925813,0.0015945762020442567
GSE199838,R-HSA-1474244,LAMC1,-0.17854788525130239,-0.17897531361675575,0.0004274283654533695
GSE199838,R-HSA-1474244,LAMC2,-0.17854788525130239,-0.17985125089200096,0.0013033656406985783
GSE199838,R-HSA-1474244,LAMC3,-0.17854788525130239,-0.17920041876647771,0.0006525335151753298
GSE199838,R-HSA-1474244,LOX,-0.17854788525130239,-0.17757660279888285,0.0009712824524195363
GSE199838,R-HSA-1474244,LOXL1,-0.17854788525130239,-0.18061434924245184,0.0020664639911494587
GSE199838,R-HSA-1474244,LOXL2,-0.17854788525130239,-0.17814691545768097,0.0004009697936214196
GSE199838,R-HSA-1474244,LOXL3,-0.17854788525130239,-0.1816375496240447,0.003089664372742301
GSE199838,R-HSA-1474244,LOXL4,-0.17854788525130239,-0.18022467924503774,0.0016767939937353538
GSE199838,R-HSA-1474244,LRP4,-0.17854788525130239,-0.17604758690298056,0.0025002983483218277
GSE199838,R-HSA-1474244,LTBP1,-0.17854788525130239,-0.18286395551133955,0.004316070260037164
GSE199838,R-HSA-1474244,LTBP2,-0.17854788525130239,-0.1781008142293378,0.00044707102196459014
GSE199838,R-HSA-1474244,LTBP3,-0.17854788525130239,-0.1780339220506155,0.0005139632006868899
GSE199838,R-HSA-1474244,LTBP4,-0.17854788525130239,-0.17888521092861018,0.0003373256773077926
GSE199838,R-HSA-1474244,MADCAM1,-0.17854788525130239,-0.17643063001480852,0.0021172552364938646
GSE199838,R-HSA-1474244,MATN1,-0.17854788525130239,-0.1762659080319182,0.002281977219384196
GSE199838,R-HSA-1474244,MATN3,-0.17854788525130239,-0.17705133190351674,0.0014965533477856452
GSE199838,R-HSA-1474244,MATN4,-0.17854788525130239,-0.17679675501785563,0.0017511302334467516
GSE199838,R-HSA-1474244,MFAP2,-0.17854788525130239,-0.1808699192626836,0.002322034011381202
GSE199838,R-HSA-1474244,MFAP3,-0.17854788525130239,-0.18199157270202132,0.0034436874507189352
GSE199838,R-HSA-1474244,MFAP4,-0.17854788525130239,-0.18546485115023548,0.006916965898933092
GSE199838,R-HSA-1474244,MFAP5,-0.17854788525130239,-0.1775064699502285,0.001041415301073878
GSE199838,R-HSA-1474244,MMP1,-0.17854788525130239,-0.18015287520764314,0.0016049899563407577
GSE199838,R-HSA-1474244,MMP10,-0.17854788525130239,-0.17859107482984246,4.318957854007599e-05
GSE199838,R-HSA-1474244,MMP11,-0.17854788525130239,-0.1779824974853873,0.0005653877659150819
GSE199838,R-HSA-1474244,MMP12,-0.17854788525130239,-0.17828636060307776,0.00026152464822462584
GSE199838,R-HSA-1474244,MMP13,-0.17854788525130239,-0.1740344696853454,0.004513415565956996
GSE199838,R-HSA-1474244,MMP14,-0.17854788525130239,-0.17800925943375345,0.0005386258175489322
GSE199838,R-HSA-1474244,MMP15,-0.17854788525130239,-0.17194860959668437,0.006599275654618014
GSE199838,R-HSA-1474244,MMP16,-0.17854788525130239,-0.17983134220561614,0.0012834569543137553
GSE199838,R-HSA-1474244,MMP17,-0.17854788525130239,-0.17543464198879122,0.0031132432625111672
GSE199838,R-HSA-1474244,MMP19,-0.17854788525130239,-0.18163794208092943,0.0030900568296270414
GSE199838,R-HSA-1474244,MMP2,-0.17854788525130239,-0.18193321007994975,0.003385324828647368
GSE199838,R-HSA-1474244,MMP20,-0.17854788525130239,-0.1728453429852447,0.005702542266057681
GSE199838,R-HSA-1474244,MMP24,-0.17854788525130239,-0.1732907859077809,0.005257099343521476
GSE199838,R-HSA-1474244,MMP25,-0.17854788525130239,-0.17856507593221785,1.7190680915463163e-05
GSE199838,R-HSA-1474244,MMP3,-0.17854788525130239,-0.1723512229816269,0.006196662269675496
GSE199838,R-HSA-1474244,MMP7,-0.17854788525130239,-0.18033991695909982,0.0017920317077974313
GSE199838,R-HSA-1474244,MMP9,-0.17854788525130239,-0.18623687899957572,0.007688993748273337
GSE199838,R-HSA-1474244,MUSK,-0.17854788525130239,-0.17910724929333102,0.0005593640420286372
GSE199838,R-HSA-1474244,NCAM1,-0.17854788525130239,-0.18285120943773928,0.004303324186436891
GSE199838,R-HSA-1474244,NCAN,-0.17854788525130239,-0.17617319539000054,0.0023746898613018486
GSE199838,R-HSA-1474244,NCSTN,-0.17854788525130239,-0.17134939657290468,0.007198488678397702
GSE199838,R-HSA-1474244,NID1,-0.17854788525130239,-0.17929519988239745,0.000747314631095064
GSE199838,R-HSA-1474244,NID2,-0.17854788525130239,-0.17886801841460254,0.0003201331633001514
GSE199838,R-HSA-1474244,NRXN1,-0.17854788525130239,-0.17587974131020745,0.002668143941094936
GSE199838,R-HSA-1474244,NTN4,-0.17854788525130239,-0.17788424772375191,0.0006636375275504702
GSE199838,R-HSA-1474244,OPTC,-0.17854788525130239,-0.17499466903286223,0.003553216218440153
GSE199838,R-HSA-1474244,P3H1,-0.17854788525130239,-0.1768556264679067,0.0016922587833956837
GSE199838,R-HSA-1474244,P3H2,-0.17854788525130239,-0.17800723833869306,0.0005406469126093272
GSE199838,R-HSA-1474244,P3H3,-0.17854788525130239,-0.18030428008183857,0.0017563948305361898
GSE199838,R-HSA-1474244,P4HA1,-0.17854788525130239,-0.1853941266471149,0.0068462413958125246
GSE199838,R-HSA-1474244,P4HA2,-0.17854788525130239,-0.1780581107665459,0.0004897744847564833
GSE199838,R-HSA-1474244,P4HA3,-0.17854788525130239,-0.18021062079342806,0.0016627355421256762
GSE199838,R-HSA-1474244,P4HB,-0.17854788525130239,-0.17154020071518727,0.007007684536115111
GSE199838,R-HSA-1474244,PCOLCE,-0.17854788525130239,-0.1819423286840036,0.003394443432701205
GSE199838,R-HSA-1474244,PCOLCE2,-0.17854788525130239,-0.17490660277661105,0.0036412824746913375
GSE199838,R-HSA-1474244,PDGFA,-0.17854788525130239,-0.17809102160304735,0.0004568636482550348
GSE199838,R-HSA-1474244,PDGFB,-0.17854788525130239,-0.17680198339748238,0.0017459018538200088
GSE199838,R-HSA-1474244,PECAM1,-0.17854788525130239,-0.18091713793056777,0.0023692526792653823
GSE199838,R-HSA-1474244,PHYKPL,-0.17854788525130239,-0.17580435480179638,0.0027435304495060098
GSE199838,R-HSA-1474244,PLEC,-0.17854788525130239,-0.1754604804774569,0.0030874047738454757
GSE199838,R-HSA-1474244,PLG,-0.17854788525130239,-0.17783529146212854,0.0007125937891738487
GSE199838,R-HSA-1474244,PLOD1,-0.17854788525130239,-0.17683106893583223,0.00171681631547016
GSE199838,R-HSA-1474244,PLOD2,-0.17854788525130239,-0.18058836321198077,0.002040477960678383
GSE199838,R-HSA-1474244,PLOD3,-0.17854788525130239,-0.17173376843776492,0.0068141168135374686
GSE199838,R-HSA-1474244,PPIB,-0.17854788525130239,-0.1799549802276376,0.0014070949763352048
GSE199838,R-HSA-1474244,PRKCA,-0.17854788525130239,-0.17525862332089875,0.003289261930403631
GSE199838,R-HSA-1474244,PRSS1,-0.17854788525130239,-0.17447795193972013,0.004069933311582258
GSE199838,R-HSA-1474244,PSEN1,-0.17854788525130239,-0.1786099837280714,6.209847676902358e-05
GSE199838,R-HSA-1474244,PTPRS,-0.17854788525130239,-0.17724679794848613,0.0013010873028162506
GSE199838,R-HSA-1474244,PXDN,-0.17854788525130239,-0.1794732744215087,0.0009253891702063199
GSE199838,R-HSA-1474244,SCUBE1,-0.17854788525130239,-0.17810645847334927,0.00044142677795311336
GSE199838,R-HSA-1474244,SCUBE3,-0.17854788525130239,-0.17881218432171134,0.00026429907040895206
GSE199838,R-HSA-1474244,SDC1,-0.17854788525130239,-0.17940919274376696,0.0008613074924645747
GSE199838,R-HSA-1474244,SDC2,-0.17854788525130239,-0.18159880529611203,0.0030509200448096407
GSE199838,R-HSA-1474244,SDC3,-0.17854788525130239,-0.17859871369415253,5.08284428501482e-05
GSE199838,R-HSA-1474244,SDC4,-0.17854788525130239,-0.17032155841698352,0.00822632683431887
GSE199838,R-HSA-1474244,SERPINE1,-0.17854788525130239,-0.17792785463647226,0.0006200306148301249
GSE199838,R-HSA-1474244,SERPINH1,-0.17854788525130239,-0.17785925771292022,0.0006886275383821694
GSE199838,R-HSA-1474244,SGCA,-0.17854788525130239,-0.18095227875615144,0.002404393504849056
GSE199838,R-HSA-1474244,SGCB,-0.17854788525130239,-0.17449436431870058,0.004053520932601806
GSE199838,R-HSA-1474244,SGCD,-0.17854788525130239,-0.17958151903956773,0.001033633788265348
GSE199838,R-HSA-1474244,SGCE,-0.17854788525130239,-0.1841072501995456,0.005559364948243217
GSE199838,R-HSA-1474244,SGCG,-0.17854788525130239,-0.1781633610499856,0.00038452420131679377
GSE199838,R-HSA-1474244,SGCZ,-0.17854788525130239,-0.17837296289680102,0.00017492235450136673
GSE199838,R-HSA-1474244,SH3PXD2A,-0.17854788525130239,-0.17659756963488998,0.0019503156164124014
GSE199838,R-HSA-1474244,SNTA1,-0.17854788525130239,-0.1776932487178427,0.000854636533459685
GSE199838,R-HSA-1474244,SNTB1,-0.17854788525130239,-0.1773080131645516,0.0012398720867507762
GSE199838,R-HSA-1474244,SNTB2,-0.17854788525130239,-0.173473974628351,0.005073910622951372
GSE199838,R-HSA-1474244,SNTG2,-0.17854788525130239,-0.17770302143301103,0.0008448638182913526
GSE199838,R-HSA-1474244,SPARC,-0.17854788525130239,-0.17843590916574928,0.00011197608555310601
GSE199838,R-HSA-1474244,SPOCK3,-0.17854788525130239,-0.17641364285510208,0.002134242396200303
GSE199838,R-HSA-1474244,SPP1,-0.17854788525130239,-0.17583567666504846,0.002712208586253928
GSE199838,R-HSA-1474244,SSPN,-0.17854788525130239,-0.18267450039723152,0.00412661514592913
GSE199838,R-HSA-1474244,TGFB1,-0.17854788525130239,-0.17701059659131327,0.0015372886599891167
GSE199838,R-HSA-1474244,TGFB2,-0.17854788525130239,-0.18103363690693064,0.0024857516556282544
GSE199838,R-HSA-1474244,TGFB3,-0.17854788525130239,-0.1811046422204619,0.0025567569691595238
GSE199838,R-HSA-1474244,THBS1,-0.17854788525130239,-0.17734669252238905,0.0012011927289133362
GSE199838,R-HSA-1474244,TIMP1,-0.17854788525130239,-0.17959013542294852,0.0010422501716461363
GSE199838,R-HSA-1474244,TIMP2,-0.17854788525130239,-0.1798881236866114,0.0013402384353090047
GSE199838,R-HSA-1474244,TLL1,-0.17854788525130239,-0.18069235071851833,0.0021444654672159447
GSE199838,R-HSA-1474244,TLL2,-0.17854788525130239,-0.1770834606361268,0.0014644246151755969
GSE199838,R-HSA-1474244,TMPRSS6,-0.17854788525130239,-0.1757411553704186,0.0028067298808837904
GSE199838,R-HSA-1474244,TNC,-0.17854788525130239,-0.18080187920438318,0.0022539939530807906
GSE199838,R-HSA-1474244,TNN,-0.17854788525130239,-0.1763973456230934,0.0021505396282089917
GSE199838,R-HSA-1474244,TNR,-0.17854788525130239,-0.17581306814321293,0.0027348171080894546
GSE199838,R-HSA-1474244,TNXB,-0.17854788525130239,-0.1821129135020352,0.0035650282507328213
GSE199838,R-HSA-1474244,TPSAB1,-0.17854788525130239,-0.1816755730640617,0.003127687812759322
GSE199838,R-HSA-1474244,TRAPPC4,-0.17854788525130239,-0.1857925384080469,0.007244653156744524
GSE199838,R-HSA-1474244,TTR,-0.17854788525130239,-0.1816559245824766,0.003108039331174206
GSE199838,R-HSA-1474244,UTRN,-0.17854788525130239,-0.1812137979881386,0.0026659127368362234
GSE199838,R-HSA-1474244,VCAM1,-0.17854788525130239,-0.1781030083515405,0.0004448768997618868
GSE199838,R-HSA-1474244,VCAN,-0.17854788525130239,-0.18092101182626077,0.0023731265749583896
GSE199838,R-HSA-1474244,VTN,-0.17854788525130239,-0.17787279415693555,0.0006750910943668365
GSE199838,R-HSA-1474244,VWF,-0.17854788525130239,-0.1798308153500616,0.0012829300987592107
GSE199838,R-HSA-1234174,ADRM1,-0.11484440908995681,-0.10145334786341721,0.013391061226539602
GSE199838,R-HSA-1234174,AJUBA,-0.11484440908995681,-0.09894429373091311,0.015900115359043704
GSE199838,R-HSA-1234174,ARNT,-0.11484440908995681,-0.1322372133970528,0.017392804307095985
GSE199838,R-HSA-1234174,CA9,-0.11484440908995681,-0.10387210878127753,0.01097230030867928
GSE199838,R-HSA-1234174,CITED2,-0.11484440908995681,-0.09657500871080323,0.01826940037915359
GSE199838,R-HSA-1234174,CREBBP,-0.11484440908995681,-0.10401100537386959,0.010833403716087223
GSE199838,R-HSA-1234174,CUL2,-0.11484440908995681,-0.12386944612561952,0.009025037035662709
GSE199838,R-HSA-1234174,EGLN1,-0.11484440908995681,-0.08373667273989471,0.0311077363500621
GSE199838,R-HSA-1234174,EGLN2,-0.11484440908995681,-0.10918740733382995,0.005657001756126864
GSE199838,R-HSA-1234174,EGLN3,-0.11484440908995681,-0.11709946025305341,0.0022550511630965997
GSE199838,R-HSA-1234174,ELOB,-0.11484440908995681,-0.12785197063828133,0.013007561548324512
GSE199838,R-HSA-1234174,ELOC,-0.11484440908995681,-0.13144659960230562,0.016602190512348805
GSE199838,R-HSA-1234174,EP300,-0.11484440908995681,-0.09999160850068797,0.014852800589268841
GSE199838,R-HSA-1234174,EPAS1,-0.11484440908995681,-0.09835952034242076,0.01648488874753605
GSE199838,R-HSA-1234174,EPO,-0.11484440908995681,-0.11578247404588576,0.0009380649559289495
GSE199838,R-HSA-1234174,HIF1A,-0.11484440908995681,-0.1194165312778945,0.004572122187937691
GSE199838,R-HSA-1234174,HIF1AN,-0.11484440908995681,-0.09303092634955185,0.02181348274040497
GSE199838,R-HSA-1234174,HIF3A,-0.11484440908995681,-0.10884571399984358,0.005998695090113235
GSE199838,R-HSA-1234174,HIGD1A,-0.11484440908995681,-0.1317370783044846,0.016892669214527797
GSE199838,R-HSA-1234174,LIMD1,-0.11484440908995681,-0.10637998371308882,0.008464425376867993
GSE199838,R-HSA-1234174,PSMA1,-0.11484440908995681,-0.12844366931688017,0.013599260226923357
GSE199838,R-HSA-1234174,PSMA2,-0.11484440908995681,-0.13126524625287853,0.01642083716292171
GSE199838,R-HSA-1234174,PSMA3,-0.11484440908995681,-0.12469782573764424,0.009853416647687421
GSE199838,R-HSA-1234174,PSMA4,-0.11484440908995681,-0.12491930183178881,0.010074892741832
GSE199838,R-HSA-1234174,PSMA5,-0.11484440908995681,-0.12469879164451761,0.009854382554560795
GSE199838,R-HSA-1234174,PSMA6,-0.11484440908995681,-0.13000621571135917,0.01516180662140236
GSE199838,R-HSA-1234174,PSMA7,-0.11484440908995681,-0.09891560389386202,0.015928805196094797
GSE199838,R-HSA-1234174,PSMB1,-0.11484440908995681,-0.130338983763298,0.015494574673341185
GSE199838,R-HSA-1234174,PSMB2,-0.11484440908995681,-0.10356726758735377,0.011277141502603047
GSE199838,R-HSA-1234174,PSMB3,-0.11484440908995681,-0.11796279961674222,0.0031183905267854056
GSE199838,R-HSA-1234174,PSMB4,-0.11484440908995681,-0.12445158731256128,0.00960717822260447
GSE199838,R-HSA-1234174,PSMB5,-0.11484440908995681,-0.11136345393504406,0.003480955154912757
GSE199838,R-HSA-1234174,PSMB6,-0.11484440908995681,-0.12053887959634009,0.005694470506383276
GSE199838,R-HSA-1234174,PSMB7,-0.11484440908995681,-0.12166923525374569,0.006824826163788877
GSE199838,R-HSA-1234174,PSMC1,-0.11484440908995681,-0.1245587461207035,0.009714337030746686
GSE199838,R-HSA-1234174,PSMC2,-0.11484440908995681,-0.12828126070122386,0.01343685161126705
GSE199838,R-HSA-1234174,PSMC3,-0.11484440908995681,-0.11730423524116296,0.002459826151206143
GSE199838,R-HSA-1234174,PSMC4,-0.11484440908995681,-0.11308062964352404,0.0017637794464327727
GSE199838,R-HSA-1234174,PSMC5,-0.11484440908995681,-0.086681658443935,0.02816275064602182
GSE199838,R-HSA-1234174,PSMC6,-0.11484440908995681,-0.11832535805774813,0.003480948967791317
GSE199838,R-HSA-1234174,PSMD1,-0.11484440908995681,-0.12046182343871605,0.005617414348759231
GSE199838,R-HSA-1234174,PSMD11,-0.11484440908995681,-0.11719473118173865,0.002350322091781834
GSE199838,R-HSA-1234174,PSMD12,-0.11484440908995681,-0.07512749375331343,0.039716915336643385
GSE199838,R-HSA-1234174,PSMD13,-0.11484440908995681,-0.10885475293579498,0.005989656154161832
GSE199838,R-HSA-1234174,PSMD14,-0.11484440908995681,-0.12150525503049399,0.0066608459405371745
GSE199838,R-HSA-1234174,PSMD2,-0.11484440908995681,-0.07388460478695284,0.04095980430300397
GSE199838,R-HSA-1234174,PSMD3,-0.11484440908995681,-0.0895797819847552,0.02526462710520161
GSE199838,R-HSA-1234174,PSMD6,-0.11484440908995681,-0.13322818678628084,0.01838377769632403
GSE199838,R-HSA-1234174,PSMD7,-0.11484440908995681,-0.12338572160545938,0.008541312515502567
GSE199838,R-HSA-1234174,PSMD8,-0.11484440908995681,-0.13482431561137379,0.01997990652141697
GSE199838,R-HSA-1234174,RBX1,-0.11484440908995681,-0.13472021141447216,0.019875802324515343
GSE199838,R-HSA-1234174,RPS27A,-0.11484440908995681,-0.13042428914052734,0.015579880050570524
GSE199838,R-HSA-1234174,SEM1,-0.11484440908995681,-0.13200037101221543,0.017155961922258614
GSE199838,R-HSA-1234174,UBA52,-0.11484440908995681,-0.13175774154817602,0.016913332458219202
GSE199838,R-HSA-1234174,UBB,-0.11484440908995681,-0.11563317630427704,0.000788767214320224
GSE199838,R-HSA-1234174,UBC,-0.11484440908995681,-0.0876997639152641,0.027144645174692714
GSE199838,R-HSA-1234174,UBE2D1,-0.11484440908995681,-0.12765693467744427,0.012812525587487453
GSE199838,R-HSA-1234174,UBE2D2,-0.11484440908995681,-0.1242521578349425,0.009407748744985692
GSE199838,R-HSA-1234174,UBE2D3,-0.11484440908995681,-0.13438433584675402,0.019539926756797207
GSE199838,R-HSA-1234174,VEGFA,-0.11484440908995681,-0.10491914441864574,0.00992526467131108
GSE199838,R-HSA-1234174,VHL,-0.11484440908995681,-0.08932395748917234,0.025520451600784477
GSE199838,R-HSA-1234174,WTIP,-0.11484440908995681,-0.12463549211406251,0.009791083024105696
GSE199838,R-HSA-170834,ARHGEF18,-0.1460195874465635,-0.14486886407752833,0.001150723369035156
GSE199838,R-HSA-170834,ATP1B4,-0.1460195874465635,-0.1371974231671303,0.008822164279433192
GSE199838,R-HSA-170834,BAMBI,-0.1460195874465635,-0.15983472387542533,0.01381513642886184
GSE199838,R-HSA-170834,CBL,-0.1460195874465635,-0.14585357465009766,0.0001660127964658309
GSE199838,R-HSA-170834,CCNC,-0.1460195874465635,-0.15420176620804538,0.00818217876148189
GSE199838,R-HSA-170834,CCNK,-0.1460195874465635,-0.1439017386803026,0.0021178487662608936
GSE199838,R-HSA-170834,CCNT1,-0.1460195874465635,-0.1598474435213979,0.013827856074834416
GSE199838,R-HSA-170834,CCNT2,-0.1460195874465635,-0.15889260170640984,0.012873014259846355
GSE199838,R-HSA-170834,CDK8,-0.1460195874465635,-0.14032880863841365,0.005690778808149832
GSE199838,R-HSA-170834,CDK9,-0.1460195874465635,-0.13432137304307507,0.011698214403488422
GSE199838,R-HSA-170834,CDKN2B,-0.1460195874465635,-0.14636626483558096,0.0003466773890174746
GSE199838,R-HSA-170834,CGN,-0.1460195874465635,-0.14019008586402937,0.005829501582534119
GSE199838,R-HSA-170834,COL1A2,-0.1460195874465635,-0.15173003366305815,0.0057104462164946634
GSE199838,R-HSA-170834,E2F4,-0.1460195874465635,-0.14199980655962272,0.004019780886940771
GSE199838,R-HSA-170834,E2F5,-0.1460195874465635,-0.1537096536098379,0.007690066163274417
GSE199838,R-HSA-170834,EP300,-0.1460195874465635,-0.13661264489184533,0.009406942554718162
GSE199838,R-HSA-170834,F11R,-0.1460195874465635,-0.14683573908019626,0.0008161516336327723
GSE199838,R-HSA-170834,FBN1,-0.1460195874465635,-0.15346251516973003,0.0074429277231665425
GSE199838,R-HSA-170834,FKBP1A,-0.1460195874465635,-0.14233991228830148,0.003679675158262008
GSE199838,R-HSA-170834,FURIN,-0.1460195874465635,-0.1395344009536315,0.006485186492931977
GSE199838,R-HSA-170834,HDAC1,-0.1460195874465635,-0.16050184334281406,0.014482255896250573
GSE199838,R-HSA-170834,ITGA8,-0.1460195874465635,-0.16377380734422836,0.017754219897664875
GSE199838,R-HSA-170834,ITGAV,-0.1460195874465635,-0.14152395573533788,0.004495631711225606
GSE199838,R-HSA-170834,ITGB1,-0.1460195874465635,-0.1520570305940809,0.006037443147517418
GSE199838,R-HSA-170834,ITGB3,-0.1460195874465635,-0.14203571054449068,0.003983876902072803
GSE199838,R-HSA-170834,ITGB5,-0.1460195874465635,-0.13671152322109012,0.009308064225473367
GSE199838,R-HSA-170834,ITGB6,-0.1460195874465635,-0.14766086512912338,0.001641277682559894
GSE199838,R-HSA-170834,ITGB8,-0.1460195874465635,-0.1391452291000899,0.006874358346473597
GSE199838,R-HSA-170834,JUNB,-0.1460195874465635,-0.13472570305107928,0.011293884395484205
GSE199838,R-HSA-170834,LTBP1,-0.1460195874465635,-0.16028876845846643,0.014269181011902943
GSE199838,R-HSA-170834,LTBP2,-0.1460195874465635,-0.14415554798717017,0.001864039459393313
GSE199838,R-HSA-170834,LTBP3,-0.1460195874465635,-0.14392897770440105,0.002090609742162436
GSE199838,R-HSA-170834,LTBP4,-0.1460195874465635,-0.1468123755169637,0.0007927880704002022
GSE199838,R-HSA-170834,MAPK1,-0.1460195874465635,-0.1587917719763344,0.012772184529770914
GSE199838,R-HSA-170834,MAPK3,-0.1460195874465635,-0.15737152046545588,0.011351933018892396
GSE199838,R-HSA-170834,MEN1,-0.1460195874465635,-0.13299915400129675,0.013020433445266738
GSE199838,R-HSA-170834,MTMR4,-0.1460195874465635,-0.14629859848159885,0.0002790110350353592
GSE199838,R-HSA-170834,MYC,-0.1460195874465635,-0.1454415411682756,0.0005780462782878915
GSE199838,R-HSA-170834,NCOR1,-0.1460195874465635,-0.14808083917556836,0.0020612517290048704
GSE199838,R-HSA-170834,NCOR2,-0.1460195874465635,-0.13663186277480785,0.009387724671755637
GSE199838,R-HSA-170834,NEDD4L,-0.1460195874465635,-0.14290020961982303,0.0031193778267404604
GSE199838,R-HSA-170834,NEDD8,-0.1460195874465635,-0.160489849455854,0.014470262009290524
GSE199838,R-HSA-170834,PARD3,-0.1460195874465635,-0.12680512169057645,0.019214465755987037
GSE199838,R-HSA-170834,PARD6A,-0.1460195874465635,-0.14948055752339004,0.0034609700768265528
GSE199838,R-HSA-170834,PARP1,-0.1460195874465635,-0.1422355550064452,0.0037840324401182956
GSE199838,R-HSA-170834,PMEPA1,-0.1460195874465635,-0.1319484752922657,0.014071112154297793
GSE199838,R-HSA-170834,PPM1A,-0.1460195874465635,-0.13830983906554925,0.007709748381014236
GSE199838,R-HSA-170834,PPP1CA,-0.1460195874465635,-0.13822348189048647,0.007796105556077015
GSE199838,R-HSA-170834,PPP1CB,-0.1460195874465635,-0.1474445240115377,0.0014249365649742218
GSE199838,R-HSA-170834,PPP1CC,-0.1460195874465635,-0.15633828247660403,0.010318695030040542
GSE199838,R-HSA-170834,PPP1R15A,-0.1460195874465635,-0.1432113468165603,0.002808240630003178
GSE199838,R-HSA-170834,PRKCZ,-0.1460195874465635,-0.14455993135455783,0.0014596560920056567
GSE199838,R-HSA-170834,RBL1,-0.1460195874465635,-0.15848791334788612,0.01246832590132263
GSE199838,R-HSA-170834,RHOA,-0.1460195874465635,-0.1442171148058286,0.0018024726407348812
GSE199838,R-HSA-170834,RNF111,-0.1460195874465635,-0.14985396074440924,0.00383437329784575
GSE199838,R-HSA-170834,RPS27A,-0.1460195874465635,-0.15657386552657865,0.010554278080015161
GSE199838,R-HSA-170834,SERPINE1,-0.1460195874465635,-0.14356971710810945,0.0024498703384540355
GSE199838,R-HSA-170834,SKI,-0.1460195874465635,-0.13497766786852267,0.01104191957804082
GSE199838,R-HSA-170834,SKIL,-0.1460195874465635,-0.148595927117998,0.002576339671434502
GSE199838,R-HSA-170834,SMAD2,-0.1460195874465635,-0.15425478386541716,0.008235196418853674
GSE199838,R-HSA-170834,SMAD3,-0.1460195874465635,-0.12778735674837643,0.018232230698187052
GSE199838,R-HSA-170834,SMAD4,-0.1460195874465635,-0.15205304067291336,0.0060334532263498775
GSE199838,R-HSA-170834,SMAD7,-0.1460195874465635,-0.14686350417179284,0.0008439167252293489
GSE199838,R-HSA-170834,SMURF1,-0.1460195874465635,-0.1411813660093372,0.004838221437226287
GSE199838,R-HSA-170834,SMURF2,-0.1460195874465635,-0.14988573572441835,0.003866148277854864
GSE199838,R-HSA-170834,SNW1,-0.1460195874465635,-0.16009526330177684,0.014075675855213354
GSE199838,R-HSA-170834,SP1,-0.1460195874465635,-0.15218501156950057,0.00616542412293708
GSE199838,R-HSA-170834,STAT1,-0.1460195874465635,-0.15239427565110983,0.0063746882045463416
GSE199838,R-HSA-170834,STRAP,-0.1460195874465635,-0.12162005455789314,0.024399532888670347
GSE199838,R-HSA-170834,STUB1,-0.1460195874465635,-0.1405814378132914,0.005438149633272077
GSE199838,R-HSA-170834,TFDP1,-0.1460195874465635,-0.14924934197856135,0.0032297545319978638
GSE199838,R-HSA-170834,TFDP2,-0.1460195874465635,-0.12506161530986262,0.020957972136700864
GSE199838,R-HSA-170834,TGFB1,-0.1460195874465635,-0.14046287534224838,0.0055567121043151035
GSE199838,R-HSA-170834,TGFB2,-0.1460195874465635,-0.15408930221772657,0.008069714771163083
GSE199838,R-HSA-170834,TGFB3,-0.1460195874465635,-0.15432980408613903,0.00831021663957554
GSE199838,R-HSA-170834,TGFBR1,-0.1460195874465635,-0.14624276397176558,0.00022317652520209563
GSE199838,R-HSA-170834,TGFBR2,-0.1460195874465635,-0.13665441223297323,0.00936517521359026
GSE199838,R-HSA-170834,TGFBR3,-0.1460195874465635,-0.14030968435152033,0.005709903095043156
GSE199838,R-HSA-170834,TGIF1,-0.1460195874465635,-0.14485275851691748,0.0011668289296460077
GSE199838,R-HSA-170834,TGIF2,-0.1460195874465635,-0.13647929249730475,0.009540294949258732
GSE199838,R-HSA-170834,TRIM33,-0.1460195874465635,-0.1374805727009231,0.008539014745640394
GSE199838,R-HSA-170834,UBA52,-0.1460195874465635,-0.1574484956004127,0.011428908153849227
GSE199838,R-HSA-170834,UBB,-0.1460195874465635,-0.14687216785979082,0.0008525804132273329
GSE199838,R-HSA-170834,UBC,-0.1460195874465635,-0.12855025220678232,0.01746933523978117
GSE199838,R-HSA-170834,UBE2D1,-0.1460195874465635,-0.154758719050793,0.00873913160422951
GSE199838,R-HSA-170834,UBE2D3,-0.1460195874465635,-0.15917131551668434,0.013151728070120855
GSE199838,R-HSA-170834,UBE2M,-0.1460195874465635,-0.13532818313106018,0.010691404315503306
GSE199838,R-HSA-170834,UCHL5,-0.1460195874465635,-0.14709656179604141,0.0010769743494779271
GSE199838,R-HSA-170834,USP15,-0.1460195874465635,-0.15962136705420482,0.013601779607641334
GSE199838,R-HSA-170834,USP9X,-0.1460195874465635,-0.1475163152242935,0.0014967277777300225
GSE199838,R-HSA-170834,WWTR1,-0.1460195874465635,-0.1356211191876882,0.010398468258875276
GSE199838,R-HSA-170834,XPO1,-0.1460195874465635,-0.15840695393871057,0.012387366492147084
GSE199838,R-HSA-170834,YBX1,-0.1460195874465635,-0.15607064183106245,0.010051054384498964
GSE199838,R-HSA-170834,ZFYVE9,-0.1460195874465635,-0.14607553330835937,5.594586179588634e-05
