gene_symbol,compartment_model,eligible_cohorts,contributing_cohorts,k,pooled_effect,tau2_reml,hk_scale,pooled_se_hk,pooled_se_modified_hk,ci_95_low_hk,ci_95_high_hk,ci_95_low_modified_hk,ci_95_high_modified_hk,p_value_hk,p_value_modified_hk,prediction_interval_95_low,prediction_interval_95_high,prediction_interval_95_low_modified_hk,prediction_interval_95_high_modified_hk,cochran_q,i2_percent,p_value_for_family,fdr_bh_canonical_union,fdr_lt_0_05
A2M,descriptive tubulointerstitial two-source-study synthesis,GSE30529;GSE104954_H7,GSE30529;GSE104954_H7,2.0,1.227444196652142,0.0,0.11078271634525041,0.11209738285758808,0.3367902175131747,-0.19688810032573145,2.651776493630016,-3.051881260211063,5.506769653515347,0.057979008307975435,0.17048219194726738,,,,,0.11078271634525041,0.0,0.17048219194726738,0.928002933619894,False
ACAN,descriptive tubulointerstitial two-source-study synthesis,GSE30529;GSE104954_H7,GSE30529;GSE104954_H7,2.0,-0.7425659705822647,0.0,0.08603707505571263,0.09369768621301072,0.3194376098900173,-1.9331079549106318,0.4479760137461024,-4.801405642279127,3.3162737011145977,0.0799069957038278,0.2586271771063186,,,,,0.08603707505571263,0.0,0.2586271771063186,0.928002933619894,False
ACKR2,descriptive tubulointerstitial two-source-study synthesis,GSE30529;GSE104954_H7,GSE30529;GSE104954_H7,2.0,-0.6236260792384246,0.0,0.38404683003365603,0.1965705819230644,0.31719507166994393,-3.121292138261881,1.874039979785032,-4.653971601182338,3.406719442705489,0.19439062036936627,0.29954738170283784,,,,,0.38404683003365603,0.0,0.29954738170283784,0.9487252351416693,False
ACKR3,descriptive tubulointerstitial two-source-study synthesis,GSE30529;GSE104954_H7,GSE30529;GSE104954_H7,2.0,-0.5322601121131053,0.13047816737588047,1.000000007755142,0.4078248111266623,0.4078248111266623,-5.714165658780252,4.649645434554041,-5.714165658780252,4.649645434554041,0.41622020363523143,0.41622020363523143,,,,,1.645294911809657,39.220622830462545,0.41622020363523143,0.9541470908276819,False
ACKR4,descriptive tubulointerstitial two-source-study synthesis,GSE30529;GSE104954_H7,GSE30529,1.0,,,,,,,,,,,,,,,,,,1.0,1.0,False
ACTA1,descriptive tubulointerstitial two-source-study synthesis,GSE30529;GSE104954_H7,GSE30529;GSE104954_H7,2.0,-1.288788917882743,0.04655763757093503,0.9999999855553886,0.37512755208580534,0.37512755479509124,-6.055236396865022,3.477658561099536,-6.055236431289764,3.4776585955242774,0.18031870701851327,0.1803187082522852,,,,,1.19718996557568,16.47106735319647,0.1803187082522852,0.928002933619894,False
ACTA2,descriptive tubulointerstitial two-source-study synthesis,GSE30529;GSE104954_H7,GSE30529;GSE104954_H7,2.0,-0.40056583793791867,1.7769782423284304,1.0000000098499457,0.9990725325826949,0.9990725325826949,-13.094985983222204,12.293854307346367,-13.094985983222204,12.293854307346367,0.7572476669689823,0.7572476669689823,,,,,9.099144349215337,89.00995564394762,0.7572476669689823,1.0,False
ACTB,descriptive tubulointerstitial two-source-study synthesis,GSE30529;GSE104954_H7,GSE30529;GSE104954_H7,2.0,0.8727290233534472,2.185189041315745,0.9999999836884916,1.1012443639200475,1.101244372901526,-13.11990732917315,14.865365375880044,-13.119907443293654,14.865365490000547,0.573371149340444,0.5733711518678402,,,,,10.067032870491023,90.06658652192098,0.5733711518678402,1.0,False
ACTC1,descriptive tubulointerstitial two-source-study synthesis,GSE30529;GSE104954_H7,GSE30529;GSE104954_H7,2.0,-0.003361941815562689,0.0,0.06268098312172685,0.07731143348507091,0.3087989579469705,-0.9856968441240256,0.9789729604929002,-3.9270247238071696,3.920300840176044,0.9723335738039179,0.9930692963114853,,,,,0.06268098312172685,0.0,0.9930692963114853,1.0,False
ACTG1,descriptive tubulointerstitial two-source-study synthesis,GSE30529;GSE104954_H7,GSE104954_H7,1.0,,,,,,,,,,,,,,,,,,1.0,1.0,False
ACTG2,descriptive tubulointerstitial two-source-study synthesis,GSE30529;GSE104954_H7,GSE30529;GSE104954_H7,2.0,0.35271109174823184,0.6653923960670267,1.0000000224966092,0.6589371429454846,0.6589371429454846,-8.019879154787105,8.725301338283568,-8.019879154787105,8.725301338283568,0.687123007268285,0.687123007268285,,,,,4.27179068275083,76.59061329858869,0.687123007268285,1.0,False
ACTN1,descriptive tubulointerstitial two-source-study synthesis,GSE30529;GSE104954_H7,GSE30529;GSE104954_H7,2.0,1.4128831748278319,0.0,0.9919500636872981,0.34371946848043516,0.3451113373978944,-2.9544867634937217,5.780253113149386,-2.972172134924876,5.79793848458054,0.15192263368782527,0.15251460804207487,,,,,0.9919500636872981,0.0,0.15251460804207487,0.928002933619894,False
ADAM10,descriptive tubulointerstitial two-source-study synthesis,GSE30529;GSE104954_H7,GSE30529;GSE104954_H7,2.0,1.5637549486882862,0.0,0.04539670225902506,0.07511291731724636,0.35253519194019844,0.6093548429239924,2.51815505445258,-2.915629376810518,6.043139274187091,0.030555710226463476,0.14116062195950516,,,,,0.04539670225902506,0.0,0.14116062195950516,0.928002933619894,False
ADAM12,descriptive tubulointerstitial two-source-study synthesis,GSE30529;GSE104954_H7,GSE30529;GSE104954_H7,2.0,1.139532979402378,0.0,0.23793151499310317,0.1621042974769435,0.33232923163135075,-0.9201974129534329,3.199263371758189,-3.083110277521188,5.3621762363259435,0.08995878798586442,0.18065115030394532,,,,,0.23793151499310317,0.0,0.18065115030394532,0.928002933619894,False
ADAM15,descriptive tubulointerstitial two-source-study synthesis,GSE30529;GSE104954_H7,GSE30529;GSE104954_H7,2.0,-0.47837877528336664,0.0,0.1019241956037446,0.10005264722866103,0.3133934659881403,-1.7496681953669952,0.7929106448002621,-4.460420317108078,3.5036627665413445,0.13125661513722567,0.3692159902548262,,,,,0.1019241956037446,0.0,0.3692159902548262,0.9487252351416693,False
ADAM17,descriptive tubulointerstitial two-source-study synthesis,GSE30529;GSE104954_H7,GSE30529;GSE104954_H7,2.0,0.5937172694227528,0.0,0.13234497562712666,0.11470740272373854,0.31530998012125516,-0.863778474339912,2.051213013185418,-3.4126758933570884,4.6001104322025945,0.1214992791851151,0.3107974782610203,,,,,0.13234497562712666,0.0,0.3107974782610203,0.9487252351416693,False
ADAM19,descriptive tubulointerstitial two-source-study synthesis,GSE30529;GSE104954_H7,GSE30529;GSE104954_H7,2.0,0.42346437729439096,0.1691157789657274,0.9999999840244151,0.4286953640093487,0.4286953674336783,-5.023626687257329,5.870555441846112,-5.023626730767563,5.870555485356346,0.5039078444840962,0.5039078470264979,,,,,1.8493153924772958,45.92593539923845,0.5039078470264979,0.971758082818083,False
ADAM8,descriptive tubulointerstitial two-source-study synthesis,GSE30529;GSE104954_H7,GSE30529;GSE104954_H7,2.0,0.20773964340765932,0.08248197393247854,1.000000017529467,0.3726651376048931,0.3726651376048931,-4.5274198930348275,4.942899179850147,-4.5274198930348275,4.942899179850147,0.6762535167697702,0.6762535167697702,,,,,1.422277917958799,29.690253404541128,0.6762535167697702,1.0,False
ADAM9,descriptive tubulointerstitial two-source-study synthesis,GSE30529;GSE104954_H7,GSE30529;GSE104954_H7,2.0,1.0806134446755187,0.21166849761291845,1.0000000060582839,0.4652139068050968,0.4652139068050968,-4.830489701305735,6.991716590656772,-4.830489701305735,6.991716590656772,0.25880352342189805,0.25880352342189805,,,,,1.9484712187779596,48.67771253879854,0.25880352342189805,0.928002933619894,False
ADAMTS1,descriptive tubulointerstitial two-source-study synthesis,GSE30529;GSE104954_H7,GSE30529;GSE104954_H7,2.0,1.031383786693065,0.0,0.89404524113719,0.31100721801382103,0.328920332456041,-2.920337599818663,4.983105173204794,-3.1479452993840384,5.210712872770169,0.1864483432421235,0.19653432880699934,,,,,0.89404524113719,0.0,0.19653432880699934,0.928002933619894,False
ADAMTS13,descriptive tubulointerstitial two-source-study synthesis,GSE30529;GSE104954_H7,GSE30529;GSE104954_H7,2.0,-0.24516530332410635,0.0,0.2564534327660737,0.15721730920650825,0.31045317136866746,-2.2428006221724828,1.75247001552427,-4.189846859729123,3.69951625308091,0.3630095609111548,0.574464446677645,,,,,0.2564534327660737,0.0,0.574464446677645,1.0,False
ADAMTS14,descriptive tubulointerstitial two-source-study synthesis,GSE30529;GSE104954_H7,,0.0,,,,,,,,,,,,,,,,,,1.0,1.0,False
ADAMTS16,descriptive tubulointerstitial two-source-study synthesis,GSE30529;GSE104954_H7,,0.0,,,,,,,,,,,,,,,,,,1.0,1.0,False
ADAMTS18,descriptive tubulointerstitial two-source-study synthesis,GSE30529;GSE104954_H7,,0.0,,,,,,,,,,,,,,,,,,1.0,1.0,False
ADAMTS2,descriptive tubulointerstitial two-source-study synthesis,GSE30529;GSE104954_H7,GSE30529;GSE104954_H7,2.0,0.1493064483773026,0.21695086102683434,1.0000000095468933,0.4542828266123015,0.4542828266123015,-5.622904154686751,5.921517051441356,-5.622904154686751,5.921517051441356,0.7978462559106391,0.7978462559106391,,,,,2.1065201894428704,52.52834484987876,0.7978462559106391,1.0,False
ADAMTS3,descriptive tubulointerstitial two-source-study synthesis,GSE30529;GSE104954_H7,GSE30529;GSE104954_H7,2.0,0.4932550482677131,0.4581172025695871,1.0000000000310891,0.5759486697297149,0.5759486697297149,-6.824866666845505,7.811376763380931,-6.824866666845505,7.811376763380931,0.5491391878121284,0.5491391878121284,,,,,3.230505332766061,69.04509056656568,0.5491391878121284,1.0,False
ADAMTS4,descriptive tubulointerstitial two-source-study synthesis,GSE30529;GSE104954_H7,,0.0,,,,,,,,,,,,,,,,,,1.0,1.0,False
ADAMTS5,descriptive tubulointerstitial two-source-study synthesis,GSE30529;GSE104954_H7,GSE30529;GSE104954_H7,2.0,1.9110251746477769,0.5036989987796964,0.9999999915305303,0.62651160364722,0.6265116063003305,-6.0495595308829335,9.871609880178488,-6.049559564593898,9.871609913889452,0.20168048076477674,0.20168048156283275,,,,,2.7635639852973077,63.81484180137704,0.20168048156283275,0.928002933619894,False
ADAMTS8,descriptive tubulointerstitial two-source-study synthesis,GSE30529;GSE104954_H7,GSE30529;GSE104954_H7,2.0,-0.514027261138485,0.0,0.25639367740146074,0.15890784689242812,0.31382799888906543,-2.5331428979383785,1.5050883756614084,-4.501590066966955,3.4735355446899847,0.19087354975240103,0.3489470108192093,,,,,0.25639367740146074,0.0,0.3489470108192093,0.9487252351416693,False
ADAMTS9,descriptive tubulointerstitial two-source-study synthesis,GSE30529;GSE104954_H7,GSE30529,1.0,,,,,,,,,,,,,,,,,,1.0,1.0,False
ADRM1,descriptive tubulointerstitial two-source-study synthesis,GSE30529;GSE104954_H7,GSE30529;GSE104954_H7,2.0,-0.3448957989941037,0.04994854377330994,0.999999985162976,0.35048371923166305,0.35048372183173077,-4.798213692247582,4.1084220942593745,-4.798213725284575,4.108422127296367,0.505115629448574,0.5051156318096549,,,,,1.254289004671374,20.273557666879025,0.5051156318096549,0.971758082818083,False
AGRN,descriptive tubulointerstitial two-source-study synthesis,GSE30529;GSE104954_H7,GSE30529;GSE104954_H7,2.0,0.71141887002898,0.0,0.026038836886772828,0.051328994976413474,0.3180914312952052,0.059222150956588004,1.363615589101372,-3.330315980830743,4.753153720888703,0.045852772785795574,0.2676721789809515,,,,,0.026038836886772828,0.0,0.2676721789809515,0.9387217996555652,False
AJUBA,descriptive tubulointerstitial two-source-study synthesis,GSE30529;GSE104954_H7,,0.0,,,,,,,,,,,,,,,,,,1.0,1.0,False
ANGPT1,descriptive tubulointerstitial two-source-study synthesis,GSE30529;GSE104954_H7,GSE30529;GSE104954_H7,2.0,-1.0406869038747741,0.0,0.2186696754365789,0.1536256874641095,0.3285258587283805,-2.9926863415293354,0.9113125337797874,-5.215003726005182,3.1336299182556333,0.0933036481522643,0.19466617289685056,,,,,0.2186696754365789,0.0,0.19466617289685056,0.928002933619894,False
ANGPT2,descriptive tubulointerstitial two-source-study synthesis,GSE30529;GSE104954_H7,GSE30529;GSE104954_H7,2.0,0.210869908584269,0.0,0.8313712815279422,0.28338328927150885,0.3107969353373369,-3.3898561837101404,3.8115960008786782,-3.738179583187581,4.159919400356119,0.592738796078322,0.6204871276129963,,,,,0.8313712815279422,0.0,0.6204871276129963,1.0,False
ANGPT4,descriptive tubulointerstitial two-source-study synthesis,GSE30529;GSE104954_H7,GSE30529;GSE104954_H7,2.0,-0.17283250748706386,0.0,0.2103715512659613,0.14206493559193203,0.3097372185550541,-1.9779386649496236,1.632273649975496,-4.108417020860869,3.7627520058867407,0.4379948322757487,0.6759844906550344,,,,,0.2103715512659613,0.0,0.6759844906550344,1.0,False
ANO5,descriptive tubulointerstitial two-source-study synthesis,GSE30529;GSE104954_H7,,0.0,,,,,,,,,,,,,,,,,,1.0,1.0,False
ANO6,descriptive tubulointerstitial two-source-study synthesis,GSE30529;GSE104954_H7,,0.0,,,,,,,,,,,,,,,,,,1.0,1.0,False
APOB,descriptive tubulointerstitial two-source-study synthesis,GSE30529;GSE104954_H7,GSE30529;GSE104954_H7,2.0,-0.5047863296550088,0.0,0.08989051798604508,0.09398719545014772,0.3134813793702901,-1.6990068776234524,0.6894342183134348,-4.487944916912365,3.4783722576023473,0.11719158455771654,0.353789154088606,,,,,0.08989051798604508,0.0,0.353789154088606,0.9487252351416693,False
APP,descriptive tubulointerstitial two-source-study synthesis,GSE30529;GSE104954_H7,GSE30529;GSE104954_H7,2.0,-0.4927846998927345,0.0,0.003285917944584545,0.01796046123477846,0.31332072900762376,-0.7209939974979586,-0.2645754022875104,-4.473902030751112,3.4883326309656426,0.023192533991872346,0.36054312267193467,,,,,0.003285917944584545,0.0,0.36054312267193467,0.9487252351416693,False
ARHGEF18,descriptive tubulointerstitial two-source-study synthesis,GSE30529;GSE104954_H7,GSE30529;GSE104954_H7,2.0,0.8292084655141948,0.567384687158327,0.999999989205374,0.62509695728001,0.6250969606538539,-7.1134014536454595,8.77181838467385,-7.11340149651421,8.7718184275426,0.4112303609413352,0.41123036259297735,,,,,3.635199411831346,72.49119273222432,0.41123036259297735,0.9526431180778144,False
ARNT,descriptive tubulointerstitial two-source-study synthesis,GSE30529;GSE104954_H7,GSE30529;GSE104954_H7,2.0,0.4407266008226203,1.5582795592003766,1.0000000127081157,0.9423016782542791,0.9423016782542791,-11.532351446317264,12.413804647962504,-11.532351446317264,12.413804647962504,0.7214878226509869,0.7214878226509869,,,,,8.158077477827865,87.74221006459165,0.7214878226509869,1.0,False
ASPN,descriptive tubulointerstitial two-source-study synthesis,GSE30529;GSE104954_H7,GSE30529;GSE104954_H7,2.0,-0.227559358784831,0.08044456747744827,1.0000000179803878,0.3709105122810487,0.3709105122810487,-4.940424266627274,4.485305549057613,-4.940424266627274,4.485305549057613,0.6496693097445818,0.6496693097445818,,,,,1.4121579265792445,29.186390475294754,0.6496693097445818,1.0,False
ATP1B1,descriptive tubulointerstitial two-source-study synthesis,GSE30529;GSE104954_H7,GSE30529;GSE104954_H7,2.0,-1.2888394648935677,0.0,0.4776735124008893,0.23416671828490584,0.3388126287855102,-4.264209729819724,1.6865308000325883,-5.593862093443816,3.016183163656681,0.114418093605959,0.16365305815325715,,,,,0.4776735124008893,0.0,0.16365305815325715,0.928002933619894,False
ATP1B2,descriptive tubulointerstitial two-source-study synthesis,GSE30529;GSE104954_H7,GSE30529;GSE104954_H7,2.0,-1.593422356234165,0.0,0.022141607448393982,0.052598440249447424,0.3534828048270459,-2.2617489068470955,-0.9250958056212344,-6.084847245083891,2.8980025326155605,0.021007018368051945,0.1389763107491821,,,,,0.022141607448393982,0.0,0.1389763107491821,0.928002933619894,False
ATP1B3,descriptive tubulointerstitial two-source-study synthesis,GSE30529;GSE104954_H7,GSE30529;GSE104954_H7,2.0,-0.09757421134009982,0.0,0.022963679393433033,0.04681432516017388,0.30892853853488556,-0.6924066114111233,0.49725818873092364,-4.022883470811589,3.8277350481313897,0.2847871268589661,0.8052380506117868,,,,,0.022963679393433033,0.0,0.8052380506117868,1.0,False
ATP1B4,descriptive tubulointerstitial two-source-study synthesis,GSE30529;GSE104954_H7,GSE30529;GSE104954_H7,2.0,-0.17590167994917855,0.17802887474911286,1.000000012208826,0.43253191170998856,0.43253191170998856,-5.6717407050653295,5.319937345166973,-5.6717407050653295,5.319937345166973,0.7541050329642852,0.7541050329642852,,,,,1.907496842780998,47.575273648051265,0.7541050329642852,1.0,False
BAMBI,descriptive tubulointerstitial two-source-study synthesis,GSE30529;GSE104954_H7,GSE30529;GSE104954_H7,2.0,0.5257805495517857,0.0,0.010433506538731131,0.032059355873043364,0.31386265640162864,0.11842781011901204,0.9331332889845593,-3.462222621726959,4.5137837208305305,0.03876975350768702,0.342610281011922,,,,,0.010433506538731131,0.0,0.342610281011922,0.9487252351416693,False
BCAN,descriptive tubulointerstitial two-source-study synthesis,GSE30529;GSE104954_H7,GSE30529;GSE104954_H7,2.0,-0.4984451948386659,0.0,0.5406791332287268,0.2315036409930277,0.31483863539211376,-3.4399778544659605,2.4430874647886287,-4.498849354988719,3.501958965311388,0.2768064977689365,0.35864670426207085,,,,,0.5406791332287268,0.0,0.35864670426207085,0.9487252351416693,False
BGN,descriptive tubulointerstitial two-source-study synthesis,GSE30529;GSE104954_H7,GSE30529;GSE104954_H7,2.0,0.8464917606835087,0.0,0.0016559079849892333,0.013103314542387874,0.32200533421672567,0.6799983633854332,1.0129851579815843,-3.2449739420145667,4.937957463381584,0.009853802865242194,0.23140896734467276,,,,,0.0016559079849892333,0.0,0.23140896734467276,0.928002933619894,False
BMP1,descriptive tubulointerstitial two-source-study synthesis,GSE30529;GSE104954_H7,GSE30529;GSE104954_H7,2.0,0.029199681696730456,0.12450718506177641,0.9999999849120313,0.3993072528781227,0.3993072558904904,-5.044480026012178,5.102879389405639,-5.044480064287939,5.102879427681399,0.9535293533781619,0.9535293537274918,,,,,1.6398554396729772,39.01901498101432,0.9535293537274918,1.0,False
BMP10,descriptive tubulointerstitial two-source-study synthesis,GSE30529;GSE104954_H7,GSE30529;GSE104954_H7,2.0,-0.9572064956190381,0.0,0.010878294498063778,0.03398048192495401,0.32579853564585326,-1.3889694559913874,-0.5254435352466889,-5.096869392281159,3.182456401043083,0.02259028360568237,0.20885245075712852,,,,,0.010878294498063778,0.0,0.20885245075712852,0.928002933619894,False
BMP2,descriptive tubulointerstitial two-source-study synthesis,GSE30529;GSE104954_H7,GSE30529;GSE104954_H7,2.0,-0.5978917252329877,0.04235436896841241,0.999999991187185,0.3487488249412716,0.34874882647800104,-5.029165696437132,3.833382245971156,-5.029165715963131,3.8333822654971557,0.336165675028376,0.33616567624925797,,,,,1.2096108262120673,17.328782255402746,0.33616567624925797,0.9487252351416693,False
BMP4,descriptive tubulointerstitial two-source-study synthesis,GSE30529;GSE104954_H7,GSE30529;GSE104954_H7,2.0,0.4608618094756639,0.40587671225815897,1.0000000210684727,0.5512470325861206,0.5512470325861206,-6.543395846772348,7.465119465723675,-6.543395846772348,7.465119465723675,0.556702183552435,0.556702183552435,,,,,3.0046962833971786,66.7187660355017,0.556702183552435,1.0,False
BMP7,descriptive tubulointerstitial two-source-study synthesis,GSE30529;GSE104954_H7,GSE30529;GSE104954_H7,2.0,-1.971599382910519,3.1753349865928358,0.9999999999396043,1.3208315637860657,1.320831563825952,-18.754355654378056,14.811156888557019,-18.754355654884858,14.81115688906382,0.37576974101613786,0.3757697410250272,,,,,10.98007953450962,90.89259784633555,0.3757697410250272,0.9487252351416693,False
BSG,descriptive tubulointerstitial two-source-study synthesis,GSE30529;GSE104954_H7,GSE30529;GSE104954_H7,2.0,0.3407591274851982,0.0,0.11585531044314654,0.10584173067361378,0.31095601352435914,-1.0040875720847997,1.6856058270551961,-3.6103116443000163,4.291829899270413,0.19172325191640205,0.47090747012989204,,,,,0.11585531044314654,0.0,0.47090747012989204,0.9645482718934864,False
C1QA,descriptive tubulointerstitial two-source-study synthesis,GSE30529;GSE104954_H7,GSE30529;GSE104954_H7,2.0,1.4612093288457297,0.0,0.04384470934472495,0.07272478361441864,0.34731523975266704,0.5371533388469238,2.3852653188445356,-2.9518492154452582,5.874267873136717,0.031658615241783976,0.14856152863310168,,,,,0.04384470934472495,0.0,0.14856152863310168,0.928002933619894,False
C1QB,descriptive tubulointerstitial two-source-study synthesis,GSE30529;GSE104954_H7,GSE30529;GSE104954_H7,2.0,1.6192866852583652,0.0,0.46547125812557255,0.24362575235650236,0.35708923557136996,-1.4762720031879482,4.714845373704678,-2.9179622509955765,6.156535621512307,0.09506800591415057,0.13817748145886063,,,,,0.46547125812557255,0.0,0.13817748145886063,0.928002933619894,False
C1QC,descriptive tubulointerstitial two-source-study synthesis,GSE30529;GSE104954_H7,,0.0,,,,,,,,,,,,,,,,,,1.0,1.0,False
C1R,descriptive tubulointerstitial two-source-study synthesis,GSE30529;GSE104954_H7,GSE30529;GSE104954_H7,2.0,1.3761041343016498,0.0,0.09476242497739779,0.10545338385059894,0.3425645649286555,0.03619184897352157,2.716016419629778,-2.9765913630404564,5.7287996316437555,0.04869017961538563,0.15532176167191092,,,,,0.09476242497739779,0.0,0.15532176167191092,0.928002933619894,False
C1S,descriptive tubulointerstitial two-source-study synthesis,GSE30529;GSE104954_H7,GSE30529;GSE104954_H7,2.0,1.9275503253897583,0.3042470667519779,0.999999990402671,0.5442626887925531,0.5442626914042872,-4.987962828669353,8.84306347944887,-4.987962861854582,8.843063512634098,0.17519495030715707,0.17519495110605143,,,,,2.0407649906174816,50.99876739372002,0.17519495110605143,0.928002933619894,False
C2,descriptive tubulointerstitial two-source-study synthesis,GSE30529;GSE104954_H7,GSE30529;GSE104954_H7,2.0,1.244609654750618,0.0,0.3380937287570356,0.1958103289730559,0.33675731598967945,-1.2433964746387496,3.732615784139986,-3.0342977486189255,5.523517058120161,0.09934299279871799,0.16822390081144767,,,,,0.3380937287570356,0.0,0.16822390081144767,0.928002933619894,False
C3,descriptive tubulointerstitial two-source-study synthesis,GSE30529;GSE104954_H7,GSE30529;GSE104954_H7,2.0,2.292910857313167,0.0705142251107311,1.0000000084546534,0.44273266597271116,0.44273266597271116,-3.332541039928544,7.918362754554878,-3.332541039928544,7.918362754554878,0.12142903200463039,0.12142903200463039,,,,,1.2149893964157559,17.69475495423903,0.12142903200463039,0.928002933619894,False
C3AR1,descriptive tubulointerstitial two-source-study synthesis,GSE30529;GSE104954_H7,GSE30529;GSE104954_H7,2.0,1.3223602632027365,0.0,0.2958895089034512,0.18585793668989065,0.34167745847452874,-1.0391887322220084,3.683909258627481,-3.0190634779104526,5.663784004315926,0.08889470589722692,0.16097204794482922,,,,,0.2958895089034512,0.0,0.16097204794482922,0.928002933619894,False
C4A,descriptive tubulointerstitial two-source-study synthesis,GSE30529;GSE104954_H7,GSE30529,1.0,,,,,,,,,,,,,,,,,,1.0,1.0,False
C4B,descriptive tubulointerstitial two-source-study synthesis,GSE30529;GSE104954_H7,,0.0,,,,,,,,,,,,,,,,,,1.0,1.0,False
C4BPA,descriptive tubulointerstitial two-source-study synthesis,GSE30529;GSE104954_H7,GSE30529;GSE104954_H7,2.0,1.0116718891254426,0.0,0.5323593784370022,0.24038531498191718,0.32946211239675993,-2.042713138604639,4.0660569168555245,-3.174541163800388,5.197884942051273,0.14851432494715874,0.20042678937167754,,,,,0.5323593784370022,0.0,0.20042678937167754,0.928002933619894,False
C4BPB,descriptive tubulointerstitial two-source-study synthesis,GSE30529;GSE104954_H7,GSE30529;GSE104954_H7,2.0,-0.8502617057728725,1.9470901695984335,1.000000021704145,1.0448465211997515,1.0448465211997515,-14.12629552201681,12.425772110471064,-14.12629552201681,12.425772110471064,0.5651382033048358,0.5651382033048358,,,,,9.21642225779966,89.1498026888501,0.5651382033048358,1.0,False
C5,descriptive tubulointerstitial two-source-study synthesis,GSE30529;GSE104954_H7,GSE30529;GSE104954_H7,2.0,-0.5870886488762292,0.26062434098526815,0.9999999841689473,0.48152316331574674,0.48152316712725607,-6.70542054717659,5.531243249424133,-6.705420595606409,5.531243297853951,0.43731331768011983,0.4373133201510082,,,,,2.2776455485279063,56.095012209150696,0.4373133201510082,0.9562905252398041,False
C5AR1,descriptive tubulointerstitial two-source-study synthesis,GSE30529;GSE104954_H7,GSE30529;GSE104954_H7,2.0,-0.11607001649988334,0.0,0.7699637997931903,0.2722005546191166,0.3102086132143943,-3.574705992790681,3.3425659597909143,-4.057644166926804,3.8255041339270375,0.7433993465711151,0.7720642065167894,,,,,0.7699637997931903,0.0,0.7720642065167894,1.0,False
C5AR2,descriptive tubulointerstitial two-source-study synthesis,GSE30529;GSE104954_H7,GSE30529;GSE104954_H7,2.0,-0.7961840379705698,0.1291801508332215,0.9999999966287845,0.41237016339241955,0.41237016408751387,-6.035843761124464,4.443475685183324,-6.035843769956474,4.443475694015334,0.3042348872866382,0.30423488772486995,,,,,1.6117174147891813,37.95438388740102,0.30423488772486995,0.9487252351416693,False
C6,descriptive tubulointerstitial two-source-study synthesis,GSE30529;GSE104954_H7,GSE30529;GSE104954_H7,2.0,1.203491330381743,0.0,0.7606425400014533,0.2925712270815458,0.3354604367395125,-2.5139785808302366,4.920961241593723,-3.058937659717082,5.465920320480568,0.15181855340383646,0.17305830870018216,,,,,0.7606425400014533,0.0,0.17305830870018216,0.928002933619894,False
C7,descriptive tubulointerstitial two-source-study synthesis,GSE30529;GSE104954_H7,GSE30529;GSE104954_H7,2.0,1.0601322105094382,0.07438203701582476,1.0000000153714912,0.38509469175514865,0.38509469175514865,-3.8329597857455657,5.9532242067644425,-3.8329597857455657,5.9532242067644425,0.2218181332493401,0.2218181332493401,,,,,1.3337374951939656,25.022727215555268,0.2218181332493401,0.928002933619894,False
C8A,descriptive tubulointerstitial two-source-study synthesis,GSE30529;GSE104954_H7,GSE30529;GSE104954_H7,2.0,0.14562123549054376,0.44104318982997137,1.000000009984914,0.5654539474074705,0.5654539474074705,-7.039152389146934,7.330394860128021,-7.039152389146934,7.330394860128021,0.8395381585086222,0.8395381585086222,,,,,3.2204783814417075,68.94871253405739,0.8395381585086222,1.0,False
C8B,descriptive tubulointerstitial two-source-study synthesis,GSE30529;GSE104954_H7,GSE30529;GSE104954_H7,2.0,-0.921452336747346,0.0,0.6236316943014657,0.2578324117029794,0.3264926594752526,-4.197523747467086,2.3546190739723944,-5.069934912898072,3.22703023940338,0.17369110274024813,0.21678285478072531,,,,,0.6236316943014657,0.0,0.21678285478072531,0.928002933619894,False
C8G,descriptive tubulointerstitial two-source-study synthesis,GSE30529;GSE104954_H7,GSE30529;GSE104954_H7,2.0,0.10798531530839567,0.12025052404357515,0.999999998592423,0.3966733280652118,0.39667332834438596,-4.932227204467977,5.148197835084768,-4.932227208015221,5.148197838632012,0.8307949662433975,0.8307949663569526,,,,,1.6175101291592653,38.17658498869674,0.8307949663569526,1.0,False
C9,descriptive tubulointerstitial two-source-study synthesis,GSE30529;GSE104954_H7,GSE30529;GSE104954_H7,2.0,-0.264533533992696,0.7004023578215037,1.0000000114667624,0.6723353267400323,0.6723353267400323,-8.807363846914454,8.278296778929063,-8.807363846914454,8.278296778929063,0.7613622987134948,0.7613622987134948,,,,,4.438903180356169,77.47191233128537,0.7613622987134948,1.0,False
CA9,descriptive tubulointerstitial two-source-study synthesis,GSE30529;GSE104954_H7,GSE30529;GSE104954_H7,2.0,-1.3686661630852952,0.5722144104738811,0.999999989636063,0.6401304673589984,0.6401304706761344,-9.502294939211922,6.76496261304133,-9.50229498136013,6.764962655189539,0.27850749043584166,0.27850749170183764,,,,,3.2971565739873414,69.67083674795968,0.27850749170183764,0.9440995841364573,False
CAPN1,descriptive tubulointerstitial two-source-study synthesis,GSE30529;GSE104954_H7,GSE30529;GSE104954_H7,2.0,1.1576578729475568,0.0,0.5135824102421083,0.23885921859610817,0.3333012455825927,-1.8773362616572995,4.192652007552413,-3.077335992246908,5.392651738142021,0.1295357940953915,0.17846263624585104,,,,,0.5135824102421083,0.0,0.17846263624585104,0.928002933619894,False
CAPN10,descriptive tubulointerstitial two-source-study synthesis,GSE30529;GSE104954_H7,GSE30529;GSE104954_H7,2.0,-0.45681118783935715,0.0,0.13843961416982334,0.11633987241548487,0.3126787686934556,-1.9350494257309507,1.0214270500522362,-4.429771639513414,3.5161492638347003,0.15875823293171942,0.3821212791994221,,,,,0.13843961416982334,0.0,0.3821212791994221,0.9487252351416693,False
CAPN11,descriptive tubulointerstitial two-source-study synthesis,GSE30529;GSE104954_H7,GSE30529;GSE104954_H7,2.0,-0.33242569532384764,0.6105941659764428,0.9999999776826856,0.6380786055785298,0.6380786126986304,-8.439983095577507,7.775131704929811,-8.439983186046963,7.775131795399267,0.694238028973626,0.6942380318845017,,,,,3.9974015267821095,74.98374898543165,0.6942380318845017,1.0,False
CAPN12,descriptive tubulointerstitial two-source-study synthesis,GSE30529;GSE104954_H7,,0.0,,,,,,,,,,,,,,,,,,1.0,1.0,False
CAPN13,descriptive tubulointerstitial two-source-study synthesis,GSE30529;GSE104954_H7,,0.0,,,,,,,,,,,,,,,,,,1.0,1.0,False
CAPN14,descriptive tubulointerstitial two-source-study synthesis,GSE30529;GSE104954_H7,,0.0,,,,,,,,,,,,,,,,,,1.0,1.0,False
CAPN15,descriptive tubulointerstitial two-source-study synthesis,GSE30529;GSE104954_H7,GSE30529;GSE104954_H7,2.0,-0.27832598936257125,0.0,0.49942728524534474,0.21965428829186298,0.3108161335248178,-3.069298347577722,2.5126463688525797,-4.227619417235117,3.6709674385099746,0.42533808784822935,0.5350729251164178,,,,,0.49942728524534474,0.0,0.5350729251164178,0.9904541379814542,False
CAPN2,descriptive tubulointerstitial two-source-study synthesis,GSE30529;GSE104954_H7,GSE30529;GSE104954_H7,2.0,-0.5574676952875772,1.3435687159732757,1.000000000537954,0.8836436475086232,0.8836436475086232,-11.785224794352327,10.670289403777172,-11.785224794352327,10.670289403777172,0.6417027006933238,0.6417027006933238,,,,,7.155140429594779,86.02403391184548,0.6417027006933238,1.0,False
CAPN3,descriptive tubulointerstitial two-source-study synthesis,GSE30529;GSE104954_H7,GSE30529;GSE104954_H7,2.0,-0.1009626009841126,0.0,0.14950010976833486,0.11951463117836214,0.30910093575079195,-1.6195399737047895,1.4176147717365641,-4.028462374776855,3.8265371728086297,0.5534424009843826,0.7990138638269927,,,,,0.14950010976833486,0.0,0.7990138638269927,1.0,False
CAPN5,descriptive tubulointerstitial two-source-study synthesis,GSE30529;GSE104954_H7,GSE30529;GSE104954_H7,2.0,-0.7786742014302023,0.0,0.3171519544326898,0.18026638514521323,0.32009659466831025,-3.069175798135402,1.5118273952749974,-4.845887068638077,3.2885386657776725,0.14482882648347112,0.24829481558081115,,,,,0.3171519544326898,0.0,0.24829481558081115,0.928002933619894,False
CAPN6,descriptive tubulointerstitial two-source-study synthesis,GSE30529;GSE104954_H7,GSE30529;GSE104954_H7,2.0,2.0030956073507546,0.0,0.16436739727888422,0.15281101860547927,0.37691795965997116,0.06144751900613454,3.944743695695375,-2.786101156830073,6.792292371531582,0.048472200273522933,0.11840677503336589,,,,,0.16436739727888422,0.0,0.11840677503336589,0.928002933619894,False
CAPN7,descriptive tubulointerstitial two-source-study synthesis,GSE30529;GSE104954_H7,GSE30529;GSE104954_H7,2.0,0.0008672936930929268,0.2547075540252531,0.999999998972607,0.47472099287221287,0.47472099311607535,-6.031034834301371,6.032769421687558,-6.031034837399938,6.0327694247861245,0.9988369258839258,0.9988369258845061,,,,,2.298657250339031,56.49634151187571,0.9988369258845061,1.0,False
CAPN8,descriptive tubulointerstitial two-source-study synthesis,GSE30529;GSE104954_H7,,0.0,,,,,,,,,,,,,,,,,,1.0,1.0,False
CAPN9,descriptive tubulointerstitial two-source-study synthesis,GSE30529;GSE104954_H7,GSE30529;GSE104954_H7,2.0,-1.1731175945037906,0.0,0.895585892291373,0.3187763666972552,0.33684685316447005,-5.2235553748130155,2.8773201858054342,-5.453162675547722,3.1069274865401404,0.16891282821965176,0.17800881679144787,,,,,0.895585892291373,0.0,0.17800881679144787,0.928002933619894,False
CAPNS1,descriptive tubulointerstitial two-source-study synthesis,GSE30529;GSE104954_H7,GSE30529;GSE104954_H7,2.0,-0.2738321088757835,0.8732281670077385,1.0000000107109897,0.7340520905025711,0.7340520905025711,-9.600848257818487,9.05318404006692,-9.600848257818487,9.05318404006692,0.7726931386745354,0.7726931386745354,,,,,5.266237974022227,81.01111258296928,0.7726931386745354,1.0,False
CAPNS2,descriptive tubulointerstitial two-source-study synthesis,GSE30529;GSE104954_H7,,0.0,,,,,,,,,,,,,,,,,,1.0,1.0,False
CASK,descriptive tubulointerstitial two-source-study synthesis,GSE30529;GSE104954_H7,GSE30529;GSE104954_H7,2.0,0.6167665928026759,0.09441561767919131,0.9999999947314273,0.38636371740247566,0.3863637184202683,-4.292449903142722,5.525983088748073,-4.292449916075003,5.525983101680354,0.3562715363777258,0.35627153713220694,,,,,1.4623490169861406,31.616872006316843,0.35627153713220694,0.9487252351416693,False
CASP3,descriptive tubulointerstitial two-source-study synthesis,GSE30529;GSE104954_H7,GSE30529;GSE104954_H7,2.0,1.855848001288569,0.03720927294563731,1.00000001081857,0.39678117361682175,0.39678117361682175,-3.1857348261464447,6.897430828723583,-3.1857348261464447,6.897430828723583,0.1340908060349783,0.1340908060349783,,,,,1.1322798556541454,11.682611413917993,0.1340908060349783,0.928002933619894,False
CAST,descriptive tubulointerstitial two-source-study synthesis,GSE30529;GSE104954_H7,GSE30529;GSE104954_H7,2.0,0.759080015766822,0.0,0.1324655499986752,0.11624457807921047,0.3193899394116716,-0.717947392777871,2.2361074243115153,-3.2991539450723084,4.817313976605952,0.0967396102775352,0.25354860614548314,,,,,0.1324655499986752,0.0,0.25354860614548314,0.928002933619894,False
CAV1,descriptive tubulointerstitial two-source-study synthesis,GSE30529;GSE104954_H7,GSE30529;GSE104954_H7,2.0,1.002782948015092,0.0,0.4214038213955985,0.21345917379841073,0.32882557585911815,-1.7094730170822117,3.7150389131123958,-3.175342141341406,5.18090803737159,0.1335222734724914,0.20172211526255593,,,,,0.4214038213955985,0.0,0.20172211526255593,0.928002933619894,False
CBL,descriptive tubulointerstitial two-source-study synthesis,GSE30529;GSE104954_H7,GSE30529;GSE104954_H7,2.0,-0.23330724739467706,2.4560397951945667,0.9999999978655265,1.1576728239387122,1.1576728251742232,-14.942935165865475,14.47632067107612,-14.942935181564131,14.476320686774777,0.8733970315031496,0.8733970316347305,,,,,11.94520481762812,91.6284399031463,0.8733970316347305,1.0,False
CCL1,descriptive tubulointerstitial two-source-study synthesis,GSE30529;GSE104954_H7,GSE30529;GSE104954_H7,2.0,-1.1975013067710103,0.0,0.4690115044889227,0.2305759020330745,0.3366837598538935,-4.1272459252314135,1.732243311689393,-5.475474090819655,3.0804714772776345,0.12109752561132782,0.1744845112743773,,,,,0.4690115044889227,0.0,0.1744845112743773,0.928002933619894,False
CCL11,descriptive tubulointerstitial two-source-study synthesis,GSE30529;GSE104954_H7,GSE30529;GSE104954_H7,2.0,0.5270226825383938,0.9810208407680486,1.000000004545619,0.7716215028355996,0.7716215028355996,-9.277358111325537,10.331403476402325,-9.277358111325537,10.331403476402325,0.6185184536327448,0.6185184536327448,,,,,5.664132254232795,82.34504501103939,0.6185184536327448,1.0,False
CCL13,descriptive tubulointerstitial two-source-study synthesis,GSE30529;GSE104954_H7,GSE30529;GSE104954_H7,2.0,0.9952779192284322,0.0,0.04160796809618264,0.06676504404998498,0.32731121481459147,0.14694760030960097,1.8436082381472634,-3.1636053886518227,5.154161227108688,0.0426417208984139,0.20226868032922254,,,,,0.04160796809618264,0.0,0.20226868032922254,0.928002933619894,False
CCL16,descriptive tubulointerstitial two-source-study synthesis,GSE30529;GSE104954_H7,GSE30529;GSE104954_H7,2.0,-1.00260258952789,0.28054292131885633,0.9999999972267252,0.5013235723919351,0.5013235730870893,-7.372522539410314,5.367317360354534,-7.372522548243085,5.367317369187305,0.2951785516509785,0.29517855200409227,,,,,2.2592341051187885,55.737212105010215,0.29517855200409227,0.9487252351416693,False
CCL17,descriptive tubulointerstitial two-source-study synthesis,GSE30529;GSE104954_H7,GSE30529;GSE104954_H7,2.0,-0.8200771208781025,0.2380597712562531,1.000000000306577,0.47506928871748627,0.47506928871748627,-6.8564047671913695,5.216250525435164,-6.8564047671913695,5.216250525435164,0.3342626688673779,0.3342626688673779,,,,,2.1141676978500348,52.700062487146496,0.3342626688673779,0.9487252351416693,False
CCL19,descriptive tubulointerstitial two-source-study synthesis,GSE30529;GSE104954_H7,GSE30529;GSE104954_H7,2.0,1.5626845117737493,0.0,0.20947029059746067,0.16100489111231736,0.3517854330138178,-0.4830765982248686,3.6084456217723675,-2.9071732233036878,6.032542246851187,0.06536092269593965,0.14096349443974387,,,,,0.20947029059746067,0.0,0.14096349443974387,0.928002933619894,False
CCL2,descriptive tubulointerstitial two-source-study synthesis,GSE30529;GSE104954_H7,GSE30529;GSE104954_H7,2.0,2.034612410453847,0.5537451215758681,0.999999974718067,0.6541400681115347,0.6541400763804975,-6.277025221106572,10.346250042014265,-6.277025326173708,10.346250147081403,0.19803232195000753,0.19803232429493722,,,,,2.8047267998438086,64.34590349207315,0.19803232429493722,0.928002933619894,False
CCL20,descriptive tubulointerstitial two-source-study synthesis,GSE30529;GSE104954_H7,GSE30529;GSE104954_H7,2.0,1.1480307294220249,0.0,0.2715745916800295,0.17406441936764505,0.33401459046284376,-1.0636674203466447,3.3597288791906945,-3.0960270418684117,5.392088500712461,0.09579467401787038,0.18024585477998528,,,,,0.2715745916800295,0.0,0.18024585477998528,0.928002933619894,False
CCL21,descriptive tubulointerstitial two-source-study synthesis,GSE30529;GSE104954_H7,GSE30529;GSE104954_H7,2.0,0.9985231311144858,0.6044985193288512,0.9999999770102006,0.64262975512692,0.6426297625138847,-7.1668621070859695,9.16390836931494,-7.166862200946254,9.163908463175225,0.3640503551502718,0.3640503584805349,,,,,3.710580704350189,73.05004042015241,0.3640503584805349,0.9487252351416693,False
CCL22,descriptive tubulointerstitial two-source-study synthesis,GSE30529;GSE104954_H7,GSE30529;GSE104954_H7,2.0,0.08237726729444551,0.1166425218201427,0.9999999997474814,0.394320229730933,0.39432022978071957,-4.9279363032822285,5.092690837871119,-4.927936303914827,5.092690838503718,0.8688896942566633,0.8688896942727529,,,,,1.5994127427662177,37.47705184151033,0.8688896942727529,1.0,False
CCL25,descriptive tubulointerstitial two-source-study synthesis,GSE30529;GSE104954_H7,GSE30529;GSE104954_H7,2.0,-1.2455336702510755,0.0,0.47147957201971763,0.2326143932693438,0.3387701554038089,-4.201179775712415,1.7101124352102635,-5.550016623317589,3.0589492828154383,0.11754028125932632,0.16906315671317323,,,,,0.47147957201971763,0.0,0.16906315671317323,0.928002933619894,False
CCL27,descriptive tubulointerstitial two-source-study synthesis,GSE30529;GSE104954_H7,GSE30529;GSE104954_H7,2.0,-0.8300599533359239,0.5165611702077473,0.9999999896051688,0.6057739379883466,0.6057739411368055,-8.527147633254648,6.867027726582801,-8.527147673259613,6.867027766587764,0.4013532899050034,0.4013532914805799,,,,,3.3715933063499293,70.34043227821581,0.4013532914805799,0.9492630409085021,False
CCL28,descriptive tubulointerstitial two-source-study synthesis,GSE30529;GSE104954_H7,,0.0,,,,,,,,,,,,,,,,,,1.0,1.0,False
CCL3,descriptive tubulointerstitial two-source-study synthesis,GSE30529;GSE104954_H7,GSE30529,1.0,,,,,,,,,,,,,,,,,,1.0,1.0,False
CCL3L1,descriptive tubulointerstitial two-source-study synthesis,GSE30529;GSE104954_H7,,0.0,,,,,,,,,,,,,,,,,,1.0,1.0,False
CCL4,descriptive tubulointerstitial two-source-study synthesis,GSE30529;GSE104954_H7,GSE30529;GSE104954_H7,2.0,0.18410603872866138,0.0,0.061585642140281324,0.0767784648192512,0.3093853086657394,-0.7914568545939303,1.159668932051253,-3.747007035542826,4.1152191130001485,0.2515310268844485,0.6582708404817075,,,,,0.061585642140281324,0.0,0.6582708404817075,1.0,False
CCL5,descriptive tubulointerstitial two-source-study synthesis,GSE30529;GSE104954_H7,GSE30529;GSE104954_H7,2.0,1.4294212116775027,0.0,0.010993391700543026,0.03619717560766765,0.34523024267201413,0.9694924875352089,1.8893499358197965,-2.9571449328323824,5.815987356187388,0.01611765221050346,0.15086573457884897,,,,,0.010993391700543026,0.0,0.15086573457884897,0.928002933619894,False
CCL7,descriptive tubulointerstitial two-source-study synthesis,GSE30529;GSE104954_H7,GSE30529;GSE104954_H7,2.0,-0.784149295867647,0.32247014178021083,0.9999999837635428,0.5174283835007732,0.5174283877013752,-7.358700272936388,5.790401681201094,-7.358700326310097,5.790401734574803,0.3713244938722792,0.3713244962481102,,,,,2.5116741020139868,60.18591746444534,0.3713244962481102,0.9487252351416693,False
CCNC,descriptive tubulointerstitial two-source-study synthesis,GSE30529;GSE104954_H7,GSE30529;GSE104954_H7,2.0,0.3761162877795594,0.009230442312159975,0.9999999943076308,0.3201075993779169,0.32010760028900226,-3.69123640752164,4.443468983080759,-3.6912364190980766,4.443468994657195,0.44889629823741345,0.4488962991317315,,,,,1.046965611898293,4.485879131515881,0.4488962991317315,0.9562905252398041,False
CCNK,descriptive tubulointerstitial two-source-study synthesis,GSE30529;GSE104954_H7,GSE30529;GSE104954_H7,2.0,-0.08645180456358166,4.063301636595165,0.9999999858298946,1.4671522923484999,1.4671523027433513,-18.72838921029165,18.555485601164488,-18.72838934237076,18.5554857332436,0.9625305688514997,0.9625305691163611,,,,,17.8064051789492,94.38404332626214,0.9625305691163611,1.0,False
CCNT1,descriptive tubulointerstitial two-source-study synthesis,GSE30529;GSE104954_H7,GSE30529;GSE104954_H7,2.0,-0.7777969570045307,0.12845789400876317,1.0000000017900517,0.41149053579861616,0.41149053579861616,-6.00627995185997,4.450686037850909,-6.00627995185997,4.450686037850909,0.3097878802285713,0.3097878802285713,,,,,1.6104658832218404,37.906166754713496,0.3097878802285713,0.9487252351416693,False
CCNT2,descriptive tubulointerstitial two-source-study synthesis,GSE30529;GSE104954_H7,GSE30529;GSE104954_H7,2.0,0.6891399237193176,0.13217892153549832,1.0000000066444275,0.4103322803883259,0.4103322803883259,-4.524626040756192,5.9029058881948275,-4.524626040756192,5.9029058881948275,0.3418966243030682,0.3418966243030682,,,,,1.6423716188136996,39.11244029397504,0.3418966243030682,0.9487252351416693,False
CCR1,descriptive tubulointerstitial two-source-study synthesis,GSE30529;GSE104954_H7,GSE30529;GSE104954_H7,2.0,0.7440722083986241,1.3603451215669733,0.9999999999213156,0.8888981168339835,0.8888981168689547,-10.550449253694103,12.03859367049135,-10.550449254138455,12.038593670935702,0.556313598640442,0.5563135986527695,,,,,7.160859792115561,86.0351964843517,0.5563135986527695,1.0,False
CCR10,descriptive tubulointerstitial two-source-study synthesis,GSE30529;GSE104954_H7,GSE30529;GSE104954_H7,2.0,-0.22378388483246908,0.03849927898209427,1.0000000026780822,0.34106368293890416,0.34106368293890416,-4.557408868327957,4.109841098663019,-4.557408868327957,4.109841098663019,0.6303301129111238,0.6303301129111238,,,,,1.1977601083649105,16.510827751216173,0.6303301129111238,1.0,False
CCR2,descriptive tubulointerstitial two-source-study synthesis,GSE30529;GSE104954_H7,GSE30529;GSE104954_H7,2.0,2.1666094647566885,0.0,0.7436749314656435,0.33709793330232585,0.39089896351331055,-2.1166258919240253,6.449844821437402,-2.800232796801917,7.133451726315294,0.09826240721863684,0.11363625209277733,,,,,0.7436749314656435,0.0,0.11363625209277733,0.928002933619894,False
CCR3,descriptive tubulointerstitial two-source-study synthesis,GSE30529;GSE104954_H7,GSE30529;GSE104954_H7,2.0,-0.8741094307489534,0.0,0.06724395539095177,0.08383633549780271,0.3232999677370014,-1.9393510739146649,0.19113221241675804,-4.982025012013967,3.2338061505160596,0.06087237049709409,0.22552805290756123,,,,,0.06724395539095177,0.0,0.22552805290756123,0.928002933619894,False
CCR4,descriptive tubulointerstitial two-source-study synthesis,GSE30529;GSE104954_H7,GSE30529;GSE104954_H7,2.0,-0.32339577451120854,0.14022268415721129,1.0000000065192223,0.4110359671503016,0.4110359671503016,-5.546102927054517,4.8993113780321,-5.546102927054517,4.8993113780321,0.5756106891734225,0.5756106891734225,,,,,1.709338712387436,41.497844005223605,0.5756106891734225,1.0,False
CCR5,descriptive tubulointerstitial two-source-study synthesis,GSE30529;GSE104954_H7,GSE30529;GSE104954_H7,2.0,0.9239700157519503,0.0,0.3881169906650346,0.20222443169712057,0.3246028255925615,-1.645535016048239,3.4934750475521392,-3.200499944167943,5.048439975671844,0.13717066129716174,0.21507829304567577,,,,,0.3881169906650346,0.0,0.21507829304567577,0.928002933619894,False
CCR6,descriptive tubulointerstitial two-source-study synthesis,GSE30529;GSE104954_H7,GSE30529;GSE104954_H7,2.0,0.9283420050571451,0.0,0.030253693276528278,0.05645116424945957,0.32455156187670203,0.2110619545080864,1.645622055606204,-3.1954765875935007,5.0521605977077915,0.03866433863205056,0.21410891431336476,,,,,0.030253693276528278,0.0,0.21410891431336476,0.928002933619894,False
CCR7,descriptive tubulointerstitial two-source-study synthesis,GSE30529;GSE104954_H7,GSE30529;GSE104954_H7,2.0,1.164336444694765,0.0,0.21458499397677616,0.15495132267603218,0.3344996083566132,-0.8045067853679684,3.1331796747574985,-3.085884063254614,5.414556952644144,0.08422722864420291,0.1780967842615446,,,,,0.21458499397677616,0.0,0.1780967842615446,0.928002933619894,False
CCR8,descriptive tubulointerstitial two-source-study synthesis,GSE30529;GSE104954_H7,GSE30529;GSE104954_H7,2.0,-0.3135631331715332,0.0,0.2090048694405256,0.14223310960544208,0.31111611195093103,-2.120806144081056,1.4936798777379894,-4.26666814834271,3.639541881999643,0.2711019580628503,0.4975062175724302,,,,,0.2090048694405256,0.0,0.4975062175724302,0.9687685267193212,False
CCR9,descriptive tubulointerstitial two-source-study synthesis,GSE30529;GSE104954_H7,GSE30529;GSE104954_H7,2.0,0.18111076160578507,0.5146656494665431,1.0000000000579066,0.5975612410210823,0.5975612410210823,-7.411624709210719,7.773846232422289,-7.411624709210719,7.773846232422289,0.8126536268051343,0.8126536268051343,,,,,3.5771548033484404,72.04482179345614,0.8126536268051343,1.0,False
CCRL2,descriptive tubulointerstitial two-source-study synthesis,GSE30529;GSE104954_H7,GSE30529;GSE104954_H7,2.0,-0.3206484059336929,0.0,0.22841228054139434,0.1487537445953898,0.3112491557529994,-2.2107439400353552,1.5694471281679696,-4.275443902892829,3.6341470910254428,0.27652570128422255,0.4905312069227276,,,,,0.22841228054139434,0.0,0.4905312069227276,0.9645482718934864,False
CD151,descriptive tubulointerstitial two-source-study synthesis,GSE30529;GSE104954_H7,GSE30529;GSE104954_H7,2.0,1.1841339936908062,0.19206120887722328,0.9999999860015873,0.45739449582974995,0.4573944990311484,-4.627614115521399,6.995882102903011,-4.627614156199024,6.995882143580636,0.23466679128171505,0.234666792779405,,,,,1.8400690750929702,45.654214097942244,0.234666792779405,0.928002933619894,False
CD177,descriptive tubulointerstitial two-source-study synthesis,GSE30529;GSE104954_H7,GSE30529;GSE104954_H7,2.0,-1.1388351438240443,0.0,0.7601531335989378,0.2921212200099468,0.3350522669339869,-4.85058717305156,2.5729168854034716,-5.396077844806737,3.1184075571586476,0.15985212804658785,0.18215784067386448,,,,,0.7601531335989378,0.0,0.18215784067386448,0.928002933619894,False
CD19,descriptive tubulointerstitial two-source-study synthesis,GSE30529;GSE104954_H7,GSE30529;GSE104954_H7,2.0,0.05480506399233363,0.23417572541542156,1.0000000011329218,0.4636282302920279,0.4636282302920279,-5.836150151568523,5.945760279553189,-5.836150151568523,5.945760279553189,0.9250933749892644,0.9250933749892644,,,,,2.195400234781587,54.45021895520172,0.9250933749892644,1.0,False
CD2,descriptive tubulointerstitial two-source-study synthesis,GSE30529;GSE104954_H7,GSE30529;GSE104954_H7,2.0,1.5924122895166641,0.0,0.08562194559785828,0.10365695501707828,0.354246771552937,0.2753257967412168,2.9094987822921112,-2.9087197169638586,6.093544295997187,0.04138193226705249,0.13935273542987775,,,,,0.08562194559785828,0.0,0.13935273542987775,0.928002933619894,False
CD244,descriptive tubulointerstitial two-source-study synthesis,GSE30529;GSE104954_H7,GSE30529;GSE104954_H7,2.0,0.023183668523529592,0.0,0.11388306947230964,0.10424057761590519,0.3088924029364583,-1.3013184524812706,1.3476857895283298,-3.901666444636079,3.948033781683138,0.8606798961501856,0.9523084366528243,,,,,0.11388306947230964,0.0,0.9523084366528243,1.0,False
CD44,descriptive tubulointerstitial two-source-study synthesis,GSE30529;GSE104954_H7,GSE30529;GSE104954_H7,2.0,2.044047866243742,0.0,0.16734795379577982,0.15581577858211398,0.3808914560012491,0.06422068245293788,4.023875050034546,-2.795636955967804,6.883732688455288,0.048435233455155983,0.11728369814315003,,,,,0.16734795379577982,0.0,0.11728369814315003,0.928002933619894,False
CD46,descriptive tubulointerstitial two-source-study synthesis,GSE30529;GSE104954_H7,GSE30529;GSE104954_H7,2.0,-0.453432582829409,0.0,0.7186372233756113,0.26651301007065603,0.31438626197292546,-3.8398014536413525,2.9329362879825345,-4.448088793698053,3.541223628039235,0.33828483719084934,0.38594889327190607,,,,,0.7186372233756113,0.0,0.38594889327190607,0.9487252351416693,False
CD47,descriptive tubulointerstitial two-source-study synthesis,GSE30529;GSE104954_H7,GSE30529;GSE104954_H7,2.0,1.7187703802584298,0.1971165536775451,0.9999999880503461,0.48239490482231495,0.4823949077045411,-4.410638044101409,7.84817880461827,-4.410638080723565,7.848178841240424,0.1741939457074165,0.17419394669701907,,,,,1.7265170930726144,42.07992472172173,0.17419394669701907,0.928002933619894,False
CD48,descriptive tubulointerstitial two-source-study synthesis,GSE30529;GSE104954_H7,GSE30529;GSE104954_H7,2.0,2.0422326848525962,0.0,0.3179565029072381,0.21505304315079116,0.3813833565615355,-0.6902753105587673,4.77474068026396,-2.8037023265877883,6.888167696292981,0.06679176194639759,0.11753377450752207,,,,,0.3179565029072381,0.0,0.11753377450752207,0.928002933619894,False
CD55,descriptive tubulointerstitial two-source-study synthesis,GSE30529;GSE104954_H7,GSE30529;GSE104954_H7,2.0,0.6195889442192999,0.013559403764521038,0.9999999987446968,0.3291616149957475,0.32916161520234627,-3.5628059272065777,4.801983815645178,-3.5628059298316646,4.801983818270264,0.3108870460881817,0.3108870462537344,,,,,1.0667380876797297,6.256276817198136,0.3108870462537344,0.9487252351416693,False
CD58,descriptive tubulointerstitial two-source-study synthesis,GSE30529;GSE104954_H7,GSE30529;GSE104954_H7,2.0,0.6840295210291829,0.027611469880646083,0.9999999939028279,0.33972456217506325,0.33972456321074285,-3.6325803198744797,5.000639361932846,-3.6325803330340367,5.000639375092403,0.29345978004016543,0.29345978081334717,,,,,1.1349636262714557,11.89144948326086,0.29345978081334717,0.9487252351416693,False
CD59,descriptive tubulointerstitial two-source-study synthesis,GSE30529;GSE104954_H7,GSE30529;GSE104954_H7,2.0,0.5748175248517927,0.0,0.018365058101882593,0.042694633237921366,0.31504829515758015,0.0323307737948747,1.1173042759087108,-3.428250615203215,4.5778856649068,0.04719833465471479,0.31918270003991966,,,,,0.018365058101882593,0.0,0.31918270003991966,0.9487252351416693,False
CD74,descriptive tubulointerstitial two-source-study synthesis,GSE30529;GSE104954_H7,GSE30529;GSE104954_H7,2.0,1.3215240203590943,0.0,0.10964031271275428,0.11290104259900943,0.34096736998524857,-0.11301974183150021,2.756067782549689,-3.0108771910285004,5.653925231746689,0.05425624646533948,0.16074893855842068,,,,,0.10964031271275428,0.0,0.16074893855842068,0.928002933619894,False
CD81,descriptive tubulointerstitial two-source-study synthesis,GSE30529;GSE104954_H7,GSE30529;GSE104954_H7,2.0,0.6984861663679431,0.8166498994059672,1.0000000145403063,0.7185961541552874,0.7185961541552874,-8.432143690956892,9.829116023692777,-8.432143690956892,9.829116023692777,0.5090337423229048,0.5090337423229048,,,,,4.773362888619626,79.0504090442371,0.5090337423229048,0.9752822494439812,False
CD84,descriptive tubulointerstitial two-source-study synthesis,GSE30529;GSE104954_H7,GSE30529;GSE104954_H7,2.0,0.1148458019137735,2.844039120271836,0.9999999658537266,1.239071530344584,1.2390715514994224,-15.629050745409806,15.858742349237353,-15.629051014207514,15.85874261803506,0.9411617404366569,0.9411617414355001,,,,,13.55070344998231,92.62030931684727,0.9411617414355001,1.0,False
CD99,descriptive tubulointerstitial two-source-study synthesis,GSE30529;GSE104954_H7,GSE30529;GSE104954_H7,2.0,1.4987457972798113,0.18920991486652747,1.000000006130022,0.46638582342221613,0.46638582342221613,-4.427247961172285,7.424739555731908,-4.427247961172285,7.424739555731908,0.19205899833558288,0.19205899833558288,,,,,1.760056259972907,43.18363436772225,0.19205899833558288,0.928002933619894,False
CD99L2,descriptive tubulointerstitial two-source-study synthesis,GSE30529;GSE104954_H7,,0.0,,,,,,,,,,,,,,,,,,1.0,1.0,False
CDH1,descriptive tubulointerstitial two-source-study synthesis,GSE30529;GSE104954_H7,GSE30529;GSE104954_H7,2.0,-0.30330357580316725,0.128318602768471,1.000000004746448,0.40342911079422594,0.40342911079422594,-5.429356454087507,4.822749302481172,-5.429356454087507,4.822749302481172,0.5895961021574158,0.5895961021574158,,,,,1.6507099022662826,39.42000356167452,0.5895961021574158,1.0,False
CDK8,descriptive tubulointerstitial two-source-study synthesis,GSE30529;GSE104954_H7,GSE30529;GSE104954_H7,2.0,0.9851262760597066,0.37505072523130994,0.9999999974289753,0.5447257245708531,0.5447257252711049,-5.936270305398659,7.906522857518072,-5.936270314296201,7.906522866415615,0.321560072859234,0.3215600732057961,,,,,2.7044671046998365,63.02413890477,0.3215600732057961,0.9487252351416693,False
CDK9,descriptive tubulointerstitial two-source-study synthesis,GSE30529;GSE104954_H7,GSE30529;GSE104954_H7,2.0,0.217468966127871,0.2527532634727495,0.9999999916942719,0.47449394254164057,0.4744939445121494,-5.811548213880926,6.246486146136668,-5.811548238918614,6.2464861711743564,0.7264130674486272,0.7264130684499851,,,,,2.2794537734093874,56.129840768637465,0.7264130684499851,1.0,False
CDKN2B,descriptive tubulointerstitial two-source-study synthesis,GSE30529;GSE104954_H7,GSE30529;GSE104954_H7,2.0,0.01803983098375403,7.3565171438056005,0.99999998945896,1.9540353387692049,1.9540353490679874,-24.810333245138242,24.846412907105748,-24.81033337599668,24.846413037964187,0.9941228356506558,0.9941228356816249,,,,,27.273992981464794,96.33350349294439,0.9941228356816249,1.0,False
CEACAM1,descriptive tubulointerstitial two-source-study synthesis,GSE30529;GSE104954_H7,GSE30529;GSE104954_H7,2.0,-0.2785629502281085,0.0,0.013215290389250279,0.035662965023191086,0.3102266422817726,-0.7317038853118115,0.1745779848555945,-4.22036618167634,3.6632402812201232,0.08106215709399034,0.5342029378150693,,,,,0.013215290389250279,0.0,0.5342029378150693,0.9904541379814542,False
CEACAM3,descriptive tubulointerstitial two-source-study synthesis,GSE30529;GSE104954_H7,GSE30529;GSE104954_H7,2.0,-0.5431244284112033,0.15849295658847598,0.9999999996273485,0.4250401988049403,0.42504019888413624,-5.943772215531169,4.857523358708763,-5.943772216537449,4.857523359715043,0.42273495684671514,0.4227349569042857,,,,,1.7812437017775937,43.85945061857346,0.4227349569042857,0.9562905252398041,False
CEACAM5,descriptive tubulointerstitial two-source-study synthesis,GSE30529;GSE104954_H7,GSE30529;GSE104954_H7,2.0,-0.023415588396026327,0.0,0.38543400600573874,0.19209357084703124,0.30941247184821424,-2.464195828081284,2.417364651289231,-3.9548738036253255,3.9080426268332724,0.9227790645141425,0.951913811869149,,,,,0.38543400600573874,0.0,0.951913811869149,1.0,False
CEACAM6,descriptive tubulointerstitial two-source-study synthesis,GSE30529;GSE104954_H7,GSE30529;GSE104954_H7,2.0,-0.5396763644602532,0.3204954522226505,1.0000000003170253,0.5124972379440397,0.5124972379440397,-7.051571196501259,5.972218467580753,-7.051571196501259,5.972218467580753,0.4835588705659008,0.4835588705659008,,,,,2.564226756885467,61.00188888073966,0.4835588705659008,0.9645482718934864,False
CEACAM8,descriptive tubulointerstitial two-source-study synthesis,GSE30529;GSE104954_H7,GSE30529;GSE104954_H7,2.0,-0.38655234342341005,0.24702740580303084,0.9999999754283001,0.47288617603610245,0.4728861818459112,-6.395140913044875,5.622036226198055,-6.395140986865494,5.622036300018674,0.5637370358085034,0.5637370396410739,,,,,2.233771272256927,55.23265911690082,0.5637370396410739,1.0,False
CFB,descriptive tubulointerstitial two-source-study synthesis,GSE30529;GSE104954_H7,GSE30529;GSE104954_H7,2.0,0.4445772000892415,4.9865995228774205,1.000000028306105,1.6187806636554447,1.6187806636554447,-20.123981335277584,21.013135735456068,-20.123981335277584,21.013135735456068,0.8293675797809462,0.8293675797809462,,,,,20.588365664738824,95.14288789948648,0.8293675797809462,1.0,False
CFD,descriptive tubulointerstitial two-source-study synthesis,GSE30529;GSE104954_H7,GSE30529;GSE104954_H7,2.0,1.4094169089415745,0.3432504915320435,0.999999997299832,0.5406339424932124,0.5406339432231136,-5.459988651702478,8.278822469585627,-5.4599886609767525,8.278822478859901,0.2331795792043839,0.2331795794917852,,,,,2.4062842760769225,58.44215041664377,0.2331795794917852,0.928002933619894,False
CFH,descriptive tubulointerstitial two-source-study synthesis,GSE30529;GSE104954_H7,GSE30529;GSE104954_H7,2.0,1.3762694494900376,0.17652675238385823,1.0000000060796106,0.4576609207521299,0.4576609207521299,-4.438863909332746,7.191402808312822,-4.438863909332746,7.191402808312822,0.20437655980653568,0.20437655980653568,,,,,1.7234597069702986,41.977175564033445,0.20437655980653568,0.928002933619894,False
CFHR1,descriptive tubulointerstitial two-source-study synthesis,GSE30529;GSE104954_H7,,0.0,,,,,,,,,,,,,,,,,,1.0,1.0,False
CFHR2,descriptive tubulointerstitial two-source-study synthesis,GSE30529;GSE104954_H7,GSE30529;GSE104954_H7,2.0,1.1653468360991461,0.0,0.5767910187289913,0.25490785274891714,0.33564019906012765,-2.0735645297872667,4.4042582019855585,-3.0993662508492648,5.430059923047557,0.13709483474271839,0.17852580698592904,,,,,0.5767910187289913,0.0,0.17852580698592904,0.928002933619894,False
CFHR3,descriptive tubulointerstitial two-source-study synthesis,GSE30529;GSE104954_H7,,0.0,,,,,,,,,,,,,,,,,,1.0,1.0,False
CFHR4,descriptive tubulointerstitial two-source-study synthesis,GSE30529;GSE104954_H7,GSE30529,1.0,,,,,,,,,,,,,,,,,,1.0,1.0,False
CFHR5,descriptive tubulointerstitial two-source-study synthesis,GSE30529;GSE104954_H7,GSE30529;GSE104954_H7,2.0,-0.6483605216287524,0.0,0.8134504747984572,0.28755912672901024,0.3188317754344015,-4.302145659603161,3.0054246163456564,-4.699502336696331,3.4027812934388266,0.2657568437623811,0.29095208151780144,,,,,0.8134504747984572,0.0,0.29095208151780144,0.9487252351416693,False
CFI,descriptive tubulointerstitial two-source-study synthesis,GSE30529;GSE104954_H7,GSE30529;GSE104954_H7,2.0,0.8577955338203417,0.0,0.035030910224912934,0.06038854660108314,0.32264791754166006,0.09048629698695287,1.6251047706537305,-3.241834964164402,4.957426031805086,0.04474401834076485,0.22903439276328802,,,,,0.035030910224912934,0.0,0.22903439276328802,0.928002933619894,False
CFP,descriptive tubulointerstitial two-source-study synthesis,GSE30529;GSE104954_H7,GSE30529;GSE104954_H7,2.0,-0.07882872112711606,0.08456742368914541,1.0000000004049079,0.3733431051798279,0.3733431051798279,-4.822602652381212,4.66494521012698,-4.822602652381212,4.66494521012698,0.8675280161797729,0.8675280161797729,,,,,1.435163476353162,30.321526677848503,0.8675280161797729,1.0,False
CGN,descriptive tubulointerstitial two-source-study synthesis,GSE30529;GSE104954_H7,,0.0,,,,,,,,,,,,,,,,,,1.0,1.0,False
CITED2,descriptive tubulointerstitial two-source-study synthesis,GSE30529;GSE104954_H7,GSE30529;GSE104954_H7,2.0,0.47233345523528647,0.4956578203265264,0.9999999894423784,0.5910909081007786,0.5910909112210356,-7.038188640784627,7.9828555512552,-7.038188680431252,7.982855590901825,0.5708008842415568,0.5708008858804602,,,,,3.433309291330006,70.87358244929291,0.5708008858804602,1.0,False
CLU,descriptive tubulointerstitial two-source-study synthesis,GSE30529;GSE104954_H7,GSE30529;GSE104954_H7,2.0,2.2930811440600687,0.0,0.7438785817066362,0.3444444285663917,0.3993632860863377,-2.0835002855392037,6.669662573659341,-2.7813105330644445,7.367472821184582,0.09491722158326393,0.10977274646901819,,,,,0.7438785817066362,0.0,0.10977274646901819,0.928002933619894,False
CMA1,descriptive tubulointerstitial two-source-study synthesis,GSE30529;GSE104954_H7,GSE30529;GSE104954_H7,2.0,0.43454030082284806,0.0,0.06918210958756747,0.0821289334264946,0.3122477246843634,-0.6090067420578538,1.47808734370355,-3.532943217421382,4.402023819067078,0.11891957165300254,0.39666554831348205,,,,,0.06918210958756747,0.0,0.39666554831348205,0.9487252351416693,False
COL10A1,descriptive tubulointerstitial two-source-study synthesis,GSE30529;GSE104954_H7,GSE30529;GSE104954_H7,2.0,0.7266137271106546,0.05527787286604157,1.0000000010539778,0.3623349206581769,0.3623349206581769,-3.877287957837755,5.330515412059064,-3.877287957837755,5.330515412059064,0.29448561968902,0.29448561968902,,,,,1.2664860401012612,21.041372084918873,0.29448561968902,0.9487252351416693,False
COL11A1,descriptive tubulointerstitial two-source-study synthesis,GSE30529;GSE104954_H7,GSE30529;GSE104954_H7,2.0,0.3537114985805349,0.0,0.2937827412104681,0.16875936277640904,0.31135420641735867,-1.7905795160028972,2.498002513163967,-3.6024187936276215,4.309841790788691,0.2834031704733468,0.4595090858434504,,,,,0.2937827412104681,0.0,0.4595090858434504,0.9594549712411244,False
COL11A2,descriptive tubulointerstitial two-source-study synthesis,GSE30529;GSE104954_H7,GSE30529;GSE104954_H7,2.0,-0.7599716500832779,0.2941153598355215,0.9999999980694736,0.5028955735948527,0.5028955740802793,-7.149865769095485,5.629922468928929,-7.1498657752634145,5.629922475096858,0.37215308119658796,0.3721530814793897,,,,,2.387488810608248,58.11498694541587,0.3721530814793897,0.9487252351416693,False
COL12A1,descriptive tubulointerstitial two-source-study synthesis,GSE30529;GSE104954_H7,,0.0,,,,,,,,,,,,,,,,,,1.0,1.0,False
COL13A1,descriptive tubulointerstitial two-source-study synthesis,GSE30529;GSE104954_H7,GSE30529;GSE104954_H7,2.0,0.7326426412973209,0.0,0.717205575822359,0.27171801791610944,0.32084598521065016,-2.7198621248523493,4.185147407446991,-3.344092135568878,4.80937741816352,0.2260944621712303,0.2627782220217429,,,,,0.717205575822359,0.0,0.2627782220217429,0.9352515811046577,False
COL14A1,descriptive tubulointerstitial two-source-study synthesis,GSE30529;GSE104954_H7,GSE30529;GSE104954_H7,2.0,1.0305665290619184,0.0,0.10626734750707954,0.10695785244085775,0.32810492855769935,-0.3284618421931824,2.389594900317019,-3.138401868140181,5.199534926264017,0.06583618709890048,0.196223214330277,,,,,0.10626734750707954,0.0,0.196223214330277,0.928002933619894,False
COL15A1,descriptive tubulointerstitial two-source-study synthesis,GSE30529;GSE104954_H7,GSE30529;GSE104954_H7,2.0,1.9807876673029805,0.0,0.1205989022770045,0.13041620091100406,0.37554316963909407,0.32369271761367036,3.6378826169922904,-2.7909407334033336,6.752516068009294,0.04185500203093747,0.11928277739816319,,,,,0.1205989022770045,0.0,0.11928277739816319,0.928002933619894,False
COL16A1,descriptive tubulointerstitial two-source-study synthesis,GSE30529;GSE104954_H7,GSE30529;GSE104954_H7,2.0,0.9365318383605528,0.0,0.26195596647444075,0.16628926702794794,0.3249002695825672,-1.176373633924978,3.0494373106460833,-3.191717505793897,5.064781182515003,0.11187137119976333,0.2125845442460766,,,,,0.26195596647444075,0.0,0.2125845442460766,0.928002933619894,False
COL17A1,descriptive tubulointerstitial two-source-study synthesis,GSE30529;GSE104954_H7,GSE30529;GSE104954_H7,2.0,-0.3882821475197374,0.979554218464043,1.0000000067534267,0.7709970851044604,0.7709970851044604,-10.184728961850915,9.408164666811441,-10.184728961850915,9.408164666811441,0.7029966617216566,0.7029966617216566,,,,,5.678563634731274,82.38991293707105,0.7029966617216566,1.0,False
COL18A1,descriptive tubulointerstitial two-source-study synthesis,GSE30529;GSE104954_H7,GSE30529;GSE104954_H7,2.0,0.7175323573307989,0.0,0.6623883957582133,0.25951999759005634,0.3188705939597144,-2.57998186518002,4.015046579841618,-3.334102693866962,4.76916740852856,0.22093609289078814,0.26622566789160834,,,,,0.6623883957582133,0.0,0.26622566789160834,0.9387217996555652,False
COL19A1,descriptive tubulointerstitial two-source-study synthesis,GSE30529;GSE104954_H7,GSE30529;GSE104954_H7,2.0,-1.072922820812587,0.13668149943603766,1.0000000173420225,0.4245127948265665,0.4245127948265665,-6.466869305004662,4.3210236633794885,-6.466869305004662,4.3210236633794885,0.2398525661645283,0.2398525661645283,,,,,1.6088675656425866,37.844480095501396,0.2398525661645283,0.928002933619894,False
COL1A1,descriptive tubulointerstitial two-source-study synthesis,GSE30529;GSE104954_H7,GSE30529;GSE104954_H7,2.0,1.4523994195449073,0.012405001495774812,0.9999999995603877,0.35593490660891713,0.35593490668715383,-3.070182376579213,5.974981215669027,-3.070182377573305,5.974981216663119,0.15299902579757077,0.1529990258299208,,,,,1.0508025039628597,4.834638647250053,0.1529990258299208,0.928002933619894,False
COL1A2,descriptive tubulointerstitial two-source-study synthesis,GSE30529;GSE104954_H7,GSE30529;GSE104954_H7,2.0,1.8465935001214058,0.08931844451946247,0.9999999867318093,0.42834510436058665,0.4283451072022689,-3.5960470936223237,7.289234093865136,-3.59604712972932,7.289234129972132,0.14510721565329582,0.14510721658295328,,,,,1.3175733720473457,24.10289846355016,0.14510721658295328,0.928002933619894,False
COL20A1,descriptive tubulointerstitial two-source-study synthesis,GSE30529;GSE104954_H7,,0.0,,,,,,,,,,,,,,,,,,1.0,1.0,False
COL21A1,descriptive tubulointerstitial two-source-study synthesis,GSE30529;GSE104954_H7,GSE30529;GSE104954_H7,2.0,0.9414181276745528,0.0733010576844685,1.0000000029307377,0.3805802639041466,0.3805802639041466,-3.8943126240389296,5.777148879388035,-3.8943126240389296,5.777148879388035,0.24457386938047826,0.24457386938047826,,,,,1.338081759833927,25.266151141308974,0.24457386938047826,0.928002933619894,False
COL22A1,descriptive tubulointerstitial two-source-study synthesis,GSE30529;GSE104954_H7,,0.0,,,,,,,,,,,,,,,,,,1.0,1.0,False
COL23A1,descriptive tubulointerstitial two-source-study synthesis,GSE30529;GSE104954_H7,,0.0,,,,,,,,,,,,,,,,,,1.0,1.0,False
COL24A1,descriptive tubulointerstitial two-source-study synthesis,GSE30529;GSE104954_H7,,0.0,,,,,,,,,,,,,,,,,,1.0,1.0,False
COL25A1,descriptive tubulointerstitial two-source-study synthesis,GSE30529;GSE104954_H7,,0.0,,,,,,,,,,,,,,,,,,1.0,1.0,False
COL26A1,descriptive tubulointerstitial two-source-study synthesis,GSE30529;GSE104954_H7,,0.0,,,,,,,,,,,,,,,,,,1.0,1.0,False
COL27A1,descriptive tubulointerstitial two-source-study synthesis,GSE30529;GSE104954_H7,,0.0,,,,,,,,,,,,,,,,,,1.0,1.0,False
COL28A1,descriptive tubulointerstitial two-source-study synthesis,GSE30529;GSE104954_H7,,0.0,,,,,,,,,,,,,,,,,,1.0,1.0,False
COL2A1,descriptive tubulointerstitial two-source-study synthesis,GSE30529;GSE104954_H7,GSE30529;GSE104954_H7,2.0,-0.59001517886279,0.45720755687439285,1.000000010239618,0.5767182985064584,0.5767182985064584,-7.917915954784163,6.737885597058583,-7.917915954784163,6.737885597058583,0.49274496648453964,0.49274496648453964,,,,,3.1966093296441285,68.71685286261341,0.49274496648453964,0.9645482718934864,False
COL3A1,descriptive tubulointerstitial two-source-study synthesis,GSE30529;GSE104954_H7,GSE30529;GSE104954_H7,2.0,2.104584188605583,0.0,0.8218363451986138,0.3509386452982866,0.38711368402287577,-2.354514088390237,6.563682465601403,-2.814161536763915,7.023329913975081,0.10518830447063354,0.11580433690025287,,,,,0.8218363451986138,0.0,0.11580433690025287,0.928002933619894,False
COL4A1,descriptive tubulointerstitial two-source-study synthesis,GSE30529;GSE104954_H7,GSE30529;GSE104954_H7,2.0,2.4882749287410104,0.0,0.05947847342881798,0.10003675254417409,0.41018490892654785,1.2171874697726897,3.759362387709331,-2.723618503768878,7.700168361250899,0.02558041136858497,0.10400951791060045,,,,,0.05947847342881798,0.0,0.10400951791060045,0.928002933619894,False
COL4A2,descriptive tubulointerstitial two-source-study synthesis,GSE30529;GSE104954_H7,GSE30529;GSE104954_H7,2.0,1.8496880090864765,0.7770107183302019,0.9999999780529636,0.7265075092313537,0.7265075172036972,-7.381465145575429,11.080841163748381,-7.38146524687366,11.080841265046612,0.2382617753244528,0.23826177770162152,,,,,3.749147964082567,73.32727303429583,0.23826177770162152,0.928002933619894,False
COL4A3,descriptive tubulointerstitial two-source-study synthesis,GSE30529;GSE104954_H7,GSE30529;GSE104954_H7,2.0,-0.8806821163928495,2.4342013574253563,1.0000000266478821,1.155621878224868,1.155621878224868,-15.564250298720761,13.802886065935063,-15.564250298720761,13.802886065935063,0.5854390867548416,0.5854390867548416,,,,,11.237739330578568,91.10141309935051,0.5854390867548416,1.0,False
COL4A4,descriptive tubulointerstitial two-source-study synthesis,GSE30529;GSE104954_H7,GSE30529;GSE104954_H7,2.0,0.16682638543381625,0.0,0.30731220449064,0.17179050465999315,0.3098912055340959,-2.0159789385068296,2.3496317093744623,-3.7707147180223983,4.104367488890031,0.5093321691199469,0.6856078542376028,,,,,0.30731220449064,0.0,0.6856078542376028,1.0,False
COL4A5,descriptive tubulointerstitial two-source-study synthesis,GSE30529;GSE104954_H7,GSE30529;GSE104954_H7,2.0,0.05158845893670964,0.10165527710823624,1.0000000060282432,0.3846699615322218,0.3846699615322218,-4.836106828148145,4.939283746021564,-4.836106828148145,4.939283746021564,0.9151287162085622,0.9151287162085622,,,,,1.5228367436763455,34.333079093832666,0.9151287162085622,1.0,False
COL4A6,descriptive tubulointerstitial two-source-study synthesis,GSE30529;GSE104954_H7,GSE30529;GSE104954_H7,2.0,0.44561610903028276,0.706428930951085,1.0000000114397014,0.6750660658544907,0.6750660658544907,-8.131911534160865,9.023143752221431,-8.131911534160865,9.023143752221431,0.6285655824031131,0.6285655824031131,,,,,4.437890849361959,77.46677343036116,0.6285655824031131,1.0,False
COL5A1,descriptive tubulointerstitial two-source-study synthesis,GSE30529;GSE104954_H7,GSE30529;GSE104954_H7,2.0,1.3079810440305961,0.0,0.8410365312216639,0.3118734647108787,0.34007209348008416,-2.654747050365982,5.270709138427174,-3.013044600786893,5.629006688848085,0.14901251478231667,0.16193437787584666,,,,,0.8410365312216639,0.0,0.16193437787584666,0.928002933619894,False
COL5A2,descriptive tubulointerstitial two-source-study synthesis,GSE30529;GSE104954_H7,GSE30529;GSE104954_H7,2.0,1.9259665081403405,0.5650285250043383,0.9999999917952458,0.6512541752616136,0.6512541779333038,-6.349002378022319,10.200935394303,-6.349002411969361,10.200935428250043,0.20758513071777457,0.2075851315102745,,,,,2.9649331306294338,66.27242652896838,0.2075851315102745,0.928002933619894,False
COL5A3,descriptive tubulointerstitial two-source-study synthesis,GSE30529;GSE104954_H7,GSE30529;GSE104954_H7,2.0,-0.4016146109735143,0.21300236424132982,0.9999999961985235,0.4544760490763453,0.4544760499401853,-6.176280338225335,5.373051116278307,-6.1762803492014635,5.373051127254436,0.5392598192343556,0.5392598198347832,,,,,2.064474039831601,51.561512486658835,0.5392598198347832,0.9911747392737917,False
COL6A1,descriptive tubulointerstitial two-source-study synthesis,GSE30529;GSE104954_H7,GSE30529;GSE104954_H7,2.0,-1.027249937013683,0.10985196238851773,0.9999999951595875,0.4045912478837493,0.40459124886294356,-6.1680691670890075,4.113569293061642,-6.168069179530851,4.113569305503485,0.23886031323277632,0.23886031375812064,,,,,1.5004321085363719,33.35253262638647,0.23886031375812064,0.928002933619894,False
COL6A2,descriptive tubulointerstitial two-source-study synthesis,GSE30529;GSE104954_H7,GSE30529;GSE104954_H7,2.0,0.7319483584614673,0.31739624950569545,1.0000000018401543,0.5139776148094539,0.5139776148094539,-5.7987564451181886,7.262653162041124,-5.7987564451181886,7.262653162041124,0.3897412544628849,0.3897412544628849,,,,,2.502776369761863,60.044372638249364,0.3897412544628849,0.9487252351416693,False
COL6A3,descriptive tubulointerstitial two-source-study synthesis,GSE30529;GSE104954_H7,GSE30529;GSE104954_H7,2.0,1.6494107500204576,0.0,0.3734030503783921,0.219015446541498,0.35841470105827566,-1.1334443541205397,4.432265854161455,-2.9046798220808414,6.203501322121757,0.08404132769408496,0.13621892837518754,,,,,0.3734030503783921,0.0,0.13621892837518754,0.928002933619894,False
COL6A5,descriptive tubulointerstitial two-source-study synthesis,GSE30529;GSE104954_H7,,0.0,,,,,,,,,,,,,,,,,,1.0,1.0,False
COL6A6,descriptive tubulointerstitial two-source-study synthesis,GSE30529;GSE104954_H7,,0.0,,,,,,,,,,,,,,,,,,1.0,1.0,False
COL7A1,descriptive tubulointerstitial two-source-study synthesis,GSE30529;GSE104954_H7,GSE30529;GSE104954_H7,2.0,0.5417681118245327,0.17141925564670352,0.999999993038002,0.4315000628631885,0.4315000643652398,-4.940960030587391,6.024496254236457,-4.940960049672762,6.024496273321828,0.42817935099916055,0.4281793520791117,,,,,1.8492778099074898,45.92483646088713,0.4281793520791117,0.9562905252398041,False
COL8A1,descriptive tubulointerstitial two-source-study synthesis,GSE30529;GSE104954_H7,GSE30529,1.0,,,,,,,,,,,,,,,,,,1.0,1.0,False
COL8A2,descriptive tubulointerstitial two-source-study synthesis,GSE30529;GSE104954_H7,GSE30529;GSE104954_H7,2.0,-0.1502257845068485,0.49136827333648053,0.9999999999771179,0.5878343136725298,0.5878343136792553,-7.6193689249787475,7.31891735596505,-7.619368925064204,7.318917356050506,0.8407159000936758,0.8407159000954227,,,,,3.460013637436914,71.09837981041099,0.8407159000954227,1.0,False
COL9A1,descriptive tubulointerstitial two-source-study synthesis,GSE30529;GSE104954_H7,GSE30529;GSE104954_H7,2.0,-0.6301929127543678,1.5767071329306166,0.9999999860411724,0.948670052956704,0.9486700595778649,-12.684188832699938,11.423803007191204,-12.684188916829763,11.423803091321028,0.6267141388243737,0.6267141408722716,,,,,8.05339782780591,87.58288089845372,0.6267141408722716,1.0,False
COL9A2,descriptive tubulointerstitial two-source-study synthesis,GSE30529;GSE104954_H7,GSE30529;GSE104954_H7,2.0,-0.09256379665787934,0.0,0.16020586069357384,0.12375417447330386,0.3091865958490731,-1.6650096744719625,1.4798820811562037,-4.021151985197103,3.8360243918813444,0.5911643961113869,0.8148159367463855,,,,,0.16020586069357384,0.0,0.8148159367463855,1.0,False
COL9A3,descriptive tubulointerstitial two-source-study synthesis,GSE30529;GSE104954_H7,GSE30529;GSE104954_H7,2.0,-0.5274532605058299,0.2720655265140717,1.000000007802578,0.48781451786946006,0.48781451786946006,-6.725724397833538,5.670817876821879,-6.725724397833538,5.670817876821879,0.47515729591610634,0.47515729591610634,,,,,2.3341565114114955,57.15797140804039,0.47515729591610634,0.9645482718934864,False
COLEC10,descriptive tubulointerstitial two-source-study synthesis,GSE30529;GSE104954_H7,GSE30529;GSE104954_H7,2.0,-0.5548697446342535,0.07349580039182904,1.0000000177004513,0.3711677666604121,0.3711677666604121,-5.271003379290166,4.161263890021658,-5.271003379290166,4.161263890021658,0.375329583975296,0.375329583975296,,,,,1.3637227112825396,26.67130995717374,0.375329583975296,0.9487252351416693,False
COLEC11,descriptive tubulointerstitial two-source-study synthesis,GSE30529;GSE104954_H7,GSE30529;GSE104954_H7,2.0,-0.930195196177342,0.05758118690152358,0.9999999828351587,0.3675588350443153,0.36755883819885987,-5.600473006840274,3.7400826144855897,-5.600473046922564,3.740082654567879,0.23956709519592106,0.23956709706330429,,,,,1.2684969705279436,21.16654408848893,0.23956709706330429,0.928002933619894,False
COLGALT1,descriptive tubulointerstitial two-source-study synthesis,GSE30529;GSE104954_H7,GSE30529;GSE104954_H7,2.0,0.41278518732981306,0.0,0.18061784143611148,0.13279563394511126,0.3124665070919349,-1.2745433256468806,2.100113700306507,-3.557478224977694,4.38304859963732,0.19814794659277665,0.41249636895350356,,,,,0.18061784143611148,0.0,0.41249636895350356,0.9527570999722516,False
COLGALT2,descriptive tubulointerstitial two-source-study synthesis,GSE30529;GSE104954_H7,GSE30529;GSE104954_H7,2.0,-0.031091561048743745,0.0,0.09000176448706809,0.0926575855626332,0.30885559093641596,-1.2084178135671857,1.1462346914696984,-3.955473933399066,3.8932908113015783,0.7938961212362787,0.9361285814258405,,,,,0.09000176448706809,0.0,0.9361285814258405,1.0,False
COMP,descriptive tubulointerstitial two-source-study synthesis,GSE30529;GSE104954_H7,GSE30529;GSE104954_H7,2.0,1.6644820259693855,0.02207807442233166,1.0000000016245922,0.3732055195187543,0.3732055195187543,-3.0775437137063477,6.406507765645118,-3.0775437137063477,6.406507765645118,0.1404187449662209,0.1404187449662209,,,,,1.0848379832284794,7.820336726780289,0.1404187449662209,0.928002933619894,False
CPB2,descriptive tubulointerstitial two-source-study synthesis,GSE30529;GSE104954_H7,GSE30529;GSE104954_H7,2.0,-0.30632533143410023,0.5391528350659903,1.000000010633506,0.6088976750383444,0.6088976750383444,-8.043103853852072,7.430453190983871,-8.043103853852072,7.430453190983871,0.7032651582372536,0.7032651582372536,,,,,3.664256440099057,72.70933363023669,0.7032651582372536,1.0,False
CPN1,descriptive tubulointerstitial two-source-study synthesis,GSE30529;GSE104954_H7,GSE30529;GSE104954_H7,2.0,-0.6502066471257545,0.4898948403423555,0.9999999779431911,0.5916972001545461,0.5916972066800222,-8.168432414110754,6.868019119859245,-8.16843249702479,6.868019202773281,0.47002928310481196,0.470029286599713,,,,,3.3270462519478103,69.9433093418959,0.470029286599713,0.9645482718934864,False
CPN2,descriptive tubulointerstitial two-source-study synthesis,GSE30529;GSE104954_H7,GSE30529;GSE104954_H7,2.0,-0.5542149385349558,0.0,0.018446875442058454,0.042705071984571165,0.31442571024697863,-1.0968343264439953,-0.01159555062591644,-4.549372387250208,3.440942510180296,0.048958039469650314,0.32853081206641876,,,,,0.018446875442058454,0.0,0.32853081206641876,0.9487252351416693,False
CR1,descriptive tubulointerstitial two-source-study synthesis,GSE30529;GSE104954_H7,GSE30529;GSE104954_H7,2.0,-0.2042708713165786,2.2892809366787334,1.0000000266466014,1.1201886201454372,1.1201886201454372,-14.437616822017528,14.02907507938437,-14.437616822017528,14.02907507938437,0.8851715425944651,0.8851715425944651,,,,,11.38351791562241,91.21536938394388,0.8851715425944651,1.0,False
CR2,descriptive tubulointerstitial two-source-study synthesis,GSE30529;GSE104954_H7,GSE30529;GSE104954_H7,2.0,-0.5204028485378617,0.0,0.1111875584731126,0.10463382593406054,0.3137935472636943,-1.8499016631853,0.8090959661095768,-4.507527904960872,3.4667222078851485,0.12631656197617971,0.3454357826657822,,,,,0.1111875584731126,0.0,0.3454357826657822,0.9487252351416693,False
CREBBP,descriptive tubulointerstitial two-source-study synthesis,GSE30529;GSE104954_H7,GSE30529;GSE104954_H7,2.0,-0.6638406394237504,1.09972282299158,1.000000011885993,0.8118416175231891,0.8118416175231891,-10.979266445020619,9.651585166173119,-10.979266445020619,9.651585166173119,0.5636358734999406,0.5636358734999406,,,,,6.027251398802846,83.40868940362064,0.5636358734999406,1.0,False
CRP,descriptive tubulointerstitial two-source-study synthesis,GSE30529;GSE104954_H7,GSE30529;GSE104954_H7,2.0,-0.5429777688959563,0.0,0.8178992843808017,0.28612888222969896,0.31638201243759806,-4.1785899274393286,3.092634389647416,-4.5629923937710455,3.477036855979133,0.3087505069334352,0.3358719797292213,,,,,0.8178992843808017,0.0,0.3358719797292213,0.9487252351416693,False
CRTAP,descriptive tubulointerstitial two-source-study synthesis,GSE30529;GSE104954_H7,GSE30529;GSE104954_H7,2.0,-0.7723305741520207,0.0,0.6960549552700723,0.26729014725174827,0.32037689311433915,-4.168573909095016,2.6239127607909745,-4.84310497080237,3.2984438224983292,0.212109387669198,0.2503285637170927,,,,,0.6960549552700723,0.0,0.2503285637170927,0.928002933619894,False
CTRB1,descriptive tubulointerstitial two-source-study synthesis,GSE30529;GSE104954_H7,GSE30529,1.0,,,,,,,,,,,,,,,,,,1.0,1.0,False
CTRB2,descriptive tubulointerstitial two-source-study synthesis,GSE30529;GSE104954_H7,GSE30529;GSE104954_H7,2.0,-0.4345638578083658,0.24369141026464125,0.9999999925138101,0.47164176650074935,0.4716417682661493,-6.427340705097986,5.558212989481255,-6.427340727529519,5.558213011912788,0.5260331324302502,0.5260331336177317,,,,,2.211082308946997,54.77328021876134,0.5260331336177317,0.9836250026905868,False
CTSB,descriptive tubulointerstitial two-source-study synthesis,GSE30529;GSE104954_H7,GSE30529;GSE104954_H7,2.0,0.144083853940983,0.7872131274761401,1.0000000058149268,0.7037252264589968,0.7037252264589968,-8.797592951457933,9.085760659339897,-8.797592951457933,9.085760659339897,0.8714324931442794,0.8714324931442794,,,,,4.87314027533871,79.4793512294186,0.8714324931442794,1.0,False
CTSD,descriptive tubulointerstitial two-source-study synthesis,GSE30529;GSE104954_H7,GSE30529;GSE104954_H7,2.0,1.1776019717436785,0.0,0.015135437121536198,0.04111787524087471,0.3342205737193862,0.6551498306166361,1.700054112870721,-3.0690730649766094,5.424277008463966,0.022219580919498133,0.17605237220925526,,,,,0.015135437121536198,0.0,0.17605237220925526,0.928002933619894,False
CTSG,descriptive tubulointerstitial two-source-study synthesis,GSE30529;GSE104954_H7,GSE30529;GSE104954_H7,2.0,0.9860772838132777,0.0,0.19226529931252562,0.14318406108793144,0.32654588989216526,-0.8332487113269235,2.805403278953479,-3.163081648912933,5.1352362165394885,0.09179923347505797,0.20358471056679445,,,,,0.19226529931252562,0.0,0.20358471056679445,0.928002933619894,False
CTSK,descriptive tubulointerstitial two-source-study synthesis,GSE30529;GSE104954_H7,GSE30529;GSE104954_H7,2.0,1.0352460266770467,0.0,0.19851019924193566,0.14674393628041346,0.32935840577934516,-0.8293124714940603,2.899804524848154,-3.1496493087354156,5.2201413620895085,0.0896423123409271,0.19609123948129134,,,,,0.19851019924193566,0.0,0.19609123948129134,0.928002933619894,False
CTSL,descriptive tubulointerstitial two-source-study synthesis,GSE30529;GSE104954_H7,GSE30529;GSE104954_H7,2.0,-0.3466833045969939,0.32554701864114666,1.0000000003292815,0.5121274091747531,0.5121274091747531,-6.853879016578118,6.160512407384129,-6.853879016578118,6.160512407384129,0.6211563044841871,0.6211563044841871,,,,,2.6321145619927844,62.0077327013116,0.6211563044841871,1.0,False
CTSS,descriptive tubulointerstitial two-source-study synthesis,GSE30529;GSE104954_H7,GSE30529;GSE104954_H7,2.0,2.133540440303624,0.0,0.012547234929817155,0.04320891365215051,0.3857441359739867,1.584519137011706,2.6825617435955422,-2.767803527160661,7.03488440776791,0.012891196438493971,0.11387073643406592,,,,,0.012547234929817155,0.0,0.11387073643406592,0.928002933619894,False
CTSV,descriptive tubulointerstitial two-source-study synthesis,GSE30529;GSE104954_H7,GSE30529;GSE104954_H7,2.0,-1.2000303572250255,0.5696984129619767,0.9999999893084928,0.6327763965463133,0.6327763999289802,-9.24021680396135,6.840156089511297,-9.240216846942207,6.840156132492155,0.30891884434056693,0.3089188457446757,,,,,3.442989172389761,70.95547067010074,0.3089188457446757,0.9487252351416693,False
CUL2,descriptive tubulointerstitial two-source-study synthesis,GSE30529;GSE104954_H7,GSE30529;GSE104954_H7,2.0,1.0851594116899148,0.04720682645672367,0.9999999795802548,0.3653081076191848,0.3653081113489341,-3.5565201955039862,5.726839018883816,-3.556520242894944,5.726839066274774,0.2067254848036512,0.20672548676901825,,,,,1.2127239841500719,17.54100577957628,0.20672548676901825,0.928002933619894,False
CX3CL1,descriptive tubulointerstitial two-source-study synthesis,GSE30529;GSE104954_H7,GSE30529;GSE104954_H7,2.0,0.6723615002676493,0.042198889201126584,1.000000006559333,0.3501607487860662,0.3501607487860662,-3.7768526643803426,5.121575664915641,-3.7768526643803426,5.121575664915641,0.3056684113817838,0.3056684113817838,,,,,1.2065129447887508,17.116512979055464,0.3056684113817838,0.9487252351416693,False
CX3CR1,descriptive tubulointerstitial two-source-study synthesis,GSE30529;GSE104954_H7,GSE30529;GSE104954_H7,2.0,2.749561809939985,0.0,0.5082527073233909,0.3055737975163802,0.4286237791012546,-1.1331214233135323,6.632245043193501,-2.696619682113472,8.195743301993442,0.0704618825090484,0.0984490338958737,,,,,0.5082527073233909,0.0,0.0984490338958737,0.928002933619894,False
CXADR,descriptive tubulointerstitial two-source-study synthesis,GSE30529;GSE104954_H7,GSE30529;GSE104954_H7,2.0,1.8395739752887241,0.0,0.9491240035326375,0.35832103402042986,0.3677992372332788,-2.713326444252676,6.392474394830124,-2.833758434806203,6.512906385383651,0.12247033001505947,0.12562746303253164,,,,,0.9491240035326375,0.0,0.12562746303253164,0.928002933619894,False
CXCL1,descriptive tubulointerstitial two-source-study synthesis,GSE30529;GSE104954_H7,GSE30529;GSE104954_H7,2.0,1.8025953297480817,0.0,0.14620346573195664,0.13953091312461158,0.3649149050077266,0.02968698056136221,3.575503678934801,-2.834088164561833,6.439278824057996,0.049179848381680324,0.1271579750782236,,,,,0.14620346573195664,0.0,0.1271579750782236,0.928002933619894,False
CXCL10,descriptive tubulointerstitial two-source-study synthesis,GSE30529;GSE104954_H7,GSE30529;GSE104954_H7,2.0,0.4916071448218443,0.12179029992304978,0.9999999942966038,0.4017350804013959,0.40173508154702303,-4.612921036461893,5.596135326105582,-4.612921051018467,5.596135340662156,0.4361695020135778,0.43616950290311174,,,,,1.6058922201913424,37.729320347485725,0.43616950290311174,0.9562905252398041,False
CXCL11,descriptive tubulointerstitial two-source-study synthesis,GSE30529;GSE104954_H7,GSE30529;GSE104954_H7,2.0,0.5514464383449466,0.00040349987269576606,0.9999999995060855,0.31729647047844206,0.3172964705568007,-3.480187477619748,4.583080354309641,-3.480187478615389,4.583080355305282,0.3323963228307055,0.33239632289866683,,,,,1.0020078668203212,0.20038433697060157,0.33239632289866683,0.9487252351416693,False
CXCL12,descriptive tubulointerstitial two-source-study synthesis,GSE30529;GSE104954_H7,GSE30529;GSE104954_H7,2.0,1.0369731728303961,0.0,0.055155530172493174,0.07724255290598772,0.32889864724453305,0.05551348126211053,2.0184328643986817,-3.14208037650954,5.216026722170332,0.047333423087004375,0.19552843555621116,,,,,0.055155530172493174,0.0,0.19552843555621116,0.928002933619894,False
CXCL13,descriptive tubulointerstitial two-source-study synthesis,GSE30529;GSE104954_H7,GSE30529;GSE104954_H7,2.0,0.6048026990706519,0.0,0.18005576387096833,0.1339168805081101,0.31559623245109286,-1.0967726022952373,2.306378000436541,-3.405227644418314,4.614833042559617,0.13872368674311653,0.30618123512363304,,,,,0.18005576387096833,0.0,0.30618123512363304,0.9487252351416693,False
CXCL16,descriptive tubulointerstitial two-source-study synthesis,GSE30529;GSE104954_H7,,0.0,,,,,,,,,,,,,,,,,,1.0,1.0,False
CXCL2,descriptive tubulointerstitial two-source-study synthesis,GSE30529;GSE104954_H7,GSE30529;GSE104954_H7,2.0,-0.2817191365516245,0.0,0.18035464857030467,0.1318088984717967,0.310370946301762,-1.956509986583937,1.393071713480688,-4.225355924422095,3.6619176513188454,0.2785960525607086,0.530782631581951,,,,,0.18035464857030467,0.0,0.530782631581951,0.987180048761681,False
CXCL3,descriptive tubulointerstitial two-source-study synthesis,GSE30529;GSE104954_H7,GSE30529;GSE104954_H7,2.0,0.28672414575968763,0.0,0.40450321552596064,0.19764013114678033,0.31075215155216257,-2.2245318246757204,2.7979801161950952,-3.661756314068877,4.235204605588252,0.3842072801323814,0.525588404293904,,,,,0.40450321552596064,0.0,0.525588404293904,0.9836250026905868,False
CXCL5,descriptive tubulointerstitial two-source-study synthesis,GSE30529;GSE104954_H7,GSE30529;GSE104954_H7,2.0,1.1314069862580278,0.022543706740641684,1.00000000841895,0.3495337933785666,0.3495337933785666,-3.3098409546218224,5.572654927137878,-3.3098409546218224,5.572654927137878,0.19075409352547743,0.19075409352547743,,,,,1.1005562893649077,9.136860180312556,0.19075409352547743,0.928002933619894,False
CXCL6,descriptive tubulointerstitial two-source-study synthesis,GSE30529;GSE104954_H7,GSE30529;GSE104954_H7,2.0,4.23417946626863,0.0,0.3011879112141461,0.302880582521798,0.551890176226652,0.38571677413481,8.08264215840245,-2.778250104750743,11.246609037288003,0.04546143997683363,0.08251293597978508,,,,,0.3011879112141461,0.0,0.08251293597978508,0.928002933619894,False
CXCL8,descriptive tubulointerstitial two-source-study synthesis,GSE30529;GSE104954_H7,GSE30529;GSE104954_H7,2.0,0.6913803637893196,0.18701052636135182,0.9999999912363102,0.4428651402428904,0.4428651421834568,-4.935754778651565,6.318515506230203,-4.935754803308799,6.318515530887438,0.3626853149754978,0.36268531624250155,,,,,1.9060924871015816,47.53664857466558,0.36268531624250155,0.9487252351416693,False
CXCL9,descriptive tubulointerstitial two-source-study synthesis,GSE30529;GSE104954_H7,GSE30529;GSE104954_H7,2.0,0.8940389618708104,0.0,0.3879332400731573,0.20238499618615266,0.3249374860022572,-1.67750623520038,3.4655841589420007,-3.2346832617317682,5.02276118547339,0.14172399490169424,0.2219291108878583,,,,,0.3879332400731573,0.0,0.2219291108878583,0.928002933619894,False
CXCR1,descriptive tubulointerstitial two-source-study synthesis,GSE30529;GSE104954_H7,GSE30529;GSE104954_H7,2.0,-0.4345602618666085,0.0,0.8171974501866468,0.28409178724260314,0.3142643933265792,-4.044288674436906,3.175168150703689,-4.427667984763856,3.558547461030639,0.3686052103378573,0.3985958209095748,,,,,0.8171974501866468,0.0,0.3985958209095748,0.9487252351416693,False
CXCR2,descriptive tubulointerstitial two-source-study synthesis,GSE30529;GSE104954_H7,GSE30529;GSE104954_H7,2.0,0.36266144027290725,0.0,0.01095860854662465,0.032582784030921554,0.31125080469549354,-0.05134208449854538,0.7766649650443599,-3.5921550084871576,4.317477889032972,0.05704301559194334,0.45152817403135154,,,,,0.01095860854662465,0.0,0.45152817403135154,0.9562905252398041,False
CXCR3,descriptive tubulointerstitial two-source-study synthesis,GSE30529;GSE104954_H7,GSE30529;GSE104954_H7,2.0,0.6714001363019495,0.0,0.028971027763032363,0.05396857243287274,0.3170727937099666,-0.01433559434920506,1.357135866953104,-3.3573916968477695,4.7001919694516685,0.05106306388485681,0.28088120241461745,,,,,0.028971027763032363,0.0,0.28088120241461745,0.9440995841364573,False
CXCR4,descriptive tubulointerstitial two-source-study synthesis,GSE30529;GSE104954_H7,GSE30529;GSE104954_H7,2.0,0.9351425714184488,0.6354634217826818,0.9999999888757687,0.6553613045124922,0.6553613081576876,-7.392012339883805,9.262297482720703,-7.392012386200405,9.262297529037303,0.3891480186433078,0.38914802030750373,,,,,3.8344167571152505,73.92041441128244,0.38914802030750373,0.9487252351416693,False
CXCR5,descriptive tubulointerstitial two-source-study synthesis,GSE30529;GSE104954_H7,GSE30529;GSE104954_H7,2.0,-0.14840611876262672,0.5748675059973485,0.9999999882798521,0.6227325958203997,0.6227325994696589,-8.060973977146151,7.7641617396208975,-8.060974023514385,7.764161785989131,0.8510624635681054,0.8510624644093904,,,,,3.863840289594743,74.11901307895714,0.8510624644093904,1.0,False
CXCR6,descriptive tubulointerstitial two-source-study synthesis,GSE30529;GSE104954_H7,GSE30529;GSE104954_H7,2.0,0.772966702600064,0.10662486322949787,1.0000000004594667,0.3977044723867341,0.3977044723867341,-4.280347748038115,5.826281153238242,-4.280347748038115,5.826281153238242,0.30251764783802304,0.30251764783802304,,,,,1.507907457976151,33.68293294721433,0.30251764783802304,0.9487252351416693,False
DAG1,descriptive tubulointerstitial two-source-study synthesis,GSE30529;GSE104954_H7,GSE30529;GSE104954_H7,2.0,-1.5747770415828395,0.0,0.8910852385777372,0.3360766192968945,0.35602350805574723,-5.84503537341062,2.695481290244941,-6.098484625830304,2.948930542664625,0.13385440694430334,0.14154661563533205,,,,,0.8910852385777372,0.0,0.14154661563533205,0.928002933619894,False
DCN,descriptive tubulointerstitial two-source-study synthesis,GSE30529;GSE104954_H7,GSE30529;GSE104954_H7,2.0,0.4190377879134642,0.17850115385173204,0.9999999937878186,0.43504450311919834,0.4350445044704861,-5.10872673806646,5.946802313893389,-5.108726755236199,5.946802331063128,0.5119297621301,0.5119297631181051,,,,,1.8923576801098818,47.15586749213638,0.5119297631181051,0.9752822494439812,False
DDR1,descriptive tubulointerstitial two-source-study synthesis,GSE30529;GSE104954_H7,GSE30529;GSE104954_H7,2.0,1.2121384541093188,0.0,0.1608887866628812,0.13490226701300018,0.3363228385187528,-0.5019573699319673,2.9262342781506048,-3.061248389561375,5.485525297780012,0.07056082078611418,0.17230371054721053,,,,,0.1608887866628812,0.0,0.17230371054721053,0.928002933619894,False
DDR2,descriptive tubulointerstitial two-source-study synthesis,GSE30529;GSE104954_H7,GSE30529;GSE104954_H7,2.0,-0.4182482948955776,0.0,0.19903193072404374,0.1394601420529995,0.31259982119688695,-2.1902574123569956,1.3537608225658402,-4.3902056235148255,3.55370903372367,0.20489309827488203,0.40860589248262735,,,,,0.19903193072404374,0.0,0.40860589248262735,0.9526431180778144,False
DMD,descriptive tubulointerstitial two-source-study synthesis,GSE30529;GSE104954_H7,GSE30529;GSE104954_H7,2.0,0.02212349812755993,0.48436717378290706,0.9999999894558105,0.5844653291352234,0.58446533221658,-7.4042126350603175,7.448459631315438,-7.4042126742126655,7.448459670467786,0.9759138229311806,0.9759138230580444,,,,,3.435294586163618,70.89041492896378,0.9759138230580444,1.0,False
DMP1,descriptive tubulointerstitial two-source-study synthesis,GSE30529;GSE104954_H7,GSE30529;GSE104954_H7,2.0,-0.9401033169649474,0.0,0.0037363482437741623,0.01986698498264393,0.32501865571104166,-1.1925372956449292,-0.6876693382849657,-5.069856899505717,3.189650265575822,0.013451535523838726,0.21190694838683322,,,,,0.0037363482437741623,0.0,0.21190694838683322,0.928002933619894,False
DOK2,descriptive tubulointerstitial two-source-study synthesis,GSE30529;GSE104954_H7,GSE30529;GSE104954_H7,2.0,0.6385270341704038,0.22748035535405292,0.9999999999680571,0.46454844082761265,0.46454844083503216,-5.264120564855977,6.5411746331967855,-5.264120564950251,6.541174633291059,0.40041182545649134,0.4004118254613284,,,,,2.1089340104499907,52.58267944635089,0.4004118254613284,0.9492630409085021,False
DRP2,descriptive tubulointerstitial two-source-study synthesis,GSE30529;GSE104954_H7,GSE30529;GSE104954_H7,2.0,-0.8278049425314643,0.0,0.004374405322579362,0.02125817823694959,0.3214152905113424,-1.097915707528239,-0.5576941775346895,-4.911773429105648,3.2561635440427197,0.016344916673807525,0.2357767336933063,,,,,0.004374405322579362,0.0,0.2357767336933063,0.928002933619894,False
DSPP,descriptive tubulointerstitial two-source-study synthesis,GSE30529;GSE104954_H7,GSE30529;GSE104954_H7,2.0,0.6026320262635558,0.32180234168995486,1.0000000091559542,0.5128360213105796,0.5128360213105796,-5.913567456593917,7.118831509121028,-5.913567456593917,7.118831509121028,0.44886191058998515,0.44886191058998515,,,,,2.5692226206512268,61.077720865367134,0.44886191058998515,0.9562905252398041,False
DST,descriptive tubulointerstitial two-source-study synthesis,GSE30529;GSE104954_H7,GSE30529;GSE104954_H7,2.0,0.0520116012023973,0.316089239899955,1.0000000077673783,0.5064643988068027,0.5064643988068027,-6.383228741620468,6.487251944025263,-6.383228741620468,6.487251944025263,0.9348504208212499,0.9348504208212499,,,,,2.604563288312746,61.60584753354921,0.9348504208212499,1.0,False
DTNA,descriptive tubulointerstitial two-source-study synthesis,GSE30529;GSE104954_H7,GSE30529;GSE104954_H7,2.0,0.03225046548058808,0.041061418877778505,0.9999999927890152,0.342342307101766,0.3423423083360786,-4.317620978408843,4.382121909370018,-4.317620994092271,4.382121925053447,0.9402035068165785,0.9402035070309092,,,,,1.2120818161412767,17.497318523963163,0.9402035070309092,1.0,False
DTNB,descriptive tubulointerstitial two-source-study synthesis,GSE30529;GSE104954_H7,GSE30529;GSE104954_H7,2.0,-0.7017387975663478,0.17480029135186914,1.0000000063153058,0.43749574175166234,0.43749574175166234,-6.260649263467581,4.857171668334885,-6.260649263467581,4.857171668334885,0.354903130523063,0.354903130523063,,,,,1.8396684840184185,45.64238020669445,0.354903130523063,0.9487252351416693,False
E2F4,descriptive tubulointerstitial two-source-study synthesis,GSE30529;GSE104954_H7,GSE30529;GSE104954_H7,2.0,-0.29968287396744986,0.0,0.10862810265372816,0.10240808845941295,0.31071567470099604,-1.6009010125730398,1.00153526463814,-4.247699851456962,3.6483341035220618,0.20962668947511318,0.5115054899524245,,,,,0.10862810265372816,0.0,0.5115054899524245,0.9752822494439812,False
E2F5,descriptive tubulointerstitial two-source-study synthesis,GSE30529;GSE104954_H7,GSE30529;GSE104954_H7,2.0,0.17809102726625184,1.0545705354017136,0.9999999994189892,0.7941618249277203,0.7941618251584286,-9.912691713919486,10.26887376845199,-9.912691716850913,10.268873771383417,0.8595611992462233,0.859561199285711,,,,,6.09908866817622,83.60410785273884,0.859561199285711,1.0,False
EFEMP1,descriptive tubulointerstitial two-source-study synthesis,GSE30529;GSE104954_H7,GSE30529;GSE104954_H7,2.0,1.2864510534547404,0.0,0.030196063460106073,0.058909042142708666,0.3390055407965474,0.537940703177541,2.03496140373194,-3.0210227546038135,5.593924861513295,0.0291316803224476,0.1640329198457712,,,,,0.030196063460106073,0.0,0.1640329198457712,0.928002933619894,False
EFEMP2,descriptive tubulointerstitial two-source-study synthesis,GSE30529;GSE104954_H7,GSE30529;GSE104954_H7,2.0,0.22976773761543642,0.0,0.1533465196198534,0.12133740040879296,0.3098544404994111,-1.311970114133894,1.7715055893647667,-3.7073062217829404,4.166841697013814,0.30931067367475523,0.5937976905572777,,,,,0.1533465196198534,0.0,0.5937976905572777,1.0,False
EGLN1,descriptive tubulointerstitial two-source-study synthesis,GSE30529;GSE104954_H7,GSE30529;GSE104954_H7,2.0,-0.12517762630016854,0.5901973416998352,1.0000000108977591,0.6286107987348611,0.6286107987348611,-8.112435134395618,7.862079881795281,-8.112435134395618,7.862079881795281,0.8748644326288384,0.8748644326288384,,,,,3.947255668222431,74.66594302338844,0.8748644326288384,1.0,False
EGLN2,descriptive tubulointerstitial two-source-study synthesis,GSE30529;GSE104954_H7,GSE30529,1.0,,,,,,,,,,,,,,,,,,1.0,1.0,False
EGLN3,descriptive tubulointerstitial two-source-study synthesis,GSE30529;GSE104954_H7,GSE30529;GSE104954_H7,2.0,0.476824716596251,0.1647511698166861,0.9999999996010291,0.42774653452258204,0.42774653460791123,-4.958210326236893,5.911859759429396,-4.958210327321103,5.911859760513606,0.46549355569676837,0.46549355575989376,,,,,1.818828907252503,45.01956748034175,0.46549355575989376,0.9642366512169228,False
ELANE,descriptive tubulointerstitial two-source-study synthesis,GSE30529;GSE104954_H7,GSE30529;GSE104954_H7,2.0,-0.7770073460233486,0.0,0.4442991495534766,0.21425453463096142,0.32143434685563044,-3.499369328698176,1.9453546366514785,-4.86121796640958,3.307203274362882,0.17128705551286028,0.24971137619582962,,,,,0.4442991495534766,0.0,0.24971137619582962,0.928002933619894,False
ELN,descriptive tubulointerstitial two-source-study synthesis,GSE30529;GSE104954_H7,GSE30529;GSE104954_H7,2.0,-0.6693225980772958,0.0,0.2639109910620231,0.1633711619051427,0.3180143072111768,-2.745150029230783,1.4065048330761911,-4.710077494535264,3.371432298380673,0.15240885941002336,0.28237477229529245,,,,,0.2639109910620231,0.0,0.28237477229529245,0.9440995841364573,False
ELOB,descriptive tubulointerstitial two-source-study synthesis,GSE30529;GSE104954_H7,,0.0,,,,,,,,,,,,,,,,,,1.0,1.0,False
ELOC,descriptive tubulointerstitial two-source-study synthesis,GSE30529;GSE104954_H7,,0.0,,,,,,,,,,,,,,,,,,1.0,1.0,False
EMILIN1,descriptive tubulointerstitial two-source-study synthesis,GSE30529;GSE104954_H7,GSE30529;GSE104954_H7,2.0,0.5433164869125756,0.0,0.267757612568128,0.16268982765625536,0.31440503007644993,-1.523853771780781,2.610486745605932,-3.45157819532196,4.538211169147111,0.18521911101402375,0.3339666784363899,,,,,0.267757612568128,0.0,0.3339666784363899,0.9487252351416693,False
EMILIN2,descriptive tubulointerstitial two-source-study synthesis,GSE30529;GSE104954_H7,GSE30529,1.0,,,,,,,,,,,,,,,,,,1.0,1.0,False
EMILIN3,descriptive tubulointerstitial two-source-study synthesis,GSE30529;GSE104954_H7,,0.0,,,,,,,,,,,,,,,,,,1.0,1.0,False
EP300,descriptive tubulointerstitial two-source-study synthesis,GSE30529;GSE104954_H7,GSE30529;GSE104954_H7,2.0,0.6644997596991309,0.0,0.0003532782002263899,0.005957710543989279,0.31697205796183187,0.5887998697683364,0.7401996496299253,-3.363012104410537,4.692011623808799,0.005707593800126842,0.2833504499004693,,,,,0.0003532782002263899,0.0,0.2833504499004693,0.9440995841364573,False
EPAS1,descriptive tubulointerstitial two-source-study synthesis,GSE30529;GSE104954_H7,GSE30529;GSE104954_H7,2.0,-1.2417149843170325,0.5187608594907027,1.0000000103484379,0.6153224141747224,0.6153224141747224,-9.060127557578339,6.576697588944273,-9.060127557578339,6.576697588944273,0.2928929489685765,0.2928929489685765,,,,,3.1628657009230094,68.38310271257572,0.2928929489685765,0.9487252351416693,False
EPCAM,descriptive tubulointerstitial two-source-study synthesis,GSE30529;GSE104954_H7,GSE30529;GSE104954_H7,2.0,0.5290776869855314,0.0,0.08906101306647135,0.09369035998340092,0.31394320830014427,-0.6613712087694694,1.7195265827405322,-3.4599489932076404,4.518104367178703,0.11157747989888847,0.3409330371493698,,,,,0.08906101306647135,0.0,0.3409330371493698,0.9487252351416693,False
EPO,descriptive tubulointerstitial two-source-study synthesis,GSE30529;GSE104954_H7,GSE30529;GSE104954_H7,2.0,-0.25046399885599424,0.0,0.08420826679836889,0.08999404949442891,0.31012475203312767,-1.3939468167696467,0.8930188190576582,-4.190972591944323,3.690044594232335,0.21959817694136244,0.5674982970326844,,,,,0.08420826679836889,0.0,0.5674982970326844,1.0,False
ESAM,descriptive tubulointerstitial two-source-study synthesis,GSE30529;GSE104954_H7,,0.0,,,,,,,,,,,,,,,,,,1.0,1.0,False
F10,descriptive tubulointerstitial two-source-study synthesis,GSE30529;GSE104954_H7,GSE30529;GSE104954_H7,2.0,-0.581823357025941,0.2941491344269717,1.0000000047750934,0.4999141946614386,0.4999141946614386,-6.93383546491407,5.770188750862188,-6.93383546491407,5.770188750862188,0.4518869659498435,0.4518869659498435,,,,,2.429414884310785,58.837825253396524,0.4518869659498435,0.9562905252398041,False
F11,descriptive tubulointerstitial two-source-study synthesis,GSE30529;GSE104954_H7,GSE30529;GSE104954_H7,2.0,-1.6657160021223734,0.5624614640757438,1.000000000155465,0.644828555901499,0.644828555901499,-9.859039653138689,6.527607648893943,-9.859039653138689,6.527607648893943,0.23513683043788283,0.23513683043788283,,,,,3.067411446672558,67.39922187208462,0.23513683043788283,0.928002933619894,False
F11R,descriptive tubulointerstitial two-source-study synthesis,GSE30529;GSE104954_H7,GSE30529;GSE104954_H7,2.0,1.302342410144262,0.0,0.4186895491570942,0.21958491974604497,0.3393567178066335,-1.4877485371254746,4.092433357413999,-3.0095935249030843,5.614278345191608,0.10633881820367418,0.1622780362959342,,,,,0.4186895491570942,0.0,0.1622780362959342,0.928002933619894,False
F12,descriptive tubulointerstitial two-source-study synthesis,GSE30529;GSE104954_H7,GSE30529;GSE104954_H7,2.0,1.0509601314417114,0.028505362804034314,0.9999999981891365,0.3509378605607182,0.35093786087846846,-3.4081281745179,5.510048437401323,-3.4081281785553,5.510048441438723,0.20516952387848383,0.2051695240516524,,,,,1.1295755175000028,11.471169080114427,0.2051695240516524,0.928002933619894,False
F13A1,descriptive tubulointerstitial two-source-study synthesis,GSE30529;GSE104954_H7,GSE30529;GSE104954_H7,2.0,1.0389736560893996,0.07074667322157063,0.9999999994404458,0.37975453556352856,0.37975453566977524,-3.786265222271728,5.864212534450527,-3.78626522362172,5.864212535800519,0.223086979806288,0.22308697986371712,,,,,1.3219435302155536,24.35380353675607,0.22308697986371712,0.928002933619894,False
F13B,descriptive tubulointerstitial two-source-study synthesis,GSE30529;GSE104954_H7,GSE30529;GSE104954_H7,2.0,-0.3593101708288087,0.0,0.990591970369884,0.3119340901723898,0.31341186820216105,-4.322808584751572,3.604188243093955,-4.341585534952467,3.6229651932948492,0.4551420856051993,0.4566320829132438,,,,,0.990591970369884,0.0,0.4566320829132438,0.9585524067895753,False
F2,descriptive tubulointerstitial two-source-study synthesis,GSE30529;GSE104954_H7,GSE30529;GSE104954_H7,2.0,-0.6055380043476623,1.7266257110887806,1.000000016107064,0.9876525750070175,0.9876525750070175,-13.154853830596961,11.943777821901636,-13.154853830596961,11.943777821901636,0.649857690862217,0.649857690862217,,,,,8.688771576432988,88.49089320390982,0.649857690862217,1.0,False
F2R,descriptive tubulointerstitial two-source-study synthesis,GSE30529;GSE104954_H7,GSE30529;GSE104954_H7,2.0,0.19123413005709877,1.038506384699041,0.9999999995434063,0.7890757387151724,0.7890757388953159,-9.834923758406172,10.21739201852037,-9.83492376069511,10.217392020809308,0.8486323493061336,0.8486323493394027,,,,,6.022399396119964,83.39532245828353,0.8486323493394027,1.0,False
F3,descriptive tubulointerstitial two-source-study synthesis,GSE30529;GSE104954_H7,GSE30529;GSE104954_H7,2.0,-1.1625571065041211,3.666144659859032,0.9999999860058576,1.401610866462319,1.40161087626949,-18.971711736221554,16.646597523213313,-18.97171186083348,16.64659764782524,0.5591801021808576,0.5591801043697118,,,,,14.860007947549907,93.2705284981703,0.5591801043697118,1.0,False
F5,descriptive tubulointerstitial two-source-study synthesis,GSE30529;GSE104954_H7,GSE30529;GSE104954_H7,2.0,-0.3301619750565192,3.6651031065078703,0.9999999999632918,1.396880268781095,1.3968802688067334,-18.07920866211185,17.41888471199881,-18.079208662437615,17.418884712324576,0.8522423049748943,0.85224230497751,,,,,16.42398190324855,93.91134253623228,0.85224230497751,1.0,False
F7,descriptive tubulointerstitial two-source-study synthesis,GSE30529;GSE104954_H7,GSE30529;GSE104954_H7,2.0,-0.2521055957331547,0.3976471214532855,1.0000000004654197,0.5465476455306303,0.5465476455306303,-7.196651877919577,6.692440686453268,-7.196651877919577,6.692440686453268,0.7248619890096181,0.7248619890096181,,,,,2.990405237980867,66.55971614485253,0.7248619890096181,1.0,False
F8,descriptive tubulointerstitial two-source-study synthesis,GSE30529;GSE104954_H7,GSE30529;GSE104954_H7,2.0,-0.44525913247508364,0.0,0.8728726139496719,0.2939001428361008,0.314575114390686,-4.179614519341566,3.2890962543913993,-4.442314940828714,3.5517966758785464,0.37141578728433,0.3915685111342291,,,,,0.8728726139496719,0.0,0.3915685111342291,0.9487252351416693,False
F9,descriptive tubulointerstitial two-source-study synthesis,GSE30529;GSE104954_H7,GSE30529;GSE104954_H7,2.0,-0.2496601933511226,0.0,0.053816130501007246,0.07192479173878631,0.31004332028075504,-1.1635513227908678,0.6642309360886225,-4.18913409792178,3.689813711219535,0.17856890710212775,0.5684165563701448,,,,,0.053816130501007246,0.0,0.5684165563701448,1.0,False
FBLN1,descriptive tubulointerstitial two-source-study synthesis,GSE30529;GSE104954_H7,GSE30529;GSE104954_H7,2.0,0.42428933763670884,0.0,0.37155354707535043,0.19085269375162933,0.31310325911216225,-2.0007240636219423,2.84930273889536,-3.55406477620598,4.402643451479397,0.2691004515612594,0.4047264269731159,,,,,0.37155354707535043,0.0,0.4047264269731159,0.9516540309908401,False
FBLN2,descriptive tubulointerstitial two-source-study synthesis,GSE30529;GSE104954_H7,GSE30529;GSE104954_H7,2.0,0.38941582546201176,0.0,0.0009268014687678608,0.009485553330199731,0.31157981377305727,0.2688904428125903,0.5099412081114332,-3.5695810799976377,4.348412730921662,0.015503984468250458,0.42960042636710993,,,,,0.0009268014687678608,0.0,0.42960042636710993,0.9562905252398041,False
FBLN5,descriptive tubulointerstitial two-source-study synthesis,GSE30529;GSE104954_H7,GSE30529;GSE104954_H7,2.0,0.5950023199494414,0.9606409523029863,1.0000000124316362,0.7665217807655439,0.7665217807655439,-9.144580361194773,10.334585001093657,-9.144580361194773,10.334585001093657,0.5797786028113383,0.5797786028113383,,,,,5.474756084384667,81.73434606790534,0.5797786028113383,1.0,False
FBN1,descriptive tubulointerstitial two-source-study synthesis,GSE30529;GSE104954_H7,GSE30529;GSE104954_H7,2.0,1.9127506039704283,0.0,0.5361558470620958,0.27213600889218076,0.37165543475446194,-1.5450652410990777,5.370566449039934,-2.809579441331781,6.635080649272638,0.08997105917488821,0.12217551984241,,,,,0.5361558470620958,0.0,0.12217551984241,0.928002933619894,False
FBN2,descriptive tubulointerstitial two-source-study synthesis,GSE30529;GSE104954_H7,GSE30529;GSE104954_H7,2.0,0.4350248257961117,0.0,0.07987546002648477,0.08825292015176568,0.3122643448709851,-0.6863348462175006,1.556384497809724,-3.532669871942087,4.40271952353431,0.12742097263537402,0.3963454613763864,,,,,0.07987546002648477,0.0,0.3963454613763864,0.9487252351416693,False
FBN3,descriptive tubulointerstitial two-source-study synthesis,GSE30529;GSE104954_H7,,0.0,,,,,,,,,,,,,,,,,,1.0,1.0,False
FCAMR,descriptive tubulointerstitial two-source-study synthesis,GSE30529;GSE104954_H7,,0.0,,,,,,,,,,,,,,,,,,1.0,1.0,False
FCER1G,descriptive tubulointerstitial two-source-study synthesis,GSE30529;GSE104954_H7,GSE30529;GSE104954_H7,2.0,1.4492515643637252,0.0,0.2775319621511142,0.1823368752782089,0.3461130742900382,-0.8675581038755473,3.766061232602998,-2.948532019432342,5.847035148159792,0.07967735270361995,0.1492432740172463,,,,,0.2775319621511142,0.0,0.1492432740172463,0.928002933619894,False
FCN1,descriptive tubulointerstitial two-source-study synthesis,GSE30529;GSE104954_H7,GSE30529;GSE104954_H7,2.0,1.4976036863384419,0.0,0.010524591198606964,0.035762389019080486,0.34859720862697324,1.0431994496072794,1.9520079230696044,-2.9317438169348833,5.926951189611767,0.015199426970579251,0.14559342629708022,,,,,0.010524591198606964,0.0,0.14559342629708022,0.928002933619894,False
FCN2,descriptive tubulointerstitial two-source-study synthesis,GSE30529;GSE104954_H7,GSE30529;GSE104954_H7,2.0,-0.760350983313901,2.4103042529824865,1.0000000130736293,1.1507851724287084,1.1507851724287084,-15.382462991547166,13.861761024919366,-15.382462991547166,13.861761024919366,0.6282924102831152,0.6282924102831152,,,,,11.091875460674714,90.98439210262129,0.6282924102831152,1.0,False
FCN3,descriptive tubulointerstitial two-source-study synthesis,GSE30529;GSE104954_H7,GSE30529;GSE104954_H7,2.0,-1.031644393137317,0.0,0.23085221662808228,0.15769179347426102,0.3282026384558531,-3.035308606235854,0.9720198199612202,-5.201854312310109,3.138565526035475,0.09656296346608517,0.19608567752655903,,,,,0.23085221662808228,0.0,0.19608567752655903,0.928002933619894,False
FGA,descriptive tubulointerstitial two-source-study synthesis,GSE30529;GSE104954_H7,GSE30529;GSE104954_H7,2.0,0.03075396505460166,0.06589509951356971,0.9999999992429872,0.360241102611499,0.36024110274785254,-4.546543239112421,4.608051169221624,-4.546543240844957,4.60805117095416,0.9457829067873803,0.9457829068078027,,,,,1.3398398456888028,25.36421399783743,0.9457829068078027,1.0,False
FGB,descriptive tubulointerstitial two-source-study synthesis,GSE30529;GSE104954_H7,GSE30529;GSE104954_H7,2.0,0.5000098559093308,0.2942686778246993,0.9999999948896738,0.49783532544064585,0.4978353267126963,-5.825587714039674,6.825607425858335,-5.825587730202607,6.825607442021268,0.49861266364119056,0.4986126644545166,,,,,2.4558986431445975,59.281707215751645,0.4986126644545166,0.9687685267193212,False
FGF2,descriptive tubulointerstitial two-source-study synthesis,GSE30529;GSE104954_H7,GSE30529;GSE104954_H7,2.0,1.507506630432749,0.03392165088286731,1.0000000067932358,0.3734284301357776,0.3734284301357776,-3.2373514571807496,6.252364718046247,-3.2373514571807496,6.252364718046247,0.1545869970165958,0.1545869970165958,,,,,1.1366209155412517,12.019919189696914,0.1545869970165958,0.928002933619894,False
FGG,descriptive tubulointerstitial two-source-study synthesis,GSE30529;GSE104954_H7,GSE30529;GSE104954_H7,2.0,1.0510602866595473,0.05774663478766057,1.0000000109886522,0.3713968474360672,0.3713968474360672,-3.66798409523296,5.7701046685520545,-3.66798409523296,5.7701046685520545,0.2162343212070196,0.2162343212070196,,,,,1.262192232849481,20.772765512711562,0.2162343212070196,0.928002933619894,False
FKBP1A,descriptive tubulointerstitial two-source-study synthesis,GSE30529;GSE104954_H7,GSE30529;GSE104954_H7,2.0,0.42855784088858284,0.4774927932368934,0.9999999889902024,0.5837360216666643,0.583736024880072,-6.98851156228816,7.8456272440653265,-6.988511603118377,7.845627284895544,0.5968359251669317,0.5968359268387335,,,,,3.3401762240444794,70.06145984749446,0.5968359268387335,1.0,False
FMOD,descriptive tubulointerstitial two-source-study synthesis,GSE30529;GSE104954_H7,GSE30529;GSE104954_H7,2.0,0.7457051519929458,0.0,0.296580487611499,0.17434854054296253,0.3201452251381341,-1.4696030995991904,2.961013403585082,-3.3221256239209276,4.81353592790682,0.14621746774132552,0.2581639583083889,,,,,0.296580487611499,0.0,0.2581639583083889,0.928002933619894,False
FN1,descriptive tubulointerstitial two-source-study synthesis,GSE30529;GSE104954_H7,GSE30529;GSE104954_H7,2.0,1.9471700099707394,0.0,0.005704583021399798,0.028244192034302635,0.3739531562614916,1.5882935233750557,2.306046496566423,-2.804355355226501,6.69869537516798,0.009233682781905873,0.12079182549893841,,,,,0.005704583021399798,0.0,0.12079182549893841,0.928002933619894,False
FURIN,descriptive tubulointerstitial two-source-study synthesis,GSE30529;GSE104954_H7,GSE30529;GSE104954_H7,2.0,-1.3007481695556429,0.0,0.5088026558878591,0.24348941258911114,0.3413543150730551,-4.394574497003801,1.7930781578925155,-5.638065984450564,3.036569645339278,0.11780662666351592,0.16338343724691598,,,,,0.5088026558878591,0.0,0.16338343724691598,0.928002933619894,False
FYN,descriptive tubulointerstitial two-source-study synthesis,GSE30529;GSE104954_H7,GSE30529;GSE104954_H7,2.0,0.34005048461530124,0.2709980813460596,0.9999999905311721,0.4850891395318189,0.48508914182843177,-5.823591437570803,6.503692406801406,-5.8235914667520365,6.503692435982639,0.6107700767292485,0.610770078145927,,,,,2.3575282815124554,57.582693372464774,0.610770078145927,1.0,False
GAS6,descriptive tubulointerstitial two-source-study synthesis,GSE30529;GSE104954_H7,GSE30529;GSE104954_H7,2.0,-0.3613218266093694,0.6475328464039459,1.0000000133336333,0.6520950577712017,0.6520950577712017,-8.646975138097924,7.924331484879184,-8.646975138097924,7.924331484879184,0.6778826137400051,0.6778826137400051,,,,,4.185013827593792,76.1052163458452,0.6778826137400051,1.0,False
GDF5,descriptive tubulointerstitial two-source-study synthesis,GSE30529;GSE104954_H7,GSE30529;GSE104954_H7,2.0,-0.5951974085907598,0.43253873774122464,1.0000000003260827,0.565854670748219,0.565854670748219,-7.785062706038353,6.594667888856833,-7.785062706038353,6.594667888856833,0.4839144238872525,0.4839144238872525,,,,,3.0796486159143193,67.52876302730047,0.4839144238872525,0.9645482718934864,False
GLG1,descriptive tubulointerstitial two-source-study synthesis,GSE30529;GSE104954_H7,GSE30529;GSE104954_H7,2.0,-0.4316364584061016,0.8894854177148235,1.0000000111292144,0.7403780916249578,0.7403780916249578,-9.839032072771122,8.975759155958919,-9.839032072771122,8.975759155958919,0.6639782651972206,0.6639782651972206,,,,,5.291514394268577,81.10181839280008,0.6639782651972206,1.0,False
GP1BA,descriptive tubulointerstitial two-source-study synthesis,GSE30529;GSE104954_H7,GSE30529;GSE104954_H7,2.0,-0.3556201201145688,0.0558988416883353,1.0000000022635167,0.3557102902963355,0.3557102902963355,-4.875347895383943,4.164107655154805,-4.875347895383943,4.164107655154805,0.50008069965721,0.50008069965721,,,,,1.2835102582366464,22.088663212255714,0.50008069965721,0.9692158114643451,False
GP1BB,descriptive tubulointerstitial two-source-study synthesis,GSE30529;GSE104954_H7,GSE30529,1.0,,,,,,,,,,,,,,,,,,1.0,1.0,False
GP5,descriptive tubulointerstitial two-source-study synthesis,GSE30529;GSE104954_H7,GSE30529;GSE104954_H7,2.0,-0.28185435321313523,0.4744550248054639,0.9999999895193041,0.5812154846057481,0.5812154876515195,-7.666897296448762,7.103188590022492,-7.666897335148957,7.103188628722687,0.7125491176709413,0.7125491189807336,,,,,3.358491480278408,70.22472720648071,0.7125491189807336,1.0,False
GP6,descriptive tubulointerstitial two-source-study synthesis,GSE30529;GSE104954_H7,GSE30529;GSE104954_H7,2.0,-0.41429525776593623,0.2454541357868046,0.999999994005393,0.47235048455709105,0.4723504859728688,-6.416077221779659,5.587486706247786,-6.416077239768821,5.587486724236948,0.5416247672316836,0.5416247681776091,,,,,2.222455640956312,55.00472623292924,0.5416247681776091,0.9931901486722902,False
GP9,descriptive tubulointerstitial two-source-study synthesis,GSE30529;GSE104954_H7,GSE30529;GSE104954_H7,2.0,-0.3489890244842155,0.4943806198145898,0.9999999895112708,0.5903171087430383,0.5903171118388766,-7.84967906743996,7.15170101847153,-7.849679106776315,7.151701057807885,0.6600987164882718,0.66009871795087,,,,,3.4404184873959793,70.9337685614842,0.66009871795087,1.0,False
GPC1,descriptive tubulointerstitial two-source-study synthesis,GSE30529;GSE104954_H7,GSE30529;GSE104954_H7,2.0,0.47416193354028907,0.0,9.814631729171579e-05,0.0031003347453501576,0.312947569717148,0.43476844551519395,0.5135554215653843,-3.502213958974097,4.450537826054675,0.004162515236777641,0.37138743957705617,,,,,9.814631729171579e-05,0.0,0.37138743957705617,0.9487252351416693,False
GPC2,descriptive tubulointerstitial two-source-study synthesis,GSE30529;GSE104954_H7,,0.0,,,,,,,,,,,,,,,,,,1.0,1.0,False
GPC3,descriptive tubulointerstitial two-source-study synthesis,GSE30529;GSE104954_H7,GSE30529;GSE104954_H7,2.0,-1.11024197340235,1.5416885622532284,1.0000000034440495,0.9430070299183452,0.9430070299183452,-13.092282363196858,10.87179841639216,-13.092282363196858,10.87179841639216,0.4482622044825355,0.4482622044825355,,,,,7.464483598127149,86.60322597197613,0.4482622044825355,0.9562905252398041,False
GPC4,descriptive tubulointerstitial two-source-study synthesis,GSE30529;GSE104954_H7,GSE30529;GSE104954_H7,2.0,0.9921069680534585,0.7795338106105464,0.9999999999329263,0.7098133605999867,0.7098133606237915,-8.026926916202168,10.011140852309087,-8.026926916504637,10.011140852611556,0.39535804271829655,0.39535804272839986,,,,,4.404905806312624,77.29803895994982,0.39535804272839986,0.9487252351416693,False
GPC5,descriptive tubulointerstitial two-source-study synthesis,GSE30529;GSE104954_H7,GSE30529;GSE104954_H7,2.0,-0.8727517407476786,0.0,0.9809653018701773,0.3226486848047784,0.32576399036463477,-4.97239198773469,3.226888506239333,-5.011975697993968,3.2664722164986113,0.2254323599003129,0.22742922949786737,,,,,0.9809653018701773,0.0,0.22742922949786737,0.928002933619894,False
GPC6,descriptive tubulointerstitial two-source-study synthesis,GSE30529;GSE104954_H7,,0.0,,,,,,,,,,,,,,,,,,1.0,1.0,False
GRB14,descriptive tubulointerstitial two-source-study synthesis,GSE30529;GSE104954_H7,GSE30529;GSE104954_H7,2.0,-0.39827183450125675,0.0308309510778225,0.9999999997654176,0.33703171590728426,0.33703171594681514,-4.680665819403476,3.8841221504009624,-4.680665819905763,3.8841221509032495,0.44710089415211257,0.4471008941889333,,,,,1.1563675542077045,13.522305571332044,0.4471008941889333,0.9562905252398041,False
GRB2,descriptive tubulointerstitial two-source-study synthesis,GSE30529;GSE104954_H7,GSE30529;GSE104954_H7,2.0,0.2450356523705691,0.8193146699008476,1.0000000214006848,0.715139421133034,0.715139421133034,-8.841672247455216,9.331743552196356,-8.841672247455216,9.331743552196356,0.7898496541953202,0.7898496541953202,,,,,5.021013245949007,80.08370121694445,0.7898496541953202,1.0,False
GRB7,descriptive tubulointerstitial two-source-study synthesis,GSE30529;GSE104954_H7,GSE30529;GSE104954_H7,2.0,0.20400864484768713,0.0,0.08473676542968192,0.09011065492125461,0.3095566977419731,-0.9409557854925618,1.348973075187936,-3.7292821341159694,4.137299423811344,0.2647895127745955,0.6290414068222793,,,,,0.08473676542968192,0.0,0.6290414068222793,1.0,False
GYPA,descriptive tubulointerstitial two-source-study synthesis,GSE30529;GSE104954_H7,GSE30529;GSE104954_H7,2.0,-1.4134073175155337,0.2622471561373225,1.0000000057054024,0.5015117941882632,0.5015117941882632,-7.7857188520779115,4.958904217046845,-7.7857188520779115,4.958904217046845,0.21706600898506623,0.21706600898506623,,,,,2.076522452644599,51.84256261104093,0.21706600898506623,0.928002933619894,False
GYPB,descriptive tubulointerstitial two-source-study synthesis,GSE30529;GSE104954_H7,GSE30529;GSE104954_H7,2.0,-0.810456095935326,0.0,0.14665380330936134,0.12315616019975599,0.3215951382743939,-2.375303481954555,0.7543912900839029,-4.896709765008185,3.2757975731375337,0.09600567548667424,0.2404839352619557,,,,,0.14665380330936134,0.0,0.2404839352619557,0.928002933619894,False
GYPC,descriptive tubulointerstitial two-source-study synthesis,GSE30529;GSE104954_H7,GSE30529;GSE104954_H7,2.0,1.110861981773334,0.006028996521483969,0.9999999819303113,0.3365955839699816,0.3365955870110704,-3.1659904214415335,5.387714384988202,-3.1659904600822304,5.387714423628898,0.18730018407909546,0.18730018567534762,,,,,1.0270430306237701,2.6330961622265865,0.18730018567534762,0.928002933619894,False
GZMM,descriptive tubulointerstitial two-source-study synthesis,GSE30529;GSE104954_H7,GSE30529;GSE104954_H7,2.0,0.01155979566999809,1.025737881363478,0.9999999871856509,0.7845119456271205,0.7845119506536256,-9.956609603442944,9.979729194782939,-9.956609667310747,9.979729258650742,0.9906200766128134,0.990620076672903,,,,,5.998201912127586,83.32833714753534,0.990620076672903,1.0,False
HAPLN1,descriptive tubulointerstitial two-source-study synthesis,GSE30529;GSE104954_H7,GSE30529;GSE104954_H7,2.0,0.17554495165277914,0.0,0.3367717970395906,0.17990724125302218,0.31001362891505907,-2.1103932892284947,2.461483192534053,-3.7635516883464484,4.114641591652006,0.5078125285356361,0.6719925414929414,,,,,0.3367717970395906,0.0,0.6719925414929414,1.0,False
HDAC1,descriptive tubulointerstitial two-source-study synthesis,GSE30529;GSE104954_H7,GSE30529;GSE104954_H7,2.0,0.8669535984777826,0.0,0.2841040079631376,0.1719905714569147,0.32267547588146667,-1.3183938151454595,3.0523010121010246,-3.2330270614147327,4.966934258370298,0.12467700014987224,0.22683329357829254,,,,,0.2841040079631376,0.0,0.22683329357829254,0.928002933619894,False
HIF1A,descriptive tubulointerstitial two-source-study synthesis,GSE30529;GSE104954_H7,GSE30529;GSE104954_H7,2.0,1.1054970290930255,0.0,0.08661594363967196,0.09739625416861677,0.3309354821869857,-0.13203971690992722,2.343033775095978,-3.0994369620395084,5.310431020225559,0.05594289095025152,0.18517006890258444,,,,,0.08661594363967196,0.0,0.18517006890258444,0.928002933619894,False
HIF1AN,descriptive tubulointerstitial two-source-study synthesis,GSE30529;GSE104954_H7,GSE30529;GSE104954_H7,2.0,-0.043739208728343304,0.023582418121545674,1.0000000239168945,0.32926998834473953,0.32926998834473953,-4.227511094114459,4.140032676657772,-4.227511094114459,4.140032676657772,0.9159256047871337,0.9159256047871337,,,,,1.121891226919253,10.864799010325617,0.9159256047871337,1.0,False
HIF3A,descriptive tubulointerstitial two-source-study synthesis,GSE30529;GSE104954_H7,GSE30529;GSE104954_H7,2.0,-1.1188277757395169,0.33950016698334295,0.9999999851497668,0.5331314907057018,0.5331314946642652,-7.892905647948179,5.655250096469146,-7.892905698246497,5.655250146767464,0.2830913257483303,0.2830913275839741,,,,,2.476550324326847,59.621252587636775,0.2830913275839741,0.9440995841364573,False
HIGD1A,descriptive tubulointerstitial two-source-study synthesis,GSE30529;GSE104954_H7,GSE30529;GSE104954_H7,2.0,-0.29668744110736134,0.6359535471233316,0.99999999976254,0.6472609291103718,0.6472609291872211,-8.5209173241104,7.927542441895677,-8.520917325086863,7.927542442872141,0.726383555030883,0.7263835550595141,,,,,4.144435082522219,75.8712591682961,0.7263835550595141,1.0,False
HRAS,descriptive tubulointerstitial two-source-study synthesis,GSE30529;GSE104954_H7,GSE30529;GSE104954_H7,2.0,-0.08042054962152023,0.06107896342959956,1.000000000031981,0.3568731539858082,0.3568731539858082,-4.6149239090095975,4.4540828097665575,-4.6149239090095975,4.4540828097665575,0.8588961703117747,0.8588961703117747,,,,,1.3149272844192788,23.9501672944875,0.8588961703117747,1.0,False
HSPG2,descriptive tubulointerstitial two-source-study synthesis,GSE30529;GSE104954_H7,GSE30529;GSE104954_H7,2.0,0.603292431188746,1.8738591652261716,1.0000000046180757,1.0236128637523005,1.0236128637523005,-12.402942186230076,13.60952704860757,-12.402942186230076,13.60952704860757,0.6609548968375653,0.6609548968375653,,,,,9.429870418733094,89.39540040748142,0.6609548968375653,1.0,False
HTRA1,descriptive tubulointerstitial two-source-study synthesis,GSE30529;GSE104954_H7,GSE30529;GSE104954_H7,2.0,-1.8678494975092916,8.785174885788582,0.9999999918950377,2.139076609224722,2.1390766178932896,-29.04739484068096,25.311695845662378,-29.047394950825552,25.31169595580697,0.5430268851349509,0.5430268864131289,,,,,24.75203038809697,95.95992739051867,0.5430268864131289,0.9934347010782242,False
IBSP,descriptive tubulointerstitial two-source-study synthesis,GSE30529;GSE104954_H7,GSE30529;GSE104954_H7,2.0,-0.7215398744652427,1.2700271914165606,0.9999999750786405,0.8639066010571235,0.8639066118219871,-11.698514020429847,10.255434271499361,-11.69851415721041,10.255434408279923,0.5570129891333676,0.5570129930362726,,,,,6.694258786978335,85.06182638255338,0.5570129930362726,1.0,False
ICAM1,descriptive tubulointerstitial two-source-study synthesis,GSE30529;GSE104954_H7,GSE30529;GSE104954_H7,2.0,1.356134697300767,0.0,0.9451571804365787,0.3355882257278338,0.34518721020834675,-2.907918005846697,5.6201874004482315,-3.029884667915458,5.742154062516993,0.15443507453989475,0.15867411856052197,,,,,0.9451571804365787,0.0,0.15867411856052197,0.928002933619894,False
ICAM2,descriptive tubulointerstitial two-source-study synthesis,GSE30529;GSE104954_H7,GSE30529;GSE104954_H7,2.0,1.1736089835354468,0.0,0.6994663012578519,0.27946863821419693,0.3341563209579823,-2.377376750954074,4.724594718024968,-3.0722496444435796,5.419467611514473,0.14882500052843278,0.17658889912253203,,,,,0.6994663012578519,0.0,0.17658889912253203,0.928002933619894,False
ICAM3,descriptive tubulointerstitial two-source-study synthesis,GSE30529;GSE104954_H7,GSE30529;GSE104954_H7,2.0,0.12024346259990101,0.0,0.8936378309826887,0.2937440181583989,0.3107336299555662,-3.6121281721473326,3.8526150973471345,-3.828001658030269,4.068488583230071,0.7526485519068392,0.7649470973184181,,,,,0.8936378309826887,0.0,0.7649470973184181,1.0,False
ICAM4,descriptive tubulointerstitial two-source-study synthesis,GSE30529;GSE104954_H7,GSE30529;GSE104954_H7,2.0,-0.12845557834277468,0.0,0.025645629777626782,0.049495841210493545,0.3090736816938384,-0.7573598703524983,0.500448713666949,-4.055609056507974,3.798697899822425,0.23413793890135431,0.7492389920466291,,,,,0.025645629777626782,0.0,0.7492389920466291,1.0,False
ICAM5,descriptive tubulointerstitial two-source-study synthesis,GSE30529;GSE104954_H7,GSE30529;GSE104954_H7,2.0,-0.6511395999692692,0.725356898995279,1.0000000229360442,0.6850853271291374,0.6850853271291374,-9.355974028221304,8.053694828282765,-9.355974028221304,8.053694828282765,0.5161693390883414,0.5161693390883414,,,,,4.396322910991749,77.25371815842313,0.5161693390883414,0.9763922614970253,False
IGHA1,descriptive tubulointerstitial two-source-study synthesis,GSE30529;GSE104954_H7,GSE30529,1.0,,,,,,,,,,,,,,,,,,1.0,1.0,False
IGHA2,descriptive tubulointerstitial two-source-study synthesis,GSE30529;GSE104954_H7,,0.0,,,,,,,,,,,,,,,,,,1.0,1.0,False
IGHG1,descriptive tubulointerstitial two-source-study synthesis,GSE30529;GSE104954_H7,GSE30529,1.0,,,,,,,,,,,,,,,,,,1.0,1.0,False
IGHG2,descriptive tubulointerstitial two-source-study synthesis,GSE30529;GSE104954_H7,,0.0,,,,,,,,,,,,,,,,,,1.0,1.0,False
IGHG3,descriptive tubulointerstitial two-source-study synthesis,GSE30529;GSE104954_H7,,0.0,,,,,,,,,,,,,,,,,,1.0,1.0,False
IGHG4,descriptive tubulointerstitial two-source-study synthesis,GSE30529;GSE104954_H7,,0.0,,,,,,,,,,,,,,,,,,1.0,1.0,False
IGHM,descriptive tubulointerstitial two-source-study synthesis,GSE30529;GSE104954_H7,GSE30529;GSE104954_H7,2.0,1.4906093654014827,0.0,0.012376245756322742,0.03877793120330717,0.3485701341074433,0.9978890322869647,1.9833296985160007,-2.9383941234835618,5.919612854286527,0.016557812843421272,0.14624189225741094,,,,,0.012376245756322742,0.0,0.14624189225741094,0.928002933619894,False
IGHV1-2,descriptive tubulointerstitial two-source-study synthesis,GSE30529;GSE104954_H7,GSE104954_H7,1.0,,,,,,,,,,,,,,,,,,1.0,1.0,False
IGHV1-46,descriptive tubulointerstitial two-source-study synthesis,GSE30529;GSE104954_H7,GSE104954_H7,1.0,,,,,,,,,,,,,,,,,,1.0,1.0,False
IGHV1-69,descriptive tubulointerstitial two-source-study synthesis,GSE30529;GSE104954_H7,,0.0,,,,,,,,,,,,,,,,,,1.0,1.0,False
IGHV2-5,descriptive tubulointerstitial two-source-study synthesis,GSE30529;GSE104954_H7,,0.0,,,,,,,,,,,,,,,,,,1.0,1.0,False
IGHV2-70,descriptive tubulointerstitial two-source-study synthesis,GSE30529;GSE104954_H7,,0.0,,,,,,,,,,,,,,,,,,1.0,1.0,False
IGHV3-11,descriptive tubulointerstitial two-source-study synthesis,GSE30529;GSE104954_H7,,0.0,,,,,,,,,,,,,,,,,,1.0,1.0,False
IGHV3-13,descriptive tubulointerstitial two-source-study synthesis,GSE30529;GSE104954_H7,,0.0,,,,,,,,,,,,,,,,,,1.0,1.0,False
IGHV3-23,descriptive tubulointerstitial two-source-study synthesis,GSE30529;GSE104954_H7,GSE104954_H7,1.0,,,,,,,,,,,,,,,,,,1.0,1.0,False
IGHV3-30,descriptive tubulointerstitial two-source-study synthesis,GSE30529;GSE104954_H7,,0.0,,,,,,,,,,,,,,,,,,1.0,1.0,False
IGHV3-33,descriptive tubulointerstitial two-source-study synthesis,GSE30529;GSE104954_H7,,0.0,,,,,,,,,,,,,,,,,,1.0,1.0,False
IGHV3-48,descriptive tubulointerstitial two-source-study synthesis,GSE30529;GSE104954_H7,,0.0,,,,,,,,,,,,,,,,,,1.0,1.0,False
IGHV3-53,descriptive tubulointerstitial two-source-study synthesis,GSE30529;GSE104954_H7,,0.0,,,,,,,,,,,,,,,,,,1.0,1.0,False
IGHV3-7,descriptive tubulointerstitial two-source-study synthesis,GSE30529;GSE104954_H7,GSE104954_H7,1.0,,,,,,,,,,,,,,,,,,1.0,1.0,False
IGHV3-9,descriptive tubulointerstitial two-source-study synthesis,GSE30529;GSE104954_H7,,0.0,,,,,,,,,,,,,,,,,,1.0,1.0,False
IGHV4-34,descriptive tubulointerstitial two-source-study synthesis,GSE30529;GSE104954_H7,GSE104954_H7,1.0,,,,,,,,,,,,,,,,,,1.0,1.0,False
IGHV4-39,descriptive tubulointerstitial two-source-study synthesis,GSE30529;GSE104954_H7,,0.0,,,,,,,,,,,,,,,,,,1.0,1.0,False
IGHV4-59,descriptive tubulointerstitial two-source-study synthesis,GSE30529;GSE104954_H7,,0.0,,,,,,,,,,,,,,,,,,1.0,1.0,False
IGHV7-81,descriptive tubulointerstitial two-source-study synthesis,GSE30529;GSE104954_H7,,0.0,,,,,,,,,,,,,,,,,,1.0,1.0,False
IGKC,descriptive tubulointerstitial two-source-study synthesis,GSE30529;GSE104954_H7,GSE30529;GSE104954_H7,2.0,1.9465617595384144,0.29880023517735127,0.9999999951175891,0.5425351294630749,0.5425351307875147,-4.9470006719864585,8.840124191063287,-4.947000688815062,8.84012420789189,0.17304364983678208,0.173043650238715,,,,,2.0158913263888825,50.39415136572241,0.173043650238715,0.928002933619894,False
IGKV1-12,descriptive tubulointerstitial two-source-study synthesis,GSE30529;GSE104954_H7,,0.0,,,,,,,,,,,,,,,,,,1.0,1.0,False
IGKV1-16,descriptive tubulointerstitial two-source-study synthesis,GSE30529;GSE104954_H7,,0.0,,,,,,,,,,,,,,,,,,1.0,1.0,False
IGKV1-17,descriptive tubulointerstitial two-source-study synthesis,GSE30529;GSE104954_H7,GSE30529,1.0,,,,,,,,,,,,,,,,,,1.0,1.0,False
IGKV1-33,descriptive tubulointerstitial two-source-study synthesis,GSE30529;GSE104954_H7,,0.0,,,,,,,,,,,,,,,,,,1.0,1.0,False
IGKV1-39,descriptive tubulointerstitial two-source-study synthesis,GSE30529;GSE104954_H7,,0.0,,,,,,,,,,,,,,,,,,1.0,1.0,False
IGKV1-5,descriptive tubulointerstitial two-source-study synthesis,GSE30529;GSE104954_H7,,0.0,,,,,,,,,,,,,,,,,,1.0,1.0,False
IGKV1D-12,descriptive tubulointerstitial two-source-study synthesis,GSE30529;GSE104954_H7,,0.0,,,,,,,,,,,,,,,,,,1.0,1.0,False
IGKV1D-16,descriptive tubulointerstitial two-source-study synthesis,GSE30529;GSE104954_H7,,0.0,,,,,,,,,,,,,,,,,,1.0,1.0,False
IGKV1D-33,descriptive tubulointerstitial two-source-study synthesis,GSE30529;GSE104954_H7,,0.0,,,,,,,,,,,,,,,,,,1.0,1.0,False
IGKV1D-39,descriptive tubulointerstitial two-source-study synthesis,GSE30529;GSE104954_H7,,0.0,,,,,,,,,,,,,,,,,,1.0,1.0,False
IGKV2-28,descriptive tubulointerstitial two-source-study synthesis,GSE30529;GSE104954_H7,,0.0,,,,,,,,,,,,,,,,,,1.0,1.0,False
IGKV2-29,descriptive tubulointerstitial two-source-study synthesis,GSE30529;GSE104954_H7,,0.0,,,,,,,,,,,,,,,,,,1.0,1.0,False
IGKV2-30,descriptive tubulointerstitial two-source-study synthesis,GSE30529;GSE104954_H7,,0.0,,,,,,,,,,,,,,,,,,1.0,1.0,False
IGKV2D-28,descriptive tubulointerstitial two-source-study synthesis,GSE30529;GSE104954_H7,,0.0,,,,,,,,,,,,,,,,,,1.0,1.0,False
IGKV2D-30,descriptive tubulointerstitial two-source-study synthesis,GSE30529;GSE104954_H7,,0.0,,,,,,,,,,,,,,,,,,1.0,1.0,False
IGKV2D-40,descriptive tubulointerstitial two-source-study synthesis,GSE30529;GSE104954_H7,,0.0,,,,,,,,,,,,,,,,,,1.0,1.0,False
IGKV3-11,descriptive tubulointerstitial two-source-study synthesis,GSE30529;GSE104954_H7,,0.0,,,,,,,,,,,,,,,,,,1.0,1.0,False
IGKV3-15,descriptive tubulointerstitial two-source-study synthesis,GSE30529;GSE104954_H7,,0.0,,,,,,,,,,,,,,,,,,1.0,1.0,False
IGKV3-20,descriptive tubulointerstitial two-source-study synthesis,GSE30529;GSE104954_H7,,0.0,,,,,,,,,,,,,,,,,,1.0,1.0,False
IGKV3D-20,descriptive tubulointerstitial two-source-study synthesis,GSE30529;GSE104954_H7,,0.0,,,,,,,,,,,,,,,,,,1.0,1.0,False
IGKV4-1,descriptive tubulointerstitial two-source-study synthesis,GSE30529;GSE104954_H7,GSE104954_H7,1.0,,,,,,,,,,,,,,,,,,1.0,1.0,False
IGKV5-2,descriptive tubulointerstitial two-source-study synthesis,GSE30529;GSE104954_H7,,0.0,,,,,,,,,,,,,,,,,,1.0,1.0,False
IGLC1,descriptive tubulointerstitial two-source-study synthesis,GSE30529;GSE104954_H7,GSE30529,1.0,,,,,,,,,,,,,,,,,,1.0,1.0,False
IGLC2,descriptive tubulointerstitial two-source-study synthesis,GSE30529;GSE104954_H7,,0.0,,,,,,,,,,,,,,,,,,1.0,1.0,False
IGLC3,descriptive tubulointerstitial two-source-study synthesis,GSE30529;GSE104954_H7,,0.0,,,,,,,,,,,,,,,,,,1.0,1.0,False
IGLC6,descriptive tubulointerstitial two-source-study synthesis,GSE30529;GSE104954_H7,,0.0,,,,,,,,,,,,,,,,,,1.0,1.0,False
IGLC7,descriptive tubulointerstitial two-source-study synthesis,GSE30529;GSE104954_H7,,0.0,,,,,,,,,,,,,,,,,,1.0,1.0,False
IGLL1,descriptive tubulointerstitial two-source-study synthesis,GSE30529;GSE104954_H7,GSE30529;GSE104954_H7,2.0,-0.5530959689281184,0.3878815598427629,1.0000000143866132,0.5449422853097673,0.5449422853097673,-7.477244215472945,6.371052277616709,-7.477244215472945,6.371052277616709,0.49527275048565883,0.49527275048565883,,,,,2.881613246524044,65.29721671684243,0.49527275048565883,0.9670787122949398,False
IGLV1-36,descriptive tubulointerstitial two-source-study synthesis,GSE30529;GSE104954_H7,,0.0,,,,,,,,,,,,,,,,,,1.0,1.0,False
IGLV1-40,descriptive tubulointerstitial two-source-study synthesis,GSE30529;GSE104954_H7,GSE104954_H7,1.0,,,,,,,,,,,,,,,,,,1.0,1.0,False
IGLV1-44,descriptive tubulointerstitial two-source-study synthesis,GSE30529;GSE104954_H7,GSE30529,1.0,,,,,,,,,,,,,,,,,,1.0,1.0,False
IGLV1-47,descriptive tubulointerstitial two-source-study synthesis,GSE30529;GSE104954_H7,,0.0,,,,,,,,,,,,,,,,,,1.0,1.0,False
IGLV1-51,descriptive tubulointerstitial two-source-study synthesis,GSE30529;GSE104954_H7,,0.0,,,,,,,,,,,,,,,,,,1.0,1.0,False
IGLV10-54,descriptive tubulointerstitial two-source-study synthesis,GSE30529;GSE104954_H7,,0.0,,,,,,,,,,,,,,,,,,1.0,1.0,False
IGLV11-55,descriptive tubulointerstitial two-source-study synthesis,GSE30529;GSE104954_H7,,0.0,,,,,,,,,,,,,,,,,,1.0,1.0,False
IGLV2-11,descriptive tubulointerstitial two-source-study synthesis,GSE30529;GSE104954_H7,,0.0,,,,,,,,,,,,,,,,,,1.0,1.0,False
IGLV2-14,descriptive tubulointerstitial two-source-study synthesis,GSE30529;GSE104954_H7,GSE104954_H7,1.0,,,,,,,,,,,,,,,,,,1.0,1.0,False
IGLV2-18,descriptive tubulointerstitial two-source-study synthesis,GSE30529;GSE104954_H7,,0.0,,,,,,,,,,,,,,,,,,1.0,1.0,False
IGLV2-23,descriptive tubulointerstitial two-source-study synthesis,GSE30529;GSE104954_H7,,0.0,,,,,,,,,,,,,,,,,,1.0,1.0,False
IGLV2-33,descriptive tubulointerstitial two-source-study synthesis,GSE30529;GSE104954_H7,,0.0,,,,,,,,,,,,,,,,,,1.0,1.0,False
IGLV2-8,descriptive tubulointerstitial two-source-study synthesis,GSE30529;GSE104954_H7,,0.0,,,,,,,,,,,,,,,,,,1.0,1.0,False
IGLV3-1,descriptive tubulointerstitial two-source-study synthesis,GSE30529;GSE104954_H7,,0.0,,,,,,,,,,,,,,,,,,1.0,1.0,False
IGLV3-12,descriptive tubulointerstitial two-source-study synthesis,GSE30529;GSE104954_H7,,0.0,,,,,,,,,,,,,,,,,,1.0,1.0,False
IGLV3-16,descriptive tubulointerstitial two-source-study synthesis,GSE30529;GSE104954_H7,,0.0,,,,,,,,,,,,,,,,,,1.0,1.0,False
IGLV3-19,descriptive tubulointerstitial two-source-study synthesis,GSE30529;GSE104954_H7,GSE104954_H7,1.0,,,,,,,,,,,,,,,,,,1.0,1.0,False
IGLV3-21,descriptive tubulointerstitial two-source-study synthesis,GSE30529;GSE104954_H7,,0.0,,,,,,,,,,,,,,,,,,1.0,1.0,False
IGLV3-22,descriptive tubulointerstitial two-source-study synthesis,GSE30529;GSE104954_H7,,0.0,,,,,,,,,,,,,,,,,,1.0,1.0,False
IGLV3-25,descriptive tubulointerstitial two-source-study synthesis,GSE30529;GSE104954_H7,GSE104954_H7,1.0,,,,,,,,,,,,,,,,,,1.0,1.0,False
IGLV3-27,descriptive tubulointerstitial two-source-study synthesis,GSE30529;GSE104954_H7,,0.0,,,,,,,,,,,,,,,,,,1.0,1.0,False
IGLV4-3,descriptive tubulointerstitial two-source-study synthesis,GSE30529;GSE104954_H7,,0.0,,,,,,,,,,,,,,,,,,1.0,1.0,False
IGLV4-60,descriptive tubulointerstitial two-source-study synthesis,GSE30529;GSE104954_H7,GSE30529;GSE104954_H7,2.0,0.07528139850821344,0.0,0.8839263795179264,0.29174289812753723,0.3103074806612042,-3.6316635954252314,3.7822263924416584,-3.867548981939617,4.018111778956044,0.8392334625147357,0.8484817130658799,,,,,0.8839263795179264,0.0,0.8484817130658799,1.0,False
IGLV4-69,descriptive tubulointerstitial two-source-study synthesis,GSE30529;GSE104954_H7,,0.0,,,,,,,,,,,,,,,,,,1.0,1.0,False
IGLV5-37,descriptive tubulointerstitial two-source-study synthesis,GSE30529;GSE104954_H7,,0.0,,,,,,,,,,,,,,,,,,1.0,1.0,False
IGLV5-45,descriptive tubulointerstitial two-source-study synthesis,GSE30529;GSE104954_H7,GSE104954_H7,1.0,,,,,,,,,,,,,,,,,,1.0,1.0,False
IGLV6-57,descriptive tubulointerstitial two-source-study synthesis,GSE30529;GSE104954_H7,GSE30529;GSE104954_H7,2.0,0.4109637016621551,0.49193752960268117,0.9999999705904574,0.58901116683257,0.5890111754938447,-7.07313277600563,7.895060179329939,-7.073132886057559,7.895060289381869,0.6121758260935106,0.6121758304865261,,,,,3.430284413265057,70.84789832198878,0.6121758304865261,1.0,False
IGLV7-43,descriptive tubulointerstitial two-source-study synthesis,GSE30529;GSE104954_H7,,0.0,,,,,,,,,,,,,,,,,,1.0,1.0,False
IGLV7-46,descriptive tubulointerstitial two-source-study synthesis,GSE30529;GSE104954_H7,,0.0,,,,,,,,,,,,,,,,,,1.0,1.0,False
IGLV8-61,descriptive tubulointerstitial two-source-study synthesis,GSE30529;GSE104954_H7,,0.0,,,,,,,,,,,,,,,,,,1.0,1.0,False
INPP5D,descriptive tubulointerstitial two-source-study synthesis,GSE30529;GSE104954_H7,GSE30529;GSE104954_H7,2.0,1.5668975181314742,0.0,3.212184751137152e-05,0.0019965236757022884,0.35226882158267664,1.5415292795473807,1.5922657567155676,-2.9091022510690103,6.042897287331959,0.0008111735103179106,0.14078365872668427,,,,,3.212184751137152e-05,0.0,0.14078365872668427,0.928002933619894,False
ITGA1,descriptive tubulointerstitial two-source-study synthesis,GSE30529;GSE104954_H7,GSE30529,1.0,,,,,,,,,,,,,,,,,,1.0,1.0,False
ITGA10,descriptive tubulointerstitial two-source-study synthesis,GSE30529;GSE104954_H7,GSE30529;GSE104954_H7,2.0,-0.9700745794988974,0.08405054794119483,1.0000000000644629,0.38853808427497105,0.38853808427497105,-5.906919026097777,3.9667698670999822,-5.906919026097777,3.9667698670999822,0.24252537006020866,0.24252537006020866,,,,,1.3849069276387422,27.79298160454769,0.24252537006020866,0.928002933619894,False
ITGA11,descriptive tubulointerstitial two-source-study synthesis,GSE30529;GSE104954_H7,,0.0,,,,,,,,,,,,,,,,,,1.0,1.0,False
ITGA2,descriptive tubulointerstitial two-source-study synthesis,GSE30529;GSE104954_H7,GSE30529;GSE104954_H7,2.0,1.858309936525102,0.0,0.16132746169121653,0.14841385155344006,0.36950497104035035,-0.027466846997146188,3.74408672004735,-2.836695876547891,6.553315749598095,0.05073592494019736,0.12495522863106645,,,,,0.16132746169121653,0.0,0.12495522863106645,0.928002933619894,False
ITGA2B,descriptive tubulointerstitial two-source-study synthesis,GSE30529;GSE104954_H7,GSE30529;GSE104954_H7,2.0,-0.45387633690582624,0.06925847404832694,0.9999999995498483,0.36650351664370195,0.366503516726193,-5.110745055908713,4.202992382097061,-5.110745056956861,4.202992383145209,0.43245278334479886,0.4324527834148356,,,,,1.3473454720965026,25.779985852924902,0.4324527834148356,0.9562905252398041,False
ITGA3,descriptive tubulointerstitial two-source-study synthesis,GSE30529;GSE104954_H7,GSE30529;GSE104954_H7,2.0,0.3330039766158739,0.0,0.359576850060502,0.18691050549874158,0.31170075213044396,-2.041919173593042,2.7079271268247904,-3.6275295963731873,4.2935375496049355,0.32560991295752806,0.47897158098652026,,,,,0.359576850060502,0.0,0.47897158098652026,0.9645482718934864,False
ITGA4,descriptive tubulointerstitial two-source-study synthesis,GSE30529;GSE104954_H7,GSE30529;GSE104954_H7,2.0,1.7868502447652443,0.0,0.21213298552958826,0.16835917655179763,0.36553813426581855,-0.3523559217156782,3.926056411246167,-2.857752128095561,6.43145261762605,0.05980651660793743,0.12846164162747883,,,,,0.21213298552958826,0.0,0.12846164162747883,0.928002933619894,False
ITGA5,descriptive tubulointerstitial two-source-study synthesis,GSE30529;GSE104954_H7,GSE30529;GSE104954_H7,2.0,0.2892536793395006,0.29707434854200687,0.9999999931990138,0.4974918164529454,0.49749181814466287,-6.031979195083066,6.610486553762067,-6.0319792165783745,6.610486575257376,0.6647250369451249,0.6647250378858037,,,,,2.497955158830899,59.967255758585225,0.6647250378858037,1.0,False
ITGA6,descriptive tubulointerstitial two-source-study synthesis,GSE30529;GSE104954_H7,GSE30529;GSE104954_H7,2.0,-0.4168729502914778,0.0,0.3266281579496544,0.17847097980987658,0.31227757422945324,-2.6845617592214697,1.8508158586385142,-4.384735742966901,3.5509898423839457,0.25751842184608853,0.4092967676866369,,,,,0.3266281579496544,0.0,0.4092967676866369,0.9526431180778144,False
ITGA7,descriptive tubulointerstitial two-source-study synthesis,GSE30529;GSE104954_H7,GSE30529;GSE104954_H7,2.0,-0.5505664700173748,0.0,0.012667591380866197,0.035398066230713614,0.3145085921548692,-1.0003415468094936,-0.10079139322525599,-4.54677703322321,3.4456440931884598,0.04087450963540499,0.3304107927999635,,,,,0.012667591380866197,0.0,0.3304107927999635,0.9487252351416693,False
ITGA8,descriptive tubulointerstitial two-source-study synthesis,GSE30529;GSE104954_H7,GSE30529;GSE104954_H7,2.0,-0.4344862866481362,0.22220193386850068,0.9999999926289804,0.4590555041226106,0.45905550581446414,-6.267339507297913,5.398366934001641,-6.26733952879495,5.398366955498678,0.5175003673104589,0.5175003684818206,,,,,2.111492564658269,52.640136331152874,0.5175003684818206,0.9763922614970253,False
ITGA9,descriptive tubulointerstitial two-source-study synthesis,GSE30529;GSE104954_H7,GSE30529;GSE104954_H7,2.0,-0.44970575992208006,0.0,0.06557336402772065,0.08002096775535264,0.3124928372454882,-1.4664685594084244,0.5670570395642641,-4.42030372855137,3.52089220870721,0.11210719714811421,0.3866086190371084,,,,,0.06557336402772065,0.0,0.3866086190371084,0.9487252351416693,False
ITGAD,descriptive tubulointerstitial two-source-study synthesis,GSE30529;GSE104954_H7,,0.0,,,,,,,,,,,,,,,,,,1.0,1.0,False
ITGAE,descriptive tubulointerstitial two-source-study synthesis,GSE30529;GSE104954_H7,GSE30529;GSE104954_H7,2.0,0.500799794875423,0.020164488647583082,1.0000000107415952,0.3304633836802293,0.3304633836802293,-3.698135615974622,4.699735205725468,-3.698135615974622,4.699735205725468,0.3713296904611395,0.3713296904611395,,,,,1.1011890391674402,9.189070683444566,0.3713296904611395,0.9487252351416693,False
ITGAL,descriptive tubulointerstitial two-source-study synthesis,GSE30529;GSE104954_H7,GSE30529;GSE104954_H7,2.0,1.0762621890467563,0.14516903204128767,1.0000000100434754,0.4274586761764099,0.4274586761764099,-4.3551152667049084,6.50763964479842,-4.3551152667049084,6.50763964479842,0.24068304358387543,0.24068304358387543,,,,,1.652967597687788,39.50274636969141,0.24068304358387543,0.928002933619894,False
ITGAM,descriptive tubulointerstitial two-source-study synthesis,GSE30529;GSE104954_H7,GSE30529;GSE104954_H7,2.0,2.2086602904046297,0.0,0.06891715586791014,0.10265951785751133,0.3910529325881102,0.9042474383901087,3.5130731424191506,-2.7601383337414194,7.177458914550678,0.029569089923379522,0.11156015568648789,,,,,0.06891715586791014,0.0,0.11156015568648789,0.928002933619894,False
ITGAV,descriptive tubulointerstitial two-source-study synthesis,GSE30529;GSE104954_H7,GSE30529;GSE104954_H7,2.0,1.2173400431383767,0.0,0.9536375911073285,0.3309495857245539,0.33889890121890986,-2.9877731504300034,5.422453236706756,-3.088778780613736,5.523458866890489,0.16898902171104854,0.17285364899734926,,,,,0.9536375911073285,0.0,0.17285364899734926,0.928002933619894,False
ITGAX,descriptive tubulointerstitial two-source-study synthesis,GSE30529;GSE104954_H7,GSE30529;GSE104954_H7,2.0,0.32005275253619375,0.0,0.9394411052670852,0.3031319327354148,0.31274970528562984,-3.5316036468723224,4.17170915194471,-3.653809034001316,4.293914539073703,0.48271863436659473,0.49265322404282863,,,,,0.9394411052670852,0.0,0.49265322404282863,0.9645482718934864,False
ITGB1,descriptive tubulointerstitial two-source-study synthesis,GSE30529;GSE104954_H7,GSE30529,1.0,,,,,,,,,,,,,,,,,,1.0,1.0,False
ITGB2,descriptive tubulointerstitial two-source-study synthesis,GSE30529;GSE104954_H7,GSE30529;GSE104954_H7,2.0,1.6350378088579391,0.020199527217913352,0.999999993203847,0.373572600762055,0.3735726020314833,-3.1116521402499817,6.3817277579658604,-3.1116521563795976,6.381727774095476,0.1429999464671003,0.14299994693684404,,,,,1.0772703151046283,7.172787927153045,0.14299994693684404,0.928002933619894,False
ITGB3,descriptive tubulointerstitial two-source-study synthesis,GSE30529;GSE104954_H7,GSE30529;GSE104954_H7,2.0,1.6638444705762117,0.10850570379902069,0.9999999993644447,0.4307097431747418,0.4307097433116117,-3.8088417080672787,7.1365306492197025,-3.8088417098063756,7.136530650958799,0.16125825149881054,0.1612582515478908,,,,,1.409102008760883,29.032817086155,0.1612582515478908,0.928002933619894,False
ITGB4,descriptive tubulointerstitial two-source-study synthesis,GSE30529;GSE104954_H7,GSE30529;GSE104954_H7,2.0,-0.636332065072447,1.5313938107045058,1.000000023077792,0.9365575236383128,0.9365575236383128,-12.53642370762562,11.263759577480727,-12.53642370762562,11.263759577480727,0.6200705768179258,0.6200705768179258,,,,,7.861487434250048,87.27976088032257,0.6200705768179258,1.0,False
ITGB5,descriptive tubulointerstitial two-source-study synthesis,GSE30529;GSE104954_H7,GSE30529;GSE104954_H7,2.0,0.8504503976177864,0.0,0.005975790778013376,0.024899318111332457,0.3220992858213544,0.5340745639040536,1.1668262313315192,-3.242209073403993,4.943109868639565,0.018633504531549154,0.23048515172383036,,,,,0.005975790778013376,0.0,0.23048515172383036,0.928002933619894,False
ITGB6,descriptive tubulointerstitial two-source-study synthesis,GSE30529;GSE104954_H7,GSE30529;GSE104954_H7,2.0,2.169218281103628,0.04094102293010791,0.9999999995885174,0.4140417750134965,0.414041775098682,-3.091681281547038,7.430117843754294,-3.091681282629423,7.430117844836678,0.12006831640585966,0.12006831642998103,,,,,1.1333098839436604,11.762880200053699,0.12006831642998103,0.928002933619894,False
ITGB7,descriptive tubulointerstitial two-source-study synthesis,GSE30529;GSE104954_H7,GSE30529;GSE104954_H7,2.0,0.4485158668936936,0.0,0.02584477520558963,0.050259949642933156,0.3126336129584596,-0.19009734329924532,1.0871290770866326,-3.5238708267664918,4.420902560553879,0.07104219213963203,0.387533878687325,,,,,0.02584477520558963,0.0,0.387533878687325,0.9487252351416693,False
ITGB8,descriptive tubulointerstitial two-source-study synthesis,GSE30529;GSE104954_H7,GSE30529;GSE104954_H7,2.0,1.4454432671036526,0.22590961964756676,0.99999999637719,0.48396896408279066,0.48396896495945446,-4.703965476486662,7.594852010693968,-4.703965487625732,7.594852021833038,0.2056864190683568,0.20568641941554544,,,,,1.9202642393605078,47.92383363171815,0.20568641941554544,0.928002933619894,False
JAM2,descriptive tubulointerstitial two-source-study synthesis,GSE30529;GSE104954_H7,GSE30529;GSE104954_H7,2.0,1.3321136248211654,1.478199140806128,1.0000000001411218,0.9291026684606655,0.9291026684606655,-10.47325510156629,13.13748235120862,-10.47325510156629,13.13748235120862,0.3877158384653621,0.3877158384653621,,,,,6.900541335091736,85.50838330734084,0.3877158384653621,0.9487252351416693,False
JAM3,descriptive tubulointerstitial two-source-study synthesis,GSE30529;GSE104954_H7,GSE30529;GSE104954_H7,2.0,0.25705687229632096,0.0,0.7147600525810364,0.2633734218593241,0.3115242149548215,-3.0894197479151586,3.6035334925078004,-3.701233583195736,4.215347327788378,0.5077263813235614,0.5607995951717482,,,,,0.7147600525810364,0.0,0.5607995951717482,1.0,False
JAML,descriptive tubulointerstitial two-source-study synthesis,GSE30529;GSE104954_H7,,0.0,,,,,,,,,,,,,,,,,,1.0,1.0,False
JCHAIN,descriptive tubulointerstitial two-source-study synthesis,GSE30529;GSE104954_H7,GSE104954_H7,1.0,,,,,,,,,,,,,,,,,,1.0,1.0,False
JUNB,descriptive tubulointerstitial two-source-study synthesis,GSE30529;GSE104954_H7,GSE30529;GSE104954_H7,2.0,-0.8654586658524924,0.43352465353447606,0.9999999896865218,0.5690138734217778,0.569013876356034,-8.095465439273394,6.3645481075684085,-8.095465476556653,6.364548144851668,0.37026394447134586,0.37026394597832607,,,,,3.012976237931125,66.81022613418767,0.37026394597832607,0.9487252351416693,False
KDR,descriptive tubulointerstitial two-source-study synthesis,GSE30529;GSE104954_H7,GSE30529;GSE104954_H7,2.0,0.028803269457041692,0.485710629244984,0.9999999894985195,0.5850564838996777,0.5850564869716574,-7.405044197198757,7.46265073611284,-7.4050442362319595,7.4626507751460425,0.9686834719375738,0.9686834721017442,,,,,3.4416122051599523,70.9438501380046,0.9686834721017442,1.0,False
KLK2,descriptive tubulointerstitial two-source-study synthesis,GSE30529;GSE104954_H7,GSE30529;GSE104954_H7,2.0,-0.47683965285414165,0.0,0.8665982624895159,0.29337471017678596,0.31514742764413095,-4.2045187847762975,3.2508394790680146,-4.4811673905792695,3.5274880848709866,0.35113144813290437,0.37178954339974957,,,,,0.8665982624895159,0.0,0.37178954339974957,0.9487252351416693,False
KLK7,descriptive tubulointerstitial two-source-study synthesis,GSE30529;GSE104954_H7,GSE30529;GSE104954_H7,2.0,-2.6345244012900975,6.542060862488371,0.9999999841184881,1.8655276148911388,1.8655276297048384,-26.338300217084566,21.06925141450437,-26.338300405310466,21.069251602730272,0.39225125140942485,0.39225125379361087,,,,,16.371427358259858,93.89179710408408,0.39225125379361087,0.9487252351416693,False
KLKB1,descriptive tubulointerstitial two-source-study synthesis,GSE30529;GSE104954_H7,GSE30529;GSE104954_H7,2.0,-0.9071304350511338,0.05271170974395143,1.0000000123950445,0.365549927463051,0.365549927463051,-5.551882654690468,3.737621784588201,-5.551882654690468,3.737621784588201,0.2438683372239665,0.2438683372239665,,,,,1.2452842383329488,19.697048335029812,0.2438683372239665,0.928002933619894,False
KNG1,descriptive tubulointerstitial two-source-study synthesis,GSE30529;GSE104954_H7,GSE30529;GSE104954_H7,2.0,-1.2760115720292404,0.0,0.14846329431549787,0.13064457926906572,0.3390641303075134,-2.9360083438933935,0.38398519983491264,-5.584229830409521,3.0322066863510404,0.06495404866174447,0.16534293548324083,,,,,0.14846329431549787,0.0,0.16534293548324083,0.928002933619894,False
KRAS,descriptive tubulointerstitial two-source-study synthesis,GSE30529;GSE104954_H7,GSE30529;GSE104954_H7,2.0,0.5627845732072144,1.1006554829215187,0.9999999993286777,0.8101263991753529,0.8101263994472808,-9.730847316894806,10.856416463309234,-9.730847320349978,10.856416466764406,0.6134753304662899,0.6134753305664165,,,,,6.178427415211495,83.81465164520722,0.6134753305664165,1.0,False
L1CAM,descriptive tubulointerstitial two-source-study synthesis,GSE30529;GSE104954_H7,GSE30529;GSE104954_H7,2.0,0.30899793957855204,0.30647955563729273,0.9999999916312923,0.5023699830478204,0.5023699851499143,-6.074217918335664,6.692213797492769,-6.0742179450453,6.692213824202403,0.6489460137251241,0.6489460149138704,,,,,2.542492956821761,60.668524279805744,0.6489460149138704,1.0,False
LAMA1,descriptive tubulointerstitial two-source-study synthesis,GSE30529;GSE104954_H7,GSE30529,1.0,,,,,,,,,,,,,,,,,,1.0,1.0,False
LAMA2,descriptive tubulointerstitial two-source-study synthesis,GSE30529;GSE104954_H7,GSE30529;GSE104954_H7,2.0,1.4941678930841469,0.11399059544265583,0.9999999935466715,0.4235457682746864,0.4235457696413264,-3.887491353754422,6.875827139922716,-3.8874913711192303,6.8758271572875245,0.1758469899413207,0.1758469904802964,,,,,1.4596983589384915,31.49269546845207,0.1758469904802964,0.928002933619894,False
LAMA3,descriptive tubulointerstitial two-source-study synthesis,GSE30529;GSE104954_H7,GSE30529;GSE104954_H7,2.0,0.44876081555933856,1.0748700218653298,0.9999999994863682,0.8020998516088593,0.8020998518148513,-9.742884117838168,10.640405748956846,-9.742884120455544,10.640405751574223,0.6752639047887143,0.6752639048583796,,,,,6.0713109338600795,83.52909263100103,0.6752639048583796,1.0,False
LAMA4,descriptive tubulointerstitial two-source-study synthesis,GSE30529;GSE104954_H7,GSE30529;GSE104954_H7,2.0,1.1548544096979623,0.0,0.3766168270063277,0.20535351317680853,0.3346202944844118,-1.4544093720193148,3.764118191415239,-3.0968995609000416,5.406608380295966,0.11203125844199088,0.17954446271370458,,,,,0.3766168270063277,0.0,0.17954446271370458,0.928002933619894,False
LAMA5,descriptive tubulointerstitial two-source-study synthesis,GSE30529;GSE104954_H7,GSE30529;GSE104954_H7,2.0,1.2097947233586774,0.16183803070552688,1.000000005948951,0.44359347622074374,0.44359347622074374,-4.426594805133533,6.846184251850888,-4.426594805133533,6.846184251850888,0.22373766849542603,0.22373766849542603,,,,,1.6951336715986045,41.007602128689655,0.22373766849542603,0.928002933619894,False
LAMB1,descriptive tubulointerstitial two-source-study synthesis,GSE30529;GSE104954_H7,GSE30529;GSE104954_H7,2.0,1.0118379335916134,0.4833373859127042,1.00000000007359,0.5952279598190141,0.5952279598190141,-6.551250388564344,8.57492625574757,-6.551250388564344,8.57492625574757,0.33851969195015075,0.33851969195015075,,,,,3.1383491993138675,68.13611435532322,0.33851969195015075,0.9487252351416693,False
LAMB2,descriptive tubulointerstitial two-source-study synthesis,GSE30529;GSE104954_H7,GSE30529;GSE104954_H7,2.0,-0.4494639309226753,0.46189993273935426,1.0000000205431139,0.5762754152557744,0.5762754152557744,-7.771737341586635,6.872809479741284,-7.771737341586635,6.872809479741284,0.5783075427123683,0.5783075427123683,,,,,3.277146872412276,69.48565203414549,0.5783075427123683,1.0,False
LAMB3,descriptive tubulointerstitial two-source-study synthesis,GSE30529;GSE104954_H7,GSE30529;GSE104954_H7,2.0,0.9336233736929145,0.0,0.048815446827058295,0.07174281278140857,0.32471306672779887,0.02204450614328657,1.8452022412425424,-3.192247332661653,5.059494080047482,0.04882409060004605,0.21308457889067253,,,,,0.048815446827058295,0.0,0.21308457889067253,0.928002933619894,False
LAMC1,descriptive tubulointerstitial two-source-study synthesis,GSE30529;GSE104954_H7,GSE30529;GSE104954_H7,2.0,1.4376715691863653,0.03786456400830425,1.000000002825927,0.3728858585088655,0.3728858585088655,-3.3002924922515486,6.17563563062428,-3.3002924922515486,6.17563563062428,0.16155875158607028,0.16155875158607028,,,,,1.1555986378010847,13.464764729834183,0.16155875158607028,0.928002933619894,False
LAMC2,descriptive tubulointerstitial two-source-study synthesis,GSE30529;GSE104954_H7,GSE30529;GSE104954_H7,2.0,1.4894694765186052,0.0,0.0854932056792531,0.10202551255805635,0.34893375523145626,0.19311242564277875,2.7858265273944314,-2.9441542568145453,5.923093209851755,0.04353909992427823,0.14649724973949785,,,,,0.0854932056792531,0.0,0.14649724973949785,0.928002933619894,False
LAMC3,descriptive tubulointerstitial two-source-study synthesis,GSE30529;GSE104954_H7,GSE30529;GSE104954_H7,2.0,0.16282890114703885,0.0,0.02353300833894889,0.047433121121754795,0.30920248672507034,-0.4398660471017498,0.7655238493958275,-3.7659612001160427,4.091619002410121,0.1804576216072226,0.691425473007783,,,,,0.02353300833894889,0.0,0.691425473007783,1.0,False
LCK,descriptive tubulointerstitial two-source-study synthesis,GSE30529;GSE104954_H7,GSE30529;GSE104954_H7,2.0,1.4190480476587224,0.0,0.025882607088396417,0.05552728389849404,0.345145663219543,0.7135070100007606,2.1245890853166842,-2.96644341301159,5.804539508329035,0.02489819952237594,0.15189147387697952,,,,,0.025882607088396417,0.0,0.15189147387697952,0.928002933619894,False
LIMD1,descriptive tubulointerstitial two-source-study synthesis,GSE30529;GSE104954_H7,GSE30529;GSE104954_H7,2.0,0.047806136999156076,2.722089845009597,0.999999999881463,1.213927052299325,1.2139270523712726,-15.376599524297113,15.472211798295426,-15.376599525211294,15.472211799209607,0.974941976005632,0.9749419760071157,,,,,13.089052478905739,92.36002757562784,0.9749419760071157,1.0,False
LOX,descriptive tubulointerstitial two-source-study synthesis,GSE30529;GSE104954_H7,GSE30529;GSE104954_H7,2.0,-0.8786852041686496,3.2375163251437886,0.9999999998931215,1.319696558599099,1.3196965586696225,-17.64701986735397,15.889649459016669,-17.647019868250055,15.889649459912755,0.6260376011627757,0.62603760117847,,,,,14.124387972154683,92.92004721215932,0.62603760117847,1.0,False
LOXL1,descriptive tubulointerstitial two-source-study synthesis,GSE30529;GSE104954_H7,GSE30529;GSE104954_H7,2.0,1.6893082934653978,0.0,0.8350305431354605,0.33087759981746095,0.36208971261101786,-2.5148902324293396,5.893506819360136,-2.911477727832851,6.290094314763646,0.12313318638076605,0.13442044678223725,,,,,0.8350305431354605,0.0,0.13442044678223725,0.928002933619894,False
LOXL2,descriptive tubulointerstitial two-source-study synthesis,GSE30529;GSE104954_H7,GSE30529;GSE104954_H7,2.0,1.6293715796013377,0.11449001589787433,0.9999999958448818,0.432643542568775,0.4326435434676176,-3.8678858500614295,7.1266290092641045,-3.867885861482307,7.126629020684982,0.16522758644772265,0.16522758677578386,,,,,1.4362640305586893,30.374918627530338,0.16522758677578386,0.928002933619894,False
LOXL3,descriptive tubulointerstitial two-source-study synthesis,GSE30529;GSE104954_H7,,0.0,,,,,,,,,,,,,,,,,,1.0,1.0,False
LOXL4,descriptive tubulointerstitial two-source-study synthesis,GSE30529;GSE104954_H7,,0.0,,,,,,,,,,,,,,,,,,1.0,1.0,False
LRP4,descriptive tubulointerstitial two-source-study synthesis,GSE30529;GSE104954_H7,GSE30529;GSE104954_H7,2.0,-0.12880761579667618,0.0,0.06462644588918497,0.07857292214217189,0.30907776889729927,-1.1271712512546261,0.8695560196612737,-4.056013026805847,3.7983977952124954,0.34870311884370253,0.7486239201855933,,,,,0.06462644588918497,0.0,0.7486239201855933,1.0,False
LTBP1,descriptive tubulointerstitial two-source-study synthesis,GSE30529;GSE104954_H7,GSE30529;GSE104954_H7,2.0,0.45391424890737464,0.0,0.30213036909361524,0.17195050784517693,0.3128284711497784,-1.7309241082626563,2.6387526060774054,-3.5209483528262284,4.428776850640978,0.23052830635076227,0.38415357336600164,,,,,0.30213036909361524,0.0,0.38415357336600164,0.9487252351416693,False
LTBP2,descriptive tubulointerstitial two-source-study synthesis,GSE30529;GSE104954_H7,GSE30529;GSE104954_H7,2.0,0.035400598968573366,0.0,0.2985799699624412,0.16896819697738338,0.309225026088235,-2.111543905728354,2.182345103665501,-3.893675892057501,3.964477089994648,0.8685232139398684,0.9274346169244041,,,,,0.2985799699624412,0.0,0.9274346169244041,1.0,False
LTBP3,descriptive tubulointerstitial two-source-study synthesis,GSE30529;GSE104954_H7,GSE30529;GSE104954_H7,2.0,0.7770387855851195,0.0,0.7748063221061319,0.2836679916147279,0.3222654563757339,-2.8273047929710993,4.381382364141339,-3.3177320825217294,4.871809653691969,0.2228362182516514,0.2502834838906051,,,,,0.7748063221061319,0.0,0.2502834838906051,0.928002933619894,False
LTBP4,descriptive tubulointerstitial two-source-study synthesis,GSE30529;GSE104954_H7,GSE30529;GSE104954_H7,2.0,-0.3680558056302307,0.0,0.05810310733185303,0.07502596430623255,0.31125182506211657,-1.3213510686341563,0.585239457373695,-4.322885219377514,3.5867736081170523,0.12801720660738253,0.4468891558061776,,,,,0.05810310733185303,0.0,0.4468891558061776,0.9562905252398041,False
LUM,descriptive tubulointerstitial two-source-study synthesis,GSE30529;GSE104954_H7,GSE30529;GSE104954_H7,2.0,1.717780723584214,0.0,0.5240921734777386,0.2625785881297852,0.3627066111968285,-1.618596576528527,5.054158023696955,-2.8908437374468017,6.32640518461523,0.09656570333904949,0.13247536202562038,,,,,0.5240921734777386,0.0,0.13247536202562038,0.928002933619894,False
LYN,descriptive tubulointerstitial two-source-study synthesis,GSE30529;GSE104954_H7,GSE30529;GSE104954_H7,2.0,1.9336500140784787,0.0,0.0026439266625719925,0.019183640071503298,0.3730837344299823,1.6898987557448728,2.1774012724120846,-2.8068282993255043,6.674128327482462,0.006315664071377038,0.12134012125067155,,,,,0.0026439266625719925,0.0,0.12134012125067155,0.928002933619894,False
MADCAM1,descriptive tubulointerstitial two-source-study synthesis,GSE30529;GSE104954_H7,GSE30529;GSE104954_H7,2.0,-0.7426008183917479,1.9009275327825654,1.0000000218727325,1.032527752515541,1.032527752515541,-13.862109837636527,12.37690820085303,-13.862109837636527,12.37690820085303,0.6030673422310346,0.6030673422310346,,,,,9.20173958671786,89.13248967137216,0.6030673422310346,1.0,False
MAG,descriptive tubulointerstitial two-source-study synthesis,GSE30529;GSE104954_H7,GSE30529;GSE104954_H7,2.0,-0.7387974925872783,0.0,0.3639025481115447,0.19246871649412786,0.31905650376252015,-3.1843444096704303,1.7067494244958734,-4.792794751801951,3.3151997666273942,0.16224351259381445,0.2595282919245157,,,,,0.3639025481115447,0.0,0.2595282919245157,0.928002933619894,False
MAPK1,descriptive tubulointerstitial two-source-study synthesis,GSE30529;GSE104954_H7,GSE30529;GSE104954_H7,2.0,0.7430752470571959,0.03500645899741069,0.9999999912789554,0.34656797204460194,0.3465679735558193,-3.660488360742384,5.146638854856776,-3.6604883799442214,5.146638874058613,0.2778244283030982,0.27782442936649654,,,,,1.169368042499366,14.483724229145576,0.27782442936649654,0.9440995841364573,False
MAPK3,descriptive tubulointerstitial two-source-study synthesis,GSE30529;GSE104954_H7,GSE30529;GSE104954_H7,2.0,-0.22191935667545368,0.09489045249844459,0.9999999923394416,0.3811140057172854,0.38111400717705846,-5.064431941142934,4.620593227792027,-5.06443195969111,4.620593246340203,0.664312562116624,0.6643125631769755,,,,,1.4850159880732967,32.66065766083574,0.6643125631769755,1.0,False
MASP1,descriptive tubulointerstitial two-source-study synthesis,GSE30529;GSE104954_H7,GSE30529;GSE104954_H7,2.0,-0.20320749021200032,0.0,0.8969372744733921,0.29487407031913043,0.3113547877759078,-3.949937799076045,3.5435228186520447,-4.159345169280907,3.752930188856906,0.6158665146095863,0.6318810401671343,,,,,0.8969372744733921,0.0,0.6318810401671343,1.0,False
MASP2,descriptive tubulointerstitial two-source-study synthesis,GSE30529;GSE104954_H7,GSE30529;GSE104954_H7,2.0,-0.5993925020434125,0.25433036392867203,1.0000000035681451,0.4795956899607801,0.4795956899607801,-6.693233529272048,5.494448525185222,-6.693233529272048,5.494448525185222,0.42960632509677266,0.42960632509677266,,,,,2.23580529616455,55.27338620605886,0.42960632509677266,0.9562905252398041,False
MATN1,descriptive tubulointerstitial two-source-study synthesis,GSE30529;GSE104954_H7,GSE30529;GSE104954_H7,2.0,-0.9173607676193541,0.2981693460659047,0.9999999904561523,0.5081699499073729,0.5081699523323212,-7.374272191914073,5.539550656675364,-7.3742722227259625,5.539550687487254,0.3220462545335579,0.32204625582125596,,,,,2.36256231418713,57.6730741028491,0.32204625582125596,0.9487252351416693,False
MATN3,descriptive tubulointerstitial two-source-study synthesis,GSE30529;GSE104954_H7,GSE30529;GSE104954_H7,2.0,1.3411719574822547,0.0,0.05655207047665183,0.08124300156042735,0.34163448724736245,0.3088817462741047,2.3734621686904047,-2.9997057824207953,5.682049697385304,0.03851689343617185,0.1587881719439636,,,,,0.05655207047665183,0.0,0.1587881719439636,0.928002933619894,False
MATN4,descriptive tubulointerstitial two-source-study synthesis,GSE30529;GSE104954_H7,GSE30529;GSE104954_H7,2.0,-0.4066314750368751,0.038575305530858736,0.99999999779505,0.34388554135038923,0.34388554172951447,-4.776111569245189,3.962848619171439,-4.776111574062432,3.9628486239886818,0.44689977340738707,0.44689977375344414,,,,,1.1948833056015167,16.309819100151408,0.44689977375344414,0.9562905252398041,False
MBL2,descriptive tubulointerstitial two-source-study synthesis,GSE30529;GSE104954_H7,GSE30529;GSE104954_H7,2.0,-0.08418033171252216,1.2936036324261966,1.0000000127700592,0.8667232425633485,0.8667232425633485,-11.09694330132363,10.928582637898586,-11.09694330132363,10.928582637898586,0.9383617552358882,0.9383617552358882,,,,,7.194810102381874,86.10109251293588,0.9383617552358882,1.0,False
MEN1,descriptive tubulointerstitial two-source-study synthesis,GSE30529;GSE104954_H7,GSE30529;GSE104954_H7,2.0,-0.15507119387072013,0.0,1.4127532942354794e-06,0.0003674471625702819,0.30914464907266037,-0.1597400527480646,-0.15040233499337566,-4.083126398080821,3.7729840103393806,0.0015084922308878973,0.7040114403383069,,,,,1.4127532942354794e-06,0.0,0.7040114403383069,1.0,False
MERTK,descriptive tubulointerstitial two-source-study synthesis,GSE30529;GSE104954_H7,GSE30529;GSE104954_H7,2.0,-1.1571007386673973,0.0,0.0885805325419162,0.09933007710380652,0.3337425878318428,-2.4192090348083815,0.1050075574735867,-5.397702388839557,3.0835009115047622,0.054516293109525896,0.17876832357136496,,,,,0.0885805325419162,0.0,0.17876832357136496,0.928002933619894,False
MFAP2,descriptive tubulointerstitial two-source-study synthesis,GSE30529;GSE104954_H7,GSE30529;GSE104954_H7,2.0,0.9594583348580084,0.0,0.002553819967925268,0.01645886597112031,0.3256902589791677,0.750328614103695,1.1685880556123218,-3.1788287763090546,5.097745446025072,0.010919715337395759,0.20833216780606362,,,,,0.002553819967925268,0.0,0.20833216780606362,0.928002933619894,False
MFAP3,descriptive tubulointerstitial two-source-study synthesis,GSE30529;GSE104954_H7,GSE30529;GSE104954_H7,2.0,0.7973732067810694,2.4704651865481018,0.9999999996187166,1.1628885485197376,1.1628885487414327,-13.978526776063736,15.573273189625874,-13.978526778880639,15.573273192442777,0.6173579995741514,0.6173579996307565,,,,,11.511188033724299,91.31279936466764,0.6173579996307565,1.0,False
MFAP4,descriptive tubulointerstitial two-source-study synthesis,GSE30529;GSE104954_H7,GSE30529;GSE104954_H7,2.0,0.8300949904720927,0.0,0.007412291742416003,0.027691398534025715,0.32163895155488464,0.47824241126775413,1.1819475696764312,-3.256715379112846,4.916905360057031,0.021229325553977118,0.23533308642668993,,,,,0.007412291742416003,0.0,0.23533308642668993,0.928002933619894,False
MFAP5,descriptive tubulointerstitial two-source-study synthesis,GSE30529;GSE104954_H7,GSE30529;GSE104954_H7,2.0,-0.39378938486313886,0.0,0.05213201632358713,0.07114817624515113,0.31161008938891005,-1.29781267883947,0.5102339091131923,-4.353170978496328,3.56559220877005,0.11379410617296241,0.4261663958554562,,,,,0.05213201632358713,0.0,0.4261663958554562,0.9562905252398041,False
MIF,descriptive tubulointerstitial two-source-study synthesis,GSE30529;GSE104954_H7,GSE30529;GSE104954_H7,2.0,-1.470022150845522,4.704708923660183,0.9999999860337011,1.5806191316993776,1.5806191427370773,-21.553692448132487,18.61364814644144,-21.553692588379757,18.61364828668871,0.5230697076530734,0.5230697098700436,,,,,16.976920557268475,94.10965023587943,0.5230697098700436,0.9836250026905868,False
MMP1,descriptive tubulointerstitial two-source-study synthesis,GSE30529;GSE104954_H7,GSE30529;GSE104954_H7,2.0,0.9543422752399182,0.4686024167476291,0.9999999999340425,0.5859398165574112,0.5859398165767348,-6.490728997015192,8.399413547495028,-6.490728997260721,8.399413547740558,0.35054196157535655,0.35054196158471795,,,,,3.134210593529261,68.09403930723253,0.35054196158471795,0.9487252351416693,False
MMP10,descriptive tubulointerstitial two-source-study synthesis,GSE30529;GSE104954_H7,GSE30529;GSE104954_H7,2.0,0.031198032982251565,0.0,0.24975181314853295,0.1544913426020176,0.3091361703720932,-1.9318005960854918,1.9941966620499951,-3.896749439122546,3.959145505087049,0.8731467842054319,0.9359691050901329,,,,,0.24975181314853295,0.0,0.9359691050901329,1.0,False
MMP11,descriptive tubulointerstitial two-source-study synthesis,GSE30529;GSE104954_H7,GSE30529;GSE104954_H7,2.0,0.9266308399054922,0.0,0.09580436404154,0.10043191239005031,0.3244733900747568,-0.34947760096804703,2.2027392807790314,-3.1961944858250417,5.049456165636026,0.06873107487314487,0.21442723855757073,,,,,0.09580436404154,0.0,0.21442723855757073,0.928002933619894,False
MMP12,descriptive tubulointerstitial two-source-study synthesis,GSE30529;GSE104954_H7,GSE30529;GSE104954_H7,2.0,0.3406175255847889,0.06270817793317861,0.999999974369844,0.35953495479054154,0.3595349593980101,-4.227707219795144,4.908942270964722,-4.227707278338584,4.908942329508162,0.5171966542605986,0.5171966583338131,,,,,1.3191410494255313,24.193095163289254,0.5171966583338131,0.9763922614970253,False
MMP13,descriptive tubulointerstitial two-source-study synthesis,GSE30529;GSE104954_H7,GSE30529;GSE104954_H7,2.0,-0.818512745366267,0.020709058206253416,0.9999999802629169,0.3398855782827161,0.3398855816368911,-5.137168489899588,3.5001429991670547,-5.137168532518423,3.5001430417858894,0.2505617622035457,0.2505617644286645,,,,,1.0983599297287483,8.955163700576671,0.2505617644286645,0.928002933619894,False
MMP14,descriptive tubulointerstitial two-source-study synthesis,GSE30529;GSE104954_H7,GSE30529;GSE104954_H7,2.0,-0.6742580071144759,0.4988817774244094,0.999999989521552,0.5958693203962389,0.5958693235181317,-8.245495588074363,6.89697957384541,-8.245495627741771,6.89697961351282,0.46075939012921946,0.46075939178425995,,,,,3.3590855247052054,70.22999287617839,0.46075939178425995,0.9595069249124349,False
MMP15,descriptive tubulointerstitial two-source-study synthesis,GSE30529;GSE104954_H7,GSE30529;GSE104954_H7,2.0,0.15166498181762053,0.26433743936961596,0.9999999908130748,0.4802659292004561,0.48026593140653967,-5.950692242412555,6.254022206047796,-5.950692270443505,6.254022234078746,0.8052689833343201,0.8052689841740497,,,,,2.3417817161895593,57.29747170341929,0.8052689841740497,1.0,False
MMP16,descriptive tubulointerstitial two-source-study synthesis,GSE30529;GSE104954_H7,GSE30529;GSE104954_H7,2.0,-0.05346856728742576,0.0,0.36282339582516177,0.1863896352985461,0.3094383357772819,-2.421773434091686,2.314836299516835,-3.9852554148947403,3.8783182803198892,0.8221521623390127,0.8910725835971286,,,,,0.36282339582516177,0.0,0.8910725835971286,1.0,False
MMP17,descriptive tubulointerstitial two-source-study synthesis,GSE30529;GSE104954_H7,GSE30529;GSE104954_H7,2.0,-0.32435754246853765,0.0,0.017544335911313116,0.04116323343557039,0.31077137904084184,-0.8473860141038467,0.19867092916677143,-4.273082310704823,3.624367225767748,0.08036190510175877,0.48638402205838066,,,,,0.017544335911313116,0.0,0.48638402205838066,0.9645482718934864,False
MMP19,descriptive tubulointerstitial two-source-study synthesis,GSE30529;GSE104954_H7,GSE30529;GSE104954_H7,2.0,-1.257569612701953,0.0,0.1801672937730645,0.1436221575342021,0.3383634690842792,-3.0824621509826597,0.5673229255787537,-5.556885126129122,3.041745900725215,0.07239222895184026,0.1673271189936773,,,,,0.1801672937730645,0.0,0.1673271189936773,0.928002933619894,False
MMP2,descriptive tubulointerstitial two-source-study synthesis,GSE30529;GSE104954_H7,GSE30529;GSE104954_H7,2.0,1.0161077470861235,0.0593919475679462,1.000000001180799,0.3713963390163057,0.3713963390163057,-3.7029301747208025,5.7351456688930496,-3.7029301747208025,5.7351456688930496,0.22308670671446845,0.22308670671446845,,,,,1.2717997736949713,21.371270801952498,0.22308670671446845,0.928002933619894,False
MMP20,descriptive tubulointerstitial two-source-study synthesis,GSE30529;GSE104954_H7,GSE30529;GSE104954_H7,2.0,-0.08550322097119264,0.5842488353829056,0.9999999997985989,0.6263339066631696,0.6263339067262418,-8.043830072241557,7.872823630299171,-8.043830073042965,7.87282363110058,0.9136265281961875,0.9136265282047792,,,,,3.915919772384732,74.46321533316255,0.9136265282047792,1.0,False
MMP24,descriptive tubulointerstitial two-source-study synthesis,GSE30529;GSE104954_H7,GSE30529;GSE104954_H7,2.0,-1.008692010024693,0.0,0.34585421513101644,0.19338008150023978,0.3288252828833261,-3.465818917464888,1.4484348974155021,-5.186813376770794,3.169429356721408,0.12058560171345879,0.20061712925952344,,,,,0.34585421513101644,0.0,0.20061712925952344,0.928002933619894,False
MMP25,descriptive tubulointerstitial two-source-study synthesis,GSE30529;GSE104954_H7,GSE30529;GSE104954_H7,2.0,-0.9194743433774473,0.0,0.016577100629562774,0.04178682544447724,0.32455259955198223,-1.450426302749769,-0.3885223840051254,-5.0433061209426535,3.2043574341877585,0.028912201348785027,0.2160202381694323,,,,,0.016577100629562774,0.0,0.2160202381694323,0.928002933619894,False
MMP3,descriptive tubulointerstitial two-source-study synthesis,GSE30529;GSE104954_H7,GSE30529;GSE104954_H7,2.0,0.05475164011854741,0.11017967673968639,1.0000000182661763,0.39024798170216013,0.39024798170216013,-4.903819113268056,5.01332239350515,-4.903819113268056,5.01332239350515,0.9112617092683166,0.9112617092683166,,,,,1.5663502388572397,36.15731812767694,0.9112617092683166,1.0,False
MMP7,descriptive tubulointerstitial two-source-study synthesis,GSE30529;GSE104954_H7,GSE30529;GSE104954_H7,2.0,3.052565252282504,0.6819644764179635,0.999999991681565,0.7450605934716281,0.7450605965704972,-6.414327189223826,12.519457693788834,-6.41432722859869,12.519457733163698,0.15240437783970412,0.15240437844964436,,,,,2.5467924719275428,60.7349239868316,0.15240437844964436,0.928002933619894,False
MMP8,descriptive tubulointerstitial two-source-study synthesis,GSE30529;GSE104954_H7,GSE30529;GSE104954_H7,2.0,-0.14879850960021937,1.1831162173686949,0.9999999749998548,0.8340153229232443,0.8340153333484966,-10.745967955769814,10.448370936569376,-10.745968088235204,10.448371069034765,0.8876018857828392,0.8876018871588087,,,,,6.6867686737730585,85.04509354537394,0.8876018871588087,1.0,False
MMP9,descriptive tubulointerstitial two-source-study synthesis,GSE30529;GSE104954_H7,GSE30529;GSE104954_H7,2.0,0.5811862547649133,0.0,0.009663544323444767,0.030965951131342418,0.31500409718754324,0.18772653983969612,0.9746459696901304,-3.421320296833882,4.583692806363708,0.033887439526559864,0.31619755702676833,,,,,0.009663544323444767,0.0,0.31619755702676833,0.9487252351416693,False
MTMR4,descriptive tubulointerstitial two-source-study synthesis,GSE30529;GSE104954_H7,GSE30529;GSE104954_H7,2.0,0.22016647897357716,0.053915558280518784,1.000000003551524,0.3528239013994273,0.3528239013994273,-4.2628862480234595,4.703219205970614,-4.2628862480234595,4.703219205970614,0.6448369627183601,0.6448369627183601,,,,,1.2763351056066083,21.65067029753707,0.6448369627183601,1.0,False
MUSK,descriptive tubulointerstitial two-source-study synthesis,GSE30529;GSE104954_H7,GSE30529;GSE104954_H7,2.0,-0.5550520052104183,0.8215328043053022,1.0000000059950391,0.7187054055533638,0.7187054055533638,-9.687070033166924,8.576966022746086,-9.687070033166924,8.576966022746086,0.5813477744529983,0.5813477744529983,,,,,4.88064920003631,79.51092244055236,0.5813477744529983,1.0,False
MYC,descriptive tubulointerstitial two-source-study synthesis,GSE30529;GSE104954_H7,GSE30529;GSE104954_H7,2.0,1.4895224659346025,0.45220597498014986,0.9999999916019187,0.5942694343234823,0.5942694368188439,-6.061386635030285,9.04043156689949,-6.06138666673686,9.040431598606066,0.24167043768786783,0.2416704386079314,,,,,2.764556471159721,63.82783240522832,0.2416704386079314,0.928002933619894,False
NCAM1,descriptive tubulointerstitial two-source-study synthesis,GSE30529;GSE104954_H7,GSE30529;GSE104954_H7,2.0,0.28749412326880774,0.0,0.9449381440236204,0.30362326430664843,0.31234413463505084,-3.5704052356771494,4.1453934822147644,-3.6812143995474615,4.256202646085077,0.5173664033259605,0.5263587179148862,,,,,0.9449381440236204,0.0,0.5263587179148862,0.9836250026905868,False
NCAN,descriptive tubulointerstitial two-source-study synthesis,GSE30529;GSE104954_H7,GSE30529;GSE104954_H7,2.0,-0.4086472098474663,0.8420792220920622,1.0000000099774127,0.7246205999768193,0.7246205999768193,-9.615824909202676,8.798530489507744,-9.615824909202676,8.798530489507744,0.6731036646813346,0.6731036646813346,,,,,5.0460069065175155,80.18234975643055,0.6731036646813346,1.0,False
NCOR1,descriptive tubulointerstitial two-source-study synthesis,GSE30529;GSE104954_H7,GSE30529;GSE104954_H7,2.0,0.4097119197808026,0.20405577043594844,1.000000000382382,0.44955956903987204,0.44955956903987204,-5.302484005546274,6.121907845107879,-5.302484005546274,6.121907845107879,0.529501316471867,0.529501316471867,,,,,2.019467769181522,50.482002473092514,0.529501316471867,0.9871417399939807,False
NCOR2,descriptive tubulointerstitial two-source-study synthesis,GSE30529;GSE104954_H7,GSE30529;GSE104954_H7,2.0,-1.0466769881108406,0.22054345054195257,0.9999999853398571,0.4712027757395982,0.47120277919354825,-7.033875928911986,4.940521952690304,-7.033875972798582,4.9405219965769005,0.2692973786214136,0.2692973803681883,,,,,1.98341440220738,49.58189277605926,0.2692973803681883,0.9387217996555652,False
NCSTN,descriptive tubulointerstitial two-source-study synthesis,GSE30529;GSE104954_H7,GSE30529;GSE104954_H7,2.0,0.023583572083387756,0.9595107145030669,0.9999999839795642,0.7628937347534582,0.7628937408644033,-9.669900413639004,9.717067557805779,-9.669900491285924,9.717067635452699,0.9803262396873417,0.9803262398448329,,,,,5.691231976782081,82.429111937809,0.9803262398448329,1.0,False
NEDD4L,descriptive tubulointerstitial two-source-study synthesis,GSE30529;GSE104954_H7,GSE30529;GSE104954_H7,2.0,-1.6020722832639338,4.004918930139694,1.000000015649424,1.465974362750134,1.465974362750134,-20.229042674350364,17.024898107822498,-20.229042674350364,17.024898107822498,0.47177817920218235,0.47177817920218235,,,,,14.522684241002054,93.1142205985813,0.47177817920218235,0.9645482718934864,False
NEDD8,descriptive tubulointerstitial two-source-study synthesis,GSE30529;GSE104954_H7,GSE30529;GSE104954_H7,2.0,0.1043400749435483,0.0,0.29294316240437157,0.16743388833724926,0.3093511111117842,-2.023109190043353,2.2317893399304496,-3.826338478205908,4.035018628093004,0.6452222649740479,0.7929047058355069,,,,,0.29294316240437157,0.0,0.7929047058355069,1.0,False
NID1,descriptive tubulointerstitial two-source-study synthesis,GSE30529;GSE104954_H7,GSE30529;GSE104954_H7,2.0,-0.19521295766928287,0.0,0.40944200988190904,0.19856284568235222,0.3103142990657814,-2.7181931279067113,2.327767212568146,-4.138129974161645,3.7477040588230794,0.505415653989939,0.642519611185612,,,,,0.40944200988190904,0.0,0.642519611185612,1.0,False
NID2,descriptive tubulointerstitial two-source-study synthesis,GSE30529;GSE104954_H7,GSE30529;GSE104954_H7,2.0,1.2426328919879595,0.0,0.07999235548787886,0.09519027567857143,0.3365645280084264,0.03312576032312031,2.452140023652799,-3.033824907821108,5.519090691797027,0.048672372550756654,0.16838718250647242,,,,,0.07999235548787886,0.0,0.16838718250647242,0.928002933619894,False
NRAS,descriptive tubulointerstitial two-source-study synthesis,GSE30529;GSE104954_H7,GSE30529;GSE104954_H7,2.0,0.5259503755772913,0.0,0.2110480442160501,0.14425202695393655,0.31400116428727975,-1.3069454125076168,2.3588461636621996,-3.463812705254111,4.515713456408694,0.17041466681112874,0.34264341603414167,,,,,0.2110480442160501,0.0,0.34264341603414167,0.9487252351416693,False
NRXN1,descriptive tubulointerstitial two-source-study synthesis,GSE30529;GSE104954_H7,GSE30529;GSE104954_H7,2.0,-0.5186756679184966,1.155556870639235,1.0000000116429315,0.827711896210131,0.827711896210131,-11.0357524837318,9.998401147894805,-11.0357524837318,9.998401147894805,0.6436353491852198,0.6436353491852198,,,,,6.379458720959642,84.32468891577727,0.6436353491852198,1.0,False
NTN4,descriptive tubulointerstitial two-source-study synthesis,GSE30529;GSE104954_H7,,0.0,,,,,,,,,,,,,,,,,,1.0,1.0,False
OLR1,descriptive tubulointerstitial two-source-study synthesis,GSE30529;GSE104954_H7,GSE30529;GSE104954_H7,2.0,-0.21917009547439573,0.5360411555279102,0.9999999999191477,0.6066536953146597,0.6066536953391845,-7.927436152099405,7.489095961150614,-7.927436152411021,7.48909596146223,0.7792930231106073,0.7792930231188316,,,,,3.676733495714802,72.80194495561099,0.7792930231188316,1.0,False
OPTC,descriptive tubulointerstitial two-source-study synthesis,GSE30529;GSE104954_H7,,0.0,,,,,,,,,,,,,,,,,,1.0,1.0,False
P3H1,descriptive tubulointerstitial two-source-study synthesis,GSE30529;GSE104954_H7,GSE104954_H7,1.0,,,,,,,,,,,,,,,,,,1.0,1.0,False
P3H2,descriptive tubulointerstitial two-source-study synthesis,GSE30529;GSE104954_H7,GSE104954_H7,1.0,,,,,,,,,,,,,,,,,,1.0,1.0,False
P3H3,descriptive tubulointerstitial two-source-study synthesis,GSE30529;GSE104954_H7,GSE104954_H7,1.0,,,,,,,,,,,,,,,,,,1.0,1.0,False
P4HA1,descriptive tubulointerstitial two-source-study synthesis,GSE30529;GSE104954_H7,GSE30529;GSE104954_H7,2.0,-1.5207657560245462,1.3277575841390177,1.0000000242063771,0.8906711119922688,0.8906711119922688,-12.837815257594693,9.7962837455456,-12.837815257594693,9.7962837455456,0.3372927208769254,0.3372927208769254,,,,,6.074066082898659,83.53656370622195,0.3372927208769254,0.9487252351416693,False
P4HA2,descriptive tubulointerstitial two-source-study synthesis,GSE30529;GSE104954_H7,GSE104954_H7,1.0,,,,,,,,,,,,,,,,,,1.0,1.0,False
P4HA3,descriptive tubulointerstitial two-source-study synthesis,GSE30529;GSE104954_H7,,0.0,,,,,,,,,,,,,,,,,,1.0,1.0,False
P4HB,descriptive tubulointerstitial two-source-study synthesis,GSE30529;GSE104954_H7,GSE30529;GSE104954_H7,2.0,1.2934983677204706,0.0,0.3845184811743043,0.21017054489382364,0.3389325203423365,-1.3769716052138476,3.9639683406547888,-3.0130476274969515,5.600044362937893,0.10254329174231763,0.1631443279682808,,,,,0.3845184811743043,0.0,0.1631443279682808,0.928002933619894,False
PARD3,descriptive tubulointerstitial two-source-study synthesis,GSE30529;GSE104954_H7,GSE30529;GSE104954_H7,2.0,0.5792809230697903,0.147375051422302,1.000000006053453,0.4189764130980664,0.4189764130980664,-4.744319161382346,5.902881007521926,-4.744319161382346,5.902881007521926,0.3986342303468827,0.3986342303468827,,,,,1.723235208250597,41.96961649737965,0.3986342303468827,0.9487252351416693,False
PARD6A,descriptive tubulointerstitial two-source-study synthesis,GSE30529;GSE104954_H7,GSE30529;GSE104954_H7,2.0,-1.0511011879627268,0.0,0.44864647557938725,0.22151336011142103,0.33071035591669407,-3.8656952933364352,1.7634929174109817,-5.253174678613444,3.15097230268799,0.13222894819883152,0.1940584219619843,,,,,0.44864647557938725,0.0,0.1940584219619843,0.928002933619894,False
PARP1,descriptive tubulointerstitial two-source-study synthesis,GSE30529;GSE104954_H7,GSE30529;GSE104954_H7,2.0,0.9835173944702074,0.0,0.051755864858472944,0.07437785624253666,0.32693684827963226,0.03845712521476752,1.928577663725647,-3.1706091355704835,5.137643924510899,0.048052486246015824,0.20430698609616868,,,,,0.051755864858472944,0.0,0.20430698609616868,0.928002933619894,False
PCOLCE,descriptive tubulointerstitial two-source-study synthesis,GSE30529;GSE104954_H7,GSE30529;GSE104954_H7,2.0,0.5202464860618224,0.0,0.09273429211798295,0.0956712591408566,0.3141675384080463,-0.6953721199495261,1.7358650920731709,-3.4716305784108403,4.512123550534485,0.11577828888419779,0.3458558472004215,,,,,0.09273429211798295,0.0,0.3458558472004215,0.9487252351416693,False
PCOLCE2,descriptive tubulointerstitial two-source-study synthesis,GSE30529;GSE104954_H7,GSE30529;GSE104954_H7,2.0,-3.4098139235186498,19.53657055374823,1.0000000024156477,3.178029175764113,3.178029175764113,-43.79050328831398,36.97087544127668,-43.79050328831398,36.97087544127668,0.4776105913600064,0.4776105913600064,,,,,29.942455189562473,96.66026051080611,0.4776105913600064,0.9645482718934864,False
PDGFA,descriptive tubulointerstitial two-source-study synthesis,GSE30529;GSE104954_H7,GSE30529;GSE104954_H7,2.0,0.1540822618975976,0.05983367082808769,0.9999999855187895,0.35618927754538476,0.3561892801244107,-4.371731623424213,4.6798961472194085,-4.371731656193845,4.67989617998904,0.7400822032225721,0.7400822049022597,,,,,1.3079313270747024,23.543386468417765,0.7400822049022597,1.0,False
PDGFB,descriptive tubulointerstitial two-source-study synthesis,GSE30529;GSE104954_H7,GSE30529;GSE104954_H7,2.0,-0.3261251621792894,0.0,0.9808069223121285,0.3098999108641877,0.31291738348358067,-4.2637768773419475,3.6115265529833684,-4.3021175022297555,3.6498671778711764,0.48376309927707584,0.486844168404718,,,,,0.9808069223121285,0.0,0.486844168404718,0.9645482718934864,False
PECAM1,descriptive tubulointerstitial two-source-study synthesis,GSE30529;GSE104954_H7,GSE30529;GSE104954_H7,2.0,1.6386139249989922,0.0,0.4735402408558528,0.24496268812045272,0.35597663531499296,-1.4739321429831886,4.751159992981173,-2.8844980846079027,6.1617259346058875,0.09447112045673292,0.13618482240365054,,,,,0.4735402408558528,0.0,0.13618482240365054,0.928002933619894,False
PF4,descriptive tubulointerstitial two-source-study synthesis,GSE30529;GSE104954_H7,GSE30529;GSE104954_H7,2.0,0.1128017428083867,0.0,0.0022377138043560684,0.014613609919437647,0.3089265540361512,-0.07288177676258142,0.2984852623793548,-3.8124823012158857,4.038085786832659,0.08201808964347836,0.7771198949558858,,,,,0.0022377138043560684,0.0,0.7771198949558858,1.0,False
PF4V1,descriptive tubulointerstitial two-source-study synthesis,GSE30529;GSE104954_H7,GSE30529;GSE104954_H7,2.0,1.4780868933511884,0.09627452282637808,0.9999999958398149,0.41505547691768385,0.4150554777810377,-3.7956929732355325,6.75186675993791,-3.7956929842054836,6.75186677090786,0.1742783743013537,0.17427837464602663,,,,,1.3848045069832273,27.78764114665667,0.17427837464602663,0.928002933619894,False
PHYKPL,descriptive tubulointerstitial two-source-study synthesis,GSE30529;GSE104954_H7,,0.0,,,,,,,,,,,,,,,,,,1.0,1.0,False
PICK1,descriptive tubulointerstitial two-source-study synthesis,GSE30529;GSE104954_H7,GSE30529;GSE104954_H7,2.0,-0.6812470861462815,0.0,0.7023949054086955,0.2676987445215413,0.31941525802803344,-4.082682141653909,2.720187969361346,-4.739802750508542,3.377308578215979,0.23836157803023592,0.279115535909305,,,,,0.7023949054086955,0.0,0.279115535909305,0.9440995841364573,False
PIK3CA,descriptive tubulointerstitial two-source-study synthesis,GSE30529;GSE104954_H7,GSE30529;GSE104954_H7,2.0,-0.16044261471868776,0.5046823798585653,0.9999999875842507,0.59326998694644,0.5932699906293857,-7.698652532687842,7.377767303250466,-7.698652579484105,7.377767350046729,0.8318561013917308,0.831856102387676,,,,,3.5303881039127734,71.67450233327924,0.831856102387676,1.0,False
PIK3CB,descriptive tubulointerstitial two-source-study synthesis,GSE30529;GSE104954_H7,GSE30529;GSE104954_H7,2.0,-1.0812769848879955,0.015544310907412979,1.0000000011051517,0.3449915703666888,0.3449915703666888,-5.464810510221563,3.3022565404455713,-5.464810510221563,3.3022565404455713,0.19661967881535858,0.19661967881535858,,,,,1.0696631272441066,6.512623037085288,0.19661967881535858,0.928002933619894,False
PIK3R1,descriptive tubulointerstitial two-source-study synthesis,GSE30529;GSE104954_H7,GSE30529;GSE104954_H7,2.0,0.0886236029141296,0.0632060106480367,1.0000000019889959,0.3586027250583488,0.3586027250583488,-4.467856040627414,4.6451032464556725,-4.467856040627414,4.6451032464556725,0.8457589867493682,0.8457589867493682,,,,,1.3255952838649332,24.562193893419778,0.8457589867493682,1.0,False
PIK3R2,descriptive tubulointerstitial two-source-study synthesis,GSE30529;GSE104954_H7,GSE30529;GSE104954_H7,2.0,-0.9027528990697217,0.7016141164137801,1.0000000111527385,0.6798954192091833,0.6798954192091833,-9.541643294728924,7.736137496589482,-9.541643294728924,7.736137496589482,0.4109411989264252,0.4109411989264252,,,,,4.138984509426891,75.8394843536521,0.4109411989264252,0.9526431180778144,False
PLCG1,descriptive tubulointerstitial two-source-study synthesis,GSE30529;GSE104954_H7,GSE30529;GSE104954_H7,2.0,-0.5564732476221419,0.21807363408694563,0.9999999892565296,0.4593705505626968,0.4593705530303139,-6.393329512841057,5.280383017596773,-6.393329544195105,5.280383048950821,0.4393309829625851,0.4393309846414978,,,,,2.0687896783270254,51.66255852510473,0.4393309846414978,0.9562905252398041,False
PLEC,descriptive tubulointerstitial two-source-study synthesis,GSE30529;GSE104954_H7,GSE30529;GSE104954_H7,2.0,-0.5160851358327754,0.38916733473798326,0.999999994418119,0.5450736870018805,0.5450736885231487,-7.4419029991802725,6.409732727514721,-7.4419030185098185,6.409732746844267,0.5173867434521663,0.5173867443392253,,,,,2.8972783546363248,65.48484896524472,0.5173867443392253,0.9763922614970253,False
PLG,descriptive tubulointerstitial two-source-study synthesis,GSE30529;GSE104954_H7,GSE30529;GSE104954_H7,2.0,-0.6958868016892533,0.06743604961964107,0.9999999912379491,0.3684294698210986,0.3684294714351975,-5.377227076076428,3.9854534726979214,-5.377227096585499,3.9854534932069923,0.30998311888600216,0.3099831200393441,,,,,1.3283842467466198,24.720576711962234,0.3099831200393441,0.9487252351416693,False
PLOD1,descriptive tubulointerstitial two-source-study synthesis,GSE30529;GSE104954_H7,GSE30529;GSE104954_H7,2.0,-0.9929677949690444,0.34746322938937874,1.0000000072184676,0.5319417225834502,0.5319417225834502,-7.751928229827804,5.765992639889715,-7.751928229827804,5.765992639889715,0.31309280020757246,0.31309280020757246,,,,,2.5784161063798425,61.21650041179646,0.31309280020757246,0.9487252351416693,False
PLOD2,descriptive tubulointerstitial two-source-study synthesis,GSE30529;GSE104954_H7,GSE30529;GSE104954_H7,2.0,1.1691037441262995,0.0,0.16088951333253176,0.1337634054809578,0.3334828066432202,-0.5305214721227025,2.8687289603753015,-3.068197073076615,5.406404561329214,0.07252370050746355,0.1768957334628954,,,,,0.16088951333253176,0.0,0.1768957334628954,0.928002933619894,False
PLOD3,descriptive tubulointerstitial two-source-study synthesis,GSE30529;GSE104954_H7,GSE30529;GSE104954_H7,2.0,0.43597591509920175,0.051253176226203026,1.000000002746704,0.3525187162579846,0.3525187162579846,-4.043199067008225,4.915150897206629,-4.043199067008225,4.915150897206629,0.4328677472421916,0.4328677472421916,,,,,1.2586813563448285,20.55177468394631,0.4328677472421916,0.9562905252398041,False
PMEPA1,descriptive tubulointerstitial two-source-study synthesis,GSE30529;GSE104954_H7,GSE30529;GSE104954_H7,2.0,1.087076382175314,0.4552755234261171,1.0000000142041938,0.5828031419131807,0.5828031419131807,-6.318139659859435,8.492292424210063,-6.318139659859435,8.492292424210063,0.31329598872620734,0.31329598872620734,,,,,3.0155088399873033,66.83810086246636,0.31329598872620734,0.9487252351416693,False
PPBP,descriptive tubulointerstitial two-source-study synthesis,GSE30529;GSE104954_H7,GSE30529;GSE104954_H7,2.0,0.0800077546235415,0.0,0.5532962555323422,0.23050623620502003,0.30988732556793236,-2.8488516755624866,3.00886718480957,-3.85748404918823,4.017499558435313,0.7873147234250334,0.8391480150585344,,,,,0.5532962555323422,0.0,0.8391480150585344,1.0,False
PPIA,descriptive tubulointerstitial two-source-study synthesis,GSE30529;GSE104954_H7,GSE30529,1.0,,,,,,,,,,,,,,,,,,1.0,1.0,False
PPIB,descriptive tubulointerstitial two-source-study synthesis,GSE30529;GSE104954_H7,GSE30529;GSE104954_H7,2.0,1.4313970059096763,0.0,0.19038508253101,0.15118118262012611,0.34648248059651265,-0.48954205271866136,3.3523360645380142,-2.971080330047289,5.8338743418666414,0.0669901017098611,0.15119140184115334,,,,,0.19038508253101,0.0,0.15119140184115334,0.928002933619894,False
PPIL2,descriptive tubulointerstitial two-source-study synthesis,GSE30529;GSE104954_H7,GSE30529;GSE104954_H7,2.0,-0.8618449854876626,0.0,0.14407755556703078,0.12237847605510728,0.3224087909330802,-2.416810957544908,0.6931209865695829,-4.958437091825924,3.2347471208505985,0.08979710308596277,0.22789322785135946,,,,,0.14407755556703078,0.0,0.22789322785135946,0.928002933619894,False
PPM1A,descriptive tubulointerstitial two-source-study synthesis,GSE30529;GSE104954_H7,GSE30529;GSE104954_H7,2.0,-0.6711090677918362,0.0,0.4869365068625335,0.22154292478025261,0.31748390758253514,-3.486078827900676,2.143860692317004,-4.705124597976293,3.3629064623926204,0.20298680894195437,0.2813065544375689,,,,,0.4869365068625335,0.0,0.2813065544375689,0.9440995841364573,False
PPP1CA,descriptive tubulointerstitial two-source-study synthesis,GSE30529;GSE104954_H7,GSE30529;GSE104954_H7,2.0,0.3396486848394212,0.242403415583002,0.9999999930612351,0.46992656172830866,0.4699265633586636,-5.6313344194471044,6.310631789125947,-5.631334440162728,6.310631809841571,0.601574853709721,0.6015748547583084,,,,,2.21652393953989,54.88431312825875,0.6015748547583084,1.0,False
PPP1CB,descriptive tubulointerstitial two-source-study synthesis,GSE30529;GSE104954_H7,GSE30529;GSE104954_H7,2.0,0.3098783501916791,0.0,0.3789771349840015,0.19172793695342463,0.3114432301456909,-2.126256070382928,2.7460127707662862,-3.647383095735044,4.267139796118402,0.35273231111117537,0.5016034070682621,,,,,0.3789771349840015,0.0,0.5016034070682621,0.96976658699864,False
PPP1CC,descriptive tubulointerstitial two-source-study synthesis,GSE30529;GSE104954_H7,GSE30529;GSE104954_H7,2.0,0.7217885277399861,0.0,0.11480273198344704,0.10787361938199351,0.3183751326084547,-0.648875765759806,2.092452821239778,-3.323551090089807,4.767128145569779,0.09444582580882853,0.2644654585527527,,,,,0.11480273198344704,0.0,0.2644654585527527,0.9369975296235536,False
PPP1R15A,descriptive tubulointerstitial two-source-study synthesis,GSE30529;GSE104954_H7,GSE30529;GSE104954_H7,2.0,-1.6113691471500338,0.0007561498915828117,0.9999999951424164,0.35566192504361566,0.35566192590744444,-6.130482383616233,2.907744089316165,-6.130482394592217,2.9077441002921502,0.13829754372704042,0.1382975440524679,,,,,1.0029551557117111,0.2946448497604164,0.1382975440524679,0.928002933619894,False
PRKCA,descriptive tubulointerstitial two-source-study synthesis,GSE30529;GSE104954_H7,GSE30529;GSE104954_H7,2.0,-1.3236601053038173,0.2642446066068294,0.9999999922285026,0.4996910122461439,0.4996910141878176,-7.672836411729698,5.025516201122063,-7.672836436401002,5.025516225793367,0.22979860973947194,0.22979861055684309,,,,,2.1116144247648543,52.64286944282651,0.22979861055684309,0.928002933619894,False
PRKCZ,descriptive tubulointerstitial two-source-study synthesis,GSE30529;GSE104954_H7,GSE30529;GSE104954_H7,2.0,-0.7916194006006442,0.0,0.08042062437756674,0.09097879529609279,0.32081632638916974,-1.9476146002833263,0.3643757990820381,-4.867977326408879,3.284738525207591,0.0728454838204143,0.24512258909741874,,,,,0.08042062437756674,0.0,0.24512258909741874,0.928002933619894,False
PROC,descriptive tubulointerstitial two-source-study synthesis,GSE30529;GSE104954_H7,GSE30529;GSE104954_H7,2.0,-0.70203470778536,1.039838386688283,1.000000002756798,0.793373621462667,0.793373621462667,-10.782802374370368,9.378732958799647,-10.782802374370368,9.378732958799647,0.538836221068089,0.538836221068089,,,,,5.73967894626842,82.57742272065343,0.538836221068089,0.9911747392737917,False
PROCR,descriptive tubulointerstitial two-source-study synthesis,GSE30529;GSE104954_H7,GSE30529;GSE104954_H7,2.0,0.863621036806149,0.5358276669389274,0.999999999908844,0.6143535854834812,0.6143535855114821,-6.942481400749964,8.669723474362263,-6.94248140110575,8.669723474718047,0.3936320341125888,0.3936320341262941,,,,,3.44066489377023,70.93585016632599,0.3936320341262941,0.9487252351416693,False
PROS1,descriptive tubulointerstitial two-source-study synthesis,GSE30529;GSE104954_H7,GSE30529;GSE104954_H7,2.0,0.9973813383838769,0.0,0.5755125448522361,0.24830661622615285,0.3273112210801907,-2.157653364732379,4.152416041500133,-3.1615020491083645,5.1562647258761185,0.1553341034545082,0.2018701627835933,,,,,0.5755125448522361,0.0,0.2018701627835933,0.928002933619894,False
PROZ,descriptive tubulointerstitial two-source-study synthesis,GSE30529;GSE104954_H7,GSE30529;GSE104954_H7,2.0,-0.9436326349491523,0.0,0.6044355893808376,0.2543900834892203,0.32720894224656716,-4.17596511861576,2.288699848717455,-5.101216446641195,3.2139511767428908,0.16763844965015687,0.21249136779236968,,,,,0.6044355893808376,0.0,0.21249136779236968,0.928002933619894,False
PRSS1,descriptive tubulointerstitial two-source-study synthesis,GSE30529;GSE104954_H7,GSE30529;GSE104954_H7,2.0,0.04770956708181049,0.0,0.010316869917784433,0.03136086446770907,0.30875503477541205,-0.3507679975483271,0.4461871317119481,-3.8753951180993123,3.9708142522629335,0.3702007120384688,0.9023999082924404,,,,,0.010316869917784433,0.0,0.9023999082924404,1.0,False
PRSS2,descriptive tubulointerstitial two-source-study synthesis,GSE30529;GSE104954_H7,GSE30529,1.0,,,,,,,,,,,,,,,,,,1.0,1.0,False
PRTN3,descriptive tubulointerstitial two-source-study synthesis,GSE30529;GSE104954_H7,GSE30529;GSE104954_H7,2.0,-0.9422517341294577,1.1095666096074241,0.9999999874225103,0.8183900849790561,0.8183900901257026,-11.340883707928752,9.456380239669835,-11.340883773323096,9.45638030506418,0.455287285635687,0.45528728761774,,,,,5.809245844411541,82.78606161999507,0.45528728761774,0.9585524067895753,False
PSEN1,descriptive tubulointerstitial two-source-study synthesis,GSE30529;GSE104954_H7,GSE30529;GSE104954_H7,2.0,0.3738480669804825,0.0,0.8562127010834808,0.2899476402098534,0.3133493120641729,-3.310286012296633,4.057982146257598,-3.607632446046393,4.355328580007358,0.4199589104586828,0.44409806825215636,,,,,0.8562127010834808,0.0,0.44409806825215636,0.9562905252398041,False
PSG1,descriptive tubulointerstitial two-source-study synthesis,GSE30529;GSE104954_H7,GSE30529;GSE104954_H7,2.0,-0.33302908049251173,0.0,0.48799756438713426,0.2179382454653199,0.3119784693866199,-3.102197047217562,2.436138886232539,-4.297091385797313,3.6310332248122896,0.36890243621092345,0.4792305062122961,,,,,0.48799756438713426,0.0,0.4792305062122961,0.9645482718934864,False
PSG11,descriptive tubulointerstitial two-source-study synthesis,GSE30529;GSE104954_H7,GSE30529;GSE104954_H7,2.0,-0.9618545997601623,0.0,0.56869234686329,0.24716562556587987,0.3277550405454119,-4.1023916419449264,2.1786824424246016,-5.126377248243403,3.202668048723079,0.16012625360583704,0.20907453482380212,,,,,0.56869234686329,0.0,0.20907453482380212,0.928002933619894,False
PSG2,descriptive tubulointerstitial two-source-study synthesis,GSE30529;GSE104954_H7,GSE30529;GSE104954_H7,2.0,-0.8660237367313851,0.0,0.5292162884777285,0.23599216718453164,0.3244001058279988,-3.8645885291116113,2.1325410556488413,-4.987917897818676,3.2558704243559053,0.16936711985771455,0.22816923552685625,,,,,0.5292162884777285,0.0,0.22816923552685625,0.928002933619894,False
PSG3,descriptive tubulointerstitial two-source-study synthesis,GSE30529;GSE104954_H7,GSE30529;GSE104954_H7,2.0,-0.43937958555101675,0.031030325229281428,1.0000000026018108,0.33880696265896587,0.33880696265896587,-4.744330219137332,3.865571048035298,-4.744330219137332,3.865571048035298,0.4181769789036161,0.4181769789036161,,,,,1.1562846779029656,13.51610731246591,0.4181769789036161,0.9546139197712286,False
PSG4,descriptive tubulointerstitial two-source-study synthesis,GSE30529;GSE104954_H7,GSE30529;GSE104954_H7,2.0,-0.8518471219511607,0.05843235202583017,1.0000000045563795,0.36787215138980783,0.36787215138980783,-5.526105994247111,3.8224117503447896,-5.526105994247111,3.8224117503447896,0.2595245905897031,0.2595245905897031,,,,,1.2749622093786708,21.566302699486954,0.2595245905897031,0.928002933619894,False
PSG5,descriptive tubulointerstitial two-source-study synthesis,GSE30529;GSE104954_H7,GSE30529;GSE104954_H7,2.0,-0.8164150465162626,0.0,0.37723809961611204,0.19803947902951857,0.32243635351469924,-3.3327452129107002,1.6999151198781752,-4.913357368659632,3.2805272756271067,0.15149993068269202,0.23945700875411977,,,,,0.37723809961611204,0.0,0.23945700875411977,0.928002933619894,False
PSG6,descriptive tubulointerstitial two-source-study synthesis,GSE30529;GSE104954_H7,GSE30529,1.0,,,,,,,,,,,,,,,,,,1.0,1.0,False
PSG7,descriptive tubulointerstitial two-source-study synthesis,GSE30529;GSE104954_H7,GSE30529,1.0,,,,,,,,,,,,,,,,,,1.0,1.0,False
PSG8,descriptive tubulointerstitial two-source-study synthesis,GSE30529;GSE104954_H7,,0.0,,,,,,,,,,,,,,,,,,1.0,1.0,False
PSG9,descriptive tubulointerstitial two-source-study synthesis,GSE30529;GSE104954_H7,GSE30529;GSE104954_H7,2.0,-0.5441374591423622,0.08045148786248668,0.9999999956640511,0.37568680048634295,0.3756868013008224,-5.317690862800251,4.229415944515526,-5.317690873149193,4.229415954864468,0.384691316681549,0.38469131732685075,,,,,1.3985559706236104,28.497677532769455,0.38469131732685075,0.9487252351416693,False
PSMA1,descriptive tubulointerstitial two-source-study synthesis,GSE30529;GSE104954_H7,GSE30529;GSE104954_H7,2.0,0.39391018797723015,0.9569626663391564,0.9999999994922139,0.7635851079598486,0.7635851081537175,-9.308358527254663,10.096178903209124,-9.308358529718001,10.096178905672462,0.6968019543515638,0.6968019544174198,,,,,5.574052870154894,82.05973241921885,0.6968019544174198,1.0,False
PSMA2,descriptive tubulointerstitial two-source-study synthesis,GSE30529;GSE104954_H7,GSE30529;GSE104954_H7,2.0,-0.0584544043745141,0.0,0.13312871147139582,0.11275129408948643,0.3090193472767767,-1.4910954313441724,1.3741866225951442,-3.984917498312307,3.8680086895632786,0.6955124556304502,0.8809826342045487,,,,,0.13312871147139582,0.0,0.8809826342045487,1.0,False
PSMA3,descriptive tubulointerstitial two-source-study synthesis,GSE30529;GSE104954_H7,GSE30529;GSE104954_H7,2.0,0.7636649026580489,0.0,0.13663800528825276,0.11835825898648954,0.3201937212790156,-0.7402193682414755,2.2675491735575735,-3.3047820751507784,4.832111880466877,0.0978890544311588,0.2527511559572058,,,,,0.13663800528825276,0.0,0.2527511559572058,0.928002933619894,False
PSMA4,descriptive tubulointerstitial two-source-study synthesis,GSE30529;GSE104954_H7,GSE30529;GSE104954_H7,2.0,1.286723829429208,0.0,0.06783035366018961,0.08815952039649304,0.33849883486730326,0.1665509138283987,2.4068967450300174,-3.0143116693513363,5.587759328209753,0.04354976457600637,0.16376521598674038,,,,,0.06783035366018961,0.0,0.16376521598674038,0.928002933619894,False
PSMA5,descriptive tubulointerstitial two-source-study synthesis,GSE30529;GSE104954_H7,GSE30529;GSE104954_H7,2.0,-0.007355564572610641,0.13547140491030393,0.9999999938353644,0.4062097005369549,0.40620970178902227,-5.168739185415371,5.15402805627015,-5.168739201324395,5.154028072179174,0.9884734753227049,0.9884734753582264,,,,,1.6957399447948496,41.02869351697793,0.9884734753582264,1.0,False
PSMA6,descriptive tubulointerstitial two-source-study synthesis,GSE30529;GSE104954_H7,GSE104954_H7,1.0,,,,,,,,,,,,,,,,,,1.0,1.0,False
PSMA7,descriptive tubulointerstitial two-source-study synthesis,GSE30529;GSE104954_H7,GSE30529;GSE104954_H7,2.0,0.17780071987288049,0.0,0.05448166988579944,0.07222734592859585,0.30943999923471455,-0.7399347250463721,1.0955361647921331,-3.754007263965143,4.109608703710904,0.24564763984787052,0.6679868063918954,,,,,0.05448166988579944,0.0,0.6679868063918954,1.0,False
PSMB1,descriptive tubulointerstitial two-source-study synthesis,GSE30529;GSE104954_H7,GSE30529;GSE104954_H7,2.0,-0.6670791724626935,0.0,0.2750613792922169,0.1667723855242236,0.31798697607578863,-2.7861232472737356,1.4519649023483483,-4.707486793918748,3.373328448993361,0.1559605892580022,0.2831829026827479,,,,,0.2750613792922169,0.0,0.2831829026827479,0.9440995841364573,False
PSMB2,descriptive tubulointerstitial two-source-study synthesis,GSE30529;GSE104954_H7,GSE30529;GSE104954_H7,2.0,-0.14713449138484494,1.4351770279629343,1.0000000097584896,0.9069942920381913,0.9069942920381913,-11.671589660563924,11.377320677794234,-11.671589660563924,11.377320677794234,0.8976180998109677,0.8976180998109677,,,,,7.827733037159257,87.22490923933059,0.8976180998109677,1.0,False
PSMB3,descriptive tubulointerstitial two-source-study synthesis,GSE30529;GSE104954_H7,GSE30529;GSE104954_H7,2.0,-0.24416684968985644,1.819645784125571,0.9999999915843294,1.0086639800639936,1.0086639843082856,-13.06045789038779,12.572124191008077,-13.060457944316632,12.57212424493692,0.8488022254190736,0.8488022260316329,,,,,9.451115765788423,89.41923869327847,0.8488022260316329,1.0,False
PSMB4,descriptive tubulointerstitial two-source-study synthesis,GSE30529;GSE104954_H7,GSE30529;GSE104954_H7,2.0,-0.32755030432525195,0.0,0.7881536463018004,0.2768019527694231,0.31179109345263345,-3.8446525875865,3.1895519789359956,-4.28923177265019,3.634131163999686,0.44666721622810235,0.48431105174729966,,,,,0.7881536463018004,0.0,0.48431105174729966,0.9645482718934864,False
PSMB5,descriptive tubulointerstitial two-source-study synthesis,GSE30529;GSE104954_H7,GSE30529;GSE104954_H7,2.0,-1.0508826912126228,3.423024212912028,0.9999999860509231,1.3560726340657,1.356072643523681,-18.281419216775113,16.17965383434987,-18.281419336950158,16.17965395452491,0.5802917616577283,0.5802917638075386,,,,,14.360277175561894,93.03634611105011,0.5802917638075386,1.0,False
PSMB6,descriptive tubulointerstitial two-source-study synthesis,GSE30529;GSE104954_H7,GSE30529;GSE104954_H7,2.0,-1.122022710480259,4.467643035416397,0.9999999859783376,1.5390739098195947,1.539073920609782,-20.677810912752896,18.43376549179238,-20.677811049855226,18.433765628894708,0.5989670160060726,0.5989670181306932,,,,,17.464465637476813,94.27408762021261,0.5989670181306932,1.0,False
PSMB7,descriptive tubulointerstitial two-source-study synthesis,GSE30529;GSE104954_H7,GSE30529;GSE104954_H7,2.0,-0.5268567408977485,1.0825011965608138,0.9999999994318146,0.8041849621853601,0.8041849624138231,-10.744995516177838,9.69128203438234,-10.744995519080737,9.691282037285239,0.6307715396124073,0.6307715396953122,,,,,6.119044301136846,83.65757868734156,0.6307715396953122,1.0,False
PSMC1,descriptive tubulointerstitial two-source-study synthesis,GSE30529;GSE104954_H7,GSE30529,1.0,,,,,,,,,,,,,,,,,,1.0,1.0,False
PSMC2,descriptive tubulointerstitial two-source-study synthesis,GSE30529;GSE104954_H7,GSE30529;GSE104954_H7,2.0,0.5103188036191487,0.7333449328100871,0.999999982474167,0.6864931521211939,0.6864931581368762,-8.212403737214661,9.233041344452957,-8.212403813651152,9.233041420889448,0.593044150909342,0.5930441535803466,,,,,4.503581779126632,77.7954515085118,0.5930441535803466,1.0,False
PSMC3,descriptive tubulointerstitial two-source-study synthesis,GSE30529;GSE104954_H7,GSE30529;GSE104954_H7,2.0,0.35834755444207916,0.047958244970487125,1.0000000206167114,0.3500463076078421,0.3500463076078421,-4.089412497165148,4.806107606049307,-4.089412497165148,4.806107606049307,0.492540172535205,0.492540172535205,,,,,1.2433027386593398,19.56906641432275,0.492540172535205,0.9645482718934864,False
PSMC4,descriptive tubulointerstitial two-source-study synthesis,GSE30529;GSE104954_H7,GSE30529;GSE104954_H7,2.0,-0.11438829501725527,0.0,0.865340782922858,0.2887170416822991,0.3103693545170485,-3.782886137455231,3.5541095474207203,-4.058004857345259,3.8292282673107487,0.7598529864269795,0.7752040482973798,,,,,0.865340782922858,0.0,0.7752040482973798,1.0,False
PSMC5,descriptive tubulointerstitial two-source-study synthesis,GSE30529;GSE104954_H7,GSE30529;GSE104954_H7,2.0,-0.8414167639105459,0.7728077623106029,1.0000000112474137,0.7034251433082251,0.7034251433082251,-9.77928065135788,8.096447123536787,-9.77928065135788,8.096447123536787,0.44328502811572534,0.44328502811572534,,,,,4.545448509960992,77.99997078817242,0.44328502811572534,0.9562905252398041,False
PSMC6,descriptive tubulointerstitial two-source-study synthesis,GSE30529;GSE104954_H7,GSE30529,1.0,,,,,,,,,,,,,,,,,,1.0,1.0,False
PSMD1,descriptive tubulointerstitial two-source-study synthesis,GSE30529;GSE104954_H7,GSE30529;GSE104954_H7,2.0,1.1041869768155355,0.18928473066833382,0.9999999755982882,0.4535484942612843,0.4535484997949642,-4.658693049052096,6.867067002683167,-4.658693119364166,6.867067072995237,0.24811745850916697,0.2481174612390352,,,,,1.844280684898133,45.77831844206328,0.2481174612390352,0.928002933619894,False
PSMD11,descriptive tubulointerstitial two-source-study synthesis,GSE30529;GSE104954_H7,GSE30529;GSE104954_H7,2.0,0.17195308242539337,0.9658310109254467,1.0000000092246943,0.7653463802135639,0.7653463802135639,-9.552694718658351,9.896600883509137,-9.552694718658351,9.896600883509137,0.8593046788794252,0.8593046788794252,,,,,5.6958111025772045,82.44323798681586,0.8593046788794252,1.0,False
PSMD12,descriptive tubulointerstitial two-source-study synthesis,GSE30529;GSE104954_H7,GSE30529;GSE104954_H7,2.0,-0.04224700601577657,0.0,0.55868083065052,0.23147852965536087,0.3096911751143188,-2.983460595845477,2.898966583813924,-3.977246482004841,3.892752469973288,0.8850758001103888,0.9136872981341229,,,,,0.55868083065052,0.0,0.9136872981341229,1.0,False
PSMD13,descriptive tubulointerstitial two-source-study synthesis,GSE30529;GSE104954_H7,GSE30529;GSE104954_H7,2.0,0.5713862223512721,0.07807765862896977,0.9999999832755904,0.37459508248471457,0.3745950856171554,-4.188295588863759,5.331068033566303,-4.188295628665193,5.331068073367737,0.36942719197084234,0.36942719441179006,,,,,1.3853700323988152,27.81711913686583,0.36942719441179006,0.9487252351416693,False
PSMD14,descriptive tubulointerstitial two-source-study synthesis,GSE30529;GSE104954_H7,GSE30529;GSE104954_H7,2.0,0.5164972433397158,0.0,0.32055257592284814,0.17775221371820651,0.3139535386990697,-1.7420587764720965,2.775053263151528,-3.472660697017209,4.505655183696641,0.21100967401625986,0.34770424394645294,,,,,0.32055257592284814,0.0,0.34770424394645294,0.9487252351416693,False
PSMD2,descriptive tubulointerstitial two-source-study synthesis,GSE30529;GSE104954_H7,GSE30529;GSE104954_H7,2.0,0.5541797169143798,0.0,0.6119361591150553,0.24647028426600215,0.3150732319264997,-2.5775221763526197,3.6858816101813794,-3.4492052748319786,4.557564708660738,0.2664111976022948,0.32911060157695093,,,,,0.6119361591150553,0.0,0.32911060157695093,0.9487252351416693,False
PSMD3,descriptive tubulointerstitial two-source-study synthesis,GSE30529;GSE104954_H7,GSE30529;GSE104954_H7,2.0,-0.97078109588901,2.995746026761508,0.9999999862274954,1.2732502279175835,1.2732502366855059,-17.148959172190917,15.207396980412899,-17.148959283597932,15.207397091819914,0.585294823764941,0.5852948258786778,,,,,13.08978296634292,92.36045393135052,0.5852948258786778,1.0,False
PSMD6,descriptive tubulointerstitial two-source-study synthesis,GSE30529;GSE104954_H7,GSE30529;GSE104954_H7,2.0,-0.025225522032690587,0.4479418268963975,0.9999999999940795,0.5684346653985958,0.5684346654002785,-7.247872759726206,7.197421715660824,-7.247872759747588,7.197421715682206,0.9717671394345095,0.9717671394345925,,,,,3.2578871471017647,69.30525967145283,0.9717671394345925,1.0,False
PSMD7,descriptive tubulointerstitial two-source-study synthesis,GSE30529;GSE104954_H7,GSE30529;GSE104954_H7,2.0,0.7053121229454875,0.0,0.3106917478412793,0.177321519416706,0.3181241101207805,-1.5477714068927553,2.9583956527837305,-3.3368379517625337,4.747462197653509,0.15680196180540582,0.2697476435791854,,,,,0.3106917478412793,0.0,0.2697476435791854,0.9387217996555652,False
PSMD8,descriptive tubulointerstitial two-source-study synthesis,GSE30529;GSE104954_H7,GSE30529;GSE104954_H7,2.0,-0.014296513254021335,0.3464457905725147,0.9999999781272293,0.5213149146000098,0.5213149203013107,-6.638230550183172,6.609637523675129,-6.638230622625068,6.609637596117025,0.982545747037051,0.9825457472278407,,,,,2.756828264769174,63.72643110274666,0.9825457472278407,1.0,False
PTPN11,descriptive tubulointerstitial two-source-study synthesis,GSE30529;GSE104954_H7,GSE30529;GSE104954_H7,2.0,-0.10643961784633588,0.0,0.6471994774142482,0.24954099860751255,0.31018645521824195,-3.2771586362228744,3.0642794005302028,-4.047732224237602,3.8348529885449296,0.7433303935150689,0.789560947213413,,,,,0.6471994774142482,0.0,0.789560947213413,1.0,False
PTPN6,descriptive tubulointerstitial two-source-study synthesis,GSE30529;GSE104954_H7,GSE30529;GSE104954_H7,2.0,0.8353067864384147,0.15658180399025634,0.9999999933760428,0.42805042405587196,0.4280504254735658,-4.6035895390218915,6.274203111898721,-4.6035895570353995,6.274203129912229,0.3014748089054847,0.30147480976124114,,,,,1.7408641366836117,42.55726343440998,0.30147480976124114,0.9487252351416693,False
PTPRS,descriptive tubulointerstitial two-source-study synthesis,GSE30529;GSE104954_H7,GSE30529;GSE104954_H7,2.0,-0.5757478930380695,0.15210663092519627,1.000000012850593,0.4217658139574978,0.4217658139574978,-5.934790675901404,4.783294889825264,-5.934790675901404,4.783294889825264,0.40249722807359223,0.40249722807359223,,,,,1.7466091498274507,42.74620626493392,0.40249722807359223,0.9492630409085021,False
PXDN,descriptive tubulointerstitial two-source-study synthesis,GSE30529;GSE104954_H7,GSE30529;GSE104954_H7,2.0,2.9359215130793213,0.0,0.00010241923332746515,0.004481764280699292,0.44285163326468246,2.878975298549481,2.9928677276091613,-2.691042006931086,8.562885033089728,0.0009718166944297265,0.09530862645227592,,,,,0.00010241923332746515,0.0,0.09530862645227592,0.928002933619894,False
RBL1,descriptive tubulointerstitial two-source-study synthesis,GSE30529;GSE104954_H7,GSE30529;GSE104954_H7,2.0,0.5096615133970748,0.7695387502987994,1.0000000117145076,0.6997042616943195,0.6997042616943195,-8.380924090464905,9.400247117259056,-8.380924090464905,9.400247117259056,0.5992285503224061,0.5992285503224061,,,,,4.668867114463657,78.58152790637143,0.5992285503224061,1.0,False
RBX1,descriptive tubulointerstitial two-source-study synthesis,GSE30529;GSE104954_H7,GSE30529;GSE104954_H7,2.0,0.3948362362430902,0.0,1.942518987546025e-05,0.001373528693830633,0.3116413666637327,0.3773838994482676,0.41228857303791283,-3.564942772847585,4.354615245333766,0.0022146194216814572,0.42537528000985037,,,,,1.942518987546025e-05,0.0,0.42537528000985037,0.9562905252398041,False
RHOA,descriptive tubulointerstitial two-source-study synthesis,GSE30529;GSE104954_H7,GSE30529;GSE104954_H7,2.0,1.3238750384842668,0.0,0.6107936410760689,0.2678462559211753,0.34271911405443717,-2.0794343270680296,4.727184404036564,-3.0307841916918186,5.678534268660352,0.12708536696489603,0.16126513821837007,,,,,0.6107936410760689,0.0,0.16126513821837007,0.928002933619894,False
RNF111,descriptive tubulointerstitial two-source-study synthesis,GSE30529;GSE104954_H7,GSE30529;GSE104954_H7,2.0,0.9615036792934236,0.0,0.546848876584107,0.24110003783890052,0.32603454366035445,-2.101962763387112,4.0249701219739595,-3.181157983520327,5.104165342107175,0.15640942280589815,0.20812434335012595,,,,,0.546848876584107,0.0,0.20812434335012595,0.928002933619894,False
RPS27A,descriptive tubulointerstitial two-source-study synthesis,GSE30529;GSE104954_H7,GSE30529,1.0,,,,,,,,,,,,,,,,,,1.0,1.0,False
SCUBE1,descriptive tubulointerstitial two-source-study synthesis,GSE30529;GSE104954_H7,,0.0,,,,,,,,,,,,,,,,,,1.0,1.0,False
SCUBE3,descriptive tubulointerstitial two-source-study synthesis,GSE30529;GSE104954_H7,GSE30529,1.0,,,,,,,,,,,,,,,,,,1.0,1.0,False
SDC1,descriptive tubulointerstitial two-source-study synthesis,GSE30529;GSE104954_H7,GSE30529;GSE104954_H7,2.0,-1.4248827300364642,0.0,0.0019094438598424646,0.0150846512592759,0.34520877538793904,-1.6165513973106191,-1.2332140627623092,-5.811176106839762,2.961410646766833,0.006739381642161259,0.15131933562038333,,,,,0.0019094438598424646,0.0,0.15131933562038333,0.928002933619894,False
SDC2,descriptive tubulointerstitial two-source-study synthesis,GSE30529;GSE104954_H7,GSE30529;GSE104954_H7,2.0,-0.0964306801795641,0.26546539421146825,1.0000000076778233,0.48043506556127413,0.48043506556127413,-6.200936985638625,6.008075625279497,-6.200936985638625,6.008075625279497,0.8738962690666626,0.8738962690666626,,,,,2.351883280746466,57.480883163444695,0.8738962690666626,1.0,False
SDC3,descriptive tubulointerstitial two-source-study synthesis,GSE30529;GSE104954_H7,GSE30529;GSE104954_H7,2.0,1.500662008184719,0.0,0.12010345570807299,0.12117481022563559,0.34965085658153566,-0.039009939409321515,3.0403339557787596,-2.942073361719128,5.943397378088566,0.05129421034624767,0.14573095207271267,,,,,0.12010345570807299,0.0,0.14573095207271267,0.928002933619894,False
SDC4,descriptive tubulointerstitial two-source-study synthesis,GSE30529;GSE104954_H7,GSE30529;GSE104954_H7,2.0,0.15892039177924672,0.8204017255880458,1.0000000096594441,0.7156088430809173,0.7156088430809173,-8.933752079423998,9.251592862982493,-8.933752079423998,9.251592862982493,0.8608790214032658,0.8608790214032658,,,,,5.025678609959246,80.10218962234616,0.8608790214032658,1.0,False
SELE,descriptive tubulointerstitial two-source-study synthesis,GSE30529;GSE104954_H7,GSE30529;GSE104954_H7,2.0,0.6286726809294396,0.12980191683133727,0.9999999955447288,0.40777074475172276,0.40777074566008736,-4.552545887308383,5.809891249167262,-4.552545898850249,5.809891260709128,0.3663146357200508,0.3663146363675067,,,,,1.6367946177180492,38.9049799421898,0.3663146363675067,0.9487252351416693,False
SELL,descriptive tubulointerstitial two-source-study synthesis,GSE30529;GSE104954_H7,GSE30529;GSE104954_H7,2.0,1.6688498260367615,0.1584111926702129,1.0000000054628226,0.4593817774436854,0.4593817774436854,-4.168149090230544,7.5058487423040665,-4.168149090230544,7.5058487423040665,0.17100613582318425,0.17100613582318425,,,,,1.5945877746775285,37.28786737987949,0.17100613582318425,0.928002933619894,False
SELP,descriptive tubulointerstitial two-source-study synthesis,GSE30529;GSE104954_H7,GSE30529;GSE104954_H7,2.0,1.4652613824187235,0.5439199382505112,1.0000000100367261,0.6288599354058122,0.6288599354058122,-6.52516170722512,9.455684472062567,-6.52516170722512,9.455684472062567,0.25808900845096117,0.25808900845096117,,,,,3.177005150667523,68.52381558808965,0.25808900845096117,0.928002933619894,False
SELPLG,descriptive tubulointerstitial two-source-study synthesis,GSE30529;GSE104954_H7,GSE30529;GSE104954_H7,2.0,1.1430583110093286,0.0,0.07530053365940648,0.0914097935642706,0.3331146256293821,-0.01841324090975771,2.304529862928415,-3.0895643228517864,5.375680944870443,0.05080204941205946,0.18052655746008456,,,,,0.07530053365940648,0.0,0.18052655746008456,0.928002933619894,False
SEM1,descriptive tubulointerstitial two-source-study synthesis,GSE30529;GSE104954_H7,,0.0,,,,,,,,,,,,,,,,,,1.0,1.0,False
SERPINA10,descriptive tubulointerstitial two-source-study synthesis,GSE30529;GSE104954_H7,GSE30529;GSE104954_H7,2.0,-0.42585881336508336,0.11309927168227892,0.9999999920185256,0.3952414784997218,0.39524148007702664,-5.447877959410937,4.59616033268077,-5.447877979452495,4.596160352722328,0.4762726006637962,0.47627260193055976,,,,,1.5673829564650803,36.19938280716663,0.47627260193055976,0.9645482718934864,False
SERPINA5,descriptive tubulointerstitial two-source-study synthesis,GSE30529;GSE104954_H7,GSE30529;GSE104954_H7,2.0,-1.1503825095202542,1.1166856300115884,0.9999999881930894,0.8218736545823068,0.8218736594342012,-11.593277431911165,9.292512412870657,-11.593277493560329,9.292512474519821,0.39492605916789053,0.3949260609455648,,,,,5.73008722874355,82.54825868995937,0.3949260609455648,0.9487252351416693,False
SERPINC1,descriptive tubulointerstitial two-source-study synthesis,GSE30529;GSE104954_H7,GSE30529;GSE104954_H7,2.0,-0.8908520632422035,0.0,0.0013594205970432081,0.011927021767232728,0.3234857014513214,-1.0423992437094747,-0.7393048827749322,-5.001127615107776,3.2194234886233692,0.008522766653092333,0.22174381745319446,,,,,0.0013594205970432081,0.0,0.22174381745319446,0.928002933619894,False
SERPIND1,descriptive tubulointerstitial two-source-study synthesis,GSE30529;GSE104954_H7,GSE30529;GSE104954_H7,2.0,-0.5763459766184509,0.49971908459161496,0.9999999894734433,0.5949156754102157,0.5949156785414226,-8.135466349140302,6.982774395903399,-8.135466388926055,6.982774435689154,0.5100924050755692,0.5100924067500807,,,,,3.3994115203779645,70.58314375869342,0.5100924067500807,0.9752822494439812,False
SERPINE1,descriptive tubulointerstitial two-source-study synthesis,GSE30529;GSE104954_H7,GSE30529;GSE104954_H7,2.0,-0.9290445368714372,0.01010038393063818,0.9999999955780635,0.3332765512115712,0.33327655194843503,-5.163724630331871,3.3056355565889968,-5.163724639694614,3.3056355659517394,0.21927172473730364,0.2192717251846636,,,,,1.047200033460716,4.507260499670976,0.2192717251846636,0.928002933619894,False
SERPINE2,descriptive tubulointerstitial two-source-study synthesis,GSE30529;GSE104954_H7,GSE30529;GSE104954_H7,2.0,1.673706004410339,0.0,0.5945621202737286,0.2760433999479289,0.35799647424829545,-1.8337579513978008,5.181169960218479,-2.875070492217195,6.222482501037873,0.10406055118558495,0.1341480374043045,,,,,0.5945621202737286,0.0,0.1341480374043045,0.928002933619894,False
SERPING1,descriptive tubulointerstitial two-source-study synthesis,GSE30529;GSE104954_H7,GSE30529;GSE104954_H7,2.0,1.6188911150293712,0.0,0.889022779098317,0.3379110736953139,0.3583818275906874,-2.6746761699639023,5.912458400022645,-2.9347817600623634,6.172563990121106,0.1310007422681698,0.13869483323209902,,,,,0.889022779098317,0.0,0.13869483323209902,0.928002933619894,False
SERPINH1,descriptive tubulointerstitial two-source-study synthesis,GSE30529;GSE104954_H7,GSE30529;GSE104954_H7,2.0,1.28981804119033,0.3810900251096828,0.9999999991369493,0.5570873168714605,0.5570873171118579,-5.788647462904675,8.368283545285335,-5.788647465959213,8.368283548339873,0.25955637596993286,0.25955637606993204,,,,,2.580886766527476,61.25362751402391,0.25955637606993204,0.928002933619894,False
SGCA,descriptive tubulointerstitial two-source-study synthesis,GSE30529;GSE104954_H7,GSE30529;GSE104954_H7,2.0,-1.0028183489880789,0.0,0.11055964994214593,0.1090158964726271,0.3278623164676772,-2.3879966490669036,0.38235995109074583,-5.168704067302886,3.163067369326728,0.06893592126810377,0.20116316367018802,,,,,0.11055964994214593,0.0,0.20116316367018802,0.928002933619894,False
SGCB,descriptive tubulointerstitial two-source-study synthesis,GSE30529;GSE104954_H7,GSE30529;GSE104954_H7,2.0,-0.11412498730461176,0.0,0.46976323318569835,0.21225546248939844,0.30968442532614043,-2.8110863500663563,2.582836375457133,-4.049038699103156,3.8207887244939323,0.685934226390411,0.7752237278660022,,,,,0.46976323318569835,0.0,0.7752237278660022,1.0,False
SGCD,descriptive tubulointerstitial two-source-study synthesis,GSE30529;GSE104954_H7,GSE30529;GSE104954_H7,2.0,-0.5663486927147017,0.4014943696346853,1.000000002424556,0.5514023650707369,0.5514023650707369,-7.572580035314427,6.439882649885023,-7.572580035314427,6.439882649885023,0.49148776413081996,0.49148776413081996,,,,,2.9423300213754944,66.0133298190488,0.49148776413081996,0.9645482718934864,False
SGCE,descriptive tubulointerstitial two-source-study synthesis,GSE30529;GSE104954_H7,GSE30529;GSE104954_H7,2.0,1.2022523794912245,0.0,0.39456036041905734,0.21043484796703726,0.3350124405603222,-1.471575882403746,3.876080641386195,-3.054484279433784,5.458989038416234,0.11031251830848943,0.1730078699442566,,,,,0.39456036041905734,0.0,0.1730078699442566,0.928002933619894,False
SGCG,descriptive tubulointerstitial two-source-study synthesis,GSE30529;GSE104954_H7,GSE30529;GSE104954_H7,2.0,-0.788415507893744,0.0,0.37736651395882725,0.19755592570255218,0.32159432837115737,-3.2986015467148886,1.7217705309274005,-4.874658886170264,3.297827870382776,0.15630175751892458,0.24656139083453246,,,,,0.37736651395882725,0.0,0.24656139083453246,0.928002933619894,False
SGCZ,descriptive tubulointerstitial two-source-study synthesis,GSE30529;GSE104954_H7,,0.0,,,,,,,,,,,,,,,,,,1.0,1.0,False
SH3PXD2A,descriptive tubulointerstitial two-source-study synthesis,GSE30529;GSE104954_H7,GSE30529;GSE104954_H7,2.0,-0.6376663344639719,0.14368263472376439,0.9999999835938249,0.41644123249420295,0.4164412359103069,-5.929053895120241,4.653721226192296,-5.929053938525957,4.653721269598012,0.3683042055968956,0.36830420798770813,,,,,1.7034683369523826,41.29623789843573,0.36830420798770813,0.9487252351416693,False
SHC1,descriptive tubulointerstitial two-source-study synthesis,GSE30529;GSE104954_H7,GSE30529;GSE104954_H7,2.0,1.1734531989216643,1.9335749700790648,0.9999999990600278,1.0435235798317772,1.043523580322219,-12.085771053446834,14.432677451290164,-12.085771059678489,14.432677457521816,0.4627324663071006,0.4627324664556776,,,,,8.85757490902785,88.7102281350082,0.4627324664556776,0.9610597380233304,False
SIRPA,descriptive tubulointerstitial two-source-study synthesis,GSE30529;GSE104954_H7,GSE30529;GSE104954_H7,2.0,0.20961906113553666,1.436418858958746,1.000000009216343,0.9078032427981519,0.9078032427981519,-11.325114802021087,11.744352924292162,-11.325114802021087,11.744352924292162,0.8555314751477147,0.8555314751477147,,,,,7.781975940602744,87.14979321919432,0.8555314751477147,1.0,False
SIRPG,descriptive tubulointerstitial two-source-study synthesis,GSE30529;GSE104954_H7,GSE30529;GSE104954_H7,2.0,0.3766246094441272,1.399843604174984,1.0000000191409173,0.8976752093882825,0.8976752093882825,-11.029420387631879,11.782669606520132,-11.029420387631879,11.782669606520132,0.7471027190218412,0.7471027190218412,,,,,7.599719815271506,86.84162016091018,0.7471027190218412,1.0,False
SKI,descriptive tubulointerstitial two-source-study synthesis,GSE30529;GSE104954_H7,GSE30529;GSE104954_H7,2.0,0.46448861892239274,0.4143769681484857,1.0000000100295887,0.5551645304701119,0.5551645304701119,-6.589545567493144,7.51852280533793,-6.589545567493144,7.51852280533793,0.556464912549925,0.556464912549925,,,,,3.0449569679492496,67.15881339126146,0.556464912549925,1.0,False
SKIL,descriptive tubulointerstitial two-source-study synthesis,GSE30529;GSE104954_H7,GSE30529;GSE104954_H7,2.0,-0.22319488649832028,0.28764683324254203,0.999999995007508,0.492791015237586,0.4927910164677136,-6.484698418254472,6.038308645257831,-6.4846984338847244,6.038308660888084,0.7292586542702653,0.7292586548675106,,,,,2.4524161091541776,59.22388552793786,0.7292586548675106,1.0,False
SLC16A1,descriptive tubulointerstitial two-source-study synthesis,GSE30529;GSE104954_H7,GSE30529;GSE104954_H7,2.0,-0.6584224835517747,0.0,0.03544577439429418,0.05963519287051158,0.31675274974338596,-1.4161594536457605,0.09931448654221098,-4.683147772537543,3.3663028054339943,0.05750355964123036,0.2854577366953047,,,,,0.03544577439429418,0.0,0.2854577366953047,0.9470907111543373,False
SLC16A3,descriptive tubulointerstitial two-source-study synthesis,GSE30529;GSE104954_H7,GSE104954_H7,1.0,,,,,,,,,,,,,,,,,,1.0,1.0,False
SLC16A8,descriptive tubulointerstitial two-source-study synthesis,GSE30529;GSE104954_H7,GSE30529;GSE104954_H7,2.0,-0.5563066210963435,0.0,0.6273780694010596,0.250481884040315,0.31623625226364405,-3.738980722415355,2.626367480222668,-4.574469187358793,3.461855945166106,0.2693341048255128,0.32907063714924656,,,,,0.6273780694010596,0.0,0.32907063714924656,0.9487252351416693,False
SLC3A2,descriptive tubulointerstitial two-source-study synthesis,GSE30529;GSE104954_H7,GSE30529;GSE104954_H7,2.0,-0.6937463695585302,0.22936674735019624,0.9999999995071074,0.4664544159718653,0.4664544160868213,-6.620611678989847,5.233118939872786,-6.620611680450501,5.23311894133344,0.3768412470688363,0.37684124714148365,,,,,2.10857433053161,52.57459101534818,0.37684124714148365,0.9487252351416693,False
SLC7A10,descriptive tubulointerstitial two-source-study synthesis,GSE30529;GSE104954_H7,GSE30529;GSE104954_H7,2.0,-0.6182962278229289,0.2613735276133424,0.999999997595927,0.48360105174007034,0.4836010523213765,-6.763030201861675,5.526437746215816,-6.763030209247869,5.526437753602011,0.42256419944861345,0.42256419981996746,,,,,2.2657860373939136,55.86520600373234,0.42256419981996746,0.9562905252398041,False
SLC7A11,descriptive tubulointerstitial two-source-study synthesis,GSE30529;GSE104954_H7,GSE30529;GSE104954_H7,2.0,0.5114524352786554,0.17929671586962692,0.9999999993804349,0.43677346367100983,0.43677346380631465,-5.038280617453355,6.061185488010666,-5.038280619172567,6.061185489729877,0.4499653200513065,0.44996532014869767,,,,,1.8863703705185135,46.988141054976055,0.44996532014869767,0.9562905252398041,False
SLC7A5,descriptive tubulointerstitial two-source-study synthesis,GSE30529;GSE104954_H7,GSE30529;GSE104954_H7,2.0,-0.8575733000812422,0.0,0.04178218611535305,0.06595618735377776,0.3226710210510458,-1.6956261202158385,-0.019520479946645852,-4.957497355986364,3.24235075582388,0.04886639381096093,0.22910377718214597,,,,,0.04178218611535305,0.0,0.22910377718214597,0.928002933619894,False
SLC7A6,descriptive tubulointerstitial two-source-study synthesis,GSE30529;GSE104954_H7,GSE30529;GSE104954_H7,2.0,-0.3774556297883606,0.0,0.01897087569307239,0.042902986387690425,0.31148980324628994,-0.9225897586236711,0.16767849904694992,-4.3353088430664934,3.5803975834897726,0.07205130465837062,0.4392295623378792,,,,,0.01897087569307239,0.0,0.4392295623378792,0.9562905252398041,False
SLC7A7,descriptive tubulointerstitial two-source-study synthesis,GSE30529;GSE104954_H7,GSE30529;GSE104954_H7,2.0,-1.0579567112490667,0.8509087723895623,1.0000000128855926,0.7340792028676091,0.7340792028676091,-10.385317355452827,8.269403932954692,-10.385317355452827,8.269403932954692,0.386171440855026,0.386171440855026,,,,,4.724322689957857,78.83294462239792,0.386171440855026,0.9487252351416693,False
SLC7A8,descriptive tubulointerstitial two-source-study synthesis,GSE30529;GSE104954_H7,GSE30529;GSE104954_H7,2.0,-0.9633433256745892,0.0,0.40406575780804055,0.208087966867357,0.32735648052977795,-3.6073516358255637,1.6806649844763855,-5.122801788999533,3.1961151376503545,0.13543292521489775,0.20853803330622864,,,,,0.40406575780804055,0.0,0.20853803330622864,0.928002933619894,False
SLC7A9,descriptive tubulointerstitial two-source-study synthesis,GSE30529;GSE104954_H7,GSE30529;GSE104954_H7,2.0,-0.7904065945893987,0.12026825290765944,1.000000005394985,0.4050225108661947,0.4050225108661947,-5.936705540414808,4.35589235123601,-5.936705540414808,4.35589235123601,0.30146272262658763,0.30146272262658763,,,,,1.5747718448480035,36.49873768879074,0.30146272262658763,0.9487252351416693,False
SMAD2,descriptive tubulointerstitial two-source-study synthesis,GSE30529;GSE104954_H7,GSE30529;GSE104954_H7,2.0,1.0815770384396335,0.0,0.5458894552243996,0.24541672599250614,0.33216342154551937,-2.036738127702835,4.1998922045821026,-3.138959401586036,5.302113478465303,0.14204783397191587,0.18969177905954746,,,,,0.5458894552243996,0.0,0.18969177905954746,0.928002933619894,False
SMAD3,descriptive tubulointerstitial two-source-study synthesis,GSE30529;GSE104954_H7,GSE30529;GSE104954_H7,2.0,-0.883056750733036,0.4923318472730905,1.0000000101949624,0.596509702864541,0.596509702864541,-8.462431162444625,6.696317660978554,-8.462431162444625,6.696317660978554,0.37821381243789837,0.37821381243789837,,,,,3.2394334433292498,69.13040451381295,0.37821381243789837,0.9487252351416693,False
SMAD4,descriptive tubulointerstitial two-source-study synthesis,GSE30529;GSE104954_H7,GSE30529;GSE104954_H7,2.0,0.3871789172217419,0.08154165650764628,0.9999999986956114,0.37393141063516855,0.37393141087904447,-4.364070143595321,5.138427978038805,-4.364070146694059,5.138427981137542,0.4889204326704474,0.48892043287792164,,,,,1.4116018630430034,29.15849531083144,0.48892043287792164,0.9645482718934864,False
SMAD7,descriptive tubulointerstitial two-source-study synthesis,GSE30529;GSE104954_H7,GSE30529;GSE104954_H7,2.0,-0.4295069888922263,0.3633025320074167,0.9999999748472234,0.5310796990325892,0.5310797057116539,-7.177514376026343,6.3185003982418895,-7.1775144608919055,6.318500483107452,0.5670671377092577,0.5670671416239168,,,,,2.8043126984966715,64.34063859796815,0.5670671416239168,1.0,False
SMPD1,descriptive tubulointerstitial two-source-study synthesis,GSE30529;GSE104954_H7,GSE30529;GSE104954_H7,2.0,-1.2798694583472314,0.0,0.04917588297623005,0.07513444854346307,0.33881530484515726,-2.234543144280056,-0.3251957724144071,-5.584926089459241,3.0251871727647788,0.03732977722741246,0.16475090575463738,,,,,0.04917588297623005,0.0,0.16475090575463738,0.928002933619894,False
SMURF1,descriptive tubulointerstitial two-source-study synthesis,GSE30529;GSE104954_H7,GSE30529;GSE104954_H7,2.0,-0.8487259569946279,0.0,0.21335283865788113,0.14918312826699445,0.3229761825242114,-2.74427732793807,1.0468254139488138,-4.952527457055385,3.255075543066129,0.110769053128692,0.231488225139838,,,,,0.21335283865788113,0.0,0.231488225139838,0.928002933619894,False
SMURF2,descriptive tubulointerstitial two-source-study synthesis,GSE30529;GSE104954_H7,GSE30529;GSE104954_H7,2.0,0.7523285622813796,0.5858315698916293,0.9999999999034601,0.6314425704356496,0.6314425704661293,-7.270910016810394,8.775567141373152,-7.270910017197675,8.775567141760433,0.44452584901150904,0.44452584902664116,,,,,3.754953068882566,73.36850869623281,0.44452584902664116,0.9562905252398041,False
SNTA1,descriptive tubulointerstitial two-source-study synthesis,GSE30529;GSE104954_H7,GSE30529;GSE104954_H7,2.0,-2.0751004820851735,0.0,0.03497114399189641,0.0713478017867842,0.38152735121458514,-2.981660259064064,-1.1685407051062828,-6.922865119068121,2.7726641548977744,0.02188016227260773,0.11575592169485778,,,,,0.03497114399189641,0.0,0.11575592169485778,0.928002933619894,False
SNTB1,descriptive tubulointerstitial two-source-study synthesis,GSE30529;GSE104954_H7,GSE30529;GSE104954_H7,2.0,-0.860503778297382,0.0,0.30052992300146597,0.17679164449618756,0.3224912053863178,-3.1068546089109534,1.3858470523161892,-4.958143059551699,3.2371355029569355,0.12899933707687317,0.22827225487332894,,,,,0.30052992300146597,0.0,0.22827225487332894,0.928002933619894,False
SNTB2,descriptive tubulointerstitial two-source-study synthesis,GSE30529;GSE104954_H7,GSE30529;GSE104954_H7,2.0,-0.09580873791135429,0.2770968689547483,0.9999999884136119,0.4867174527895747,0.48671745560922336,-6.280140341725131,6.088522865902423,-6.280140377552164,6.088522901729456,0.8762654753102626,0.8762654760091635,,,,,2.408403721323517,58.47872218655854,0.8762654760091635,1.0,False
SNTG2,descriptive tubulointerstitial two-source-study synthesis,GSE30529;GSE104954_H7,GSE30529;GSE104954_H7,2.0,-0.40999614074342555,0.0,0.09130604671813597,0.09433569358227471,0.31219523995959436,-1.6086447773288493,0.788652495841998,-4.376812777329219,3.5568204958423677,0.14397355215095506,0.4143087129964273,,,,,0.09130604671813597,0.0,0.4143087129964273,0.9541285949300076,False
SNW1,descriptive tubulointerstitial two-source-study synthesis,GSE30529;GSE104954_H7,GSE30529;GSE104954_H7,2.0,1.243628052953206,0.22955120527455025,0.9999999922682491,0.4817791798070028,0.48177918166950107,-4.877956843300893,7.365212949207304,-4.877956866966176,7.365212972872589,0.23529193903271722,0.23529193986172472,,,,,1.973022597138491,49.316343287181944,0.23529193986172472,0.928002933619894,False
SOS1,descriptive tubulointerstitial two-source-study synthesis,GSE30529;GSE104954_H7,GSE30529;GSE104954_H7,2.0,0.05709360758351139,0.0,0.5600135652133477,0.23176660819444111,0.3097074066086652,-2.887780367143841,3.001967582310864,-3.8781121090958917,3.992299324262915,0.846236015437039,0.883944070419685,,,,,0.5600135652133477,0.0,0.883944070419685,1.0,False
SP1,descriptive tubulointerstitial two-source-study synthesis,GSE30529;GSE104954_H7,GSE30529;GSE104954_H7,2.0,-0.34120753868323994,1.0694595165786471,1.0000000118650665,0.7996656736071811,0.7996656736071811,-10.50192330802713,9.819508230660652,-10.50192330802713,9.819508230660652,0.743251685652151,0.743251685652151,,,,,6.104698021878793,83.61917335769807,0.743251685652151,1.0,False
SPARC,descriptive tubulointerstitial two-source-study synthesis,GSE30529;GSE104954_H7,GSE30529;GSE104954_H7,2.0,1.8779555651968034,5.061483206233034,1.0000000354366734,1.6444158263498723,1.6444158263498723,-19.016328595810567,22.772239726204173,-19.016328595810567,22.772239726204173,0.4578526183132837,0.4578526183132837,,,,,15.42320634603777,93.51626388466948,0.4578526183132837,0.9585524067895753,False
SPN,descriptive tubulointerstitial two-source-study synthesis,GSE30529;GSE104954_H7,GSE30529;GSE104954_H7,2.0,-0.43551243755102853,2.6689551190653176,0.9999999990252992,1.204143312799635,1.2041433133864747,-15.735603901678838,14.864579026576779,-15.735603909135344,14.864579034033286,0.7790671674161247,0.7790671675153571,,,,,12.548578264111756,92.03096973256368,0.7790671675153571,1.0,False
SPOCK3,descriptive tubulointerstitial two-source-study synthesis,GSE30529;GSE104954_H7,GSE30529;GSE104954_H7,2.0,-0.17825800332912267,1.121222756927565,1.0000000116738346,0.8151202279260463,0.8151202279260463,-10.53534250395485,10.178826497296603,-10.53534250395485,10.178826497296603,0.8629359600819044,0.8629359600819044,,,,,6.400377891329478,84.37592253178224,0.8629359600819044,1.0,False
SPP1,descriptive tubulointerstitial two-source-study synthesis,GSE30529;GSE104954_H7,GSE30529;GSE104954_H7,2.0,1.1108538338296645,0.0,0.014252953157219951,0.039578085998355134,0.3315143704714603,0.6079665700686352,1.6137410975906938,-3.1014356303647768,5.323143298024106,0.02267223478332591,0.18463098600472166,,,,,0.014252953157219951,0.0,0.18463098600472166,0.928002933619894,False
SRC,descriptive tubulointerstitial two-source-study synthesis,GSE30529;GSE104954_H7,GSE30529;GSE104954_H7,2.0,0.18257203372451525,0.027465888551623362,0.9999999953317903,0.33297831427269775,0.33297831504990405,-4.0483186001307025,4.413462667579733,-4.048318610006045,4.413462677455075,0.6807115355364339,0.6807115361628515,,,,,1.141301776796108,12.380755000029355,0.6807115361628515,1.0,False
SSPN,descriptive tubulointerstitial two-source-study synthesis,GSE30529;GSE104954_H7,GSE30529;GSE104954_H7,2.0,1.2925251880951336,0.0,0.12226517653785471,0.11844604219970666,0.3387420909682806,-0.21247447428392685,2.7975248504741943,-3.0116011725077527,5.59665154869802,0.058176871564301604,0.1631740879416909,,,,,0.12226517653785471,0.0,0.1631740879416909,0.928002933619894,False
STAT1,descriptive tubulointerstitial two-source-study synthesis,GSE30529;GSE104954_H7,GSE30529;GSE104954_H7,2.0,1.4569554081476352,0.0,0.009183696171862047,0.033213671577369534,0.34658369961827024,1.0349356970455117,1.8789751192497588,-2.9468080374229775,5.860718853718248,0.014510271371697936,0.14867715209602042,,,,,0.009183696171862047,0.0,0.14867715209602042,0.928002933619894,False
STRAP,descriptive tubulointerstitial two-source-study synthesis,GSE30529;GSE104954_H7,GSE30529;GSE104954_H7,2.0,-0.3341554224403293,0.004832815635992421,0.9999999741468556,0.3161023707890694,0.3161023748751896,-4.350616863276452,3.6823060183957934,-4.350616915195531,3.682306070314873,0.48233011848637136,0.482330122594689,,,,,1.0246853923648442,2.4090703887047202,0.482330122594689,0.9645482718934864,False
STUB1,descriptive tubulointerstitial two-source-study synthesis,GSE30529;GSE104954_H7,GSE30529;GSE104954_H7,2.0,-1.3426623287770518,1.4318970350312388,0.9999999875485849,0.9165976853551483,0.9165976910616175,-12.9891401796034,10.303815522049295,-12.989140252110966,10.30381559455686,0.381336118311756,0.38133612015734397,,,,,6.711668133198335,85.10057440036944,0.38133612015734397,0.9487252351416693,False
TEK,descriptive tubulointerstitial two-source-study synthesis,GSE30529;GSE104954_H7,GSE30529;GSE104954_H7,2.0,-1.5352547763299687,0.09399945164846733,1.0000000041753663,0.4161679047429219,0.4161679047429219,-6.823169378618382,3.752659825958445,-6.823169378618382,3.752659825958445,0.1685213652438333,0.1685213652438333,,,,,1.3692947405777702,26.9697041574809,0.1685213652438333,0.928002933619894,False
TFDP1,descriptive tubulointerstitial two-source-study synthesis,GSE30529;GSE104954_H7,GSE30529;GSE104954_H7,2.0,0.4064680600223006,0.0,0.22114867157580687,0.14671424429508986,0.31198241353638195,-1.4577131657042615,2.2706492857488625,-3.5576443604568877,4.370580480501489,0.22052219670411932,0.41675390174082655,,,,,0.22114867157580687,0.0,0.41675390174082655,0.9541470908276819,False
TFDP2,descriptive tubulointerstitial two-source-study synthesis,GSE30529;GSE104954_H7,GSE30529;GSE104954_H7,2.0,-0.6293539153753759,0.0,0.07516044158218821,0.08665211050306572,0.31607087838427544,-1.7303733722489625,0.4716655414982106,-4.645415207268552,3.386707376517801,0.08710484559193807,0.29629424640964475,,,,,0.07516044158218821,0.0,0.29629424640964475,0.9487252351416693,False
TFPI,descriptive tubulointerstitial two-source-study synthesis,GSE30529;GSE104954_H7,GSE30529;GSE104954_H7,2.0,0.4604484819548447,0.0,0.0300016055185107,0.05415508724052756,0.312656175820365,-0.22765714402870035,1.1485541079383899,-3.5122249000481447,4.433121863957834,0.07453284656594952,0.37974997103802194,,,,,0.0300016055185107,0.0,0.37974997103802194,0.9487252351416693,False
TGFB1,descriptive tubulointerstitial two-source-study synthesis,GSE30529;GSE104954_H7,GSE30529;GSE104954_H7,2.0,0.36965238464458183,0.04543022360607034,0.999999988331068,0.34747925121746287,0.34747925324481876,-4.045490122897181,4.784794892186344,-4.04549014865718,4.7847949179463445,0.4803224975848628,0.4803224994384837,,,,,1.230847951761716,18.755196483148275,0.4803224994384837,0.9645482718934864,False
TGFB2,descriptive tubulointerstitial two-source-study synthesis,GSE30529;GSE104954_H7,GSE30529;GSE104954_H7,2.0,1.6094574514380642,0.0,0.018215001455241873,0.04788020385834812,0.35476550527231143,1.0010817784041115,2.217833124472017,-2.898265691884388,6.117180594760516,0.01893339708170866,0.1381185748498274,,,,,0.018215001455241873,0.0,0.1381185748498274,0.928002933619894,False
TGFB3,descriptive tubulointerstitial two-source-study synthesis,GSE30529;GSE104954_H7,GSE30529;GSE104954_H7,2.0,-0.20655176162886155,0.0,0.004797157126227469,0.021435708269411824,0.3094894620099247,-0.47891825956492107,0.065814736307198,-4.138988229615525,3.7258847063578022,0.06583201698113156,0.6253449610407913,,,,,0.004797157126227469,0.0,0.6253449610407913,1.0,False
TGFBR1,descriptive tubulointerstitial two-source-study synthesis,GSE30529;GSE104954_H7,GSE30529;GSE104954_H7,2.0,-0.21172260196682724,0.0,0.005594725105438025,0.023155204408032547,0.30957026784501973,-0.5059373698832635,0.08249216594960906,-4.145185805438086,3.7217406015044308,0.06934879439760905,0.6181203378682867,,,,,0.005594725105438025,0.0,0.6181203378682867,1.0,False
TGFBR2,descriptive tubulointerstitial two-source-study synthesis,GSE30529;GSE104954_H7,GSE30529;GSE104954_H7,2.0,-0.5120058055974586,1.5946547005678346,0.9999999739990206,0.952504559319773,0.9525045717027989,-12.614723748454349,11.59071213725943,-12.61472390579561,11.590712294600692,0.6860039489930847,0.6860039524446265,,,,,8.246924957309645,87.87426822510793,0.6860039524446265,1.0,False
TGFBR3,descriptive tubulointerstitial two-source-study synthesis,GSE30529;GSE104954_H7,GSE30529;GSE104954_H7,2.0,-1.7355165143315447,3.1089346664460358,1.0000000131761324,1.3043014626405662,1.3043014626405662,-18.308237936334688,14.8372049076716,-18.308237936334688,14.8372049076716,0.4102904978358025,0.4102904978358025,,,,,11.471525502309246,91.28276357143,0.4102904978358025,0.9526431180778144,False
TGIF1,descriptive tubulointerstitial two-source-study synthesis,GSE30529;GSE104954_H7,GSE30529;GSE104954_H7,2.0,1.2916954951460473,0.0,0.15378348305113287,0.132825637111898,0.33870925312575323,-0.3960142442105721,2.979405234502667,-3.0120136211065915,5.595404611398687,0.06523461393999444,0.16325922163361034,,,,,0.15378348305113287,0.0,0.16325922163361034,0.928002933619894,False
TGIF2,descriptive tubulointerstitial two-source-study synthesis,GSE30529;GSE104954_H7,GSE30529;GSE104954_H7,2.0,0.2434148592466664,0.0,0.14207280876532238,0.11682979515163604,0.3099546327618771,-1.2410484372353707,1.7278781557287037,-3.694932163551585,4.181761882044918,0.28488021684434167,0.5761844090109512,,,,,0.14207280876532238,0.0,0.5761844090109512,1.0,False
THBD,descriptive tubulointerstitial two-source-study synthesis,GSE30529;GSE104954_H7,GSE30529;GSE104954_H7,2.0,1.0407166647982544,0.3179015675431486,0.9999999960501786,0.5187766674743223,0.5187766684988598,-5.550965884480903,7.632399214077412,-5.550965897498887,7.632399227095396,0.2943927450337211,0.2943927455357087,,,,,2.4309345496371804,58.86355722126492,0.2943927455357087,0.9487252351416693,False
THBS1,descriptive tubulointerstitial two-source-study synthesis,GSE30529;GSE104954_H7,GSE30529;GSE104954_H7,2.0,1.3349132857512056,0.0,0.021390298415544406,0.04989418637385554,0.3411469738702979,0.7009475385401395,1.9688790329622718,-2.9997700093712383,5.66959658087365,0.023783452546342822,0.1592837203866864,,,,,0.021390298415544406,0.0,0.1592837203866864,0.928002933619894,False
TIMP1,descriptive tubulointerstitial two-source-study synthesis,GSE30529;GSE104954_H7,GSE30529;GSE104954_H7,2.0,1.9718452882880726,0.0,0.002575692318414668,0.019052739537939296,0.37541397812467286,1.7297572789340054,2.2139332976421398,-2.798241578585829,6.741932155161974,0.006151077535423373,0.11977082235862888,,,,,0.002575692318414668,0.0,0.11977082235862888,0.928002933619894,False
TIMP2,descriptive tubulointerstitial two-source-study synthesis,GSE30529;GSE104954_H7,GSE30529;GSE104954_H7,2.0,0.5308998646378165,0.0,0.06531899830890073,0.08032711552487622,0.31429857653382604,-0.48975291108761754,1.5515526403632505,-3.4626421970892487,4.524441926364881,0.0955978288631337,0.34028889722972583,,,,,0.06531899830890073,0.0,0.34028889722972583,0.9487252351416693,False
TLL1,descriptive tubulointerstitial two-source-study synthesis,GSE30529;GSE104954_H7,GSE30529;GSE104954_H7,2.0,0.7234366129825054,1.1022809662198294,1.0000000118396586,0.8119973483768124,0.8119973483768124,-9.59396794072424,11.040841166689251,-9.59396794072424,11.040841166689251,0.5366783078539257,0.5366783078539257,,,,,6.073439948526797,83.53486642701449,0.5366783078539257,0.9910828185132636,False
TLL2,descriptive tubulointerstitial two-source-study synthesis,GSE30529;GSE104954_H7,GSE30529;GSE104954_H7,2.0,0.0658417337144538,0.0,0.280319010767733,0.16372280652646698,0.309230914460743,-2.014453765991954,2.1461372334208617,-3.863309576178271,3.9949930436071788,0.7565810185669206,0.8664447465603596,,,,,0.280319010767733,0.0,0.8664447465603596,1.0,False
TMPRSS6,descriptive tubulointerstitial two-source-study synthesis,GSE30529;GSE104954_H7,GSE30529;GSE104954_H7,2.0,-0.5553162449704504,0.030450625945934433,1.000000003720466,0.3405293648858337,0.3405293648858337,-4.882152073889391,3.77151958394849,-4.882152073889391,3.77151958394849,0.35019259784588436,0.35019259784588436,,,,,1.1511288215014162,13.128749682793883,0.35019259784588436,0.9487252351416693,False
TNC,descriptive tubulointerstitial two-source-study synthesis,GSE30529;GSE104954_H7,GSE30529;GSE104954_H7,2.0,2.1258063412468307,0.30969940359038434,0.9999999926933866,0.5555585447169092,0.555558546746535,-4.933234270857482,9.184846953351144,-4.933234296646323,9.184846979139984,0.16273461729473043,0.16273461786368776,,,,,1.989779746887971,49.7431812961205,0.16273461786368776,0.928002933619894,False
TNFRSF10A,descriptive tubulointerstitial two-source-study synthesis,GSE30529;GSE104954_H7,,0.0,,,,,,,,,,,,,,,,,,1.0,1.0,False
TNFRSF10B,descriptive tubulointerstitial two-source-study synthesis,GSE30529;GSE104954_H7,GSE30529;GSE104954_H7,2.0,-0.2428686681130824,0.9619634752839353,1.000000004455435,0.7643591884613358,0.7643591884613358,-9.954973008679152,9.469235672452987,-9.954973008679152,9.469235672452987,0.8041420612421057,0.8041420612421057,,,,,5.657725244267096,82.32505190998293,0.8041420612421057,1.0,False
TNFRSF10D,descriptive tubulointerstitial two-source-study synthesis,GSE30529;GSE104954_H7,GSE30529;GSE104954_H7,2.0,-1.067318158103107,0.0,0.3457780133726499,0.19382450953966884,0.3296173065882459,-3.5300920592027847,1.3954557429965704,-5.255503140199823,3.1208668239936097,0.11436356462198492,0.19069035323704736,,,,,0.3457780133726499,0.0,0.19069035323704736,0.928002933619894,False
TNN,descriptive tubulointerstitial two-source-study synthesis,GSE30529;GSE104954_H7,GSE30529;GSE104954_H7,2.0,-1.0167999940425003,0.030560017697609652,1.0000000076478035,0.35352796684035276,0.35352796684035276,-5.508798720679601,3.4751987325946,-5.508798720679601,3.4751987325946,0.21302100014541867,0.21302100014541867,,,,,1.1389526041013618,12.20003392599431,0.21302100014541867,0.928002933619894,False
TNR,descriptive tubulointerstitial two-source-study synthesis,GSE30529;GSE104954_H7,GSE30529;GSE104954_H7,2.0,-0.5222995004020584,1.9422402619265657,1.0000000065708208,1.0408319223680815,1.0408319223680815,-13.747323001957186,12.70272400115307,-13.747323001957186,12.70272400115307,0.7039117859350155,0.7039117859350155,,,,,9.646884412784308,89.6339589321214,0.7039117859350155,1.0,False
TNXB,descriptive tubulointerstitial two-source-study synthesis,GSE30529;GSE104954_H7,GSE30529;GSE104954_H7,2.0,0.033436774900121376,0.7904544498213206,1.0000000186050397,0.7045602073370045,0.7045602073370045,-8.91884946848555,8.985723018285793,-8.91884946848555,8.985723018285793,0.9698101699967447,0.9698101699967447,,,,,4.905013391202214,79.61269582273452,0.9698101699967447,1.0,False
TPSAB1,descriptive tubulointerstitial two-source-study synthesis,GSE30529;GSE104954_H7,GSE30529;GSE104954_H7,2.0,0.48559897379507694,0.9053304864080844,1.0000000116958847,0.7461135524319962,0.7461135524319962,-8.99467257984048,9.965870527430631,-8.99467257984048,9.965870527430631,0.6326932938229383,0.6326932938229383,,,,,5.341171206217027,81.2775145863885,0.6326932938229383,1.0,False
TRAPPC4,descriptive tubulointerstitial two-source-study synthesis,GSE30529;GSE104954_H7,GSE104954_H7,1.0,,,,,,,,,,,,,,,,,,1.0,1.0,False
TREM1,descriptive tubulointerstitial two-source-study synthesis,GSE30529;GSE104954_H7,GSE30529;GSE104954_H7,2.0,0.024087467648398714,0.0,0.005050112235797927,0.02193815616169594,0.3087092257271871,-0.25466323607628233,0.3028381713730797,-3.8984351583872088,3.9466100936840065,0.4702926162712645,0.9504272935644656,,,,,0.005050112235797927,0.0,0.9504272935644656,1.0,False
TRIM33,descriptive tubulointerstitial two-source-study synthesis,GSE30529;GSE104954_H7,GSE30529;GSE104954_H7,2.0,-0.357413194289033,0.0,0.22402299040775617,0.14734433729066213,0.3113057587884395,-2.2296005106201657,1.5147741220420996,-4.31292790100516,3.5981015124270943,0.24893342034439367,0.45617512693938117,,,,,0.22402299040775617,0.0,0.45617512693938117,0.9585524067895753,False
TSPAN7,descriptive tubulointerstitial two-source-study synthesis,GSE30529;GSE104954_H7,GSE30529;GSE104954_H7,2.0,-1.1209579588183882,1.8327492068323963,0.9999999742446293,1.0181578164264047,1.0181578295379208,-14.057879628068857,11.81596371043208,-14.057879794666464,11.815963877029686,0.4694292884167899,0.4694292924969944,,,,,8.567509953213282,88.32799721901758,0.4694292924969944,0.9645482718934864,False
TTR,descriptive tubulointerstitial two-source-study synthesis,GSE30529;GSE104954_H7,GSE30529;GSE104954_H7,2.0,-0.5664067688354911,0.0,0.47240437619290454,0.21725732528445107,0.3160948880909334,-3.3269228243334292,2.194109286662447,-4.582773132977119,3.4499595953061366,0.23317083614946868,0.324051064511466,,,,,0.47240437619290454,0.0,0.324051064511466,0.9487252351416693,False
UBA52,descriptive tubulointerstitial two-source-study synthesis,GSE30529;GSE104954_H7,GSE30529;GSE104954_H7,2.0,0.22638888983393735,0.0,2.810652771941937e-05,0.0016417005470243664,0.30966373292609173,0.20552910656795575,0.24724867309991894,-3.708261900093105,4.16103967976098,0.004616484093701661,0.5981135303816776,,,,,2.810652771941937e-05,0.0,0.5981135303816776,1.0,False
UBB,descriptive tubulointerstitial two-source-study synthesis,GSE30529;GSE104954_H7,GSE30529;GSE104954_H7,2.0,-0.6539944703475251,0.0,0.13451225006460804,0.11614789577662665,0.3166871396592719,-2.1297934137612238,0.8218044730661733,-4.677886104171783,3.3698971634767325,0.11189549504748522,0.287087768455071,,,,,0.13451225006460804,0.0,0.287087768455071,0.9484798426173865,False
UBC,descriptive tubulointerstitial two-source-study synthesis,GSE30529;GSE104954_H7,GSE30529,1.0,,,,,,,,,,,,,,,,,,1.0,1.0,False
UBE2D1,descriptive tubulointerstitial two-source-study synthesis,GSE30529;GSE104954_H7,GSE30529;GSE104954_H7,2.0,1.3147308979982493,0.0,0.041720416137635656,0.06940178855300133,0.3397788538104105,0.43289756358710907,2.1965642324093895,-3.0025687835395978,5.632030579536096,0.03357461237360099,0.161005049652476,,,,,0.041720416137635656,0.0,0.161005049652476,0.928002933619894,False
UBE2D2,descriptive tubulointerstitial two-source-study synthesis,GSE30529;GSE104954_H7,GSE30529;GSE104954_H7,2.0,0.38018195975664076,0.0,0.19819431479747288,0.13871096110606992,0.31157685162118953,-1.3823079112086487,2.1426718307219303,-3.5787773079949177,4.3391412275081995,0.22271896681035924,0.4370690843031188,,,,,0.19819431479747288,0.0,0.4370690843031188,0.9562905252398041,False
UBE2D3,descriptive tubulointerstitial two-source-study synthesis,GSE30529;GSE104954_H7,GSE30529;GSE104954_H7,2.0,0.20879385965136354,0.3412244403144161,0.9999999907020737,0.5194936770552968,0.5194936794704037,-6.391999160161456,6.809586879464183,-6.391999190848298,6.809586910151025,0.7567101956759333,0.7567101967000284,,,,,2.718751656041153,63.2184132089458,0.7567101967000284,1.0,False
UBE2M,descriptive tubulointerstitial two-source-study synthesis,GSE30529;GSE104954_H7,GSE30529;GSE104954_H7,2.0,-1.5922583947723852,7.261644853127129,0.9999999947108673,1.948096384498539,1.9480963896504093,-26.345169902012522,23.16065311246775,-26.34516996747324,23.160653177928467,0.5637719337045609,0.5637719345295149,,,,,22.918673073367422,95.63674564928435,0.5637719345295149,1.0,False
UCHL5,descriptive tubulointerstitial two-source-study synthesis,GSE30529;GSE104954_H7,GSE30529;GSE104954_H7,2.0,-0.15364373335289316,0.0,0.21456139104689376,0.1433318429565833,0.30943319172380784,-1.9748474751724792,1.667560008466693,-4.0853652195635926,3.778077752857806,0.47790351329168274,0.7066010359876107,,,,,0.21456139104689376,0.0,0.7066010359876107,1.0,False
USP15,descriptive tubulointerstitial two-source-study synthesis,GSE30529;GSE104954_H7,GSE104954_H7,1.0,,,,,,,,,,,,,,,,,,1.0,1.0,False
USP9X,descriptive tubulointerstitial two-source-study synthesis,GSE30529;GSE104954_H7,GSE30529;GSE104954_H7,2.0,-0.6823574581845772,1.23121745094273,0.9999999749306934,0.850826745643517,0.8508267563083356,-11.493136283344336,10.12842136697518,-11.493136418853704,10.128421502484548,0.5696735127106319,0.569673516605337,,,,,6.664189335284199,84.99442393232434,0.569673516605337,1.0,False
UTRN,descriptive tubulointerstitial two-source-study synthesis,GSE30529;GSE104954_H7,GSE30529;GSE104954_H7,2.0,-0.11617759794877311,1.2751672436797867,1.000000012931447,0.8613978694672475,0.8613978694672475,-11.061275286704305,10.828920090806758,-11.061275286704305,10.828920090806758,0.9146534536870857,0.9146534536870857,,,,,7.105742823875405,85.926875982058,0.9146534536870857,1.0,False
VCAM1,descriptive tubulointerstitial two-source-study synthesis,GSE30529;GSE104954_H7,GSE30529;GSE104954_H7,2.0,1.9724622190574606,0.0,0.07801596844456164,0.10475765378578321,0.37505418096195586,0.641390022373993,3.303534415740928,-2.7930529914034636,6.737977429518384,0.03377919965338606,0.11962216861227225,,,,,0.07801596844456164,0.0,0.11962216861227225,0.928002933619894,False
VCAN,descriptive tubulointerstitial two-source-study synthesis,GSE30529;GSE104954_H7,GSE30529;GSE104954_H7,2.0,2.9301720976205123,0.0,0.017127455517628613,0.057870793668757116,0.4421941720030774,2.194853945020362,3.6654902502206625,-2.688437584993838,8.548781780234862,0.012571583243458154,0.09535318858052265,,,,,0.017127455517628613,0.0,0.09535318858052265,0.928002933619894,False
VEGFA,descriptive tubulointerstitial two-source-study synthesis,GSE30529;GSE104954_H7,GSE30529;GSE104954_H7,2.0,-2.832585366666754,0.7722639383653898,1.00000001151578,0.7607713057053589,0.7607713057053589,-12.49910133436599,6.833930601032483,-12.49910133436599,6.833930601032483,0.16704035358143313,0.16704035358143313,,,,,2.963909274085408,66.2607756336072,0.16704035358143313,0.928002933619894,False
VHL,descriptive tubulointerstitial two-source-study synthesis,GSE30529;GSE104954_H7,GSE30529,1.0,,,,,,,,,,,,,,,,,,1.0,1.0,False
VPREB1,descriptive tubulointerstitial two-source-study synthesis,GSE30529;GSE104954_H7,GSE30529;GSE104954_H7,2.0,-0.3973742908988282,0.0,0.05265948193132852,0.07151935261661091,0.3116630263900464,-1.3061138278441577,0.5113652460465012,-4.357428512906575,3.562679931108918,0.11336504080970108,0.42341446171130287,,,,,0.05265948193132852,0.0,0.42341446171130287,0.9562905252398041,False
VPREB3,descriptive tubulointerstitial two-source-study synthesis,GSE30529;GSE104954_H7,GSE30529;GSE104954_H7,2.0,-0.37961312696888144,0.5146533762001099,0.9999999875707138,0.5991954405441753,0.5991954442679611,-7.993113071505564,7.233886817567801,-7.993113118820749,7.233886864882986,0.6404909409345582,0.64049094272317,,,,,3.529762775176022,71.66948422050453,0.64049094272317,1.0,False
VTN,descriptive tubulointerstitial two-source-study synthesis,GSE30529;GSE104954_H7,GSE104954_H7,1.0,,,,,,,,,,,,,,,,,,1.0,1.0,False
VWF,descriptive tubulointerstitial two-source-study synthesis,GSE30529;GSE104954_H7,GSE30529;GSE104954_H7,2.0,1.8003204984805588,0.5007055231318684,1.0000000165593437,0.6214923475983178,0.6214923475983178,-6.0964885120695165,9.697129509030635,-6.0964885120695165,9.697129509030635,0.2116143492134341,0.2116143492134341,,,,,2.8160809059742027,64.48965660473249,0.2116143492134341,0.928002933619894,False
WTIP,descriptive tubulointerstitial two-source-study synthesis,GSE30529;GSE104954_H7,,0.0,,,,,,,,,,,,,,,,,,1.0,1.0,False
WWTR1,descriptive tubulointerstitial two-source-study synthesis,GSE30529;GSE104954_H7,GSE30529;GSE104954_H7,2.0,-1.4877117993772242,0.0,0.2287251960193098,0.1664236855271087,0.3479830827723904,-3.6023252206334204,0.6269016218789722,-5.909256093808441,2.933832495053993,0.07092096353645416,0.14627862156982138,,,,,0.2287251960193098,0.0,0.14627862156982138,0.928002933619894,False
XCL1,descriptive tubulointerstitial two-source-study synthesis,GSE30529;GSE104954_H7,GSE30529;GSE104954_H7,2.0,0.555588985348615,0.11269678919617465,0.9999999939790076,0.3970330339684976,0.3970330351637641,-4.489194031279717,5.600372001976948,-4.489194046467018,5.600372017164249,0.3950024891768762,0.3950024900834844,,,,,1.55621055562714,35.741343201658964,0.3950024900834844,0.9487252351416693,False
XCL2,descriptive tubulointerstitial two-source-study synthesis,GSE30529;GSE104954_H7,,0.0,,,,,,,,,,,,,,,,,,1.0,1.0,False
XCR1,descriptive tubulointerstitial two-source-study synthesis,GSE30529;GSE104954_H7,GSE30529;GSE104954_H7,2.0,-0.8220075825549161,0.0,0.5626389552237142,0.24235093509366923,0.3230946753066098,-3.901368181858462,2.2573530167486298,-4.927314676168587,3.2832995110587544,0.18252220273375802,0.23841761811982404,,,,,0.5626389552237142,0.0,0.23841761811982404,0.928002933619894,False
XPO1,descriptive tubulointerstitial two-source-study synthesis,GSE30529;GSE104954_H7,GSE30529;GSE104954_H7,2.0,1.0787477922334139,0.0,0.19369799690788891,0.14520805703988868,0.3299348184235627,-0.7662955098575448,2.923791094324373,-3.113471560248996,5.270967144715824,0.08518208155737007,0.1889582493107057,,,,,0.19369799690788891,0.0,0.1889582493107057,0.928002933619894,False
YBX1,descriptive tubulointerstitial two-source-study synthesis,GSE30529;GSE104954_H7,GSE30529,1.0,,,,,,,,,,,,,,,,,,1.0,1.0,False
YES1,descriptive tubulointerstitial two-source-study synthesis,GSE30529;GSE104954_H7,GSE30529;GSE104954_H7,2.0,-0.559689392315354,0.0,0.8771099109240221,0.29677101667242645,0.31687974165070537,-4.330522689917918,3.21114390528721,-4.58602826647536,3.4666494818446516,0.3103825444201389,0.3279696491830975,,,,,0.8771099109240221,0.0,0.3279696491830975,0.9487252351416693,False
ZFYVE9,descriptive tubulointerstitial two-source-study synthesis,GSE30529;GSE104954_H7,GSE30529;GSE104954_H7,2.0,-0.6734832542374691,0.0,0.030938266704368472,0.05577970207985093,0.3171233355988488,-1.3822315689868845,0.03526506051194622,-4.702917282975079,3.3559507745001405,0.05260650167792417,0.28015953767909985,,,,,0.030938266704368472,0.0,0.28015953767909985,0.9440995841364573,False
